profile,selection_name,model,model_id,mass_GeV,ctau_m,ctau_min_m,coupling_squared,N_events,N_events_before_ECAL,epsilon_ECAL_weighted,passes_event_cut,N_events_primary,N_events_cascade,N_events_inclusive,cascade_event_fraction,valid_mother_samples,samples_passing_ECAL,template_model_seed,spectrum_cache_key,scan_point_kind
production,diphoton_ecal,ALP-SU2L,alp_su2l,0.3,3.0,3.0,9.078213333333322e-08,305112.9766442094,431371.12113852665,0.7073096962052501,True,,,305112.9766442094,0.0,612284,462009,54421,984333efde10a2bf3c1bfe734b82a8ad4cfad6276d49d4c5d0a2027910d4a048,coarse
production,diphoton_ecal,ALP-SU2L,alp_su2l,0.3,5.1,3.0,5.340125490196072e-08,109286.92162647181,155117.5737579885,0.7045424897953807,True,,,109286.92162647181,0.0,612678,461804,54421,3829eec2df25fc2b6b20c4f9efb71c414425be05e50de4b79c965c3778a6b730,coarse
production,diphoton_ecal,ALP-SU2L,alp_su2l,0.3,8.67,3.0,3.14125028835063e-08,38634.45210321116,54915.11285518767,0.7035304143886772,True,,,38634.45210321116,0.0,612917,462015,54421,3668e6e382d89401c15db273e3e0053b2f64d63c6098286882b4588cf95b9060,coarse
production,diphoton_ecal,ALP-SU2L,alp_su2l,0.3,14.738999999999999,3.0,1.847794287265077e-08,13532.659422951148,19261.9768623713,0.702558180795425,True,,,13532.659422951148,0.0,613054,461979,54421,32b16a2429ea2d571ce43d8184cc2797a39ef2aaeae4784624a173b11ff04d04,coarse
production,diphoton_ecal,ALP-SU2L,alp_su2l,0.3,25.056299999999997,3.0,1.0869378160382806e-08,4719.356776897887,6719.943878683143,0.702291099761789,True,,,4719.356776897887,0.0,613151,462342,54421,56aeb37c81c69b92e54a3f9d6ad13b2ebeaf3f0f4b58a66035150171d108b439,coarse
production,diphoton_ecal,ALP-SU2L,alp_su2l,0.3,42.59570999999999,3.0,6.39375185904871e-09,1640.2841416303988,2336.8286596371017,0.7019274326621479,True,,,1640.2841416303988,0.0,613207,462100,54421,87f94960bd6d688cd9be673c59b4a5058516000178ef080b940abf1affb8247f,coarse
production,diphoton_ecal,ALP-SU2L,alp_su2l,0.3,72.41270699999998,3.0,3.761030505322771e-09,568.6549210284188,811.0394615536716,0.7011433450341273,True,,,568.6549210284188,0.0,613241,462104,54421,87b3ee235514ee5c9fc03b8e0a383daa0f311bc4f2adf512f589614b3352f34a,coarse
production,diphoton_ecal,ALP-SU2L,alp_su2l,0.3,123.10160189999996,3.0,2.212370885483983e-09,197.17714191273186,281.1452356303632,0.7013355267096587,True,,,197.17714191273186,0.0,613254,462214,54421,c38a893da0bd6ebe5109a070e506dd0f67884a5c2365db590e03036f3ef1e5a1,coarse
production,diphoton_ecal,ALP-SU2L,alp_su2l,0.3,209.27272322999994,3.0,1.30139463851999e-09,68.25665834757575,97.38782403817113,0.7008746629437226,True,,,68.25665834757575,0.0,613261,462122,54421,3be121cd44470f3b90f2435e8bbe09d16223f2320c59be687220967d57d2989b,coarse
production,diphoton_ecal,ALP-SU2L,alp_su2l,0.3,355.7636294909999,3.0,7.655262579529352e-10,23.63989673524217,33.719981224009906,0.7010649436070762,True,,,23.63989673524217,0.0,613266,462271,54421,b911db5ed2179d80a03c2b1341ac4f5b136eccb3ae4848484ac67a6ae2ad2d43,coarse
production,diphoton_ecal,ALP-SU2L,alp_su2l,0.3,463.8590218122701,3.0,5.871318378932422e-10,13.916529281626858,19.839611404993082,0.7014517067670212,True,,,13.916529281626858,0.0,613268,462518,54421,073c0ffe0c373f79d4bf1618c70b9d18fdeb14676f9a032309ef676a6b9281d0,bisection_evaluation
production,diphoton_ecal,ALP-SU2L,alp_su2l,0.3,529.6612951618541,3.0,5.141897331138307e-10,10.659971440448276,15.21767614161847,0.7004992970835124,True,,,10.659971440448276,0.0,613270,462025,54421,9b5190c6694283aa648ca3d07d51094bd7c4091c57b39174184e4621cf0954b1,bisection_evaluation
production,diphoton_ecal,ALP-SU2L,alp_su2l,0.3,538.5174330207168,3.0,5.057336741585532e-10,10.322360710556476,14.721384062735623,0.7011814015969846,True,,,10.322360710556476,0.0,613269,462344,54421,9bba904488b39dbd7326cc2ac926e6a766dbd7f6b4b537f46ef57271cfcf2f5e,bisection_evaluation
production,diphoton_ecal,ALP-SU2L,alp_su2l,0.3,543.0008774120778,3.0,5.015579372504748e-10,10.152645753878446,14.479357727042087,0.7011806701147425,True,,,10.152645753878446,0.0,613269,462344,54421,0186140351f8d2395084d92827312bd5c8eec688a2868299f225f82a139d7641,bisection_evaluation
production,diphoton_ecal,ALP-SU2L,alp_su2l,0.3,545.2565778934178,3.0,4.994830159632401e-10,10.068837423664702,14.359840585840884,0.7011803065274134,True,,,10.068837423664702,0.0,613269,462344,54421,637477b9bac7147afbc2c5499bba2f48c52a7b6a1edf485a362e01fda30e7cc7,bisection_evaluation
production,diphoton_ecal,ALP-SU2L,alp_su2l,0.3,546.3879396389809,3.0,4.984487764864451e-10,10.027193019490696,14.300452420312885,0.7011801252698624,True,,,10.027193019490696,0.0,613269,462344,54421,3a3190220f9392213129588222e4a815b9b9b00efcafd9bb4967c4eb41431ae5,bisection_evaluation
production,diphoton_ecal,ALP-SU2L,alp_su2l,0.3,546.954500512908,3.0,4.979324600942238e-10,10.006435444320386,14.270850492104847,0.7011800347748237,True,,,10.006435444320386,0.0,613269,462344,54421,dc9ddc0de28e3e9429c6c4a8280eaced8b9b359f4ad389bdb11dcec8129d3397,bisection_evaluation
production,diphoton_ecal,ALP-SU2L,alp_su2l,0.3,547.0962325011368,3.0,4.978034645841465e-10,10.001252767402164,14.263459587962345,0.7011800121649818,True,,,10.001252767402164,0.0,613269,462344,54421,d5d2f78c08194c0964ac91b3ee1d93dcf64bd2c7b304c918d5bae4bba05ecf20,bisection_evaluation
production,diphoton_ecal,ALP-SU2L,alp_su2l,0.3,547.1139515818321,3.0,4.977873424952584e-10,10.000605121532379,14.262535994085004,0.7011800093391425,True,,,10.000605121532379,0.0,613269,462344,54421,5c9cca8e74bf43e5669a0e649a9ababdbe7e568d06ba30e76ea28a9b44b56e5d,bisection_evaluation
production,diphoton_ecal,ALP-SU2L,alp_su2l,0.3,547.1316712364041,3.0,4.977712209285075e-10,9.999957517596872,14.261612460003747,0.7011800065133901,False,,,9.999957517596872,0.0,613269,462344,54421,f1e76d3da8e0f54e157920f4585c370d4ef41d0efb66334a8812e2701f4f2860,bisection_evaluation
production,diphoton_ecal,ALP-SU2L,alp_su2l,0.3,547.167112267253,3.0,4.9773897936135e-10,9.998662435517854,14.25976557121401,0.701180000862147,False,,,9.998662435517854,0.0,613269,462344,54421,7f55d59fdb246043fd00c5c36d6b7e805135a372d530c4bc5128eae0e0246ce4,bisection_evaluation
production,diphoton_ecal,ALP-SU2L,alp_su2l,0.3,547.2380012162897,3.0,4.976745024919382e-10,9.996072774451738,14.256072511017306,0.7011799895607029,False,,,9.996072774451738,0.0,613269,462344,54421,37ea95238de0f4634137c916c2cb3c088f1b2e515e1675da0f2bddb374e269d0,bisection_evaluation
production,diphoton_ecal,ALP-SU2L,alp_su2l,0.3,547.5216488654388,3.0,4.974166785265009e-10,9.9857208348962,14.241309830795068,0.701179944368833,False,,,9.9857208348962,0.0,613269,462344,54421,e0716631853f81bac0c794071b16f230cfd6fbd63ab19999cfb8f8bb65361511,bisection_evaluation
production,diphoton_ecal,ALP-SU2L,alp_su2l,0.3,565.984259591258,3.0,4.811907670306636e-10,9.345015587433123,13.327610977889826,0.7011770979012121,False,,,9.345015587433123,0.0,613269,462344,54421,1a5317109fe291c2770a0b7623af7681e59cd9df53208a14d9ee2058afa11af3,bisection_evaluation
production,diphoton_ecal,ALP-SU2L,alp_su2l,0.3,604.7981701346998,3.0,4.503095635017266e-10,8.181261890337238,11.672336606297856,0.7009103803537508,False,,,8.181261890337238,0.0,613271,462219,54421,92b26b0a03bb03a17a6a1be6f6e34fad6bd2cbd0e3aba61d48dd54e52a3caa57,coarse
production,diphoton_ecal,ALP-SU2L,alp_su2l,0.3,1000.0,3.0,2.723463999999997e-10,2.9914212550374124,4.270455954635789,0.7004922394270519,False,,,2.9914212550374124,0.0,613274,462118,54421,52620fe1e5d1fb16409fbf65b274ae7e832a67e133fb25b3531523daf927ee1c,coarse
production,diphoton_ecal,ALP-photon-combined,alp_photon_combined,0.3,3.0,3.0,4.844991835527848e-13,42039.87617726989,127707.0754663132,0.3291898747486332,True,18567.210575242272,23472.665602027617,,0.5583428814835285,1685910,773067,54321,e240731d8fbe98d51ad9841a399da4c187a7cc62e5dc13710dd7ab9fc04e7927,coarse
production,diphoton_ecal,ALP-photon-combined,alp_photon_combined,0.3,5.1,3.0,2.849995197369323e-13,18691.0061998123,71414.13648152765,0.261726979008519,True,7567.127957702504,11123.878242109793,,0.5951460356490333,1694847,786374,54321,e51f3317136b03d9cd9b33b04e1297bdab61a5285da39f768b95693bcaa48fdf,coarse
production,diphoton_ecal,ALP-photon-combined,alp_photon_combined,0.3,8.67,3.0,1.676467763158425e-13,7669.214823489139,35279.08359835004,0.21738701919819198,True,2904.7698090238937,4764.445014465246,,0.6212428682885223,1700241,794599,54321,5640d952afb8c3f411b9d5697d03ac066576767ea865bce23ca7df590308e2c8,coarse
production,diphoton_ecal,ALP-photon-combined,alp_photon_combined,0.3,14.738999999999999,3.0,9.861575077402501e-14,2968.9769794553367,15638.729657532856,0.189847707868346,True,1073.7253139877807,1895.2516654675562,,0.6383517550261515,1703442,800400,54321,2dfbb74f26c7efc903d752c5e7a4c642c6753249467064bcf2dcc50cabee1704,coarse
production,diphoton_ecal,ALP-photon-combined,alp_photon_combined,0.3,25.056299999999997,3.0,5.800926516119119e-14,1098.9574673406114,6374.009847007901,0.17241226382109937,True,387.20959792454937,711.7478694160621,,0.647657339404076,1705404,803239,54321,1a16ab296fe816cc3e7c4890222b4045a647c9cfead80d6d7b360ca6b1cc6496,coarse
production,diphoton_ecal,ALP-photon-combined,alp_photon_combined,0.3,42.59570999999999,3.0,3.412309715364188e-14,396.76875953403896,2447.076062655156,0.16213993736816343,True,137.0994194020333,259.6693401320057,,0.6544601455945237,1706592,805019,54321,d36c906c6b6f51f7cd6e294313a82c941d9c4de8deeffa19267682e7b182beaf,coarse
production,diphoton_ecal,ALP-photon-combined,alp_photon_combined,0.3,72.41270699999998,3.0,2.0072410090377577e-14,141.118870775523,902.8120029846451,0.15631036174640128,True,48.182577783068794,92.9362929924542,,0.6585674366703759,1707269,806862,54321,f8d78b5377e403c3a8a0bf8697914cc094aff43bb304ed578b0f0700d7e57582,coarse
production,diphoton_ecal,ALP-photon-combined,alp_photon_combined,0.3,123.10160189999996,3.0,1.1807300053163281e-14,49.385421457231516,324.77333373612396,0.15206119569335338,True,16.78973373719406,32.59568772003745,,0.6600265171021328,1707656,806299,54321,63ce20d00ff26fe53f82ce9ec6612e19627adbe6ddb08e41eb58f0fdc00d370a,coarse
production,diphoton_ecal,ALP-photon-combined,alp_photon_combined,0.3,209.27272322999994,3.0,6.945470619507812e-15,17.241189103721233,115.02467231187028,0.1498912255709333,True,5.83427767804991,11.406911425671325,,0.6616081615397007,1707883,806442,54321,d2b8a460f81754535b01dbcf14341de5771ace8cf3ef86b2ca83aeecc58b96a6,coarse
production,diphoton_ecal,ALP-photon-combined,alp_photon_combined,0.3,272.85824812486476,3.0,5.326932796230548e-15,10.19340808186287,68.19343672100415,0.14947784672543443,True,3.443086745433392,6.7503213364294785,,0.6622241827480962,1707976,806844,54321,84e8382a8c8922a78f7e4a964caf30dbfa8690d71f84d13494ded8f33d3a9e99,bisection_evaluation
production,diphoton_ecal,ALP-photon-combined,alp_photon_combined,0.3,275.1299383379928,3.0,5.282949429053975e-15,10.02131298177423,67.08632981990256,0.14937935953087716,True,3.386646974234787,6.634666007539442,,0.6620555629392989,1707978,807109,54321,38e57ab81b376682b207667eb723515832df2795d6466fe13a74edd6999f1ba3,bisection_evaluation
production,diphoton_ecal,ALP-photon-combined,alp_photon_combined,0.3,275.4152262204656,3.0,5.2774771046784915e-15,10.000645964482626,66.94916554449057,0.14937670818072812,True,3.379651509809282,6.620994454673345,,0.6620566789573253,1707978,807109,54321,ff61bc1bd2573307a25bd601c21c1decbf96e8685ffcfd3e720be663208effe9,bisection_evaluation
production,diphoton_ecal,ALP-photon-combined,alp_photon_combined,0.3,275.4241462318424,3.0,5.2773061859102615e-15,10.000000806041289,66.9448836540424,0.14937662537019658,True,3.3794331342530035,6.620567671788286,,0.6620567138143238,1707978,807109,54321,3a45412d94698b080266c6af4690c2292d3086bc0c66d35f357959b6f6091613,bisection_evaluation
production,diphoton_ecal,ALP-photon-combined,alp_photon_combined,0.3,275.43306653211613,3.0,5.277135272677485e-15,9.999355689136326,66.94060203571264,0.14937654256234048,False,3.379214772789886,6.620140916346441,,0.6620567486701977,1707978,807109,54321,df7d3efbd9902b1e2b776e13d0931f3fc0d690be33e77c79468ef341182141b9,bisection_evaluation
production,diphoton_ecal,ALP-photon-combined,alp_photon_combined,0.3,275.45090799939163,3.0,5.276793462817573e-15,9.998065579924857,66.93203961533993,0.14937637695465408,False,3.378778092139496,6.619287487785361,,0.6620568183785718,1707978,807109,54321,585fde0d3aa6095b2e21f243f08c865dba1c6397555ee333fe02d58f6b82d4a5,bisection_evaluation
production,diphoton_ecal,ALP-photon-combined,alp_photon_combined,0.3,275.48659440111703,3.0,5.276109909515296e-15,9.995485859821141,66.9149180392621,0.14937604577138275,False,3.377904899916712,6.617580959904428,,0.6620569577818244,1707978,807109,54321,60178271f694fa0ab6b714e4ada0920bd7aedb46b501e6dd732916dfdf45caa9,bisection_evaluation
production,diphoton_ecal,ALP-photon-combined,alp_photon_combined,0.3,275.5579810753618,3.0,5.274743068540775e-15,9.990328412293557,66.88068794194187,0.1493753835332258,False,3.376159191579807,6.61416922071375,,0.6620572365343577,1707978,807109,54321,e8197524c76872abb03a692c636ca079f269608f2c2f784739a779dc83a2190c,bisection_evaluation
production,diphoton_ecal,ALP-photon-combined,alp_photon_combined,0.3,275.7008099238017,3.0,5.272010448790748e-15,9.980021483184348,66.81227993597776,0.1493740595703007,False,3.3726704777151824,6.607351005469167,,0.6620577938236005,1707978,807109,54321,d1622706db43d972f4dc4da7ad84a2cba3053ce5868e603577e67a3850383b7b,bisection_evaluation
production,diphoton_ecal,ALP-photon-combined,alp_photon_combined,0.3,276.27286602035286,3.0,5.2610941189978324e-15,9.938984509736454,66.53934247794325,0.14937004394101236,False,3.3587515916977964,6.580232918038658,,0.6620629010531723,1707978,807110,54321,c84b126764a53c330b7746083cefb44ef89a8f8a73f2ae68d1415e863207f92f,bisection_evaluation
production,diphoton_ecal,ALP-photon-combined,alp_photon_combined,0.3,277.4205415818241,3.0,5.239329223317989e-15,9.853187376697665,65.99700008017166,0.14929750389757468,False,3.3310857039937,6.522101672703965,,0.6619281074597683,1707980,806727,54321,6c532faafe9c60d1e46f240f16a12c1e157794daebe947c0d9698d709869425e,bisection_evaluation
production,diphoton_ecal,ALP-photon-combined,alp_photon_combined,0.3,282.0591183167509,3.0,5.153166326734683e-15,9.525151871685768,63.87072701868141,0.14913172773029149,False,3.219319868975658,6.30583200271011,,0.6620190509985118,1707984,806610,54321,91d7f6091e9be28482ca560255c6b2a5c26f105835d0e1bd81e8c4a544b043f2,bisection_evaluation
production,diphoton_ecal,ALP-photon-combined,alp_photon_combined,0.3,291.57024488853295,3.0,4.985068182159758e-15,8.931122711770135,59.820682626272415,0.149298241338485,False,3.0142404806001943,5.91688223116994,,0.6625015042478599,1707992,807030,54321,56abc02d9c0eb8848415cbf845e3832ac96a5703e456b3e04013b94eb8d51a89,bisection_evaluation
production,diphoton_ecal,ALP-photon-combined,alp_photon_combined,0.3,311.5654677422671,3.0,4.665143288153857e-15,7.821787496515775,52.47117936727585,0.14906826167878945,False,2.6400821274467146,5.181705369069061,,0.6624707423178215,1708016,806743,54321,f4a7494c3a37679abd51022ba420a71ecd5a4a9269a5d78d2cc4914ebf6ab86a,bisection_evaluation
production,diphoton_ecal,ALP-photon-combined,alp_photon_combined,0.3,355.7636294909999,3.0,4.085570952651654e-15,5.999305856777003,40.35761813842185,0.14865361568663676,False,2.027612819363199,3.971693037413804,,0.6620254296465409,1708045,807148,54321,ab72df0516d821ec78972694cece2715504070e91f47e7d956ac729a6a0d7c53,coarse
production,diphoton_ecal,ALP-photon-combined,alp_photon_combined,0.3,604.7981701346998,3.0,2.403277030971561e-15,2.082610021434415,14.079714297992567,0.14791564497380078,False,0.7029576538651934,1.3796523675692214,,0.662463136818565,1708121,807289,54321,ae68981f753f3b404fd84f6d1c36bdf707bb0199280afc661fe28c1c7dbc87f4,coarse
production,diphoton_ecal,ALP-photon-combined,alp_photon_combined,0.3,1000.0,3.0,1.4534975506583546e-15,0.7638370846979533,5.174054696342193,0.1476283359041313,False,0.257038133085437,0.5067989516125163,,0.6634908958536905,1708163,806787,54321,a3c9fcfb294a4f6aa3c556133609f6ebec74104743670998c264926808a18c94,coarse
production,diphoton_ecal,ALP-SU2L,alp_su2l,0.4,4.0,4.0,2.8724034500000002e-08,92383.67598159559,136779.42569834623,0.6754208501016727,True,,,92383.67598159559,0.0,610388,444133,64421,5c3a2c88df93cb676f49ab3ed9c54ecb52578360184db6bf2bb5dfbf903500e1,coarse
production,diphoton_ecal,ALP-SU2L,alp_su2l,0.4,6.8,4.0,1.6896490882352943e-08,33124.03613750037,49193.30302210822,0.6733444209390437,True,,,33124.03613750037,0.0,610790,444326,64421,c51f84009a7c4486efef4e6d6280eac31a118c106dd2db1ca0839493b37edce5,coarse
production,diphoton_ecal,ALP-SU2L,alp_su2l,0.4,11.559999999999999,4.0,9.939112283737027e-09,11720.306393869394,17421.32491333007,0.6727563174544494,True,,,11720.306393869394,0.0,610992,444903,64421,33cb48369741e5436a0246913523716436d8fe936c9fb5502ee62e0807ca2e76,coarse
production,diphoton_ecal,ALP-SU2L,alp_su2l,0.4,19.651999999999997,4.0,5.846536637492369e-09,4109.182143217465,6114.83817512362,0.6720017808377066,True,,,4109.182143217465,0.0,611125,445196,64421,ee07eb341a1ad529500ab70458a64d111c4aaa37285cb9476577a1ab17786e40,coarse
production,diphoton_ecal,ALP-SU2L,alp_su2l,0.4,33.40839999999999,4.0,3.4391391985249227e-09,1431.1197499383288,2135.3460269940306,0.6702050777001912,True,,,1431.1197499383288,0.0,611219,445100,64421,6af21666c904d4c3856f134de2d487aa5e89d74d7cc5779cfa3b084b3424d299,coarse
production,diphoton_ecal,ALP-SU2L,alp_su2l,0.4,56.794279999999986,4.0,2.0230230579558372e-09,497.68164038260375,743.3526256848085,0.6695094941302158,True,,,497.68164038260375,0.0,611271,445196,64421,eb2204987c028202d35667189673a18d104829814f29c7142f70eaa94f86c855,coarse
production,diphoton_ecal,ALP-SU2L,alp_su2l,0.4,96.55027599999997,4.0,1.1900135635034336e-09,172.5643409184578,258.2639612929117,0.6681704255389426,True,,,172.5643409184578,0.0,611317,445133,64421,65cfadf1e9753f985e2138954cd70c83897bce2d6fc17e1eb341d1e7a0a19646,coarse
production,diphoton_ecal,ALP-SU2L,alp_su2l,0.4,164.13546919999993,4.0,7.000079785314316e-10,59.804161392750885,89.6234353358937,0.667282627234884,True,,,59.804161392750885,0.0,611331,445191,64421,e81efa1dda9c33143688706142f2e7e553339d9f628db87dcc2d31216aebf6f5,coarse
production,diphoton_ecal,ALP-SU2L,alp_su2l,0.4,279.0302976399999,4.0,4.1176939913613623e-10,20.717721021166913,31.072071807967166,0.6667634250206225,True,,,20.717721021166913,0.0,611338,445333,64421,55b63db82b667100792696767165e9ec927a43d3e813b5a1b66d8c7b41161fdf,coarse
production,diphoton_ecal,ALP-SU2L,alp_su2l,0.4,363.8109974998197,4.0,3.1581271261613513e-10,12.187960315713136,18.29116015852191,0.6663306323975696,True,,,12.187960315713136,0.0,611341,445295,64421,b0af5bc163247701e4089f548664e0d99828558768d641966bd5b85fa4ef1d5c,bisection_evaluation
production,diphoton_ecal,ALP-SU2L,alp_su2l,0.4,388.7603265180439,4.0,2.955449158844845e-10,10.669993241462082,16.02140425646239,0.6659836472922301,True,,,10.669993241462082,0.0,611342,445070,64421,848b81ce19f20cf52a1d6e0b2dc768d0818fcd2049800a03d359e076f8e000a1,bisection_evaluation
production,diphoton_ecal,ALP-SU2L,alp_su2l,0.4,395.260546709984,4.0,2.9068455973245207e-10,10.322083968156432,15.499387784955516,0.6659672053741094,True,,,10.322083968156432,0.0,611342,445070,64421,b61cd814a762f69aa2ee588ca516261c3093c7f0f949a2953a300522828e9fc4,bisection_evaluation
production,diphoton_ecal,ALP-SU2L,alp_su2l,0.4,398.55130123826865,4.0,2.8828443827187726e-10,10.152405842300523,15.244790064297014,0.6659590456465024,True,,,10.152405842300523,0.0,611342,445070,64421,50398ac4f0682b053d6d96d4e3b3080efbdb2e0f59ba5e1516f1a4ec710cce35,bisection_evaluation
production,diphoton_ecal,ALP-SU2L,alp_su2l,0.4,400.20693827209175,4.0,2.8709181928746246e-10,10.068615400470074,15.119063129937302,0.6659549810684485,True,,,10.068615400470074,0.0,611342,445070,64421,c495fe5f3f1d831014955f94a71a3c9b8423d56bed8bdb5d6f79966ad7db1d4e,bisection_evaluation
production,diphoton_ecal,ALP-SU2L,alp_su2l,0.4,401.0373341602427,4.0,2.8649736125088767e-10,10.026979811080844,15.056588865570113,0.665952952598017,True,,,10.026979811080844,0.0,611342,445070,64421,64f7da93ddeef1d26352dfc01f9416907ccbd83d800e410f6922aed31a35606d,bisection_evaluation
production,diphoton_ecal,ALP-SU2L,alp_su2l,0.4,401.4531780067766,4.0,2.86200593978261e-10,10.006226611241129,15.025448565405734,0.6659519393170895,True,,,10.006226611241129,0.0,611342,445070,64421,6c0000632efdf5579b05f97e3b0f47f414c97989bb824958ff020c247795800f,bisection_evaluation
production,diphoton_ecal,ALP-SU2L,alp_su2l,0.4,401.5572063254874,4.0,2.8612645020463024e-10,10.001045024829708,15.017673554451104,0.6659516860962454,True,,,10.001045024829708,0.0,611342,445070,64421,29e75ffb194c02403b1380b5fb596c7542065771fc0d2fb1393dae173b3c95cc,bisection_evaluation
production,diphoton_ecal,ALP-SU2L,alp_su2l,0.4,401.5702117605827,4.0,2.8611718358358065e-10,10.00039751517988,15.016701960884241,0.6659516544464347,True,,,10.00039751517988,0.0,611342,445070,64421,b286d8a54ebfb03afdbf93337c52d2ae4efdeb18c997eb2645512788b18ad7ed,bisection_evaluation
production,diphoton_ecal,ALP-SU2L,alp_su2l,0.4,401.58321761689155,4.0,2.8610791726264413e-10,9.999750047443603,15.015730430148842,0.6659516227972455,False,,,9.999750047443603,0.0,611342,445070,64421,621dac2b0cdaaf2113bd065fa5a1fb3b733eb2aa078ee1bbfd8b882d69a08ef8,bisection_evaluation
production,diphoton_ecal,ALP-SU2L,alp_su2l,0.4,401.6092305932045,4.0,2.860893855210711e-10,9.9984552377008,15.013787557156157,0.6659515595007302,False,,,9.9984552377008,0.0,611342,445070,64421,8c0a82ca14aceae47a0e208f37fe0541965684dd8584c9cfb989dc02e912aeac,bisection_evaluation
production,diphoton_ecal,ALP-SU2L,alp_su2l,0.4,401.6612616009933,4.0,2.860523256388534e-10,9.99586612105832,15.00990256496958,0.6659514329151528,False,,,9.99586612105832,0.0,611342,445070,64421,4a45d465cf0b6137b6b26c135bc312b549c4bdc45c901f19d2d2439bb5c11148,bisection_evaluation
production,diphoton_ecal,ALP-SU2L,alp_su2l,0.4,401.8694530503338,4.0,2.859041341109581e-10,9.985516355882663,14.994372642111452,0.6659509266722171,False,,,9.985516355882663,0.0,611342,445070,64421,e9db7c5897d79e1576eedaa3946110ebf1799be08e6f8b6712ec56cbde160799,bisection_evaluation
production,diphoton_ecal,ALP-SU2L,alp_su2l,0.4,415.42062365635616,4.0,2.765778381167813e-10,9.344939687671639,14.033150715241328,0.665918857232977,False,,,9.344939687671639,0.0,611342,445070,64421,fd92ddda951aff9fdd78956cfdaf938c1d22f5cf1b39aa4d706be20a5e9f6cd9,bisection_evaluation
production,diphoton_ecal,ALP-SU2L,alp_su2l,0.4,474.3515059879998,4.0,2.4221729360949193e-10,7.165302311853106,10.766024949847493,0.6655476227513857,False,,,7.165302311853106,0.0,611343,444990,64421,83fc04e695060e360b4a3be89b166d055edb8df9c151377fdb3adc391516da89,coarse
production,diphoton_ecal,ALP-SU2L,alp_su2l,0.4,806.3975601795996,4.0,1.4248076094675994e-10,2.484944761793469,3.728595202413829,0.6664560315329371,False,,,2.484944761793469,0.0,611347,445593,64421,192171739d8c63cebbf72add9b829fb7b8501d3fd0442da2f69f2fbd84b3cc8c,coarse
production,diphoton_ecal,ALP-SU2L,alp_su2l,0.4,1000.0,4.0,1.14896138e-10,1.6146339655011657,2.4252581250822587,0.6657575739268583,False,,,1.6146339655011657,0.0,611347,445363,64421,2208b2311641ea7b48cee5d1351e20dc92a657255bc22ef8c582ae978e82e6f6,coarse
production,diphoton_ecal,ALP-photon-combined,alp_photon_combined,0.4,4.0,4.0,1.5314137523943464e-13,7582.764232594722,24267.908698215117,0.31246055549699786,True,3835.3171216826277,3747.4471109120946,,0.4942059380936031,1741998,783239,64321,2483a45bde0944ae378d127ec0f09099d6f210333e742a82e93f165dafbde1bc,coarse
production,diphoton_ecal,ALP-photon-combined,alp_photon_combined,0.4,6.8,4.0,9.008316190554979e-14,3217.949362936304,12356.974412731408,0.2604156369880354,True,1530.2444900591577,1687.7048728771465,,0.5244659509922043,1748308,796204,64321,58fe07c70605ec179608d83d597ddddd40e8afd95644bbae3896b9684a1a5772,coarse
production,diphoton_ecal,ALP-photon-combined,alp_photon_combined,0.4,11.559999999999999,4.0,5.2990095238558706e-14,1269.470894475502,5622.268045344913,0.2257933780881525,True,576.2747413547463,693.1961531207559,,0.5460512376750147,1752156,802294,64321,336bd93b15e1443cdc05f6c4f543d8bcd788487bb3f5aed88ece837aab85c6aa,coarse
production,diphoton_ecal,ALP-photon-combined,alp_photon_combined,0.4,19.651999999999997,4.0,3.117064425797571e-14,477.09216155360684,2336.674758230478,0.20417568164895153,True,210.9789684869716,266.11319306663523,,0.5577815242238775,1754387,806500,64321,58d55b2f4f2d357558e323d0483584f5362c185da8967831ab4eaf52aedafccb,coarse
production,diphoton_ecal,ALP-photon-combined,alp_photon_combined,0.4,33.40839999999999,4.0,1.8335673092926887e-14,174.00351692441063,909.3121108325597,0.19135730719026084,True,75.47444431309778,98.52907261131287,,0.5662475928812126,1755746,809153,64321,12e96f00f0bf8cb1a47ab71faa13cdb83be0a849876716ed0f8b684cb0b35b19,coarse
production,diphoton_ecal,ALP-photon-combined,alp_photon_combined,0.4,56.794279999999986,4.0,1.0785690054662877e-14,62.20721484938949,338.4118902457079,0.1838210081927772,True,26.656759083510174,35.55045576587931,,0.5714844468113687,1756480,811508,64321,1d58fef190cb88d193bac812d97311f9c318f702ba2f6a4f5b038e0eef497bea,coarse
production,diphoton_ecal,ALP-photon-combined,alp_photon_combined,0.4,96.55027599999997,4.0,6.344523561566399e-15,21.897688317676007,122.39875510238676,0.178904501923721,True,9.3227851185874,12.574903199088604,,0.5742571095478618,1756908,812044,64321,fe23978137a1c60fcb887a1ad20d04ef18cb343ba48e098492cc1a9eb3df1bc4,coarse
production,diphoton_ecal,ALP-photon-combined,alp_photon_combined,0.4,125.88615830443587,4.0,4.866027442638652e-15,12.969597290734463,73.08891235886591,0.17744958670412078,True,5.511690431216191,7.45790685951827,,0.5750299482965622,1757056,812687,64321,6df59f010323400928b936d8e25c51da5d299da7644aa2b2eac6d5bc9f410a3a,bisection_evaluation
production,diphoton_ecal,ALP-photon-combined,alp_photon_combined,0.4,134.5191441238906,4.0,4.553742182551895e-15,11.384094492681417,64.2122004699092,0.17728865245812864,True,4.828340627161268,6.555753865520149,,0.575869593293933,1757082,812843,64321,04bc909d6a917497358fca19f57dfcc0bbc59bd96c38ac235266c73bd904ebcb,bisection_evaluation
production,diphoton_ecal,ALP-photon-combined,alp_photon_combined,0.4,139.05517406585943,4.0,4.405197469801553e-15,10.649331788934608,60.182370626575214,0.17695101867974766,True,4.52382900817034,6.125502780764268,,0.5752006700673078,1757094,812502,64321,b86f506782b51b68c709847fad517dd768d40d01ec81f2b5b46366f6954c6f9d,bisection_evaluation
production,diphoton_ecal,ALP-photon-combined,alp_photon_combined,0.4,141.38022934696897,4.0,4.332752208616156e-15,10.297053107823798,58.26241079999049,0.17673578841721185,True,4.37706807487984,5.919985032943958,,0.5749203166142649,1757099,812493,64321,3e77e90c58bf60004a2b14f511adbee991e71f628270fbd3f5b15119c2e1b4c8,bisection_evaluation
production,diphoton_ecal,ALP-photon-combined,alp_photon_combined,0.4,142.5572950414989,4.0,4.296977582097211e-15,10.12853606895931,57.325168960586915,0.1766856731974578,True,4.302750397720385,5.8257856712389255,,0.575185360606364,1757102,812308,64321,1b1f44ebb415acde8207569a675f9576b2b6b1bf625ea517ec28c554045b3f30,bisection_evaluation
production,diphoton_ecal,ALP-photon-combined,alp_photon_combined,0.4,143.14949769239738,4.0,4.2792011905904975e-15,10.045645703251498,56.86203500879221,0.17666700992495615,True,4.2674642867383925,5.778181416513106,,0.5751926344209878,1757102,812310,64321,a3fb3c4a728663f0024fd32d96dbc5270cb96535ac56653d0e9538d920af446c,bisection_evaluation
production,diphoton_ecal,ALP-photon-combined,alp_photon_combined,0.4,143.44652091440318,4.0,4.270340591412922e-15,10.01930454159399,56.63195507364411,0.17691963006689246,True,4.249898633462655,5.769405908131334,,0.5758289793648161,1757103,812401,64321,f4a8376f37f05c65a871f9e9624bb6ca2421ca45601219707a7165c1050e8278,bisection_evaluation
production,diphoton_ecal,ALP-photon-combined,alp_photon_combined,0.4,143.52087296661,4.0,4.26812830981213e-15,10.009004232668737,56.574554786826155,0.17691706581488495,True,4.245518500696498,5.763485731972239,,0.5758300823932712,1757103,812401,64321,12f868bf7fad00376d87263d0e3ff04f30b52f8fe7e88ffbd1d2fc6d18875291,bisection_evaluation
production,diphoton_ecal,ALP-photon-combined,alp_photon_combined,0.4,143.55806344343907,4.0,4.267022598832181e-15,10.003858034786361,56.54587622524936,0.17691578418444157,True,4.243330123219727,5.7605279115666335,,0.5758306336950785,1757103,812401,64321,1dd7aa8c3d5033684969679d07d4d72aa150f42342c5b73a94a89d37e2b4a1a3,bisection_evaluation
production,diphoton_ecal,ALP-photon-combined,alp_photon_combined,0.4,143.5766622956272,4.0,4.266469850764841e-15,10.001285924402517,56.53154233681596,0.17691514349307283,True,4.242236356455605,5.759049567946913,,0.5758309092928929,1757103,812401,64321,3eb9d316cab54794ab273f5c3ec43029b9e442b332e8a38febfe9defab08a7e7,bisection_evaluation
production,diphoton_ecal,ALP-photon-combined,alp_photon_combined,0.4,143.5859626253012,4.0,4.266193503582771e-15,10.000000116276503,56.52437674030029,0.1769148231783471,True,4.241689578535586,5.7583105377409165,,0.5758310470785296,1757103,812401,64321,1dc3d2d5506d1c52bbff0ee2b12a7ded539736a898ac325b4616ea1535418391,bisection_evaluation
production,diphoton_ecal,ALP-photon-combined,alp_photon_combined,0.4,143.59061301605027,4.0,4.266055336704129e-15,9.999357273970794,56.520794278919226,0.17691466302872344,False,4.241416215937147,5.757941058033647,,0.5758311159680306,1757103,812401,64321,958cf2eb87ed31d47cd871a322853524cdbe686be45a36702a62e938ccea1fcd,bisection_evaluation
production,diphoton_ecal,ALP-photon-combined,alp_photon_combined,0.4,143.59526355741386,4.0,4.2659171743002214e-15,9.998714472833127,56.517212042104305,0.17691450288425878,False,4.241142870911589,5.757571601921538,,0.5758311848553203,1757103,812401,64321,5be71440049341181220941ba52caae8f6f689604df0dc8c62ab46bf2fff88b6,bisection_evaluation
production,diphoton_ecal,ALP-photon-combined,alp_photon_combined,0.4,143.7441604347253,4.0,4.261498339168405e-15,9.96830776217583,56.402815061004496,0.17673422419420462,False,4.232420712346306,5.735887049829524,,0.5754123153775426,1757104,812242,64321,9f2aa0ddd4e9269d8974f4e16851eb82a83e947e6535456f67f8532015d7b544,bisection_evaluation
production,diphoton_ecal,ALP-photon-combined,alp_photon_combined,0.4,164.13546919999993,4.0,3.732072683274352e-15,7.666503565123609,43.49386472811234,0.17626632199847603,False,3.2489518221112923,4.417551743012316,,0.5762146597190151,1757154,812509,64321,574b90d79d162429015fb3d5818efc5bf45c2c154de992dc199f60c31231eceb,coarse
production,diphoton_ecal,ALP-photon-combined,alp_photon_combined,0.4,279.0302976399999,4.0,2.1953368725143246e-15,2.6709806447203963,15.290713736112759,0.17467991951299322,False,1.1296049423001717,1.5413757024202244,,0.5770823182365586,1757325,813325,64321,922e10107b4bbcc1bfab6719b7ffe488b1e329b5cb73d2dfe05b90cd8b3c0db8,coarse
production,diphoton_ecal,ALP-photon-combined,alp_photon_combined,0.4,474.3515059879998,4.0,1.2913746308907792e-15,0.9257903166553362,5.3408048948394935,0.17334284529844426,False,0.3915345333019118,0.5342557833534244,,0.577080764123312,1757412,812698,64321,68c95b4ddc8318403cc58b79059d32759b86b4bb2a5349db103b21c1d93778c7,coarse
production,diphoton_ecal,ALP-photon-combined,alp_photon_combined,0.4,806.3975601795996,4.0,7.596321358181055e-16,0.3216104679827708,1.8583431401870483,0.17306301566587948,False,0.13575729752882426,0.1858531704539466,,0.5778828395097607,1757474,813173,64321,110253c914c3b18994933904e20ae9b43a2686eaa786232aa5aafcbffc3c2941,coarse
production,diphoton_ecal,ALP-photon-combined,alp_photon_combined,0.4,1000.0,4.0,6.125655009577385e-16,0.20946321101305804,1.2102980733220998,0.17306745803379714,False,0.08824446975515146,0.12121874125790659,,0.5787113673644092,1757491,813325,64321,8e8e23a3fb9611e6afb8ccf81203fb04fca43eb1a23305e4e67d0680d6d25ab9,coarse
production,diphoton_ecal,ALP-SU2L,alp_su2l,0.5,5.0,5.0,1.1765364500000007e-08,36510.957950372496,56505.638595059194,0.6461471608528107,True,,,36510.957950372496,0.0,611315,429206,74421,d8d7425dacab6fe623c946a2e30bdd8a2f9f73df59c8d6cba3d4be74bbef4860,coarse
production,diphoton_ecal,ALP-SU2L,alp_su2l,0.5,8.5,5.0,6.920802647058827e-09,13098.866010822312,20329.710234758433,0.6443213336325233,True,,,13098.866010822312,0.0,611724,429639,74421,7f79ccf73d172b254f65453386e79a1fe204fe6dca7f60495949da27193de495,coarse
production,diphoton_ecal,ALP-SU2L,alp_su2l,0.5,14.45,5.0,4.07106038062284e-09,4627.5307600481265,7203.615657678039,0.6423900135643454,True,,,4627.5307600481265,0.0,611931,429800,74421,2a2386b54aaf447b14466264cb9b8eb6ce58c97f2ee39c735d0954906ee69168,coarse
production,diphoton_ecal,ALP-SU2L,alp_su2l,0.5,24.564999999999998,5.0,2.3947414003663765e-09,1619.9015415911636,2530.28862638991,0.6402042536555834,True,,,1619.9015415911636,0.0,612071,429728,74421,4eb64b7b594fe3fe7625113e80ff28e29aac3af8a8660abe286348ba5cb67a09,coarse
production,diphoton_ecal,ALP-SU2L,alp_su2l,0.5,41.76049999999999,5.0,1.4086714119802215e-09,565.4606346894113,884.1945603620447,0.6395205987897915,True,,,565.4606346894113,0.0,612176,430175,74421,020a5be396c6de102b3bc01d551b97126deee531933b6e37f49369b7fa17035c,coarse
production,diphoton_ecal,ALP-SU2L,alp_su2l,0.5,70.99284999999999,5.0,8.286302423413068e-10,196.38241639744962,307.9228591579346,0.6377649809257079,True,,,196.38241639744962,0.0,612230,430076,74421,dcbec95ce49fc325ff6efce641e5a09aea319ff71afa1df1ab067d60a764902e,coarse
production,diphoton_ecal,ALP-SU2L,alp_su2l,0.5,120.68784499999998,5.0,4.874295543184157e-10,68.13977036082238,107.0026775580794,0.6368043484130308,True,,,68.13977036082238,0.0,612270,430004,74421,78ca739fe67af860fc9be03b2bb74f91d14c02c512cdea2d758bed2788bce978,coarse
production,diphoton_ecal,ALP-SU2L,alp_su2l,0.5,205.16933649999996,5.0,2.8672326724612694e-10,23.599767735604626,37.12864728035084,0.6356215338901953,True,,,23.599767735604626,0.0,612298,430117,74421,c8fd65f6002a3717e3164a8c2dd11637f71b133c3c9db72ba7094c1948e523b3,coarse
production,diphoton_ecal,ALP-SU2L,alp_su2l,0.5,267.5080863969263,5.0,2.1990670746570735e-10,13.901772804472401,21.862070636727612,0.6358854582199477,True,,,13.901772804472401,0.0,612304,430259,74421,1f8cfe4694929761f8239f2d102ea7f65d089f9ea7195c17b6b35904219f4c1c,bisection_evaluation
production,diphoton_ecal,ALP-SU2L,alp_su2l,0.5,305.45634092379134,5.0,1.9258667972676593e-10,10.657117220448821,16.774468366166225,0.6353177333443257,True,,,10.657117220448821,0.0,612307,430086,74421,85ac3d0afbb506bc3c2baf601b80d9c260b9b4679ca45419169202748bf660e6,bisection_evaluation
production,diphoton_ecal,ALP-SU2L,alp_su2l,0.5,310.5636868631585,5.0,1.8941951357603658e-10,10.309714019428073,16.228061901985562,0.6353016202240788,True,,,10.309714019428073,0.0,612307,430086,74421,5e93fdc3a5b89bc134ac9851adb58470660bf6d6a886ae0b2671cddd79818eaa,bisection_evaluation
production,diphoton_ecal,ALP-SU2L,alp_su2l,0.5,313.1492949319941,5.0,1.8785551636887867e-10,10.140281118799717,15.961565610074775,0.6352936401426234,True,,,10.140281118799717,0.0,612307,430086,74421,742c048acad93ef5ad8575157af565a0095a6ce1f75c31425a1e18b98a143f92,bisection_evaluation
production,diphoton_ecal,ALP-SU2L,alp_su2l,0.5,314.45016026148664,5.0,1.8707836704895152e-10,10.056611385748033,15.82996210154182,0.6352896691248888,True,,,10.056611385748033,0.0,612307,430086,74421,f2ca9522d66d7117ed82f889d9cd7303ee04c9d023b7e5929387d9a80df98e5f,bisection_evaluation
production,diphoton_ecal,ALP-SU2L,alp_su2l,0.5,315.10261801556,5.0,1.8669099885769634e-10,10.015035680773654,15.764567556208759,0.6352876883596662,True,,,10.015035680773654,0.0,612307,430086,74421,87ecb898d92eb55b0338e1249e8995ed2e1c54dbf296211b8ef94239a4a63b0e,bisection_evaluation
production,diphoton_ecal,ALP-SU2L,alp_su2l,0.5,315.26594387495237,5.0,1.8659428220173762e-10,10.004668629668707,15.748261147844143,0.6352871936619043,True,,,10.004668629668707,0.0,612307,430086,74421,e2bc721431777e6e937965763d9fcd46e8f2e52c667cf6516a41e9e046a8086e,bisection_evaluation
production,diphoton_ecal,ALP-SU2L,alp_su2l,0.5,315.3067885655913,5.0,1.865701108676341e-10,10.002078543548619,15.744187180231087,0.6352870700182957,True,,,10.002078543548619,0.0,612307,430086,74421,e790b78540c3be6c68527ac68809346ac5ff186e2de4dc7d0fa2174a5fb0ab39,bisection_evaluation
production,diphoton_ecal,ALP-SU2L,alp_su2l,0.5,315.3272128952506,5.0,1.8655802637478634e-10,10.00078375186773,15.742150591409139,0.6352870082011153,True,,,10.00078375186773,0.0,612307,430086,74421,d7f4004c55385158c3a3dd8f12bf16cf6d36615215d83f2bd5b4879c37664718,bisection_evaluation
production,diphoton_ecal,ALP-SU2L,alp_su2l,0.5,315.3374255562028,5.0,1.8655198442189124e-10,10.000136418862585,15.741132395729421,0.6352869772936811,True,,,10.000136418862585,0.0,612307,430086,74421,acc6e297eb1f416bfaad459bde33fe3ffff271b61742dd9f0a6224cd93f26935,bisection_evaluation
production,diphoton_ecal,ALP-SU2L,alp_su2l,0.5,315.3476385479175,5.0,1.865459426646736e-10,9.999489127744038,15.74011426586489,0.6352869463870175,False,,,9.999489127744038,0.0,612307,430086,74421,d991fd542e656ef841a278b6496383e11a1bfaa70be9cf571e16bb1474bfbf44,bisection_evaluation
production,diphoton_ecal,ALP-SU2L,alp_su2l,0.5,315.4293543903737,5.0,1.8649761565055948e-10,9.99431230638794,15.731971595784959,0.6352866991614515,False,,,9.99431230638794,0.0,612307,430086,74421,5a45f01a2f5417039d6ad2b5dc602441eeab81d81d62e8c8ede807df6ade5082,bisection_evaluation
production,diphoton_ecal,ALP-SU2L,alp_su2l,0.5,315.7564295648436,5.0,1.8630443275872988e-10,9.973631798928253,15.699442990962638,0.6352857107522579,False,,,9.973631798928253,0.0,612307,430086,74421,588793bb860c0ccee07f29728cb9cb98477e55fc74ecd7b180f6b1eb4c428946,bisection_evaluation
production,diphoton_ecal,ALP-SU2L,alp_su2l,0.5,326.40384059472785,5.0,1.802271149531021e-10,9.334025507524379,14.693272389819578,0.635258454338026,False,,,9.334025507524379,0.0,612307,430087,74421,6140e4001dda1d38a4902bc4d81b366ce457850234b689387cc1f19b11f20d73,bisection_evaluation
production,diphoton_ecal,ALP-SU2L,alp_su2l,0.5,348.7878720499999,5.0,1.686607454388982e-10,8.17509919370569,12.870151004014152,0.6351983897590562,False,,,8.17509919370569,0.0,612307,430087,74421,713207e87c2a6dfb54328358c0c89d860863548d420738e9005fea710764c212,coarse
production,diphoton_ecal,ALP-SU2L,alp_su2l,0.5,592.9393824849999,5.0,9.921220319935187e-11,2.8284619319249518,4.458289685747763,0.6344275790258681,False,,,2.8284619319249518,0.0,612312,429951,74421,3cd4ce7d221c0ca9517c9613345d5ecc7a40efd308846843dac9703444b4bdca,coarse
production,diphoton_ecal,ALP-SU2L,alp_su2l,0.5,1000.0,5.0,5.882682250000003e-11,0.9948768523933668,1.5684818579909674,0.634292865629751,False,,,0.9948768523933668,0.0,612314,429987,74421,e77b50359ffbfd94178a60d9d88a7f5eb98446027473f0a4b0de737ce54d9644,coarse
production,diphoton_ecal,ALP-photon-combined,alp_photon_combined,0.5,5.0,5.0,6.266850655610408e-14,1913.3341495182847,6159.93608393091,0.3106094159823339,True,1068.470456863511,844.8636926547738,,0.44156620152704795,1789750,801063,74321,bb2da2ba27498f117ada484e072e7cdf5c6a491e24d1899674e3d16ef8495a7b,coarse
production,diphoton_ecal,ALP-photon-combined,alp_photon_combined,0.5,8.5,5.0,3.6863827385943577e-14,783.0961238151717,2912.685345548057,0.2688570960856133,True,418.167877909331,364.9282459058407,,0.46600696237384515,1794174,812156,74321,fdcde9d5448cf59b9ff6d14f68fb5a183f62b0c0c66e954cdeaca7bf584fad8b,coarse
production,diphoton_ecal,ALP-photon-combined,alp_photon_combined,0.5,14.45,5.0,2.1684604344672694e-14,301.9845690780869,1246.9610757036885,0.24217641990763036,True,156.38904930613134,145.59551977195557,,0.48212900485755483,1796727,818799,74321,e17f338b61d028a3d710768e69f8b494aa61678974a4d3fe2a34f46e506a9b51,coarse
production,diphoton_ecal,ALP-photon-combined,alp_photon_combined,0.5,24.564999999999998,5.0,1.275564961451335e-14,111.59423912096133,495.5453586129379,0.22519480241590903,True,56.67237032772764,54.921868793233685,,0.4921568463198332,1798297,821933,74321,a411e1fab8e91d7a1aa2ea90d3871a5a02eee00d4a6663ccdccaf6028bea3bdf,coarse
production,diphoton_ecal,ALP-photon-combined,alp_photon_combined,0.5,41.76049999999999,5.0,7.503323302654912e-15,40.19552563618717,187.0257971886993,0.21491968616303758,True,20.14801418047021,20.04751145571696,,0.4987498269625467,1799231,824387,74321,93e6e64602d408a574281542a1b1011c17a0f639f0f2ea82698650f702503ddd,coarse
production,diphoton_ecal,ALP-photon-combined,alp_photon_combined,0.5,70.99284999999999,5.0,4.4137195897970075e-15,14.283275787302482,68.24784736562242,0.20928536706488426,True,7.101797074403442,7.1814787128990405,,0.5027893334723129,1799748,826459,74321,dda97fcf50778bc8fd6bab3fadd3a8c9106a0018a224a856cf1ed03ba21cc1f5,coarse
production,diphoton_ecal,ALP-photon-combined,alp_photon_combined,0.5,81.0637782387454,5.0,3.865382783635843e-15,10.993504353849358,52.847089845522795,0.2080247821778729,True,5.468382705900041,5.525121647949318,,0.5025805666793324,1799820,826133,74321,c5db3660352ba0a92ff0d216e47fa9d1c78bc712ad08cd24cca28788a13ffeb6,bisection_evaluation
production,diphoton_ecal,ALP-photon-combined,alp_photon_combined,0.5,83.79727559850718,5.0,3.7392926028027396e-15,10.293117878726562,49.564855626823345,0.20766968345926476,True,5.116689599720976,5.176428279005586,,0.5029018748249292,1799838,826423,74321,d0d29add4d51ec2ac8053673ad2a03958337dd2e5b37c42bbb1c1fb4a71e6eec,bisection_evaluation
production,diphoton_ecal,ALP-photon-combined,alp_photon_combined,0.5,84.4949325400588,5.0,3.708418047815656e-15,10.116766329497763,48.77612640938392,0.2074122541955571,True,5.034890359616242,5.08187596988152,,0.5023221654397749,1799844,826227,74321,c7eb8f891cb44fb87c81c25e85016958223ca4790b74ddfd4fc5c47b013220bf,bisection_evaluation
production,diphoton_ecal,ALP-photon-combined,alp_photon_combined,0.5,84.84593613495126,5.0,3.693076499057481e-15,10.060185179955248,48.38642261401536,0.20791339050226182,True,4.999204827958493,5.060980351996756,,0.503070297560792,1799847,826733,74321,65f9401c29f027a0b8507b644877a238ecf622db29ff176a69908e727071b67b,bisection_evaluation
production,diphoton_ecal,ALP-photon-combined,alp_photon_combined,0.5,85.02198434840048,5.0,3.685429541335039e-15,10.013011826079982,48.19273683436593,0.20777014305067995,True,4.978768935011489,5.034242891068492,,0.5027700934054883,1799848,826478,74321,80c9073023c50e499b8cbb54df756a04473cdf1ea9ab7e8e1e253f83f16d270a,bisection_evaluation
production,diphoton_ecal,ALP-photon-combined,alp_photon_combined,0.5,85.06605344801127,5.0,3.683520277239874e-15,10.002805889458376,48.144414082218724,0.2077666969292858,True,4.973657781568283,5.029148107890092,,0.5027737380358589,1799848,826479,74321,d2ba384cd84062fc9b7f94f0b3efa6ae6d9e9fd6474788cbef67e2135df732b0,bisection_evaluation
production,diphoton_ecal,ALP-photon-combined,alp_photon_combined,0.5,85.07707429153866,5.0,3.683043115784294e-15,10.000246532251767,48.13234084236234,0.20776563859637445,True,4.972380809575879,5.027865722675888,,0.5027741772625838,1799848,826479,74321,2bceff7efa8314ea8ebeafdc91536270c0114b8388b0238f886974136fe8e8e1,bisection_evaluation
production,diphoton_ecal,ALP-photon-combined,alp_photon_combined,0.5,85.07982972551012,5.0,3.6829238350787224e-15,9.999606794637717,48.129322997713714,0.20776537403430187,False,4.97206161757814,5.0275451770595785,,0.5027742870605268,1799848,826479,74321,13c837234a457a571813b71e1192a330bf7af73836928830a7cfeda775a808d2,bisection_evaluation
production,diphoton_ecal,ALP-photon-combined,alp_photon_combined,0.5,85.08258524872322,5.0,3.682804558236229e-15,9.99896709769358,48.12630533916889,0.20776510948069085,False,4.971742445977949,5.02722465171563,,0.502774396854975,1799848,826479,74321,abedb23ed355eac328a325328db274ec3ea85bbb102da66161aa08db35931264,bisection_evaluation
production,diphoton_ecal,ALP-photon-combined,alp_photon_combined,0.5,85.08809656288582,5.0,3.682566016139981e-15,9.99768782580482,48.12027058034596,0.20776458039885237,False,4.97110416396506,5.0265836618397595,,0.5027746164333868,1799848,826479,74321,9d969830814a42f6af5a50f0638c31a6310f60a10373e9f82246c4c1afaaa2e7,bisection_evaluation
production,diphoton_ecal,ALP-photon-combined,alp_photon_combined,0.5,85.11014538977938,5.0,3.681612002253127e-15,9.99257236453435,48.09613898697001,0.2077624644099081,False,4.968551851556784,5.024020512977566,,0.5027754946072571,1799848,826479,74321,9cb06802d9844685748fa03892122fea70120b556ef3000c59550a481c59c6bc,bisection_evaluation
production,diphoton_ecal,ALP-photon-combined,alp_photon_combined,0.5,85.19839784715235,5.0,3.677798417555495e-15,9.952676705726155,47.999895213536206,0.2073478840203687,False,4.939886230813212,5.0127904749129435,,0.5036625445724459,1799851,825527,74321,d8acc9644ad623dbd951899aef6c16192561ef5f6864c23f8688fbd29333e7f2,bisection_evaluation
production,diphoton_ecal,ALP-photon-combined,alp_photon_combined,0.5,86.6229473915136,5.0,3.61731552915525e-15,9.643015248305032,46.483417051781935,0.20745065358604844,False,4.787633634808821,4.855381613496211,,0.5035128005578596,1799859,826080,74321,76e82688349dabe43c33d5889e08337789069951fa2dc894c1dd6a852707c193,bisection_evaluation
production,diphoton_ecal,ALP-photon-combined,alp_photon_combined,0.5,92.56335169443815,5.0,3.3851683959640823e-15,8.469234206369208,40.875345540647075,0.2071966388136651,False,4.207072229792592,4.262161976576617,,0.5032523452204566,1799899,826624,74321,cb18673226a51c4256ecd7fbfb225a29f478d48a47f02fd8f14793916d72225c,bisection_evaluation
production,diphoton_ecal,ALP-photon-combined,alp_photon_combined,0.5,120.68784499999998,5.0,2.596305641057063e-15,5.006750916551262,24.382894011438893,0.20533866546778307,False,2.482429781458337,2.5243211350929253,,0.5041834868892823,1800029,826289,74321,ab7d451cad388541094675647801e6ae5e3a986ff59b02fe0dfd9ebea17b96b7,coarse
production,diphoton_ecal,ALP-photon-combined,alp_photon_combined,0.5,205.16933649999996,5.0,1.5272386123865078e-15,1.7515500097698333,8.600081059775444,0.2036666861155804,False,0.8645441481835212,0.8870058615863122,,0.5064119532064468,1800216,827619,74321,720fdeac9a1cbe5e882be3b09b932f2fd9d1cce6c54e957fb69e04d40a7203fe,coarse
production,diphoton_ecal,ALP-photon-combined,alp_photon_combined,0.5,348.7878720499999,5.0,8.983756543450047e-16,0.6082386722804354,3.009794561106399,0.20208644142703452,False,0.300114118201656,0.30812455407877937,,0.5065849445638587,1800320,827744,74321,89b03354cdab90ddff6d00f4235a04b458b7aba2878645fb818ae072e2c4df05,coarse
production,diphoton_ecal,ALP-photon-combined,alp_photon_combined,0.5,592.9393824849999,5.0,5.284562672617674e-16,0.2111209877957005,1.0484607427511599,0.2013627970864405,False,0.10410238398974715,0.10701860380595332,,0.5069065132904459,1800381,827717,74321,64a017f64f4f0d7b31971e08056c517575260d23784536cc3c30576ba0e453cf,coarse
production,diphoton_ecal,ALP-photon-combined,alp_photon_combined,0.5,1000.0,5.0,3.1334253278052043e-16,0.07442982411521504,0.37005884327321453,0.20112969996034788,False,0.03659260914009245,0.037837214975122595,,0.5083609349466118,1800415,827925,74321,b17e0ed56c0cc5fee3ba3d78a7e034d9b3ead4b1e55080acf94c64e8859d66c8,coarse
production,diphoton_ecal,ALP-SU2L,alp_su2l,0.6,6.0,6.0,5.673883339962018e-09,16990.118894906933,27559.649990634174,0.6164852928350261,True,,,16990.118894906933,0.0,611320,413397,84421,8822ecfacf4e9911a08cb2a6040f0c69914ff872d2916c774b52d1aff1e667f6,coarse
production,diphoton_ecal,ALP-SU2L,alp_su2l,0.6,10.2,6.0,3.3375784352717753e-09,6099.517320568705,9924.415150369166,0.6145971554144243,True,,,6099.517320568705,0.0,611696,414472,84421,c7461e5b757c38c5d926738146977e823381b5706c8a5ac49e7ba0d9c9d4a003,coarse
production,diphoton_ecal,ALP-SU2L,alp_su2l,0.6,17.34,6.0,1.963281432512809e-09,2153.623748466912,3520.5378681431143,0.6117314538652661,True,,,2153.623748466912,0.0,611930,414395,84421,1429cf5b580ca3fbada1d49d6c10af22c49dfdaafd9c4e9b78d45394e1c84ce0,coarse
production,diphoton_ecal,ALP-SU2L,alp_su2l,0.6,29.477999999999998,6.0,1.1548714308898876e-09,754.500328157615,1237.8912231457882,0.609504546158945,True,,,754.500328157615,0.0,612067,414415,84421,177f3fa9ea7f73a7f98eaf92fef312a7d6bd6920cbece4cadf5b7e8f7480fcca,coarse
production,diphoton_ecal,ALP-SU2L,alp_su2l,0.6,50.11259999999999,6.0,6.793361358175811e-10,263.0730977201807,432.87279064768427,0.6077376619735294,True,,,263.0730977201807,0.0,612177,414554,84421,ac88d83036074249d8780c2cd06e0ddd911ca50b63fb61a8efc1c3f47600d17c,coarse
production,diphoton_ecal,ALP-SU2L,alp_su2l,0.6,85.19141999999998,6.0,3.9960949165740063e-10,91.3763830153573,150.79135553698754,0.6059789216029936,True,,,91.3763830153573,0.0,612230,414657,84421,a48e67a2f88fe6c71bbd66c4d021b4bf51f9e1c55ded4cfe9ece51f5d856d3d4,coarse
production,diphoton_ecal,ALP-SU2L,alp_su2l,0.6,144.82541399999997,6.0,2.350644068572945e-10,31.698649531988806,52.40319944332429,0.6048991257923458,True,,,31.698649531988806,0.0,612260,414559,84421,88d93f0c79c16e5c79fc9ad56b28483084740ae5d8f39cb4e3540180779057d9,coarse
production,diphoton_ecal,ALP-SU2L,alp_su2l,0.6,246.20320379999993,6.0,1.382731805042909e-10,10.998151660356493,18.18110898369501,0.6049219368422322,True,,,10.998151660356493,0.0,612273,414889,84421,9046dada24555e99b2413e5ba22f548be2ab731ec64d4c7e08de72b82e4746d6,coarse
production,diphoton_ecal,ALP-SU2L,alp_su2l,0.6,254.50525709894828,6.0,1.3376265947440339e-10,10.29310460131416,17.016453816324585,0.6048912841898682,True,,,10.29310460131416,0.0,612273,414891,84421,829ef6e687495144719eeb48292301b5e06921c68e0953fc730351f437c30735,bisection_evaluation
production,diphoton_ecal,ALP-SU2L,alp_su2l,0.6,256.6241488887861,6.0,1.326582092417403e-10,10.11552047072736,16.73721044517994,0.6043731423380934,True,,,10.11552047072736,0.0,612275,414692,84421,5bb172dcb37bf180d775ca3125ee8c43ebf4afdfed95e7d41b61aece300f939d,bisection_evaluation
production,diphoton_ecal,ALP-SU2L,alp_su2l,0.6,257.6902009712998,6.0,1.3210940855125365e-10,10.032106065645753,16.599270149358926,0.6043703111870372,True,,,10.032106065645753,0.0,612275,414693,84421,aad31ac15bc91bcd290abc2ae2c393dd527ff9f4da20cf7353cf03a3e64ff8af,bisection_evaluation
production,diphoton_ecal,ALP-SU2L,alp_su2l,0.6,257.95740523199635,6.0,1.3197256349029776e-10,10.011353703079545,16.56496292034687,0.6043692190087865,True,,,10.011353703079545,0.0,612275,414693,84421,321658af0744891c6a724f38f285d843011f81b42f524815f7b958bd2028b820,bisection_evaluation
production,diphoton_ecal,ALP-SU2L,alp_su2l,0.6,258.0911112454896,6.0,1.319041941254265e-10,10.000993617555864,16.54783588174041,0.6043686732832169,True,,,10.000993617555864,0.0,612275,414693,84421,2f50239bc019ad1aca3551f100f1de143597cb6397766a0597981213867a97b5,bisection_evaluation
production,diphoton_ecal,ALP-SU2L,alp_su2l,0.6,258.09947017204627,6.0,1.3189992221634247e-10,10.000346468120998,16.54676602947643,0.6043686391834131,True,,,10.000346468120998,0.0,612275,414693,84421,98c2972e668fbe02c0ebfe6f9f7bf9699d9fc4e5db6ca489ce16c1c03a12993a,bisection_evaluation
production,diphoton_ecal,ALP-SU2L,alp_su2l,0.6,258.1078293693277,6.0,1.3189565044561043e-10,9.999699360541701,16.545696246320848,0.6043686050845558,False,,,9.999699360541701,0.0,612275,414693,84421,8d1852874f9127b3963c05054e20a452d4573b0c17520d84c0474a436ee9889c,bisection_evaluation
production,diphoton_ecal,ALP-SU2L,alp_su2l,0.6,258.12454857609987,6.0,1.3188710731918438e-10,9.998405270939008,16.543556887317077,0.6043685368896798,False,,,9.998405270939008,0.0,612275,414693,84421,eb34659eb099504dab95d0f4a84f6c8ebc5f0e7a48941775dfb98964e803d473,bisection_evaluation
production,diphoton_ecal,ALP-SU2L,alp_su2l,0.6,258.15799023872705,6.0,1.31870022726359e-10,9.995817593881483,16.539278998414293,0.6043684005112819,False,,,9.995817593881483,0.0,612275,414693,84421,1a9e9fe0c560d909a173802d9ec7935a112a05e62e9f0ad6c09667cd5bdc2a20,bisection_evaluation
production,diphoton_ecal,ALP-SU2L,alp_su2l,0.6,258.2248865622775,6.0,1.318358601798115e-10,9.99064424775214,16.530726536029302,0.6043681277998991,False,,,9.99064424775214,0.0,612275,414693,84421,0e99980408727c2c37721f1491dfdeb0bb9c46aaa8efb151afcf961881d66e63,bisection_evaluation
production,diphoton_ecal,ALP-SU2L,alp_su2l,0.6,258.76068158108797,6.0,1.3156287822307324e-10,9.949353704400034,16.46246571732559,0.6043659482873843,False,,,9.949353704400034,0.0,612275,414693,84421,e7315c3a20878d99a0c09eed6c980269f8152ebf7e7a607a37076ec5301d1818,bisection_evaluation
production,diphoton_ecal,ALP-SU2L,alp_su2l,0.6,263.0872583754809,6.0,1.2939927326767435e-10,9.62511101023291,15.92642093993014,0.6043486509954779,False,,,9.62511101023291,0.0,612275,414693,84421,694a3e6b71afad0ecc9cde8e76be3993c3fd016fc19b279e9cbfc88ec939298d,bisection_evaluation
production,diphoton_ecal,ALP-SU2L,alp_su2l,0.6,281.12918293196907,6.0,1.2109486352404155e-10,8.422918109401916,13.951120651637716,0.6037449119482136,False,,,8.422918109401916,0.0,612277,414336,84421,900d8f61d9b372d4a6a9d71d35a5574b974edcd4439bbf10e0b67188b261d5b1,bisection_evaluation
production,diphoton_ecal,ALP-SU2L,alp_su2l,0.6,321.0097036763115,6.0,1.060506883433639e-10,6.459224498734515,10.704600264493317,0.6034064177211246,False,,,6.459224498734515,0.0,612278,414335,84421,7dd374de142bfbd7e4e1fdd8e041a19c180657a07e8de08bc805a416d75afa31,bisection_evaluation
production,diphoton_ecal,ALP-SU2L,alp_su2l,0.6,418.5454464599999,6.0,8.133716500252405e-11,3.802679485814685,6.301283059864875,0.6034770140759602,False,,,3.802679485814685,0.0,612278,414522,84421,3a132076db10321f01d8144873053e5e258398c46ca2c3cdb9ba25bf31ea7eb0,coarse
production,diphoton_ecal,ALP-SU2L,alp_su2l,0.6,711.5272589819998,6.0,4.7845391177955323e-11,1.3190706941235546,2.182523085675119,0.6043788048709353,False,,,1.3190706941235546,0.0,612284,415044,84421,e6430bf7c9e04bcada7f209411e034fbddfdaaf1052fd1a7b39613c9080337a1,coarse
production,diphoton_ecal,ALP-SU2L,alp_su2l,0.6,1000.0,6.0,3.404330003977211e-11,0.6667267086625802,1.1050585895216456,0.6033405965842868,False,,,0.6667267086625802,0.0,612281,414432,84421,91217fd2617ee04b67bc5861863beaeee60a10480cbc665e6741450f132a31a9,coarse
production,diphoton_ecal,ALP-photon-combined,alp_photon_combined,0.6,6.0,6.0,3.0196615342202544e-14,598.3446532912434,1882.0819909359004,0.3179163586777138,True,360.3047262492168,238.0399270420266,,0.39783079155578416,1824075,824554,84321,7efe34f664c502367aa8cc0ad1fd92ab35242c40b9e7755109b8a467081ebd6c,coarse
production,diphoton_ecal,ALP-photon-combined,alp_photon_combined,0.6,10.2,6.0,1.7762714907177967e-14,238.77121077058356,839.582643234869,0.28439274286401434,True,139.33430978759455,99.43690098298902,,0.41645263958781903,1827173,834131,84321,6c13a3db28435aedcb2de8f44c0f4f8c5839ce21905a8957dec63edaac21b362,coarse
production,diphoton_ecal,ALP-photon-combined,alp_photon_combined,0.6,17.34,6.0,1.0448655827751746e-14,90.5275697874892,343.652467023394,0.2634276732293226,True,51.57620973092809,38.951360056561114,,0.4302706915473185,1829035,840666,84321,b41d070e4a9ec1959c62ae2dfa46cc068795d5f576ad1ed3aa55aa06766a0cff,coarse
production,diphoton_ecal,ALP-photon-combined,alp_photon_combined,0.6,29.477999999999998,6.0,6.1462681339716156e-15,33.066742629230475,132.30110099094807,0.2499355060657649,True,18.577347028435515,14.489395600794959,,0.438186360333738,1830101,843526,84321,121d0922ff04d98735d0ece317915c081365c1d151c579d6d68fb4245dec7f10,coarse
production,diphoton_ecal,ALP-photon-combined,alp_photon_combined,0.6,50.11259999999999,6.0,3.615451843512715e-15,11.830052864166738,48.89864620271989,0.24193006929318048,True,6.599422466362418,5.23063039780432,,0.4421476774332863,1830762,845497,84321,998ac1fd5e4d2eba7a10cfbe088a2d6c817d983ef37ad24a07b2b22f1ee2c63a,coarse
production,diphoton_ecal,ALP-photon-combined,alp_photon_combined,0.6,53.54920789242436,6.0,3.3834243153921022e-15,10.397465098317932,43.08811277877528,0.24130704335325648,True,5.782902360867724,4.614562737450208,,0.4438161315104329,1830815,846043,84321,41dd50e385d1eb2ae57ce70453dedf10d5580a2138f3297eae6287d7a64fab57,bisection_evaluation
production,diphoton_ecal,ALP-photon-combined,alp_photon_combined,0.6,54.44457097003661,6.0,3.327782528636821e-15,10.062867795908783,41.74460134081641,0.2410579445651494,True,5.602238895672664,4.46062890023612,,0.44327611081700374,1830832,845427,84321,b3929b8f588e54b01689c021de07078c62d4b9535e4341246a20894ccbcd67e2,bisection_evaluation
production,diphoton_ecal,ALP-photon-combined,alp_photon_combined,0.6,54.557538896232145,6.0,3.3208919558819744e-15,10.024299392626844,41.579690881784856,0.24108643378631436,True,5.580408571738773,4.44389082088807,,0.44331186119168364,1830837,845995,84321,e683cfb8460104982da5b8e6742fc0789b1524366252777e87211089439c1926,bisection_evaluation
production,diphoton_ecal,ALP-photon-combined,alp_photon_combined,0.6,54.614110728576726,6.0,3.317452021761353e-15,10.00192415650195,41.49739810671884,0.2410253320167208,True,5.569048824418361,4.432875332083588,,0.44320225415845704,1830838,845908,84321,2195c4277ec408ebc732a8f978385876bc89ffc634459fb7377c33bf53e5e679,bisection_evaluation
production,diphoton_ecal,ALP-photon-combined,alp_photon_combined,0.6,54.61764841517918,6.0,3.317237144227951e-15,10.000652755852363,41.49225754658033,0.24102455125815603,True,5.568337797255444,4.432314958596918,,0.44320256555284715,1830838,845908,84321,28f30cdc4557c309e7a989476456542053c3a395b3c6e091aab1d4b50d33ede8,bisection_evaluation
production,diphoton_ecal,ALP-photon-combined,alp_photon_combined,0.6,54.6194173444135,6.0,3.317129710680563e-15,10.000017115557075,41.48968749988856,0.24102416089742623,True,5.567982317468654,4.432034798088422,,0.44320272124269505,1830838,845908,84321,84aad86827d3f46214935bd34798dc8b13f6d937d8aa9b9a4a70aae0c097196b,bisection_evaluation
production,diphoton_ecal,ALP-photon-combined,alp_photon_combined,0.6,54.62118633093901,6.0,3.3170222806125667e-15,9.999397492033605,41.48711760876964,0.24102415565066662,False,5.5676268602097565,4.4317706318238494,,0.44320376656239396,1830838,845909,84321,1f27e51487e27957c67ee2a17f185bb394658fe787dcb0082030336680b1f1b5,bisection_evaluation
production,diphoton_ecal,ALP-photon-combined,alp_photon_combined,0.6,54.6282628499902,6.0,3.3165925951322423e-15,9.99685548697247,41.476839599840865,0.2410225943784498,False,5.566205256424886,4.430650230547584,,0.4432043892523446,1830838,845909,84321,39b510f3e300d20736187eef3d008750eaffa483581525b2e2edbeaac92ca6c1,bisection_evaluation
production,diphoton_ecal,ALP-photon-combined,alp_photon_combined,0.6,54.642418638634325,6.0,3.315733391148139e-15,9.991791482543107,41.456291046720054,0.2410199086860579,False,5.5633631297650075,4.4284283527781,,0.44320664222378053,1830838,845910,84321,45cb01e4fa2b07de61a82f529239c1d6559c42b2e14943725384744577cb5771,bisection_evaluation
production,diphoton_ecal,ALP-photon-combined,alp_photon_combined,0.6,54.670741221415895,6.0,3.314015650884255e-15,9.98163495973153,41.4152237831596,0.24101366714793165,False,5.557683197556568,4.423951762174962,,0.44320913157236425,1830838,845910,84321,c5365f1300f08b868bacddc1c6e9aeff446e9712f35c7cd8f829d8ad7f82fdc3,bisection_evaluation
production,diphoton_ecal,ALP-photon-combined,alp_photon_combined,0.6,54.89785101519028,6.0,3.3003057260489615e-15,9.907666521622472,41.0884291117541,0.24113033123449837,False,5.517824238658393,4.3898422829640795,,0.4430752966284943,1830844,846195,84321,3060e212dffdebab3eb4da2272908f78aa8cdf42c9ac67344c2723fba74b34a7,bisection_evaluation
production,diphoton_ecal,ALP-photon-combined,alp_photon_combined,0.6,55.35490485809225,6.0,3.2730557936588863e-15,9.741632287813882,40.44204800271867,0.24087880730370065,False,5.42239621583401,4.319236071979873,,0.44337909134416237,1830851,845913,84321,02655cb85a64c14d51b43fd7686f5c4b25f8b65bd55f0ab53c7fc6e70d26d6bd,bisection_evaluation
production,diphoton_ecal,ALP-photon-combined,alp_photon_combined,0.6,57.221490521467345,6.0,3.1662875329198823e-15,9.137787368042067,37.954560802482206,0.2407559770114495,False,5.076278095878286,4.061509272163781,,0.4444740404409335,1830876,846583,84321,dd8f235037a66182b4b3fe202d9126a92a5619c0932194bcb7ad55d85ce21aec,bisection_evaluation
production,diphoton_ecal,ALP-photon-combined,alp_photon_combined,0.6,65.33883649019164,6.0,2.7729249828379346e-15,7.04091943875722,29.417966283410212,0.2393407950408806,False,3.916176544224905,3.1247428945323152,,0.4437975638993901,1830961,846749,84321,6cff6f51cae5a41cbf18a6656387e48a3028d08953f48454f7e816858edef445,bisection_evaluation
production,diphoton_ecal,ALP-photon-combined,alp_photon_combined,0.6,85.19141999999998,6.0,2.1267363785368916e-15,4.180395574479469,17.609301125551028,0.23739701789832712,False,2.3138046795008904,1.8665908949785783,,0.4465105901397862,1831120,847018,84321,c270d727d7b76a7be32a1c0a1d61dd8931daf14e5fa7f5ca42b3c3d8beac6360,coarse
production,diphoton_ecal,ALP-photon-combined,alp_photon_combined,0.6,144.82541399999997,6.0,1.251021399139348e-15,1.4616404611641218,6.240730284007057,0.23420984318290866,False,0.8077869486626872,0.6538535125014346,,0.4473422362573856,1831339,847247,84321,359222dce3ef5e0368b5e56756a8fd5c2a15faa8efb2b9acf874428893cd77f0,coarse
production,diphoton_ecal,ALP-photon-combined,alp_photon_combined,0.6,246.20320379999993,6.0,7.358949406702047e-16,0.5103742317202333,2.1904388408036213,0.23300090475613958,False,0.28134063525697706,0.22903359646325622,,0.44875619149362395,1831487,848167,84321,bc6d9551fae0a3a08ba121c5fb2299bc142c905947ffaf775fcdeb8579ebe0b7,coarse
production,diphoton_ecal,ALP-photon-combined,alp_photon_combined,0.6,418.5454464599999,6.0,4.328793768648263e-16,0.17713483883207287,0.7643429562750426,0.23174785268555853,False,0.09755858287067028,0.07957625596140261,,0.44924113452826964,1831543,848243,84321,a6a408c90f3cfc364890c65419b016a9cb7a331ebe7233fe8af2a44a669c34b5,coarse
production,diphoton_ecal,ALP-photon-combined,alp_photon_combined,0.6,711.5272589819998,6.0,2.546349275675449e-16,0.06150416416815482,0.26580283667057714,0.23139017227412076,False,0.03384478539771606,0.027659378770438767,,0.44971554600460756,1831599,848527,84321,fa29ec341cc0e5b9373a9fd70dc086904974feba97da47e5c6680a075fac340c,coarse
production,diphoton_ecal,ALP-photon-combined,alp_photon_combined,0.6,1000.0,6.0,1.8117969205321526e-16,0.031159982381459676,0.1348438434180289,0.23108198039758276,False,0.01715644884677297,0.014003533534686707,,0.4494076204298135,1831614,848824,84321,7d7ecf9ad83d9d24a61323e31cea30e430fc60fff42807431db8b3361f72a4b7,coarse
production,diphoton_ecal,ALP-SU2L,alp_su2l,0.75,7.5,7.5,2.3240226133333367e-09,6580.784372458838,11461.968866412513,0.574140834716694,True,,,6580.784372458838,0.0,609997,390293,94421,19950b937e2e7787871d36d7e0a766996eff307599065d4fcd4add0922188f01,coarse
production,diphoton_ecal,ALP-SU2L,alp_su2l,0.75,12.75,7.5,1.3670721254901982e-09,2359.406174786076,4137.655167671213,0.5702278414162809,True,,,2359.406174786076,0.0,610415,390794,94421,612d43c69f04789eed275a9b73e63a5dc9713d34f68c2d2095d954919b67e552,coarse
production,diphoton_ecal,ALP-SU2L,alp_su2l,0.75,21.675,7.5,8.041600738177636e-10,833.379164278634,1471.8905011974957,0.566196441651479,True,,,833.379164278634,0.0,610693,391028,94421,03d4b2077a83820993875374e43ff9a68f9876a9638bfa0e65a461c4e16119e0,coarse
production,diphoton_ecal,ALP-SU2L,alp_su2l,0.75,36.847500000000004,7.5,4.730353375398609e-10,292.28354219809404,518.7443357052024,0.5634443059522795,True,,,292.28354219809404,0.0,610838,391417,94421,9577e12e53c8eac791453cc6784eb45d96faeb3d46af4d5d7497fc939da369bb,coarse
production,diphoton_ecal,ALP-SU2L,alp_su2l,0.75,62.640750000000004,7.5,2.7825608090580055e-10,101.63953024777867,181.71809885895598,0.5593253004846157,True,,,101.63953024777867,0.0,610916,390956,94421,c808c7a0b1103dc12fd46066f154e6e8c0dfa5dc0cb1c17c56730eb4f8014f6c,coarse
production,diphoton_ecal,ALP-SU2L,alp_su2l,0.75,106.489275,7.5,1.6368004759164737e-10,35.353528074512134,63.387560716052924,0.5577360553891584,True,,,35.353528074512134,0.0,610963,391280,94421,9494517ac7303e17397f4ba1dd9f67115fdd23c3be214f8257addcb30d5dc20f,coarse
production,diphoton_ecal,ALP-SU2L,alp_su2l,0.75,181.0317675,7.5,9.628238093626316e-11,12.26705806754748,22.05136529168928,0.55629471940999,True,,,12.26705806754748,0.0,610995,391445,94421,74ca124a20700230cac81df84aa85635fe2b48d33ae784516f67d58302bd8bda,coarse
production,diphoton_ecal,ALP-SU2L,alp_su2l,0.75,193.44651351138305,7.5,9.010330185648125e-11,10.741736943981202,19.320551564560073,0.5559746525914355,True,,,10.741736943981202,0.0,610995,391340,94421,95dc6991d587853cc393b814bbeb014f8e86ffebeda48c963ce7b361c9e44a16,bisection_evaluation
production,diphoton_ecal,ALP-SU2L,alp_su2l,0.75,199.9695937998583,7.5,8.716409964529505e-11,10.063475697616372,18.084909312334524,0.5564570727901156,True,,,10.063475697616372,0.0,610997,391728,94421,02453aaca141b43ace14989fd2df8bff37f36e2d6e2da165964f7110576d398b,bisection_evaluation
production,diphoton_ecal,ALP-SU2L,alp_su2l,0.75,200.3845139638204,7.5,8.698361592526585e-11,10.021908080673755,18.010352370669622,0.5564526375949602,True,,,10.021908080673755,0.0,610997,391728,94421,0dc6e06ffcd7d6b713eb8a0dcdd703610f63fda2d60e6b4f7821de257f30bc64,bisection_evaluation
production,diphoton_ecal,ALP-SU2L,alp_su2l,0.75,200.59229678096642,7.5,8.689351425609639e-11,10.00118865294243,17.973189064532697,0.5564504227398479,True,,,10.00118865294243,0.0,610997,391728,94421,fdfc726bdfeabd825e2f6cd7cfe47f44d2fef951de03b281cddd392435e61e99,bisection_evaluation
production,diphoton_ecal,ALP-SU2L,alp_su2l,0.75,200.5987934645156,7.5,8.689070008331476e-11,10.000541860973444,17.972028945766084,0.5564503535550674,True,,,10.000541860973444,0.0,610997,391728,94421,eb1d36d19a332b0291e765fe20fa32a16fb95c1ae54c13046d0ed91517677526,bisection_evaluation
production,diphoton_ecal,ALP-SU2L,alp_su2l,0.75,200.60529035847617,7.5,8.688788600167418e-11,9.999895110800994,17.970868901766178,0.5564502843720708,False,,,9.999895110800994,0.0,610997,391728,94421,b68f92a53bacef5687ba3892b74942c9bcac9a8704c3cabe0521f35272992107,bisection_evaluation
production,diphoton_ecal,ALP-SU2L,alp_su2l,0.75,200.6182847776586,7.5,8.688225811180446e-11,9.998601735834916,17.968549038047243,0.5564501460114293,False,,,9.998601735834916,0.0,610997,391728,94421,652d6f4effb3c88904525210dc2e072d11ebb55947fa7b5b82a8b1fe12bb67b5,bisection_evaluation
production,diphoton_ecal,ALP-SU2L,alp_su2l,0.75,200.6442761412596,7.5,8.687100342562806e-11,9.9960154873425,17.963910207598246,0.556449869311552,False,,,9.9960154873425,0.0,610997,391728,94421,4db0df8b20e696f5d6c0dae99fc56cfeb7c857ff28302a966c0f0709206b2869,bisection_evaluation
production,diphoton_ecal,ALP-SU2L,alp_su2l,0.75,200.69626897093292,7.5,8.684849842686641e-11,9.99084499551257,17.95463613357916,0.5564493159974135,False,,,9.99084499551257,0.0,610997,391728,94421,b0ace4e70b15ecf13479824fb416f3a4fb8d3bc893dd3aabaf13f27793d2e790,bisection_evaluation
production,diphoton_ecal,ALP-SU2L,alp_su2l,0.75,200.80029505238207,7.5,8.680350591842048e-11,9.980512027642064,17.93610232444803,0.5564482097115382,False,,,9.980512027642064,0.0,610997,391728,94421,d285f0e5a4c3cf0f4159e34af5f7c6233f155b367f947106a841c762ffa7a95e,bisection_evaluation
production,diphoton_ecal,ALP-SU2L,alp_su2l,0.75,201.63444715239635,7.5,8.644440395061174e-11,9.891445917927399,17.78853400368982,0.5560573971905526,False,,,9.891445917927399,0.0,610998,391443,94421,c2a2e8e4aed35cacb45fb8acbed9ea559cb934c3d60a16711d0210101f31ebfd,bisection_evaluation
production,diphoton_ecal,ALP-SU2L,alp_su2l,0.75,203.31316129563152,7.5,8.573065063237762e-11,9.729024732917686,17.496992479369258,0.5560398305245431,False,,,9.729024732917686,0.0,610998,391443,94421,7ef1536dfccb6fd5f0c4d7387a561bb5639778a0c96753ba851ed3fac6f5d608,bisection_evaluation
production,diphoton_ecal,ALP-SU2L,alp_su2l,0.75,206.71263450880082,7.5,8.432077527055045e-11,9.40222908123928,16.92816628100461,0.555419230007782,False,,,9.40222908123928,0.0,610999,391053,94421,1b4071bf36b0b1d600ee4d137bc3763c3dcbd706c2a84ff1a4a262fd356b8ed7,bisection_evaluation
production,diphoton_ecal,ALP-SU2L,alp_su2l,0.75,236.03654682081734,7.5,7.384521522097935e-11,7.219710615673561,12.99424255868476,0.5556084229663879,False,,,7.219710615673561,0.0,610997,391469,94421,fc687db5e5c05aa27bd8c4b66824e29cd92734b6fc44d21232506b8fef80b9ff,bisection_evaluation
production,diphoton_ecal,ALP-SU2L,alp_su2l,0.75,307.75400475,7.5,5.66366946683901e-11,4.24755596536662,7.654607683738359,0.5549018500830858,False,,,4.24755596536662,0.0,611005,391113,94421,0acbe05f9613fc55e13840779a24268cc183c0e9c5fbb2b9ad00df5ea73f483f,coarse
production,diphoton_ecal,ALP-SU2L,alp_su2l,0.75,523.1818080749999,7.5,3.331570274611183e-11,1.4729039448893875,2.6539358228831316,0.554988531444322,False,,,1.4729039448893875,0.0,611013,391542,94421,6ad60f72c0be939016ad9096c7c06fcdc6961e1ae45f0cc76d406ca8a08b9b31,coarse
production,diphoton_ecal,ALP-SU2L,alp_su2l,0.75,889.4090737274998,7.5,1.9597472203595192e-11,0.5093530204069612,0.9194290811817848,0.5539883726021219,False,,,0.5093530204069612,0.0,611018,391205,94421,13767cec71ab7f90e81d1515a0215adb1d0be6b40df3c657e0bae1fce20576ac,coarse
production,diphoton_ecal,ALP-SU2L,alp_su2l,0.75,1000.0,7.5,1.7430169600000025e-11,0.40328482486420164,0.727452824474945,0.5543793512043634,False,,,0.40328482486420164,0.0,611019,391707,94421,8e27be6d44e87393acc3edb95ae8c4fb56d32738fc174cf33a445bad617b6ed6,coarse
production,diphoton_ecal,ALP-photon-combined,alp_photon_combined,0.75,7.5,7.5,1.2354707228089e-14,136.04630726653733,406.334012289935,0.3348139785292279,True,89.31177883884357,46.734528427693775,,0.3435192719794523,1857342,858915,94321,606eb4156d676aee598d0af13076f1f9f371b9a4b182a997c19159ee750877fa,coarse
production,diphoton_ecal,ALP-photon-combined,alp_photon_combined,0.75,12.75,7.5,7.267474840052352e-15,52.7887250322764,170.68819118226816,0.30926993054783936,True,33.939549991216325,18.849175041060075,,0.35706820025555075,1859296,866655,94321,18427ce92365b95e0ca976ee1655b9a527859ba137d5de9bb398dac2c040b4bb,coarse
production,diphoton_ecal,ALP-photon-combined,alp_photon_combined,0.75,21.675,7.5,4.274985200030796e-15,19.633615638191788,66.90997243984864,0.2934333242453836,True,12.447360299498198,7.186255338693589,,0.3660179292047823,1860483,872818,94321,c23286092824a95fa3d06f133b065336f5e8dc6c3344b1abd9d73bc43fd69429,coarse
production,diphoton_ecal,ALP-photon-combined,alp_photon_combined,0.75,28.260742426553485,7.5,3.278763976264293e-15,11.841079691521177,41.11252760424978,0.28801633909507357,True,7.472659639325157,4.3684200521960195,,0.36892075435688804,1860880,874247,94321,7083f5e64b418ae75e2b5cad5a4cfd70358d32d1e052be1701070744e22601d4,bisection_evaluation
production,diphoton_ecal,ALP-photon-combined,alp_photon_combined,0.75,30.198799730881458,7.5,3.068343942024708e-15,10.425869561046067,36.34234606311473,0.2868793760023019,True,6.560884310716148,3.8649852503299202,,0.37071106900958883,1860938,875014,94321,0dd45d0bd9510c538dd0b393d9a266794a1e8a7eec3bf4409edb962ed2a75544,bisection_evaluation
production,diphoton_ecal,ALP-photon-combined,alp_photon_combined,0.75,30.703735122672065,7.5,3.0178837799524216e-15,10.09062820121411,35.23573154659643,0.2863748745465966,True,6.3553823413792845,3.7352458598348264,,0.3701698036387268,1860948,874770,94321,01c1876adddb2499aa59b513d1097657c27896b4e596de9fba83d9092209a327,bisection_evaluation
production,diphoton_ecal,ALP-photon-combined,alp_photon_combined,0.75,30.831282669971124,7.5,3.005398938556528e-15,10.007748987066568,34.964192142442144,0.2862285204902079,True,6.302451290971205,3.7052976960953634,,0.3702428688892851,1860951,874741,94321,a4c800ecd36b7db357a8f184f969a4c4365913374f8ae5109834d6a65ae360bd,bisection_evaluation
production,diphoton_ecal,ALP-photon-combined,alp_photon_combined,0.75,30.84726332341652,7.5,3.0038419693564184e-15,10.003533971879925,34.93043175440677,0.286384492531155,True,6.296093564167767,3.7074404077121583,,0.37061306715544984,1860952,875316,94321,9e8d5217a83a4044ff67486c59046d0125e23943fead35f4fd8f6a803f8630f3,bisection_evaluation
production,diphoton_ecal,ALP-photon-combined,alp_photon_combined,0.75,30.849261487420765,7.5,3.0036474049289992e-15,10.00227928765016,34.926207415786415,0.28638320698769015,True,6.295299293329176,3.706979994320983,,0.37061352594883057,1860952,875316,94321,167fcc25ef01327ed3a824a819c0c2a576ba59ba178f275f29b1d3713010776d,bisection_evaluation
production,diphoton_ecal,ALP-photon-combined,alp_photon_combined,0.75,30.850260617959805,7.5,3.003550127441203e-15,9.998062028326228,34.924134600927246,0.28627944951457085,False,6.294902194979891,3.7031598333463367,,0.37038776343401836,1860953,874905,94321,ca03c5fd87856e2f0454f6f0f80629b5e92aa2aa473d4a7fa48f68e2ba6dadc3,bisection_evaluation
production,diphoton_ecal,ALP-photon-combined,alp_photon_combined,0.75,30.85125978085819,7.5,3.0034528531038795e-15,9.997435011352154,34.92202273748182,0.28627880711565723,False,6.294505121341938,3.7029298900102163,,0.3703879931007818,1860953,874905,94321,dc12a355405f95555680d47b9ffc5d41ef9ec54125a76ddcf131073170821049,bisection_evaluation
production,diphoton_ecal,ALP-photon-combined,alp_photon_combined,0.75,30.855256756066115,7.5,3.0030637872572742e-15,9.994927330199838,34.91357651580877,0.286276237717272,False,6.292917073873324,3.7020102563265134,,0.3703889116973195,1860953,874905,94321,8794bb612b253e168dd9f5c2ff989d3bb389de92b44ab36e004604d1dd0155b3,bisection_evaluation
production,diphoton_ecal,ALP-photon-combined,alp_photon_combined,0.75,30.86325226004907,7.5,3.0022858067557453e-15,9.990317300609995,34.89673572869742,0.2862822866378998,False,6.289742164622333,3.7005751359876613,,0.3704161764473396,1860954,874781,94321,5abc4701f95de31112be8a845075e89d9df650ddc3566d19ce5501d56aa43642,bisection_evaluation
production,diphoton_ecal,ALP-photon-combined,alp_photon_combined,0.75,30.895255000051417,7.5,2.9991758996814654e-15,9.961305554589062,34.82945737046089,0.28600231834324574,False,6.277111582884566,3.684193971704496,,0.3698505132198489,1860959,874681,94321,cf6dbed49f53e8fb3c3fa1bb90d775c5da074a6f8fb45c64fe93030ac0347151,bisection_evaluation
production,diphoton_ecal,ALP-photon-combined,alp_photon_combined,0.75,30.95936006736031,7.5,2.9929657463545887e-15,9.930699135352047,34.695072426508986,0.28622794076557206,False,6.25179746868463,3.678901666667416,,0.37045746895815085,1860963,875029,94321,ae5880a905c97d1d2f05d5c4dfe7dc50f6b141db6cf9963bba364a858f2d0ab8,bisection_evaluation
production,diphoton_ecal,ALP-photon-combined,alp_photon_combined,0.75,31.21711322583381,7.5,2.9682534557354975e-15,9.788057530187466,34.16221103990183,0.2865170968809633,False,6.1661355230091806,3.6219220071782847,,0.3700348098698717,1860974,875384,94321,d4fb95abd5e344047f5fa851487bcda8909f76e2b9ab18d91686e48fcee03922,bisection_evaluation
production,diphoton_ecal,ALP-photon-combined,alp_photon_combined,0.75,32.26976458796112,7.5,2.8714279572165297e-15,9.171648001417452,32.10837502006221,0.2856465951854228,False,5.771374765059681,3.40027323635777,,0.3707374329926604,1861007,875712,94321,13d8520664a07b10d58fa6b8caae5aefb0c8daeb1545c6eceaf2b0a4a354129b,bisection_evaluation
production,diphoton_ecal,ALP-photon-combined,alp_photon_combined,0.75,36.847500000000004,7.5,2.5146971764887033e-15,7.098221425208083,25.024131565261897,0.28365505538908375,False,4.456645701059798,2.6415757241482845,,0.3721461428023637,1861125,875849,94321,0ac526ff99d057f2b297a48bf96642b67876391f6f8f7b6c3e94b41949539dfe,coarse
production,diphoton_ecal,ALP-photon-combined,alp_photon_combined,0.75,62.640750000000004,7.5,1.479233633228649e-15,2.5201164057758696,9.08023218378974,0.27753876275045536,False,1.5745949888319009,0.9455214169439687,,0.3751895804403807,1861522,877602,94321,2e095a182027e1467560e8c3a702fe654aeab09f7e2db2b25ba198a5c0dcdbe3,coarse
production,diphoton_ecal,ALP-photon-combined,alp_photon_combined,0.75,106.489275,7.5,8.7013743131097e-16,0.8857981763228987,3.233128993463659,0.2739755135392668,False,0.5526203439093484,0.33317783241355026,,0.3761328949633076,1861769,878574,94321,915047e7feb9b3ec6362832ff81519050d7f1c768499754544b34d71d4b21888,coarse
production,diphoton_ecal,ALP-photon-combined,alp_photon_combined,0.75,181.0317675,7.5,5.118455478299824e-16,0.3094296813235978,1.1379699272834571,0.27191375967400405,False,0.19251494752276288,0.11691473380083496,,0.37783942801067927,1861889,879389,94321,966e539e6690d121664512465a5fe6fbd40b730e76301aa6258754aac723b8e4,coarse
production,diphoton_ecal,ALP-photon-combined,alp_photon_combined,0.75,307.75400475,7.5,3.010856163705779e-16,0.10763863819957192,0.39776833864122696,0.2706063498348424,False,0.06685422183997486,0.04078441635959707,,0.37890126669922203,1861968,879731,94321,a055f210fcf074c4461cf9cbb82b31a2536063e1f1a48109cc90d4cc767aca89,coarse
production,diphoton_ecal,ALP-photon-combined,alp_photon_combined,0.75,523.1818080749999,7.5,1.7710918610033995e-16,0.03740403112051104,0.1384608079178967,0.27014165006671464,False,0.023213617608112292,0.014190413512398749,,0.37938192989624664,1862011,880429,94321,17f1b5a32b7d88a855e244b06721b24b15d9fca69e41e33dda71ec62c1f5cdcf,coarse
production,diphoton_ecal,ALP-photon-combined,alp_photon_combined,0.75,889.4090737274998,7.5,1.0418187417667056e-16,0.012951999772359227,0.048079761044352395,0.269385693502331,False,0.00804069831510103,0.004911301457258198,,0.3791925218945241,1862041,879841,94321,91d7b753f36dbec9a69b860b7c0afd5ca4be926c7a55d04885fc46f5e2a39838,coarse
production,diphoton_ecal,ALP-photon-combined,alp_photon_combined,0.75,1000.0,7.5,9.26603042106675e-17,0.010259535930808632,0.038054611961399164,0.2696003296844921,False,0.006370568153003897,0.0038889677778047357,,0.379058838921403,1862045,880596,94321,89ece83f0df4e2030e658fb5d980bc85f9a4567058629cce14c116ff32234c7e,coarse
production,diphoton_ecal,ALP-SU2L,alp_su2l,0.9,9.0,9.0,1.120767075325222e-09,3023.113350748776,5700.648047663664,0.530310470927557,True,,,3023.113350748776,0.0,610764,367869,104421,bdf8c149b57c8bc06ac5184657d14d5b9279eea0f43a8e591e987798bf6ca5b8,coarse
production,diphoton_ecal,ALP-SU2L,alp_su2l,0.9,15.299999999999999,9.0,6.59274750191307e-10,1084.1371467988718,2065.269477486443,0.5249373791735554,True,,,1084.1371467988718,0.0,611211,368587,104421,146143ecb17a651480e2c244258f27e76df1adaeb46ef7f6da8ccfb01857364a,coarse
production,diphoton_ecal,ALP-SU2L,alp_su2l,0.9,26.009999999999998,9.0,3.8780867658312176e-10,383.01403345477644,736.7897595110429,0.5198416895872124,True,,,383.01403345477644,0.0,611439,368735,104421,240a3b95a76d21e988e0e8000e172b100014f7aeda427544bc4ccb9fa6646323,coarse
production,diphoton_ecal,ALP-SU2L,alp_su2l,0.9,44.217,9.0,2.2812275093124808e-10,134.04566643662184,260.18126525874874,0.515201070697055,True,,,134.04566643662184,0.0,611600,368611,104421,165de7831704d43fcef50eda27f7fbbcb699d80f65cb515ff3f37a13952483eb,coarse
production,diphoton_ecal,ALP-SU2L,alp_su2l,0.9,75.1689,9.0,1.3418985348896948e-10,46.77950091829054,91.23259106142784,0.5127498887628152,True,,,46.77950091829054,0.0,611695,369202,104421,805dbe1212b3c11a10403565094d0ccb7995faaaf319a86f3928822812fe3af8,coarse
production,diphoton_ecal,ALP-SU2L,alp_su2l,0.9,127.78712999999999,9.0,7.893520793468793e-11,16.252770051554954,31.831421973951485,0.5105888786512596,True,,,16.252770051554954,0.0,611750,369067,104421,2af446feb329bf5dfe02277bf5d8866ac1b2f2c0da0e8c41d3c47c0221c7c291,coarse
production,diphoton_ecal,ALP-SU2L,alp_su2l,0.9,145.91480082974175,9.0,6.912872183334391e-11,12.470525698089224,24.451396021402843,0.5100128306446593,True,,,12.470525698089224,0.0,611758,368936,104421,0cc3799219781f7390cc37a7b7efca7b0cf6d71295555810e395bfc6802b26c6,bisection_evaluation
production,diphoton_ecal,ALP-SU2L,alp_su2l,0.9,155.9213053047245,9.0,6.46922731836658e-11,10.917364766801475,21.42860783705148,0.5094761568189525,True,,,10.917364766801475,0.0,611764,368887,104421,114b3ee10adc963a5ae17a66cfefcf92ca15ffa19dced2afd387be5f2bdeb8a9,bisection_evaluation
production,diphoton_ecal,ALP-SU2L,alp_su2l,0.9,161.17902318614154,9.0,6.258198789477641e-11,10.21887569046383,20.059973690424112,0.5094162060313141,True,,,10.21887569046383,0.0,611765,368978,104421,d63c8320bae9a880c9d85b1130b8d5b4f5dc02f554c745fc942fdd291eb4bc0d,bisection_evaluation
production,diphoton_ecal,ALP-SU2L,alp_su2l,0.9,162.52092438227447,9.0,6.206526154257547e-11,10.047089446778442,19.731632823455545,0.5091869252115407,True,,,10.047089446778442,0.0,611765,368742,104421,abf6a61b0fe223aa542b2e796e608f4101774db739037bc9219496d2019f283f,bisection_evaluation
production,diphoton_ecal,ALP-SU2L,alp_su2l,0.9,162.85814169271947,9.0,6.193674797640116e-11,10.005618998744326,19.650397206761,0.5091815139137111,True,,,10.005618998744326,0.0,611765,368742,104421,33d4f9a16f3c76adcc09eb072c773965af2b246cadcdfedb6bb55d9395264823,bisection_evaluation
production,diphoton_ecal,ALP-SU2L,alp_su2l,0.9,162.90034302427392,9.0,6.192070250228963e-11,10.000447229258146,19.64026624585214,0.5091808381859465,True,,,10.000447229258146,0.0,611765,368742,104421,b42366129d3c01d635c0b08c2f7071939dd9b6766ebd6204bba6f6c3c3923af3,bisection_evaluation
production,diphoton_ecal,ALP-SU2L,alp_su2l,0.9,162.9056189595699,9.0,6.191869711032114e-11,9.999800945848179,19.63900024221585,0.509180753730665,False,,,9.999800945848179,0.0,611765,368742,104421,01bbeadc23a61b37514373107f96c4e7b6106ab6e674a44303c8c4ee5d3f109c,bisection_evaluation
production,diphoton_ecal,ALP-SU2L,alp_su2l,0.9,162.91089506574022,9.0,6.19166917833002e-11,9.999154704157206,19.637734320001595,0.5091806692777578,False,,,9.999154704157206,0.0,611765,368742,104421,b05029f0685d0b435eca9b5218071577fcfe97997303d066a66ed3547664535d,bisection_evaluation
production,diphoton_ecal,ALP-SU2L,alp_su2l,0.9,162.92144779072612,9.0,6.191268132409248e-11,9.997862345921495,19.6352027198182,0.5091805003790694,False,,,9.997862345921495,0.0,611765,368742,104421,814f6bbfa832a7efb0de749cc30628dbc1fd2b50d1a6a346743921b0b7822828,bisection_evaluation
production,diphoton_ecal,ALP-SU2L,alp_su2l,0.9,162.94255529143385,9.0,6.190466118495492e-11,9.995278129959704,19.630140496285865,0.5091801626101896,False,,,9.995278129959704,0.0,611765,368742,104421,ca37e96ca7f3859ef07943f3f1a0ef9ef8ccf3fca4bda13eebec9a3ec2bf79f3,bisection_evaluation
production,diphoton_ecal,ALP-SU2L,alp_su2l,0.9,163.02701264390578,9.0,6.187259101630887e-11,9.98498049251103,19.609904620494508,0.5091804721005948,False,,,9.98498049251103,0.0,611765,368743,104421,7850fadc77d4a28aaa7bc29f458745ae93a77f8118d35faf871950041bc4ace0,bisection_evaluation
production,diphoton_ecal,ALP-SU2L,alp_su2l,0.9,163.1960587008489,9.0,6.180850051297548e-11,9.968947123600213,19.56953950729101,0.5094114309581014,False,,,9.968947123600213,0.0,611766,368915,104421,aab65b9a10ef16ec861e44c6cef53e40e716241ea1d2247a094af901323441a8,bisection_evaluation
production,diphoton_ecal,ALP-SU2L,alp_su2l,0.9,163.87399762042995,9.0,6.155280169152032e-11,9.886846472616659,19.408730937632075,0.5094020059522184,False,,,9.886846472616659,0.0,611766,368916,104421,40591ba1468794ee26abc8f5c2835fce6030354e1d886e8516bfb57c0c0a6736,bisection_evaluation
production,diphoton_ecal,ALP-SU2L,alp_su2l,0.9,166.6140330499887,9.0,6.054054087329278e-11,9.569667669635683,18.778630435205283,0.5096041323490197,False,,,9.569667669635683,0.0,611768,369136,104421,0f9f5e2292e8d00428b49b730d945f0d894e191fc1061455820dcebfc0fa9ebc,bisection_evaluation
production,diphoton_ecal,ALP-SU2L,alp_su2l,0.9,217.23812099999998,9.0,4.6432475255698784e-11,5.6402712194354905,11.071240268673971,0.5094525168417322,False,,,5.6402712194354905,0.0,611775,369401,104421,70f9663426132534f4e4977751bc6ab28c595e61610c961c64761c0c52048042,coarse
production,diphoton_ecal,ALP-SU2L,alp_su2l,0.9,369.3048057,9.0,2.7313220738646342e-11,1.9513901970226621,3.843304144082855,0.5077376454910599,False,,,1.9513901970226621,0.0,611797,368855,104421,09be0c132ab6644a0061e9e28677865f318ea88b62573148a0641ee2159416dc,coarse
production,diphoton_ecal,ALP-SU2L,alp_su2l,0.9,627.81816969,9.0,1.6066600434497847e-11,0.6762808647182736,1.332362931663809,0.5075800659462638,False,,,0.6762808647182736,0.0,611812,369069,104421,294424c5f82447b44432dfc0d9900f2690e977ec8716318052221e2321cf3f85,coarse
production,diphoton_ecal,ALP-SU2L,alp_su2l,0.9,1000.0,9.0,1.0086903677926997e-11,0.26677096956931556,0.525687773959815,0.507470370786497,False,,,0.26677096956931556,0.0,611818,369099,104421,b37b6cefcb3baab1c0509c7a1db8fb7d2e134d215ef19ca597995983fb96707a,coarse
production,diphoton_ecal,ALP-photon-combined,alp_photon_combined,0.9,9.0,9.0,5.9523219107366645e-15,39.257824555720134,110.30082801147664,0.3559159551516278,True,27.519110030219586,11.73871452550055,,0.29901591996875276,1879932,895252,104321,c63d3c3ea9bf6f8508ce2a674eb5d98da1a2998ace86403c9b4a702d6ffd6206,coarse
production,diphoton_ecal,ALP-photon-combined,alp_photon_combined,0.9,15.299999999999999,9.0,3.5013658298450972e-15,14.956811684407217,44.43807470291624,0.3365765007687356,True,10.320352541574932,4.636459142832284,,0.30998980535844334,1881335,902905,104321,4846eb92f0fc83ae5490c7b738bc9fef5044b582deb0f64e64bc5c5b92d99a99,coarse
production,diphoton_ecal,ALP-photon-combined,alp_photon_combined,0.9,17.470432685162024,9.0,3.0663749525865365e-15,11.68605833736176,35.06472683237541,0.33327105022737474,True,8.045375505577496,3.640682831784264,,0.31154070317658394,1881608,904688,104321,e374b4e2d58a7bc23c9a9e44913c488789d094d6de57274564d7bd9dc566426f,bisection_evaluation
production,diphoton_ecal,ALP-photon-combined,alp_photon_combined,0.9,18.6685151404706,9.0,2.8695853308920185e-15,10.306586136192454,31.110595145443877,0.33128862009899046,True,7.081910862350437,3.224675273842018,,0.3128752072927714,1881736,904780,104321,240054995b65c378f42ebda549fd5e79ce0976f01cc14738f5023230382577e0,bisection_evaluation
production,diphoton_ecal,ALP-photon-combined,alp_photon_combined,0.9,18.823940470031584,9.0,2.845891766493676e-15,10.139208082834081,30.647209857637975,0.33083625328154176,True,6.970605626808463,3.1686024560256185,,0.312509855813112,1881751,904734,104321,5d631c2bb7f228c1952d3c45912184bab0a7924a9c2f4411cb8567e585396d5f,bisection_evaluation
production,diphoton_ecal,ALP-photon-combined,alp_photon_combined,0.9,18.902137713066132,9.0,2.8341184478620645e-15,10.062361192884545,30.417900542148836,0.3308039349705133,True,6.9156669895550005,3.1466942033295435,,0.3127192656883241,1881759,904751,104321,20b457b6e3c94f119e205938a25b5f6338a77babda3850c13a21f28534b77ead,bisection_evaluation
production,diphoton_ecal,ALP-photon-combined,alp_photon_combined,0.9,18.941358066171365,9.0,2.8282500657809653e-15,10.027741477396486,30.3038728050697,0.3309062687102782,True,6.893751815998203,3.133989661398282,,0.31253195631963615,1881763,904632,104321,42995943f8efdea3d4149cd7ed6c754c1a1e4b5fad530f928e1d6665a354acc4,bisection_evaluation
production,diphoton_ecal,ALP-photon-combined,alp_photon_combined,0.9,18.960998749284585,9.0,2.8253204330099574e-15,10.00363990636188,30.247040010032485,0.33073120222817914,True,6.875621128634428,3.1280187777274513,,0.3126880622460398,1881764,904462,104321,48c69ddd8e222c5792826d9612217cdcf97a07b3da475ea66386adf99c14272c,bisection_evaluation
production,diphoton_ecal,ALP-photon-combined,alp_photon_combined,0.9,18.963455266213124,9.0,2.8249544423518833e-15,10.00120851550462,30.239932954939622,0.33072852808263076,True,6.873916195928973,3.1272923195756475,,0.3126914427118968,1881764,904464,104321,1f0ab1ebf5dd4be1e47a6304ed5fc64bb87deaa0380399e30015b05a77c4e78c,bisection_evaluation
production,diphoton_ecal,ALP-photon-combined,alp_photon_combined,0.9,18.964069445171344,9.0,2.8248629520954573e-15,9.997588645991708,30.238179060927028,0.33062799931991693,False,6.87048578436768,3.127102861624028,,0.31278570986992593,1881765,904287,104321,863ae5ea5893682b3ba916ce97fde7454c45054cf2db74a56dffe09680e932e7,bisection_evaluation
production,diphoton_ecal,ALP-photon-combined,alp_photon_combined,0.9,18.964683644021285,9.0,2.824771464802076e-15,9.996973254370284,30.236402642625617,0.33062707136586084,False,6.8700598396250765,3.126913414745207,,0.3127860138445648,1881765,904287,104321,f9a087ee41b6587b4da800b6581088f9aec97dbd442e15596683254a2978ee2e,bisection_evaluation
production,diphoton_ecal,ALP-photon-combined,alp_photon_combined,0.9,18.965912101398917,9.0,2.8245884991040645e-15,9.995766022275289,30.232850103282182,0.3306259908717675,False,6.869231468071767,3.1265345542035217,,0.3127858882687055,1881765,904288,104321,ec8e494844b1098367f6b4956e24a5451f7428603b6cc023315d5af4913d05a0,bisection_evaluation
production,diphoton_ecal,ALP-photon-combined,alp_photon_combined,0.9,18.970826726707205,9.0,2.823856754814626e-15,9.990878974420843,30.218643908624195,0.3306196997003401,False,6.8658347871581435,3.1250441872626995,,0.31278971502543435,1881765,904291,104321,62ac4a351fe651d0d9fed37b439e90755698dd1937e081867221272f766c14ce,bisection_evaluation
production,diphoton_ecal,ALP-photon-combined,alp_photon_combined,0.9,18.98065979822542,9.0,2.8223938348886343e-15,9.984717593095668,30.190216080490664,0.33072693373493045,False,6.862693712411516,3.1220238806841527,,0.3126802387323404,1881764,904504,104321,cef8e11c882e294fa588e65d0bb54807fcf3653108d01700c0d960c6ab0f7359,bisection_evaluation
production,diphoton_ecal,ALP-photon-combined,alp_photon_combined,0.9,19.298023633115207,9.0,2.7759784221998196e-15,9.674108687647635,29.29552168799662,0.3302248306303912,False,6.647887919643483,3.0262207680041517,,0.312816494595329,1881787,904440,104321,3ef5b1902524ea0fbd0d1d166f95f38e6550ef48606be848f3979895c424db1e,bisection_evaluation
production,diphoton_ecal,ALP-photon-combined,alp_photon_combined,0.9,19.948759359920103,9.0,2.685425004637709e-15,9.07951792853603,27.58147107443709,0.32918903796074384,False,6.234846832928451,2.8446710956075787,,0.3133064021677911,1881838,904632,104321,88cefb7f49be556823d693938e8c6d6c0a7282a23859113b7c3ec19201709d3d,bisection_evaluation
production,diphoton_ecal,ALP-photon-combined,alp_photon_combined,0.9,26.009999999999998,9.0,2.0596269587324102e-15,5.490093006284272,16.925031071217212,0.32437713013246694,False,3.7545720611060385,1.735520945178233,,0.3161186783523808,1882165,907536,104321,77db66c7f9b6676b17bdcccedc0aa820cf2c8825e1d54febc2fabbfcb787dec9,coarse
production,diphoton_ecal,ALP-photon-combined,alp_photon_combined,0.9,44.217,9.0,1.211545269842594e-15,1.9695260746337735,6.2131427629490465,0.316993532866923,False,1.3381184668639825,0.6314076077697911,,0.3205886004262214,1882663,910187,104321,ff84e4b517e22e78619545a2ec88e04a61a1aa111371809b31d96bf2435dcff4,coarse
production,diphoton_ecal,ALP-photon-combined,alp_photon_combined,0.9,75.1689,9.0,7.126736881427025e-16,0.6962625474780272,2.2282610611208655,0.3124690188356078,False,0.47147102923808487,0.22479151823994228,,0.3228545310302452,1882956,911719,104321,aa633c108537b1a7eaa790c863f0b6038c9c84c51498e30d4df29aebc5d88c5c,coarse
production,diphoton_ecal,ALP-photon-combined,alp_photon_combined,0.9,127.78712999999999,9.0,4.1921981655453085e-16,0.24393164469884265,0.7877532877559577,0.3096548735375276,False,0.16482313480683045,0.07910850989201222,,0.3243060570910321,1883137,912936,104321,283c4e08bb90bda85f15194af5111b31062ed0030422d2f1d542e3d91807f6ab,coarse
production,diphoton_ecal,ALP-photon-combined,alp_photon_combined,0.9,217.23812099999998,9.0,2.465998920909005e-16,0.08512912813234938,0.27607451737639976,0.3083556169593313,False,0.057493085909696526,0.027636042222652858,,0.32463673514531227,1883223,914108,104321,6deee1e9d7b1c8b5a9a3b438bcaee10362699fe2b069d9d19f81f172c0fd6776,coarse
production,diphoton_ecal,ALP-photon-combined,alp_photon_combined,0.9,369.3048057,9.0,1.4505876005347088e-16,0.029561291290771757,0.0962501026701367,0.30712997150852567,False,0.019935890709037826,0.00962540058173393,,0.3256082586872219,1883268,913847,104321,bcdce2994a3fb75a2c02c00d51345533ba69ca9c45aabceef9aa7edfa36005e5,coarse
production,diphoton_ecal,ALP-photon-combined,alp_photon_combined,0.9,627.81816969,9.0,8.532868238439463e-17,0.010242445749528472,0.0334537152464756,0.3061676610225685,False,0.006910699286114961,0.0033317464634135107,,0.3252881728533337,1883301,913355,104321,330dc0da8aa9766e387fe35a08df82d304efba2eae38ab380b15dd056e55b733,coarse
production,diphoton_ecal,ALP-photon-combined,alp_photon_combined,0.9,1000.0,9.0,5.357089719662998e-17,0.00404305045438134,0.013217302019001296,0.3058907520285925,False,0.0027252809605560965,0.0013177694938252438,,0.32593446673345716,1883316,913679,104321,749751ea493158ffc8c087e8a5fcb8e02d79366e82930057eed85603e7685d46,coarse
production,diphoton_ecal,ALP-SU2L,alp_su2l,1.0,10.0,10.0,7.353352809999993e-10,1921.6810815874746,3834.8767106379787,0.501106352717081,True,,,1921.6810815874746,0.0,610957,352929,114421,52a122c29d20b3163c59a2db2148f7ed1333dbb33d8bb54b39747adf1154059c,coarse
production,diphoton_ecal,ALP-SU2L,alp_su2l,1.0,17.0,10.0,4.3255016529411723e-10,690.213705549489,1392.4676106011498,0.4956766680206752,True,,,690.213705549489,0.0,611377,353946,114421,514e06310bea86dd46a3b6d08161f5e462167b45e0c2b43f126e1bf16630583f,coarse
production,diphoton_ecal,ALP-SU2L,alp_su2l,1.0,28.9,10.0,2.5444127370242193e-10,243.74350503576346,497.5678311204717,0.48986990273643316,True,,,243.74350503576346,0.0,611651,354140,114421,b24f0ad1c506b7d65f772b63a5d907148ec2dc48b8f5d00a425b05c4f03591f1,coarse
production,diphoton_ecal,ALP-SU2L,alp_su2l,1.0,49.129999999999995,10.0,1.4967133747201289e-10,85.27919409109526,175.82221844285098,0.48503081605021553,True,,,85.27919409109526,0.0,611835,353946,114421,da4e70b9092bef10e7094a56c3a5398ed34848dafef0524531f86f9620b6bfc7,coarse
production,diphoton_ecal,ALP-SU2L,alp_su2l,1.0,83.52099999999999,10.0,8.804196321883112e-11,29.765980480990613,61.66305598012655,0.4827198394219048,True,,,29.765980480990613,0.0,611942,354547,114421,8f777ae95442c1b3368138596da9e2f9c060dde32b9994ffafebc2a6371a98b9,coarse
production,diphoton_ecal,ALP-SU2L,alp_su2l,1.0,141.98569999999998,10.0,5.1789390128724186e-11,10.342408853054307,21.517667748992725,0.4806472975463826,True,,,10.342408853054307,0.0,612018,354601,114421,08d344a1fce6ecdf6f54df27c4558e1b7eb66c961d83852a7b4a3e505dc994c8,coarse
production,diphoton_ecal,ALP-SU2L,alp_su2l,1.0,143.16780656013054,10.0,5.1361775993345133e-11,10.172840493199285,21.165904599379033,0.4806239414637509,True,,,10.172840493199285,0.0,612018,354602,114421,4824e0f648017ce7d3144a43386d5be541510ca00a65871b86a15026286f98f9,bisection_evaluation
production,diphoton_ecal,ALP-SU2L,alp_su2l,1.0,143.76254536001835,10.0,5.114929477344261e-11,10.089106194856571,20.992179351567255,0.4806126141497228,True,,,10.089106194856571,0.0,612018,354603,114421,a8a4d76454a5719e5b5388fbdd19e2c3cf8d882be1ce10266442df9423215447,bisection_evaluation
production,diphoton_ecal,ALP-SU2L,alp_su2l,1.0,144.06084060460483,10.0,5.104338402538064e-11,10.037607659366811,20.904968684348827,0.48015415908667625,True,,,10.037607659366811,0.0,612017,354394,114421,1898e8f0b6de278b489fb7ab00ac036eea274731f35318d54c8486d57c68921c,bisection_evaluation
production,diphoton_ecal,ALP-SU2L,alp_su2l,1.0,144.21022024831646,10.0,5.0990510917591066e-11,10.016882066642513,20.861938865431185,0.48015106032358124,True,,,10.016882066642513,0.0,612017,354394,114421,bd6a9a403cb5a6609926eba11734df1af2de0d7584197cd395924bf5d24f7324,bisection_evaluation
production,diphoton_ecal,ALP-SU2L,alp_su2l,1.0,144.2849681456953,10.0,5.096409490540112e-11,10.006535300922925,20.840457088668515,0.48014951199720723,True,,,10.006535300922925,0.0,612017,354394,114421,d527782dcb88481cf0ba300f02442406079610b71756f6be5d413b6d7cab1fe4,bisection_evaluation
production,diphoton_ecal,ALP-SU2L,alp_su2l,1.0,144.32235662204505,10.0,5.095089203162844e-11,10.001365920911075,20.829724473577848,0.48014873809769487,True,,,10.001365920911075,0.0,612017,354394,114421,760f3535b22a3a2f731c66ccac64963556438d42923bef544cda601ec252d6e3,bisection_evaluation
production,diphoton_ecal,ALP-SU2L,alp_su2l,1.0,144.33170525485522,10.0,5.094759184765214e-11,10.000073992638898,20.827042181128736,0.48014854465027723,True,,,10.000073992638898,0.0,612017,354394,114421,ae1bf68f73d099e47c143b3f83701c3222381952b8260c94c484cccfdb8adb36,bisection_evaluation
production,diphoton_ecal,ALP-SU2L,alp_su2l,1.0,144.3363797983457,10.0,5.0945941835824494e-11,9.999428090997677,20.825701164072445,0.48014844793068656,False,,,9.999428090997677,0.0,612017,354394,114421,eca4e2725f1bfcb26db9a541312b2e193450abdd860fe4c3382f2b777c417ff8,bisection_evaluation
production,diphoton_ecal,ALP-SU2L,alp_su2l,1.0,144.34105449323297,10.0,5.0944291877434875e-11,9.998782231016124,20.82436023312093,0.4801483512138425,False,,,9.998782231016124,0.0,612017,354394,114421,0d6626cff29eaa4397bb593be2191b1aeaeedd1ca93f5773e508098d39f04190,bisection_evaluation
production,diphoton_ecal,ALP-SU2L,alp_su2l,1.0,144.359754786848,10.0,5.0937692578222124e-11,9.99619920763298,20.81899737025303,0.4801479643739197,False,,,9.99619920763298,0.0,612017,354394,114421,d59723825420ba32520fc5cb187eb2ba0e892a1c865e6e6232a3e24b400709ce,bisection_evaluation
production,diphoton_ecal,ALP-SU2L,alp_su2l,1.0,146.77350467067376,10.0,5.0100001539782254e-11,9.671004262794497,20.14378699150599,0.48009861635612305,False,,,9.671004262794497,0.0,612017,354446,114421,3075b6fed270e42987190791576592c26965113d2d0d8ec46b49587c808b4950,bisection_evaluation
production,diphoton_ecal,ALP-SU2L,alp_su2l,1.0,151.72275569520235,10.0,4.8465721416055944e-11,9.05794981321751,18.85842233231,0.4803132337161943,False,,,9.05794981321751,0.0,612023,354694,114421,eff1561375ec95002e25573f6c1fd801b669eee9bde39d9a5708119ea4a9aabb,bisection_evaluation
production,diphoton_ecal,ALP-SU2L,alp_su2l,1.0,162.1275564774908,10.0,4.5355354572440655e-11,7.927057884866425,16.527648965625392,0.47962404703496025,False,,,7.927057884866425,0.0,612026,354345,114421,fd077e3c954fd4e2872f1f8959734197b14b1f6898d2bdccda823c14003564eb,bisection_evaluation
production,diphoton_ecal,ALP-SU2L,alp_su2l,1.0,185.1267033888763,10.0,3.972064902248906e-11,6.076223338206701,12.6931937273317,0.478699330423283,False,,,6.076223338206701,0.0,612037,354070,114421,4b43a127da9439f166ec6479ffd51e1a282c09b773af9f3e48629cf1a210e2ba,bisection_evaluation
production,diphoton_ecal,ALP-SU2L,alp_su2l,1.0,241.37568999999996,10.0,3.046434713454364e-11,3.588103236746389,7.483772042968594,0.4794511666236019,False,,,3.588103236746389,0.0,612053,354787,114421,5de66533657f70f311ad3ac4cdc74ac3d5cbd440c635c237a34ec988ca33dd7f,coarse
production,diphoton_ecal,ALP-SU2L,alp_su2l,1.0,410.3386729999999,10.0,1.7920204196790377e-11,1.2416034173460273,2.5978608037573347,0.47793300378152404,False,,,1.2416034173460273,0.0,612082,354312,114421,64540c9556706c87685680a21296bc6cda7570f3d1fabcd6ef8fddeb28775ba0,coarse
production,diphoton_ecal,ALP-SU2L,alp_su2l,1.0,697.5757440999998,10.0,1.0541296586347281e-11,0.42991309616471,0.9005609853872758,0.47738365656583587,False,,,0.42991309616471,0.0,612090,354446,114421,8364bfa0f7b8cd5010b634c9c0e54d8650fcca4a0acf559b985b0a70dd97337c,coarse
production,diphoton_ecal,ALP-SU2L,alp_su2l,1.0,1000.0,10.0,7.353352809999992e-12,0.20960119577847056,0.43857543794876436,0.477913666936717,False,,,0.20960119577847056,0.0,612098,354579,114421,b6348c3e2f99b98b04bd079b75acd2e45972d2fea0d3dd7fdb94f0456fed1db4,coarse
production,diphoton_ecal,ALP-photon-combined,alp_photon_combined,1.0,10.0,10.0,3.903062029501606e-15,18.662698936145436,50.90599044444876,0.366611056443566,True,13.567824953166124,5.094873982979311,,0.2729977052307097,1890177,912817,114321,ae12e08d2f94a7777c0f4081636d79fd1734603192deb972c6a6bebea5292804,coarse
production,diphoton_ecal,ALP-photon-combined,alp_photon_combined,1.0,13.038404810405298,10.0,2.9935119259272942e-15,11.510000100558848,32.265685208364225,0.35672572971037086,True,8.30983176818484,3.200168332374008,,0.2780337362654436,1890842,916388,114321,798dfd8b93b556928910e270c36e67230f7fbd7b8290a6857c8d48ff33565866,bisection_evaluation
production,diphoton_ecal,ALP-photon-combined,alp_photon_combined,1.0,13.93254889544704,10.0,2.801398407994873e-15,10.197655854813318,28.717894601163344,0.35509761409877927,True,7.352708811148531,2.844947043664787,,0.2789804916118997,1890981,917778,114321,af3b404b5c930862e7bf4d51db049828527d3fdf6b3f4a70f453a9f9b8131aa9,bisection_evaluation
production,diphoton_ecal,ALP-photon-combined,alp_photon_combined,1.0,14.048544784107996,10.0,2.778267848721834e-15,10.048701316225957,28.301065708135816,0.3550644141763615,True,7.243974345811167,2.8047269704147904,,0.27911337815225024,1890999,918253,114321,8a9aa6e4b97457a084b8650243dbcf21d3af0764aa525c7213da0b33181be503,bisection_evaluation
production,diphoton_ecal,ALP-photon-combined,alp_photon_combined,1.0,14.077694338270142,10.0,2.7725151120032145e-15,10.003712332901193,28.19767915519691,0.35477076953184217,True,7.208370348074806,2.7953419848263876,,0.27943046459190873,1891002,918211,114321,e8fd964717f2fc719c94278540640c0f2edca0fab8f8b99a36c0a2f71e6109a4,bisection_evaluation
production,diphoton_ecal,ALP-photon-combined,alp_photon_combined,1.0,14.079518192325196,10.0,2.772155961721177e-15,10.001289411048633,28.191224825943554,0.35476604769029907,True,7.206610549644291,2.7946788614043414,,0.2794318558882019,1891002,918211,114321,a664f2a8d94345c67f4473aa77008896f613a86d049a351c6c8a9d63147358a9,bisection_evaluation
production,diphoton_ecal,ALP-photon-combined,alp_photon_combined,1.0,14.080430207960232,10.0,2.7719764040270935e-15,10.000078162446364,28.187998179465904,0.35476368696983657,True,7.205730806556159,2.794347355890205,,0.2794325514758388,1891002,918211,114321,6ee492039475c03215d8400cc43ba6fc0feae451c620c1e96f2a87c237e02c3c,bisection_evaluation
production,diphoton_ecal,ALP-photon-combined,alp_photon_combined,1.0,14.080886237931301,10.0,2.7718866295414556e-15,9.999488013984477,28.186384985749946,0.3547630538304174,False,7.2052909740387605,2.7941970399457166,,0.27943401062514184,1891002,918212,114321,c6d275cf50dce90c777f8e2193bd5ac6ac148f451df4e01ab65ab82a648103b7,bisection_evaluation
production,diphoton_ecal,ALP-photon-combined,alp_photon_combined,1.0,14.081342282672042,10.0,2.7717968579632952e-15,9.99888247729188,28.18477187837707,0.3547618735549487,False,7.204851167537186,2.7940313097546947,,0.2794343583995635,1891002,918212,114321,9ecdbf5c709e4ee37b335c536902e987b70d05b47d433098a5c11942366fc1b2,bisection_evaluation
production,diphoton_ecal,ALP-photon-combined,alp_photon_combined,1.0,14.084991172363562,10.0,2.7710787899958935e-15,9.994126218534255,28.171870127252433,0.3547555122677605,False,7.201393053624394,2.7927331649098615,,0.27943745194359226,1891002,918216,114321,38e7633b5b38cd38d2bfac8496f8ab8a3e6a42477dd86bccc91d3c93803bea1d,bisection_evaluation
production,diphoton_ecal,ALP-photon-combined,alp_photon_combined,1.0,14.092291788595341,10.0,2.7696432120858366e-15,9.984273696973547,28.14612128818481,0.3547300032834276,False,7.194373733868296,2.7898999631052512,,0.2794294355082565,1891004,917991,114321,ed408959dd6a13eb65e0695544514692f86cc72acb6273547708cafe61db6b2a,bisection_evaluation
production,diphoton_ecal,ALP-photon-combined,alp_photon_combined,1.0,14.106904375316521,10.0,2.7667742870157733e-15,9.970173651223035,28.094678898176028,0.35487765093732115,False,7.185530964704593,2.784642686518442,,0.27929731055154206,1891006,918208,114321,0f99085107fff679edcb3828e254db2f68fe2b8c5fc39d2919a74c9d8d0bd02f,bisection_evaluation
production,diphoton_ecal,ALP-photon-combined,alp_photon_combined,1.0,14.165506400310065,10.0,2.7553282736268244e-15,9.87796008083421,27.88990220695165,0.3541769349901878,False,7.1217675244479715,2.7561925563862384,,0.27902446799050773,1891020,917195,114321,4ad1048df5ea5123504d5a2e63210474667d498aee992ea344bc9c4f341f7c30,bisection_evaluation
production,diphoton_ecal,ALP-photon-combined,alp_photon_combined,1.0,14.402359043060581,10.0,2.710015781325907e-15,9.5954392242605,27.084404377267695,0.3542791301814295,False,6.916883466082545,2.6785557581779558,,0.2791488430676175,1891065,917947,114321,43f9148d9d8a42373e7d0c20de959bdc9d08f17839aff3864219266ebd677aed,bisection_evaluation
production,diphoton_ecal,ALP-photon-combined,alp_photon_combined,1.0,14.8880113439267,10.0,2.6216140889050244e-15,9.028018665039149,25.537920175181284,0.3535142487371747,False,6.498600649682894,2.5294180153562547,,0.2801742119953056,1891143,919455,114321,fab7498f55acc4983038e949a3d3a8a023e300c3be3184b53b8576688c6d69a9,bisection_evaluation
production,diphoton_ecal,ALP-photon-combined,alp_photon_combined,1.0,17.0,10.0,2.2959188408832977e-15,7.039816372873659,20.144067676725495,0.34947342740550263,False,5.057347195879752,1.9824691769939073,,0.28160808066427756,1891419,919960,114321,12085580aa8f831b41b497e17a221531aa2be27107ec4cfa85af242ec0af551d,coarse
production,diphoton_ecal,ALP-photon-combined,alp_photon_combined,1.0,28.9,10.0,1.350540494637234e-15,2.5724310039969063,7.581785234827519,0.33929093535652327,False,1.8356667696327895,0.7367642343641168,,0.2864077727330186,1892153,924752,114321,ad145c638cb7af17859c0e1ca96a5bbe7acce95cf2fd827c3b79b5e1eeeaa6a9,coarse
production,diphoton_ecal,ALP-photon-combined,alp_photon_combined,1.0,49.129999999999995,10.0,7.94435585080726e-16,0.9188303129269721,2.762506784617858,0.3326074411991265,False,0.6518409258026687,0.2669893871243035,,0.2905752927042619,1892570,927669,114321,df540d2d217015bff0fefd61f33f5f2bc99f9300273e579ec16ac1056939dcb2,coarse
production,diphoton_ecal,ALP-photon-combined,alp_photon_combined,1.0,83.52099999999999,10.0,4.6731505004748585e-16,0.3239153588448432,0.9861833498110374,0.3284534857609476,False,0.22933253872528225,0.09458282011956091,,0.2919985654797755,1892819,928822,114321,4546fa5ccca0d1d47dd733deda0824577178ae4fe7fddd304264531ec569987e,coarse
production,diphoton_ecal,ALP-photon-combined,alp_photon_combined,1.0,141.98569999999998,10.0,2.748912059102858e-16,0.11330571374272862,0.3476740317221637,0.32589639548712246,False,0.08012875673179343,0.03317695701093519,,0.2928092142490415,1892966,929313,114321,75111137904403e636d3c268d0cf48cc8e99d6c6b2ffd7e05b68809582e4190c,coarse
production,diphoton_ecal,ALP-photon-combined,alp_photon_combined,1.0,241.37568999999996,10.0,1.6170070935899166e-16,0.039451013678207206,0.12164383815327531,0.32431575883439,False,0.027863008856216325,0.01158800482199088,,0.29373148473475374,1893049,929976,114321,922c45de2d1fded0903d35b0318353b5c715ab790c9d83d2697bc7f89a58c61a,coarse
production,diphoton_ecal,ALP-photon-combined,alp_photon_combined,1.0,410.3386729999999,10.0,9.511806432881862e-17,0.01371427609265737,0.04236847442519396,0.3236905807612068,False,0.009685526409416648,0.0040287496832407226,,0.29376320383382953,1893094,930399,114321,f814b4ecaad21ae58d55963f011104870e40bb81a09409b08ae30fa8afb92b7c,coarse
production,diphoton_ecal,ALP-photon-combined,alp_photon_combined,1.0,697.5757440999998,10.0,5.59518025463639e-17,0.004756447779481827,0.01471743473239313,0.32318456755326164,False,0.0033570160174435796,0.0013994317620382474,,0.2942178337529658,1893127,930519,114321,3f1b9f01d370cae9be19a6d570972f4487ee672ffcd2f70b547892f08002145b,coarse
production,diphoton_ecal,ALP-photon-combined,alp_photon_combined,1.0,1000.0,10.0,3.9030620295016065e-17,0.002316631947232021,0.007173705314490977,0.3229338041740291,False,0.0016344184086370581,0.0006822135385949631,,0.29448507753253234,1893138,930645,114321,bff1e20d5cde949b0d205bcd67321468a615d70635f959b0e8df1dc9bf6a879b,coarse
production,diphoton_ecal,ALP-SU2L,alp_su2l,1.05,10.500000000000002,10.500000000000002,6.049621558655353e-10,1559.587498585851,3209.072819813513,0.4859931781406202,True,,,1559.587498585851,0.0,610381,345226,124421,c8b8f1e25704b377c047cdcaceda926eaec59e77059bacfceacb374f70ad5281,coarse
production,diphoton_ecal,ALP-SU2L,alp_su2l,1.05,17.85,10.500000000000002,3.5586009168560905e-10,559.6260319263081,1166.9308581335354,0.479570857198352,True,,,559.6260319263081,0.0,610811,345860,124421,4a76a3f497fc42d9b4abd16204f1192f23b6521e40805bad199b4f177e1bdc9a,coarse
production,diphoton_ecal,ALP-SU2L,alp_su2l,1.05,30.345000000000002,10.500000000000002,2.0932946569741708e-10,197.33902156262795,417.26656686814607,0.4729327418771751,True,,,197.33902156262795,0.0,611073,345787,124421,d05fbc29428aa844ccdaeae8d77e257c041f3438433ce3ae45d0a4204ffb842d,coarse
production,diphoton_ecal,ALP-SU2L,alp_su2l,1.05,51.5865,10.500000000000002,1.2313497982201007e-10,69.13366617057761,147.54960739772972,0.4685452397323108,True,,,69.13366617057761,0.0,611240,346114,124421,6217505930d0763714df0d93b511237655682be8ea4fc308ab824d6341b4a9e0,coarse
production,diphoton_ecal,ALP-SU2L,alp_su2l,1.05,87.69705,10.500000000000002,7.243234107177061e-11,24.106636570619496,51.760298379323395,0.46573604336580365,True,,,24.106636570619496,0.0,611330,346177,124421,4f7d30e0e1aab1e8d6cdf3a58918ac79668c1f5c52e3ff407051018841abbe05,coarse
production,diphoton_ecal,ALP-SU2L,alp_su2l,1.05,114.3429638578354,10.500000000000002,5.555306966229948e-11,14.22171669559439,30.592523875676967,0.46487556088504267,True,,,14.22171669559439,0.0,611363,346310,124421,e11228ebe943ae7531787fe4d5ebdfd6030e371505a1d1072fb7fba25998d6e5,bisection_evaluation
production,diphoton_ecal,ALP-SU2L,alp_su2l,1.05,130.5634675228907,10.500000000000002,4.8651454783662635e-11,10.915062821070387,23.509557716371305,0.46428192962003223,True,,,10.915062821070387,0.0,611379,346433,124421,a1f5658bebefb6e3919cee552ab810ed6251fcc7e8e762ccb1716889e9bf0db4,bisection_evaluation
production,diphoton_ecal,ALP-SU2L,alp_su2l,1.05,134.96611074418314,10.500000000000002,4.7064426777681956e-11,10.22182279172986,22.011034461736845,0.46439538357450183,True,,,10.22182279172986,0.0,611384,346564,124421,6927302279cad8aa206b42e9d98bc0a327b810b9726d8e593effd88c8eacc603,bisection_evaluation
production,diphoton_ecal,ALP-SU2L,alp_su2l,1.05,136.08977548581564,10.500000000000002,4.6675825673988186e-11,10.048025696841982,21.651518668952114,0.46407948793221,True,,,10.048025696841982,0.0,611385,346373,124421,0021fc180bb526124f7467809f618ffab03f1cac114cc1e32e63880a34528c79,bisection_evaluation
production,diphoton_ecal,ALP-SU2L,alp_su2l,1.05,136.37215037534338,10.500000000000002,4.6579177780103456e-11,10.003922103923198,21.562573735443525,0.4639484240918435,True,,,10.003922103923198,0.0,611386,346380,124421,3e5f55ccb8cd35086c07dcc7010505f2d12068a9b0ee4b71f0e59d498267b141,bisection_evaluation
production,diphoton_ecal,ALP-SU2L,alp_su2l,1.05,136.38981824718957,10.500000000000002,4.657314393568387e-11,10.001338537925772,21.557024997739163,0.4639479955594375,True,,,10.001338537925772,0.0,611386,346380,124421,2853b8647fe05b5de1118153e22fb1d238caed26c6827c54023d32dfb101aa8e,bisection_evaluation
production,diphoton_ecal,ALP-SU2L,alp_su2l,1.05,136.3986530414632,10.500000000000002,4.6570127306588396e-11,10.000047004753691,21.554251162682764,0.46394778131132386,True,,,10.000047004753691,0.0,611386,346380,124421,b5cba433765a2be63c0b62ecb9c663c801f53bd1c14c27c22fc3279b8312d93d,bisection_evaluation
production,diphoton_ecal,ALP-SU2L,alp_su2l,1.05,136.40307065320388,10.500000000000002,4.6568619065313695e-11,9.999401300614936,21.552864378583607,0.46394767419178967,False,,,9.999401300614936,0.0,611386,346380,124421,ddd97f270a7d677f426a2e52e20326f0e218dc473213cf45561ddff0f49a8ea3,bisection_evaluation
production,diphoton_ecal,ALP-SU2L,alp_su2l,1.05,136.40748840801996,10.500000000000002,4.656711087288559e-11,9.998755638104138,21.55147768342959,0.4639475670752702,False,,,9.998755638104138,0.0,611386,346380,124421,5f5ac9a7091a2c06fdef959f1c3017ce747460d0dc6208027bd307a7f31ba46b,bisection_evaluation
production,diphoton_ecal,ALP-SU2L,alp_su2l,1.05,136.44283559781954,10.500000000000002,4.655504709174802e-11,9.993591836302853,21.540387323540997,0.46394671025163436,False,,,9.993591836302853,0.0,611386,346380,124421,f58f56346c5cd7951dbb9041bf3bff14a78c14746003bf4bc2a6f9db4b0b246e,bisection_evaluation
production,diphoton_ecal,ALP-SU2L,alp_su2l,1.05,136.51355745827976,10.500000000000002,4.6530928904474585e-11,9.983272219272585,21.518223668514096,0.46394499718303017,False,,,9.983272219272585,0.0,611386,346380,124421,700ce3e05b7b862d847a2b5d1e201885f28bc80ae1a79272a59ed34bd5dcc8a3,bisection_evaluation
production,diphoton_ecal,ALP-SU2L,alp_su2l,1.05,136.655111169124,10.500000000000002,4.648273000727193e-11,9.96767118705876,21.473924610123202,0.46417556958171574,False,,,9.96767118705876,0.0,611385,346312,124421,cd91bfda961a62a74963c7e73f128463c525c7fd0037fbc93eb8160fb57aca0a,bisection_evaluation
production,diphoton_ecal,ALP-SU2L,alp_su2l,1.05,137.2227953347756,10.500000000000002,4.6290433168127885e-11,9.885649215143953,21.297794048409997,0.4641630580460033,False,,,9.885649215143953,0.0,611385,346313,124421,2ec3cc5bc4693d764b9c70febb5466b34b95949cd8729d649644343e4e3b749a,bisection_evaluation
production,diphoton_ecal,ALP-SU2L,alp_su2l,1.05,139.51721254812307,10.500000000000002,4.55291681977743e-11,9.568995176457385,20.60810088897721,0.4643317318761583,False,,,9.568995176457385,0.0,611389,346626,124421,5e8f830a90878177a35515d200025bf36b01ddb0530e11dcc58048beaeaeeae4,bisection_evaluation
production,diphoton_ecal,ALP-SU2L,alp_su2l,1.05,149.08498500000002,10.500000000000002,4.2607259453982715e-11,8.372510294811503,18.063105009088193,0.4635144561579526,False,,,8.372510294811503,0.0,611390,346252,124421,8e14cafe57f24184ce5e68a0fc2d1eb7649172252dbbb8639958d05064a2f578,coarse
production,diphoton_ecal,ALP-SU2L,alp_su2l,1.05,253.4444745,10.500000000000002,2.506309379646042e-11,2.9079005440615036,6.282427045543215,0.46286260436949805,False,,,2.9079005440615036,0.0,611413,346674,124421,f47bbbb0eb989dc9898c6ac212a0df9ff62ddc3538dd4f6c61181bb390724f07,coarse
production,diphoton_ecal,ALP-SU2L,alp_su2l,1.05,430.85560665,10.500000000000002,1.474299635085907e-11,1.0060239269885423,2.1808742332366404,0.4612938754819896,False,,,1.0060239269885423,0.0,611430,346166,124421,4ae9eaa98bf463584f03f3462e7f614b98a8e3266f694920d2a05c9953b4d72f,coarse
production,diphoton_ecal,ALP-SU2L,alp_su2l,1.05,732.454531305,10.500000000000002,8.672350794622983e-12,0.34859807376643354,0.756009692519086,0.46110265148172414,False,,,0.34859807376643354,0.0,611435,346318,124421,11c8c6d4964f1d3d4dda09036261c3116de0cb52ef8aa4d5d9eb54205e7ddb4f,coarse
production,diphoton_ecal,ALP-SU2L,alp_su2l,1.05,1000.0,10.500000000000002,6.352102636588122e-12,0.1871271981438841,0.40587953978121744,0.46104121987708935,False,,,0.1871271981438841,0.0,611441,346330,124421,58c11e9842b6831ab88f63e4192020fc70cb2b8229bdaeb519135ae6bb344d52,coarse
production,diphoton_ecal,ALP-photon-combined,alp_photon_combined,1.05,10.500000000000002,10.500000000000002,3.2101878493602596e-15,12.940166274848432,35.11213601600982,0.3685382817196937,True,9.56656719773391,3.373599077114522,,0.26070755239611765,1892803,918048,124321,3991b4039b8d3f682b0cbdc7ae987dabbe8a6f6d89964e51856c6fa9532978e1,coarse
production,diphoton_ecal,ALP-photon-combined,alp_photon_combined,1.05,11.98951262707198,10.500000000000002,2.811371359847718e-15,10.186346075709249,27.96907922518193,0.3642002653608269,True,7.505971020428835,2.6803750552804138,,0.26313410474754423,1893212,920938,124321,b1c9a587326cfaff5a9daed3dab4aded7c4c430407f3eb84d9e27d3d1ebb8210,bisection_evaluation
production,diphoton_ecal,ALP-photon-combined,alp_photon_combined,1.05,12.089331704128544,10.500000000000002,2.7881584560023032e-15,10.026128100273544,27.570555491150444,0.36365346731921,True,7.383174201630692,2.6429538986428525,,0.26360663580298205,1893235,920924,124321,eb6abf640252ef2d62760a2d446a8317e293e8b252dbd01fcee11300b84958a4,bisection_evaluation
production,diphoton_ecal,ALP-photon-combined,alp_photon_combined,1.05,12.101867380410145,10.500000000000002,2.7852703519826847e-15,10.013410070417867,27.521135549851575,0.36384436435334044,True,7.374057775864378,2.6393522945534897,,0.26358176445313075,1893239,921328,124321,44524174a92904e35945f9f1181a22c6dc8bee9efac9b8dba7bedbe2b8965e3c,bisection_evaluation
production,diphoton_ecal,ALP-photon-combined,alp_photon_combined,1.05,12.10500332996993,10.500000000000002,2.7845487935414274e-15,10.011236308109197,27.50878103978382,0.36392875037358874,True,7.370614191411988,2.6406221166972093,,0.26376583624924327,1893240,921495,124321,71dd1585a115f8819ff86d4470ae11225dfabe29774eea5181a9ddfca7edb870,bisection_evaluation
production,diphoton_ecal,ALP-photon-combined,alp_photon_combined,1.05,12.10657160946793,10.500000000000002,2.784188084422037e-15,10.008303053110287,27.502626731722973,0.36390353367833717,True,7.368275696696094,2.640027356414193,,0.2637837146222056,1893241,921580,124321,38c959c91d6649cb304289498eb518c87723cefb7207cf74e70584b5a5c7a0cb,bisection_evaluation
production,diphoton_ecal,ALP-photon-combined,alp_photon_combined,1.05,12.10735582540797,10.500000000000002,2.7840077473850027e-15,10.00712095702587,27.499536196605437,0.3639014449364116,True,7.367384769445883,2.639736187579987,,0.2637857780390535,1893241,921581,124321,62c6581a7a5005d5cfbf00b2871d98cd3e452792ef9b228d5a2dec40354485cb,bisection_evaluation
production,diphoton_ecal,ALP-photon-combined,alp_photon_combined,1.05,12.10774795242719,10.500000000000002,2.78391758324682e-15,10.006535911282224,27.49799104955585,0.3639006170759464,True,7.366939344754796,2.6395965665274277,,0.26378724764794187,1893241,921582,124321,bc995a86f51a597802dcbafdf9b41fff4561868a69dd824e2fc4dd2337ca8f81,bisection_evaluation
production,diphoton_ecal,ALP-photon-combined,alp_photon_combined,1.05,12.108140092146424,10.500000000000002,2.7838274220287335e-15,9.999126955524167,27.49649578950232,0.36365095509158146,False,7.359684919390234,2.6394420361339335,,0.2639672491282586,1893242,921048,124321,c19e28d1b167af2c3160a09da27b10e7c2e3e7997ca38ab1d88c2e9f6c78ecbc,bisection_evaluation
production,diphoton_ecal,ALP-photon-combined,alp_photon_combined,1.05,12.114416055191883,10.500000000000002,2.7823852395953427e-15,9.985494893368852,27.471803129575765,0.36348159770476096,False,7.352588940233641,2.6329059531352104,,0.26367305589266943,1893243,920684,124321,a424e58794e40588f0ec0d7c2522e3ab6dd874ec7ce21ff18f135b8465765d90,bisection_evaluation
production,diphoton_ecal,ALP-photon-combined,alp_photon_combined,1.05,12.139552454183404,10.500000000000002,2.7766239773252095e-15,9.947184099170183,27.373349378259356,0.36338936685148593,False,7.330566449287497,2.616617649882685,,0.2630510930325467,1893250,920152,124321,06a951a5a9e662426f74cb822c8305df33a1d36126e56ce3a0f57e7f9ec94ca7,bisection_evaluation
production,diphoton_ecal,ALP-photon-combined,alp_photon_combined,1.05,12.189981828155434,10.500000000000002,2.7651372162367867e-15,9.875006582396487,27.177317222904975,0.3633547234041871,False,7.273531584493471,2.6014749979030176,,0.263440330514867,1893260,920580,124321,f3c040d5a3c57e0d7cffea630e46fbb37d533a5d89ed74a44cc14ecb156cb127,bisection_evaluation
production,diphoton_ecal,ALP-photon-combined,alp_photon_combined,1.05,12.39380295035804,10.500000000000002,2.7196634118915846e-15,9.573224161382957,26.40596642202973,0.36254019293898265,False,7.048241252306867,2.5249829090760896,,0.26375470442460924,1893294,920604,124321,97028f0e07f0b1bc95796e825c7facf8b10f4c348f2f6f2ddb8a2ed4f9221cf8,bisection_evaluation
production,diphoton_ecal,ALP-photon-combined,alp_photon_combined,1.05,12.811726076793551,10.500000000000002,2.630947010281282e-15,9.009508925348289,24.92427389151035,0.36147528166977366,False,6.625309578554897,2.384199346793391,,0.26463144290644264,1893386,921135,124321,d96c378da803f905252d9e451ca8ab9afe6c37e55b4ccc0f5e979e9e3890c177,bisection_evaluation
production,diphoton_ecal,ALP-photon-combined,alp_photon_combined,1.05,13.690325050925564,10.500000000000002,2.462101688082556e-15,7.97625864514378,22.189801361473044,0.3594560634054403,False,5.858145803136106,2.1181128420076742,,0.26555217630727834,1893545,922480,124321,0c9e2bc2e27e6b484ec130f59e50bd1e0f1c52c962b67966efc89ec8e05e70c3,bisection_evaluation
production,diphoton_ecal,ALP-photon-combined,alp_photon_combined,1.05,17.85,10.500000000000002,1.8883457937413294e-15,4.8659025845027,13.819421088153971,0.3521061087481992,False,3.5586610065162403,1.3072415779864595,,0.2686534625970242,1894062,925025,124321,0f6daa41de7db0e79072d49cff772ac696591e47b310858c7b2bcb418779c284,coarse
production,diphoton_ecal,ALP-photon-combined,alp_photon_combined,1.05,30.345000000000002,10.500000000000002,1.1107916433772525e-15,1.770626755470346,5.183640937140239,0.3415797461556399,False,1.2864625417323474,0.48416421373799867,,0.2734422781324041,1894745,929817,124321,3feb0812f25a78bce22ce79a90e2ec7872ebafb4f0cdd8994e618c601089e6c0,coarse
production,diphoton_ecal,ALP-photon-combined,alp_photon_combined,1.05,51.5865,10.500000000000002,6.534068490454428e-16,0.6308236055830818,1.884821032694258,0.33468620873852983,False,0.4564887509552994,0.17433485462778237,,0.2763607022388477,1895185,931534,124321,2f50d05610ff58f77a77d13d0f88dde92c2adc9c2e124c0336fb74bee614fc66,coarse
production,diphoton_ecal,ALP-photon-combined,alp_photon_combined,1.05,87.69705,10.500000000000002,3.84356970026731e-16,0.222557486963691,0.6720115469879122,0.33118104586332986,False,0.16084341388077497,0.06171407308291602,,0.27729497634462563,1895413,933345,124321,5b29f4e20bc8f080275284363e2d1d105ed737c77760c7e976fc87856504d33a,coarse
production,diphoton_ecal,ALP-photon-combined,alp_photon_combined,1.05,149.08498500000002,10.500000000000002,2.2609233530984175e-16,0.07774377371673782,0.23673672325993547,0.328397608305897,False,0.05609190561755238,0.021651868099185446,,0.27850292137959226,1895552,933736,124321,ac9835acdfd6406c927e716091a38e9d43c1548f9feec7010b93108a777118d8,coarse
production,diphoton_ecal,ALP-photon-combined,alp_photon_combined,1.05,253.4444745,10.500000000000002,1.3299549135873046e-16,0.027044552548297733,0.08279092431939569,0.32666083596269163,False,0.01948548828119812,0.007559064267099612,,0.27950413502313254,1895612,933963,124321,37d7beaef2be6ad2519099879484e51a975962c533f62c653651d7b65e824196,coarse
production,diphoton_ecal,ALP-photon-combined,alp_photon_combined,1.05,430.85560665,10.500000000000002,7.82326419757238e-17,0.009402709830690343,0.028828981968381205,0.3261547647087561,False,0.006772119155904295,0.0026305906747860486,,0.27976941989636106,1895665,934777,124321,60fc8f3710709e02a1443c6b877114f2a55be85ed05ba4eb2b9076edad113762,coarse
production,diphoton_ecal,ALP-photon-combined,alp_photon_combined,1.05,732.454531305,10.500000000000002,4.601920116219047e-17,0.003262567298015075,0.010012715562346177,0.3258424028626447,False,0.0023503165200731164,0.0009122507779419585,,0.279611328936254,1895703,935027,124321,e62f4ea948f56787bc1917a4c74928aa2c7eddec3f16fe0545a5266f2f726722,coarse
production,diphoton_ecal,ALP-photon-combined,alp_photon_combined,1.05,1000.0,10.500000000000002,3.370697241828273e-17,0.0017511403399620095,0.00537938984476166,0.3255276881758689,False,0.0012610444539239431,0.0004900958860380664,,0.279872420761376,1895715,935207,124321,bdd486b8467be5b685ede4c0171208de37a73bddf7472676d1c9891eb1e32168,coarse
