0.001	0.000010100000000000002	381.00498722431354
0.001	0.00002	381.00498722431354
0.001	0.00004500000000000001	381.00498722431354
0.001	0.00007500000000000001	381.0049872116847
0.001	0.000145	381.0049871848414
0.001	0.00035	381.0049871489606
0.001	0.00065	381.00498688314576
0.001	0.0009	381.00498640118906
0.001	0.00125	381.0049859146678
0.001	0.00175	381.0049854163457
0.001	0.0022500000000000003	381.0049850441441
0.001	0.00275	381.0049847469468
0.001	0.0032500000000000003	381.0049634060999
0.001	0.00375	381.0049254831928
0.001	0.00425	381.0048923139281
0.001	0.00475	381.00486283822
0.001	0.0052499999999999995	381.00483631528226
0.001	0.00575	381.0048122070163
0.001	0.00625	381.0047901102088
0.001	0.00675	381.00476971490514
0.001	0.0072499999999999995	381.0047507776979
0.001	0.00775	381.0047038756116
0.001	0.00825	381.00463157756127
0.001	0.00875	381.0045635348812
0.001	0.00925	381.0044992743641
0.001	0.00975	381.0044383975954
0.001	0.010833333333333334	381.00431655961467
0.001	0.0125	381.0041510791101
0.001	0.014166666666666668	381.0040063416574
0.001	0.01583333333333333	381.0038777214503
0.001	0.0175	381.0037619859816
0.001	0.019166666666666665	381.00365678719555
0.001	0.020833333333333336	349.8974925310893
0.001	0.0225	297.9939663344898
0.001	0.02416666666666667	256.7198610551662
0.001	0.025833333333333333	223.37332851697508
0.001	0.0275	196.057050622235
0.001	0.029166666666666667	173.40750237359396
0.001	0.030833333333333334	154.42470905462864
0.001	0.0325	138.3620589853373
0.001	0.034166666666666665	124.6531477603774
0.001	0.035833333333333335	112.86209776062587
0.001	0.0375	102.64913058653616
0.001	0.03916666666666667	93.74627131046556
0.001	0.04083333333333333	91.00499483293856
0.001	0.042499999999999996	91.00499483293856
0.001	0.04416666666666667	91.00499483293856
0.001	0.04583333333333334	91.00499483293856
0.001	0.0475	91.00499483293856
0.0018421341401406116	0.000010100000000000002	381.0049872251083
0.0018421341401406116	0.00002	381.0049872251083
0.0018421341401406116	0.00004500000000000001	381.0049872251083
0.0018421341401406116	0.00007500000000000001	381.0049872124799
0.0018421341401406116	0.000145	381.0049871856374
0.0018421341401406116	0.00035	381.0049871497577
0.0018421341401406116	0.00065	381.00498688395345
0.0018421341401406116	0.0009	381.0049864020154
0.0018421341401406116	0.00125	381.00498591551326
0.0018421341401406116	0.00175	381.00498541721055
0.0018421341401406116	0.0022500000000000003	381.00498504502343
0.0018421341401406116	0.00275	381.0049847478378
0.0018421341401406116	0.0032500000000000003	381.00496340816784
0.0018421341401406116	0.00375	381.00492548735645
0.0018421341401406116	0.00425	381.004892319924
0.0018421341401406116	0.00475	381.00486284584446
0.0018421341401406116	0.0052499999999999995	381.0048363243723
0.0018421341401406116	0.00575	381.0048122174384
0.0018421341401406116	0.00625	381.0047901218519
0.0018421341401406116	0.00675	381.004769727675
0.0018421341401406116	0.0072499999999999995	381.00475079151414
0.0018421341401406116	0.00775	381.00470389112576
0.0018421341401406116	0.00825	381.0046315953663
0.0018421341401406116	0.00875	381.0045635548422
0.0018421341401406116	0.00925	381.00449929636153
0.0018421341401406116	0.00975	381.00443842152174
0.0018421341401406116	0.010833333333333334	381.0043165874015
0.0018421341401406116	0.0125	381.00415111214056
0.0018421341401406116	0.014166666666666668	381.00400637927413
0.0018421341401406116	0.01583333333333333	381.0038777631426
0.0018421341401406116	0.0175	381.0037620313412
0.0018421341401406116	0.019166666666666665	381.00365683588853
0.0018421341401406116	0.020833333333333336	349.89749257449876
0.0018421341401406116	0.0225	297.99396636705984
0.0018421341401406116	0.02416666666666667	256.7198610797056
0.0018421341401406116	0.025833333333333333	223.37332853546886
0.0018421341401406116	0.0275	196.05705063611578
0.0018421341401406116	0.029166666666666667	173.40750238391337
0.0018421341401406116	0.030833333333333334	154.4247090621722
0.0018421341401406116	0.0325	138.36205899069864
0.0018421341401406116	0.034166666666666665	124.65314776401166
0.0018421341401406116	0.035833333333333335	112.86209776288509
0.0018421341401406116	0.0375	102.6491305876956
0.0018421341401406116	0.03916666666666667	93.74627131074232
0.0018421341401406116	0.04083333333333333	91.0049948329589
0.0018421341401406116	0.042499999999999996	91.0049948329589
0.0018421341401406116	0.04416666666666667	91.0049948329589
0.0018421341401406116	0.04583333333333334	91.0049948329589
0.0018421341401406116	0.0475	91.0049948329589
0.0033934581902715904	0.000010100000000000002	381.00498722780355
0.0033934581902715904	0.00002	381.00498722780355
0.0033934581902715904	0.00004500000000000001	381.00498722780355
0.0033934581902715904	0.00007500000000000001	381.0049872151767
0.0033934581902715904	0.000145	381.0049871883373
0.0033934581902715904	0.00035	381.0049871524615
0.0033934581902715904	0.00065	381.0049868866923
0.0033934581902715904	0.0009	381.00498640481817
0.0033934581902715904	0.00125	381.0049859183803
0.0033934581902715904	0.00175	381.00498542014384
0.0033934581902715904	0.0022500000000000003	381.00498504800584
0.0033934581902715904	0.00275	381.00498475085953
0.0033934581902715904	0.0032500000000000003	381.00496341518334
0.0033934581902715904	0.00375	381.0049255014805
0.0033934581902715904	0.00425	381.00489234026645
0.0033934581902715904	0.00475	381.00486287171253
0.0033934581902715904	0.0052499999999999995	381.0048363552125
0.0033934581902715904	0.00575	381.00481225279793
0.0033934581902715904	0.00625	381.0047901613532
0.0033934581902715904	0.00675	381.0047697709998
0.0033934581902715904	0.0072499999999999995	381.004750838389
0.0033934581902715904	0.00775	381.00470394376157
0.0033934581902715904	0.00825	381.0046316557757
0.0033934581902715904	0.00875	381.0045636225679
0.0033934581902715904	0.00925	381.0044993709963
0.0033934581902715904	0.00975	381.0044385027021
0.0033934581902715904	0.010833333333333334	381.00431668168204
0.0033934581902715904	0.0125	381.00415122421356
0.0033934581902715904	0.014166666666666668	381.0040065069092
0.0033934581902715904	0.01583333333333333	381.0038779046071
0.0033934581902715904	0.0175	381.00376218524974
0.0033934581902715904	0.019166666666666665	381.0036570011082
0.0033934581902715904	0.020833333333333336	349.89749272179074
0.0033934581902715904	0.0225	297.99396647757374
0.0033934581902715904	0.02416666666666667	256.7198611629703
0.0033934581902715904	0.025833333333333333	223.37332859822047
0.0033934581902715904	0.0275	196.05705068321404
0.0033934581902715904	0.029166666666666667	173.4075024189286
0.0033934581902715904	0.030833333333333334	154.4247090877682
0.0033934581902715904	0.0325	138.3620590088906
0.0033934581902715904	0.034166666666666665	124.65314777634309
0.0033934581902715904	0.035833333333333335	112.8620977705508
0.0033934581902715904	0.0375	102.64913059162976
0.0033934581902715904	0.03916666666666667	93.74627131168155
0.0033934581902715904	0.04083333333333333	91.004994833028
0.0033934581902715904	0.042499999999999996	91.004994833028
0.0033934581902715904	0.04416666666666667	91.004994833028
0.0033934581902715904	0.04583333333333334	91.004994833028
0.0033934581902715904	0.0475	91.004994833028
0.006251205185439065	0.000010100000000000002	381.0049872369283
0.006251205185439065	0.00002	381.0049872369283
0.006251205185439065	0.00004500000000000001	381.0049872369283
0.006251205185439065	0.00007500000000000001	381.0049872243065
0.006251205185439065	0.000145	381.00498719747804
0.006251205185439065	0.00035	381.0049871616171
0.006251205185439065	0.00065	381.0049868959667
0.006251205185439065	0.0009	381.0049864143088
0.006251205185439065	0.00125	381.00498592808987
0.006251205185439065	0.00175	381.00498543007745
0.006251205185439065	0.0022500000000000003	381.0049850581065
0.006251205185439065	0.00275	381.00498476109385
0.006251205185439065	0.0032500000000000003	381.0049634389605
0.006251205185439065	0.00375	381.00492554936636
0.006251205185439065	0.00425	381.00489240923855
0.006251205185439065	0.00475	381.00486295942306
0.006251205185439065	0.0052499999999999995	381.00483645978403
0.006251205185439065	0.00575	381.0048123726958
0.006251205185439065	0.00625	381.00479029529885
0.006251205185439065	0.00675	381.00476991791123
0.006251205185439065	0.0072499999999999995	381.004750997339
0.006251205185439065	0.00775	381.0047041222549
0.006251205185439065	0.00825	381.00463186064206
0.006251205185439065	0.00875	381.00456385225465
0.006251205185439065	0.00925	381.0044996241244
0.006251205185439065	0.00975	381.0044387780368
0.006251205185439065	0.010833333333333334	381.0043170014611
0.006251205185439065	0.0125	381.00415160435665
0.006251205185439065	0.014166666666666668	381.0040069398499
0.006251205185439065	0.01583333333333333	381.003878384466
0.006251205185439065	0.0175	381.00376270732676
0.006251205185439065	0.019166666666666665	381.0036575615595
0.006251205185439065	0.020833333333333336	349.8974932214321
0.006251205185439065	0.0225	297.9939668524554
0.006251205185439065	0.02416666666666667	256.71986144541944
0.006251205185439065	0.025833333333333333	223.373328811085
0.006251205185439065	0.0275	196.05705084298037
0.006251205185439065	0.029166666666666667	173.40750253770673
0.006251205185439065	0.030833333333333334	154.42470917459428
0.006251205185439065	0.0325	138.36205907060122
0.006251205185439065	0.034166666666666665	124.65314781817348
0.006251205185439065	0.035833333333333335	112.86209779655442
0.006251205185439065	0.0375	102.64913060497533
0.006251205185439065	0.03916666666666667	93.74627131486781
0.006251205185439065	0.04083333333333333	91.0049948332625
0.006251205185439065	0.042499999999999996	91.0049948332625
0.006251205185439065	0.04416666666666667	91.0049948332625
0.006251205185439065	0.04583333333333334	91.0049948332625
0.006251205185439065	0.0475	91.0049948332625
0.011515558489121325	0.000010100000000000002	381.00498726765903
0.011515558489121325	0.00002	381.00498726765903
0.011515558489121325	0.00004500000000000001	381.00498726765903
0.011515558489121325	0.00007500000000000001	381.00498725505435
0.011515558489121325	0.000145	381.00498722826285
0.011515558489121325	0.00035	381.00498719245144
0.011515558489121325	0.00065	381.00498692720464
0.011515558489121325	0.0009	381.00498644628345
0.011515558489121325	0.00125	381.0049859608087
0.011515558489121325	0.00175	381.0049854635579
0.011515558489121325	0.0022500000000000003	381.00498509215623
0.011515558489121325	0.00275	381.0049847955982
0.011515558489121325	0.0032500000000000003	381.0049635193201
0.011515558489121325	0.00375	381.00492571135374
0.011515558489121325	0.00425	381.004892642622
0.011515558489121325	0.00475	381.0048632562521
0.011515558489121325	0.0052499999999999995	381.00483681370315
0.011515558489121325	0.00575	381.004812778507
0.011515558489121325	0.00625	381.00479074867286
0.011515558489121325	0.00675	381.0047704151855
0.011515558489121325	0.0072499999999999995	381.00475153537525
0.011515558489121325	0.00775	381.0047047265297
0.011515558489121325	0.00825	381.0046325543414
0.011515558489121325	0.00875	381.00456463011557
0.011515558489121325	0.00925	381.0045004814684
0.011515558489121325	0.00975	381.0044397106793
0.011515558489121325	0.010833333333333334	381.00431808480346
0.011515558489121325	0.0125	381.0041528923807
0.011515558489121325	0.014166666666666668	381.0040084068979
0.011515558489121325	0.01583333333333333	381.00388001060304
0.011515558489121325	0.0175	381.0037644766155
0.011515558489121325	0.019166666666666665	381.0036594609676
0.011515558489121325	0.020833333333333336	349.8974949147756
0.011515558489121325	0.0225	297.99396812297573
0.011515558489121325	0.02416666666666667	256.7198624026737
0.011515558489121325	0.025833333333333333	223.37332953250962
0.011515558489121325	0.0275	196.05705138444827
0.011515558489121325	0.029166666666666667	173.40750294026083
0.011515558489121325	0.030833333333333334	154.42470946885945
0.011515558489121325	0.0325	138.3620592797464
0.011515558489121325	0.034166666666666665	124.65314795994253
0.011515558489121325	0.035833333333333335	112.86209788468466
0.011515558489121325	0.0375	102.64913065020598
0.011515558489121325	0.03916666666666667	93.74627132566708
0.011515558489121325	0.04083333333333333	91.00499483405805
0.011515558489121325	0.042499999999999996	91.00499483405805
0.011515558489121325	0.04416666666666667	91.00499483405805
0.011515558489121325	0.04583333333333334	91.00499483405805
0.011515558489121325	0.0475	91.00499483405805
0.020000000000000004	0.000010100000000000002	380.97300039257453
0.020000000000000004	0.00002	380.97300039257453
0.020000000000000004	0.00004500000000000001	380.97300039257453
0.020000000000000004	0.00007500000000000001	380.89032501158414
0.020000000000000004	0.000145	380.7146550612053
0.020000000000000004	0.00035	380.4799673504645
0.020000000000000004	0.00065	379.95822827535244
0.020000000000000004	0.0009	379.17747738009825
0.020000000000000004	0.00125	378.3909601375426
0.020000000000000004	0.00175	377.5870564534073
0.020000000000000004	0.0022500000000000003	376.98772730481187
0.020000000000000004	0.00275	376.50985535179416
0.020000000000000004	0.0032500000000000003	373.07207225559773
0.020000000000000004	0.00375	367.36505880411636
0.020000000000000004	0.00425	362.4450388773994
0.020000000000000004	0.00475	358.1282088795836
0.020000000000000004	0.0052499999999999995	354.2877875478486
0.020000000000000004	0.00575	350.83274276488265
0.020000000000000004	0.00625	347.695569700207
0.020000000000000004	0.00675	344.82486742073013
0.020000000000000004	0.0072499999999999995	342.18062121037724
0.020000000000000004	0.00775	340.92724331111685
0.020000000000000004	0.00825	340.91581029882684
0.020000000000000004	0.00875	340.90505056717336
0.020000000000000004	0.00925	340.8948892269458
0.020000000000000004	0.00975	340.88526322740114
0.020000000000000004	0.010833333333333334	340.8659986876063
0.020000000000000004	0.0125	340.83983529818164
0.020000000000000004	0.014166666666666668	340.8169531378181
0.020000000000000004	0.01583333333333333	340.79662030333816
0.020000000000000004	0.0175	340.77832537456
0.020000000000000004	0.019166666666666665	340.76169688321386
0.020000000000000004	0.020833333333333336	333.7969482760294
0.020000000000000004	0.0225	321.06506697751064
0.020000000000000004	0.02416666666666667	309.6785996211713
0.020000000000000004	0.025833333333333333	299.4164064774666
0.020000000000000004	0.0275	290.1050802051584
0.020000000000000004	0.029166666666666667	281.6064701181697
0.020000000000000004	0.030833333333333334	273.8089729551506
0.020000000000000004	0.0325	266.6213161843028
0.020000000000000004	0.034166666666666665	259.9680324925765
0.020000000000000004	0.035833333333333335	253.78610737417242
0.020000000000000004	0.0375	248.02245662249496
0.020000000000000004	0.03916666666666667	242.6320013905683
0.020000000000000004	0.04083333333333333	240.89425374079883
0.020000000000000004	0.042499999999999996	240.89425374079883
0.020000000000000004	0.04416666666666667	240.89425374079883
0.020000000000000004	0.04583333333333334	240.89425374079883
0.020000000000000004	0.0475	240.89425374079883
0.021213203435596434	0.000010100000000000002	380.97982559208066
0.021213203435596434	0.00002	380.97982559208066
0.021213203435596434	0.00004500000000000001	380.97982559208066
0.021213203435596434	0.00007500000000000001	380.9147976570168
0.021213203435596434	0.000145	380.7766152724338
0.021213203435596434	0.00035	380.59198814047073
0.021213203435596434	0.00065	380.1819584423767
0.021213203435596434	0.0009	379.56837496457666
0.021213203435596434	0.00125	378.94998538960476
0.021213203435596434	0.00175	378.31764061767706
0.021213203435596434	0.0022500000000000003	377.8460245651163
0.021213203435596434	0.00275	377.4698686024116
0.021213203435596434	0.0032500000000000003	373.98004719982583
0.021213203435596434	0.00375	368.10524149246834
0.021213203435596434	0.00425	363.0425523946249
0.021213203435596434	0.00475	358.602078077731
0.021213203435596434	0.0052499999999999995	354.65287716111703
0.021213203435596434	0.00575	351.1009599868469
0.021213203435596434	0.00625	347.8766482887731
0.021213203435596434	0.00675	344.9268998623371
0.021213203435596434	0.0072499999999999995	342.21043205762714
0.021213203435596434	0.00775	340.9228067938851
0.021213203435596434	0.00825	340.910658278974
0.021213203435596434	0.00875	340.89922520335153
0.021213203435596434	0.00925	340.88842798722703
0.021213203435596434	0.00975	340.87819963089294
0.021213203435596434	0.010833333333333334	340.85772964707166
0.021213203435596434	0.0125	340.82992924644054
0.021213203435596434	0.014166666666666668	340.80561548685404
0.021213203435596434	0.01583333333333333	340.7840106348874
0.021213203435596434	0.0175	340.76457124850083
0.021213203435596434	0.019166666666666665	340.7469026018832
0.021213203435596434	0.020833333333333336	332.94952661981193
0.021213203435596434	0.0225	318.7458471709554
0.021213203435596434	0.02416666666666667	306.1006722107676
0.021213203435596434	0.025833333333333333	294.7521273842174
0.021213203435596434	0.0275	284.49573639997953
0.021213203435596434	0.029166666666666667	275.169243765899
0.021213203435596434	0.030833333333333334	266.64206228057895
0.021213203435596434	0.0325	258.80776900611136
0.021213203435596434	0.034166666666666665	251.57866201608658
0.021213203435596434	0.035833333333333335	244.88174165242222
0.021213203435596434	0.0375	238.65569623930108
0.021213203435596434	0.03916666666666667	232.84860880325357
0.021213203435596434	0.04083333333333333	230.97985941160783
0.021213203435596434	0.042499999999999996	230.97985941160783
0.021213203435596434	0.04416666666666667	230.97985941160783
0.021213203435596434	0.04583333333333334	230.97985941160783
0.021213203435596434	0.0475	230.97985941160783
0.03907756627046028	0.000010100000000000002	381.00308882536945
0.03907756627046028	0.00002	381.00308882536945
0.03907756627046028	0.00004500000000000001	381.00308882536945
0.03907756627046028	0.00007500000000000001	380.99817992906026
0.03907756627046028	0.000145	380.98774610073934
0.03907756627046028	0.00035	380.973799873713
0.03907756627046028	0.00065	380.94299740534046
0.03907756627046028	0.0009	380.8969325146021
0.03907756627046028	0.00125	380.85043705087253
0.03907756627046028	0.00175	380.8028196805035
0.03907756627046028	0.0022500000000000003	380.7672576815662
0.03907756627046028	0.00275	380.73886435843093
0.03907756627046028	0.0032500000000000003	377.06676147768945
0.03907756627046028	0.00375	370.611211607059
0.03907756627046028	0.00425	365.05553977298575
0.03907756627046028	0.00475	360.18844545469716
0.03907756627046028	0.0052499999999999995	355.86440888471293
0.03907756627046028	0.00575	351.97908863625634
0.03907756627046028	0.00625	348.4552074097313
0.03907756627046028	0.00675	345.23399030437525
0.03907756627046028	0.0072499999999999995	342.26973006121614
0.03907756627046028	0.00775	340.860483637086
0.03907756627046028	0.00825	340.8378758296494
0.03907756627046028	0.00875	340.8166000544527
0.03907756627046028	0.00925	340.7965081125003
0.03907756627046028	0.00975	340.7774752358192
0.03907756627046028	0.010833333333333334	340.7393862648355
0.03907756627046028	0.0125	340.68766057298495
0.03907756627046028	0.014166666666666668	340.6424251377028
0.03907756627046028	0.01583333333333333	340.6022319223012
0.03907756627046028	0.0175	340.56606916961255
0.03907756627046028	0.019166666666666665	340.5332020347623
0.03907756627046028	0.020833333333333336	332.746126158122
0.03907756627046028	0.0225	318.5734367919736
0.03907756627046028	0.02416666666666667	305.9549988644198
0.03907756627046028	0.025833333333333333	294.62973719875873
0.03907756627046028	0.0275	284.393786590736
0.03907756627046028	0.029166666666666667	275.08536687281367
0.03907756627046028	0.030833333333333334	266.5742661580506
0.03907756627046028	0.0325	258.7543618162503
0.03907756627046028	0.034166666666666665	251.538195071897
0.03907756627046028	0.035833333333333335	244.8529652394743
0.03907756627046028	0.0375	238.63752502984744
0.03907756627046028	0.03916666666666667	232.8400944655599
0.03907756627046028	0.04083333333333333	230.97440357333352
0.03907756627046028	0.042499999999999996	230.97440357333352
0.03907756627046028	0.04416666666666667	230.97440357333352
0.03907756627046028	0.04583333333333334	230.97440357333352
0.03907756627046028	0.0475	230.97440357333352
0.049999999999999996	0.000010100000000000002	381.00438158207834
0.049999999999999996	0.00002	381.00438158207834
0.049999999999999996	0.00004500000000000001	381.00438158207834
0.049999999999999996	0.00007500000000000001	381.00281285748713
0.049999999999999996	0.000145	380.99947849752346
0.049999999999999996	0.00035	380.99502157605434
0.049999999999999996	0.00065	380.98519326441834
0.049999999999999996	0.0009	380.9705012727433
0.049999999999999996	0.00125	380.95567072632366
0.049999999999999996	0.00175	380.9404810498023
0.049999999999999996	0.0022500000000000003	380.9291361258909
0.049999999999999996	0.00275	380.9200776216975
0.049999999999999996	0.0032500000000000003	377.2368069529379
0.049999999999999996	0.00375	370.7471957247109
0.049999999999999996	0.00425	365.1626505134865
0.049999999999999996	0.00475	360.27060100667353
0.049999999999999996	0.0052499999999999995	355.9246633354654
0.049999999999999996	0.00575	352.01988311703724
0.049999999999999996	0.00625	348.4785335073754
0.049999999999999996	0.00675	345.2415007572661
0.049999999999999996	0.0072499999999999995	342.2628162825037
0.049999999999999996	0.00775	340.8429922620337
0.049999999999999996	0.00825	340.8130992398851
0.049999999999999996	0.00875	340.7849680721831
0.049999999999999996	0.00925	340.75840270725513
0.049999999999999996	0.00975	340.7332380934519
0.049999999999999996	0.010833333333333334	340.6828795287553
0.049999999999999996	0.0125	340.6144943537618
0.049999999999999996	0.014166666666666668	340.55469251906726
0.049999999999999996	0.01583333333333333	340.50155871230356
0.049999999999999996	0.0175	340.4537547415477
0.049999999999999996	0.019166666666666665	340.41030870625576
0.049999999999999996	0.020833333333333336	332.6285579895131
0.049999999999999996	0.0225	318.4741536514684
0.049999999999999996	0.02416666666666667	305.871488623458
0.049999999999999996	0.025833333333333333	294.5599599461848
0.049999999999999996	0.0275	284.33606347435176
0.049999999999999996	0.029166666666666667	275.0382998693411
0.049999999999999996	0.030833333333333334	266.5366789735181
0.049999999999999996	0.0325	258.72525556354356
0.049999999999999996	0.034166666666666665	251.51671449740138
0.049999999999999996	0.035833333333333335	244.83837261961614
0.049999999999999996	0.0375	238.6291797363092
0.049999999999999996	0.03916666666666667	232.83743678238815
0.049999999999999996	0.04083333333333333	230.97354702417078
0.049999999999999996	0.042499999999999996	230.97354702417078
0.049999999999999996	0.04416666666666667	230.97354702417078
0.049999999999999996	0.04583333333333334	230.97354702417078
0.049999999999999996	0.0475	230.97354702417078
0.07198611894042208	0.000010100000000000002	381.00489562172385
0.07198611894042208	0.00002	381.00489562172385
0.07198611894042208	0.00004500000000000001	381.00489562172385
0.07198611894042208	0.00007500000000000001	381.0046549614632
0.07198611894042208	0.000145	381.0041434297936
0.07198611894042208	0.00035	381.0034596775173
0.07198611894042208	0.00065	381.00195625568
0.07198611894042208	0.0009	380.99971077581586
0.07198611894042208	0.00125	380.9974440452572
0.07198611894042208	0.00175	380.99512234703457
0.07198611894042208	0.0022500000000000003	380.9933882569903
0.07198611894042208	0.00275	380.9920036184981
0.07198611894042208	0.0032500000000000003	379.3895268196354
0.07198611894042208	0.00375	376.54244781586834
0.07198611894042208	0.00425	374.0697719964588
0.07198611894042208	0.00475	371.8860696771552
0.07198611894042208	0.0052499999999999995	369.93202097917185
0.07198611894042208	0.00575	368.1647797328026
0.07198611894042208	0.00625	366.5524033317489
0.07198611894042208	0.00675	365.0704508922312
0.07198611894042208	0.0072499999999999995	363.69981055719126
0.07198611894042208	0.00775	361.5579193732118
0.07198611894042208	0.00825	358.72739287569243
0.07198611894042208	0.00875	356.08371146420984
0.07198611894042208	0.00925	353.6048700832792
0.07198611894042208	0.00975	351.27247508380395
0.07198611894042208	0.010833333333333334	346.6505540654346
0.07198611894042208	0.0125	340.4702896308033
0.07198611894042208	0.014166666666666668	335.1551224531067
0.07198611894042208	0.01583333333333333	330.5014959345692
0.07198611894042208	0.0175	326.36930873691267
0.07198611894042208	0.019166666666666665	322.6581589782923
0.07198611894042208	0.020833333333333336	314.7182748981305
0.07198611894042208	0.0225	303.3209992160017
0.07198611894042208	0.02416666666666667	293.1083930039464
0.07198611894042208	0.025833333333333333	283.8875895296956
0.07198611894042208	0.0275	275.50707739709435
0.07198611894042208	0.029166666666666667	267.8459454362455
0.07198611894042208	0.030833333333333334	260.80636173820005
0.07198611894042208	0.0325	254.3081965135571
0.07198611894042208	0.034166666666666665	248.28510181977782
0.07198611894042208	0.035833333333333335	242.68160334849787
0.07198611894042208	0.0375	237.45090919091356
0.07198611894042208	0.03916666666666667	232.55323554457192
0.07198611894042208	0.04083333333333333	230.97315941120772
0.07198611894042208	0.042499999999999996	230.97315941120772
0.07198611894042208	0.04416666666666667	230.97315941120772
0.07198611894042208	0.04583333333333334	230.97315941120772
0.07198611894042208	0.0475	230.97315941120772
0.1	0.000010100000000000002	381.00498131958346
0.1	0.00002	381.00498131958346
0.1	0.00004500000000000001	381.00498131958346
0.1	0.00007500000000000001	381.00495988412916
0.1	0.000145	381.00491432229194
0.1	0.00035	381.00485342077553
0.1	0.00065	381.0047196669527
0.1	0.0009	381.00451996483673
0.1	0.00125	381.0043183716993
0.1	0.00175	381.0041118888447
0.1	0.0022500000000000003	381.0039576648393
0.1	0.00275	381.0038345193941
0.1	0.0032500000000000003	380.7988391157168
0.1	0.00375	380.43271721622705
0.1	0.00425	380.11277732317217
0.1	0.00475	379.8286900487938
0.1	0.0052499999999999995	379.57324308235707
0.1	0.00575	379.34120126832573
0.1	0.00625	379.1286443026145
0.1	0.00675	378.93256039243573
0.1	0.0072499999999999995	378.7505856569035
0.1	0.00775	376.57695001535467
0.1	0.00825	372.628862134951
0.1	0.00875	368.9509703348951
0.1	0.00925	365.5108508509142
0.1	0.00975	362.28146793545176
0.1	0.010833333333333334	355.90366457253475
0.1	0.0125	347.42075042955906
0.1	0.014166666666666668	340.16709727744905
0.1	0.01583333333333333	333.84836038825074
0.1	0.0175	328.2629989044767
0.1	0.019166666666666665	323.2672454514409
0.1	0.020833333333333336	314.7365373494673
0.1	0.0225	303.3365691810588
0.1	0.02416666666666667	293.12161633120354
0.1	0.025833333333333333	283.8987495632128
0.1	0.0275	275.51640929747833
0.1	0.029166666666666667	267.8536465969313
0.1	0.030833333333333334	260.81259951436243
0.1	0.0325	254.31311405858284
0.1	0.034166666666666665	248.28882256185946
0.1	0.035833333333333335	242.6842344723009
0.1	0.0375	237.45254437952067
0.1	0.03916666666666667	232.5539571634034
0.1	0.04083333333333333	230.97359027305285
0.1	0.042499999999999996	230.97359027305285
0.1	0.04416666666666667	230.97359027305285
0.1	0.04583333333333334	230.97359027305285
0.1	0.0475	230.97359027305285
0.13000000000000003	0.000010100000000000002	381.0049902160858
0.13000000000000003	0.00002	381.0049902160858
0.13000000000000003	0.00004500000000000001	381.0049902160858
0.13000000000000003	0.00007500000000000001	381.0049900712746
0.13000000000000003	0.000145	381.0049897634732
0.13000000000000003	0.00035	381.0049893520419
0.13000000000000003	0.00065	381.00498830142385
0.13000000000000003	0.0009	381.0049866659041
0.13000000000000003	0.00125	381.00498501489665
0.13000000000000003	0.00175	381.0049833238424
0.13000000000000003	0.0022500000000000003	381.0049820607771
0.13000000000000003	0.00275	381.0049810522391
0.13000000000000003	0.0032500000000000003	381.0036379235164
0.13000000000000003	0.00375	381.00123746335754
0.13000000000000003	0.00425	380.99913791344534
0.13000000000000003	0.00475	380.99727216805326
0.13000000000000003	0.0052499999999999995	380.9955933340073
0.13000000000000003	0.00575	380.994067348811
0.13000000000000003	0.00625	380.99266868853414
0.13000000000000003	0.00675	380.9913777327401
0.13000000000000003	0.0072499999999999995	380.9901790735115
0.13000000000000003	0.00775	380.74605131918884
0.13000000000000003	0.00825	380.2820885770802
0.13000000000000003	0.00875	379.8459504488409
0.13000000000000003	0.00925	379.43451433158845
0.13000000000000003	0.00975	379.0451541076738
0.13000000000000003	0.010833333333333334	378.2670929939237
0.13000000000000003	0.0125	377.2128860622912
0.13000000000000003	0.014166666666666668	376.293232995217
0.13000000000000003	0.01583333333333333	375.47786934302667
0.13000000000000003	0.0175	374.7456960822932
0.13000000000000003	0.019166666666666665	374.0814192170623
0.13000000000000003	0.020833333333333336	363.22185387382916
0.13000000000000003	0.0225	344.1366537462848
0.13000000000000003	0.02416666666666667	327.31486741152764
0.13000000000000003	0.025833333333333333	312.35801983361256
0.13000000000000003	0.0275	298.95788428541226
0.13000000000000003	0.029166666666666667	286.87201524816766
0.13000000000000003	0.030833333333333334	275.9068874543023
0.13000000000000003	0.0325	265.9060053341235
0.13000000000000003	0.034166666666666665	256.74134522869576
0.13000000000000003	0.035833333333333335	248.30708378620048
0.13000000000000003	0.0375	240.51492676990117
0.13000000000000003	0.03916666666666667	233.2905787906133
0.13000000000000003	0.04083333333333333	230.97480430643407
0.13000000000000003	0.042499999999999996	230.97480430643407
0.13000000000000003	0.04416666666666667	230.97480430643407
0.13000000000000003	0.04583333333333334	230.97480430643407
0.13000000000000003	0.0475	230.97480430643407
0.13260808731637422	0.000010100000000000002	381.00499029949094
0.13260808731637422	0.00002	381.00499029949094
0.13260808731637422	0.00004500000000000001	381.00499029949094
0.13260808731637422	0.00007500000000000001	381.00499024961186
0.13260808731637422	0.000145	381.0049901435926
0.13260808731637422	0.00035	381.0049900018787
0.13260808731637422	0.00065	381.0049895391961
0.13260808731637422	0.0009	381.00498877948417
0.13260808731637422	0.00125	381.00498801257834
0.13260808731637422	0.00175	381.00498722706993
0.13260808731637422	0.0022500000000000003	381.0049866403663
0.13260808731637422	0.00275	381.0049861718924
0.13260808731637422	0.0032500000000000003	381.0045975335426
0.13260808731637422	0.00375	381.0039030876639
0.13260808731637422	0.00425	381.00329569166223
0.13260808731637422	0.00475	381.00275593289035
0.13260808731637422	0.0052499999999999995	381.00227024582756
0.13260808731637422	0.00575	381.00182877665185
0.13260808731637422	0.00625	381.0014241416095
0.13260808731637422	0.00675	381.00105066473935
0.13260808731637422	0.0072499999999999995	381.0007038887006
0.13260808731637422	0.00775	380.93651967605285
0.13260808731637422	0.00825	380.81448312741884
0.13260808731637422	0.00875	380.6996651837408
0.13260808731637422	0.00925	380.59126118042167
0.13260808731637422	0.00975	380.4885938327294
0.13260808731637422	0.010833333333333334	380.283199850134
0.13260808731637422	0.0125	380.0044109202582
0.13260808731637422	0.014166666666666668	379.760735766466
0.13260808731637422	0.01583333333333333	379.54432612062163
0.13260808731637422	0.0175	379.34970101259967
0.13260808731637422	0.019166666666666665	379.1728813214884
0.13260808731637422	0.020833333333333336	368.08102393271446
0.13260808731637422	0.0225	348.1877325420016
0.13260808731637422	0.02416666666666667	330.6805077718334
0.13260808731637422	0.025833333333333333	315.1363719933572
0.13260808731637422	0.0275	301.22861499869043
0.13260808731637422	0.029166666666666667	288.7005971577228
0.13260808731637422	0.030833333333333334	277.3477209786623
0.13260808731637422	0.0325	267.0047334187662
0.13260808731637422	0.034166666666666665	257.5365981372084
0.13260808731637422	0.035833333333333335	248.83181375983588
0.13260808731637422	0.0375	240.79744254614894
0.13260808731637422	0.03916666666666667	233.35535711303442
0.13260808731637422	0.04083333333333333	230.9712099134343
0.13260808731637422	0.042499999999999996	230.9712099134343
0.13260808731637422	0.04416666666666667	230.9712099134343
0.13260808731637422	0.04583333333333334	230.9712099134343
0.13260808731637422	0.0475	230.9712099134343
0.15	0.000010100000000000002	381.00499074052857
0.15	0.00002	381.00499074052857
0.15	0.00004500000000000001	381.00499074052857
0.15	0.00007500000000000001	381.00499001375243
0.15	0.000145	381.0049884689634
0.15	0.00035	381.00498640407716
0.15	0.00065	381.0049817588278
0.15	0.0009	381.00497477303
0.15	0.00125	381.0049677210783
0.15	0.00175	381.0049604980757
0.15	0.0022500000000000003	381.00495510314346
0.15	0.00275	381.0049507953735
0.15	0.0032500000000000003	380.9981290224491
0.15	0.00375	380.98593665856663
0.15	0.00425	380.9752729282162
0.15	0.00475	380.9657969051393
0.15	0.0052499999999999995	380.9572703567944
0.15	0.00575	380.9495202379867
0.15	0.00625	380.94241688362473
0.15	0.00675	380.9358606207627
0.15	0.0072499999999999995	380.9297731774308
0.15	0.00775	380.1632281189476
0.15	0.00825	378.71140289799627
0.15	0.00875	377.3500949179987
0.15	0.00925	376.0689484288145
0.15	0.00975	374.8592750693667
0.15	0.010833333333333334	372.44992395837886
0.15	0.0125	369.20231959822786
0.15	0.014166666666666668	366.38502690315454
0.15	0.01583333333333333	363.89949868377704
0.15	0.0175	361.67737737989984
0.15	0.019166666666666665	359.6693344139212
0.15	0.020833333333333336	349.4614315361596
0.15	0.0225	332.62736576752604
0.15	0.02416666666666667	317.72367326288565
0.15	0.025833333333333333	304.41736282984937
0.15	0.0275	292.44978435043294
0.15	0.029166666666666667	281.6166943150169
0.15	0.030833333333333334	271.7544641070986
0.15	0.0325	262.73031788780077
0.15	0.034166666666666665	254.4352821904186
0.15	0.035833333333333335	246.77900200797222
0.15	0.0375	239.68586769997214
0.15	0.03916666666666667	233.09207922670092
0.15	0.04083333333333333	230.97476730833105
0.15	0.042499999999999996	230.97476730833105
0.15	0.04416666666666667	230.97476730833105
0.15	0.04583333333333334	230.97476730833105
0.15	0.0475	230.97476730833105
0.20000000000000004	0.000010100000000000002	381.004991305366
0.20000000000000004	0.00002	381.004991305366
0.20000000000000004	0.00004500000000000001	381.004991305366
0.20000000000000004	0.00007500000000000001	381.0049887663462
0.20000000000000004	0.000145	381.0049833695664
0.20000000000000004	0.00035	381.0049761558075
0.20000000000000004	0.00065	381.0049600807498
0.20000000000000004	0.0009	381.00493597422377
0.20000000000000004	0.00125	381.0049116394168
0.20000000000000004	0.00175	381.0048867143485
0.20000000000000004	0.0022500000000000003	381.0048680975702
0.20000000000000004	0.00275	381.0048532323606
0.20000000000000004	0.0032500000000000003	380.9774429328253
0.20000000000000004	0.00375	380.92845506646444
0.20000000000000004	0.00425	380.8856129967715
0.20000000000000004	0.00475	380.84754563754467
0.20000000000000004	0.0052499999999999995	380.81329497889175
0.20000000000000004	0.00575	380.7821652007462
0.20000000000000004	0.00625	380.75363494985635
0.20000000000000004	0.00675	380.7273034882909
0.20000000000000004	0.0072499999999999995	380.7028561385475
0.20000000000000004	0.00775	378.5270500456629
0.20000000000000004	0.00825	374.4345892992029
0.20000000000000004	0.00875	370.6234294995401
0.20000000000000004	0.00925	367.05973696658504
0.20000000000000004	0.00975	363.71530891494643
0.20000000000000004	0.010833333333333334	357.1130567183065
0.20000000000000004	0.0125	348.3373764125177
0.20000000000000004	0.014166666666666668	340.8387102504102
0.20000000000000004	0.01583333333333333	334.3106267045588
0.20000000000000004	0.0175	328.54344318005985
0.20000000000000004	0.019166666666666665	323.3876696064125
0.20000000000000004	0.020833333333333336	314.7803749527364
0.20000000000000004	0.0225	303.3742935876732
0.20000000000000004	0.02416666666666667	293.15401007063724
0.20000000000000004	0.025833333333333333	283.9264539435079
0.20000000000000004	0.0275	275.53995673486907
0.20000000000000004	0.029166666666666667	267.87348413554474
0.20000000000000004	0.030833333333333334	260.8291062814442
0.20000000000000004	0.0325	254.32661444836938
0.20000000000000004	0.034166666666666665	248.29959634958718
0.20000000000000004	0.035833333333333335	242.69252468184578
0.20000000000000004	0.0375	237.45856348058237
0.20000000000000004	0.03916666666666667	232.55789200836728
0.20000000000000004	0.04083333333333333	230.97686156473856
0.20000000000000004	0.042499999999999996	230.97686156473856
0.20000000000000004	0.04416666666666667	230.97686156473856
0.20000000000000004	0.04583333333333334	230.97686156473856
0.20000000000000004	0.0475	230.97686156473856
0.24428188490424016	0.000010100000000000002	381.00499213757354
0.24428188490424016	0.00002	381.00499213757354
0.24428188490424016	0.00004500000000000001	381.00499213757354
0.24428188490424016	0.00007500000000000001	381.0049900451942
0.24428188490424016	0.000145	381.0049855977658
0.24428188490424016	0.00035	381.004979652984
0.24428188490424016	0.00065	381.00496619860627
0.24428188490424016	0.0009	381.0049459292549
0.24428188490424016	0.00125	381.00492546795954
0.24428188490424016	0.00175	381.0049045103574
0.24428188490424016	0.0022500000000000003	381.0048888569188
0.24428188490424016	0.00275	381.0048763578898
0.24428188490424016	0.0032500000000000003	380.9802940389546
0.24428188490424016	0.00375	380.9363592582865
0.24428188490424016	0.00425	380.8979358591821
0.24428188490424016	0.00475	380.8637943395582
0.24428188490424016	0.0052499999999999995	380.83307560803
0.24428188490424016	0.00575	380.80515568463284
0.24428188490424016	0.00625	380.7795670391518
0.24428188490424016	0.00675	380.7559503017699
0.24428188490424016	0.0072499999999999995	380.7340232769754
0.24428188490424016	0.00775	378.5581783600003
0.24428188490424016	0.00825	374.46339987805476
0.24428188490424016	0.00875	370.65010123919643
0.24428188490424016	0.00925	367.0844260096282
0.24428188490424016	0.00975	363.7381525744547
0.24428188490424016	0.010833333333333334	357.13230149291456
0.24428188490424016	0.0125	348.3519297742765
0.24428188490424016	0.014166666666666668	340.8493400866863
0.24428188490424016	0.01583333333333333	334.31790620784585
0.24428188490424016	0.0175	328.5478144651444
0.24428188490424016	0.019166666666666665	323.3894826998871
0.24428188490424016	0.020833333333333336	314.78132027304133
0.24428188490424016	0.0225	303.3757755330554
0.24428188490424016	0.02416666666666667	293.1559543006199
0.24428188490424016	0.025833333333333333	283.92879996493076
0.24428188490424016	0.0275	275.5426546741825
0.24428188490424016	0.029166666666666667	267.8764924012672
0.24428188490424016	0.030833333333333334	260.8323898369587
0.24428188490424016	0.0325	254.33014351294594
0.24428188490424016	0.034166666666666665	248.30334540603113
0.24428188490424016	0.035833333333333335	242.69647170770008
0.24428188490424016	0.0375	237.46268934498244
0.24428188490424016	0.03916666666666667	232.5621799934421
0.24428188490424016	0.04083333333333333	230.9812007343581
0.24428188490424016	0.042499999999999996	230.9812007343581
0.24428188490424016	0.04416666666666667	230.9812007343581
0.24428188490424016	0.04583333333333334	230.9812007343581
0.24428188490424016	0.0475	230.9812007343581
0.26	0.000010100000000000002	381.00499269082627
0.26	0.00002	381.00499269082627
0.26	0.00004500000000000001	381.00499269082627
0.26	0.00007500000000000001	381.00499081433713
0.26	0.000145	381.00498682579075
0.26	0.00035	381.0049814943867
0.26	0.00065	381.0049694104751
0.26	0.0009	381.0049511979305
0.26	0.00125	381.0049328129184
0.26	0.00175	381.0049139819619
0.26	0.0022500000000000003	381.0048999169357
0.26	0.00275	381.0048886862294
0.26	0.0032500000000000003	380.9826969711565
0.26	0.00375	380.94303441251463
0.26	0.00425	380.90834694353816
0.26	0.00475	380.87752473881045
0.26	0.0052499999999999995	380.84979232141984
0.26	0.00575	380.8245864379798
0.26	0.00625	380.801485055748
0.26	0.00675	380.78016377456106
0.26	0.0072499999999999995	380.76036785724807
0.26	0.00775	378.687671722118
0.26	0.00825	374.7845014329667
0.26	0.00875	371.1478216894336
0.26	0.00925	367.74569300704144
0.26	0.00975	364.5514790601049
0.26	0.010833333333333334	358.2417077040274
0.26	0.0125	349.84629986004444
0.26	0.014166666666666668	342.66471505141715
0.26	0.01583333333333333	336.40664056514913
0.26	0.0175	330.8732275261898
0.26	0.019166666666666665	325.92258519096373
0.26	0.020833333333333336	317.2044870691241
0.26	0.0225	305.4319371759594
0.26	0.02416666666666667	294.8925587537609
0.26	0.025833333333333333	285.3846898488711
0.26	0.0275	276.75004353847555
0.26	0.029166666666666667	268.8624012253309
0.26	0.030833333333333334	261.61971226497224
0.26	0.0325	254.93844979533952
0.26	0.034166666666666665	248.74949868251974
0.26	0.035833333333333335	242.9951070664311
0.26	0.0375	237.6265909067428
0.26	0.03916666666666667	232.60258110708244
0.26	0.04083333333333333	230.9823151929621
0.26	0.042499999999999996	230.9823151929621
0.26	0.04416666666666667	230.9823151929621
0.26	0.04583333333333334	230.9823151929621
0.26	0.0475	230.9823151929621
0.29999999999999993	0.000010100000000000002	381.00499377551
0.29999999999999993	0.00002	381.00499377551
0.29999999999999993	0.00004500000000000001	381.00499377551
0.29999999999999993	0.00007500000000000001	381.0049924452102
0.29999999999999993	0.000145	381.00498961760934
0.29999999999999993	0.00035	381.0049858380164
0.29999999999999993	0.00065	381.0049773100496
0.29999999999999993	0.0009	381.0049644739805
0.29999999999999993	0.00125	381.0049515163574
0.29999999999999993	0.00175	381.00493824443555
0.29999999999999993	0.0022500000000000003	381.0049283315069
0.29999999999999993	0.00275	381.0049204161867
0.29999999999999993	0.0032500000000000003	380.98942267910314
0.29999999999999993	0.00375	380.96172343586977
0.29999999999999993	0.00425	380.93749794570505
0.29999999999999993	0.00475	380.9159713711761
0.29999999999999993	0.0052499999999999995	380.8966022897726
0.29999999999999993	0.00575	380.878997439942
0.29999999999999993	0.00625	380.8628621536295
0.29999999999999993	0.00675	380.8479699265717
0.29999999999999993	0.0072499999999999995	380.8341428917801
0.29999999999999993	0.00775	379.23983456491953
0.29999999999999993	0.00825	376.23079468116475
0.29999999999999993	0.00875	373.4206743066864
0.29999999999999993	0.00925	370.78602871139856
0.29999999999999993	0.00975	368.30726276703575
0.29999999999999993	0.010833333333333334	363.3959506519615
0.29999999999999993	0.0125	356.8301120551076
0.29999999999999993	0.014166666666666668	351.1846334564428
0.29999999999999993	0.01583333333333333	346.24280278139184
0.29999999999999993	0.0175	341.85549492452986
0.29999999999999993	0.019166666666666665	337.9158608176193
0.29999999999999993	0.020833333333333336	328.6745144973897
0.29999999999999993	0.0225	315.13916626264256
0.29999999999999993	0.02416666666666667	303.0710355837093
0.29999999999999993	0.025833333333333333	292.22534653729355
0.29999999999999993	0.0275	282.4107064135512
0.29999999999999993	0.029166666666666667	273.47504341558454
0.29999999999999993	0.030833333333333334	265.29581643221377
0.29999999999999993	0.0325	257.7730444491985
0.29999999999999993	0.034166666666666665	250.82424434504472
0.29999999999999993	0.035833333333333335	244.38068935951839
0.29999999999999993	0.0375	238.38459980511456
0.29999999999999993	0.03916666666666667	232.7870036323943
0.29999999999999993	0.04083333333333333	230.98462417502282
0.29999999999999993	0.042499999999999996	230.98462417502282
0.29999999999999993	0.04416666666666667	230.98462417502282
0.29999999999999993	0.04583333333333334	230.98462417502282
0.29999999999999993	0.0475	230.98462417502282
0.35	0.000010100000000000002	381.0049947283312
0.35	0.00002	381.0049947283312
0.35	0.00004500000000000001	381.0049947283312
0.35	0.00007500000000000001	381.0049940378722
0.35	0.000145	381.00499257027616
0.35	0.00035	381.00499060857214
0.35	0.00065	381.0049861007791
0.35	0.0009	381.0049792796491
0.35	0.00125	381.0049723939251
0.35	0.00175	381.0049653411813
0.35	0.0022500000000000003	381.0049600734176
0.35	0.00275	381.0049558671896
0.35	0.0032500000000000003	380.996813052792
0.35	0.00375	380.98225897342
0.35	0.00425	380.96952970470664
0.35	0.00475	380.95821825716325
0.35	0.0052499999999999995	380.9480402360553
0.35	0.00575	380.9387890662743
0.35	0.00625	380.93030995896265
0.35	0.00675	380.9224839291082
0.35	0.0072499999999999995	380.9152175395352
0.35	0.00775	379.9199546324342
0.35	0.00825	378.03601039845154
0.35	0.00875	376.2714866816967
0.35	0.00925	374.6126067827124
0.35	0.00975	373.0478243641492
0.35	0.010833333333333334	369.9356921453413
0.35	0.0125	365.7503253559024
0.35	0.014166666666666668	362.1284338644495
0.35	0.01583333333333333	358.9399660274923
0.35	0.0175	356.0949104698307
0.35	0.019166666666666665	353.5284404136309
0.35	0.020833333333333336	343.5959810681115
0.35	0.0225	327.70720501483316
0.35	0.02416666666666667	313.6129035439076
0.35	0.025833333333333333	301.00633692535246
0.35	0.0275	289.6488087000883
0.35	0.029166666666666667	279.35150875565995
0.35	0.030833333333333334	269.96292959669177
0.35	0.0325	261.3599447821497
0.35	0.034166666666666665	253.44135572428485
0.35	0.035833333333333335	246.12314002352502
0.35	0.0375	239.33489646441828
0.35	0.03916666666666667	233.01714685499394
0.35	0.04083333333333333	230.98692787247302
0.35	0.042499999999999996	230.98692787247302
0.35	0.04416666666666667	230.98692787247302
0.35	0.04583333333333334	230.98692787247302
0.35	0.0475	230.98692787247302
0.4	0.000010100000000000002	390.92822957723615
0.4	0.00002	390.92822957723615
0.4	0.00004500000000000001	390.92822957723615
0.4	0.00007500000000000001	390.92822957723615
0.4	0.000145	390.92822957723615
0.4	0.00035	390.92822957723615
0.4	0.00065	389.9396950697685
0.4	0.0009	388.0211954748386
0.4	0.00125	386.09410153306936
0.4	0.00175	384.1301856343478
0.4	0.0022500000000000003	382.66983750691554
0.4	0.00275	381.50775943643634
0.4	0.0032500000000000003	381.00134353554057
0.4	0.00375	380.994848448504
0.4	0.00425	380.9891676118538
0.4	0.00475	380.9841194343094
0.4	0.0052499999999999995	380.9795770218672
0.4	0.00575	380.9754482013748
0.4	0.00625	380.97166390555145
0.4	0.00675	380.9681710422126
0.4	0.0072499999999999995	380.96492791835124
0.4	0.00775	380.40444802651
0.4	0.00825	379.34098610181894
0.4	0.00875	378.3428338341604
0.4	0.00925	377.40257546358316
0.4	0.00975	376.5139833714142
0.4	0.010833333333333334	374.74184504804776
0.4	0.0125	372.3482736774966
0.4	0.014166666666666668	370.26727386081757
0.4	0.01583333333333333	368.42776510192033
0.4	0.0175	366.7803442914766
0.4	0.019166666666666665	365.28929787890786
0.4	0.020833333333333336	354.8291753443356
0.4	0.0225	337.12570184271556
0.4	0.02416666666666667	321.4796482746314
0.4	0.025833333333333333	307.5332330905689
0.4	0.0275	295.0090054605317
0.4	0.029166666666666667	283.6882111043601
0.4	0.030833333333333334	273.3958478350779
0.4	0.0325	263.9901028693383
0.4	0.034166666666666665	255.3547346554942
0.4	0.035833333333333335	247.3934787304938
0.4	0.0375	240.02587323695772
0.4	0.03916666666666667	233.18409838137038
0.4	0.04083333333333333	230.9886516290856
0.4	0.042499999999999996	230.9886516290856
0.4	0.04416666666666667	230.9886516290856
0.4	0.04583333333333334	230.9886516290856
0.4	0.0475	230.9886516290856
0.4500000000000003	0.000010100000000000002	381.0049957813383
0.4500000000000003	0.00002	381.0049957813383
0.4500000000000003	0.00004500000000000001	381.0049957813383
0.4500000000000003	0.00007500000000000001	381.0049956510182
0.4500000000000003	0.000145	381.00499537401765
0.4500000000000003	0.00035	381.0049950037575
0.4500000000000003	0.00065	381.00499414338043
0.4500000000000003	0.0009	381.0049928373147
0.4500000000000003	0.00125	381.00499151888124
0.4500000000000003	0.00175	381.0049901684676
0.4500000000000003	0.0022500000000000003	381.0049891598303
0.4500000000000003	0.00275	381.00498835444927
0.4500000000000003	0.0032500000000000003	381.003603472302
0.4500000000000003	0.00375	381.00112820837484
0.4500000000000003	0.00425	380.9989632321362
0.4500000000000003	0.00475	380.99703934656327
0.4500000000000003	0.0052499999999999995	380.99530819710094
0.4500000000000003	0.00575	380.99373465973355
0.4500000000000003	0.00625	380.9922924151083
0.4500000000000003	0.00675	380.9909612313454
0.4500000000000003	0.0072499999999999995	380.9897252203628
0.4500000000000003	0.00775	380.6909747889427
0.4500000000000003	0.00825	380.12311185772904
0.4500000000000003	0.00875	379.58944627513915
0.4500000000000003	0.00925	379.08613242577684
0.4500000000000003	0.00975	378.6099369496637
0.4500000000000003	0.010833333333333334	377.65868109182344
0.4500000000000003	0.0125	376.37051003440837
0.4500000000000003	0.014166666666666668	375.2474140574637
0.4500000000000003	0.01583333333333333	374.25219277484206
0.4500000000000003	0.0175	373.358925433995
0.4500000000000003	0.019166666666666665	372.548831755624
0.4500000000000003	0.020833333333333336	361.76014371698426
0.4500000000000003	0.0225	342.91921701781774
0.4500000000000003	0.02416666666666667	326.3049055921328
0.4500000000000003	0.025833333333333333	311.52604966388566
0.4500000000000003	0.0275	298.27994710658106
0.4500000000000003	0.029166666666666667	286.3283995342299
0.4500000000000003	0.030833333333333334	275.48119808541287
0.4500000000000003	0.0325	265.584472826672
0.4500000000000003	0.034166666666666665	256.5123045702365
0.4500000000000003	0.035833333333333335	248.1605754234131
0.4500000000000003	0.0375	240.44238706606657
0.4500000000000003	0.03916666666666667	233.28459701406388
0.4500000000000003	0.04083333333333333	230.98973607659522
0.4500000000000003	0.042499999999999996	230.98973607659522
0.4500000000000003	0.04416666666666667	230.98973607659522
0.4500000000000003	0.04583333333333334	230.98973607659522
0.4500000000000003	0.0475	230.98973607659522
0.5	0.000010100000000000002	399.97938044051006
0.5	0.00002	399.97938044051006
0.5	0.00004500000000000001	399.97938044051006
0.5	0.00007500000000000001	399.97938044051006
0.5	0.000145	399.97938044051006
0.5	0.00035	399.97938044051006
0.5	0.00065	398.06972114144315
0.5	0.0009	394.37583299334744
0.5	0.00125	390.68172952405087
0.5	0.00175	386.9338911198356
0.5	0.0022500000000000003	384.15806837462833
0.5	0.00275	381.9559221060433
0.5	0.0032500000000000003	381.00457241812666
0.5	0.00375	381.0038204048463
0.5	0.00425	381.0031626576997
0.5	0.00475	381.00257815476107
0.5	0.0052499999999999995	381.00205220595126
0.5	0.00575	381.0015741405838
0.5	0.00625	381.00113596280596
0.5	0.00675	381.0007315261309
0.5	0.0072499999999999995	381.00035600371353
0.5	0.00775	380.9208217410335
0.5	0.00825	380.76955924597036
0.5	0.00875	380.627254707848
0.5	0.00925	380.4929089981977
0.5	0.00975	380.3656812117569
0.5	0.010833333333333334	380.11117685621565
0.5	0.0125	379.76578126878735
0.5	0.014166666666666668	379.46393835649724
0.5	0.01583333333333333	379.19590840952657
0.5	0.0175	378.9548905460296
0.5	0.019166666666666665	378.73594805592865
0.5	0.020833333333333336	368.58954356018126
0.5	0.0225	350.3726954329148
0.5	0.02416666666666667	334.26524817321945
0.5	0.025833333333333333	319.90118525460576
0.5	0.0275	306.99654274061504
0.5	0.029166666666666667	295.3273374833382
0.5	0.030833333333333334	284.7143138979761
0.5	0.0325	275.01215875603606
0.5	0.034166666666666665	266.1017196207808
0.5	0.035833333333333335	257.8842887070412
0.5	0.0375	250.27733593615312
0.5	0.03916666666666667	243.21127736492429
0.5	0.04083333333333333	240.9434388829973
0.5	0.042499999999999996	240.9434388829973
0.5	0.04416666666666667	240.9434388829973
0.5	0.04583333333333334	240.9434388829973
0.5	0.0475	240.9434388829973
0.55	0.000010100000000000002	381.0049967271514
0.55	0.00002	381.0049967271514
0.55	0.00004500000000000001	381.0049967271514
0.55	0.00007500000000000001	381.0049966896355
0.55	0.000145	381.0049966098942
0.55	0.00035	381.0049965033056
0.55	0.00065	381.0049962463795
0.55	0.0009	381.00499585238657
0.55	0.00125	381.00499545466243
0.55	0.00175	381.0049950472911
0.55	0.0022500000000000003	381.0049947430214
0.55	0.00275	381.00499450006663
0.55	0.0032500000000000003	381.00483001988545
0.55	0.00375	381.00453614972287
0.55	0.00425	381.0042791163918
0.55	0.00475	381.00405070508293
0.55	0.0052499999999999995	381.00384517529886
0.55	0.00575	381.00365835721186
0.55	0.00625	381.00348712624697
0.55	0.00675	381.00332908051195
0.55	0.0072499999999999995	381.00318233379744
0.55	0.00775	380.98395981476546
0.55	0.00825	380.9474436482474
0.55	0.00875	380.91307996702096
0.55	0.00925	380.88062923696924
0.55	0.00975	380.8498898010257
0.55	0.010833333333333334	380.78837572595427
0.55	0.0125	380.70484310868665
0.55	0.014166666666666668	380.63179633380247
0.55	0.01583333333333333	380.56689542430615
0.55	0.0175	380.50850550898184
0.55	0.019166666666666665	380.4554392320003
0.55	0.020833333333333336	370.0717206023927
0.55	0.0225	351.30325668176397
0.55	0.02416666666666667	334.72984115647074
0.55	0.025833333333333333	319.96829307776085
0.55	0.0275	306.72169802300044
0.55	0.029166666666666667	294.7561272850146
0.55	0.030833333333333334	283.8845678856953
0.55	0.0325	273.955572265223
0.55	0.034166666666666665	264.8450774071
0.55	0.035833333333333335	256.4504012047308
0.55	0.0375	248.68576502886174
0.55	0.03916666666666667	241.47890570419526
0.55	0.04083333333333333	239.16706108936395
0.55	0.042499999999999996	239.16706108936395
0.55	0.04416666666666667	239.16706108936395
0.55	0.04583333333333334	239.16706108936395
0.55	0.0475	239.16706108936395
0.6	0.000010100000000000002	381.0049970476148
0.6	0.00002	381.0049970476148
0.6	0.00004500000000000001	381.0049970476148
0.6	0.00007500000000000001	381.0049970053917
0.6	0.000145	381.0049969156451
0.6	0.00035	381.00499679568287
0.6	0.00065	381.0049965362056
0.6	0.0009	381.0049961506058
0.6	0.00125	381.0049957613547
0.6	0.00175	381.00499536266125
0.6	0.0022500000000000003	381.00499506487364
0.6	0.00275	381.00499482709466
0.6	0.0032500000000000003	381.00467245222916
0.6	0.00375	381.004096293473
0.6	0.00425	381.0035923569709
0.6	0.00475	381.0031445367408
0.6	0.0052499999999999995	381.0027415779503
0.6	0.00575	381.00237530522946
0.6	0.00625	381.002039592536
0.6	0.00675	381.00172973072335
0.6	0.0072499999999999995	381.0014420216897
0.6	0.00775	380.93578700141995
0.6	0.00825	380.81089404522714
0.6	0.00875	380.69338950936566
0.6	0.00925	380.58244975327966
0.6	0.00975	380.4773815249884
0.6	0.010833333333333334	380.26718638711793
0.6	0.0125	379.9818849222378
0.6	0.014166666666666668	379.73252150774795
0.6	0.01583333333333333	379.5110632175773
0.6	0.0175	379.31190020389806
0.6	0.019166666666666665	379.1309598345959
0.6	0.020833333333333336	368.96708719862056
0.6	0.0225	350.68806561161637
0.6	0.02416666666666667	334.5275789145702
0.6	0.025833333333333333	320.1178228788549
0.6	0.0275	307.1734786838113
0.6	0.029166666666666667	295.46951810514815
0.6	0.030833333333333334	284.8258669114595
0.6	0.0325	275.0965617830529
0.6	0.034166666666666665	266.16192772408084
0.6	0.035833333333333335	257.9228322961878
0.6	0.0375	250.2963969178477
0.6	0.03916666666666667	243.21274907537787
0.6	0.04083333333333333	240.9393714470209
0.6	0.042499999999999996	240.9393714470209
0.6	0.04416666666666667	240.9393714470209
0.6	0.04583333333333334	240.9393714470209
0.6	0.0475	240.9393714470209
0.63	0.000010100000000000002	381.0049972048627
0.63	0.00002	381.0049972048627
0.63	0.00004500000000000001	381.0049972048627
0.63	0.00007500000000000001	381.0049971526866
0.63	0.000145	381.00499704178486
0.63	0.00035	381.0049968935444
0.63	0.00065	381.0049965504953
0.63	0.0009	381.0049960303506
0.63	0.00125	381.00499550528053
0.63	0.00175	381.0049949674742
0.63	0.0022500000000000003	381.00499456578166
0.63	0.00275	381.00499424503624
0.63	0.0032500000000000003	381.0044106434164
0.63	0.00375	381.0033675277295
0.63	0.00425	381.00245516900765
0.63	0.00475	381.00164440757766
0.63	0.0052499999999999995	381.0009148667311
0.63	0.00575	381.0002517450949
0.63	0.00625	380.9996439515812
0.63	0.00675	380.9990829603696
0.63	0.0072499999999999995	380.9985620761233
0.63	0.00775	380.86104847112114
0.63	0.00825	380.59945948062636
0.63	0.00875	380.35343135585003
0.63	0.00925	380.12122472842475
0.63	0.00975	379.90137606866523
0.63	0.010833333333333334	379.46175551166783
0.63	0.0125	378.8654766654975
0.63	0.014166666666666668	378.34470963084385
0.63	0.01583333333333333	377.8825331892901
0.63	0.0175	377.4671384890138
0.63	0.019166666666666665	377.08995784199493
0.63	0.020833333333333336	367.01430255075985
0.63	0.0225	349.0529166100971
0.63	0.02416666666666667	333.1635498134645
0.63	0.025833333333333333	318.9874858415339
0.63	0.0275	306.2462961434068
0.63	0.029166666666666667	294.7202691597927
0.63	0.030833333333333334	284.23349683841377
0.63	0.0325	274.64332533981303
0.63	0.034166666666666665	265.8327407575985
0.63	0.035833333333333335	257.7047738305471
0.63	0.0375	250.17832177400163
0.63	0.03916666666666667	243.18498290985426
0.63	0.04083333333333333	240.94005397050992
0.63	0.042499999999999996	240.94005397050992
0.63	0.04416666666666667	240.94005397050992
0.63	0.04583333333333334	240.94005397050992
0.63	0.0475	240.94005397050992
0.67	0.000010100000000000002	381.00499736757905
0.67	0.00002	381.00499736757905
0.67	0.00004500000000000001	381.00499736757905
0.67	0.00007500000000000001	381.00499728184144
0.67	0.000145	381.00499709960275
0.67	0.00035	381.00499685600784
0.67	0.00065	381.00499627647787
0.67	0.0009	381.00499539094295
0.67	0.00125	381.0049944970219
0.67	0.00175	381.0049935814182
0.67	0.0022500000000000003	381.0049928975446
0.67	0.00275	381.00499235148226
0.67	0.0032500000000000003	381.0037456332894
0.67	0.00375	381.0015171763279
0.67	0.00425	380.9995680672866
0.67	0.00475	380.9978360091218
0.67	0.0052499999999999995	380.99627746892753
0.67	0.00575	380.9948608250449
0.67	0.00625	380.9935623825205
0.67	0.00675	380.99236392686197
0.67	0.0072499999999999995	380.99125115423385
0.67	0.00775	380.67393873392484
0.67	0.00825	380.0706554314013
0.67	0.00875	379.5037538469765
0.67	0.00925	378.9691398827848
0.67	0.00975	378.4633715521245
0.67	0.010833333333333334	377.4531595031101
0.67	0.0125	376.08540462412185
0.67	0.014166666666666668	374.89316182107
0.67	0.01583333333333333	373.8368529632018
0.67	0.0175	372.88890548339367
0.67	0.019166666666666665	372.02934552097327
0.67	0.020833333333333336	362.171313431628
0.67	0.0225	344.992533677328
0.67	0.02416666666666667	329.77226766274407
0.67	0.025833333333333333	316.17384405953527
0.67	0.0275	303.9355704615538
0.67	0.029166666666666667	292.85066535698
0.67	0.030833333333333334	282.75336477425725
0.67	0.0325	273.50908209661026
0.67	0.034166666666666665	265.0072971068454
0.67	0.035833333333333335	257.15632466097367
0.67	0.0375	249.87940412113545
0.67	0.03916666666666667	243.11173370883301
0.67	0.04083333333333333	240.93795292314093
0.67	0.042499999999999996	240.93795292314093
0.67	0.04416666666666667	240.93795292314093
0.67	0.04583333333333334	240.93795292314093
0.67	0.0475	240.93795292314093
0.6799999999999999	0.000010100000000000002	381.00499740034815
0.6799999999999999	0.00002	381.00499740034815
0.6799999999999999	0.00004500000000000001	381.00499740034815
0.6799999999999999	0.00007500000000000001	381.00499729946176
0.6799999999999999	0.000145	381.00499708502394
0.6799999999999999	0.00035	381.0049967983894
0.6799999999999999	0.00065	381.00499611614896
0.6799999999999999	0.0009	381.00499507353675
0.6799999999999999	0.00125	381.00499402105174
0.6799999999999999	0.00175	381.00499294303756
0.6799999999999999	0.0022500000000000003	381.004992137858
0.6799999999999999	0.00275	381.0049914949346
0.6799999999999999	0.0032500000000000003	381.00347338399865
0.6799999999999999	0.00375	381.00075980941847
0.6799999999999999	0.00425	380.9983863974448
0.6799999999999999	0.00475	380.9962772885249
0.6799999999999999	0.0052499999999999995	380.9943794723876
0.6799999999999999	0.00575	380.99265444319354
0.6799999999999999	0.00625	380.9910733475127
0.6799999999999999	0.00675	380.98961400550985
0.6799999999999999	0.0072499999999999995	380.9882589993804
0.6799999999999999	0.00775	380.62511858202396
0.6799999999999999	0.00825	379.9348999235691
0.6799999999999999	0.00875	379.2864498629223
0.6799999999999999	0.00925	378.67506009595826
0.6799999999999999	0.00975	378.09677309440525
0.6799999999999999	0.010833333333333334	376.94204773259463
0.6799999999999999	0.0125	375.37934326468326
0.6799999999999999	0.014166666666666668	374.0178361649625
0.6799999999999999	0.01583333333333333	372.8120838636485
0.6799999999999999	0.0175	371.73044226450526
0.6799999999999999	0.019166666666666665	370.74999707060135
0.6799999999999999	0.020833333333333336	360.9468398936021
0.6799999999999999	0.0225	343.9648822535675
0.6799999999999999	0.02416666666666667	328.91314143320136
0.6799999999999999	0.025833333333333333	315.46041247463063
0.6799999999999999	0.0275	303.34915789096334
0.6799999999999999	0.029166666666666667	292.37580980460166
0.6799999999999999	0.030833333333333334	282.37712814844076
0.6799999999999999	0.0325	273.22053551807994
0.6799999999999999	0.034166666666666665	264.797130577818
0.6799999999999999	0.035833333333333335	257.0165467440661
0.6799999999999999	0.0375	249.80310785548588
0.6799999999999999	0.03916666666666667	243.0929120033928
0.6799999999999999	0.04083333333333333	240.9372650468232
0.6799999999999999	0.042499999999999996	240.9372650468232
0.6799999999999999	0.04416666666666667	240.9372650468232
0.6799999999999999	0.04583333333333334	240.9372650468232
0.6799999999999999	0.0475	240.9372650468232
0.75	0.000010100000000000002	390.8980057842014
0.75	0.00002	390.8980057842014
0.75	0.00004500000000000001	390.8980057842014
0.75	0.00007500000000000001	390.8980057842014
0.75	0.000145	390.8980057842014
0.75	0.00035	390.8980057842014
0.75	0.00065	390.8980057842014
0.75	0.0009	390.8980057842014
0.75	0.00125	390.8980057842014
0.75	0.00175	390.8980057842014
0.75	0.0022500000000000003	390.8980057842014
0.75	0.00275	390.8980057842014
0.75	0.0032500000000000003	390.00997087374174
0.75	0.00375	388.4273610868499
0.75	0.00425	387.04839741680735
0.75	0.00475	385.827096548837
0.75	0.0052499999999999995	384.73143545243636
0.75	0.00575	383.738223897868
0.75	0.00625	382.8301325212111
0.75	0.00675	381.99387339957286
0.75	0.0072499999999999995	381.21903547446743
0.75	0.00775	379.20403238843534
0.75	0.00825	376.0816116521114
0.75	0.00875	373.166460922484
0.75	0.00925	370.43409912501556
0.75	0.00975	367.8640706396486
0.75	0.010833333333333334	362.7738770079463
0.75	0.0125	355.97297673334594
0.75	0.014166666666666668	350.12917735156356
0.75	0.01583333333333333	345.0166668619615
0.75	0.0175	340.48014901390076
0.75	0.019166666666666665	336.4084109008856
0.75	0.020833333333333336	328.05364672283514
0.75	0.0225	316.2002758462998
0.75	0.02416666666666667	305.5781128142877
0.75	0.025833333333333333	295.9867959923706
0.75	0.0275	287.2689140814472
0.75	0.029166666666666667	279.2988385756855
0.75	0.030833333333333334	271.9749138188719
0.75	0.0325	265.2138728765727
0.75	0.034166666666666665	258.9467660964865
0.75	0.035833333333333335	253.11594057138132
0.75	0.0375	247.67276414161464
0.75	0.03916666666666667	242.57588624104446
0.75	0.04083333333333333	240.93149084593887
0.75	0.042499999999999996	240.93149084593887
0.75	0.04416666666666667	240.93149084593887
0.75	0.04583333333333334	240.93149084593887
0.75	0.0475	240.93149084593887
0.78	0.000010100000000000002	390.7099099190775
0.78	0.00002	390.7099099190775
0.78	0.00004500000000000001	390.7099099190775
0.78	0.00007500000000000001	390.7099099190775
0.78	0.000145	390.7099099190775
0.78	0.00035	390.7099099190775
0.78	0.00065	390.46721113526604
0.78	0.0009	389.9948651853947
0.78	0.00125	389.51862577474736
0.78	0.00175	389.0314376179146
0.78	0.0022500000000000003	388.6679495596708
0.78	0.00275	388.3779538248584
0.78	0.0032500000000000003	385.5857064176302
0.78	0.00375	380.8639508170338
0.78	0.00425	376.78149546106255
0.78	0.00475	373.1903770901742
0.78	0.0052499999999999995	369.98826883999254
0.78	0.00575	367.1015264344691
0.78	0.00625	364.4754244389089
0.78	0.00675	362.06821310819345
0.78	0.0072499999999999995	359.8473340434752
0.78	0.00775	357.4614054943501
0.78	0.00825	354.92580772699006
0.78	0.00875	352.55588292967093
0.78	0.00925	350.33222178113806
0.78	0.00975	348.2385893037542
0.78	0.010833333333333334	344.0859231559076
0.78	0.0125	338.5249548357985
0.78	0.014166666666666668	333.73478575233304
0.78	0.01583333333333333	329.5349346733632
0.78	0.0175	325.80100425638443
0.78	0.019166666666666665	322.4437330132776
0.78	0.020833333333333336	315.46157152583334
0.78	0.0225	305.4849499150928
0.78	0.02416666666666667	296.5042754488617
0.78	0.025833333333333333	288.36110990712143
0.78	0.0275	280.9304519110739
0.78	0.029166666666666667	274.11214471941435
0.78	0.030833333333333334	267.8248432757537
0.78	0.0325	262.00168445585825
0.78	0.034166666666666665	256.5871190664343
0.78	0.035833333333333335	251.5345537254215
0.78	0.0375	246.80456839431454
0.78	0.03916666666666667	242.36355026165697
0.78	0.04083333333333333	240.9282398808351
0.78	0.042499999999999996	240.9282398808351
0.78	0.04416666666666667	240.9282398808351
0.78	0.04583333333333334	240.9282398808351
0.78	0.0475	240.9282398808351
0.8	0.000010100000000000002	399.8527548178965
0.8	0.00002	399.8527548178965
0.8	0.00004500000000000001	399.8527548178965
0.8	0.00007500000000000001	399.8527548178965
0.8	0.000145	399.8527548178965
0.8	0.00035	399.8527548178965
0.8	0.00065	399.8476719701745
0.8	0.0009	399.8377707365866
0.8	0.00125	399.82777598953277
0.8	0.00175	399.8175390696574
0.8	0.0022500000000000003	399.8098931843455
0.8	0.00275	399.80378816781865
0.8	0.0032500000000000003	398.0883154754655
0.8	0.00375	395.0443815372151
0.8	0.00425	392.4010926688386
0.8	0.00475	390.06699220088944
0.8	0.0052499999999999995	387.97858296212576
0.8	0.00575	386.090006495029
0.8	0.00625	384.3670777894313
0.8	0.00675	382.78364249326006
0.8	0.0072499999999999995	381.3192505371366
0.8	0.00775	378.46311005498234
0.8	0.00825	374.37223744470623
0.8	0.00875	370.5625477596378
0.8	0.00925	367.00022207425764
0.8	0.00975	363.6570698400449
0.8	0.010833333333333334	357.05731629316784
0.8	0.0125	348.2849154676904
0.8	0.014166666666666668	340.78901301890255
0.8	0.01583333333333333	334.2633059018249
0.8	0.0175	328.4981984675841
0.8	0.019166666666666665	323.3442620166201
0.8	0.020833333333333336	315.53156656712184
0.8	0.0225	305.54423736402
0.8	0.02416666666666667	296.5541653017941
0.8	0.025833333333333333	288.40268200839245
0.8	0.0275	280.96460767342614
0.8	0.029166666666666667	274.1396449456043
0.8	0.030833333333333334	267.846336365027
0.8	0.0325	262.0177278065334
0.8	0.034166666666666665	256.5981955667897
0.8	0.035833333333333335	251.54108463533433
0.8	0.0375	246.80692353223546
0.8	0.03916666666666667	242.36205615074417
0.8	0.04083333333333333	240.92551671897576
0.8	0.042499999999999996	240.92551671897576
0.8	0.04416666666666667	240.92551671897576
0.8	0.04583333333333334	240.92551671897576
0.8	0.0475	240.92551671897576
0.86	0.000010100000000000002	388.71906479808433
0.86	0.00002	388.71906479808433
0.86	0.00004500000000000001	388.71906479808433
0.86	0.00007500000000000001	388.71906479808433
0.86	0.000145	388.71906479808433
0.86	0.00035	388.71906479808433
0.86	0.00065	388.71906479808433
0.86	0.0009	388.71906479808433
0.86	0.00125	388.71906479808433
0.86	0.00175	388.71906479808433
0.86	0.0022500000000000003	388.71906479808433
0.86	0.00275	388.71906479808433
0.86	0.0032500000000000003	388.0376110731676
0.86	0.00375	386.8222796299026
0.86	0.00425	385.76241109049533
0.86	0.00475	384.82300109339207
0.86	0.0052499999999999995	383.97965328650275
0.86	0.00575	383.2146881436326
0.86	0.00625	382.5148859714731
0.86	0.00675	381.8701042803554
0.86	0.0072499999999999995	381.2723922730456
0.86	0.00775	380.75847227622376
0.86	0.00825	380.3190200687426
0.86	0.00875	379.9058966803592
0.86	0.00925	379.5161487958247
0.86	0.00975	379.1472925215657
0.86	0.010833333333333334	378.4101445284863
0.86	0.0125	377.41124343278665
0.86	0.014166666666666668	376.5397166533337
0.86	0.01583333333333333	375.7669275140208
0.86	0.0175	375.0729093154591
0.86	0.019166666666666665	374.44318724193147
0.86	0.020833333333333336	364.47902472261137
0.86	0.0225	346.92302282294725
0.86	0.02416666666666667	331.38011496018225
0.86	0.025833333333333333	317.5030471796627
0.86	0.0275	305.0220897525803
0.86	0.029166666666666667	293.7242493653262
0.86	0.030833333333333334	283.43888696273194
0.86	0.0325	274.0275376685982
0.86	0.034166666666666665	265.3765584941084
0.86	0.035833333333333335	257.39172244275323
0.86	0.0375	249.99417955398079
0.86	0.03916666666666667	243.11739540649938
0.86	0.04083333333333333	240.9092080333954
0.86	0.042499999999999996	240.9092080333954
0.86	0.04416666666666667	240.9092080333954
0.86	0.04583333333333334	240.9092080333954
0.86	0.0475	240.9092080333954
0.9	0.000010100000000000002	381.5225018820558
0.9	0.00002	381.5225018820558
0.9	0.00004500000000000001	381.5225018820558
0.9	0.00007500000000000001	381.5225018820558
0.9	0.000145	381.5225018820558
0.9	0.00035	381.5225018820558
0.9	0.00065	381.5225018820558
0.9	0.0009	381.5225018820558
0.9	0.00125	381.5225018820558
0.9	0.00175	381.5225018820558
0.9	0.0022500000000000003	381.5225018820558
0.9	0.00275	381.5225018820558
0.9	0.0032500000000000003	381.47668238681155
0.9	0.00375	381.3947797248237
0.9	0.00425	381.3231579835885
0.9	0.00475	381.2595229486243
0.9	0.0052499999999999995	381.20227171528427
0.9	0.00575	381.1502401399773
0.9	0.00625	381.1025560221252
0.9	0.00675	381.0585489807464
0.9	0.0072499999999999995	381.0176926281012
0.9	0.00775	380.92207060823927
0.9	0.00825	380.77674514184065
0.9	0.00875	380.64002396482294
0.9	0.00925	380.5109475076525
0.9	0.00975	380.3887081478201
0.9	0.010833333333333334	380.1441777402664
0.9	0.0125	379.8123078181589
0.9	0.014166666666666668	379.52227534890216
0.9	0.01583333333333333	379.2647252263646
0.9	0.0175	379.03312492659734
0.9	0.019166666666666665	378.82273241144065
0.9	0.020833333333333336	368.665199535301
0.9	0.0225	350.42182341449524
0.9	0.02416666666666667	334.2919320248914
0.9	0.025833333333333333	319.9086941811754
0.9	0.0275	306.9875306732671
0.9	0.029166666666666667	295.3039853899447
0.9	0.030833333333333334	284.6784335027753
0.9	0.0325	274.96526953735287
0.9	0.034166666666666665	266.04510691197464
0.9	0.035833333333333335	257.8190481821457
0.9	0.0375	250.20440811997543
0.9	0.03916666666666667	243.1314747233631
0.9	0.04083333333333333	240.86148530382292
0.9	0.042499999999999996	240.86148530382292
0.9	0.04416666666666667	240.86148530382292
0.9	0.04583333333333334	240.86148530382292
0.9	0.0475	240.86148530382292
0.96	0.000010100000000000002	390.98258557663814
0.96	0.00002	390.98258557663814
0.96	0.00004500000000000001	390.98258557663814
0.96	0.00007500000000000001	390.98258557663814
0.96	0.000145	390.98258557663814
0.96	0.00035	390.98258557663814
0.96	0.00065	390.98258557663814
0.96	0.0009	390.98258557663814
0.96	0.00125	390.98258557663814
0.96	0.00175	390.98258557663814
0.96	0.0022500000000000003	390.98258557663814
0.96	0.00275	390.98258557663814
0.96	0.0032500000000000003	390.10046960421937
0.96	0.00375	388.5283739238359
0.96	0.00425	387.1585354693559
0.96	0.00475	385.94528842529036
0.96	0.0052499999999999995	384.8568301176621
0.96	0.00575	383.8701294086036
0.96	0.00625	382.9679754924733
0.96	0.00675	382.1371711274714
0.96	0.0072499999999999995	381.36737613970377
0.96	0.00775	380.9803065613556
0.96	0.00825	380.9375885076432
0.96	0.00875	380.89738915147797
0.96	0.00925	380.85942817129893
0.96	0.00975	380.82346957576596
0.96	0.010833333333333334	380.75151268486877
0.96	0.0125	380.65380247843535
0.96	0.014166666666666668	380.56836081052217
0.96	0.01583333333333333	380.49244957028645
0.96	0.0175	380.4241557825769
0.96	0.019166666666666665	380.362090152259
0.96	0.020833333333333336	368.4340038247414
0.96	0.0225	347.00405833117344
0.96	0.02416666666666667	328.22373656678076
0.96	0.025833333333333333	311.61447627000257
0.96	0.0275	296.80809136415326
0.96	0.029166666666666667	283.51642771110886
0.96	0.030833333333333334	271.51055844528963
0.96	0.0325	260.60618221774746
0.96	0.034166666666666665	250.6531612629989
0.96	0.035833333333333335	241.52788681301007
0.96	0.0375	233.12761555235647
0.96	0.03916666666666667	225.3662056947566
0.96	0.04083333333333333	222.88383936469884
0.96	0.042499999999999996	222.88383936469884
0.96	0.04416666666666667	222.88383936469884
0.96	0.04583333333333334	222.88383936469884
0.96	0.0475	222.88383936469884
1.	0.000010100000000000002	390.97311198448034
1.	0.00002	390.97311198448034
1.	0.00004500000000000001	390.97311198448034
1.	0.00007500000000000001	390.97311198448034
1.	0.000145	390.97311198448034
1.	0.00035	390.97311198448034
1.	0.00065	390.97311198448034
1.	0.0009	390.97311198448034
1.	0.00125	390.97311198448034
1.	0.00175	390.97311198448034
1.	0.0022500000000000003	390.97311198448034
1.	0.00275	390.97311198448034
1.	0.0032500000000000003	390.09181840205537
1.	0.00375	388.521183880277
1.	0.00425	387.1526138900857
1.	0.00475	385.94048663178205
1.	0.0052499999999999995	384.8530299865095
1.	0.00575	383.8672348806288
1.	0.00625	382.9659069540183
1.	0.00675	382.1358615454654
1.	0.0072499999999999995	381.3667683166407
1.	0.00775	380.9779783220061
1.	0.00825	380.93134773747244
1.	0.00875	380.88746697453075
1.	0.00925	380.8460299646918
1.	0.00975	380.8067790437538
1.	0.010833333333333334	380.728234886626
1.	0.0125	380.62158201327065
1.	0.014166666666666668	380.5283225789878
1.	0.01583333333333333	380.4454671991429
1.	0.0175	380.3709273881325
1.	0.019166666666666665	380.3031864134168
1.	0.020833333333333336	370.9520685283213
1.	0.0225	353.9989863301272
1.	0.02416666666666667	338.95235029353245
1.	0.025833333333333333	325.4871177332388
1.	0.0275	313.35021942261807
1.	0.029166666666666667	302.34138026444407
1.	0.030833333333333334	292.2998205180679
1.	0.0325	283.094822994038
1.	0.034166666666666665	274.6189071343279
1.	0.035833333333333335	266.782800871038
1.	0.0375	259.51167733238987
1.	0.03916666666666667	252.74229755534517
1.	0.04083333333333333	250.56648250254423
1.	0.042499999999999996	250.56648250254423
1.	0.04416666666666667	250.56648250254423
1.	0.04583333333333334	250.56648250254423
1.	0.0475	250.56648250254423
1.018	0.000010100000000000002	390.9722830399224
1.018	0.00002	390.9722830399224
1.018	0.00004500000000000001	390.9722830399224
1.018	0.00007500000000000001	390.9722830399224
1.018	0.000145	390.9722830399224
1.018	0.00035	390.9722830399224
1.018	0.00065	390.9722830399224
1.018	0.0009	390.9722830399224
1.018	0.00125	390.9722830399224
1.018	0.00175	390.9722830399224
1.018	0.0022500000000000003	390.9722830399224
1.018	0.00275	390.9722830399224
1.018	0.0032500000000000003	390.09108193057557
1.018	0.00375	388.520611705296
1.018	0.00425	387.1521843419447
1.018	0.00475	385.9401829909405
1.018	0.0052499999999999995	384.85283896967593
1.018	0.00575	383.86714568583534
1.018	0.00625	382.96591062872307
1.018	0.00675	382.13595055189484
1.018	0.0072499999999999995	381.36693622308275
1.018	0.00775	380.97924030446876
1.018	0.00825	380.9346242679447
1.018	0.00875	380.892639038906
1.018	0.00925	380.85299180738156
1.018	0.00975	380.81543606967546
1.018	0.010833333333333334	380.74028360429486
1.018	0.0125	380.63823514011153
1.018	0.014166666666666668	380.54900088201737
1.018	0.01583333333333333	380.4697208356409
1.018	0.0175	380.3983968914014
1.018	0.019166666666666665	380.33357793784774
1.018	0.020833333333333336	369.35968439586117
1.018	0.0225	349.57715801782876
1.018	0.02416666666666667	332.15876487931314
1.018	0.025833333333333333	316.6863503261014
1.018	0.0275	302.83677886962073
1.018	0.029166666666666667	290.35610836649556
1.018	0.030833333333333334	279.0418090707038
1.018	0.0325	268.73023507865116
1.018	0.034166666666666665	259.28761466158556
1.018	0.035833333333333335	250.60345254549753
1.018	0.0375	242.58561937939947
1.018	0.03916666666666667	235.15664313803407
1.018	0.04083333333333333	232.7762346989242
1.018	0.042499999999999996	232.7762346989242
1.018	0.04416666666666667	232.7762346989242
1.018	0.04583333333333334	232.7762346989242
1.018	0.0475	232.7762346989242
1.04	0.000010100000000000002	390.9703976089338
1.04	0.00002	390.9703976089338
1.04	0.00004500000000000001	390.9703976089338
1.04	0.00007500000000000001	390.9703976089338
1.04	0.000145	390.9703976089338
1.04	0.00035	390.9703976089338
1.04	0.00065	390.9703976089338
1.04	0.0009	390.9703976089338
1.04	0.00125	390.9703976089338
1.04	0.00175	390.9703976089338
1.04	0.0022500000000000003	390.9703976089338
1.04	0.00275	390.9703976089338
1.04	0.0032500000000000003	390.08938840282315
1.04	0.00375	388.5192591335753
1.04	0.00425	387.15112775887536
1.04	0.00475	385.9393877010186
1.04	0.0052499999999999995	384.85227740792817
1.04	0.00575	383.86679543629583
1.04	0.00625	382.96575311320004
1.04	0.00675	382.13597012802336
1.04	0.0072499999999999995	381.36711954372777
1.04	0.00775	380.9807555667738
1.04	0.00825	380.9385310482097
1.04	0.00875	380.89879607791596
1.04	0.00925	380.8612735812418
1.04	0.00975	380.82573030001197
1.04	0.010833333333333334	380.75460437979416
1.04	0.0125	380.65802229914226
1.04	0.014166666666666668	380.5735668742456
1.04	0.01583333333333333	380.4985316846302
1.04	0.0175	380.4310258908222
1.04	0.019166666666666665	380.3696762706269
1.04	0.020833333333333336	369.2227880597278
1.04	0.0225	349.1381688705542
1.04	0.02416666666666667	331.4688943038297
1.04	0.025833333333333333	315.7861080731716
1.04	0.0275	301.75867059463667
1.04	0.029166666666666667	289.1265445206418
1.04	0.030833333333333334	277.6824847232061
1.04	0.0325	267.25914612966176
1.04	0.034166666666666665	257.71981877574837
1.04	0.035833333333333335	248.9516474324781
1.04	0.0375	240.86058814992927
1.04	0.03916666666666667	233.36760143630445
1.04	0.04083333333333333	230.9674827232306
1.04	0.042499999999999996	230.9674827232306
1.04	0.04416666666666667	230.9674827232306
1.04	0.04583333333333334	230.9674827232306
1.04	0.0475	230.9674827232306
1.1	0.000010100000000000002	391.0013457614215
1.1	0.00002	391.0013457614215
1.1	0.00004500000000000001	391.0013457614215
1.1	0.00007500000000000001	391.0013457614215
1.1	0.000145	391.0013457614215
1.1	0.00035	391.0013457614215
1.1	0.00065	391.0012933571981
1.1	0.0009	391.00119127346363
1.1	0.00125	391.0010882230493
1.1	0.00175	391.00098267308016
1.1	0.0022500000000000003	391.0009038367869
1.1	0.00275	391.000840887234
1.1	0.0032500000000000003	390.1171323687902
1.1	0.00375	388.542255692305
1.1	0.00425	387.1700030142458
1.1	0.00475	385.9546247376111
1.1	0.0052499999999999995	384.8642600289573
1.1	0.00575	383.8758357530335
1.1	0.00625	382.97210980174543
1.1	0.00675	382.1398609874932
1.1	0.0072499999999999995	381.36873041553986
1.1	0.00775	380.9842753589329
1.1	0.00825	380.94774598443865
1.1	0.00875	380.913369874949
1.1	0.00925	380.8809074095163
1.1	0.00975	380.8501568579789
1.1	0.010833333333333334	380.7886205416803
1.1	0.0125	380.7050577278337
1.1	0.014166666666666668	380.6319845523679
1.1	0.01583333333333333	380.5670601906162
1.1	0.0175	380.5086491792298
1.1	0.019166666666666665	380.45556373240333
1.1	0.020833333333333336	369.30557279047355
1.1	0.0225	349.2087054899729
1.1	0.02416666666666667	331.5290340918984
1.1	0.025833333333333333	315.8373324417074
1.1	0.0275	301.80218201979307
1.1	0.029166666666666667	289.1633313193148
1.1	0.030833333333333334	277.71336818322686
1.1	0.0325	267.28481544506917
1.1	0.034166666666666665	257.7408573735878
1.1	0.035833333333333335	248.9685531070308
1.1	0.0375	240.87378866636996
1.1	0.03916666666666667	233.37746676890464
1.1	0.04083333333333333	230.9762997822703
1.1	0.042499999999999996	230.9762997822703
1.1	0.04416666666666667	230.9762997822703
1.1	0.04583333333333334	230.9762997822703
1.1	0.0475	230.9762997822703
1.2	0.000010100000000000002	398.7770241367722
1.2	0.00002	398.7770241367722
1.2	0.00004500000000000001	398.7770241367722
1.2	0.00007500000000000001	398.7770241367722
1.2	0.000145	398.7770241367722
1.2	0.00035	398.7770241367722
1.2	0.00065	398.7770241367722
1.2	0.0009	398.7770241367722
1.2	0.00125	398.7770241367722
1.2	0.00175	398.7770241367722
1.2	0.0022500000000000003	398.7770241367722
1.2	0.00275	398.7770241367722
1.2	0.0032500000000000003	397.1919606045712
1.2	0.00375	394.3738585084637
1.2	0.00425	391.9254027827191
1.2	0.00475	389.76235343983024
1.2	0.0052499999999999995	387.8261963301672
1.2	0.00575	386.0746541616361
1.2	0.00625	384.4761996369648
1.2	0.00675	383.00670351457217
1.2	0.0072499999999999995	381.6472932276005
1.2	0.00775	380.9909969004587
1.2	0.00825	380.96610872655
1.2	0.00875	380.9426869193254
1.2	0.00925	380.9205683352636
1.2	0.00975	380.8996156245469
1.2	0.010833333333333334	380.85768459051235
1.2	0.0125	380.80074117610343
1.2	0.014166666666666668	380.7509426025806
1.2	0.01583333333333333	380.7066948006684
1.2	0.0175	380.66688397667417
1.2	0.019166666666666665	380.63070117463127
1.2	0.020833333333333336	369.47298188774363
1.2	0.0225	349.34867608563786
1.2	0.02416666666666667	331.6457625861151
1.2	0.025833333333333333	315.9341725300701
1.2	0.0275	301.88185249676445
1.2	0.029166666666666667	289.2280639870831
1.2	0.030833333333333334	277.7650153816386
1.2	0.0325	267.32492969600645
1.2	0.034166666666666665	257.7707513541335
1.2	0.035833333333333335	248.98934548140159
1.2	0.0375	240.88643957863948
1.2	0.03916666666666667	233.3828056603423
1.2	0.04083333333333333	230.97934398483645
1.2	0.042499999999999996	230.97934398483645
1.2	0.04416666666666667	230.97934398483645
1.2	0.04583333333333334	230.97934398483645
1.2	0.0475	230.97934398483645
1.22	0.000010100000000000002	390.9940418700381
1.22	0.00002	390.9940418700381
1.22	0.00004500000000000001	390.9940418700381
1.22	0.00007500000000000001	390.9940418700381
1.22	0.000145	390.9940418700381
1.22	0.00035	390.9940418700381
1.22	0.00065	390.99393439942185
1.22	0.0009	390.9937250460752
1.22	0.00125	390.99351371031975
1.22	0.00175	390.99329724853885
1.22	0.0022500000000000003	390.99313557118046
1.22	0.00275	390.99300647435086
1.22	0.0032500000000000003	390.1100352786253
1.22	0.00375	388.5365195521957
1.22	0.00425	387.16544831690106
1.22	0.00475	385.9511129823333
1.22	0.0052499999999999995	384.8616811806478
1.22	0.00575	383.8741003315787
1.22	0.00625	382.97114364738513
1.22	0.00675	382.1396016601435
1.22	0.0072499999999999995	381.36912463748854
1.22	0.00775	380.9920660766381
1.22	0.00825	380.9690485642561
1.22	0.00875	380.94738709929044
1.22	0.00925	380.92693081759336
1.22	0.00975	380.9075527067251
1.22	0.010833333333333334	380.8687725565507
1.22	0.0125	380.8161076089807
1.22	0.014166666666666668	380.77005018652835
1.22	0.01583333333333333	380.72912615035926
1.22	0.0175	380.69230549372753
1.22	0.019166666666666665	380.658840109384
1.22	0.020833333333333336	369.4998556957367
1.22	0.0225	349.37109959159125
1.22	0.02416666666666667	331.6644173081769
1.22	0.025833333333333333	315.94960304302595
1.22	0.0275	301.89450021368367
1.22	0.029166666666666667	289.2382912016417
1.22	0.030833333333333334	277.7731227451341
1.22	0.0325	267.33116916081144
1.22	0.034166666666666665	257.77533591933184
1.22	0.035833333333333335	248.99245663977587
1.22	0.0375	240.88823308316952
1.22	0.03916666666666667	233.38341604327866
1.22	0.04083333333333333	230.97958313806618
1.22	0.042499999999999996	230.97958313806618
1.22	0.04416666666666667	230.97958313806618
1.22	0.04583333333333334	230.97958313806618
1.22	0.0475	230.97958313806618
1.3	0.000010100000000000002	390.9682766057812
1.3	0.00002	390.9682766057812
1.3	0.00004500000000000001	390.9682766057812
1.3	0.00007500000000000001	390.9682766057812
1.3	0.000145	390.9682766057812
1.3	0.00035	390.9682766057812
1.3	0.00065	390.96793773758947
1.3	0.0009	390.967277621079
1.3	0.00125	390.9666112545648
1.3	0.00175	390.9659287258928
1.3	0.0022500000000000003	390.965418939281
1.3	0.00275	390.9650118830104
1.3	0.0032500000000000003	390.0844527606066
1.3	0.00375	388.5154367444033
1.3	0.00425	387.14827179547507
1.3	0.00475	385.9373848762742
1.3	0.0052499999999999995	384.8510377175379
1.3	0.00575	383.8662456885866
1.3	0.00625	382.9658326476301
1.3	0.00675	382.1366278701044
1.3	0.0072499999999999995	381.3683119133309
1.3	0.00775	380.99463553248427
1.3	0.00825	380.97611739802863
1.3	0.00875	380.9586900361017
1.3	0.00925	380.94223210595135
1.3	0.00975	380.92664144975896
1.3	0.010833333333333334	380.89544042011084
1.3	0.0125	380.85306721767785
1.3	0.014166666666666668	380.81600936370046
1.3	0.01583333333333333	380.7830811028964
1.3	0.0175	380.7534539082831
1.3	0.019166666666666665	380.72652599775864
1.3	0.020833333333333336	369.5644855958378
1.3	0.0225	349.4250017827096
1.3	0.02416666666666667	331.7092352097952
1.3	0.025833333333333333	315.9866497904809
1.3	0.0275	301.9248401427828
1.3	0.029166666666666667	289.2627978392258
1.3	0.030833333333333334	277.7925209626987
1.3	0.0325	267.3460663924859
1.3	0.034166666666666665	257.786245666457
1.3	0.035833333333333335	248.99981643109345
1.3	0.0375	240.89241838173027
1.3	0.03916666666666667	233.38475114468517
1.3	0.04083333333333333	230.98002396769743
1.3	0.042499999999999996	230.98002396769743
1.3	0.04416666666666667	230.98002396769743
1.3	0.04583333333333334	230.98002396769743
1.3	0.0475	230.98002396769743
1.4	0.000010100000000000002	390.9888137648102
1.4	0.00002	390.9888137648102
1.4	0.00004500000000000001	390.9888137648102
1.4	0.00007500000000000001	390.9888137648102
1.4	0.000145	390.9888137648102
1.4	0.00035	390.9888137648102
1.4	0.00065	390.9886468791201
1.4	0.0009	390.98832178495724
1.4	0.00125	390.9879936125107
1.4	0.00175	390.98765748022373
1.4	0.0022500000000000003	390.9874064198955
1.4	0.00275	390.98720595221073
1.4	0.0032500000000000003	390.10473457087426
1.4	0.00375	388.53216184965675
1.4	0.00425	387.16190924807097
1.4	0.00475	385.9482965860873
1.4	0.0052499999999999995	384.859511217723
1.4	0.00575	383.8725148039781
1.4	0.00625	382.97009117171376
1.4	0.00675	382.13903897296194
1.4	0.0072499999999999995	381.3690148235319
1.4	0.00775	380.99292754414995
1.4	0.00825	380.97135340357596
1.4	0.00875	380.95105020134565
1.4	0.00925	380.93187654597887
1.4	0.00975	380.9137133996535
1.4	0.010833333333333334	380.8773645048021
1.4	0.0125	380.82800092459706
1.4	0.014166666666666668	380.7848303177122
1.4	0.01583333333333333	380.7464710687993
1.4	0.0175	380.7119578118354
1.4	0.019166666666666665	380.6805893844004
1.4	0.020833333333333336	369.5206449981358
1.4	0.0225	349.38848280029663
1.4	0.02416666666666667	331.678915471698
1.4	0.025833333333333333	315.9616325576577
1.4	0.0275	301.90439863293125
1.4	0.029166666666666667	289.2463356059715
1.4	0.030833333333333334	277.779543096331
1.4	0.0325	267.33615819283705
1.4	0.034166666666666665	257.7790565860222
1.4	0.035833333333333335	248.99504780625304
1.4	0.0375	240.8898139332009
1.4	0.03916666666666667	233.38408953343958
1.4	0.04083333333333333	230.97997188234837
1.4	0.042499999999999996	230.97997188234837
1.4	0.04416666666666667	230.97997188234837
1.4	0.04583333333333334	230.97997188234837
1.4	0.0475	230.97997188234837
1.5	0.000010100000000000002	399.99578363667257
1.5	0.00002	399.99578363667257
1.5	0.00004500000000000001	399.99578363667257
1.5	0.00007500000000000001	399.99578363667257
1.5	0.000145	399.99578363667257
1.5	0.00035	399.99578363667257
1.5	0.00065	399.99578363667257
1.5	0.0009	399.99578363667257
1.5	0.00125	399.99578363667257
1.5	0.00175	399.99578363667257
1.5	0.0022500000000000003	399.99578363667257
1.5	0.00275	399.99578363667257
1.5	0.0032500000000000003	399.9952500215427
1.5	0.00375	399.9942960229148
1.5	0.00425	399.9934616099467
1.5	0.00475	399.992720114269
1.5	0.0052499999999999995	399.99205290008604
1.5	0.00575	399.9914464305967
1.5	0.00625	399.9908905622895
1.5	0.00675	399.99037749775374
1.5	0.0072499999999999995	399.989901113673
1.5	0.00775	399.98336238211533
1.5	0.00825	399.9713261837798
1.5	0.00875	399.9599987493519
1.5	0.00925	399.9493012448518
1.5	0.00975	399.939167298147
1.5	0.010833333333333334	399.9188861140354
1.5	0.0125	399.89134182000043
1.5	0.014166666666666668	399.8672517604458
1.5	0.01583333333333333	399.8458454607614
1.5	0.0175	399.826584545249
1.5	0.019166666666666665	399.80907796427755
1.5	0.020833333333333336	394.18114660601407
1.5	0.0225	383.8002925273273
1.5	0.02416666666666667	374.4065023033489
1.5	0.025833333333333333	365.8469812528388
1.5	0.0275	358.0005847754346
1.5	0.029166666666666667	350.76979822562953
1.5	0.030833333333333334	344.0750793109578
1.5	0.0325	337.8507799360308
1.5	0.034166666666666665	332.0421499934239
1.5	0.035833333333333335	326.6030984406359
1.5	0.0375	321.49449469412275
1.5	0.03916666666666667	316.68286222827254
1.5	0.04083333333333333	315.1245858175394
1.5	0.042499999999999996	315.1245858175394
1.5	0.04416666666666667	315.1245858175394
1.5	0.04583333333333334	315.1245858175394
1.5	0.0475	315.1245858175394
1.58	0.000010100000000000002	399.9951192639021
1.58	0.00002	399.9951192639021
1.58	0.00004500000000000001	399.9951192639021
1.58	0.00007500000000000001	399.9951192639021
1.58	0.000145	399.9951192639021
1.58	0.00035	399.9951192639021
1.58	0.00065	399.9951192639021
1.58	0.0009	399.9951192639021
1.58	0.00125	399.9951192639021
1.58	0.00175	399.9951192639021
1.58	0.0022500000000000003	399.9951192639021
1.58	0.00275	399.9951192639021
1.58	0.0032500000000000003	399.99444657105283
1.58	0.00375	399.9932439294715
1.58	0.00425	399.9921920420599
1.58	0.00475	399.9912572896071
1.58	0.0052499999999999995	399.990416179097
1.58	0.00575	399.9896516455136
1.58	0.00625	399.9889509015604
1.58	0.00675	399.98830411752687
1.58	0.0072499999999999995	399.9877035741318
1.58	0.00775	399.98038228754376
1.58	0.00825	399.96696636977373
1.58	0.00875	399.9543405043823
1.58	0.00925	399.94241681359745
1.58	0.00975	399.9311213113448
1.58	0.010833333333333334	399.90851559129686
1.58	0.0125	399.87781450756285
1.58	0.014166666666666668	399.850963739098
1.58	0.01583333333333333	399.8271044436646
1.58	0.0175	399.8056365019289
1.58	0.019166666666666665	399.78612401930536
1.58	0.020833333333333336	393.5839694342545
1.58	0.0225	382.1680940385392
1.58	0.02416666666666667	371.86502041930703
1.58	0.025833333333333333	362.5000835342985
1.58	0.0275	353.9351422903826
1.58	0.029166666666666667	346.0592586244778
1.58	0.030833333333333334	338.7821377271469
1.58	0.0325	332.02940997799533
1.58	0.034166666666666665	325.73917177402484
1.58	0.035833333333333335	319.8594057106141
1.58	0.0375	314.3460269727938
1.58	0.03916666666666667	309.1613834550635
1.58	0.04083333333333333	307.4840358210447
1.58	0.042499999999999996	307.4840358210447
1.58	0.04416666666666667	307.4840358210447
1.58	0.04583333333333334	307.4840358210447
1.58	0.0475	307.4840358210447
1.6	0.000010100000000000002	399.99495482374164
1.6	0.00002	399.99495482374164
1.6	0.00004500000000000001	399.99495482374164
1.6	0.00007500000000000001	399.99495482374164
1.6	0.000145	399.99495482374164
1.6	0.00035	399.99495482374164
1.6	0.00065	399.99495482374164
1.6	0.0009	399.99495482374164
1.6	0.00125	399.99495482374164
1.6	0.00175	399.99495482374164
1.6	0.0022500000000000003	399.99495482374164
1.6	0.00275	399.99495482374164
1.6	0.0032500000000000003	399.9942397615714
1.6	0.00375	399.99296137222444
1.6	0.00425	399.99184323242054
1.6	0.00475	399.990849605394
1.6	0.0052499999999999995	399.9899555183919
1.6	0.00575	399.98914283153937
1.6	0.00625	399.98839795211904
1.6	0.00675	399.9877104312883
1.6	0.0072499999999999995	399.9870720635621
1.6	0.00775	399.9795206680067
1.6	0.00825	399.96570023737286
1.6	0.00875	399.9526936933161
1.6	0.00925	399.940410506289
1.6	0.00975	399.92877445770324
1.6	0.010833333333333334	399.90548723109566
1.6	0.0125	399.87386064916706
1.6	0.014166666666666668	399.84620051204223
1.6	0.01583333333333333	399.8216220675799
1.6	0.0175	399.79950709300914
1.6	0.019166666666666665	399.77940654515714
1.6	0.020833333333333336	393.4529205217548
1.6	0.0225	381.8136536446744
1.6	0.02416666666666667	371.314990235411
1.6	0.025833333333333333	361.7773679192347
1.6	0.0275	353.05884876547015
1.6	0.029166666666666667	345.04550286706547
1.6	0.030833333333333334	337.6446440454987
1.6	0.0325	330.7799670091437
1.6	0.034166666666666665	324.38798363517276
1.6	0.035833333333333335	318.4153663074374
1.6	0.0375	312.8169369250137
1.6	0.03916666666666667	307.5541235555504
1.6	0.04083333333333333	305.8518666446286
1.6	0.042499999999999996	305.8518666446286
1.6	0.04416666666666667	305.8518666446286
1.6	0.04583333333333334	305.8518666446286
1.6	0.0475	305.8518666446286
1.7	0.000010100000000000002	399.99750401763663
1.7	0.00002	399.99750401763663
1.7	0.00004500000000000001	399.99750401763663
1.7	0.00007500000000000001	399.99750401763663
1.7	0.000145	399.99750401763663
1.7	0.00035	399.99750401763663
1.7	0.00065	399.99707466791887
1.7	0.0009	399.9962382933103
1.7	0.00125	399.9953940002226
1.7	0.00175	399.9945292298737
1.7	0.0022500000000000003	399.9938833256003
1.7	0.00275	399.9933675817474
1.7	0.0032500000000000003	399.9922534087353
1.7	0.00375	399.9906612914417
1.7	0.00425	399.9892687513571
1.7	0.00475	399.9880312812641
1.7	0.0052499999999999995	399.986917779663
1.7	0.00575	399.9859056548522
1.7	0.00625	399.98497797824564
1.7	0.00675	399.9841217366931
1.7	0.0072499999999999995	399.9833267109625
1.7	0.00775	399.9745465853974
1.7	0.00825	399.9585251691209
1.7	0.00875	399.94344733623024
1.7	0.00925	399.92920812649464
1.7	0.00975	399.9157191723008
1.7	0.010833333333333334	399.8887239130228
1.7	0.0125	399.852061821085
1.7	0.014166666666666668	399.8199980805507
1.7	0.01583333333333333	399.79150694679026
1.7	0.0175	399.76587168579584
1.7	0.019166666666666665	399.7425717061514
1.7	0.020833333333333336	392.86781942180073
1.7	0.0225	380.2464405089395
1.7	0.02416666666666667	368.890697646588
1.7	0.025833333333333333	358.59873608130056
1.7	0.0275	349.2113750692087
1.7	0.029166666666666667	340.60112759222187
1.7	0.030833333333333334	332.66449404696283
1.7	0.0325	325.3164338446991
1.7	0.034166666666666665	318.4863219610812
1.7	0.035833333333333335	312.1149402806195
1.7	0.0375	306.15220419292785
1.7	0.03916666666666667	300.55542079175865
1.7	0.04083333333333333	298.74692552450784
1.7	0.042499999999999996	298.74692552450784
1.7	0.04416666666666667	298.74692552450784
1.7	0.04583333333333334	298.74692552450784
1.7	0.0475	298.74692552450784
1.76	0.000010100000000000002	399.99781549069434
1.76	0.00002	399.99781549069434
1.76	0.00004500000000000001	399.99781549069434
1.76	0.00007500000000000001	399.99781549069434
1.76	0.000145	399.99781549069434
1.76	0.00035	399.99781549069434
1.76	0.00065	399.9973794728186
1.76	0.0009	399.9965301086381
1.76	0.00125	399.9956727030258
1.76	0.00175	399.99479450215387
1.76	0.0022500000000000003	399.9941385665288
1.76	0.00275	399.99361481281994
1.76	0.0032500000000000003	399.9922351581315
1.76	0.00375	399.9901746236155
1.76	0.00425	399.9883723859467
1.76	0.00475	399.98677084277875
1.76	0.0052499999999999995	399.98532974181774
1.76	0.00575	399.9840198443779
1.76	0.00625	399.98281924111984
1.76	0.00675	399.9817110901588
1.76	0.0072499999999999995	399.9806821655641
1.76	0.00775	399.97103649648955
1.76	0.00825	399.95357641883555
1.76	0.00875	399.9371447120873
1.76	0.00925	399.92162698150554
1.76	0.00975	399.9069269167391
1.76	0.010833333333333334	399.87750801219084
1.76	0.0125	399.8375546684414
1.76	0.014166666666666668	399.80261275180055
1.76	0.01583333333333333	399.7715643452895
1.76	0.0175	399.74362831535524
1.76	0.019166666666666665	399.7182372982263
1.76	0.020833333333333336	392.591853125722
1.76	0.0225	379.52159726490396
1.76	0.02416666666666667	367.7756551106671
1.76	0.025833333333333333	357.14156213747594
1.76	0.0275	347.4519535010581
1.76	0.029166666666666667	338.5729241243029
1.76	0.030833333333333334	330.395867864895
1.76	0.0325	322.83162870769945
1.76	0.034166666666666665	315.806226860717
1.76	0.035833333333333335	309.2576813547107
1.76	0.0375	303.1336110858125
1.76	0.03916666666666667	297.38939824060964
1.76	0.04083333333333333	295.5341043430526
1.76	0.042499999999999996	295.5341043430526
1.76	0.04416666666666667	295.5341043430526
1.76	0.04583333333333334	295.5341043430526
1.76	0.0475	295.5341043430526
1.8	0.000010100000000000002	399.9979693939868
1.8	0.00002	399.9979693939868
1.8	0.00004500000000000001	399.9979693939868
1.8	0.00007500000000000001	399.9979693939868
1.8	0.000145	399.9979693939868
1.8	0.00035	399.9979693939868
1.8	0.00065	399.9979693939868
1.8	0.0009	399.9979693939868
1.8	0.00125	399.9979693939868
1.8	0.00175	399.9979693939868
1.8	0.0022500000000000003	399.9979693939868
1.8	0.00275	399.9979693939868
1.8	0.0032500000000000003	399.9962337701616
1.8	0.00375	399.9931308300108
1.8	0.00425	399.99041686335727
1.8	0.00475	399.9880051251774
1.8	0.0052499999999999995	399.9858349985199
1.8	0.00575	399.98386245219274
1.8	0.00625	399.98205449248906
1.8	0.00675	399.9803857569224
1.8	0.0072499999999999995	399.9788363283639
1.8	0.00775	399.96837556584876
1.8	0.00825	399.9498322571683
1.8	0.00875	399.93238116586315
1.8	0.00925	399.9159007925084
1.8	0.00975	399.90028884548406
1.8	0.010833333333333334	399.86904511869756
1.8	0.0125	399.8266137414307
1.8	0.014166666666666668	399.78950483158025
1.8	0.01583333333333333	399.7565310645713
1.8	0.0175	399.72686281331
1.8	0.019166666666666665	399.69989749432995
1.8	0.020833333333333336	392.40434633144224
1.8	0.0225	379.032937123823
1.8	0.02416666666666667	367.02574874128254
1.8	0.025833333333333333	356.16304806130233
1.8	0.0275	346.27187148381694
1.8	0.029166666666666667	337.2139293111782
1.8	0.030833333333333334	328.8771313023092
1.8	0.0325	321.1695170503001
1.8	0.034166666666666665	314.01482343592716
1.8	0.035833333333333335	307.3491911897383
1.8	0.0375	301.11867968652734
1.8	0.03916666666666667	295.2773653305236
1.8	0.04083333333333333	293.39128370835243
1.8	0.042499999999999996	293.39128370835243
1.8	0.04416666666666667	293.39128370835243
1.8	0.04583333333333334	293.39128370835243
1.8	0.0475	293.39128370835243
1.9	0.000010100000000000002	399.998007169512
1.9	0.00002	399.998007169512
1.9	0.00004500000000000001	399.998007169512
1.9	0.00007500000000000001	399.998007169512
1.9	0.000145	399.998007169512
1.9	0.00035	399.998007169512
1.9	0.00065	399.9979836549716
1.9	0.0009	399.9979378485036
1.9	0.00125	399.9978916082655
1.9	0.00175	399.99784424643326
1.9	0.0022500000000000003	399.99780887141816
1.9	0.00275	399.997780625016
1.9	0.0032500000000000003	399.9955043753902
1.9	0.00375	399.99145681082973
1.9	0.00425	399.9879166423464
1.9	0.00475	399.98477071465766
1.9	0.0052499999999999995	399.9819399556263
1.9	0.00575	399.97936692860486
1.9	0.00625	399.97700859490465
1.9	0.00675	399.97483187044156
1.9	0.0072499999999999995	399.9728107743589
1.9	0.00775	399.9606624305414
1.9	0.00825	399.939328279113
1.9	0.00875	399.91925086417825
1.9	0.00925	399.90029037767164
1.9	0.00975	399.88232911449654
1.9	0.010833333333333334	399.846384087934
1.9	0.0125	399.7975686619534
1.9	0.014166666666666668	399.7548771389442
1.9	0.01583333333333333	399.7169433444513
1.9	0.0175	399.6828126952986
1.9	0.019166666666666665	399.6517918569227
1.9	0.020833333333333336	392.03202793149615
1.9	0.0225	378.08539565293574
1.9	0.02416666666666667	365.5804285883119
1.9	0.025833333333333333	354.2831673126588
1.9	0.0275	344.0097087334891
1.9	0.029166666666666667	334.6132097478389
1.9	0.030833333333333334	325.9747938395654
1.9	0.0325	317.9970462592742
1.9	0.034166666666666665	310.5992692294898
1.9	0.035833333333333335	303.71396040534137
1.9	0.0375	297.2841583322457
1.9	0.03916666666666667	291.26141328276594
1.9	0.04083333333333333	289.3178852101134
1.9	0.042499999999999996	289.3178852101134
1.9	0.04416666666666667	289.3178852101134
1.9	0.04583333333333334	289.3178852101134
1.9	0.0475	289.3178852101134
1.94	0.000010100000000000002	399.98265830262613
1.94	0.00002	399.98265830262613
1.94	0.00004500000000000001	399.98265830262613
1.94	0.00007500000000000001	399.98265830262613
1.94	0.000145	399.98265830262613
1.94	0.00035	399.98265830262613
1.94	0.00065	399.98265830262613
1.94	0.0009	399.98265830262613
1.94	0.00125	399.98265830262613
1.94	0.00175	399.98265830262613
1.94	0.0022500000000000003	399.98265830262613
1.94	0.00275	399.98265830262613
1.94	0.0032500000000000003	399.98145915246425
1.94	0.00375	399.9793153134101
1.94	0.00425	399.9774402141503
1.94	0.00475	399.9757739234374
1.94	0.0052499999999999995	399.974274561555
1.94	0.00575	399.9729117076878
1.94	0.00625	399.97166256669715
1.94	0.00675	399.9705096157798
1.94	0.0072499999999999995	399.96943909428165
1.94	0.00775	399.9571006914702
1.94	0.00825	399.9345443943787
1.94	0.00875	399.91331689000714
1.94	0.00925	399.8932703508507
1.94	0.00975	399.87428032055567
1.94	0.010833333333333334	399.83627661777984
1.94	0.0125	399.78466570381573
1.94	0.014166666666666668	399.739529683199
1.94	0.01583333333333333	399.69942404824684
1.94	0.0175	399.66333948818834
1.94	0.019166666666666665	399.630542922466
1.94	0.020833333333333336	391.91607914404307
1.94	0.0225	377.8021929400701
1.94	0.02416666666666667	365.1527962842382
1.94	0.025833333333333333	353.7297065895923
1.94	0.0275	343.3457779914038
1.94	0.029166666666666667	333.85163539105304
1.94	0.030833333333333334	325.12639601255734
1.94	0.0325	317.0710346317216
1.94	0.034166666666666665	309.6035456485446
1.94	0.035833333333333335	302.655353586503
1.94	0.0375	296.1686081494487
1.94	0.03916666666666667	290.0941171330708
1.94	0.04083333333333333	288.13422478969466
1.94	0.042499999999999996	288.13422478969466
1.94	0.04416666666666667	288.13422478969466
1.94	0.04583333333333334	288.13422478969466
1.94	0.0475	288.13422478969466
2.	0.000010100000000000002	399.97804988415385
2.	0.00002	399.97804988415385
2.	0.00004500000000000001	399.97804988415385
2.	0.00007500000000000001	399.97804988415385
2.	0.000145	399.97804988415385
2.	0.00035	399.97804988415385
2.	0.00065	399.97804988415385
2.	0.0009	399.97804988415385
2.	0.00125	399.97804988415385
2.	0.00175	399.97804988415385
2.	0.0022500000000000003	399.97804988415385
2.	0.00275	399.97804988415385
2.	0.0032500000000000003	399.9768164286637
2.	0.00375	399.9746112588538
2.	0.00425	399.97268251719976
2.	0.00475	399.9709685578545
2.	0.0052499999999999995	399.9694263029535
2.	0.00575	399.9680244613664
2.	0.00625	399.96673958580675
2.	0.00675	399.96555365216216
2.	0.0072499999999999995	399.9644525061012
2.	0.00775	399.95100985844374
2.	0.00825	399.9263759866657
2.	0.00875	399.9031934145548
2.	0.00925	399.88130067944525
2.	0.00975	399.8605618461574
2.	0.010833333333333334	399.81905863265916
2.	0.0125	399.7626957914002
2.	0.014166666666666668	399.7134045502291
2.	0.01583333333333333	399.66960722206306
2.	0.0175	399.63020145167826
2.	0.019166666666666665	399.5943865858103
2.	0.020833333333333336	391.738456160318
2.	0.0225	377.37524964645905
2.	0.02416666666666667	364.5108119351991
2.	0.025833333333333333	352.90059216977335
2.	0.0275	342.3525585487985
2.	0.029166666666666667	332.7135239155071
2.	0.030833333333333334	323.8595871812333
2.	0.0325	315.6893019534883
2.	0.034166666666666665	308.11869779835604
2.	0.035833333333333335	301.0775880493757
2.	0.0375	294.5067887525604
2.	0.03916666666666667	288.3559943374483
2.	0.04083333333333333	286.371988362357
2.	0.042499999999999996	286.371988362357
2.	0.04416666666666667	286.371988362357
2.	0.04583333333333334	286.371988362357
2.	0.0475	286.371988362357
2.12	0.000010100000000000002	399.9638645433168
2.12	0.00002	399.9638645433168
2.12	0.00004500000000000001	399.9638645433168
2.12	0.00007500000000000001	399.9638645433168
2.12	0.000145	399.9638645433168
2.12	0.00035	399.9638645433168
2.12	0.00065	399.9638645433168
2.12	0.0009	399.9638645433168
2.12	0.00125	399.9638645433168
2.12	0.00175	399.9638645433168
2.12	0.0022500000000000003	399.9638645433168
2.12	0.00275	399.9638645433168
2.12	0.0032500000000000003	399.9617761765699
2.12	0.00375	399.95804260886604
2.12	0.00425	399.9547770727058
2.12	0.00475	399.9518751918133
2.12	0.0052499999999999995	399.9492640287118
2.12	0.00575	399.94689060283577
2.12	0.00625	399.94471521452607
2.12	0.00675	399.94270734641515
2.12	0.0072499999999999995	399.9408430332726
2.12	0.00775	399.9232725930104
2.12	0.00825	399.89145937052353
2.12	0.00875	399.86152093952455
2.12	0.00925	399.83324869401434
2.12	0.00975	399.80646701180933
2.12	0.010833333333333334	399.75287187279986
2.12	0.0125	399.6800903633011
2.12	0.014166666666666668	399.61644288478425
2.12	0.01583333333333333	399.5598913595069
2.12	0.0175	399.5090117993094
2.12	0.019166666666666665	399.4627699771542
2.12	0.020833333333333336	390.63881204241466
2.12	0.0225	374.5680634846552
2.12	0.02416666666666667	360.23876233191584
2.12	0.025833333333333333	347.3604421502055
2.12	0.0275	335.7059753722481
2.12	0.029166666666666667	325.0948902572744
2.12	0.030833333333333334	315.38175565941475
2.12	0.0325	306.44791075520607
2.12	0.034166666666666665	298.19545878029334
2.12	0.035833333333333335	290.54282759482265
2.12	0.0375	283.4214362833639
2.12	0.03916666666666667	276.77315650790314
2.12	0.04083333333333333	274.63243044691876
2.12	0.042499999999999996	274.63243044691876
2.12	0.04416666666666667	274.63243044691876
2.12	0.04583333333333334	274.63243044691876
2.12	0.0475	274.63243044691876
2.2	0.000010100000000000002	399.9506268614344
2.2	0.00002	399.9506268614344
2.2	0.00004500000000000001	399.9506268614344
2.2	0.00007500000000000001	399.9506268614344
2.2	0.000145	399.9506268614344
2.2	0.00035	399.9506268614344
2.2	0.00065	399.9506268614344
2.2	0.0009	399.9506268614344
2.2	0.00125	399.9506268614344
2.2	0.00175	399.9506268614344
2.2	0.0022500000000000003	399.9506268614344
2.2	0.00275	399.9506268614344
2.2	0.0032500000000000003	399.94758909391
2.2	0.00375	399.9421582119991
2.2	0.00425	399.9374081519717
2.2	0.00475	399.9331870809332
2.2	0.0052499999999999995	399.9293888994038
2.2	0.00575	399.9259365387383
2.2	0.00625	399.92277224964397
2.2	0.00675	399.91985164000897
2.2	0.0072499999999999995	399.9171398488741
2.2	0.00775	399.89603107153846
2.2	0.00825	399.8582386971558
2.2	0.00875	399.82267398922016
2.2	0.00925	399.789089049769
2.2	0.00975	399.75727518019016
2.2	0.010833333333333334	399.6936108994649
2.2	0.0125	399.6071581946766
2.2	0.014166666666666668	399.53155767300734
2.2	0.01583333333333333	399.4643876293317
2.2	0.0175	399.4039560870733
2.2	0.019166666666666665	399.3490342137339
2.2	0.020833333333333336	390.02611721345266
2.2	0.0225	373.08289367065436
2.2	0.02416666666666667	358.01064583368236
2.2	0.025833333333333333	344.4938095627856
2.2	0.0275	332.28616859911057
2.2	0.029166666666666667	321.1924808937253
2.2	0.030833333333333334	311.0557126198655
2.2	0.0325	301.7479660577768
2.2	0.034166666666666665	293.1639029426559
2.2	0.035833333333333335	285.2158917597343
2.2	0.0375	277.83036994581835
2.2	0.03916666666666667	270.945077688144
2.2	0.04083333333333333	268.7300365277346
2.2	0.042499999999999996	268.7300365277346
2.2	0.04416666666666667	268.7300365277346
2.2	0.04583333333333334	268.7300365277346
2.2	0.0475	268.7300365277346
2.3	0.000010100000000000002	399.92747020074444
2.3	0.00002	399.92747020074444
2.3	0.00004500000000000001	399.92747020074444
2.3	0.00007500000000000001	399.92747020074444
2.3	0.000145	399.92747020074444
2.3	0.00035	399.92747020074444
2.3	0.00065	399.92747020074444
2.3	0.0009	399.92747020074444
2.3	0.00125	399.92747020074444
2.3	0.00175	399.92747020074444
2.3	0.0022500000000000003	399.92747020074444
2.3	0.00275	399.92747020074444
2.3	0.0032500000000000003	399.92258730874454
2.3	0.00375	399.91385779305
2.3	0.00425	399.90622267897135
2.3	0.00475	399.8994378932756
2.3	0.0052499999999999995	399.8933328809392
2.3	0.00575	399.8877837548056
2.3	0.00625	399.8826976839205
2.3	0.00675	399.87800330912023
2.3	0.0072499999999999995	399.873644592586
2.3	0.00775	399.84690392407475
2.3	0.00825	399.79986446879707
2.3	0.00875	399.755598742115
2.3	0.00925	399.7137980256344
2.3	0.00975	399.6742024231919
2.3	0.010833333333333334	399.5949680554949
2.3	0.0125	399.48737694854645
2.3	0.014166666666666668	399.3932961442408
2.3	0.01583333333333333	399.30971027547866
2.3	0.0175	399.23451268508353
2.3	0.019166666666666665	399.1661734311696
2.3	0.020833333333333336	389.2288586081873
2.3	0.0225	371.2181522189282
2.3	0.02416666666666667	355.24205846988195
2.3	0.025833333333333333	340.9527396441971
2.3	0.0275	328.07952570921617
2.3	0.029166666666666667	316.4083210238058
2.3	0.030833333333333334	305.76733246087565
2.3	0.0325	296.0169512452593
2.3	0.034166666666666665	287.04243439577294
2.3	0.035833333333333335	278.74851599622565
2.3	0.0375	271.05537565206413
2.3	0.03916666666666667	263.8955787102678
2.3	0.04083333333333333	261.59479384397946
2.3	0.042499999999999996	261.59479384397946
2.3	0.04416666666666667	261.59479384397946
2.3	0.04583333333333334	261.59479384397946
2.3	0.0475	261.59479384397946
2.4	0.000010100000000000002	399.9910993759053
2.4	0.00002	399.9910993759053
2.4	0.00004500000000000001	399.9910993759053
2.4	0.00007500000000000001	399.9910993759053
2.4	0.000145	399.9910993759053
2.4	0.00035	399.9910993759053
2.4	0.00065	399.9910993759053
2.4	0.0009	399.9910993759053
2.4	0.00125	399.9910993759053
2.4	0.00175	399.9910993759053
2.4	0.0022500000000000003	399.9910993759053
2.4	0.00275	399.9910993759053
2.4	0.0032500000000000003	399.9744519003182
2.4	0.00375	399.94469116798456
2.4	0.00425	399.9186627609507
2.4	0.00475	399.89553416161857
2.4	0.0052499999999999995	399.8747236439376
2.4	0.00575	399.85580867246966
2.4	0.00625	399.8384726448132
2.4	0.00675	399.8224721965547
2.4	0.0072499999999999995	399.8076162211204
2.4	0.00775	399.76922549555314
2.4	0.00825	399.70947070219273
2.4	0.00875	399.65324114742555
2.4	0.00925	399.60014437501115
2.4	0.00975	399.5498500033232
2.4	0.010833333333333334	399.4492104828247
2.4	0.0125	399.31256229798873
2.4	0.014166666666666668	399.19308129713943
2.4	0.01583333333333333	399.08693507192413
2.4	0.0175	398.99144631177745
2.4	0.019166666666666665	398.9046707490303
2.4	0.020833333333333336	388.4079698518406
2.4	0.0225	369.43496809318134
2.4	0.02416666666666667	352.6491344150034
2.4	0.025833333333333333	337.67197911736605
2.4	0.0275	324.2097004689187
2.4	0.029166666666666667	312.0304369553674
2.4	0.030833333333333334	300.94853877393035
2.4	0.0325	290.8134411654633
2.4	0.034166666666666665	281.5016328164314
2.4	0.035833333333333335	272.91075350516996
2.4	0.0375	264.95518635289505
2.4	0.03916666666666667	257.56271831893315
2.4	0.04083333333333333	255.18957961608453
2.4	0.042499999999999996	255.18957961608453
2.4	0.04416666666666667	255.18957961608453
2.4	0.04583333333333334	255.18957961608453
2.4	0.0475	255.18957961608453
2.5	0.000010100000000000002	399.8265816376514
2.5	0.00002	399.8265816376514
2.5	0.00004500000000000001	399.8265816376514
2.5	0.00007500000000000001	399.8265816376514
2.5	0.000145	399.8265816376514
2.5	0.00035	399.8265816376514
2.5	0.00065	399.8265816376514
2.5	0.0009	399.8265816376514
2.5	0.00125	399.8265816376514
2.5	0.00175	399.8265816376514
2.5	0.0022500000000000003	399.8265816376514
2.5	0.00275	399.8265816376514
2.5	0.0032500000000000003	399.8130029423323
2.5	0.00375	399.7887280167642
2.5	0.00425	399.7674971631287
2.5	0.00475	399.7486314115799
2.5	0.0052499999999999995	399.7316563228851
2.5	0.00575	399.71622728560874
2.5	0.00625	399.7020860827818
2.5	0.00675	399.6890342277513
2.5	0.0072499999999999995	399.6769158538577
2.5	0.00775	399.62903298434907
2.5	0.00825	399.54870877237727
2.5	0.00875	399.4731270738267
2.5	0.00925	399.40175971122034
2.5	0.00975	399.3341620697238
2.5	0.010833333333333334	399.1989073478307
2.5	0.0125	399.0152775001585
2.5	0.014166666666666668	398.8547349182734
2.5	0.01583333333333333	398.7121237179258
2.5	0.0175	398.5838423701854
2.5	0.019166666666666665	398.4672756700402
2.5	0.020833333333333336	387.2866976750685
2.5	0.0225	367.1490102255255
2.5	0.02416666666666667	349.3896629523785
2.5	0.025833333333333333	333.5910048710593
2.5	0.0275	319.42980735658256
2.5	0.029166666666666667	306.65170041671684
2.5	0.030833333333333334	295.0535472960459
2.5	0.0325	284.4710090648735
2.5	0.034166666666666665	274.7695907847734
2.5	0.035833333333333335	265.83807695636364
2.5	0.0375	257.58364022598795
2.5	0.03916666666666667	249.92814340534656
2.5	0.04083333333333333	247.47363034150678
2.5	0.042499999999999996	247.47363034150678
2.5	0.04416666666666667	247.47363034150678
2.5	0.04583333333333334	247.47363034150678
2.5	0.0475	247.47363034150678
2.6	0.000010100000000000002	391.00494915308394
2.6	0.00002	391.00494915308394
2.6	0.00004500000000000001	391.00494915308394
2.6	0.00007500000000000001	391.00494915308394
2.6	0.000145	391.00494915308394
2.6	0.00035	391.00494915308394
2.6	0.00065	391.004948052441
2.6	0.0009	391.00494590838184
2.6	0.00125	391.0049437440189
2.6	0.00175	391.00494152715754
2.6	0.0022500000000000003	391.0049398713619
2.6	0.00275	391.0049385492344
2.6	0.0032500000000000003	390.08571248305117
2.6	0.00375	388.4476975462293
2.6	0.00425	387.0206478604083
2.6	0.00475	385.75690691625124
2.6	0.0052499999999999995	384.62329043388735
2.6	0.00575	383.59576979749505
2.6	0.00625	382.6563908662936
2.6	0.00675	381.7913878502818
2.6	0.0072499999999999995	380.9899761485781
2.6	0.00775	380.5651356429743
2.6	0.00825	380.4789229785435
2.6	0.00875	380.3978025058018
2.6	0.00925	380.32120699421307
2.6	0.00975	380.24865896566246
2.6	0.010833333333333334	380.1035038025722
2.6	0.0125	379.9064425310985
2.6	0.014166666666666668	379.73416666327796
2.6	0.01583333333333333	379.58114008640865
2.6	0.0175	379.4434958621844
2.6	0.019166666666666665	379.31842618521387
2.6	0.020833333333333336	370.00660890911087
2.6	0.0225	353.1710874204579
2.6	0.02416666666666667	338.22575628077936
2.6	0.025833333333333333	324.84865255109304
2.6	0.0275	312.78905702268565
2.6	0.029166666666666667	301.8485190273096
2.6	0.030833333333333334	291.8676968388398
2.6	0.0325	282.7170220062663
2.6	0.034166666666666665	274.28994265232524
2.6	0.035833333333333335	266.49794557275806
2.6	0.0375	259.26683001468746
2.6	0.03916666666666667	252.53387815419913
2.6	0.04083333333333333	250.36960041995343
2.6	0.042499999999999996	250.36960041995343
2.6	0.04416666666666667	250.36960041995343
2.6	0.04583333333333334	250.36960041995343
2.6	0.0475	250.36960041995343
2.66	0.000010100000000000002	391.00495129725346
2.66	0.00002	391.00495129725346
2.66	0.00004500000000000001	391.00495129725346
2.66	0.00007500000000000001	391.00495129725346
2.66	0.000145	391.00495129725346
2.66	0.00035	391.00495129725346
2.66	0.00065	391.0049500180602
2.66	0.0009	391.0049475261839
2.66	0.00125	391.00494501071006
2.66	0.00175	391.00494243422116
2.66	0.0022500000000000003	391.0049405098162
2.66	0.00275	391.0049389732083
2.66	0.0032500000000000003	390.08740743467825
2.66	0.00375	388.452402331544
2.66	0.00425	387.0279644626138
2.66	0.00475	385.76652835173695
2.66	0.0052499999999999995	384.63497289035786
2.66	0.00575	383.6093150648683
2.66	0.00625	382.67163471416234
2.66	0.00675	381.80819203535077
2.66	0.0072499999999999995	381.00822273946204
2.66	0.00775	380.5893894725675
2.66	0.00825	380.51332682967995
2.66	0.00875	380.44175500870256
2.66	0.00925	380.3741738675431
2.66	0.00975	380.3101623908496
2.66	0.010833333333333334	380.1820829670238
2.66	0.0125	380.0081943357028
2.66	0.014166666666666668	379.85616786177985
2.66	0.01583333333333333	379.7211212934731
2.66	0.0175	379.59964423423634
2.66	0.019166666666666665	379.4892602625773
2.66	0.020833333333333336	370.428466067201
2.66	0.0225	354.021343717486
2.66	0.02416666666666667	339.43852533504923
2.66	0.025833333333333333	326.37105907780324
2.66	0.0275	314.578082036474
2.66	0.029166666666666667	303.86874093972494
2.66	0.030833333333333334	294.0896402742807
2.66	0.0325	285.1159286963158
2.66	0.034166666666666665	276.84484164252694
2.66	0.035833333333333335	269.19093964919244
2.66	0.0375	262.08254093487966
2.66	0.03916666666666667	255.45901026653397
2.66	0.04083333333333333	253.3288924204597
2.66	0.042499999999999996	253.3288924204597
2.66	0.04416666666666667	253.3288924204597
2.66	0.04583333333333334	253.3288924204597
2.66	0.0475	253.3288924204597
2.8	0.000010100000000000002	391.0049552979772
2.8	0.00002	391.0049552979772
2.8	0.00004500000000000001	391.0049552979772
2.8	0.00007500000000000001	391.0049552979772
2.8	0.000145	391.0049552979772
2.8	0.00035	391.0049552979772
2.8	0.00065	391.00495365066615
2.8	0.0009	391.00495044169344
2.8	0.00125	391.00494720233297
2.8	0.00175	391.00494388439887
2.8	0.0022500000000000003	391.00494140620094
2.8	0.00275	391.0049394273984
2.8	0.0032500000000000003	390.1009611142692
2.8	0.00375	388.49002969360475
2.8	0.00425	387.0864834097304
2.8	0.00475	385.84348443698167
2.8	0.0052499999999999995	384.7284166394169
2.8	0.00575	383.7176615524766
2.8	0.00625	382.7935706648081
2.8	0.00675	381.94261193564404
2.8	0.0072499999999999995	381.15418347225375
2.8	0.00775	380.7402671520444
2.8	0.00825	380.6631728165051
2.8	0.00875	380.5906304003872
2.8	0.00925	380.5221329471343
2.8	0.00975	380.4572537060679
2.8	0.010833333333333334	380.327438419538
2.8	0.0125	380.15119399389647
2.8	0.014166666666666668	379.9971087777878
2.8	0.01583333333333333	379.86023408995635
2.8	0.0175	379.7371131484794
2.8	0.019166666666666665	379.62523586099206
2.8	0.020833333333333336	370.90317161163387
2.8	0.0225	355.09320958792483
2.8	0.02416666666666667	341.0175115663004
2.8	0.025833333333333333	328.3847190969212
2.8	0.0275	316.9673267284518
2.8	0.029166666666666667	306.58479941468033
2.8	0.030833333333333334	297.09183395507006
2.8	0.0325	288.3700113089907
2.8	0.034166666666666665	280.3217412077047
2.8	0.035833333333333335	272.8657913571151
2.8	0.0375	265.93393400359673
2.8	0.03916666666666667	259.4683945698129
2.8	0.04083333333333333	257.38772382086523
2.8	0.042499999999999996	257.38772382086523
2.8	0.04416666666666667	257.38772382086523
2.8	0.04583333333333334	257.38772382086523
2.8	0.0475	257.38772382086523
2.84	0.000010100000000000002	391.0049267406915
2.84	0.00002	391.0049267406915
2.84	0.00004500000000000001	391.0049267406915
2.84	0.00007500000000000001	391.0049267406915
2.84	0.000145	391.0049267406915
2.84	0.00035	391.0049267406915
2.84	0.00065	391.00492466459843
2.84	0.0009	391.0049206203558
2.84	0.00125	391.0049165378154
2.84	0.00175	391.0049123562491
2.84	0.0022500000000000003	391.0049092329965
2.84	0.00275	391.0049067391269
2.84	0.0032500000000000003	390.0857110308719
2.84	0.00375	388.44775091559546
2.84	0.00425	387.02074880190975
2.84	0.00475	385.75704983852836
2.84	0.0052499999999999995	384.62347089616554
2.84	0.00575	383.59598418958876
2.84	0.00625	382.6566361969149
2.84	0.00675	381.79166160146866
2.84	0.0072499999999999995	380.99027617232474
2.84	0.00775	380.57657919721925
2.84	0.00825	380.5115837842481
2.84	0.00875	380.45042404569347
2.84	0.00925	380.39267289668413
2.84	0.00975	380.3379708112016
2.84	0.010833333333333334	380.22851436071124
2.84	0.0125	380.0799008553952
2.84	0.014166666666666668	379.9499636848277
2.84	0.01583333333333333	379.8345329101087
2.84	0.0175	379.73069554260917
2.84	0.019166666666666665	379.6363362423246
2.84	0.020833333333333336	370.993960700478
2.84	0.0225	355.3100060192124
2.84	0.02416666666666667	341.341567066141
2.84	0.025833333333333333	328.8009222686013
2.84	0.0275	317.46333164099985
2.84	0.029166666666666667	307.1503994958289
2.84	0.030833333333333334	297.7185028217318
2.84	0.0325	289.0505598972522
2.84	0.034166666666666665	281.0500576172682
2.84	0.035833333333333335	273.6366406154155
2.84	0.0375	266.74280195700135
2.84	0.03916666666666667	260.3113647568822
2.84	0.04083333333333333	258.2413839241175
2.84	0.042499999999999996	258.2413839241175
2.84	0.04416666666666667	258.2413839241175
2.84	0.04583333333333334	258.2413839241175
2.84	0.0475	258.2413839241175
3.02	0.000010100000000000002	381.00402043479045
3.02	0.00002	381.00402043479045
3.02	0.00004500000000000001	381.00402043479045
3.02	0.00007500000000000001	381.00179719452075
3.02	0.000145	380.9970716592144
3.02	0.00035	380.9907552296324
3.02	0.00065	380.98164839350176
3.02	0.0009	380.9702196001573
3.02	0.00125	380.958682926805
3.02	0.00175	380.94686678295324
3.02	0.0022500000000000003	380.9380414278059
3.02	0.00275	380.9309946646231
3.02	0.0032500000000000003	380.8997301725475
3.02	0.00375	380.8493030901675
3.02	0.00425	380.8052025192975
3.02	0.00475	380.7660170408847
3.02	0.0052499999999999995	380.73076046669934
3.02	0.00575	380.6987165122819
3.02	0.00625	380.66934849252004
3.02	0.00675	380.6422438856229
3.02	0.0072499999999999995	380.61707876156584
3.02	0.00775	380.57236562475646
3.02	0.00825	380.50988157225436
3.02	0.00875	380.4510846108538
3.02	0.00925	380.39556422016494
3.02	0.00975	380.3429748162828
3.02	0.010833333333333334	380.2377448707789
3.02	0.0125	380.0948679911881
3.02	0.014166666666666668	379.9699447532994
3.02	0.01583333333333333	379.85896676339996
3.02	0.0175	379.759133847582
3.02	0.019166666666666665	379.66841256602856
3.02	0.020833333333333336	371.20546837827385
3.02	0.0225	355.83508339750296
3.02	0.02416666666666667	342.13393535819944
3.02	0.025833333333333333	329.823240745504
3.02	0.0275	318.68506229530794
3.02	0.029166666666666667	308.5462715117019
3.02	0.030833333333333334	299.2673855557544
3.02	0.0325	290.73462066831524
3.02	0.034166666666666665	282.85412220329135
3.02	0.035833333333333335	275.54770069482424
3.02	0.0375	268.74963083699186
3.02	0.03916666666666667	262.4042140900801
3.02	0.04083333333333333	260.3612229251754
3.02	0.042499999999999996	260.3612229251754
3.02	0.04416666666666667	260.3612229251754
3.02	0.04583333333333334	260.3612229251754
3.02	0.0475	260.3612229251754
3.1999999999999997	0.000010100000000000002	381.00242427130223
3.1999999999999997	0.00002	381.00242427130223
3.1999999999999997	0.00004500000000000001	381.00242427130223
3.1999999999999997	0.00007500000000000001	380.99601846320667
3.1999999999999997	0.000145	380.9824030418702
3.1999999999999997	0.00035	380.9642043617217
3.1999999999999997	0.00065	380.9367476570707
3.1999999999999997	0.0009	380.9014472562499
3.1999999999999997	0.00125	380.86581588750823
3.1999999999999997	0.00175	380.829323702379
3.1999999999999997	0.0022500000000000003	380.8020696108811
3.1999999999999997	0.00275	380.7803090395899
3.1999999999999997	0.0032500000000000003	380.74495596334964
3.1999999999999997	0.00375	380.6986239682494
3.1999999999999997	0.00425	380.6581043142138
3.1999999999999997	0.00475	380.6221003343669
3.1999999999999997	0.0052499999999999995	380.58970601205954
3.1999999999999997	0.00575	380.5602632874598
3.1999999999999997	0.00625	380.53327909741455
3.1999999999999997	0.00675	380.50837444755274
3.1999999999999997	0.0072499999999999995	380.48525173323503
3.1999999999999997	0.00775	380.4148201237308
3.1999999999999997	0.00825	380.3014692447326
3.1999999999999997	0.00875	380.1948208845777
3.1999999999999997	0.00925	380.09412803318037
3.1999999999999997	0.00975	379.99876192055547
3.1999999999999997	0.010833333333333334	379.8079692243045
3.1999999999999997	0.0125	379.5489876397198
3.1999999999999997	0.014166666666666668	379.3226141953948
3.1999999999999997	0.01583333333333333	379.1215618076203
3.1999999999999997	0.0175	378.94074119868543
3.1999999999999997	0.019166666666666665	378.7764574695758
3.1999999999999997	0.020833333333333336	369.6910352236556
3.1999999999999997	0.0225	353.28604046219215
3.1999999999999997	0.02416666666666667	338.7063288525738
3.1999999999999997	0.025833333333333333	325.6426604149859
3.1999999999999997	0.0275	313.85396646694767
3.1999999999999997	0.029166666666666667	303.1492446510224
3.1999999999999997	0.030833333333333334	293.37499015872487
3.1999999999999997	0.0325	284.4062707625036
3.1999999999999997	0.034166666666666665	276.14026160512464
3.1999999999999997	0.035833333333333335	268.49147804485483
3.1999999999999997	0.0375	261.38820434570016
3.1999999999999997	0.03916666666666667	254.7697797358582
3.1999999999999997	0.04083333333333333	252.6413731591583
3.1999999999999997	0.042499999999999996	252.6413731591583
3.1999999999999997	0.04416666666666667	252.6413731591583
3.1999999999999997	0.04583333333333334	252.6413731591583
3.1999999999999997	0.0475	252.6413731591583
3.38	0.000010100000000000002	380.9987581280811
3.38	0.00002	380.9987581280811
3.38	0.00004500000000000001	380.9987581280811
3.38	0.00007500000000000001	380.9828128515405
3.38	0.000145	380.9489228004826
3.38	0.00035	380.90362740818534
3.38	0.00065	380.83778430566326
3.38	0.0009	380.75478903940956
3.38	0.00125	380.67102617402503
3.38	0.00175	380.58525066591847
3.38	0.0022500000000000003	380.5211967032776
3.38	0.00275	380.47005834272755
3.38	0.0032500000000000003	380.4414469850448
3.38	0.00375	380.42993421955816
3.38	0.00425	380.4198648656499
3.38	0.00475	380.41091700557024
3.38	0.0052499999999999995	380.40286568921914
3.38	0.00575	380.39554751916785
3.38	0.00625	380.38884005938064
3.38	0.00675	380.3826491937537
3.38	0.0072499999999999995	380.3769010139641
3.38	0.00775	380.27279620042003
3.38	0.00825	380.0795740237199
3.38	0.00875	379.8978143042806
3.38	0.00925	379.7262375058444
3.38	0.00975	379.5637668310616
3.38	0.010833333333333334	379.2388087932371
3.38	0.0125	378.79789568913407
3.38	0.014166666666666668	378.41267135331265
3.38	0.01583333333333333	378.07067233359
3.38	0.0175	377.76319772552716
3.38	0.019166666666666665	377.4839328123788
3.38	0.020833333333333336	368.1742564626921
3.38	0.0225	351.47196791391013
3.38	0.02416666666666667	336.6428815408973
3.38	0.025833333333333333	323.36813388685846
3.38	0.0275	311.3993874795014
3.38	0.029166666666666667	300.5400532667798
3.38	0.030833333333333334	290.63226649185253
3.38	0.0325	281.54764608096326
3.38	0.034166666666666665	273.1806060214762
3.38	0.035833333333333335	265.4434271190302
3.38	0.0375	258.2625675938825
3.38	0.03916666666666667	251.57586126129002
3.38	0.04083333333333333	249.42633427882373
3.38	0.042499999999999996	249.42633427882373
3.38	0.04416666666666667	249.42633427882373
3.38	0.04583333333333334	249.42633427882373
3.38	0.0475	249.42633427882373
3.5000000000000004	0.000010100000000000002	380.9941280378852
3.5000000000000004	0.00002	380.9941280378852
3.5000000000000004	0.00004500000000000001	380.9941280378852
3.5000000000000004	0.00007500000000000001	380.9661831380237
3.5000000000000004	0.000145	380.9067920409378
3.5000000000000004	0.00035	380.8274197017517
3.5000000000000004	0.00065	380.740800318961
3.5000000000000004	0.0009	380.65137523935255
3.5000000000000004	0.00125	380.5611246298658
3.5000000000000004	0.00175	380.46870709124255
3.5000000000000004	0.0022500000000000003	380.3996941632481
3.5000000000000004	0.00275	380.3445973930609
3.5000000000000004	0.0032500000000000003	380.3207097591701
3.5000000000000004	0.00375	380.3207097591701
3.5000000000000004	0.00425	380.3207097591701
3.5000000000000004	0.00475	380.3207097591701
3.5000000000000004	0.0052499999999999995	380.3207097591701
3.5000000000000004	0.00575	380.3207097591701
3.5000000000000004	0.00625	380.3207097591701
3.5000000000000004	0.00675	380.3207097591701
3.5000000000000004	0.0072499999999999995	380.3207097591701
3.5000000000000004	0.00775	380.1817503463205
3.5000000000000004	0.00825	379.91693710562436
3.5000000000000004	0.00875	379.66787887654607
3.5000000000000004	0.00925	379.4328144610854
3.5000000000000004	0.00975	379.21026197502675
3.5000000000000004	0.010833333333333334	378.76524017199233
3.5000000000000004	0.0125	378.1616470027013
3.5000000000000004	0.014166666666666668	377.6345029065541
3.5000000000000004	0.01583333333333333	377.16667546787124
3.5000000000000004	0.0175	376.7462086704286
3.5000000000000004	0.019166666666666665	376.36442819873014
3.5000000000000004	0.020833333333333336	367.90829928034816
3.5000000000000004	0.0225	352.79474743000486
3.5000000000000004	0.02416666666666667	339.3181065146435
3.5000000000000004	0.025833333333333333	327.2054260075369
3.5000000000000004	0.0275	316.243262657164
3.5000000000000004	0.029166666666666667	306.26200907571626
3.5000000000000004	0.030833333333333334	297.12498224885445
3.5000000000000004	0.0325	288.7206539506862
3.5000000000000004	0.034166666666666665	280.9570078368041
3.5000000000000004	0.035833333333333335	273.75736839269734
3.5000000000000004	0.0375	267.0572689197655
3.5000000000000004	0.03916666666666667	260.8020661639415
3.5000000000000004	0.04083333333333333	258.78786234783786
3.5000000000000004	0.042499999999999996	258.78786234783786
3.5000000000000004	0.04416666666666667	258.78786234783786
3.5000000000000004	0.04583333333333334	258.78786234783786
3.5000000000000004	0.0475	258.78786234783786
3.56	0.000010100000000000002	380.99095443981304
3.56	0.00002	380.99095443981304
3.56	0.00004500000000000001	380.99095443981304
3.56	0.00007500000000000001	380.9546877031774
3.56	0.000145	380.87761289677644
3.56	0.00035	380.77461301774593
3.56	0.00065	380.668951049461
3.56	0.0009	380.566035482253
3.56	0.00125	380.46217355119666
3.56	0.00175	380.35582173804545
3.56	0.0022500000000000003	380.2764059164135
3.56	0.00275	380.2130055137162
3.56	0.0032500000000000003	380.18551820650083
3.56	0.00375	380.18551820650083
3.56	0.00425	380.18551820650083
3.56	0.00475	380.18551820650083
3.56	0.0052499999999999995	380.18551820650083
3.56	0.00575	380.18551820650083
3.56	0.00625	380.18551820650083
3.56	0.00675	380.18551820650083
3.56	0.0072499999999999995	380.18551820650083
3.56	0.00775	380.04708164557076
3.56	0.00825	379.78326431970356
3.56	0.00875	379.535142181665
3.56	0.00925	379.30096075220496
3.56	0.00975	379.0792437970844
3.56	0.010833333333333334	378.63589141308114
3.56	0.0125	378.03455967668293
3.56	0.014166666666666668	377.5093879115731
3.56	0.01583333333333333	377.0433087752397
3.56	0.0175	376.6244116087289
3.56	0.019166666666666665	376.2440549688172
3.56	0.020833333333333336	367.12641276761457
3.56	0.0225	350.84624040213794
3.56	0.02416666666666667	336.377024595795
3.56	0.025833333333333333	323.41199667536597
3.56	0.0275	311.7120076718298
3.56	0.029166666666666667	301.0875712127587
3.56	0.030833333333333334	291.38639706094267
3.56	0.0325	282.4845385758984
3.56	0.034166666666666665	274.27997981881003
3.56	0.035833333333333335	266.68790686694086
3.56	0.0375	259.6371652479086
3.56	0.03916666666666667	253.06756778730957
3.56	0.04083333333333333	250.95483849392946
3.56	0.042499999999999996	250.95483849392946
3.56	0.04416666666666667	250.95483849392946
3.56	0.04583333333333334	250.95483849392946
3.56	0.0475	250.95483849392946
3.74	0.000010100000000000002	380.97553595727015
3.74	0.00002	380.97553595727015
3.74	0.00004500000000000001	380.97553595727015
3.74	0.00007500000000000001	380.89938970440596
3.74	0.000145	380.7375886137074
3.74	0.00035	380.5214199175022
3.74	0.00065	380.3624194468271
3.74	0.0009	380.26860000135747
3.74	0.00125	380.173915580892
3.74	0.00175	380.07695894280346
3.74	0.0022500000000000003	380.0045572067451
3.74	0.00275	379.94675544020265
3.74	0.0032500000000000003	379.89824685228183
3.74	0.00375	379.8563294220141
3.74	0.00425	379.8196701363673
3.74	0.00475	379.7870960044569
3.74	0.0052499999999999995	379.75778741758467
3.74	0.00575	379.7311490708405
3.74	0.00625	379.7067349178976
3.74	0.00675	379.6842021016013
3.74	0.0072499999999999995	379.66328139226704
3.74	0.00775	379.52406155745757
3.74	0.00825	379.2776567082992
3.74	0.00875	379.0459010214145
3.74	0.00925	378.8271574991332
3.74	0.00975	378.6200487003146
3.74	0.010833333333333334	378.2058837340822
3.74	0.0125	377.6440895653218
3.74	0.014166666666666668	377.15340052598935
3.74	0.01583333333333333	376.71788708827745
3.74	0.0175	376.32643166622967
3.74	0.019166666666666665	375.97096758507263
3.74	0.020833333333333336	366.92371356778807
3.74	0.0225	350.74721669511536
3.74	0.02416666666666667	336.3663983660474
3.74	0.025833333333333333	323.4774538738992
3.74	0.0275	311.84348698513435
3.74	0.029166666666666667	301.27675338204944
3.74	0.030833333333333334	291.6263305784475
3.74	0.0325	282.7693603256351
3.74	0.034166666666666665	274.6047032025627
3.74	0.035833333333333335	267.0482587908906
3.74	0.0375	260.02945907443853
3.74	0.03916666666666667	253.48860315657492
3.74	0.04083333333333333	251.3849033568043
3.74	0.042499999999999996	251.3849033568043
3.74	0.04416666666666667	251.3849033568043
3.74	0.04583333333333334	251.3849033568043
3.74	0.0475	251.3849033568043
3.9200000000000004	0.000010100000000000002	380.9458796974582
3.9200000000000004	0.00002	380.9458796974582
3.9200000000000004	0.00004500000000000001	380.9458796974582
3.9200000000000004	0.00007500000000000001	380.79309160351016
3.9200000000000004	0.000145	380.4685384520824
3.9200000000000004	0.00035	380.03514720869674
3.9200000000000004	0.00065	379.80251801957047
3.9200000000000004	0.0009	379.78201496553083
3.9200000000000004	0.00125	379.76131887543363
3.9200000000000004	0.00175	379.74012195174197
3.9200000000000004	0.0022500000000000003	379.72429053248857
3.9200000000000004	0.00275	379.71164986226296
3.9200000000000004	0.0032500000000000003	379.66806265504
3.9200000000000004	0.00375	379.59994549395844
3.9200000000000004	0.00425	379.54037684303336
3.9200000000000004	0.00475	379.4874492874977
3.9200000000000004	0.0052499999999999995	379.43983012935314
3.9200000000000004	0.00575	379.39655144268005
3.9200000000000004	0.00625	379.3568880199334
3.9200000000000004	0.00675	379.32028244813705
3.9200000000000004	0.0072499999999999995	379.2862970340643
3.9200000000000004	0.00775	379.15047700375527
3.9200000000000004	0.00825	378.9223539894218
3.9200000000000004	0.00875	378.7077833385775
3.9200000000000004	0.00925	378.50525115830743
3.9200000000000004	0.00975	378.3134835374065
3.9200000000000004	0.010833333333333334	377.9299739598151
3.9200000000000004	0.0125	377.40971308963174
3.9200000000000004	0.014166666666666668	376.9552541480541
3.9200000000000004	0.01583333333333333	376.5518606037321
3.9200000000000004	0.0175	376.1892465447554
3.9200000000000004	0.019166666666666665	375.8599481298609
3.9200000000000004	0.020833333333333336	367.2855561846224
3.9200000000000004	0.0225	351.9205339210695
3.9200000000000004	0.02416666666666667	338.23005650165663
3.9200000000000004	0.025833333333333333	325.9338735463923
3.9200000000000004	0.0275	314.81298948706353
3.9200000000000004	0.029166666666666667	304.69350070625364
3.9200000000000004	0.030833333333333334	295.43534945142807
3.9200000000000004	0.0325	286.92432105610044
3.9200000000000004	0.034166666666666665	279.06623512172376
3.9200000000000004	0.035833333333333335	271.7826542388256
3.9200000000000004	0.0375	265.0076634076094
3.9200000000000004	0.03916666666666667	258.6854184526363
3.9200000000000004	0.04083333333333333	256.65022892459245
3.9200000000000004	0.042499999999999996	256.65022892459245
3.9200000000000004	0.04416666666666667	256.65022892459245
3.9200000000000004	0.04583333333333334	256.65022892459245
3.9200000000000004	0.0475	256.65022892459245
4.	0.000010100000000000002	380.924097191244
4.	0.00002	380.924097191244
4.	0.00004500000000000001	380.924097191244
4.	0.00007500000000000001	380.7450009173818
4.	0.000145	380.3646048996881
4.	0.00035	379.85673119910837
4.	0.00065	379.59649560855786
4.	0.0009	379.59649560855786
4.	0.00125	379.59649560855786
4.	0.00175	379.59649560855786
4.	0.0022500000000000003	379.59649560855786
4.	0.00275	379.59649560855786
4.	0.0032500000000000003	379.5623999498346
4.	0.00375	379.50145115373283
4.	0.00425	379.44815031715
4.	0.00475	379.400791062884
4.	0.0052499999999999995	379.3581811375921
4.	0.00575	379.31945460672523
4.	0.00625	379.28396267034566
4.	0.00675	379.2512066385187
4.	0.0072499999999999995	379.22079492449916
4.	0.00775	379.08646648382216
4.	0.00825	378.8579555772932
4.	0.00875	378.6430203129988
4.	0.00925	378.44014418481567
4.	0.00975	378.2480510838965
4.	0.010833333333333334	377.86389113613666
4.	0.0125	377.3427491531511
4.	0.014166666666666668	376.8875216400443
4.	0.01583333333333333	376.4834467447253
4.	0.0175	376.1202209041263
4.	0.019166666666666665	375.7903674831095
4.	0.020833333333333336	367.38574982884137
4.	0.0225	352.3210611570209
4.	0.02416666666666667	338.8869833552214
4.	0.025833333333333333	326.8117150371696
4.	0.0275	315.8826965998629
4.	0.029166666666666667	305.93101171595237
4.	0.030833333333333334	296.8205258805117
4.	0.0325	288.44015197236547
4.	0.034166666666666665	280.69823254337354
4.	0.035833333333333335	273.5183871608128
4.	0.0375	266.8363940414999
4.	0.03916666666666667	260.5978149564269
4.	0.04083333333333333	258.5889053113875
4.	0.042499999999999996	258.5889053113875
4.	0.04416666666666667	258.5889053113875
4.	0.04583333333333334	258.5889053113875
4.	0.0475	258.5889053113875
4.1	0.000010100000000000002	380.8872478746258
4.1	0.00002	380.8872478746258
4.1	0.00004500000000000001	380.8872478746258
4.1	0.00007500000000000001	380.5827435810509
4.1	0.000145	379.9363169770586
4.1	0.00035	379.07396684065384
4.1	0.00065	377.55413639870557
4.1	0.0009	375.462462665002
4.1	0.00125	373.36273423969305
4.1	0.00175	371.2242475789517
4.1	0.0022500000000000003	369.6349855030019
4.1	0.00275	368.3708710256894
4.1	0.0032500000000000003	365.3982754532888
4.1	0.00375	361.10118512647057
4.1	0.00425	357.38418503123063
4.1	0.00475	354.1132101709581
4.1	0.0052499999999999995	351.1955068081458
4.1	0.00575	348.5642957528662
4.1	0.00625	346.1699365306459
4.1	0.00675	343.9745472083742
4.1	0.0072499999999999995	341.9485774689341
4.1	0.00775	340.98570145122704
4.1	0.00825	340.97446461788013
4.1	0.00875	340.9638895063899
4.1	0.00925	340.9539025135545
4.1	0.00975	340.94444167131513
4.1	0.010833333333333334	340.92550764739474
4.1	0.0125	340.8997931056259
4.1	0.014166666666666668	340.87730347355165
4.1	0.01583333333333333	340.8573194134113
4.1	0.0175	340.8393382845949
4.1	0.019166666666666665	340.8229949954783
4.1	0.020833333333333336	334.65797329357594
4.1	0.0225	323.3505158649705
4.1	0.02416666666666667	313.1937889156235
4.1	0.025833333333333333	304.0027140431104
4.1	0.0275	295.6315669759334
4.1	0.029166666666666667	287.9638073732048
4.1	0.030833333333333334	280.9049515521952
4.1	0.0325	274.37746652803645
4.1	0.034166666666666665	268.3170403761353
4.1	0.035833333333333335	262.66981047645993
4.1	0.0375	257.3902715454252
4.1	0.03916666666666667	252.43967461051218
4.1	0.04083333333333333	250.8410148823785
4.1	0.042499999999999996	250.8410148823785
4.1	0.04416666666666667	250.8410148823785
4.1	0.04583333333333334	250.8410148823785
4.1	0.0475	250.8410148823785
4.279999999999999	0.000010100000000000002	380.78769685693896
4.279999999999999	0.00002	380.78769685693896
4.279999999999999	0.00004500000000000001	380.78769685693896
4.279999999999999	0.00007500000000000001	380.2248887747865
4.279999999999999	0.000145	379.03138123413794
4.279999999999999	0.00035	377.44189405778565
4.279999999999999	0.00065	374.41935672388837
4.279999999999999	0.0009	370.1517262228665
4.279999999999999	0.00125	365.8930161426454
4.279999999999999	0.00175	361.58179729625067
4.279999999999999	0.0022500000000000003	358.3948787004827
4.279999999999999	0.00275	355.8703540536379
4.279999999999999	0.0032500000000000003	353.55435552973955
4.279999999999999	0.00375	351.37147421713956
4.279999999999999	0.00425	349.47326922472257
4.279999999999999	0.00475	347.7950454130141
4.279999999999999	0.0052499999999999995	346.29182954837637
4.279999999999999	0.00575	344.93110520241214
4.279999999999999	0.00625	343.68860878780987
4.279999999999999	0.00675	342.5457596883114
4.279999999999999	0.0072499999999999995	341.4880175415304
4.279999999999999	0.00775	340.98135391307983
4.279999999999999	0.00825	340.96992791340347
4.279999999999999	0.00875	340.9591747811262
4.279999999999999	0.00925	340.94901967301706
4.279999999999999	0.00975	340.93939957704146
4.279999999999999	0.010833333333333334	340.92014685144665
4.279999999999999	0.0125	340.8939995056755
4.279999999999999	0.014166666666666668	340.871131375613
4.279999999999999	0.01583333333333333	340.85081100730866
4.279999999999999	0.0175	340.83252729445417
4.279999999999999	0.019166666666666665	340.815908996746
4.279999999999999	0.020833333333333336	334.65297247423774
4.279999999999999	0.0225	323.3494792884727
4.279999999999999	0.02416666666666667	313.1961981912761
4.279999999999999	0.025833333333333333	304.008144728328
4.279999999999999	0.0275	295.63966705243064
4.279999999999999	0.029166666666666667	287.97428158665775
4.279999999999999	0.030833333333333334	280.9175497894136
4.279999999999999	0.0325	274.39197503853524
4.279999999999999	0.034166666666666665	268.33327503835756
4.279999999999999	0.035833333333333335	262.6876115603469
4.279999999999999	0.0375	257.4094995877699
4.279999999999999	0.03916666666666667	252.46020712990037
4.279999999999999	0.04083333333333333	250.86196159820585
4.279999999999999	0.042499999999999996	250.86196159820585
4.279999999999999	0.04416666666666667	250.86196159820585
4.279999999999999	0.04583333333333334	250.86196159820585
4.279999999999999	0.0475	250.86196159820585
4.460000000000001	0.000010100000000000002	380.6097296818124
4.460000000000001	0.00002	380.6097296818124
4.460000000000001	0.00004500000000000001	380.6097296818124
4.460000000000001	0.00007500000000000001	379.58260804021523
4.460000000000001	0.000145	377.40862134138325
4.460000000000001	0.00035	374.5221324986072
4.460000000000001	0.00065	369.76343670358517
4.460000000000001	0.0009	363.44377597193056
4.460000000000001	0.00125	357.1738127230563
4.460000000000001	0.00175	350.8638838472265
4.460000000000001	0.0022500000000000003	346.2237688405402
4.460000000000001	0.00275	342.5628096451605
4.460000000000001	0.0032500000000000003	340.98701704083857
4.460000000000001	0.00375	340.98621941298757
4.460000000000001	0.00425	340.9855217693729
4.460000000000001	0.00475	340.98490181287127
4.460000000000001	0.0052499999999999995	340.9843439623036
4.460000000000001	0.00575	340.9838368997025
4.460000000000001	0.00625	340.98337214419115
4.460000000000001	0.00675	340.98294317644155
4.460000000000001	0.0072499999999999995	340.98254487681726
4.460000000000001	0.00775	340.9762589109793
4.460000000000001	0.00825	340.9646340537897
4.460000000000001	0.00875	340.95369378074804
4.460000000000001	0.00925	340.94336194502915
4.460000000000001	0.00975	340.9335744371132
4.460000000000001	0.010833333333333334	340.9139866839712
4.460000000000001	0.0125	340.8873843643299
4.460000000000001	0.014166666666666668	340.86411834914827
4.460000000000001	0.01583333333333333	340.84344444732636
4.460000000000001	0.0175	340.8248426530115
4.460000000000001	0.019166666666666665	340.80793526212227
4.460000000000001	0.020833333333333336	334.64683278208565
4.460000000000001	0.0225	323.346867473902
4.460000000000001	0.02416666666666667	313.1966547179405
4.460000000000001	0.025833333333333333	304.01129321177655
4.460000000000001	0.0275	295.6451952267824
4.460000000000001	0.029166666666666667	287.9819274531913
4.460000000000001	0.030833333333333334	280.92709133406765
4.460000000000001	0.0325	274.40322246415906
4.460000000000001	0.034166666666666665	268.34606480498707
4.460000000000001	0.035833333333333335	262.7018017488897
4.460000000000001	0.0375	257.42496624804113
4.460000000000001	0.03916666666666667	252.47684137147192
4.460000000000001	0.04083333333333333	250.87896671430482
4.460000000000001	0.042499999999999996	250.87896671430482
4.460000000000001	0.04416666666666667	250.87896671430482
4.460000000000001	0.04583333333333334	250.87896671430482
4.460000000000001	0.0475	250.87896671430482
4.64	0.000010100000000000002	380.26085699970025
4.64	0.00002	380.26085699970025
4.64	0.00004500000000000001	380.26085699970025
4.64	0.00007500000000000001	378.4633213776814
4.64	0.000145	374.670768874266
4.64	0.00035	369.6606308821706
4.64	0.00065	364.45713811341705
4.64	0.0009	359.33114692986373
4.64	0.00125	354.2297336739217
4.64	0.00175	349.07965327938564
4.64	0.0022500000000000003	345.2819162379177
4.64	0.00275	342.27917017575146
4.64	0.0032500000000000003	340.9844991093506
4.64	0.00375	340.9830661092093
4.64	0.00425	340.9818127406722
4.64	0.00475	340.98069894451504
4.64	0.0052499999999999995	340.9796967274852
4.64	0.00575	340.9787857556733
4.64	0.00625	340.9779507923212
4.64	0.00675	340.97718012480294
4.64	0.0072499999999999995	340.9764645551905
4.64	0.00775	340.96993663055036
4.64	0.00825	340.9581374338784
4.64	0.00875	340.9470330936685
4.64	0.00925	340.9365463202002
4.64	0.00975	340.9266120417569
4.64	0.010833333333333334	340.9067305694173
4.64	0.0125	340.8797293743207
4.64	0.014166666666666668	340.8561145342045
4.64	0.01583333333333333	340.8351306910427
4.64	0.0175	340.81625003657757
4.64	0.019166666666666665	340.79908919982375
4.64	0.020833333333333336	334.6396655184157
4.64	0.0225	323.34292151752163
4.64	0.02416666666666667	313.1955121129652
4.64	0.025833333333333333	304.01261151064455
4.64	0.0275	295.64869022221086
4.64	0.029166666666666667	287.9873606085937
4.64	0.030833333333333334	280.9342604505579
4.64	0.0325	274.41195462858167
4.64	0.034166666666666665	268.35621097824213
4.64	0.035833333333333335	262.71323255511084
4.64	0.0375	257.4375686571304
4.64	0.03916666666666667	252.4905160558917
4.64	0.04083333333333333	250.89298213267463
4.64	0.042499999999999996	250.89298213267463
4.64	0.04416666666666667	250.89298213267463
4.64	0.04583333333333334	250.89298213267463
4.64	0.0475	250.89298213267463
4.82	0.000010100000000000002	380.91914873531454
4.82	0.00002	380.91914873531454
4.82	0.00004500000000000001	380.91914873531454
4.82	0.00007500000000000001	380.6978323780027
4.82	0.000145	380.22784341093706
4.82	0.00035	379.60052530149244
4.82	0.00065	378.4731147795384
4.82	0.0009	376.9078437051069
4.82	0.00125	375.33431564829124
4.82	0.00175	373.72943015081694
4.82	0.0022500000000000003	372.5352038909724
4.82	0.00275	371.5843732817823
4.82	0.0032500000000000003	369.3611446098433
4.82	0.00375	366.14418396594334
4.82	0.00425	363.35344813984074
4.82	0.00475	360.89132883827557
4.82	0.0052499999999999995	358.6901191899528
4.82	0.00575	356.700959799143
4.82	0.00625	354.887455041369
4.82	0.00675	353.22177765441796
4.82	0.0072499999999999995	351.6821827143149
4.82	0.00775	350.60994026026003
4.82	0.00825	349.9546332608462
4.82	0.00875	349.33901550317796
4.82	0.00925	348.75861122178577
4.82	0.00975	348.20965853987485
4.82	0.010833333333333334	347.1135852674054
4.82	0.0125	345.6304197529635
4.82	0.014166666666666668	344.338365624004
4.82	0.01583333333333333	343.1942415976185
4.82	0.0175	342.1679814720541
4.82	0.019166666666666665	341.237815631354
4.82	0.020833333333333336	334.6522453263723
4.82	0.0225	323.35570328694985
4.82	0.02416666666666667	313.20845632708324
4.82	0.025833333333333333	304.02568675160916
4.82	0.0275	295.6618711939641
4.82	0.029166666666666667	288.00062672028844
4.82	0.030833333333333334	280.94759478103595
4.82	0.0325	274.42534315592036
4.82	0.034166666666666665	268.36964199747155
4.82	0.035833333333333335	262.72669623195594
4.82	0.0375	257.45105668168395
4.82	0.03916666666666667	252.50402137078243
4.82	0.04083333333333333	250.90649186782426
4.82	0.042499999999999996	250.90649186782426
4.82	0.04416666666666667	250.90649186782426
4.82	0.04583333333333334	250.90649186782426
4.82	0.0475	250.90649186782426
5.000000000000001	0.000010100000000000002	380.88680665807334
5.000000000000001	0.00002	380.88680665807334
5.000000000000001	0.00004500000000000001	380.88680665807334
5.000000000000001	0.00007500000000000001	380.58206855940455
5.000000000000001	0.000145	379.9351462367785
5.000000000000001	0.00035	379.07213611712115
5.000000000000001	0.00065	377.6061550958812
5.000000000000001	0.0009	375.619174802922
5.000000000000001	0.00125	373.62398270510295
5.000000000000001	0.00175	371.5913815646263
5.000000000000001	0.0022500000000000003	370.0804291006842
5.000000000000001	0.00275	368.87836949330756
5.000000000000001	0.0032500000000000003	366.8053025300052
5.000000000000001	0.00375	364.0450234730175
5.000000000000001	0.00425	361.6477801760502
5.000000000000001	0.00475	359.5307315131676
5.000000000000001	0.0052499999999999995	357.6363560434583
5.000000000000001	0.00575	355.9231072460538
5.000000000000001	0.00625	354.3600118666278
5.000000000000001	0.00675	352.92337102744597
5.000000000000001	0.0072499999999999995	351.5946533123831
5.000000000000001	0.00775	350.625482384686
5.000000000000001	0.00825	349.9770680383341
5.000000000000001	0.00875	349.36791378089777
5.000000000000001	0.00925	348.79359289285105
5.000000000000001	0.00975	348.2503846528007
5.000000000000001	0.010833333333333334	347.1657539930959
5.000000000000001	0.0125	345.69801452668634
5.000000000000001	0.014166666666666668	344.4193444825889
5.000000000000001	0.01583333333333333	343.2870298287805
5.000000000000001	0.0175	342.2713285639949
5.000000000000001	0.019166666666666665	341.3507050793638
5.000000000000001	0.020833333333333336	334.7624056869025
5.000000000000001	0.0225	323.45293231244716
5.000000000000001	0.02416666666666667	313.29434874762967
5.000000000000001	0.025833333333333333	304.10155517883743
5.000000000000001	0.0275	295.7288098593405
5.000000000000001	0.029166666666666667	288.059558011864
5.000000000000001	0.030833333333333334	280.99930389889636
5.000000000000001	0.0325	274.47050437238096
5.000000000000001	0.034166666666666665	268.4088388650345
5.000000000000001	0.035833333333333335	262.760437349607
5.000000000000001	0.0375	257.4797881490328
5.000000000000001	0.03916666666666667	252.52813673655285
5.000000000000001	0.04083333333333333	250.92913368403663
5.000000000000001	0.042499999999999996	250.92913368403663
5.000000000000001	0.04416666666666667	250.92913368403663
5.000000000000001	0.04583333333333334	250.92913368403663
5.000000000000001	0.0475	250.92913368403663
5.129999999999999	0.000010100000000000002	351.0006948875969
5.129999999999999	0.00002	351.0006948875969
5.129999999999999	0.00004500000000000001	351.0006948875969
5.129999999999999	0.00007500000000000001	351.0006948875969
5.129999999999999	0.000145	351.0006948875969
5.129999999999999	0.00035	351.0006948875969
5.129999999999999	0.00065	351.0006948875969
5.129999999999999	0.0009	351.0006948875969
5.129999999999999	0.00125	351.0006948875969
5.129999999999999	0.00175	351.0006948875969
5.129999999999999	0.0022500000000000003	351.0006948875969
5.129999999999999	0.00275	351.0006948875969
5.129999999999999	0.0032500000000000003	350.998182682488
5.129999999999999	0.00375	350.9936913915963
5.129999999999999	0.00425	350.9897631314453
5.129999999999999	0.00475	350.9862723385315
5.129999999999999	0.0052499999999999995	350.9831312701355
5.129999999999999	0.00575	350.98027619157654
5.129999999999999	0.00625	350.97765934498045
5.129999999999999	0.00675	350.97524401865894
5.129999999999999	0.0072499999999999995	350.97300138305064
5.129999999999999	0.00775	350.9380027617594
5.129999999999999	0.00825	350.8733086061509
5.129999999999999	0.00875	350.8124331480144
5.129999999999999	0.00925	350.7549511493281
5.129999999999999	0.00975	350.7005046432422
5.129999999999999	0.010833333333333334	350.59156146350074
5.129999999999999	0.0125	350.44364883445337
5.129999999999999	0.014166666666666668	350.3143282249795
5.129999999999999	0.01583333333333333	350.1994481240985
5.129999999999999	0.0175	350.0961084923405
5.129999999999999	0.019166666666666665	350.0022034421729
5.129999999999999	0.020833333333333336	343.7206311760293
5.129999999999999	0.0225	332.26168723630803
5.129999999999999	0.02416666666666667	321.9642644764359
5.129999999999999	0.025833333333333333	312.64197272317284
5.129999999999999	0.0275	304.14799298802933
5.129999999999999	0.029166666666666667	296.36486319810456
5.129999999999999	0.030833333333333334	289.197317184371
5.129999999999999	0.0325	282.5671526328883
5.129999999999999	0.034166666666666665	276.40948107247465
5.129999999999999	0.035833333333333335	270.66994005153975
5.129999999999999	0.0375	265.3025883811973
5.129999999999999	0.03916666666666667	260.26829484096305
5.129999999999999	0.04083333333333333	258.6423230486369
5.129999999999999	0.042499999999999996	258.6423230486369
5.129999999999999	0.04416666666666667	258.6423230486369
5.129999999999999	0.04583333333333334	258.6423230486369
5.129999999999999	0.0475	258.6423230486369