mass_GeV,ctau_m,lifetime_label,number_of_events,photon_correct_fraction,su2_correct_fraction,balanced_accuracy,worst_case_correct_fraction,photon_llr_median,su2_llr_median
0.3,5.139022774199925,low,1,0.95745,0.9939,0.9756750000000001,0.95745,-6.412912549401938,4.25597341659199
0.3,5.139022774199925,low,2,0.9972,0.99705,0.997125,0.99705,-12.825825098803875,8.15624454201254
0.3,5.139022774199925,low,3,0.99915,0.99905,0.9991,0.99905,-19.238737648205813,12.065761637400563
0.3,5.139022774199925,low,4,0.9999,1.0,0.99995,0.9999,-25.65165019760775,16.03498103905543
0.3,5.139022774199925,low,5,0.9999,0.99995,0.999925,0.9999,-32.06456274700969,19.943983450618227
0.3,5.139022774199925,low,6,0.9999,0.99995,0.999925,0.9999,-38.477475296411626,23.885804689819413
0.3,5.139022774199925,low,7,1.0,1.0,1.0,1.0,-44.890387845813564,27.784317185295578
0.3,5.139022774199925,low,8,1.0,1.0,1.0,1.0,-51.3033003952155,31.715739476906542
0.3,5.139022774199925,low,9,1.0,1.0,1.0,1.0,-57.71621294461744,35.623877827661154
0.3,5.139022774199925,low,10,1.0,1.0,1.0,1.0,-64.12912549401938,39.52203152169487
0.3,5.139022774199925,low,11,1.0,1.0,1.0,1.0,-70.54203804342131,43.43497378056581
0.3,5.139022774199925,low,12,1.0,1.0,1.0,1.0,-71.66473438953693,47.36476762809325
0.3,5.139022774199925,low,13,1.0,1.0,1.0,1.0,-78.07764693893887,51.28848055428847
0.3,5.139022774199925,low,14,1.0,1.0,1.0,1.0,-84.4905594883408,55.18414594774924
0.3,5.139022774199925,low,15,1.0,1.0,1.0,1.0,-90.90347203774274,59.111725632448795
0.3,5.139022774199925,low,16,1.0,1.0,1.0,1.0,-95.96849267284695,63.062401562525736
0.3,5.139022774199925,low,17,1.0,1.0,1.0,1.0,-102.38140522224887,66.97733840303678
0.3,5.139022774199925,low,18,1.0,1.0,1.0,1.0,-108.79431777165081,70.88559974313313
0.3,5.139022774199925,low,19,1.0,1.0,1.0,1.0,-114.1612288375978,74.78802268701618
0.3,5.139022774199925,low,20,1.0,1.0,1.0,1.0,-120.57414138699974,78.68366962663437
0.3,5.139022774199925,low,21,1.0,1.0,1.0,1.0,-126.98705393640168,82.60160508483915
0.3,5.139022774199925,low,22,1.0,1.0,1.0,1.0,-132.58200288604837,86.52224578770614
0.3,5.139022774199925,low,23,1.0,1.0,1.0,1.0,-138.9949154354503,90.41053374031166
0.3,5.139022774199925,low,24,1.0,1.0,1.0,1.0,-144.70977915428642,94.32002802288211
0.3,5.139022774199925,low,25,1.0,1.0,1.0,1.0,-150.55194152604275,98.26669834520209
0.3,5.139022774199925,low,26,1.0,1.0,1.0,1.0,-156.9648540754447,102.13614060147121
0.3,5.139022774199925,low,27,1.0,1.0,1.0,1.0,-162.89170512423385,106.0233869233059
0.3,5.139022774199925,low,28,1.0,1.0,1.0,1.0,-168.89266541726033,109.94125586354497
0.3,5.139022774199925,low,29,1.0,1.0,1.0,1.0,-174.76326650084548,113.87144637674064
0.3,5.139022774199925,low,30,1.0,1.0,1.0,1.0,-180.45905216118774,117.78025640044335
0.3,5.139022774199925,low,31,1.0,1.0,1.0,1.0,-186.87196471058968,121.73810222486841
0.3,5.139022774199925,low,32,1.0,1.0,1.0,1.0,-192.23887577653667,125.63247229782807
0.3,5.139022774199925,low,33,1.0,1.0,1.0,1.0,-197.83382472618337,129.57128742241008
0.3,5.139022774199925,low,34,1.0,1.0,1.0,1.0,-203.71680896104283,133.47858119430055
0.3,5.139022774199925,low,35,1.0,1.0,1.0,1.0,-209.96160099442142,137.4171136914909
0.3,5.139022774199925,low,36,1.0,1.0,1.0,1.0,-215.80376336617775,141.28480761856264
0.3,5.139022774199925,low,37,1.0,1.0,1.0,1.0,-221.90954512579367,145.22722438853174
0.3,5.139022774199925,low,38,1.0,1.0,1.0,1.0,-227.85244672832948,149.12790126957555
0.3,5.139022774199925,low,39,1.0,1.0,1.0,1.0,-233.9174066248423,153.08746104351735
0.3,5.139022774199925,low,40,1.0,1.0,1.0,1.0,-240.06374443398536,156.98516602432235
0.3,5.139022774199925,low,41,1.0,1.0,1.0,1.0,-246.0343726982769,160.9081392449105
0.3,5.139022774199925,low,42,1.0,1.0,1.0,1.0,-251.88734526483668,164.8132826233193
0.3,5.139022774199925,low,43,1.0,1.0,1.0,1.0,-258.053044392129,168.6936573185494
0.3,5.139022774199925,low,44,1.0,1.0,1.0,1.0,-263.90361016607363,172.63739994375783
0.3,5.139022774199925,low,45,1.0,1.0,1.0,1.0,-270.01463228463274,176.50214392793023
0.3,5.139022774199925,low,46,1.0,1.0,1.0,1.0,-275.9595797440558,180.4415707522695
0.3,5.139022774199925,low,47,1.0,1.0,1.0,1.0,-281.7944558999817,184.38897064472584
0.3,5.139022774199925,low,48,1.0,1.0,1.0,1.0,-287.950794373939,188.26026150862828
0.3,5.139022774199925,low,49,1.0,1.0,1.0,1.0,-293.8023173990303,192.18015342165359
0.3,5.139022774199925,low,50,1.0,1.0,1.0,1.0,-299.6853016338897,196.10700510702827
0.3,5.139022774199925,low,51,1.0,1.0,1.0,1.0,-305.58214101437926,200.0071445701911
0.3,5.139022774199925,low,52,1.0,1.0,1.0,1.0,-311.69316313293837,203.909429432911
0.3,5.139022774199925,low,53,1.0,1.0,1.0,1.0,-317.65478962261807,207.81637538494388
0.3,5.139022774199925,low,54,1.0,1.0,1.0,1.0,-323.55207965437364,211.79306675274938
0.3,5.139022774199925,low,55,1.0,1.0,1.0,1.0,-329.4789307031628,215.71721579919011
0.3,5.139022774199925,low,56,1.0,1.0,1.0,1.0,-335.52039470037903,219.58655616770534
0.3,5.139022774199925,low,57,1.0,1.0,1.0,1.0,-341.4867922022114,223.44953756585718
0.3,5.139022774199925,low,58,1.0,1.0,1.0,1.0,-347.3805866318743,227.37342230316344
0.3,5.139022774199925,low,59,1.0,1.0,1.0,1.0,-353.37073673009735,231.2203459552569
0.3,5.139022774199925,low,60,1.0,1.0,1.0,1.0,-359.37763793611947,235.16453298532645
0.3,5.139022774199925,low,61,1.0,1.0,1.0,1.0,-365.34703935147746,239.07765569401005
0.3,5.139022774199925,low,62,1.0,1.0,1.0,1.0,-371.3500360234267,242.98730290643834
0.3,5.139022774199925,low,63,1.0,1.0,1.0,1.0,-377.34757657611385,246.94354485664104
0.3,5.139022774199925,low,64,1.0,1.0,1.0,1.0,-383.3578975224753,250.83378760919888
0.3,5.139022774199925,low,65,1.0,1.0,1.0,1.0,-389.3662482699659,254.8036922586848
0.3,5.139022774199925,low,66,1.0,1.0,1.0,1.0,-395.2930993187551,258.7546906740574
0.3,5.139022774199925,low,67,1.0,1.0,1.0,1.0,-401.3278361624697,262.64709311334747
0.3,5.139022774199925,low,68,1.0,1.0,1.0,1.0,-407.22887724405336,266.5617609818181
0.3,5.139022774199925,low,69,1.0,1.0,1.0,1.0,-413.1996346706819,270.4781296796688
0.3,5.139022774199925,low,70,1.0,1.0,1.0,1.0,-419.12624858787046,274.37041963755087
0.3,5.139022774199925,low,71,1.0,1.0,1.0,1.0,-425.11552127686724,278.2705902179354
0.3,5.139022774199925,low,72,1.0,1.0,1.0,1.0,-431.0423723256564,282.1786899677418
0.3,5.139022774199925,low,73,1.0,1.0,1.0,1.0,-436.90368052515555,286.1537958068111
0.3,5.139022774199925,low,74,1.0,1.0,1.0,1.0,-442.8790683578551,290.0832773940756
0.3,5.139022774199925,low,75,1.0,1.0,1.0,1.0,-448.9116097934531,293.996121423043
0.3,5.139022774199925,low,76,1.0,1.0,1.0,1.0,-454.7945940283126,297.86528889706864
0.3,5.139022774199925,low,77,1.0,1.0,1.0,1.0,-460.7695609204132,301.83350456968304
0.3,5.139022774199925,low,78,1.0,1.0,1.0,1.0,-466.7140019679399,305.8004609738713
0.3,5.139022774199925,low,79,1.0,1.0,1.0,1.0,-472.6854397622206,309.69231206818677
0.3,5.139022774199925,low,80,1.0,1.0,1.0,1.0,-478.6829803149078,313.60808780616617
0.3,5.139022774199925,low,81,1.0,1.0,1.0,1.0,-484.6206415585004,317.43952620271483
0.3,5.139022774199925,low,82,1.0,1.0,1.0,1.0,-490.6518924818238,321.3400895901283
0.3,5.139022774199925,low,83,1.0,1.0,1.0,1.0,-496.5767675442113,325.28005821293357
0.3,5.139022774199925,low,84,1.0,1.0,1.0,1.0,-502.6286936280801,329.2199887762374
0.3,5.139022774199925,low,85,1.0,1.0,1.0,1.0,-508.6009011448562,333.16800618789534
0.3,5.139022774199925,low,86,1.0,1.0,1.0,1.0,-514.5920084942259,337.12791665117595
0.3,5.139022774199925,low,87,1.0,1.0,1.0,1.0,-520.4618972226428,341.0429150845721
0.3,5.139022774199925,low,88,1.0,1.0,1.0,1.0,-526.4809366839606,344.93721140263636
0.3,5.139022774199925,low,89,1.0,1.0,1.0,1.0,-532.5226916255516,348.8044761302133
0.3,5.139022774199925,low,90,1.0,1.0,1.0,1.0,-538.4996083778127,352.75092946737175
0.3,5.139022774199925,low,91,1.0,1.0,1.0,1.0,-544.5128424307076,356.65441844524895
0.3,5.139022774199925,low,92,1.0,1.0,1.0,1.0,-550.52315949488,360.59985485402797
0.3,5.139022774199925,low,93,1.0,1.0,1.0,1.0,-556.3803839490265,364.4889728573778
0.3,5.139022774199925,low,94,1.0,1.0,1.0,1.0,-562.4072082613995,368.44721661100255
0.3,5.139022774199925,low,95,1.0,1.0,1.0,1.0,-568.3565364965193,372.3149003252988
0.3,5.139022774199925,low,96,1.0,1.0,1.0,1.0,-574.3122147012846,376.2094113275826
0.3,5.139022774199925,low,97,1.0,1.0,1.0,1.0,-580.2656355343927,380.13715287994
0.3,5.139022774199925,low,98,1.0,1.0,1.0,1.0,-586.2562642581889,384.0556567492516
0.3,5.139022774199925,low,99,1.0,1.0,1.0,1.0,-592.2188200247081,387.9531034327441
0.3,5.139022774199925,low,100,1.0,1.0,1.0,1.0,-598.1564812683005,391.91321009771525
0.3,44.25045011669211,mid,1,0.98005,0.9924,0.9862249999999999,0.98005,-4.895495645195202,5.078150339624808
0.3,44.25045011669211,mid,2,0.99445,0.99285,0.9936499999999999,0.99285,-9.790991290390403,9.74472025307611
0.3,44.25045011669211,mid,3,0.9995,0.99975,0.999625,0.9995,-14.686486935585606,14.46584261712372
0.3,44.25045011669211,mid,4,0.99995,0.99975,0.99985,0.99975,-19.581982580780807,19.194477464253428
0.3,44.25045011669211,mid,5,1.0,1.0,1.0,1.0,-24.477478225976007,23.898661820148877
0.3,44.25045011669211,mid,6,1.0,1.0,1.0,1.0,-29.372973871171208,28.59909803908885
0.3,44.25045011669211,mid,7,1.0,1.0,1.0,1.0,-34.26846951636641,33.31273943724602
0.3,44.25045011669211,mid,8,1.0,1.0,1.0,1.0,-39.16396516156161,38.0373944447461
0.3,44.25045011669211,mid,9,1.0,1.0,1.0,1.0,-44.05946080675682,42.754491392056465
0.3,44.25045011669211,mid,10,1.0,1.0,1.0,1.0,-48.95495645195202,47.469754541212936
0.3,44.25045011669211,mid,11,1.0,1.0,1.0,1.0,-53.850452097147226,52.16382760416218
0.3,44.25045011669211,mid,12,1.0,1.0,1.0,1.0,-58.74594774234243,56.879695727365736
0.3,44.25045011669211,mid,13,1.0,1.0,1.0,1.0,-63.641443387537635,61.55834209077362
0.3,44.25045011669211,mid,14,1.0,1.0,1.0,1.0,-68.53693903273283,66.26124061739776
0.3,44.25045011669211,mid,15,1.0,1.0,1.0,1.0,-73.43243467792803,70.94754845525331
0.3,44.25045011669211,mid,16,1.0,1.0,1.0,1.0,-78.32793032312323,75.64441370734139
0.3,44.25045011669211,mid,17,1.0,1.0,1.0,1.0,-83.22342596831842,80.29765961247605
0.3,44.25045011669211,mid,18,1.0,1.0,1.0,1.0,-88.11892161351362,84.9815210810911
0.3,44.25045011669211,mid,19,1.0,1.0,1.0,1.0,-93.01441725870882,89.70466584697988
0.3,44.25045011669211,mid,20,1.0,1.0,1.0,1.0,-97.90991290390402,94.41928735552482
0.3,44.25045011669211,mid,21,1.0,1.0,1.0,1.0,-102.80540854909921,99.05901935245214
0.3,44.25045011669211,mid,22,1.0,1.0,1.0,1.0,-107.70090419429441,103.71298384597091
0.3,44.25045011669211,mid,23,1.0,1.0,1.0,1.0,-112.5963998394896,108.43035664495953
0.3,44.25045011669211,mid,24,1.0,1.0,1.0,1.0,-117.4918954846848,113.13754486726728
0.3,44.25045011669211,mid,25,1.0,1.0,1.0,1.0,-122.38739112988,117.77619544278663
0.3,44.25045011669211,mid,26,1.0,1.0,1.0,1.0,-127.2828867750752,122.52261037121909
0.3,44.25045011669211,mid,27,1.0,1.0,1.0,1.0,-132.1783824202704,127.21146982069743
0.3,44.25045011669211,mid,28,1.0,1.0,1.0,1.0,-137.0738780654656,131.8606248263257
0.3,44.25045011669211,mid,29,1.0,1.0,1.0,1.0,-141.96937371066082,136.53709586199096
0.3,44.25045011669211,mid,30,1.0,1.0,1.0,1.0,-146.86486935585603,141.22782109529382
0.3,44.25045011669211,mid,31,1.0,1.0,1.0,1.0,-151.76036500105124,145.93489528103336
0.3,44.25045011669211,mid,32,1.0,1.0,1.0,1.0,-156.65586064624645,150.59553104343695
0.3,44.25045011669211,mid,33,1.0,1.0,1.0,1.0,-161.55135629144166,155.29195127966977
0.3,44.25045011669211,mid,34,1.0,1.0,1.0,1.0,-166.44685193663688,159.9963841614815
0.3,44.25045011669211,mid,35,1.0,1.0,1.0,1.0,-165.3992925621777,164.68670282990135
0.3,44.25045011669211,mid,36,1.0,1.0,1.0,1.0,-170.2947882073729,169.36002382092875
0.3,44.25045011669211,mid,37,1.0,1.0,1.0,1.0,-175.19028385256811,174.01223104547137
0.3,44.25045011669211,mid,38,1.0,1.0,1.0,1.0,-180.08577949776333,178.73836352467274
0.3,44.25045011669211,mid,39,1.0,1.0,1.0,1.0,-184.98127514295854,183.36825824248993
0.3,44.25045011669211,mid,40,1.0,1.0,1.0,1.0,-189.87677078815375,188.0628743106243
0.3,44.25045011669211,mid,41,1.0,1.0,1.0,1.0,-194.77226643334896,192.74248668318114
0.3,44.25045011669211,mid,42,1.0,1.0,1.0,1.0,-199.66776207854417,197.41027594908837
0.3,44.25045011669211,mid,43,1.0,1.0,1.0,1.0,-204.56325772373938,202.09855545551352
0.3,44.25045011669211,mid,44,1.0,1.0,1.0,1.0,-209.4587533689346,206.7618696905105
0.3,44.25045011669211,mid,45,1.0,1.0,1.0,1.0,-214.3542490141298,211.4919967109172
0.3,44.25045011669211,mid,46,1.0,1.0,1.0,1.0,-218.20411564772576,216.20613466877916
0.3,44.25045011669211,mid,47,1.0,1.0,1.0,1.0,-223.09961129292097,220.9097788674031
0.3,44.25045011669211,mid,48,1.0,1.0,1.0,1.0,-227.99510693811618,225.6135481235037
0.3,44.25045011669211,mid,49,1.0,1.0,1.0,1.0,-232.8906025833114,230.30084309413505
0.3,44.25045011669211,mid,50,1.0,1.0,1.0,1.0,-237.7860982285066,234.94064925770903
0.3,44.25045011669211,mid,51,1.0,1.0,1.0,1.0,-242.68159387370181,239.667219355718
0.3,44.25045011669211,mid,52,1.0,1.0,1.0,1.0,-247.57708951889703,244.38938103484298
0.3,44.25045011669211,mid,53,1.0,1.0,1.0,1.0,-252.47258516409224,249.05435106967525
0.3,44.25045011669211,mid,54,1.0,1.0,1.0,1.0,-257.36808080928745,253.6957677828985
0.3,44.25045011669211,mid,55,1.0,1.0,1.0,1.0,-262.26357645448263,258.3573217372999
0.3,44.25045011669211,mid,56,1.0,1.0,1.0,1.0,-266.3404787679911,263.046659530846
0.3,44.25045011669211,mid,57,1.0,1.0,1.0,1.0,-271.2359744131863,267.7153704996075
0.3,44.25045011669211,mid,58,1.0,1.0,1.0,1.0,-276.13147005838147,272.3958022350081
0.3,44.25045011669211,mid,59,1.0,1.0,1.0,1.0,-281.02696570357665,277.09277782168624
0.3,44.25045011669211,mid,60,1.0,1.0,1.0,1.0,-285.92246134877183,281.7561120051578
0.3,44.25045011669211,mid,61,1.0,1.0,1.0,1.0,-290.817956993967,286.45393686132155
0.3,44.25045011669211,mid,62,1.0,1.0,1.0,1.0,-295.7134526391622,291.19022479850963
0.3,44.25045011669211,mid,63,1.0,1.0,1.0,1.0,-300.6089482843574,295.9070276929141
0.3,44.25045011669211,mid,64,1.0,1.0,1.0,1.0,-305.50444392955256,300.5198922609335
0.3,44.25045011669211,mid,65,1.0,1.0,1.0,1.0,-309.701210339609,305.1515633315737
0.3,44.25045011669211,mid,66,1.0,1.0,1.0,1.0,-314.5967059848042,309.8836686144251
0.3,44.25045011669211,mid,67,1.0,1.0,1.0,1.0,-319.4922016299994,314.57959011604373
0.3,44.25045011669211,mid,68,1.0,1.0,1.0,1.0,-324.38769727519457,319.29292063324095
0.3,44.25045011669211,mid,69,1.0,1.0,1.0,1.0,-329.28319292038975,323.9901850403327
0.3,44.25045011669211,mid,70,1.0,1.0,1.0,1.0,-334.17868856558493,328.6883418169599
0.3,44.25045011669211,mid,71,1.0,1.0,1.0,1.0,-338.5038063083958,333.3720748885806
0.3,44.25045011669211,mid,72,1.0,1.0,1.0,1.0,-343.39930195359096,338.089387698672
0.3,44.25045011669211,mid,73,1.0,1.0,1.0,1.0,-348.29479759878615,342.72427073723054
0.3,44.25045011669211,mid,74,1.0,1.0,1.0,1.0,-353.19029324398133,347.43159085301716
0.3,44.25045011669211,mid,75,1.0,1.0,1.0,1.0,-358.08578888917646,352.1529838920393
0.3,44.25045011669211,mid,76,1.0,1.0,1.0,1.0,-362.49560347618865,356.80280324660544
0.3,44.25045011669211,mid,77,1.0,1.0,1.0,1.0,-367.39109912138383,361.48478071613374
0.3,44.25045011669211,mid,78,1.0,1.0,1.0,1.0,-372.286594766579,366.2293576392536
0.3,44.25045011669211,mid,79,1.0,1.0,1.0,1.0,-377.18209041177414,370.8798458746518
0.3,44.25045011669211,mid,80,1.0,1.0,1.0,1.0,-381.66600563079584,375.55293951286023
0.3,44.25045011669211,mid,81,1.0,1.0,1.0,1.0,-386.561501275991,380.26558556934333
0.3,44.25045011669211,mid,82,1.0,1.0,1.0,1.0,-391.10748142869113,384.9543061989908
0.3,44.25045011669211,mid,83,1.0,1.0,1.0,1.0,-395.8662277865175,389.55444955917966
0.3,44.25045011669211,mid,84,1.0,1.0,1.0,1.0,-400.7061216042847,394.27200434662257
0.3,44.25045011669211,mid,85,1.0,1.0,1.0,1.0,-405.46332572829766,398.95044593913696
0.3,44.25045011669211,mid,86,1.0,1.0,1.0,1.0,-409.1265154474782,403.6400384389327
0.3,44.25045011669211,mid,87,1.0,1.0,1.0,1.0,-414.0220110926734,408.3108404721806
0.3,44.25045011669211,mid,88,1.0,1.0,1.0,1.0,-418.91750673786856,412.9335857398415
0.3,44.25045011669211,mid,89,1.0,1.0,1.0,1.0,-422.7673733714645,417.6714731787856
0.3,44.25045011669211,mid,90,1.0,1.0,1.0,1.0,-427.66286901665967,422.3200650093891
0.3,44.25045011669211,mid,91,1.0,1.0,1.0,1.0,-432.55836466185485,427.09060696249657
0.3,44.25045011669211,mid,92,1.0,1.0,1.0,1.0,-437.45386030705004,431.8025734793078
0.3,44.25045011669211,mid,93,1.0,1.0,1.0,1.0,-442.3493559522452,436.44207650481417
0.3,44.25045011669211,mid,94,1.0,1.0,1.0,1.0,-446.42625826575375,441.10553191601184
0.3,44.25045011669211,mid,95,1.0,1.0,1.0,1.0,-451.32175391094887,445.7478316076714
0.3,44.25045011669211,mid,96,1.0,1.0,1.0,1.0,-456.21724955614405,450.38722590513123
0.3,44.25045011669211,mid,97,1.0,1.0,1.0,1.0,-461.11274520133924,455.05869240418053
0.3,44.25045011669211,mid,98,1.0,1.0,1.0,1.0,-465.7812051666219,459.6675901276966
0.3,44.25045011669211,mid,99,1.0,1.0,1.0,1.0,-470.67670081181706,464.39622470002735
0.3,44.25045011669211,mid,100,1.0,1.0,1.0,1.0,-475.10050290178606,469.0812334769736
0.3,381.0262031451505,high,1,0.984,0.9913,0.9876499999999999,0.984,-4.804809355020542,5.207561606460105
0.3,381.0262031451505,high,2,0.99505,0.99345,0.9942500000000001,0.99345,-9.609618710041085,10.003668441584352
0.3,381.0262031451505,high,3,0.99925,0.9997,0.999475,0.99925,-14.414428065061628,14.83483930839063
0.3,381.0262031451505,high,4,0.9998,0.99995,0.9998750000000001,0.9998,-19.21923742008217,19.686993666229128
0.3,381.0262031451505,high,5,0.9999,1.0,0.99995,0.9999,-24.02404677510271,24.508595241787756
0.3,381.0262031451505,high,6,0.99995,1.0,0.9999750000000001,0.99995,-28.828856130123253,29.364280437412454
0.3,381.0262031451505,high,7,1.0,1.0,1.0,1.0,-33.633665485143794,34.21347069625021
0.3,381.0262031451505,high,8,1.0,1.0,1.0,1.0,-38.43847484016434,39.03814264044544
0.3,381.0262031451505,high,9,1.0,1.0,1.0,1.0,-43.243284195184884,43.87148916323473
0.3,381.0262031451505,high,10,1.0,1.0,1.0,1.0,-48.04809355020543,48.69484911015571
0.3,381.0262031451505,high,11,1.0,1.0,1.0,1.0,-52.852902905225974,53.50247727502143
0.3,381.0262031451505,high,12,1.0,1.0,1.0,1.0,-57.65771226024652,58.36566451206211
0.3,381.0262031451505,high,13,1.0,1.0,1.0,1.0,-62.462521615267065,63.16927730614753
0.3,381.0262031451505,high,14,1.0,1.0,1.0,1.0,-67.2673309702876,67.98433766447116
0.3,381.0262031451505,high,15,1.0,1.0,1.0,1.0,-72.07214032530814,72.8158475008363
0.3,381.0262031451505,high,16,1.0,1.0,1.0,1.0,-76.87694968032868,77.64265360864651
0.3,381.0262031451505,high,17,1.0,1.0,1.0,1.0,-81.68175903534922,82.4168677667883
0.3,381.0262031451505,high,18,1.0,1.0,1.0,1.0,-86.48656839036975,87.2065832738837
0.3,381.0262031451505,high,19,1.0,1.0,1.0,1.0,-91.29137774539029,92.07697835244343
0.3,381.0262031451505,high,20,1.0,1.0,1.0,1.0,-96.09618710041083,96.88977017084105
0.3,381.0262031451505,high,21,1.0,1.0,1.0,1.0,-100.90099645543137,101.64818514836244
0.3,381.0262031451505,high,22,1.0,1.0,1.0,1.0,-105.7058058104519,106.46644094006972
0.3,381.0262031451505,high,23,1.0,1.0,1.0,1.0,-110.51061516547244,111.26381696777437
0.3,381.0262031451505,high,24,1.0,1.0,1.0,1.0,-115.31542452049298,116.05486811655311
0.3,381.0262031451505,high,25,1.0,1.0,1.0,1.0,-120.12023387551352,120.90570983428809
0.3,381.0262031451505,high,26,1.0,1.0,1.0,1.0,-124.92504323053406,125.69808272668143
0.3,381.0262031451505,high,27,1.0,1.0,1.0,1.0,-129.7298525855546,130.5254238770445
0.3,381.0262031451505,high,28,1.0,1.0,1.0,1.0,-134.53466194057515,135.28514042890174
0.3,381.0262031451505,high,29,1.0,1.0,1.0,1.0,-139.3394712955957,140.1309374789822
0.3,381.0262031451505,high,30,1.0,1.0,1.0,1.0,-144.14428065061625,144.95604098641883
0.3,381.0262031451505,high,31,1.0,1.0,1.0,1.0,-148.9490900056368,149.74075527472561
0.3,381.0262031451505,high,32,1.0,1.0,1.0,1.0,-153.75389936065736,154.55462758034656
0.3,381.0262031451505,high,33,1.0,1.0,1.0,1.0,-158.5587087156779,159.3819180100353
0.3,381.0262031451505,high,34,1.0,1.0,1.0,1.0,-163.36351807069846,164.2111908749745
0.3,381.0262031451505,high,35,1.0,1.0,1.0,1.0,-168.168327425719,169.01903004034244
0.3,381.0262031451505,high,36,1.0,1.0,1.0,1.0,-172.97313678073957,173.8148482491198
0.3,381.0262031451505,high,37,1.0,1.0,1.0,1.0,-177.77794613576012,178.5709642827414
0.3,381.0262031451505,high,38,1.0,1.0,1.0,1.0,-182.58275549078067,183.42783696610462
0.3,381.0262031451505,high,39,1.0,1.0,1.0,1.0,-187.38756484580122,188.17716620694523
0.3,381.0262031451505,high,40,1.0,1.0,1.0,1.0,-186.21040344719583,193.01801186084288
0.3,381.0262031451505,high,41,1.0,1.0,1.0,1.0,-191.01521280221638,197.80392188416926
0.3,381.0262031451505,high,42,1.0,1.0,1.0,1.0,-195.82002215723693,202.58929086350005
0.3,381.0262031451505,high,43,1.0,1.0,1.0,1.0,-200.6248315122575,207.39621692097825
0.3,381.0262031451505,high,44,1.0,1.0,1.0,1.0,-205.42964086727804,212.20731865817731
0.3,381.0262031451505,high,45,1.0,1.0,1.0,1.0,-210.2344502222986,217.0058054925566
0.3,381.0262031451505,high,46,1.0,1.0,1.0,1.0,-215.03925957731914,221.83072465343952
0.3,381.0262031451505,high,47,1.0,1.0,1.0,1.0,-219.8440689323397,226.64981613357998
0.3,381.0262031451505,high,48,1.0,1.0,1.0,1.0,-224.64887828736025,231.38345179832612
0.3,381.0262031451505,high,49,1.0,1.0,1.0,1.0,-229.4536876423808,236.19649994201038
0.3,381.0262031451505,high,50,1.0,1.0,1.0,1.0,-234.25849699740135,241.01240523425315
0.3,381.0262031451505,high,51,1.0,1.0,1.0,1.0,-239.0633063524219,245.85239296304263
0.3,381.0262031451505,high,52,1.0,1.0,1.0,1.0,-243.86811570744246,250.68426122446868
0.3,381.0262031451505,high,53,1.0,1.0,1.0,1.0,-247.62763573963215,255.51987797219718
0.3,381.0262031451505,high,54,1.0,1.0,1.0,1.0,-252.4324450946527,260.30830566353166
0.3,381.0262031451505,high,55,1.0,1.0,1.0,1.0,-257.23725444967323,265.11579855494745
0.3,381.0262031451505,high,56,1.0,1.0,1.0,1.0,-262.0420638046938,269.9167322105079
0.3,381.0262031451505,high,57,1.0,1.0,1.0,1.0,-266.84687315971433,274.7286687731626
0.3,381.0262031451505,high,58,1.0,1.0,1.0,1.0,-271.6516825147349,279.4884062486469
0.3,381.0262031451505,high,59,1.0,1.0,1.0,1.0,-276.45649186975544,284.2686584316092
0.3,381.0262031451505,high,60,1.0,1.0,1.0,1.0,-281.261301224776,289.0596150083426
0.3,381.0262031451505,high,61,1.0,1.0,1.0,1.0,-286.06611057979654,293.8947015134506
0.3,381.0262031451505,high,62,1.0,1.0,1.0,1.0,-290.8709199348171,298.64397966966214
0.3,381.0262031451505,high,63,1.0,1.0,1.0,1.0,-295.266175226634,303.457200129708
0.3,381.0262031451505,high,64,1.0,1.0,1.0,1.0,-299.6614305184509,308.32461465280056
0.3,381.0262031451505,high,65,1.0,1.0,1.0,1.0,-304.46623987347147,313.1001270444507
0.3,381.0262031451505,high,66,1.0,1.0,1.0,1.0,-309.271049228492,317.80036693243125
0.3,381.0262031451505,high,67,1.0,1.0,1.0,1.0,-314.07585858351257,322.63322293521594
0.3,381.0262031451505,high,68,1.0,1.0,1.0,1.0,-318.8806679385331,327.46533569984035
0.3,381.0262031451505,high,69,1.0,1.0,1.0,1.0,-323.6854772935537,332.2699659128788
0.3,381.0262031451505,high,70,1.0,1.0,1.0,1.0,-328.4902866485742,337.061703094252
0.3,381.0262031451505,high,71,1.0,1.0,1.0,1.0,-333.2950960035948,341.8599145150914
0.3,381.0262031451505,high,72,1.0,1.0,1.0,1.0,-338.09990535861533,346.72550801165653
0.3,381.0262031451505,high,73,1.0,1.0,1.0,1.0,-342.2062831994532,351.4938004602467
0.3,381.0262031451505,high,74,1.0,1.0,1.0,1.0,-347.01109255447375,356.25845846343555
0.3,381.0262031451505,high,75,1.0,1.0,1.0,1.0,-351.8159019094943,361.03616513154077
0.3,381.0262031451505,high,76,1.0,1.0,1.0,1.0,-356.62071126451485,365.8616218043204
0.3,381.0262031451505,high,77,1.0,1.0,1.0,1.0,-361.4255206195354,370.6740769701447
0.3,381.0262031451505,high,78,1.0,1.0,1.0,1.0,-366.23032997455596,375.49221547680486
0.3,381.0262031451505,high,79,1.0,1.0,1.0,1.0,-371.0351393295765,380.34959554415235
0.3,381.0262031451505,high,80,1.0,1.0,1.0,1.0,-375.26935389758063,385.08739697045235
0.3,381.0262031451505,high,81,1.0,1.0,1.0,1.0,-380.0741632526012,389.9043332228764
0.3,381.0262031451505,high,82,1.0,1.0,1.0,1.0,-384.87897260762173,394.7467646736709
0.3,381.0262031451505,high,83,1.0,1.0,1.0,1.0,-389.6837819626423,399.602008873852
0.3,381.0262031451505,high,84,1.0,1.0,1.0,1.0,-394.48859131766284,404.3606114809804
0.3,381.0262031451505,high,85,1.0,1.0,1.0,1.0,-398.8078789866018,409.1333111188825
0.3,381.0262031451505,high,86,1.0,1.0,1.0,1.0,-403.61268834162234,413.9144463584657
0.3,381.0262031451505,high,87,1.0,1.0,1.0,1.0,-408.4174976966429,418.6513175227282
0.3,381.0262031451505,high,88,1.0,1.0,1.0,1.0,-413.22230705166345,423.45744403966904
0.3,381.0262031451505,high,89,1.0,1.0,1.0,1.0,-417.61566163534815,428.2556758925995
0.3,381.0262031451505,high,90,1.0,1.0,1.0,1.0,-422.4204709903687,433.07833021738685
0.3,381.0262031451505,high,91,1.0,1.0,1.0,1.0,-426.87586543224273,437.8588878768228
0.3,381.0262031451505,high,92,1.0,1.0,1.0,1.0,-431.68067478726323,442.70280880816154
0.3,381.0262031451505,high,93,1.0,1.0,1.0,1.0,-436.29332984663455,447.5687723731038
0.3,381.0262031451505,high,94,1.0,1.0,1.0,1.0,-441.09813920165504,452.3893838734239
0.3,381.0262031451505,high,95,1.0,1.0,1.0,1.0,-445.7647920320273,457.21072223333454
0.3,381.0262031451505,high,96,1.0,1.0,1.0,1.0,-450.5231886857843,462.05736566100614
0.3,381.0262031451505,high,97,1.0,1.0,1.0,1.0,-454.10256592974133,466.79799672192223
0.3,381.0262031451505,high,98,1.0,1.0,1.0,1.0,-458.9073752847619,471.55280302658673
0.3,381.0262031451505,high,99,1.0,1.0,1.0,1.0,-463.71218463978244,476.3815352679593
0.3,381.0262031451505,high,100,1.0,1.0,1.0,1.0,-467.47170467197213,481.2457784304335
0.4,6.247615659760722,low,1,0.94325,0.9858,0.9645250000000001,0.94325,-6.549667356768032,3.5702434599629034
0.4,6.247615659760722,low,2,0.99465,0.99715,0.9959,0.99465,-13.099334713536065,7.137325284275929
0.4,6.247615659760722,low,3,0.9986,0.9992,0.9989,0.9986,-19.649002070304096,10.585455256156617
0.4,6.247615659760722,low,4,0.99955,0.99995,0.99975,0.99955,-26.19866942707213,14.00418432890607
0.4,6.247615659760722,low,5,0.99975,1.0,0.9998750000000001,0.99975,-32.74833678384016,17.41558034059942
0.4,6.247615659760722,low,6,1.0,1.0,1.0,1.0,-39.29800414060819,20.857566763577218
0.4,6.247615659760722,low,7,1.0,1.0,1.0,1.0,-45.847671497376226,24.29301356927177
0.4,6.247615659760722,low,8,1.0,1.0,1.0,1.0,-47.62422323992398,27.741532051316007
0.4,6.247615659760722,low,9,1.0,1.0,1.0,1.0,-54.173890596692004,31.144237780904646
0.4,6.247615659760722,low,10,1.0,1.0,1.0,1.0,-59.4688556832221,34.55586175147355
0.4,6.247615659760722,low,11,1.0,1.0,1.0,1.0,-64.91046007215127,38.00566868667741
0.4,6.247615659760722,low,12,1.0,1.0,1.0,1.0,-71.4601274289193,41.458215433455976
0.4,6.247615659760722,low,13,1.0,1.0,1.0,1.0,-77.17686620670501,44.89771586753916
0.4,6.247615659760722,low,14,1.0,1.0,1.0,1.0,-83.02642535955039,48.35854573353779
0.4,6.247615659760722,low,15,1.0,1.0,1.0,1.0,-89.02271784358045,51.798402082209975
0.4,6.247615659760722,low,16,1.0,1.0,1.0,1.0,-95.24844647984793,55.24651939299236
0.4,6.247615659760722,low,17,1.0,1.0,1.0,1.0,-101.22443424832557,58.650022187257186
0.4,6.247615659760722,low,18,1.0,1.0,1.0,1.0,-107.09307892314604,62.074518215141524
0.4,6.247615659760722,low,19,1.0,1.0,1.0,1.0,-112.5346833120752,65.50941509147484
0.4,6.247615659760722,low,20,1.0,1.0,1.0,1.0,-118.25142208986092,68.92241802312995
0.4,6.247615659760722,low,21,1.0,1.0,1.0,1.0,-124.10098124270628,72.31893985565127
0.4,6.247615659760722,low,22,1.0,1.0,1.0,1.0,-130.09605453315905,75.76217509237594
0.4,6.247615659760722,low,23,1.0,1.0,1.0,1.0,-135.9456136860044,79.18251849615717
0.4,6.247615659760722,low,24,1.0,1.0,1.0,1.0,-141.94190617003446,82.6080806321364
0.4,6.247615659760722,low,25,1.0,1.0,1.0,1.0,-147.9368854317016,86.06428828949213
0.4,6.247615659760722,low,26,1.0,1.0,1.0,1.0,-153.6536242094873,89.47635879861397
0.4,6.247615659760722,low,27,1.0,1.0,1.0,1.0,-159.64991669351738,92.88400666825464
0.4,6.247615659760722,low,28,1.0,1.0,1.0,1.0,-165.45387163852922,96.30047204299191
0.4,6.247615659760722,low,29,1.0,1.0,1.0,1.0,-171.17182960989226,99.73971279842391
0.4,6.247615659760722,low,30,1.0,1.0,1.0,1.0,-177.07720181761263,103.16728078846666
0.4,6.247615659760722,low,31,1.0,1.0,1.0,1.0,-183.01524285961307,106.60224054429463
0.4,6.247615659760722,low,32,1.0,1.0,1.0,1.0,-188.8781912034311,110.04222727024464
0.4,6.247615659760722,low,33,1.0,1.0,1.0,1.0,-194.59418802444026,113.4531784907698
0.4,6.247615659760722,low,34,1.0,1.0,1.0,1.0,-200.4481189942394,116.87014784079868
0.4,6.247615659760722,low,35,1.0,1.0,1.0,1.0,-206.3765216246504,120.27839972435251
0.4,6.247615659760722,low,36,1.0,1.0,1.0,1.0,-212.24516629947084,123.70445604634756
0.4,6.247615659760722,low,37,1.0,1.0,1.0,1.0,-218.09472545231623,127.1231859088385
0.4,6.247615659760722,low,38,1.0,1.0,1.0,1.0,-224.07071322079386,130.54344916561786
0.4,6.247615659760722,low,39,1.0,1.0,1.0,1.0,-229.94626735928404,133.96636799507604
0.4,6.247615659760722,low,40,1.0,1.0,1.0,1.0,-235.8059360996096,137.41994434998708
0.4,6.247615659760722,low,41,1.0,1.0,1.0,1.0,-241.6522951286445,140.82673058259877
0.4,6.247615659760722,low,42,1.0,1.0,1.0,1.0,-247.41326312604397,144.24157316491375
0.4,6.247615659760722,low,43,1.0,1.0,1.0,1.0,-253.19817349947527,147.69567287996807
0.4,6.247615659760722,low,44,1.0,1.0,1.0,1.0,-259.0852652920565,151.1345862115266
0.4,6.247615659760722,low,45,1.0,1.0,1.0,1.0,-264.97585354070515,154.49015259855534
0.4,6.247615659760722,low,46,1.0,1.0,1.0,1.0,-270.93111692893194,157.94722241215845
0.4,6.247615659760722,low,47,1.0,1.0,1.0,1.0,-276.8951720472927,161.35446155162964
0.4,6.247615659760722,low,48,1.0,1.0,1.0,1.0,-282.6838640641882,164.79362126635863
0.4,6.247615659760722,low,49,1.0,1.0,1.0,1.0,-288.53342321703354,168.21530721282932
0.4,6.247615659760722,low,50,1.0,1.0,1.0,1.0,-294.2964430950277,171.63420152368144
0.4,6.247615659760722,low,51,1.0,1.0,1.0,1.0,-300.2042061894688,175.1164926590898
0.4,6.247615659760722,low,52,1.0,1.0,1.0,1.0,-306.11736182592944,178.51540754457142
0.4,6.247615659760722,low,53,1.0,1.0,1.0,1.0,-312.0642974464112,181.93304476209684
0.4,6.247615659760722,low,54,1.0,1.0,1.0,1.0,-317.89504186715936,185.3839417105709
0.4,6.247615659760722,low,55,1.0,1.0,1.0,1.0,-323.7036659529871,188.76492396739462
0.4,6.247615659760722,low,56,1.0,1.0,1.0,1.0,-329.56704403317195,192.20023906457004
0.4,6.247615659760722,low,57,1.0,1.0,1.0,1.0,-335.3896183994489,195.63007036202356
0.4,6.247615659760722,low,58,1.0,1.0,1.0,1.0,-341.2140723428163,199.02829155622658
0.4,6.247615659760722,low,59,1.0,1.0,1.0,1.0,-347.0827170176367,202.43921800558832
0.4,6.247615659760722,low,60,1.0,1.0,1.0,1.0,-352.832777580216,205.8628373229963
0.4,6.247615659760722,low,61,1.0,1.0,1.0,1.0,-358.77422386543617,209.3178345313152
0.4,6.247615659760722,low,62,1.0,1.0,1.0,1.0,-364.6453074322979,212.7370353521024
0.4,6.247615659760722,low,63,1.0,1.0,1.0,1.0,-370.5809575875777,216.161645600694
0.4,6.247615659760722,low,64,1.0,1.0,1.0,1.0,-376.46942628701015,219.5626559765924
0.4,6.247615659760722,low,65,1.0,1.0,1.0,1.0,-382.25854304261316,222.9921350580439
0.4,6.247615659760722,low,66,1.0,1.0,1.0,1.0,-388.00960765809634,226.42136667957763
0.4,6.247615659760722,low,67,1.0,1.0,1.0,1.0,-393.8740116785784,229.80844073003573
0.4,6.247615659760722,low,68,1.0,1.0,1.0,1.0,-399.80451118098676,233.24631527365506
0.4,6.247615659760722,low,69,1.0,1.0,1.0,1.0,-405.6742591076204,236.70363077010677
0.4,6.247615659760722,low,70,1.0,1.0,1.0,1.0,-411.5032434896839,240.08892544145218
0.4,6.247615659760722,low,71,1.0,1.0,1.0,1.0,-417.3747754799551,243.49799427495049
0.4,6.247615659760722,low,72,1.0,1.0,1.0,1.0,-423.29949386647115,246.91525796510172
0.4,6.247615659760722,low,73,1.0,1.0,1.0,1.0,-429.2318287839488,250.39642693629727
0.4,6.247615659760722,low,74,1.0,1.0,1.0,1.0,-435.1402269521279,253.7859696438931
0.4,6.247615659760722,low,75,1.0,1.0,1.0,1.0,-441.0760448837383,257.1860927356226
0.4,6.247615659760722,low,76,1.0,1.0,1.0,1.0,-446.8593197200836,260.59580300127715
0.4,6.247615659760722,low,77,1.0,1.0,1.0,1.0,-452.5675171923593,264.0727744512914
0.4,6.247615659760722,low,78,1.0,1.0,1.0,1.0,-458.430066882082,267.4648781410707
0.4,6.247615659760722,low,79,1.0,1.0,1.0,1.0,-464.2230805209928,270.87261444231063
0.4,6.247615659760722,low,80,1.0,1.0,1.0,1.0,-470.1626070423289,274.3292255877949
0.4,6.247615659760722,low,81,1.0,1.0,1.0,1.0,-476.0604756537648,277.717240299727
0.4,6.247615659760722,low,82,1.0,1.0,1.0,1.0,-481.89107837859535,281.1562874065308
0.4,6.247615659760722,low,83,1.0,1.0,1.0,1.0,-487.7855597891567,284.6174036125342
0.4,6.247615659760722,low,84,1.0,1.0,1.0,1.0,-493.6630603588151,288.0387899053088
0.4,6.247615659760722,low,85,1.0,1.0,1.0,1.0,-499.54499174484596,291.4648192605347
0.4,6.247615659760722,low,86,1.0,1.0,1.0,1.0,-505.4508942629975,294.9197493156437
0.4,6.247615659760722,low,87,1.0,1.0,1.0,1.0,-511.4285256883277,298.3461442169389
0.4,6.247615659760722,low,88,1.0,1.0,1.0,1.0,-517.2544651575622,301.77694624720436
0.4,6.247615659760722,low,89,1.0,1.0,1.0,1.0,-523.1230502320315,305.1858234681605
0.4,6.247615659760722,low,90,1.0,1.0,1.0,1.0,-529.0210329974993,308.62623638281036
0.4,6.247615659760722,low,91,1.0,1.0,1.0,1.0,-534.7885126360197,312.0676726411367
0.4,6.247615659760722,low,92,1.0,1.0,1.0,1.0,-540.7063073440947,315.45241597056423
0.4,6.247615659760722,low,93,1.0,1.0,1.0,1.0,-546.5953827527823,318.8699892836655
0.4,6.247615659760722,low,94,1.0,1.0,1.0,1.0,-552.5475136001328,322.33612302177323
0.4,6.247615659760722,low,95,1.0,1.0,1.0,1.0,-558.4293270774995,325.75159292142246
0.4,6.247615659760722,low,96,1.0,1.0,1.0,1.0,-564.2459125816749,329.1624499616007
0.4,6.247615659760722,low,97,1.0,1.0,1.0,1.0,-570.1599017744618,332.596928112072
0.4,6.247615659760722,low,98,1.0,1.0,1.0,1.0,-576.0015342844063,336.0876939456475
0.4,6.247615659760722,low,99,1.0,1.0,1.0,1.0,-581.8318086150439,339.4752018359468
0.4,6.247615659760722,low,100,1.0,1.0,1.0,1.0,-587.693303793293,342.86628331588224
0.4,37.18189830457899,mid,1,0.9627,0.99265,0.9776750000000001,0.9627,-4.781110104667929,4.16426715103054
0.4,37.18189830457899,mid,2,0.99375,0.98895,0.99135,0.98895,-9.562220209335859,8.325146141450215
0.4,37.18189830457899,mid,3,0.99865,0.9989,0.998775,0.99865,-14.343330314003788,12.34833758606096
0.4,37.18189830457899,mid,4,0.9999,0.99975,0.999825,0.99975,-19.124440418671718,16.26972890229302
0.4,37.18189830457899,mid,5,1.0,0.9999,0.99995,0.9999,-23.90555052333965,20.296642309552002
0.4,37.18189830457899,mid,6,1.0,1.0,1.0,1.0,-28.68666062800758,24.282771063918368
0.4,37.18189830457899,mid,7,1.0,1.0,1.0,1.0,-33.46777073267551,28.24709232677096
0.4,37.18189830457899,mid,8,1.0,1.0,1.0,1.0,-38.24888083734344,32.246421516795
0.4,37.18189830457899,mid,9,1.0,1.0,1.0,1.0,-43.02999094201137,36.239383634412334
0.4,37.18189830457899,mid,10,1.0,1.0,1.0,1.0,-47.811101046679305,40.20736674790487
0.4,37.18189830457899,mid,11,1.0,1.0,1.0,1.0,-52.592211151347236,44.189696341045334
0.4,37.18189830457899,mid,12,1.0,1.0,1.0,1.0,-57.37332125601517,48.15355051056469
0.4,37.18189830457899,mid,13,1.0,1.0,1.0,1.0,-62.1544313606831,52.10198327171538
0.4,37.18189830457899,mid,14,1.0,1.0,1.0,1.0,-66.93554146535102,56.06507898314487
0.4,37.18189830457899,mid,15,1.0,1.0,1.0,1.0,-71.71665157001895,60.0380107806025
0.4,37.18189830457899,mid,16,1.0,1.0,1.0,1.0,-76.49776167468688,64.00741686932227
0.4,37.18189830457899,mid,17,1.0,1.0,1.0,1.0,-76.42606445632586,67.97012564428732
0.4,37.18189830457899,mid,18,1.0,1.0,1.0,1.0,-81.20717456099379,71.94641310187026
0.4,37.18189830457899,mid,19,1.0,1.0,1.0,1.0,-85.98828466566172,75.87742700290273
0.4,37.18189830457899,mid,20,1.0,1.0,1.0,1.0,-90.76939477032965,79.78944803515174
0.4,37.18189830457899,mid,21,1.0,1.0,1.0,1.0,-95.55050487499759,83.7675244178343
0.4,37.18189830457899,mid,22,1.0,1.0,1.0,1.0,-99.2240538049189,87.7206441846407
0.4,37.18189830457899,mid,23,1.0,1.0,1.0,1.0,-104.00516390958683,91.71510490866213
0.4,37.18189830457899,mid,24,1.0,1.0,1.0,1.0,-108.78627401425476,95.67994054600763
0.4,37.18189830457899,mid,25,1.0,1.0,1.0,1.0,-113.56738411892269,99.61353292754521
0.4,37.18189830457899,mid,26,1.0,1.0,1.0,1.0,-117.51456951893731,103.55518884134466
0.4,37.18189830457899,mid,27,1.0,1.0,1.0,1.0,-122.29567962360524,107.51393852968204
0.4,37.18189830457899,mid,28,1.0,1.0,1.0,1.0,-127.07678972827316,111.46751065602582
0.4,37.18189830457899,mid,29,1.0,1.0,1.0,1.0,-131.8578998329411,115.41816098729116
0.4,37.18189830457899,mid,30,1.0,1.0,1.0,1.0,-135.93910278510057,119.39490539834317
0.4,37.18189830457899,mid,31,1.0,1.0,1.0,1.0,-140.7202128897685,123.35790368652022
0.4,37.18189830457899,mid,32,1.0,1.0,1.0,1.0,-145.50132299443644,127.34744623205613
0.4,37.18189830457899,mid,33,1.0,1.0,1.0,1.0,-149.72887659602497,131.27832597148637
0.4,37.18189830457899,mid,34,1.0,1.0,1.0,1.0,-154.5099867006929,135.23939932997718
0.4,37.18189830457899,mid,35,1.0,1.0,1.0,1.0,-158.77742794889738,139.1803243261561
0.4,37.18189830457899,mid,36,1.0,1.0,1.0,1.0,-163.55853805356531,143.14781933081068
0.4,37.18189830457899,mid,37,1.0,1.0,1.0,1.0,-167.95569661701495,147.1009962277917
0.4,37.18189830457899,mid,38,1.0,1.0,1.0,1.0,-172.3562433410755,151.04719803595248
0.4,37.18189830457899,mid,39,1.0,1.0,1.0,1.0,-176.89447761094493,155.0334050948612
0.4,37.18189830457899,mid,40,1.0,1.0,1.0,1.0,-181.5387895406593,158.966005556931
0.4,37.18189830457899,mid,41,1.0,1.0,1.0,1.0,-186.30835522626865,162.94908273174548
0.4,37.18189830457899,mid,42,1.0,1.0,1.0,1.0,-189.99344857524855,166.90796011450453
0.4,37.18189830457899,mid,43,1.0,1.0,1.0,1.0,-194.77455867991648,170.88439303417172
0.4,37.18189830457899,mid,44,1.0,1.0,1.0,1.0,-198.7217440799311,174.86441997680237
0.4,37.18189830457899,mid,45,1.0,1.0,1.0,1.0,-203.50285418459902,178.82918435338877
0.4,37.18189830457899,mid,46,1.0,1.0,1.0,1.0,-208.01032781917365,182.76278324725723
0.4,37.18189830457899,mid,47,1.0,1.0,1.0,1.0,-212.36516724142643,186.70205501307515
0.4,37.18189830457899,mid,48,1.0,1.0,1.0,1.0,-216.73862332385622,190.75117073174457
0.4,37.18189830457899,mid,49,1.0,1.0,1.0,1.0,-221.3738309476829,194.686043110727
0.4,37.18189830457899,mid,50,1.0,1.0,1.0,1.0,-225.64127219588738,198.6302781116141
0.4,37.18189830457899,mid,51,1.0,1.0,1.0,1.0,-230.38204648535157,202.53929364222688
0.4,37.18189830457899,mid,52,1.0,1.0,1.0,1.0,-235.02913903787461,206.50204978971675
0.4,37.18189830457899,mid,53,1.0,1.0,1.0,1.0,-239.39071019160804,210.48234385710006
0.4,37.18189830457899,mid,54,1.0,1.0,1.0,1.0,-244.00119769273343,214.46825292987705
0.4,37.18189830457899,mid,55,1.0,1.0,1.0,1.0,-248.67256219936996,218.4152165625474
0.4,37.18189830457899,mid,56,1.0,1.0,1.0,1.0,-253.22037164914835,222.36644159957146
0.4,37.18189830457899,mid,57,1.0,1.0,1.0,1.0,-257.68122590562643,226.3419317659215
0.4,37.18189830457899,mid,58,1.0,1.0,1.0,1.0,-262.3986403172659,230.30963506168067
0.4,37.18189830457899,mid,59,1.0,1.0,1.0,1.0,-266.72977725849876,234.28025694145992
0.4,37.18189830457899,mid,60,1.0,1.0,1.0,1.0,-271.20062313624226,238.27646653688345
0.4,37.18189830457899,mid,61,1.0,1.0,1.0,1.0,-275.9080459266163,242.26316412442964
0.4,37.18189830457899,mid,62,1.0,1.0,1.0,1.0,-280.3085926506768,246.1719407698462
0.4,37.18189830457899,mid,63,1.0,1.0,1.0,1.0,-284.71002874559264,250.12974670623066
0.4,37.18189830457899,mid,64,1.0,1.0,1.0,1.0,-289.3602546305578,254.06379455455254
0.4,37.18189830457899,mid,65,1.0,1.0,1.0,1.0,-293.77902268970007,258.0114411761822
0.4,37.18189830457899,mid,66,1.0,1.0,1.0,1.0,-298.1795694137606,261.97534026445345
0.4,37.18189830457899,mid,67,1.0,1.0,1.0,1.0,-302.72690798951766,265.95443175250153
0.4,37.18189830457899,mid,68,1.0,1.0,1.0,1.0,-307.23438162409224,269.9149337267691
0.4,37.18189830457899,mid,69,1.0,1.0,1.0,1.0,-311.589221046345,273.8698813925673
0.4,37.18189830457899,mid,70,1.0,1.0,1.0,1.0,-316.02671542499843,277.8479345666733
0.4,37.18189830457899,mid,71,1.0,1.0,1.0,1.0,-320.59788475260143,281.78858062495794
0.4,37.18189830457899,mid,72,1.0,1.0,1.0,1.0,-325.09862665569534,285.7549059277163
0.4,37.18189830457899,mid,73,1.0,1.0,1.0,1.0,-329.55841961162776,289.72985886931554
0.4,37.18189830457899,mid,74,1.0,1.0,1.0,1.0,-334.04359466892345,293.68482745012903
0.4,37.18189830457899,mid,75,1.0,1.0,1.0,1.0,-338.4441413929839,297.6447819384569
0.4,37.18189830457899,mid,76,1.0,1.0,1.0,1.0,-343.11550589962036,301.5999509175256
0.4,37.18189830457899,mid,77,1.0,1.0,1.0,1.0,-347.62668759256763,305.5563933894394
0.4,37.18189830457899,mid,78,1.0,1.0,1.0,1.0,-352.0604739128484,309.5258393592394
0.4,37.18189830457899,mid,79,1.0,1.0,1.0,1.0,-356.62491150897074,313.456548507242
0.4,37.18189830457899,mid,80,1.0,1.0,1.0,1.0,-361.1245487828595,317.41894864117194
0.4,37.18189830457899,mid,81,1.0,1.0,1.0,1.0,-365.64356683649265,321.3995636318021
0.4,37.18189830457899,mid,82,1.0,1.0,1.0,1.0,-370.20508714602545,325.39410594139986
0.4,37.18189830457899,mid,83,1.0,1.0,1.0,1.0,-374.6821265680996,329.33885608601395
0.4,37.18189830457899,mid,84,1.0,1.0,1.0,1.0,-379.1529724458431,333.3275337538398
0.4,37.18189830457899,mid,85,1.0,1.0,1.0,1.0,-383.7766356506112,337.2799109299317
0.4,37.18189830457899,mid,86,1.0,1.0,1.0,1.0,-388.152083677624,341.2941413746595
0.4,37.18189830457899,mid,87,1.0,1.0,1.0,1.0,-392.72270829304443,345.3263330542488
0.4,37.18189830457899,mid,88,1.0,1.0,1.0,1.0,-397.16985168976805,349.1709276852325
0.4,37.18189830457899,mid,89,1.0,1.0,1.0,1.0,-401.66458279662345,353.09133707659623
0.4,37.18189830457899,mid,90,1.0,1.0,1.0,1.0,-406.1965264926786,357.0950238753338
0.4,37.18189830457899,mid,91,1.0,1.0,1.0,1.0,-410.6792572991185,361.03964179254694
0.4,37.18189830457899,mid,92,1.0,1.0,1.0,1.0,-415.205190198935,364.9932834236259
0.4,37.18189830457899,mid,93,1.0,1.0,1.0,1.0,-419.6513159539772,368.985845701862
0.4,37.18189830457899,mid,94,1.0,1.0,1.0,1.0,-424.18955022384665,372.8928223682799
0.4,37.18189830457899,mid,95,1.0,1.0,1.0,1.0,-428.6961365430435,376.8074459912642
0.4,37.18189830457899,mid,96,1.0,1.0,1.0,1.0,-433.1849935174411,380.8283356785902
0.4,37.18189830457899,mid,97,1.0,1.0,1.0,1.0,-437.59878541507453,384.79876480498706
0.4,37.18189830457899,mid,98,1.0,1.0,1.0,1.0,-442.19365722369747,388.73924044843807
0.4,37.18189830457899,mid,99,1.0,1.0,1.0,1.0,-446.63115160235094,392.6897085328917
0.4,37.18189830457899,mid,100,1.0,1.0,1.0,1.0,-451.1776008072526,396.6636420276384
0.4,221.2833882270221,high,1,0.9629,0.9873,0.9751,0.9629,-4.3607234189089645,4.287903422936515
0.4,221.2833882270221,high,2,0.99225,0.98625,0.98925,0.98625,-8.721446837817929,8.568843727732165
0.4,221.2833882270221,high,3,0.99855,0.99925,0.9989,0.99855,-13.082170256726894,12.64572415135818
0.4,221.2833882270221,high,4,0.9997,0.99945,0.999575,0.99945,-17.442893675635858,16.746154729013142
0.4,221.2833882270221,high,5,0.99995,0.99985,0.9999,0.99985,-21.803617094544823,20.8374220418141
0.4,221.2833882270221,high,6,1.0,0.9999,0.99995,0.9999,-26.164340513453787,24.90212695122044
0.4,221.2833882270221,high,7,1.0,1.0,1.0,1.0,-30.52506393236275,28.98117857144637
0.4,221.2833882270221,high,8,1.0,1.0,1.0,1.0,-34.885787351271716,33.051636013902254
0.4,221.2833882270221,high,9,1.0,1.0,1.0,1.0,-39.24651077018068,37.13204936540992
0.4,221.2833882270221,high,10,1.0,1.0,1.0,1.0,-43.60723418908964,41.163697372895754
0.4,221.2833882270221,high,11,1.0,1.0,1.0,1.0,-47.9679576079986,45.25726442548189
0.4,221.2833882270221,high,12,1.0,1.0,1.0,1.0,-52.32868102690756,49.308618191098844
0.4,221.2833882270221,high,13,1.0,1.0,1.0,1.0,-56.68940444581652,53.37158802402591
0.4,221.2833882270221,high,14,1.0,1.0,1.0,1.0,-61.05012786472548,57.41118697954179
0.4,221.2833882270221,high,15,1.0,1.0,1.0,1.0,-65.41085128363444,61.447982454875145
0.4,221.2833882270221,high,16,1.0,1.0,1.0,1.0,-69.7715747025434,65.48379729097907
0.4,221.2833882270221,high,17,1.0,1.0,1.0,1.0,-74.13229812145237,69.52560046129157
0.4,221.2833882270221,high,18,1.0,1.0,1.0,1.0,-78.49302154036133,73.52001923935751
0.4,221.2833882270221,high,19,1.0,1.0,1.0,1.0,-78.29827733078893,77.59332971007763
0.4,221.2833882270221,high,20,1.0,1.0,1.0,1.0,-82.6590007496979,81.63422012746656
0.4,221.2833882270221,high,21,1.0,1.0,1.0,1.0,-87.01972416860686,85.70675076984031
0.4,221.2833882270221,high,22,1.0,1.0,1.0,1.0,-91.38044758751582,89.75752976707693
0.4,221.2833882270221,high,23,1.0,1.0,1.0,1.0,-95.74117100642478,93.82421149963032
0.4,221.2833882270221,high,24,1.0,1.0,1.0,1.0,-100.10189442533374,97.8588318465274
0.4,221.2833882270221,high,25,1.0,1.0,1.0,1.0,-103.35420309493438,101.88811564912669
0.4,221.2833882270221,high,26,1.0,1.0,1.0,1.0,-107.71492651384334,105.97875803664299
0.4,221.2833882270221,high,27,1.0,1.0,1.0,1.0,-112.0756499327523,109.98990621489259
0.4,221.2833882270221,high,28,1.0,1.0,1.0,1.0,-116.43637335166126,114.0345773881492
0.4,221.2833882270221,high,29,1.0,1.0,1.0,1.0,-120.79709677057022,118.06409215318658
0.4,221.2833882270221,high,30,1.0,1.0,1.0,1.0,-124.3239891426676,122.11892831858023
0.4,221.2833882270221,high,31,1.0,1.0,1.0,1.0,-128.68471256157656,126.17279998073803
0.4,221.2833882270221,high,32,1.0,1.0,1.0,1.0,-133.04543598048554,130.17841909490699
0.4,221.2833882270221,high,33,1.0,1.0,1.0,1.0,-137.4061593993945,134.26129716650146
0.4,221.2833882270221,high,34,1.0,1.0,1.0,1.0,-141.7668828183035,138.24562848527563
0.4,221.2833882270221,high,35,1.0,1.0,1.0,1.0,-145.4281479246268,142.26793039279573
0.4,221.2833882270221,high,36,1.0,1.0,1.0,1.0,-149.7888713435358,146.3142392631126
0.4,221.2833882270221,high,37,1.0,1.0,1.0,1.0,-154.14959476244476,150.40987582477663
0.4,221.2833882270221,high,38,1.0,1.0,1.0,1.0,-157.95650023052113,154.4891954532984
0.4,221.2833882270221,high,39,1.0,1.0,1.0,1.0,-162.3172236494301,158.48882028207157
0.4,221.2833882270221,high,40,1.0,1.0,1.0,1.0,-166.67794706833905,162.5686188630301
0.4,221.2833882270221,high,41,1.0,1.0,1.0,1.0,-170.5251422888392,166.54547755726102
0.4,221.2833882270221,high,42,1.0,1.0,1.0,1.0,-174.88586570774817,170.582821715313
0.4,221.2833882270221,high,43,1.0,1.0,1.0,1.0,-178.86248017124004,174.63466493913523
0.4,221.2833882270221,high,44,1.0,1.0,1.0,1.0,-182.84290780291198,178.70175776779968
0.4,221.2833882270221,high,45,1.0,1.0,1.0,1.0,-187.12161859394075,182.7507015895618
0.4,221.2833882270221,high,46,1.0,1.0,1.0,1.0,-191.4823420128497,186.82266058974258
0.4,221.2833882270221,high,47,1.0,1.0,1.0,1.0,-195.53392258099683,190.83049662419458
0.4,221.2833882270221,high,48,1.0,1.0,1.0,1.0,-199.77542323009982,194.8343992200737
0.4,221.2833882270221,high,49,1.0,1.0,1.0,1.0,-203.45609752026834,198.9061577687487
0.4,221.2833882270221,high,50,1.0,1.0,1.0,1.0,-207.8168209391773,202.89538930167026
0.4,221.2833882270221,high,51,1.0,1.0,1.0,1.0,-211.3437133112747,206.9988639690544
0.4,221.2833882270221,high,52,1.0,1.0,1.0,1.0,-215.70443673018366,211.0252453642289
0.4,221.2833882270221,high,53,1.0,1.0,1.0,1.0,-219.7905764465959,215.17102599571493
0.4,221.2833882270221,high,54,1.0,1.0,1.0,1.0,-223.72642525541596,219.1144596125362
0.4,221.2833882270221,high,55,1.0,1.0,1.0,1.0,-227.67819223760227,223.16389613256965
0.4,221.2833882270221,high,56,1.0,1.0,1.0,1.0,-232.03891565651125,227.19916868324347
0.4,221.2833882270221,high,57,1.0,1.0,1.0,1.0,-236.25477756131028,231.2347061028418
0.4,221.2833882270221,high,58,1.0,1.0,1.0,1.0,-240.1019727818104,235.35351265369235
0.4,221.2833882270221,high,59,1.0,1.0,1.0,1.0,-244.42162760065253,239.39979250554808
0.4,221.2833882270221,high,60,1.0,1.0,1.0,1.0,-248.64797828533557,243.45793599948246
0.4,221.2833882270221,high,61,1.0,1.0,1.0,1.0,-252.58925648763787,247.42797304372942
0.4,221.2833882270221,high,62,1.0,1.0,1.0,1.0,-256.7804617147921,251.47520108356065
0.4,221.2833882270221,high,63,1.0,1.0,1.0,1.0,-261.0306902294768,255.49764475667612
0.4,221.2833882270221,high,64,1.0,1.0,1.0,1.0,-265.15789854595585,259.56143610333834
0.4,221.2833882270221,high,65,1.0,1.0,1.0,1.0,-269.35225372307093,263.60562990527546
0.4,221.2833882270221,high,66,1.0,1.0,1.0,1.0,-273.49523642835663,267.629367604039
0.4,221.2833882270221,high,67,1.0,1.0,1.0,1.0,-277.40623775587113,271.7312776992053
0.4,221.2833882270221,high,68,1.0,1.0,1.0,1.0,-281.7543748510573,275.76535795830137
0.4,221.2833882270221,high,69,1.0,1.0,1.0,1.0,-285.94175447951227,279.8558271264651
0.4,221.2833882270221,high,70,1.0,1.0,1.0,1.0,-289.7889497000123,283.84918134408906
0.4,221.2833882270221,high,71,1.0,1.0,1.0,1.0,-294.0027140609726,287.9245030915089
0.4,221.2833882270221,high,72,1.0,1.0,1.0,1.0,-298.1262875824131,291.9636104730156
0.4,221.2833882270221,high,73,1.0,1.0,1.0,1.0,-302.33329611393754,296.0642560784761
0.4,221.2833882270221,high,74,1.0,1.0,1.0,1.0,-306.3854260051138,300.0766707939169
0.4,221.2833882270221,high,75,1.0,1.0,1.0,1.0,-310.5252206453156,304.1745871325026
0.4,221.2833882270221,high,76,1.0,1.0,1.0,1.0,-314.697916406209,308.21063045118393
0.4,221.2833882270221,high,77,1.0,1.0,1.0,1.0,-318.80585040462495,312.13861460446407
0.4,221.2833882270221,high,78,1.0,1.0,1.0,1.0,-322.7609735315081,316.19262243037565
0.4,221.2833882270221,high,79,1.0,1.0,1.0,1.0,-326.9607855519069,320.22608462072645
0.4,221.2833882270221,high,80,1.0,1.0,1.0,1.0,-331.0540547487581,324.3587516383123
0.4,221.2833882270221,high,81,1.0,1.0,1.0,1.0,-335.24825723733545,328.3656198366739
0.4,221.2833882270221,high,82,1.0,1.0,1.0,1.0,-339.2785510659795,332.4608461490231
0.4,221.2833882270221,high,83,1.0,1.0,1.0,1.0,-343.41510727667765,336.4528137092567
0.4,221.2833882270221,high,84,1.0,1.0,1.0,1.0,-347.49659644725074,340.4831557792222
0.4,221.2833882270221,high,85,1.0,1.0,1.0,1.0,-351.7068955632067,344.4996521326788
0.4,221.2833882270221,high,86,1.0,1.0,1.0,1.0,-355.69192876293704,348.5471733754917
0.4,221.2833882270221,high,87,1.0,1.0,1.0,1.0,-359.87930839139193,352.5961883703135
0.4,221.2833882270221,high,88,1.0,1.0,1.0,1.0,-364.0418529690606,356.58111444487986
0.4,221.2833882270221,high,89,1.0,1.0,1.0,1.0,-368.087227030801,360.64681593510477
0.4,221.2833882270221,high,90,1.0,1.0,1.0,1.0,-372.3009913917612,364.6872507423103
0.4,221.2833882270221,high,91,1.0,1.0,1.0,1.0,-376.3997174318962,368.7672512735963
0.4,221.2833882270221,high,92,1.0,1.0,1.0,1.0,-380.5745107366284,372.79643665815314
0.4,221.2833882270221,high,93,1.0,1.0,1.0,1.0,-384.65522105955836,376.82595867953546
0.4,221.2833882270221,high,94,1.0,1.0,1.0,1.0,-388.7174829459689,380.8544559523542
0.4,221.2833882270221,high,95,1.0,1.0,1.0,1.0,-392.8513322228877,384.8802261190634
0.4,221.2833882270221,high,96,1.0,1.0,1.0,1.0,-397.03793300369955,388.9107788522157
0.4,221.2833882270221,high,97,1.0,1.0,1.0,1.0,-401.0181822622299,392.96643501109537
0.4,221.2833882270221,high,98,1.0,1.0,1.0,1.0,-405.20556189068486,397.0509386147937
0.4,221.2833882270221,high,99,1.0,1.0,1.0,1.0,-409.3112634794799,401.14644874187337
0.4,221.2833882270221,high,100,1.0,1.0,1.0,1.0,-413.38562316961395,405.1488108150588
0.5,7.192567032619706,low,1,0.9318,0.97035,0.951075,0.9318,-6.663793951820409,3.316927743259769
0.5,7.192567032619706,low,2,0.9886,0.9948,0.9917,0.9886,-13.327587903640818,6.363218160514384
0.5,7.192567032619706,low,3,0.9977,0.99725,0.997475,0.99725,-19.991381855461228,9.319398342432455
0.5,7.192567032619706,low,4,0.9992,0.99935,0.9992749999999999,0.9992,-26.655175807281637,12.359208985111009
0.5,7.192567032619706,low,5,0.99975,0.9999,0.999825,0.99975,-29.228587819501463,15.333199453169026
0.5,7.192567032619706,low,6,1.0,0.99995,0.9999750000000001,0.99995,-34.56243336139513,18.37454866097695
0.5,7.192567032619706,low,7,1.0,0.99995,0.9999750000000001,0.99995,-40.10723269438586,21.359877659197956
0.5,7.192567032619706,low,8,1.0,1.0,1.0,1.0,-45.91737248757599,24.367613405871616
0.5,7.192567032619706,low,9,1.0,1.0,1.0,1.0,-51.865583018921036,27.377931500470183
0.5,7.192567032619706,low,10,1.0,1.0,1.0,1.0,-57.432606158367015,30.38142769991501
0.5,7.192567032619706,low,11,1.0,1.0,1.0,1.0,-63.69749542991916,33.37306817909876
0.5,7.192567032619706,low,12,1.0,1.0,1.0,1.0,-69.3149482018053,36.3846414387838
0.5,7.192567032619706,low,13,1.0,1.0,1.0,1.0,-74.43037688660209,39.38917708711473
0.5,7.192567032619706,low,14,1.0,1.0,1.0,1.0,-79.99740002604807,42.40716639680349
0.5,7.192567032619706,low,15,1.0,1.0,1.0,1.0,-85.85709964500492,45.40894632306571
0.5,7.192567032619706,low,16,1.0,1.0,1.0,1.0,-91.40189897799566,48.4249541214024
0.5,7.192567032619706,low,17,1.0,1.0,1.0,1.0,-97.21203877118579,51.39581177673229
0.5,7.192567032619706,low,18,1.0,1.0,1.0,1.0,-102.80148819018132,54.45121160546722
0.5,7.192567032619706,low,19,1.0,1.0,1.0,1.0,-108.52280084204496,57.426579775401244
0.5,7.192567032619706,low,20,1.0,1.0,1.0,1.0,-114.16092870717492,60.44697823421174
0.5,7.192567032619706,low,21,1.0,1.0,1.0,1.0,-119.77683263886684,63.405156292673624
0.5,7.192567032619706,low,22,1.0,1.0,1.0,1.0,-125.37318467974653,66.3832074983819
0.5,7.192567032619706,low,23,1.0,1.0,1.0,1.0,-131.0293425574732,69.38552520725469
0.5,7.192567032619706,low,24,1.0,1.0,1.0,1.0,-136.62591185155156,72.40025859215167
0.5,7.192567032619706,low,25,1.0,1.0,1.0,1.0,-142.36449735243232,75.3686010252716
0.5,7.192567032619706,low,26,1.0,1.0,1.0,1.0,-148.05308119545435,78.40464922988485
0.5,7.192567032619706,low,27,1.0,1.0,1.0,1.0,-153.7911881167435,81.42026237224458
0.5,7.192567032619706,low,28,1.0,1.0,1.0,1.0,-159.22552328847962,84.42339713776526
0.5,7.192567032619706,low,29,1.0,1.0,1.0,1.0,-164.86297212008884,87.42758306689045
0.5,7.192567032619706,low,30,1.0,1.0,1.0,1.0,-170.4908005157958,90.44969345137707
0.5,7.192567032619706,low,31,1.0,1.0,1.0,1.0,-176.09495069649034,93.44160835500978
0.5,7.192567032619706,low,32,1.0,1.0,1.0,1.0,-181.76515166997785,96.40645589877941
0.5,7.192567032619706,low,33,1.0,1.0,1.0,1.0,-187.50064635302923,99.3867236507863
0.5,7.192567032619706,low,34,1.0,1.0,1.0,1.0,-193.1268304542232,102.38502910804084
0.5,7.192567032619706,low,35,1.0,1.0,1.0,1.0,-198.8555854792101,105.34061296830708
0.5,7.192567032619706,low,36,1.0,1.0,1.0,1.0,-204.51226655439893,108.34002446257703
0.5,7.192567032619706,low,37,1.0,1.0,1.0,1.0,-210.16525081703193,111.3424004311524
0.5,7.192567032619706,low,38,1.0,1.0,1.0,1.0,-215.76985506479045,114.36694281541416
0.5,7.192567032619706,low,39,1.0,1.0,1.0,1.0,-221.4464615404513,117.35903827312512
0.5,7.192567032619706,low,40,1.0,1.0,1.0,1.0,-227.08105431933905,120.37718864726423
0.5,7.192567032619706,low,41,1.0,1.0,1.0,1.0,-232.78564056829532,123.36519186505014
0.5,7.192567032619706,low,42,1.0,1.0,1.0,1.0,-238.41321846651968,126.37800893534583
0.5,7.192567032619706,low,43,1.0,1.0,1.0,1.0,-244.01594017980216,129.36761319958745
0.5,7.192567032619706,low,44,1.0,1.0,1.0,1.0,-249.60929257382335,132.3599403875421
0.5,7.192567032619706,low,45,1.0,1.0,1.0,1.0,-255.1363196473593,135.402951899098
0.5,7.192567032619706,low,46,1.0,1.0,1.0,1.0,-260.81192994789126,138.37549979954622
0.5,7.192567032619706,low,47,1.0,1.0,1.0,1.0,-266.45015635894896,141.4126865767942
0.5,7.192567032619706,low,48,1.0,1.0,1.0,1.0,-272.10000160752895,144.39993256511679
0.5,7.192567032619706,low,49,1.0,1.0,1.0,1.0,-277.82591671113886,147.37072845853476
0.5,7.192567032619706,low,50,1.0,1.0,1.0,1.0,-283.5138105611744,150.39104355123095
0.5,7.192567032619706,low,51,1.0,1.0,1.0,1.0,-289.09357305960407,153.40117593732705
0.5,7.192567032619706,low,52,1.0,1.0,1.0,1.0,-294.80014994431207,156.35461684623954
0.5,7.192567032619706,low,53,1.0,1.0,1.0,1.0,-300.348469199716,159.3556717631297
0.5,7.192567032619706,low,54,1.0,1.0,1.0,1.0,-305.98882424997726,162.32900799782996
0.5,7.192567032619706,low,55,1.0,1.0,1.0,1.0,-311.696390121251,165.35100761444272
0.5,7.192567032619706,low,56,1.0,1.0,1.0,1.0,-317.34052593872207,168.32515782195156
0.5,7.192567032619706,low,57,1.0,1.0,1.0,1.0,-323.1013385764078,171.3205505972358
0.5,7.192567032619706,low,58,1.0,1.0,1.0,1.0,-328.7945074592884,174.33632332334756
0.5,7.192567032619706,low,59,1.0,1.0,1.0,1.0,-334.5449128082803,177.31595834058894
0.5,7.192567032619706,low,60,1.0,1.0,1.0,1.0,-340.14318496345356,180.30874619225256
0.5,7.192567032619706,low,61,1.0,1.0,1.0,1.0,-345.6705999160956,183.297169502813
0.5,7.192567032619706,low,62,1.0,1.0,1.0,1.0,-351.3107136144007,186.31866492050722
0.5,7.192567032619706,low,63,1.0,1.0,1.0,1.0,-356.9402602190337,189.336437567127
0.5,7.192567032619706,low,64,1.0,1.0,1.0,1.0,-362.6580975561907,192.35230887458903
0.5,7.192567032619706,low,65,1.0,1.0,1.0,1.0,-368.3584810512999,195.34243076678536
0.5,7.192567032619706,low,66,1.0,1.0,1.0,1.0,-374.0413296255231,198.36087408934938
0.5,7.192567032619706,low,67,1.0,1.0,1.0,1.0,-379.7874269515927,201.4051091608825
0.5,7.192567032619706,low,68,1.0,1.0,1.0,1.0,-385.481613360296,204.39925378972694
0.5,7.192567032619706,low,69,1.0,1.0,1.0,1.0,-391.10514716829823,207.41168533367534
0.5,7.192567032619706,low,70,1.0,1.0,1.0,1.0,-396.751005427448,210.40330838670872
0.5,7.192567032619706,low,71,1.0,1.0,1.0,1.0,-402.3450542764004,213.42126141553777
0.5,7.192567032619706,low,72,1.0,1.0,1.0,1.0,-407.9296003980949,216.38149819151576
0.5,7.192567032619706,low,73,1.0,1.0,1.0,1.0,-413.5938344950933,219.36156962599597
0.5,7.192567032619706,low,74,1.0,1.0,1.0,1.0,-419.223059967384,222.3905882884725
0.5,7.192567032619706,low,75,1.0,1.0,1.0,1.0,-424.8352482260548,225.4276967336645
0.5,7.192567032619706,low,76,1.0,1.0,1.0,1.0,-430.4822600730977,228.38023064155084
0.5,7.192567032619706,low,77,1.0,1.0,1.0,1.0,-436.16953885269476,231.4150765504475
0.5,7.192567032619706,low,78,1.0,1.0,1.0,1.0,-441.86325610209394,234.3811147069248
0.5,7.192567032619706,low,79,1.0,1.0,1.0,1.0,-447.5674373903536,237.38955332154129
0.5,7.192567032619706,low,80,1.0,1.0,1.0,1.0,-453.1123045154761,240.36785829139643
0.5,7.192567032619706,low,81,1.0,1.0,1.0,1.0,-458.75431841599095,243.35708732689133
0.5,7.192567032619706,low,82,1.0,1.0,1.0,1.0,-464.42489434497804,246.30873094520337
0.5,7.192567032619706,low,83,1.0,1.0,1.0,1.0,-470.1706197720866,249.3380703193236
0.5,7.192567032619706,low,84,1.0,1.0,1.0,1.0,-475.73160122605566,252.3081985483006
0.5,7.192567032619706,low,85,1.0,1.0,1.0,1.0,-481.36893931846663,255.2687958337001
0.5,7.192567032619706,low,86,1.0,1.0,1.0,1.0,-486.8959100504031,258.277364330958
0.5,7.192567032619706,low,87,1.0,1.0,1.0,1.0,-492.5415881198893,261.2546986652342
0.5,7.192567032619706,low,88,1.0,1.0,1.0,1.0,-498.10468699498716,264.27925249386044
0.5,7.192567032619706,low,89,1.0,1.0,1.0,1.0,-503.9500500639333,267.2439321265929
0.5,7.192567032619706,low,90,1.0,1.0,1.0,1.0,-509.4080502708279,270.2875232640274
0.5,7.192567032619706,low,91,1.0,1.0,1.0,1.0,-515.1180627709072,273.241925935198
0.5,7.192567032619706,low,92,1.0,1.0,1.0,1.0,-520.908715881837,276.22723765704325
0.5,7.192567032619706,low,93,1.0,1.0,1.0,1.0,-526.5558568974157,279.2672250472132
0.5,7.192567032619706,low,94,1.0,1.0,1.0,1.0,-532.2145803872943,282.24341360383863
0.5,7.192567032619706,low,95,1.0,1.0,1.0,1.0,-537.8653918238151,285.24002060271147
0.5,7.192567032619706,low,96,1.0,1.0,1.0,1.0,-543.6495624379787,288.2320221082539
0.5,7.192567032619706,low,97,1.0,1.0,1.0,1.0,-549.3202883623045,291.20634434252906
0.5,7.192567032619706,low,98,1.0,1.0,1.0,1.0,-555.05848721754,294.27939297685145
0.5,7.192567032619706,low,99,1.0,1.0,1.0,1.0,-560.7232547141316,297.26203162618515
0.5,7.192567032619706,low,100,1.0,1.0,1.0,1.0,-566.3829129776254,300.2813901599361
0.5,30.7992097208144,mid,1,0.94165,0.9847,0.963175,0.94165,-5.285045408862397,3.7431097342166337
0.5,30.7992097208144,mid,2,0.99325,0.98995,0.9916,0.98995,-10.570090817724793,7.1098479053814145
0.5,30.7992097208144,mid,3,0.99655,0.9976,0.997075,0.99655,-15.85513622658719,10.5051547080608
0.5,30.7992097208144,mid,4,0.99935,0.99935,0.99935,0.99935,-21.140181635449586,13.927112718455216
0.5,30.7992097208144,mid,5,0.9997,0.99985,0.9997750000000001,0.9997,-26.42522704431198,17.319752474402236
0.5,30.7992097208144,mid,6,1.0,1.0,1.0,1.0,-31.710272453174376,20.70783955700341
0.5,30.7992097208144,mid,7,0.99995,0.99995,0.99995,0.99995,-33.854488236871035,24.106221325408775
0.5,30.7992097208144,mid,8,1.0,1.0,1.0,1.0,-39.13953364573342,27.47135639326716
0.5,30.7992097208144,mid,9,1.0,1.0,1.0,1.0,-43.09559504152024,30.85839518879168
0.5,30.7992097208144,mid,10,1.0,1.0,1.0,1.0,-48.380640450382636,34.22844740217603
0.5,30.7992097208144,mid,11,1.0,1.0,1.0,1.0,-52.54838360475611,37.66209185531606
0.5,30.7992097208144,mid,12,1.0,1.0,1.0,1.0,-57.13888565601726,41.021832466225746
0.5,30.7992097208144,mid,13,1.0,1.0,1.0,1.0,-62.263560674937466,44.38155629860786
0.5,30.7992097208144,mid,14,1.0,1.0,1.0,1.0,-66.83406031079687,47.804730692164824
0.5,30.7992097208144,mid,15,1.0,1.0,1.0,1.0,-71.66503786952887,51.17927804549298
0.5,30.7992097208144,mid,16,1.0,1.0,1.0,1.0,-76.30759286530522,54.550584989437354
0.5,30.7992097208144,mid,17,1.0,1.0,1.0,1.0,-81.11782643276477,57.90520632272605
0.5,30.7992097208144,mid,18,1.0,1.0,1.0,1.0,-86.10266221644412,61.31228926446331
0.5,30.7992097208144,mid,19,1.0,1.0,1.0,1.0,-90.76803461574447,64.66225460275032
0.5,30.7992097208144,mid,20,1.0,1.0,1.0,1.0,-95.40350313880553,67.98718876682707
0.5,30.7992097208144,mid,21,1.0,1.0,1.0,1.0,-100.07411030759533,71.39125281171792
0.5,30.7992097208144,mid,22,1.0,1.0,1.0,1.0,-104.47838578977982,74.7083157545656
0.5,30.7992097208144,mid,23,1.0,1.0,1.0,1.0,-109.35920050238559,78.1218324909816
0.5,30.7992097208144,mid,24,1.0,1.0,1.0,1.0,-114.09739850669064,81.48850563355481
0.5,30.7992097208144,mid,25,1.0,1.0,1.0,1.0,-118.6879005579518,84.88973787057006
0.5,30.7992097208144,mid,26,1.0,1.0,1.0,1.0,-123.35850772674162,88.2849747962947
0.5,30.7992097208144,mid,27,1.0,1.0,1.0,1.0,-128.16143311246014,91.63735794511032
0.5,30.7992097208144,mid,28,1.0,1.0,1.0,1.0,-132.8112962899775,95.004435928844
0.5,30.7992097208144,mid,29,1.0,1.0,1.0,1.0,-137.40253991710935,98.39306860020712
0.5,30.7992097208144,mid,30,1.0,1.0,1.0,1.0,-142.1725484226365,101.77222061153455
0.5,30.7992097208144,mid,31,1.0,1.0,1.0,1.0,-146.85532848034524,105.13445460918285
0.5,30.7992097208144,mid,32,1.0,1.0,1.0,1.0,-151.6655620478048,108.47168724466349
0.5,30.7992097208144,mid,33,1.0,1.0,1.0,1.0,-156.323042981432,111.86723187522465
0.5,30.7992097208144,mid,34,1.0,1.0,1.0,1.0,-160.98283079032282,115.26525267119243
0.5,30.7992097208144,mid,35,1.0,1.0,1.0,1.0,-165.7395569952589,118.62677656645022
0.5,30.7992097208144,mid,36,1.0,1.0,1.0,1.0,-170.40202840442373,122.03497774492999
0.5,30.7992097208144,mid,37,1.0,1.0,1.0,1.0,-175.09670254996607,125.4180899486858
0.5,30.7992097208144,mid,38,1.0,1.0,1.0,1.0,-179.83490055427112,128.75402867404125
0.5,30.7992097208144,mid,39,1.0,1.0,1.0,1.0,-184.45345477854573,132.18874814251828
0.5,30.7992097208144,mid,40,1.0,1.0,1.0,1.0,-189.1480429220748,135.52472073721214
0.5,30.7992097208144,mid,41,1.0,1.0,1.0,1.0,-193.90258925091115,138.89194279292184
0.5,30.7992097208144,mid,42,1.0,1.0,1.0,1.0,-198.55290491550986,142.29129333402545
0.5,30.7992097208144,mid,43,1.0,1.0,1.0,1.0,-203.19733755403075,145.62330476055826
0.5,30.7992097208144,mid,44,1.0,1.0,1.0,1.0,-207.9502755321494,149.0022147106203
0.5,30.7992097208144,mid,45,1.0,1.0,1.0,1.0,-212.67149311903324,152.3732476563614
0.5,30.7992097208144,mid,46,1.0,1.0,1.0,1.0,-217.36062324281147,155.71475566658359
0.5,30.7992097208144,mid,47,1.0,1.0,1.0,1.0,-222.07521380174228,159.0849310029311
0.5,30.7992097208144,mid,48,1.0,1.0,1.0,1.0,-226.74544744116707,162.48645556764492
0.5,30.7992097208144,mid,49,1.0,1.0,1.0,1.0,-231.4721060924348,165.9087565142949
0.5,30.7992097208144,mid,50,1.0,1.0,1.0,1.0,-236.17090561049775,169.28657478534626
0.5,30.7992097208144,mid,51,1.0,1.0,1.0,1.0,-240.81027665518826,172.6407164997822
0.5,30.7992097208144,mid,52,1.0,1.0,1.0,1.0,-245.49960566606399,175.9794703138189
0.5,30.7992097208144,mid,53,1.0,1.0,1.0,1.0,-250.1709544107245,179.34795951715307
0.5,30.7992097208144,mid,54,1.0,1.0,1.0,1.0,-254.89112576237795,182.73797462810938
0.5,30.7992097208144,mid,55,1.0,1.0,1.0,1.0,-259.558795361418,186.11357496539483
0.5,30.7992097208144,mid,56,1.0,1.0,1.0,1.0,-264.2922846058349,189.41423712044065
0.5,30.7992097208144,mid,57,1.0,1.0,1.0,1.0,-268.9402701406077,192.7935396127035
0.5,30.7992097208144,mid,58,1.0,1.0,1.0,1.0,-273.60318844133997,196.18827933782165
0.5,30.7992097208144,mid,59,1.0,1.0,1.0,1.0,-278.3409740507848,199.55004426728814
0.5,30.7992097208144,mid,60,1.0,1.0,1.0,1.0,-283.01235450398894,202.95540353605662
0.5,30.7992097208144,mid,61,1.0,1.0,1.0,1.0,-287.7242718628198,206.32646718658557
0.5,30.7992097208144,mid,62,1.0,1.0,1.0,1.0,-292.3839399527567,209.72509564027314
0.5,30.7992097208144,mid,63,1.0,1.0,1.0,1.0,-297.1325742309596,213.0921435946808
0.5,30.7992097208144,mid,64,1.0,1.0,1.0,1.0,-301.8574626088838,216.39888617749136
0.5,30.7992097208144,mid,65,1.0,1.0,1.0,1.0,-306.53378705590126,219.77755453958503
0.5,30.7992097208144,mid,66,1.0,1.0,1.0,1.0,-311.2208282467737,223.12961173963623
0.5,30.7992097208144,mid,67,1.0,1.0,1.0,1.0,-315.90403248758923,226.5640461109048
0.5,30.7992097208144,mid,68,1.0,1.0,1.0,1.0,-320.50626669130713,229.8949943084196
0.5,30.7992097208144,mid,69,1.0,1.0,1.0,1.0,-325.1769480669502,233.28168753794841
0.5,30.7992097208144,mid,70,1.0,1.0,1.0,1.0,-329.90739563615534,236.6632662506807
0.5,30.7992097208144,mid,71,1.0,1.0,1.0,1.0,-334.5713062946589,240.07091805457947
0.5,30.7992097208144,mid,72,1.0,1.0,1.0,1.0,-339.27806968775883,243.4313353426873
0.5,30.7992097208144,mid,73,1.0,1.0,1.0,1.0,-343.96681652563746,246.81932692478802
0.5,30.7992097208144,mid,74,1.0,1.0,1.0,1.0,-348.66423140131474,250.21879318452528
0.5,30.7992097208144,mid,75,1.0,1.0,1.0,1.0,-353.3916699714751,253.60483129527643
0.5,30.7992097208144,mid,76,1.0,1.0,1.0,1.0,-358.119274016398,256.98461005404033
0.5,30.7992097208144,mid,77,1.0,1.0,1.0,1.0,-362.86728588217886,260.3783437550761
0.5,30.7992097208144,mid,78,1.0,1.0,1.0,1.0,-367.5495251212593,263.76207034947686
0.5,30.7992097208144,mid,79,1.0,1.0,1.0,1.0,-372.1056293478696,267.08589049407385
0.5,30.7992097208144,mid,80,1.0,1.0,1.0,1.0,-376.81643536516174,270.44956889908605
0.5,30.7992097208144,mid,81,1.0,1.0,1.0,1.0,-381.5323074909795,273.8166450234319
0.5,30.7992097208144,mid,82,1.0,1.0,1.0,1.0,-386.16974309960835,277.179710652112
0.5,30.7992097208144,mid,83,1.0,1.0,1.0,1.0,-390.8481203852284,280.54295810164325
0.5,30.7992097208144,mid,84,1.0,1.0,1.0,1.0,-395.56582164143435,283.94089300189773
0.5,30.7992097208144,mid,85,1.0,1.0,1.0,1.0,-400.2563582638347,287.2951476336882
0.5,30.7992097208144,mid,86,1.0,1.0,1.0,1.0,-405.05596986197236,290.70974260482564
0.5,30.7992097208144,mid,87,1.0,1.0,1.0,1.0,-409.65342367390576,294.02263924878076
0.5,30.7992097208144,mid,88,1.0,1.0,1.0,1.0,-414.407835703782,297.4121425279751
0.5,30.7992097208144,mid,89,1.0,1.0,1.0,1.0,-419.09733861093224,300.7899892866791
0.5,30.7992097208144,mid,90,1.0,1.0,1.0,1.0,-423.7191364579401,304.15584309421376
0.5,30.7992097208144,mid,91,1.0,1.0,1.0,1.0,-428.46888212498254,307.5394102543663
0.5,30.7992097208144,mid,92,1.0,1.0,1.0,1.0,-433.10584864250825,310.91173222415426
0.5,30.7992097208144,mid,93,1.0,1.0,1.0,1.0,-437.8931713258659,314.32443941536553
0.5,30.7992097208144,mid,94,1.0,1.0,1.0,1.0,-442.6156950567872,317.7153441740219
0.5,30.7992097208144,mid,95,1.0,1.0,1.0,1.0,-447.2513824409392,321.05537869527075
0.5,30.7992097208144,mid,96,1.0,1.0,1.0,1.0,-451.9084738506806,324.3990753086657
0.5,30.7992097208144,mid,97,1.0,1.0,1.0,1.0,-456.5997398796307,327.72680522297946
0.5,30.7992097208144,mid,98,1.0,1.0,1.0,1.0,-461.3232807317408,331.1734373517022
0.5,30.7992097208144,mid,99,1.0,1.0,1.0,1.0,-466.0894893552901,334.5254029924504
0.5,30.7992097208144,mid,100,1.0,1.0,1.0,1.0,-470.7997572212174,337.8767907831146
0.5,131.884946657384,high,1,0.9451,0.9793,0.9621999999999999,0.9451,-4.385442096559912,3.8605191352888473
0.5,131.884946657384,high,2,0.9914,0.98105,0.9862249999999999,0.98105,-8.770884193119825,7.344590525376649
0.5,131.884946657384,high,3,0.99575,0.9975,0.9966250000000001,0.99575,-13.156326289679736,10.828661915464451
0.5,131.884946657384,high,4,0.9994,0.99935,0.9993749999999999,0.99935,-17.54176838623965,14.312331050395212
0.5,131.884946657384,high,5,0.99945,0.9998,0.999625,0.99945,-21.927210482799563,17.779827603542337
0.5,131.884946657384,high,6,0.99995,1.0,0.9999750000000001,0.99995,-26.312652579359476,21.255258002954363
0.5,131.884946657384,high,7,0.99995,1.0,0.9999750000000001,0.99995,-30.69809467591939,24.74806102208179
0.5,131.884946657384,high,8,1.0,1.0,1.0,1.0,-35.0835367724793,28.231915484447686
0.5,131.884946657384,high,9,1.0,1.0,1.0,1.0,-39.46897886903921,31.718326339611743
0.5,131.884946657384,high,10,1.0,1.0,1.0,1.0,-40.16639986634797,35.15665784724169
0.5,131.884946657384,high,11,1.0,1.0,1.0,1.0,-44.55184196290788,38.60260838286118
0.5,131.884946657384,high,12,1.0,1.0,1.0,1.0,-48.93728405946779,42.074499080051915
0.5,131.884946657384,high,13,1.0,1.0,1.0,1.0,-52.206291525096056,45.526074738633895
0.5,131.884946657384,high,14,1.0,1.0,1.0,1.0,-56.59173362165597,48.97482678661463
0.5,131.884946657384,high,15,1.0,1.0,1.0,1.0,-60.12169857933337,52.46941786552277
0.5,131.884946657384,high,16,1.0,1.0,1.0,1.0,-64.50714067589327,55.906672914335964
0.5,131.884946657384,high,17,1.0,1.0,1.0,1.0,-68.89258277245318,59.34108390014612
0.5,131.884946657384,high,18,1.0,1.0,1.0,1.0,-72.56370434233145,62.80944211053105
0.5,131.884946657384,high,19,1.0,1.0,1.0,1.0,-76.37877334845152,66.28578570513892
0.5,131.884946657384,high,20,1.0,1.0,1.0,1.0,-80.76421544501142,69.7369983188224
0.5,131.884946657384,high,21,1.0,1.0,1.0,1.0,-84.62340408679587,73.15456565745004
0.5,131.884946657384,high,22,1.0,1.0,1.0,1.0,-89.00884618335577,76.57681792749696
0.5,131.884946657384,high,23,1.0,1.0,1.0,1.0,-92.61920698902924,79.99457462907623
0.5,131.884946657384,high,24,1.0,1.0,1.0,1.0,-96.75813348800393,83.48108736545481
0.5,131.884946657384,high,25,1.0,1.0,1.0,1.0,-100.88549381761453,86.94196914436003
0.5,131.884946657384,high,26,1.0,1.0,1.0,1.0,-104.67354054224124,90.43413387044737
0.5,131.884946657384,high,27,1.0,1.0,1.0,1.0,-108.34466211211951,93.84358806952693
0.5,131.884946657384,high,28,1.0,1.0,1.0,1.0,-112.32799010442942,97.30976891811719
0.5,131.884946657384,high,29,1.0,1.0,1.0,1.0,-116.54517321479948,100.74551192272983
0.5,131.884946657384,high,30,1.0,1.0,1.0,1.0,-120.38455377086758,104.13198773387371
0.5,131.884946657384,high,31,1.0,1.0,1.0,1.0,-124.19962277698765,107.61874490205363
0.5,131.884946657384,high,32,1.0,1.0,1.0,1.0,-128.29996082510488,111.119941048058
0.5,131.884946657384,high,33,1.0,1.0,1.0,1.0,-132.28100949084268,114.52082604771616
0.5,131.884946657384,high,34,1.0,1.0,1.0,1.0,-136.4310620662065,117.95300389524232
0.5,131.884946657384,high,35,1.0,1.0,1.0,1.0,-140.3596605695693,121.45108607789602
0.5,131.884946657384,high,36,1.0,1.0,1.0,1.0,-144.32090114959072,124.85254710036043
0.5,131.884946657384,high,37,1.0,1.0,1.0,1.0,-148.3554634718026,128.35233046403744
0.5,131.884946657384,high,38,1.0,1.0,1.0,1.0,-152.236308203828,131.82982179434885
0.5,131.884946657384,high,39,1.0,1.0,1.0,1.0,-156.16551154065556,135.2384275521659
0.5,131.884946657384,high,40,1.0,1.0,1.0,1.0,-160.14883953296547,138.68305756529614
0.5,131.884946657384,high,41,1.0,1.0,1.0,1.0,-164.08091859489286,142.14226742373324
0.5,131.884946657384,high,42,1.0,1.0,1.0,1.0,-168.07309333701974,145.59975863298556
0.5,131.884946657384,high,43,1.0,1.0,1.0,1.0,-172.02047220552365,149.0877794748505
0.5,131.884946657384,high,44,1.0,1.0,1.0,1.0,-175.9744985897681,152.48936596703996
0.5,131.884946657384,high,45,1.0,1.0,1.0,1.0,-179.93587925976095,155.89588319014467
0.5,131.884946657384,high,46,1.0,1.0,1.0,1.0,-183.8899056440054,159.3357077595499
0.5,131.884946657384,high,47,1.0,1.0,1.0,1.0,-188.01225101191542,162.81235778200073
0.5,131.884946657384,high,48,1.0,1.0,1.0,1.0,-191.94646931044352,166.24004829805932
0.5,131.884946657384,high,49,1.0,1.0,1.0,1.0,-195.9297973027534,169.70220915794187
0.5,131.884946657384,high,50,1.0,1.0,1.0,1.0,-199.8672425559332,173.18878460099802
0.5,131.884946657384,high,51,1.0,1.0,1.0,1.0,-203.85405110680767,176.64958625910458
0.5,131.884946657384,high,52,1.0,1.0,1.0,1.0,-207.85773836158398,180.10880804758068
0.5,131.884946657384,high,53,1.0,1.0,1.0,1.0,-211.82103676477763,183.5480920090082
0.5,131.884946657384,high,54,1.0,1.0,1.0,1.0,-215.7168370295489,186.97791891645375
0.5,131.884946657384,high,55,1.0,1.0,1.0,1.0,-219.6708634137933,190.43859649858877
0.5,131.884946657384,high,56,1.0,1.0,1.0,1.0,-223.70051027584407,193.7923749355739
0.5,131.884946657384,high,57,1.0,1.0,1.0,1.0,-227.64669582158027,197.24877579032022
0.5,131.884946657384,high,58,1.0,1.0,1.0,1.0,-231.65422411775825,200.74678025935413
0.5,131.884946657384,high,59,1.0,1.0,1.0,1.0,-235.64283413446876,204.21978543457203
0.5,131.884946657384,high,60,1.0,1.0,1.0,1.0,-239.6865874803283,207.6244572919447
0.5,131.884946657384,high,61,1.0,1.0,1.0,1.0,-243.67909763311033,211.1317277789031
0.5,131.884946657384,high,62,1.0,1.0,1.0,1.0,-247.6800847810165,214.59934521306184
0.5,131.884946657384,high,63,1.0,1.0,1.0,1.0,-251.59433698202002,218.07056004491733
0.5,131.884946657384,high,64,1.0,1.0,1.0,1.0,-255.5981328474541,221.54778481253894
0.5,131.884946657384,high,65,1.0,1.0,1.0,1.0,-259.5791815131919,225.04237838264623
0.5,131.884946657384,high,66,1.0,1.0,1.0,1.0,-263.5120619928937,228.42671130367557
0.5,131.884946657384,high,67,1.0,1.0,1.0,1.0,-267.46976552001234,231.86600137203976
0.5,131.884946657384,high,68,1.0,1.0,1.0,1.0,-271.4530935123223,235.2712294172917
0.5,131.884946657384,high,69,1.0,1.0,1.0,1.0,-275.46754525011636,238.78671190659645
0.5,131.884946657384,high,70,1.0,1.0,1.0,1.0,-279.4182999948651,242.231576477353
0.5,131.884946657384,high,71,1.0,1.0,1.0,1.0,-283.3490377348286,245.6204851315945
0.5,131.884946657384,high,72,1.0,1.0,1.0,1.0,-287.3556543714194,249.07653330124816
0.5,131.884946657384,high,73,1.0,1.0,1.0,1.0,-291.3005585926675,252.60723828178482
0.5,131.884946657384,high,74,1.0,1.0,1.0,1.0,-295.2675808670922,256.07459610267614
0.5,131.884946657384,high,75,1.0,1.0,1.0,1.0,-299.21905972423855,259.4931667933479
0.5,131.884946657384,high,76,1.0,1.0,1.0,1.0,-303.1609005090411,262.99489789451707
0.5,131.884946657384,high,77,1.0,1.0,1.0,1.0,-307.1589807219957,266.4262663462557
0.5,131.884946657384,high,78,1.0,1.0,1.0,1.0,-311.19285442626733,269.8865905620929
0.5,131.884946657384,high,79,1.0,1.0,1.0,1.0,-315.23031649078973,273.2218347714954
0.5,131.884946657384,high,80,1.0,1.0,1.0,1.0,-319.2018234091308,276.7317774899034
0.5,131.884946657384,high,81,1.0,1.0,1.0,1.0,-323.15642022692396,280.1954746239812
0.5,131.884946657384,high,82,1.0,1.0,1.0,1.0,-327.12278806581884,283.6000892401323
0.5,131.884946657384,high,83,1.0,1.0,1.0,1.0,-331.12558135014734,287.048400452763
0.5,131.884946657384,high,84,1.0,1.0,1.0,1.0,-335.08902424223254,290.47554288502727
0.5,131.884946657384,high,85,1.0,1.0,1.0,1.0,-339.0882826940866,294.00559147178046
0.5,131.884946657384,high,86,1.0,1.0,1.0,1.0,-343.09625976830506,297.4336018160378
0.5,131.884946657384,high,87,1.0,1.0,1.0,1.0,-347.0205093575559,300.84161650112264
0.5,131.884946657384,high,88,1.0,1.0,1.0,1.0,-351.0333239831899,304.3384439229786
0.5,131.884946657384,high,89,1.0,1.0,1.0,1.0,-355.05490071064673,307.785867977933
0.5,131.884946657384,high,90,1.0,1.0,1.0,1.0,-358.98697977257416,311.28536589993496
0.5,131.884946657384,high,91,1.0,1.0,1.0,1.0,-362.9432053908951,314.75884417612946
0.5,131.884946657384,high,92,1.0,1.0,1.0,1.0,-366.92987414035974,318.18592676799386
0.5,131.884946657384,high,93,1.0,1.0,1.0,1.0,-370.9424813940891,321.68697479873265
0.5,131.884946657384,high,94,1.0,1.0,1.0,1.0,-374.9188422397368,325.0768437939364
0.5,131.884946657384,high,95,1.0,1.0,1.0,1.0,-378.9102775479208,328.5136447639122
0.5,131.884946657384,high,96,1.0,1.0,1.0,1.0,-382.8873341465825,331.93429937637046
0.5,131.884946657384,high,97,1.0,1.0,1.0,1.0,-386.7974236946651,335.3568393516525
0.5,131.884946657384,high,98,1.0,1.0,1.0,1.0,-390.8223028316713,338.7883644847526
0.5,131.884946657384,high,99,1.0,1.0,1.0,1.0,-394.81639564870386,342.2354059148496
0.5,131.884946657384,high,100,1.0,1.0,1.0,1.0,-398.7600808308939,345.7793948176956
0.75,9.227137897509262,low,1,0.8542,0.96415,0.909175,0.8542,-6.102573676195888,2.4035990165542005
0.75,9.227137897509262,low,2,0.96095,0.9841,0.972525,0.96095,-9.418096330804783,4.491841884879817
0.75,9.227137897509262,low,3,0.9887,0.9916,0.9901500000000001,0.9887,-12.821409133787474,6.633598493416628
0.75,9.227137897509262,low,4,0.9951,0.99705,0.996075,0.9951,-17.556557397461702,8.736762060340546
0.75,9.227137897509262,low,5,0.99795,0.99855,0.9982500000000001,0.99795,-22.239505464592256,10.895879670706593
0.75,9.227137897509262,low,6,0.99925,0.9994,0.999325,0.99925,-26.302832822144126,12.990400179252429
0.75,9.227137897509262,low,7,0.9998,0.99965,0.999725,0.99965,-30.33544148708671,15.118423407367986
0.75,9.227137897509262,low,8,0.99985,0.99975,0.9998,0.99975,-34.6067147011033,17.24073753651568
0.75,9.227137897509262,low,9,1.0,0.9999,0.99995,0.9999,-39.035845626064216,19.304542220259172
0.75,9.227137897509262,low,10,1.0,0.99995,0.9999750000000001,0.99995,-43.29285037504343,21.40775007865809
0.75,9.227137897509262,low,11,1.0,1.0,1.0,1.0,-47.4431777607315,23.48106875390425
0.75,9.227137897509262,low,12,1.0,0.99995,0.9999750000000001,0.99995,-51.80262948923361,25.590221883992733
0.75,9.227137897509262,low,13,1.0,1.0,1.0,1.0,-56.08693749772283,27.733657090078907
0.75,9.227137897509262,low,14,1.0,1.0,1.0,1.0,-60.174620878971226,29.874516188304387
0.75,9.227137897509262,low,15,1.0,1.0,1.0,1.0,-64.651798956811,31.97921441830419
0.75,9.227137897509262,low,16,1.0,1.0,1.0,1.0,-68.85785325974356,34.052475876352034
0.75,9.227137897509262,low,17,1.0,1.0,1.0,1.0,-73.135251172587,36.15127319567621
0.75,9.227137897509262,low,18,1.0,1.0,1.0,1.0,-77.38617522018083,38.24687689868482
0.75,9.227137897509262,low,19,1.0,1.0,1.0,1.0,-81.61180675419948,40.33261360347461
0.75,9.227137897509262,low,20,1.0,1.0,1.0,1.0,-85.94761311952266,42.48761122614158
0.75,9.227137897509262,low,21,1.0,1.0,1.0,1.0,-90.04545380853779,44.60306296714107
0.75,9.227137897509262,low,22,1.0,1.0,1.0,1.0,-94.39315628250117,46.685358011874854
0.75,9.227137897509262,low,23,1.0,1.0,1.0,1.0,-98.65112990511865,48.76477054132806
0.75,9.227137897509262,low,24,1.0,1.0,1.0,1.0,-103.00907146628568,50.87975735709162
0.75,9.227137897509262,low,25,1.0,1.0,1.0,1.0,-107.23330330122506,52.99106441682845
0.75,9.227137897509262,low,26,1.0,1.0,1.0,1.0,-111.43482687211284,55.08552278510571
0.75,9.227137897509262,low,27,1.0,1.0,1.0,1.0,-115.60504085898701,57.19095928234536
0.75,9.227137897509262,low,28,1.0,1.0,1.0,1.0,-119.82267806543148,59.31170283494015
0.75,9.227137897509262,low,29,1.0,1.0,1.0,1.0,-124.05611919932147,61.44563800516745
0.75,9.227137897509262,low,30,1.0,1.0,1.0,1.0,-128.39517940786206,63.54985816885263
0.75,9.227137897509262,low,31,1.0,1.0,1.0,1.0,-132.50326839730997,65.653955662301
0.75,9.227137897509262,low,32,1.0,1.0,1.0,1.0,-136.82512341362678,67.77526259426405
0.75,9.227137897509262,low,33,1.0,1.0,1.0,1.0,-141.2295568980673,69.85505372465971
0.75,9.227137897509262,low,34,1.0,1.0,1.0,1.0,-145.36931425142652,71.90730500443445
0.75,9.227137897509262,low,35,1.0,1.0,1.0,1.0,-149.6706223822056,74.0518392829056
0.75,9.227137897509262,low,36,1.0,1.0,1.0,1.0,-154.00654592862077,76.17395421102623
0.75,9.227137897509262,low,37,1.0,1.0,1.0,1.0,-158.09740283601843,78.29650816558112
0.75,9.227137897509262,low,38,1.0,1.0,1.0,1.0,-162.4237916492429,80.35536343755452
0.75,9.227137897509262,low,39,1.0,1.0,1.0,1.0,-166.6419791055351,82.45494720275877
0.75,9.227137897509262,low,40,1.0,1.0,1.0,1.0,-171.09373417956314,84.57198186302858
0.75,9.227137897509262,low,41,1.0,1.0,1.0,1.0,-175.16463320839551,86.68299287633383
0.75,9.227137897509262,low,42,1.0,1.0,1.0,1.0,-179.48728302830176,88.80467258440567
0.75,9.227137897509262,low,43,1.0,1.0,1.0,1.0,-183.78868749615629,90.87149771878659
0.75,9.227137897509262,low,44,1.0,1.0,1.0,1.0,-188.17704950355176,92.95756069447644
0.75,9.227137897509262,low,45,1.0,1.0,1.0,1.0,-192.29720386824349,95.06947489635402
0.75,9.227137897509262,low,46,1.0,1.0,1.0,1.0,-196.43653247197616,97.18303602562179
0.75,9.227137897509262,low,47,1.0,1.0,1.0,1.0,-200.71994880847726,99.28263487182144
0.75,9.227137897509262,low,48,1.0,1.0,1.0,1.0,-205.16183719218236,101.40140741713311
0.75,9.227137897509262,low,49,1.0,1.0,1.0,1.0,-209.3664883952795,103.5546548903461
0.75,9.227137897509262,low,50,1.0,1.0,1.0,1.0,-213.58095698796052,105.69065908246478
0.75,9.227137897509262,low,51,1.0,1.0,1.0,1.0,-217.67687047793595,107.77314196711423
0.75,9.227137897509262,low,52,1.0,1.0,1.0,1.0,-222.10815343348304,109.8396092450296
0.75,9.227137897509262,low,53,1.0,1.0,1.0,1.0,-226.29545128015332,111.93264098475142
0.75,9.227137897509262,low,54,1.0,1.0,1.0,1.0,-230.52861914809304,114.04165506626367
0.75,9.227137897509262,low,55,1.0,1.0,1.0,1.0,-234.854754513825,116.13507810269583
0.75,9.227137897509262,low,56,1.0,1.0,1.0,1.0,-238.89139208653452,118.31083533933256
0.75,9.227137897509262,low,57,1.0,1.0,1.0,1.0,-243.08806618476152,120.36717673205433
0.75,9.227137897509262,low,58,1.0,1.0,1.0,1.0,-247.41373791133688,122.50584039719197
0.75,9.227137897509262,low,59,1.0,1.0,1.0,1.0,-251.71831814748143,124.61812408869415
0.75,9.227137897509262,low,60,1.0,1.0,1.0,1.0,-255.98159789804856,126.69843745784834
0.75,9.227137897509262,low,61,1.0,1.0,1.0,1.0,-260.3491246049615,128.77958848555147
0.75,9.227137897509262,low,62,1.0,1.0,1.0,1.0,-264.4489499330164,130.87983936337466
0.75,9.227137897509262,low,63,1.0,1.0,1.0,1.0,-268.7788767389308,133.01921092613318
0.75,9.227137897509262,low,64,1.0,1.0,1.0,1.0,-273.0185090236259,135.14033417737318
0.75,9.227137897509262,low,65,1.0,1.0,1.0,1.0,-277.21453530709636,137.27200369742172
0.75,9.227137897509262,low,66,1.0,1.0,1.0,1.0,-281.51745134450147,139.36652360167506
0.75,9.227137897509262,low,67,1.0,1.0,1.0,1.0,-285.6631771337503,141.4228964647441
0.75,9.227137897509262,low,68,1.0,1.0,1.0,1.0,-289.8992573767416,143.52885057155572
0.75,9.227137897509262,low,69,1.0,1.0,1.0,1.0,-294.1905632989327,145.635878559621
0.75,9.227137897509262,low,70,1.0,1.0,1.0,1.0,-298.3663990145477,147.7391472555818
0.75,9.227137897509262,low,71,1.0,1.0,1.0,1.0,-302.6326759581312,149.77803995896647
0.75,9.227137897509262,low,72,1.0,1.0,1.0,1.0,-306.8206453626573,151.91564825082366
0.75,9.227137897509262,low,73,1.0,1.0,1.0,1.0,-311.0988962631827,154.02702226226873
0.75,9.227137897509262,low,74,1.0,1.0,1.0,1.0,-315.39824121244317,156.14835438618343
0.75,9.227137897509262,low,75,1.0,1.0,1.0,1.0,-319.6927622424865,158.25119933769125
0.75,9.227137897509262,low,76,1.0,1.0,1.0,1.0,-323.8567950208834,160.33752587529887
0.75,9.227137897509262,low,77,1.0,1.0,1.0,1.0,-328.1470038843927,162.52663325306003
0.75,9.227137897509262,low,78,1.0,1.0,1.0,1.0,-332.3766592835568,164.58587935189723
0.75,9.227137897509262,low,79,1.0,1.0,1.0,1.0,-336.58894708271964,166.6615846431488
0.75,9.227137897509262,low,80,1.0,1.0,1.0,1.0,-340.8628042609025,168.79805239319052
0.75,9.227137897509262,low,81,1.0,1.0,1.0,1.0,-345.20062385081496,170.96608679137182
0.75,9.227137897509262,low,82,1.0,1.0,1.0,1.0,-349.50072188949014,173.04404554032578
0.75,9.227137897509262,low,83,1.0,1.0,1.0,1.0,-353.5604395170682,175.1231162440527
0.75,9.227137897509262,low,84,1.0,1.0,1.0,1.0,-358.00478374186616,177.22729491486294
0.75,9.227137897509262,low,85,1.0,1.0,1.0,1.0,-362.1637833521411,179.30115675090727
0.75,9.227137897509262,low,86,1.0,1.0,1.0,1.0,-366.51634829706086,181.39963977990067
0.75,9.227137897509262,low,87,1.0,1.0,1.0,1.0,-370.6786511466531,183.47778501307315
0.75,9.227137897509262,low,88,1.0,1.0,1.0,1.0,-374.97634655448746,185.6260736724896
0.75,9.227137897509262,low,89,1.0,1.0,1.0,1.0,-379.12779538478134,187.7262682607422
0.75,9.227137897509262,low,90,1.0,1.0,1.0,1.0,-383.355450841266,189.83012567123623
0.75,9.227137897509262,low,91,1.0,1.0,1.0,1.0,-387.67136101227084,191.93395186766463
0.75,9.227137897509262,low,92,1.0,1.0,1.0,1.0,-391.9933492708049,194.06507937316184
0.75,9.227137897509262,low,93,1.0,1.0,1.0,1.0,-396.2055385916109,196.21963949009273
0.75,9.227137897509262,low,94,1.0,1.0,1.0,1.0,-400.4735055683015,198.30277783955387
0.75,9.227137897509262,low,95,1.0,1.0,1.0,1.0,-404.61663179630176,200.42357281770296
0.75,9.227137897509262,low,96,1.0,1.0,1.0,1.0,-408.7611946265208,202.49079846092292
0.75,9.227137897509262,low,97,1.0,1.0,1.0,1.0,-413.13097254651086,204.60044061194606
0.75,9.227137897509262,low,98,1.0,1.0,1.0,1.0,-417.52229112363966,206.70855495233045
0.75,9.227137897509262,low,99,1.0,1.0,1.0,1.0,-421.80650894020835,208.81759669240927
0.75,9.227137897509262,low,100,1.0,1.0,1.0,1.0,-426.01977083511326,210.9032065256615
0.75,21.139270784249224,mid,1,0.86835,0.95725,0.9128000000000001,0.86835,-5.981506779694727,2.582435457310507
0.75,21.139270784249224,mid,2,0.9655,0.98445,0.974975,0.9655,-9.083431201762533,4.830057206579072
0.75,21.139270784249224,mid,3,0.98975,0.9925,0.991125,0.98975,-13.314257418890996,7.077678955847638
0.75,21.139270784249224,mid,4,0.9953,0.9967,0.996,0.9953,-17.621561515390358,9.352660772509548
0.75,21.139270784249224,mid,5,0.9985,0.99865,0.998575,0.9985,-22.040145992671018,11.625667563873517
0.75,21.139270784249224,mid,6,0.9994,0.9994,0.9994,0.9994,-26.668365913401818,13.865693856635836
0.75,21.139270784249224,mid,7,0.99985,0.99975,0.9998,0.99975,-30.761836571272873,16.129100945096674
0.75,21.139270784249224,mid,8,0.9999,0.99985,0.9998750000000001,0.99985,-35.06227010453429,18.38665810061871
0.75,21.139270784249224,mid,9,0.99995,0.99995,0.99995,0.99995,-39.29309632166275,20.612592911113246
0.75,21.139270784249224,mid,10,0.99995,0.99995,0.99995,0.99995,-43.60040041816211,22.876187585131653
0.75,21.139270784249224,mid,11,1.0,0.99995,0.9999750000000001,0.99995,-47.89177035314382,25.127184929589255
0.75,21.139270784249224,mid,12,1.0,0.99995,0.9999750000000001,0.99995,-52.245902146357636,27.403052371661442
0.75,21.139270784249224,mid,13,1.0,1.0,1.0,1.0,-56.53364176485031,29.626683501525374
0.75,21.139270784249224,mid,14,1.0,1.0,1.0,1.0,-60.7878452745897,31.882727950069224
0.75,21.139270784249224,mid,15,1.0,1.0,1.0,1.0,-65.13801933978613,34.14350527739536
0.75,21.139270784249224,mid,16,1.0,1.0,1.0,1.0,-69.39963669244014,36.38699799062108
0.75,21.139270784249224,mid,17,1.0,1.0,1.0,1.0,-73.71581091377713,38.637946205928216
0.75,21.139270784249224,mid,18,1.0,1.0,1.0,1.0,-78.03173586243301,40.87701066893459
0.75,21.139270784249224,mid,19,1.0,1.0,1.0,1.0,-82.38758488511587,43.14042584323252
0.75,21.139270784249224,mid,20,1.0,1.0,1.0,1.0,-86.70615840563008,45.40620636489812
0.75,21.139270784249224,mid,21,1.0,1.0,1.0,1.0,-90.93828977738715,47.651306501199336
0.75,21.139270784249224,mid,22,1.0,1.0,1.0,1.0,-95.19987648886189,49.88874598597123
0.75,21.139270784249224,mid,23,1.0,1.0,1.0,1.0,-99.53295456011668,52.158927315919186
0.75,21.139270784249224,mid,24,1.0,1.0,1.0,1.0,-103.915277515942,54.40630666729581
0.75,21.139270784249224,mid,25,1.0,1.0,1.0,1.0,-108.15793186877586,56.6419815404999
0.75,21.139270784249224,mid,26,1.0,1.0,1.0,1.0,-112.42965296785864,58.88104035931627
0.75,21.139270784249224,mid,27,1.0,1.0,1.0,1.0,-116.81930989655484,61.15873370046637
0.75,21.139270784249224,mid,28,1.0,1.0,1.0,1.0,-121.06059534409782,63.385200926817504
0.75,21.139270784249224,mid,29,1.0,1.0,1.0,1.0,-125.34059231375846,65.66188422493002
0.75,21.139270784249224,mid,30,1.0,1.0,1.0,1.0,-129.65127988883177,67.85589205752298
0.75,21.139270784249224,mid,31,1.0,1.0,1.0,1.0,-133.9446379822686,70.15297323035014
0.75,21.139270784249224,mid,32,1.0,1.0,1.0,1.0,-138.19571393457773,72.38505830354933
0.75,21.139270784249224,mid,33,1.0,1.0,1.0,1.0,-142.52367372576697,74.63728187802394
0.75,21.139270784249224,mid,34,1.0,1.0,1.0,1.0,-146.85648948554103,76.9117643911987
0.75,21.139270784249224,mid,35,1.0,1.0,1.0,1.0,-151.0222243579046,79.16252255668164
0.75,21.139270784249224,mid,36,1.0,1.0,1.0,1.0,-155.3411484166889,81.41301318190456
0.75,21.139270784249224,mid,37,1.0,1.0,1.0,1.0,-159.62787529827494,83.70606198916985
0.75,21.139270784249224,mid,38,1.0,1.0,1.0,1.0,-163.99623987259713,85.94162472203723
0.75,21.139270784249224,mid,39,1.0,1.0,1.0,1.0,-168.26294523838357,88.17214701173215
0.75,21.139270784249224,mid,40,1.0,1.0,1.0,1.0,-172.58500349847597,90.42968145603052
0.75,21.139270784249224,mid,41,1.0,1.0,1.0,1.0,-176.84817343229906,92.68513080626204
0.75,21.139270784249224,mid,42,1.0,1.0,1.0,1.0,-181.07633475635794,94.97425418042339
0.75,21.139270784249224,mid,43,1.0,1.0,1.0,1.0,-185.45442574151826,97.24998079014573
0.75,21.139270784249224,mid,44,1.0,1.0,1.0,1.0,-189.72786821080746,99.4735169128293
0.75,21.139270784249224,mid,45,1.0,1.0,1.0,1.0,-193.91619029495942,101.70979136916151
0.75,21.139270784249224,mid,46,1.0,1.0,1.0,1.0,-198.23075119486367,103.95397064169433
0.75,21.139270784249224,mid,47,1.0,1.0,1.0,1.0,-202.50070573778,106.2151388934719
0.75,21.139270784249224,mid,48,1.0,1.0,1.0,1.0,-206.85665657522583,108.42639398346068
0.75,21.139270784249224,mid,49,1.0,1.0,1.0,1.0,-210.88624781232625,110.73201600656463
0.75,21.139270784249224,mid,50,1.0,1.0,1.0,1.0,-215.25776673250448,112.98475104077299
0.75,21.139270784249224,mid,51,1.0,1.0,1.0,1.0,-219.5031761426813,115.23727364990064
0.75,21.139270784249224,mid,52,1.0,1.0,1.0,1.0,-223.8802450828884,117.48829449693675
0.75,21.139270784249224,mid,53,1.0,1.0,1.0,1.0,-228.12891822233237,119.77220648889417
0.75,21.139270784249224,mid,54,1.0,1.0,1.0,1.0,-232.50454691336085,121.99394789614533
0.75,21.139270784249224,mid,55,1.0,1.0,1.0,1.0,-236.74361195107724,124.27372704731002
0.75,21.139270784249224,mid,56,1.0,1.0,1.0,1.0,-240.96879828539346,126.47280695426662
0.75,21.139270784249224,mid,57,1.0,1.0,1.0,1.0,-245.23624615808316,128.7520669836654
0.75,21.139270784249224,mid,58,1.0,1.0,1.0,1.0,-249.52976818758262,131.01811071207595
0.75,21.139270784249224,mid,59,1.0,1.0,1.0,1.0,-253.87247973970454,133.2379403504466
0.75,21.139270784249224,mid,60,1.0,1.0,1.0,1.0,-258.109296058035,135.45352896797488
0.75,21.139270784249224,mid,61,1.0,1.0,1.0,1.0,-262.3571613584377,137.66267745771827
0.75,21.139270784249224,mid,62,1.0,1.0,1.0,1.0,-266.715043236871,139.91447660949865
0.75,21.139270784249224,mid,63,1.0,1.0,1.0,1.0,-270.9493277789254,142.16855312636537
0.75,21.139270784249224,mid,64,1.0,1.0,1.0,1.0,-275.3501448646066,144.37995922608292
0.75,21.139270784249224,mid,65,1.0,1.0,1.0,1.0,-279.6740864447928,146.63824602319482
0.75,21.139270784249224,mid,66,1.0,1.0,1.0,1.0,-283.7983937812112,148.9541343590119
0.75,21.139270784249224,mid,67,1.0,1.0,1.0,1.0,-288.0461852219331,151.15709737728986
0.75,21.139270784249224,mid,68,1.0,1.0,1.0,1.0,-292.3108915071481,153.4097965681218
0.75,21.139270784249224,mid,69,1.0,1.0,1.0,1.0,-296.78511291209406,155.66399229155695
0.75,21.139270784249224,mid,70,1.0,1.0,1.0,1.0,-301.0488410638829,157.90775656935267
0.75,21.139270784249224,mid,71,1.0,1.0,1.0,1.0,-305.3645924342116,160.25757733596637
0.75,21.139270784249224,mid,72,1.0,1.0,1.0,1.0,-309.7478641742815,162.4527653952834
0.75,21.139270784249224,mid,73,1.0,1.0,1.0,1.0,-314.0661899122042,164.70161920470557
0.75,21.139270784249224,mid,74,1.0,1.0,1.0,1.0,-318.4243239822891,166.95403826300065
0.75,21.139270784249224,mid,75,1.0,1.0,1.0,1.0,-322.5888176071685,169.20642501519364
0.75,21.139270784249224,mid,76,1.0,1.0,1.0,1.0,-326.7152441307449,171.4444726776413
0.75,21.139270784249224,mid,77,1.0,1.0,1.0,1.0,-331.1305129693079,173.65992506467484
0.75,21.139270784249224,mid,78,1.0,1.0,1.0,1.0,-335.4383386793957,175.89611054666375
0.75,21.139270784249224,mid,79,1.0,1.0,1.0,1.0,-339.82022499897226,178.13165271206992
0.75,21.139270784249224,mid,80,1.0,1.0,1.0,1.0,-343.9979170221982,180.37367862708751
0.75,21.139270784249224,mid,81,1.0,1.0,1.0,1.0,-348.28670252898615,182.61345041271665
0.75,21.139270784249224,mid,82,1.0,1.0,1.0,1.0,-352.64716305483194,184.9209016610161
0.75,21.139270784249224,mid,83,1.0,1.0,1.0,1.0,-357.0574485550095,187.1111944460265
0.75,21.139270784249224,mid,84,1.0,1.0,1.0,1.0,-361.2420856009401,189.39763107613572
0.75,21.139270784249224,mid,85,1.0,1.0,1.0,1.0,-365.50141510655874,191.63689948513434
0.75,21.139270784249224,mid,86,1.0,1.0,1.0,1.0,-369.8950821697624,193.92543366070575
0.75,21.139270784249224,mid,87,1.0,1.0,1.0,1.0,-374.2651374073434,196.1937468595805
0.75,21.139270784249224,mid,88,1.0,1.0,1.0,1.0,-378.53107092676646,198.43555995116702
0.75,21.139270784249224,mid,89,1.0,1.0,1.0,1.0,-382.6772847735668,200.65302304457964
0.75,21.139270784249224,mid,90,1.0,1.0,1.0,1.0,-387.05500080067185,202.94911874125347
0.75,21.139270784249224,mid,91,1.0,1.0,1.0,1.0,-391.3861053409325,205.16660699359716
0.75,21.139270784249224,mid,92,1.0,1.0,1.0,1.0,-395.74015957639415,207.44406224906874
0.75,21.139270784249224,mid,93,1.0,1.0,1.0,1.0,-399.7924503503695,209.6847962064166
0.75,21.139270784249224,mid,94,1.0,1.0,1.0,1.0,-404.24515857557236,211.9067518205935
0.75,21.139270784249224,mid,95,1.0,1.0,1.0,1.0,-408.48285456212056,214.1969534028218
0.75,21.139270784249224,mid,96,1.0,1.0,1.0,1.0,-412.82343639049077,216.4521213815799
0.75,21.139270784249224,mid,97,1.0,1.0,1.0,1.0,-417.17780608291116,218.70423893404262
0.75,21.139270784249224,mid,98,1.0,1.0,1.0,1.0,-421.6052526155157,220.95227715632416
0.75,21.139270784249224,mid,99,1.0,1.0,1.0,1.0,-425.7084802374478,223.18479424891441
0.75,21.139270784249224,mid,100,1.0,1.0,1.0,1.0,-430.05761251845314,225.43759753945812
0.75,48.42983536752373,high,1,0.87985,0.95455,0.9172,0.87985,-5.923576336112579,2.666114391600115
0.75,48.42983536752373,high,2,0.96625,0.9847,0.9754750000000001,0.96625,-8.928829175364362,4.997383510136928
0.75,48.42983536752373,high,3,0.99025,0.99245,0.99135,0.99025,-13.114304942826363,7.30191222471765
0.75,48.42983536752373,high,4,0.99565,0.99745,0.99655,0.99565,-17.363801630947954,9.645153334170455
0.75,48.42983536752373,high,5,0.99875,0.99915,0.99895,0.99875,-22.043134118190725,11.968522525944831
0.75,48.42983536752373,high,6,0.9994,0.9997,0.9995499999999999,0.9994,-26.432640600839356,14.282214352545285
0.75,48.42983536752373,high,7,0.99975,0.99995,0.99985,0.99975,-30.497301566830117,16.617469062481156
0.75,48.42983536752373,high,8,0.99995,0.9999,0.999925,0.9999,-34.881051315566815,18.929653661138797
0.75,48.42983536752373,high,9,0.99995,0.99995,0.99995,0.99995,-39.22847022456929,21.22673974702552
0.75,48.42983536752373,high,10,1.0,1.0,1.0,1.0,-43.529768796880155,23.56945382800299
0.75,48.42983536752373,high,11,1.0,1.0,1.0,1.0,-47.728682823486025,25.876100858310267
0.75,48.42983536752373,high,12,1.0,1.0,1.0,1.0,-52.01648730421077,28.1734956887341
0.75,48.42983536752373,high,13,1.0,1.0,1.0,1.0,-56.35355365917814,30.498443083930557
0.75,48.42983536752373,high,14,1.0,1.0,1.0,1.0,-60.65108398259915,32.84107285835175
0.75,48.42983536752373,high,15,1.0,1.0,1.0,1.0,-64.9240218396209,35.131459625264846
0.75,48.42983536752373,high,16,1.0,1.0,1.0,1.0,-69.22223289342953,37.423709113890666
0.75,48.42983536752373,high,17,1.0,1.0,1.0,1.0,-73.52736480502064,39.75304186860859
0.75,48.42983536752373,high,18,1.0,1.0,1.0,1.0,-77.77503913962316,42.043905699154514
0.75,48.42983536752373,high,19,1.0,1.0,1.0,1.0,-82.07369742882561,44.34434156152514
0.75,48.42983536752373,high,20,1.0,1.0,1.0,1.0,-86.35359727763237,46.64857492973227
0.75,48.42983536752373,high,21,1.0,1.0,1.0,1.0,-90.62449300106141,48.96836205601281
0.75,48.42983536752373,high,22,1.0,1.0,1.0,1.0,-94.82464631036748,51.24526623432809
0.75,48.42983536752373,high,23,1.0,1.0,1.0,1.0,-99.11475635327176,53.54611552127729
0.75,48.42983536752373,high,24,1.0,1.0,1.0,1.0,-103.4485559308546,55.87826748171832
0.75,48.42983536752373,high,25,1.0,1.0,1.0,1.0,-107.74166158164542,58.2016575232425
0.75,48.42983536752373,high,26,1.0,1.0,1.0,1.0,-112.06395040660553,60.52757767091961
0.75,48.42983536752373,high,27,1.0,1.0,1.0,1.0,-116.35121412592757,62.81036479859233
0.75,48.42983536752373,high,28,1.0,1.0,1.0,1.0,-120.54072829822957,65.11709438444363
0.75,48.42983536752373,high,29,1.0,1.0,1.0,1.0,-124.90953627930986,67.48255501118162
0.75,48.42983536752373,high,30,1.0,1.0,1.0,1.0,-129.24412016176296,69.76452392150958
0.75,48.42983536752373,high,31,1.0,1.0,1.0,1.0,-133.55976532475506,72.04921166265066
0.75,48.42983536752373,high,32,1.0,1.0,1.0,1.0,-137.84555366869347,74.36652070733014
0.75,48.42983536752373,high,33,1.0,1.0,1.0,1.0,-142.11123303802447,76.69320049283237
0.75,48.42983536752373,high,34,1.0,1.0,1.0,1.0,-146.24366961423985,78.99041986903346
0.75,48.42983536752373,high,35,1.0,1.0,1.0,1.0,-150.45570923011127,81.29328161370529
0.75,48.42983536752373,high,36,1.0,1.0,1.0,1.0,-154.8149204202427,83.57996721586332
0.75,48.42983536752373,high,37,1.0,1.0,1.0,1.0,-159.11455148130966,85.94527266051281
0.75,48.42983536752373,high,38,1.0,1.0,1.0,1.0,-163.40714530458155,88.271842075212
0.75,48.42983536752373,high,39,1.0,1.0,1.0,1.0,-167.67678363290685,90.58141999373873
0.75,48.42983536752373,high,40,1.0,1.0,1.0,1.0,-172.01094191474056,92.88084284477995
0.75,48.42983536752373,high,41,1.0,1.0,1.0,1.0,-176.24337634473125,95.21578146127506
0.75,48.42983536752373,high,42,1.0,1.0,1.0,1.0,-180.557548553973,97.52300593235643
0.75,48.42983536752373,high,43,1.0,1.0,1.0,1.0,-184.8015165417513,99.8323702313682
0.75,48.42983536752373,high,44,1.0,1.0,1.0,1.0,-189.2533012792293,102.12725826658556
0.75,48.42983536752373,high,45,1.0,1.0,1.0,1.0,-193.52627576476857,104.45604417794121
0.75,48.42983536752373,high,46,1.0,1.0,1.0,1.0,-197.67424317420557,106.78933566765716
0.75,48.42983536752373,high,47,1.0,1.0,1.0,1.0,-202.07656134939083,109.0605646948081
0.75,48.42983536752373,high,48,1.0,1.0,1.0,1.0,-206.35762568952293,111.3985739906019
0.75,48.42983536752373,high,49,1.0,1.0,1.0,1.0,-210.49796520728682,113.73007168102073
0.75,48.42983536752373,high,50,1.0,1.0,1.0,1.0,-214.81514919221547,116.02162852557582
0.75,48.42983536752373,high,51,1.0,1.0,1.0,1.0,-219.17245513053467,118.32907755579883
0.75,48.42983536752373,high,52,1.0,1.0,1.0,1.0,-223.51641710672232,120.6395573933485
0.75,48.42983536752373,high,53,1.0,1.0,1.0,1.0,-227.76747145024194,122.93313385332868
0.75,48.42983536752373,high,54,1.0,1.0,1.0,1.0,-231.9996238319156,125.25156959879061
0.75,48.42983536752373,high,55,1.0,1.0,1.0,1.0,-236.28168427855545,127.55258931245153
0.75,48.42983536752373,high,56,1.0,1.0,1.0,1.0,-240.64348666479844,129.86224597053223
0.75,48.42983536752373,high,57,1.0,1.0,1.0,1.0,-244.91835145207506,132.15652786802116
0.75,48.42983536752373,high,58,1.0,1.0,1.0,1.0,-249.18409301360253,134.45607933451828
0.75,48.42983536752373,high,59,1.0,1.0,1.0,1.0,-253.482398642494,136.8060732958075
0.75,48.42983536752373,high,60,1.0,1.0,1.0,1.0,-257.7876081440562,139.10676741359651
0.75,48.42983536752373,high,61,1.0,1.0,1.0,1.0,-261.90347929544805,141.43190301802463
0.75,48.42983536752373,high,62,1.0,1.0,1.0,1.0,-266.3324168096958,143.73572814530286
0.75,48.42983536752373,high,63,1.0,1.0,1.0,1.0,-270.63046724330206,146.07408961041295
0.75,48.42983536752373,high,64,1.0,1.0,1.0,1.0,-274.86872235697444,148.40252037226333
0.75,48.42983536752373,high,65,1.0,1.0,1.0,1.0,-279.1149628528084,150.70801891415658
0.75,48.42983536752373,high,66,1.0,1.0,1.0,1.0,-283.4758944038859,153.0108841992046
0.75,48.42983536752373,high,67,1.0,1.0,1.0,1.0,-287.7587619986271,155.32173506234716
0.75,48.42983536752373,high,68,1.0,1.0,1.0,1.0,-292.0691418163407,157.6548068357652
0.75,48.42983536752373,high,69,1.0,1.0,1.0,1.0,-296.26264624255145,160.02834335909083
0.75,48.42983536752373,high,70,1.0,1.0,1.0,1.0,-300.4564677227974,162.33378007243084
0.75,48.42983536752373,high,71,1.0,1.0,1.0,1.0,-304.7867412202901,164.6194883643879
0.75,48.42983536752373,high,72,1.0,1.0,1.0,1.0,-308.96742501963865,166.91829121732474
0.75,48.42983536752373,high,73,1.0,1.0,1.0,1.0,-313.3621426548002,169.25110415902518
0.75,48.42983536752373,high,74,1.0,1.0,1.0,1.0,-317.625602922059,171.54711504119146
0.75,48.42983536752373,high,75,1.0,1.0,1.0,1.0,-321.9047949318848,173.87981632694834
0.75,48.42983536752373,high,76,1.0,1.0,1.0,1.0,-326.2817870099742,176.11880094934583
0.75,48.42983536752373,high,77,1.0,1.0,1.0,1.0,-330.5315410920422,178.46845755338353
0.75,48.42983536752373,high,78,1.0,1.0,1.0,1.0,-334.70625622891225,180.7997936077761
0.75,48.42983536752373,high,79,1.0,1.0,1.0,1.0,-339.083486441888,183.133913623058
0.75,48.42983536752373,high,80,1.0,1.0,1.0,1.0,-343.358910379976,185.4408829729611
0.75,48.42983536752373,high,81,1.0,1.0,1.0,1.0,-347.63338527672795,187.76710108505392
0.75,48.42983536752373,high,82,1.0,1.0,1.0,1.0,-351.91247487520513,190.0785495960758
0.75,48.42983536752373,high,83,1.0,1.0,1.0,1.0,-356.3573148282365,192.38354485953118
0.75,48.42983536752373,high,84,1.0,1.0,1.0,1.0,-360.5781769866402,194.66295236831402
0.75,48.42983536752373,high,85,1.0,1.0,1.0,1.0,-364.91434216135417,196.98066819680338
0.75,48.42983536752373,high,86,1.0,1.0,1.0,1.0,-369.1657427250193,199.31274776935138
0.75,48.42983536752373,high,87,1.0,1.0,1.0,1.0,-373.4099648969633,201.68419291361835
0.75,48.42983536752373,high,88,1.0,1.0,1.0,1.0,-377.77734761873415,203.98633556054259
0.75,48.42983536752373,high,89,1.0,1.0,1.0,1.0,-382.1138023630788,206.28175544865832
0.75,48.42983536752373,high,90,1.0,1.0,1.0,1.0,-386.38782008078965,208.5798972997095
0.75,48.42983536752373,high,91,1.0,1.0,1.0,1.0,-390.68837715070225,210.90436350718778
0.75,48.42983536752373,high,92,1.0,1.0,1.0,1.0,-394.9633641699885,213.22416092691364
0.75,48.42983536752373,high,93,1.0,1.0,1.0,1.0,-399.24737771452294,215.52947212675545
0.75,48.42983536752373,high,94,1.0,1.0,1.0,1.0,-403.67793743357015,217.83071311207567
0.75,48.42983536752373,high,95,1.0,1.0,1.0,1.0,-407.957135966083,220.12603081264587
0.75,48.42983536752373,high,96,1.0,1.0,1.0,1.0,-412.2458314487935,222.4219324782481
0.75,48.42983536752373,high,97,1.0,1.0,1.0,1.0,-416.57350986814697,224.738037789494
0.75,48.42983536752373,high,98,1.0,1.0,1.0,1.0,-420.86880767004106,227.0642617736063
0.75,48.42983536752373,high,99,1.0,1.0,1.0,1.0,-425.17500990005783,229.38652557724447
0.75,48.42983536752373,high,100,1.0,1.0,1.0,1.0,-429.4150708834251,231.64374082297945
1.0,10.95626581890893,low,1,0.7784,0.92245,0.850425,0.7784,-2.7851359872010457,1.644086695159419
1.0,10.95626581890893,low,2,0.9112,0.95485,0.933025,0.9112,-5.66396573851394,3.222774255127139
1.0,10.95626581890893,low,3,0.9576,0.9745,0.9660500000000001,0.9576,-8.707478013665265,4.620838241993441
1.0,10.95626581890893,low,4,0.97675,0.98515,0.98095,0.97675,-11.413645982313815,6.024938657902459
1.0,10.95626581890893,low,5,0.9881,0.9913,0.9897,0.9881,-14.287113303977625,7.437663075611214
1.0,10.95626581890893,low,6,0.9927,0.9958,0.9942500000000001,0.9927,-17.073881760620047,8.862922419671499
1.0,10.95626581890893,low,7,0.9966,0.9974,0.997,0.9966,-19.9506930221057,10.271320716468693
1.0,10.95626581890893,low,8,0.99835,0.99835,0.99835,0.99835,-22.766427774320977,11.685960638564879
1.0,10.95626581890893,low,9,0.999,0.99905,0.999025,0.999,-25.510479233630118,13.079503905974892
1.0,10.95626581890893,low,10,0.9993,0.9996,0.99945,0.9993,-28.39053615180024,14.498614630377482
1.0,10.95626581890893,low,11,0.99955,0.99975,0.99965,0.99955,-31.175731398030813,15.898267324583873
1.0,10.95626581890893,low,12,0.99975,0.9998,0.9997750000000001,0.99975,-34.01458219240594,17.31042572763556
1.0,10.95626581890893,low,13,0.9999,0.9998,0.99985,0.9998,-36.784596661061684,18.760988277876834
1.0,10.95626581890893,low,14,0.9999,1.0,0.99995,0.9999,-39.60799291927278,20.165794195651227
1.0,10.95626581890893,low,15,1.0,0.99995,0.9999750000000001,0.99995,-42.47847261208277,21.603316921331434
1.0,10.95626581890893,low,16,1.0,0.99995,0.9999750000000001,0.99995,-45.30773905052639,23.023667120896725
1.0,10.95626581890893,low,17,1.0,1.0,1.0,1.0,-48.08981188257104,24.438625469143055
1.0,10.95626581890893,low,18,1.0,1.0,1.0,1.0,-50.931765251190335,25.853077740907956
1.0,10.95626581890893,low,19,1.0,1.0,1.0,1.0,-53.726715300890106,27.269685488793492
1.0,10.95626581890893,low,20,1.0,1.0,1.0,1.0,-56.632134829275685,28.68078475762213
1.0,10.95626581890893,low,21,1.0,1.0,1.0,1.0,-59.358551637713234,30.07552687900325
1.0,10.95626581890893,low,22,1.0,1.0,1.0,1.0,-62.182296886362195,31.47771678812763
1.0,10.95626581890893,low,23,1.0,1.0,1.0,1.0,-65.02052697604316,32.87740717420375
1.0,10.95626581890893,low,24,1.0,1.0,1.0,1.0,-67.7824127313487,34.31728434971569
1.0,10.95626581890893,low,25,1.0,1.0,1.0,1.0,-70.67952043609486,35.72584233465875
1.0,10.95626581890893,low,26,1.0,1.0,1.0,1.0,-73.37963144296539,37.15128176879509
1.0,10.95626581890893,low,27,1.0,1.0,1.0,1.0,-76.17533451330587,38.53473572517111
1.0,10.95626581890893,low,28,1.0,1.0,1.0,1.0,-78.97802250817244,39.93905364107907
1.0,10.95626581890893,low,29,1.0,1.0,1.0,1.0,-81.79658781611892,41.33385165428406
1.0,10.95626581890893,low,30,1.0,1.0,1.0,1.0,-84.55818073051034,42.72850556021764
1.0,10.95626581890893,low,31,1.0,1.0,1.0,1.0,-87.39905313504448,44.11407633350909
1.0,10.95626581890893,low,32,1.0,1.0,1.0,1.0,-90.09837926534796,45.54619206165214
1.0,10.95626581890893,low,33,1.0,1.0,1.0,1.0,-92.97608881610206,47.00308058701542
1.0,10.95626581890893,low,34,1.0,1.0,1.0,1.0,-95.7703526953922,48.40111424393021
1.0,10.95626581890893,low,35,1.0,1.0,1.0,1.0,-98.61538331852081,49.82514500763914
1.0,10.95626581890893,low,36,1.0,1.0,1.0,1.0,-101.38675295883179,51.219751650423
1.0,10.95626581890893,low,37,1.0,1.0,1.0,1.0,-104.35855487180444,52.67148249388089
1.0,10.95626581890893,low,38,1.0,1.0,1.0,1.0,-107.19463434455903,54.06644320669629
1.0,10.95626581890893,low,39,1.0,1.0,1.0,1.0,-110.02182186059966,55.44004700429487
1.0,10.95626581890893,low,40,1.0,1.0,1.0,1.0,-112.92592620383877,56.888434999503716
1.0,10.95626581890893,low,41,1.0,1.0,1.0,1.0,-115.63581322465447,58.27237173131985
1.0,10.95626581890893,low,42,1.0,1.0,1.0,1.0,-118.44780243517583,59.718358594918996
1.0,10.95626581890893,low,43,1.0,1.0,1.0,1.0,-121.34842419535494,61.11978955489391
1.0,10.95626581890893,low,44,1.0,1.0,1.0,1.0,-124.18914731653749,62.52463765500093
1.0,10.95626581890893,low,45,1.0,1.0,1.0,1.0,-126.98653426790227,63.93561148220639
1.0,10.95626581890893,low,46,1.0,1.0,1.0,1.0,-129.8172136357618,65.35678008159769
1.0,10.95626581890893,low,47,1.0,1.0,1.0,1.0,-132.5928824603483,66.80594765186339
1.0,10.95626581890893,low,48,1.0,1.0,1.0,1.0,-135.54938002238282,68.16877433715871
1.0,10.95626581890893,low,49,1.0,1.0,1.0,1.0,-138.19193450564285,69.58776681126028
1.0,10.95626581890893,low,50,1.0,1.0,1.0,1.0,-141.13503055883223,71.00751888409744
1.0,10.95626581890893,low,51,1.0,1.0,1.0,1.0,-143.93101655631307,72.434020743236
1.0,10.95626581890893,low,52,1.0,1.0,1.0,1.0,-146.84900932683576,73.82804706508398
1.0,10.95626581890893,low,53,1.0,1.0,1.0,1.0,-149.66478459448587,75.20229915995834
1.0,10.95626581890893,low,54,1.0,1.0,1.0,1.0,-152.5139397161529,76.6486255714023
1.0,10.95626581890893,low,55,1.0,1.0,1.0,1.0,-155.32635836931294,77.99804881730637
1.0,10.95626581890893,low,56,1.0,1.0,1.0,1.0,-158.16279689802712,79.44860064948281
1.0,10.95626581890893,low,57,1.0,1.0,1.0,1.0,-160.98188661651517,80.86204401977874
1.0,10.95626581890893,low,58,1.0,1.0,1.0,1.0,-163.72470483745965,82.28416763411582
1.0,10.95626581890893,low,59,1.0,1.0,1.0,1.0,-166.4832527876715,83.73839706052178
1.0,10.95626581890893,low,60,1.0,1.0,1.0,1.0,-169.35106413077185,85.09143992530308
1.0,10.95626581890893,low,61,1.0,1.0,1.0,1.0,-172.28571653696835,86.533506042999
1.0,10.95626581890893,low,62,1.0,1.0,1.0,1.0,-175.14515552365492,87.9621859818204
1.0,10.95626581890893,low,63,1.0,1.0,1.0,1.0,-177.94610705407,89.33768203953483
1.0,10.95626581890893,low,64,1.0,1.0,1.0,1.0,-180.69919984131843,90.73308126054081
1.0,10.95626581890893,low,65,1.0,1.0,1.0,1.0,-183.44080050627466,92.15787497501935
1.0,10.95626581890893,low,66,1.0,1.0,1.0,1.0,-186.2630356708321,93.59705307057249
1.0,10.95626581890893,low,67,1.0,1.0,1.0,1.0,-189.0885036620922,95.02817888758912
1.0,10.95626581890893,low,68,1.0,1.0,1.0,1.0,-191.97411032811863,96.41936256838473
1.0,10.95626581890893,low,69,1.0,1.0,1.0,1.0,-194.62203636059505,97.83198239594981
1.0,10.95626581890893,low,70,1.0,1.0,1.0,1.0,-197.4129890483233,99.22370984640797
1.0,10.95626581890893,low,71,1.0,1.0,1.0,1.0,-200.26684918786458,100.62650470342624
1.0,10.95626581890893,low,72,1.0,1.0,1.0,1.0,-203.030490238067,102.03448862179586
1.0,10.95626581890893,low,73,1.0,1.0,1.0,1.0,-205.93711749894715,103.43128298690274
1.0,10.95626581890893,low,74,1.0,1.0,1.0,1.0,-208.81159443580964,104.81303127324165
1.0,10.95626581890893,low,75,1.0,1.0,1.0,1.0,-211.69100472700003,106.21379399254542
1.0,10.95626581890893,low,76,1.0,1.0,1.0,1.0,-214.5141368096757,107.672469528936
1.0,10.95626581890893,low,77,1.0,1.0,1.0,1.0,-217.34527198738823,109.08143012494278
1.0,10.95626581890893,low,78,1.0,1.0,1.0,1.0,-220.11297727346277,110.50780969586181
1.0,10.95626581890893,low,79,1.0,1.0,1.0,1.0,-222.9065076999302,111.89976532371728
1.0,10.95626581890893,low,80,1.0,1.0,1.0,1.0,-225.75600347338164,113.30361331668442
1.0,10.95626581890893,low,81,1.0,1.0,1.0,1.0,-228.63783180531615,114.72940171903221
1.0,10.95626581890893,low,82,1.0,1.0,1.0,1.0,-231.36047320413513,116.1392373647208
1.0,10.95626581890893,low,83,1.0,1.0,1.0,1.0,-234.36545039186868,117.56321931259636
1.0,10.95626581890893,low,84,1.0,1.0,1.0,1.0,-237.14774390416085,118.97986878026978
1.0,10.95626581890893,low,85,1.0,1.0,1.0,1.0,-239.83248555980015,120.42497268232322
1.0,10.95626581890893,low,86,1.0,1.0,1.0,1.0,-242.7725315054667,121.80837406845362
1.0,10.95626581890893,low,87,1.0,1.0,1.0,1.0,-245.53071416189766,123.216211528249
1.0,10.95626581890893,low,88,1.0,1.0,1.0,1.0,-248.32502057293706,124.61219417715694
1.0,10.95626581890893,low,89,1.0,1.0,1.0,1.0,-251.08304888949215,126.02469100589732
1.0,10.95626581890893,low,90,1.0,1.0,1.0,1.0,-253.93272345406376,127.4243777620557
1.0,10.95626581890893,low,91,1.0,1.0,1.0,1.0,-256.71226409967477,128.88640297962795
1.0,10.95626581890893,low,92,1.0,1.0,1.0,1.0,-259.5523227424392,130.274753246257
1.0,10.95626581890893,low,93,1.0,1.0,1.0,1.0,-262.41413198741066,131.69972594624846
1.0,10.95626581890893,low,94,1.0,1.0,1.0,1.0,-265.26229983395535,133.13654247933778
1.0,10.95626581890893,low,95,1.0,1.0,1.0,1.0,-268.1098085939113,134.51827468405642
1.0,10.95626581890893,low,96,1.0,1.0,1.0,1.0,-270.9457961449612,135.88559223810472
1.0,10.95626581890893,low,97,1.0,1.0,1.0,1.0,-273.624457286118,137.3026243484265
1.0,10.95626581890893,low,98,1.0,1.0,1.0,1.0,-276.4100572576691,138.73353330957633
1.0,10.95626581890893,low,99,1.0,1.0,1.0,1.0,-279.3014311083331,140.16415810991157
1.0,10.95626581890893,low,100,1.0,1.0,1.0,1.0,-282.14373666195416,141.58358903230362
1.0,15.787479601057262,mid,1,0.79105,0.90765,0.84935,0.79105,-3.7698247358845496,1.703202421274516
1.0,15.787479601057262,mid,2,0.9136,0.9513,0.93245,0.9136,-5.568722006287494,3.2364461582315616
1.0,15.787479601057262,mid,3,0.9583,0.9733,0.9658,0.9583,-8.801604530261802,4.676584847356475
1.0,15.787479601057262,mid,4,0.9774,0.9857,0.98155,0.9774,-11.620893221426291,6.1161861673233275
1.0,15.787479601057262,mid,5,0.98865,0.9922,0.990425,0.98865,-14.529850336151672,7.577851381221611
1.0,15.787479601057262,mid,6,0.9941,0.99535,0.994725,0.9941,-17.348973068115924,9.04421871640974
1.0,15.787479601057262,mid,7,0.99685,0.99765,0.99725,0.99685,-20.19213422343534,10.492634923085582
1.0,15.787479601057262,mid,8,0.99855,0.99865,0.9986,0.99855,-23.026431474392172,11.954921549872369
1.0,15.787479601057262,mid,9,0.99895,0.99915,0.99905,0.99895,-25.884949959740375,13.3993021244615
1.0,15.787479601057262,mid,10,0.99975,0.9996,0.9996750000000001,0.9996,-28.67381387495098,14.851957158271265
1.0,15.787479601057262,mid,11,0.99985,0.9998,0.999825,0.9998,-31.465523410664066,16.309988057835834
1.0,15.787479601057262,mid,12,0.9999,0.99995,0.999925,0.9999,-34.30617239490297,17.754880509670038
1.0,15.787479601057262,mid,13,0.9999,1.0,0.99995,0.9999,-37.16812990084788,19.208868634343954
1.0,15.787479601057262,mid,14,0.99995,0.99995,0.99995,0.99995,-40.06545837254159,20.67026334105695
1.0,15.787479601057262,mid,15,0.99995,1.0,0.9999750000000001,0.99995,-42.863576876565965,22.11091669196069
1.0,15.787479601057262,mid,16,1.0,1.0,1.0,1.0,-45.75550474887859,23.586737253402188
1.0,15.787479601057262,mid,17,1.0,1.0,1.0,1.0,-48.64793757021239,25.04069126340609
1.0,15.787479601057262,mid,18,1.0,1.0,1.0,1.0,-51.50168877859552,26.486911951391086
1.0,15.787479601057262,mid,19,1.0,1.0,1.0,1.0,-54.390216416580984,27.908126278482904
1.0,15.787479601057262,mid,20,1.0,1.0,1.0,1.0,-57.18755774738912,29.341854571559026
1.0,15.787479601057262,mid,21,1.0,1.0,1.0,1.0,-59.95763241645797,30.805576623558977
1.0,15.787479601057262,mid,22,1.0,1.0,1.0,1.0,-62.79371808726603,32.24253341056891
1.0,15.787479601057262,mid,23,1.0,1.0,1.0,1.0,-65.66567768200525,33.68167463310044
1.0,15.787479601057262,mid,24,1.0,1.0,1.0,1.0,-68.53580200240688,35.14910033530754
1.0,15.787479601057262,mid,25,1.0,1.0,1.0,1.0,-71.31604381592987,36.60269413623156
1.0,15.787479601057262,mid,26,1.0,1.0,1.0,1.0,-74.15478972914246,38.08209613587643
1.0,15.787479601057262,mid,27,1.0,1.0,1.0,1.0,-77.09598069098026,39.52181854847409
1.0,15.787479601057262,mid,28,1.0,1.0,1.0,1.0,-79.81115889216947,40.96676298137972
1.0,15.787479601057262,mid,29,1.0,1.0,1.0,1.0,-82.69798928976834,42.40331528637316
1.0,15.787479601057262,mid,30,1.0,1.0,1.0,1.0,-85.54181224209239,43.851769507528616
1.0,15.787479601057262,mid,31,1.0,1.0,1.0,1.0,-88.45936334697252,45.28780186716958
1.0,15.787479601057262,mid,32,1.0,1.0,1.0,1.0,-91.24715538747105,46.77174342299618
1.0,15.787479601057262,mid,33,1.0,1.0,1.0,1.0,-93.9930784990083,48.209234934167
1.0,15.787479601057262,mid,34,1.0,1.0,1.0,1.0,-96.9201478425093,49.639809875262046
1.0,15.787479601057262,mid,35,1.0,1.0,1.0,1.0,-99.7428103541184,51.08432879598878
1.0,15.787479601057262,mid,36,1.0,1.0,1.0,1.0,-102.68994608432683,52.50174732197098
1.0,15.787479601057262,mid,37,1.0,1.0,1.0,1.0,-105.35145490950902,53.94412403685348
1.0,15.787479601057262,mid,38,1.0,1.0,1.0,1.0,-108.18954751535213,55.40904588197925
1.0,15.787479601057262,mid,39,1.0,1.0,1.0,1.0,-111.00647779149557,56.8236394760389
1.0,15.787479601057262,mid,40,1.0,1.0,1.0,1.0,-113.9368287584029,58.27632993071939
1.0,15.787479601057262,mid,41,1.0,1.0,1.0,1.0,-116.84258724472106,59.73637546483221
1.0,15.787479601057262,mid,42,1.0,1.0,1.0,1.0,-119.65919868099355,61.15830946813584
1.0,15.787479601057262,mid,43,1.0,1.0,1.0,1.0,-122.38199609556828,62.61669916907231
1.0,15.787479601057262,mid,44,1.0,1.0,1.0,1.0,-125.34752190710059,64.0561694296346
1.0,15.787479601057262,mid,45,1.0,1.0,1.0,1.0,-128.13863817213397,65.52745077661572
1.0,15.787479601057262,mid,46,1.0,1.0,1.0,1.0,-131.02879181933073,66.99648901688758
1.0,15.787479601057262,mid,47,1.0,1.0,1.0,1.0,-133.88963201515116,68.45090211895302
1.0,15.787479601057262,mid,48,1.0,1.0,1.0,1.0,-136.6088563542171,69.91866642476342
1.0,15.787479601057262,mid,49,1.0,1.0,1.0,1.0,-139.56097283955,71.36517846225499
1.0,15.787479601057262,mid,50,1.0,1.0,1.0,1.0,-142.301262357673,72.82041153516367
1.0,15.787479601057262,mid,51,1.0,1.0,1.0,1.0,-145.24857469149202,74.30067799407712
1.0,15.787479601057262,mid,52,1.0,1.0,1.0,1.0,-147.95913029909644,75.74858909596952
1.0,15.787479601057262,mid,53,1.0,1.0,1.0,1.0,-150.91444453301375,77.21878095808997
1.0,15.787479601057262,mid,54,1.0,1.0,1.0,1.0,-153.75200588506937,78.62258568281533
1.0,15.787479601057262,mid,55,1.0,1.0,1.0,1.0,-156.4867511425394,80.0522788502143
1.0,15.787479601057262,mid,56,1.0,1.0,1.0,1.0,-159.45089440688434,81.49935322926412
1.0,15.787479601057262,mid,57,1.0,1.0,1.0,1.0,-162.23484693610152,82.91807570688161
1.0,15.787479601057262,mid,58,1.0,1.0,1.0,1.0,-165.07681931323236,84.36557635775915
1.0,15.787479601057262,mid,59,1.0,1.0,1.0,1.0,-167.85692013140704,85.8521219673263
1.0,15.787479601057262,mid,60,1.0,1.0,1.0,1.0,-170.7562563774905,87.29833688736606
1.0,15.787479601057262,mid,61,1.0,1.0,1.0,1.0,-173.6004193355756,88.709890574138
1.0,15.787479601057262,mid,62,1.0,1.0,1.0,1.0,-176.43924306109113,90.20165508893503
1.0,15.787479601057262,mid,63,1.0,1.0,1.0,1.0,-179.23494535602396,91.63748911658435
1.0,15.787479601057262,mid,64,1.0,1.0,1.0,1.0,-182.15962875663303,93.10546181434805
1.0,15.787479601057262,mid,65,1.0,1.0,1.0,1.0,-185.13368646650395,94.61174988593538
1.0,15.787479601057262,mid,66,1.0,1.0,1.0,1.0,-188.0382880605668,96.05856342698377
1.0,15.787479601057262,mid,67,1.0,1.0,1.0,1.0,-190.8226956725817,97.42087391129805
1.0,15.787479601057262,mid,68,1.0,1.0,1.0,1.0,-193.62762583952474,98.90878150632494
1.0,15.787479601057262,mid,69,1.0,1.0,1.0,1.0,-196.4518548043822,100.38532566579717
1.0,15.787479601057262,mid,70,1.0,1.0,1.0,1.0,-199.27608767202648,101.83757774804783
1.0,15.787479601057262,mid,71,1.0,1.0,1.0,1.0,-202.22389768143512,103.2691967477383
1.0,15.787479601057262,mid,72,1.0,1.0,1.0,1.0,-205.10437571285598,104.73868639613261
1.0,15.787479601057262,mid,73,1.0,1.0,1.0,1.0,-207.9461060440158,106.22231722764926
1.0,15.787479601057262,mid,74,1.0,1.0,1.0,1.0,-210.79418885611335,107.66071119913974
1.0,15.787479601057262,mid,75,1.0,1.0,1.0,1.0,-213.6407587744011,109.11135998705038
1.0,15.787479601057262,mid,76,1.0,1.0,1.0,1.0,-216.3881272654794,110.56969843616281
1.0,15.787479601057262,mid,77,1.0,1.0,1.0,1.0,-219.23676546708202,112.04452553842319
1.0,15.787479601057262,mid,78,1.0,1.0,1.0,1.0,-222.15524696884734,113.51393019217893
1.0,15.787479601057262,mid,79,1.0,1.0,1.0,1.0,-225.04478864210535,114.93501020218136
1.0,15.787479601057262,mid,80,1.0,1.0,1.0,1.0,-227.78243307285297,116.33759278038556
1.0,15.787479601057262,mid,81,1.0,1.0,1.0,1.0,-230.59722499470467,117.74901655071052
1.0,15.787479601057262,mid,82,1.0,1.0,1.0,1.0,-233.3987748722987,119.20020722384515
1.0,15.787479601057262,mid,83,1.0,1.0,1.0,1.0,-236.17952166332947,120.6448601120916
1.0,15.787479601057262,mid,84,1.0,1.0,1.0,1.0,-239.05150431601783,122.16589299771329
1.0,15.787479601057262,mid,85,1.0,1.0,1.0,1.0,-242.05119719109186,123.57755323501223
1.0,15.787479601057262,mid,86,1.0,1.0,1.0,1.0,-244.70547872374334,125.06537716389636
1.0,15.787479601057262,mid,87,1.0,1.0,1.0,1.0,-247.61587719996822,126.45527406764447
1.0,15.787479601057262,mid,88,1.0,1.0,1.0,1.0,-250.23345951601803,127.89549189832829
1.0,15.787479601057262,mid,89,1.0,1.0,1.0,1.0,-253.16679812905176,129.3259491145976
1.0,15.787479601057262,mid,90,1.0,1.0,1.0,1.0,-256.1484948303463,130.81694957306934
1.0,15.787479601057262,mid,91,1.0,1.0,1.0,1.0,-258.98388502321507,132.24832741094343
1.0,15.787479601057262,mid,92,1.0,1.0,1.0,1.0,-261.79809646914885,133.68645223513067
1.0,15.787479601057262,mid,93,1.0,1.0,1.0,1.0,-264.62787729658,135.13094571957959
1.0,15.787479601057262,mid,94,1.0,1.0,1.0,1.0,-267.38503823402897,136.5853357759307
1.0,15.787479601057262,mid,95,1.0,1.0,1.0,1.0,-270.2343258585992,138.05071256050172
1.0,15.787479601057262,mid,96,1.0,1.0,1.0,1.0,-273.04618392088196,139.4920648462975
1.0,15.787479601057262,mid,97,1.0,1.0,1.0,1.0,-275.8479161963413,140.9244058289438
1.0,15.787479601057262,mid,98,1.0,1.0,1.0,1.0,-278.7431727687672,142.37568934450013
1.0,15.787479601057262,mid,99,1.0,1.0,1.0,1.0,-281.54999007697245,143.83901957415202
1.0,15.787479601057262,mid,100,1.0,1.0,1.0,1.0,-284.441390969785,145.27655042618932
1.0,22.74903842910047,high,1,0.79365,0.90605,0.84985,0.79365,-3.713551824548778,1.7451238959977387
1.0,22.74903842910047,high,2,0.9141,0.94855,0.931325,0.9141,-5.560674521323271,3.226759633034126
1.0,22.74903842910047,high,3,0.9588,0.9751,0.96695,0.9588,-8.79407750716015,4.7822385264305876
1.0,22.74903842910047,high,4,0.9774,0.98615,0.9817750000000001,0.9774,-11.558049577175073,6.253195112717703
1.0,22.74903842910047,high,5,0.98845,0.99185,0.9901500000000001,0.98845,-14.437758116712768,7.742515763952215
1.0,22.74903842910047,high,6,0.99295,0.9959,0.994425,0.99295,-17.25458136214729,9.19484448573025
1.0,22.74903842910047,high,7,0.99645,0.9973,0.996875,0.99645,-20.090572055672045,10.677002507520546
1.0,22.74903842910047,high,8,0.9979,0.9985,0.9982,0.9979,-22.947995633373605,12.134142833634844
1.0,22.74903842910047,high,9,0.99875,0.99905,0.9989,0.99875,-25.772729532022584,13.613163890273055
1.0,22.74903842910047,high,10,0.9995,0.99955,0.999525,0.9995,-28.721775107305184,15.079703816696318
1.0,22.74903842910047,high,11,0.9999,0.9997,0.9998,0.9997,-31.465523025038273,16.536996376448364
1.0,22.74903842910047,high,12,0.99995,0.9999,0.999925,0.9999,-34.28108656376369,18.021418652577204
1.0,22.74903842910047,high,13,0.99995,0.9999,0.999925,0.9999,-37.11849620510114,19.51379137106186
1.0,22.74903842910047,high,14,1.0,0.99995,0.9999750000000001,0.99995,-40.06074448089112,20.9699148923184
1.0,22.74903842910047,high,15,1.0,1.0,1.0,1.0,-42.922518157436684,22.44341815311315
1.0,22.74903842910047,high,16,1.0,1.0,1.0,1.0,-45.70204409610315,23.956680431428403
1.0,22.74903842910047,high,17,1.0,1.0,1.0,1.0,-48.57974946147462,25.41904777536968
1.0,22.74903842910047,high,18,1.0,1.0,1.0,1.0,-51.505123234847304,26.88308456224477
1.0,22.74903842910047,high,19,1.0,1.0,1.0,1.0,-54.26335527583735,28.347348508735223
1.0,22.74903842910047,high,20,1.0,1.0,1.0,1.0,-57.153644323093616,29.830304437615915
1.0,22.74903842910047,high,21,1.0,1.0,1.0,1.0,-59.97966868956454,31.319560749804857
1.0,22.74903842910047,high,22,1.0,1.0,1.0,1.0,-62.8826957630667,32.8168446254914
1.0,22.74903842910047,high,23,1.0,1.0,1.0,1.0,-65.75033250953632,34.281215635562454
1.0,22.74903842910047,high,24,1.0,1.0,1.0,1.0,-68.57366559891975,35.76138962150428
1.0,22.74903842910047,high,25,1.0,1.0,1.0,1.0,-71.4468503338718,37.238215061903304
1.0,22.74903842910047,high,26,1.0,1.0,1.0,1.0,-74.28806234130286,38.7220407388637
1.0,22.74903842910047,high,27,1.0,1.0,1.0,1.0,-77.11462742711767,40.19959242233948
1.0,22.74903842910047,high,28,1.0,1.0,1.0,1.0,-79.89595008601032,41.64177908039383
1.0,22.74903842910047,high,29,1.0,1.0,1.0,1.0,-82.860862441667,43.13585092892298
1.0,22.74903842910047,high,30,1.0,1.0,1.0,1.0,-85.65979506669369,44.5935003355073
1.0,22.74903842910047,high,31,1.0,1.0,1.0,1.0,-88.56036790031173,46.03116152353965
1.0,22.74903842910047,high,32,1.0,1.0,1.0,1.0,-91.47515160591539,47.500721168211264
1.0,22.74903842910047,high,33,1.0,1.0,1.0,1.0,-94.13761730720171,48.98888868262433
1.0,22.74903842910047,high,34,1.0,1.0,1.0,1.0,-97.05271998817653,50.42194151709664
1.0,22.74903842910047,high,35,1.0,1.0,1.0,1.0,-99.94428787798466,51.92211055230758
1.0,22.74903842910047,high,36,1.0,1.0,1.0,1.0,-102.84316681714009,53.41458482961268
1.0,22.74903842910047,high,37,1.0,1.0,1.0,1.0,-105.75755401922206,54.866013922598306
1.0,22.74903842910047,high,38,1.0,1.0,1.0,1.0,-108.55786144665657,56.34640059984637
1.0,22.74903842910047,high,39,1.0,1.0,1.0,1.0,-111.46912899484462,57.87266841934537
1.0,22.74903842910047,high,40,1.0,1.0,1.0,1.0,-114.18537794624044,59.308488214721095
1.0,22.74903842910047,high,41,1.0,1.0,1.0,1.0,-117.06761139618708,60.77781812829491
1.0,22.74903842910047,high,42,1.0,1.0,1.0,1.0,-119.91959202210413,62.28394725342858
1.0,22.74903842910047,high,43,1.0,1.0,1.0,1.0,-122.83449968492661,63.76426573826089
1.0,22.74903842910047,high,44,1.0,1.0,1.0,1.0,-125.69283999066835,65.2658156401994
1.0,22.74903842910047,high,45,1.0,1.0,1.0,1.0,-128.4770042384759,66.71100120351193
1.0,22.74903842910047,high,46,1.0,1.0,1.0,1.0,-131.3107541643405,68.17824031651534
1.0,22.74903842910047,high,47,1.0,1.0,1.0,1.0,-134.15566441570672,69.66403579501335
1.0,22.74903842910047,high,48,1.0,1.0,1.0,1.0,-137.03816207539657,71.1241683168644
1.0,22.74903842910047,high,49,1.0,1.0,1.0,1.0,-139.96701031824395,72.62251225165878
1.0,22.74903842910047,high,50,1.0,1.0,1.0,1.0,-142.66848948588677,74.11386550224886
1.0,22.74903842910047,high,51,1.0,1.0,1.0,1.0,-145.49311348228701,75.55405743985852
1.0,22.74903842910047,high,52,1.0,1.0,1.0,1.0,-148.49942362496017,77.00695210015462
1.0,22.74903842910047,high,53,1.0,1.0,1.0,1.0,-151.23441224469767,78.51515431830332
1.0,22.74903842910047,high,54,1.0,1.0,1.0,1.0,-154.08167131849538,80.04859945566618
1.0,22.74903842910047,high,55,1.0,1.0,1.0,1.0,-157.03958457260845,81.5223928838027
1.0,22.74903842910047,high,56,1.0,1.0,1.0,1.0,-159.79462027488088,82.98678570569693
1.0,22.74903842910047,high,57,1.0,1.0,1.0,1.0,-162.65446573682414,84.4510942706149
1.0,22.74903842910047,high,58,1.0,1.0,1.0,1.0,-165.56369654429415,85.92679472892591
1.0,22.74903842910047,high,59,1.0,1.0,1.0,1.0,-168.4001237926177,87.42107791617295
1.0,22.74903842910047,high,60,1.0,1.0,1.0,1.0,-171.29613582162497,88.9264399618547
1.0,22.74903842910047,high,61,1.0,1.0,1.0,1.0,-174.09588433774096,90.42888343787378
1.0,22.74903842910047,high,62,1.0,1.0,1.0,1.0,-176.84768164469986,91.90775307591203
1.0,22.74903842910047,high,63,1.0,1.0,1.0,1.0,-179.6788952123747,93.37166948084106
1.0,22.74903842910047,high,64,1.0,1.0,1.0,1.0,-182.63996014876906,94.82201963566422
1.0,22.74903842910047,high,65,1.0,1.0,1.0,1.0,-185.38636601669415,96.32377127522763
1.0,22.74903842910047,high,66,1.0,1.0,1.0,1.0,-188.2678504908464,97.75939508149494
1.0,22.74903842910047,high,67,1.0,1.0,1.0,1.0,-191.0766473931463,99.25883378433927
1.0,22.74903842910047,high,68,1.0,1.0,1.0,1.0,-193.7993560743204,100.74595134023596
1.0,22.74903842910047,high,69,1.0,1.0,1.0,1.0,-196.64174582553363,102.24584505550774
1.0,22.74903842910047,high,70,1.0,1.0,1.0,1.0,-199.52849398702847,103.70891519079225
1.0,22.74903842910047,high,71,1.0,1.0,1.0,1.0,-202.39931256647284,105.19073934897337
1.0,22.74903842910047,high,72,1.0,1.0,1.0,1.0,-205.34646069950827,106.6690878596898
1.0,22.74903842910047,high,73,1.0,1.0,1.0,1.0,-208.10079950617032,108.13381030646816
1.0,22.74903842910047,high,74,1.0,1.0,1.0,1.0,-211.03731042194676,109.5877862954579
1.0,22.74903842910047,high,75,1.0,1.0,1.0,1.0,-213.74619121019242,111.0979059944157
1.0,22.74903842910047,high,76,1.0,1.0,1.0,1.0,-216.68785655492707,112.57072518783107
1.0,22.74903842910047,high,77,1.0,1.0,1.0,1.0,-219.59639510527654,114.06860543181325
1.0,22.74903842910047,high,78,1.0,1.0,1.0,1.0,-222.47504681113475,115.52610871534927
1.0,22.74903842910047,high,79,1.0,1.0,1.0,1.0,-225.37576218994377,117.00113251901922
1.0,22.74903842910047,high,80,1.0,1.0,1.0,1.0,-228.1834077947412,118.46253900171001
1.0,22.74903842910047,high,81,1.0,1.0,1.0,1.0,-230.93006078521202,119.9089440498835
1.0,22.74903842910047,high,82,1.0,1.0,1.0,1.0,-233.82255831157642,121.38991537609478
1.0,22.74903842910047,high,83,1.0,1.0,1.0,1.0,-236.53569136829066,122.89734999248307
1.0,22.74903842910047,high,84,1.0,1.0,1.0,1.0,-239.31414949893497,124.35773995229007
1.0,22.74903842910047,high,85,1.0,1.0,1.0,1.0,-242.23419700652093,125.86361473377877
1.0,22.74903842910047,high,86,1.0,1.0,1.0,1.0,-245.09193743477545,127.35495064809925
1.0,22.74903842910047,high,87,1.0,1.0,1.0,1.0,-247.95381964210623,128.8419204378739
1.0,22.74903842910047,high,88,1.0,1.0,1.0,1.0,-250.78536688356246,130.28208169055216
1.0,22.74903842910047,high,89,1.0,1.0,1.0,1.0,-253.64631834188037,131.77380844560082
1.0,22.74903842910047,high,90,1.0,1.0,1.0,1.0,-256.33119245760156,133.28741690066133
1.0,22.74903842910047,high,91,1.0,1.0,1.0,1.0,-259.3995102835951,134.71112762604275
1.0,22.74903842910047,high,92,1.0,1.0,1.0,1.0,-262.23882611537726,136.189513288507
1.0,22.74903842910047,high,93,1.0,1.0,1.0,1.0,-265.0633174282978,137.66737191150065
1.0,22.74903842910047,high,94,1.0,1.0,1.0,1.0,-267.9559082533564,139.181173524049
1.0,22.74903842910047,high,95,1.0,1.0,1.0,1.0,-270.8021987429723,140.68874415445183
1.0,22.74903842910047,high,96,1.0,1.0,1.0,1.0,-273.6911609117684,142.13611096285405
1.0,22.74903842910047,high,97,1.0,1.0,1.0,1.0,-276.55692251859074,143.64058579396186
1.0,22.74903842910047,high,98,1.0,1.0,1.0,1.0,-279.3017678811961,145.09323368432894
1.0,22.74903842910047,high,99,1.0,1.0,1.0,1.0,-282.1827364931023,146.6039671517538
1.0,22.74903842910047,high,100,1.0,1.0,1.0,1.0,-285.12562895844314,148.0852125811111
