model,mass_GeV,event_level,status,number_of_crossings,maximum_N_events,peak_coupling_GeV_inv,lower_coupling_GeV_inv,upper_coupling_GeV_inv,is_interpolated
ALP-SU2L,0.01,3.0,upper_boundary_above_scan,1.0,37109978678254.336,1.475238711134399,0.0004551712515413777,,False
ALP-SU2L,0.0113568145534923,3.0,upper_boundary_above_scan,1.0,22654750297436.09,1.235371452702448,0.000400438509543036,,False
ALP-SU2L,0.0128977236802415,3.0,upper_boundary_above_scan,1.0,13436808302162.996,1.0345055445153106,0.0003524111034275418,,False
ALP-SU2L,0.0146477055998689,3.0,upper_boundary_above_scan,1.0,8159412776381.136,0.7254430849431621,0.0003103575249445318,,False
ALP-SU2L,0.0166351276131863,3.0,upper_boundary_above_scan,1.0,4903497920606.829,0.6074892632189962,0.00027334461414034537,,False
ALP-SU2L,0.0188922059376636,3.0,upper_boundary_above_scan,1.0,2932525130017.165,0.425999539118871,0.00024097116736427162,,False
ALP-SU2L,0.0214555279340432,3.0,resolved,2.0,1775571822270.994,0.3567339072109715,0.00021182073242016698,2.727917344033479,False
ALP-SU2L,0.0243666451894203,3.0,resolved,2.0,1057909455869.5356,0.250158297867997,0.0001864738884295254,2.1087696892345,False
ALP-SU2L,0.0276727470706993,3.0,resolved,2.0,638641079407.8031,0.2094836703445237,0.00016420999085349318,1.6156067429231589,False
ALP-SU2L,0.031427425666763,3.0,resolved,2.0,380205590666.2948,0.1754225564972839,0.00014469518451399295,1.2291305346348977,False
ALP-SU2L,0.0356915445191093,3.0,resolved,2.0,231791381366.2922,0.1230144016421195,0.00012755114429679017,0.938228114461726,False
ALP-SU2L,0.040534225223124,3.0,resolved,2.0,138120756214.1434,0.103012806614253,0.00011228150763907145,0.7119746843806529,False
ALP-SU2L,0.046033967892851,3.0,resolved,2.0,83492631836.82222,0.0722373394856089,9.876061784542437e-05,0.546199547311655,False
ALP-SU2L,0.052279923652053,3.0,resolved,2.0,50197209344.01478,0.06049186910983,8.699832950189447e-05,0.4243680046690563,False
ALP-SU2L,0.0593733397787103,3.0,resolved,2.0,30094636607.32911,0.0424196935180019,7.644640261970993e-05,0.3182950155646161,False
ALP-SU2L,0.0674292009288303,3.0,resolved,2.0,18268108928.08256,0.0355224398661759,6.737395113612604e-05,0.2476299859786024,False
ALP-SU2L,0.0765780930438898,3.0,resolved,2.0,10783361507.367731,0.0297466490065655,5.9417493071788643e-05,0.18835701231800828,False
ALP-SU2L,0.0869683201559538,3.0,resolved,2.0,6571969584.830806,0.0208597246640711,5.227854694319478e-05,0.14318709681756292,False
ALP-SU2L,0.0987683084039917,3.0,resolved,2.0,3915571509.669448,0.0174680261348422,4.605506885538257e-05,0.11019957169798794,False
ALP-SU2L,0.1121693362306272,3.0,resolved,2.0,2364090529.033165,0.0122493869987568,4.054792269447485e-05,0.08409944482346621,False
ALP-SU2L,0.1273886350159562,3.0,resolved,2.0,1422857686.950808,0.0102576911093475,3.5690359519030586e-05,0.06408426249711831,False
ALP-SU2L,0.1446729104098734,3.0,resolved,2.0,848967581.6272573,0.0071931669406814,3.1458846658296446e-05,0.04981136013907898,False
ALP-SU2L,0.1643023414438944,3.0,resolved,2.0,520108973.8371612,0.0060235899627441,2.7662513494556013e-05,0.03735624591433747,False
ALP-SU2L,0.1865951222482886,3.0,resolved,2.0,304669202.6751628,0.0042240195890425,2.438025450722042e-05,0.028573357393199886,False
ALP-SU2L,0.2119126199960044,3.0,resolved,2.0,186815198.98007843,0.0035372127755151,2.1463402829459708e-05,0.02193064320431524,False
ALP-SU2L,0.2406652326839314,3.0,resolved,2.0,110582935.22280183,0.0029620776976802,1.885864061614868e-05,0.01661407812317452,False
ALP-SU2L,0.2733190417064491,3.0,resolved,2.0,67332060.37985191,0.0020771457381152,1.6618812476019215e-05,0.01264507999481145,False
ALP-SU2L,0.310403367059838,3.0,resolved,2.0,40484630.36083242,0.0017394110719863,1.4613650214165737e-05,0.00962612639035683,False
ALP-SU2L,0.352519347647819,3.0,resolved,2.0,24354986.624062408,0.0012197554094669,1.2860575131825882e-05,0.007333585616704814,False
ALP-SU2L,0.4003496857754375,3.0,resolved,2.0,14775301.41998152,0.0010214286005117,1.1261605871959105e-05,0.0055432329531039486,False
ALP-SU2L,0.454669713790057,3.0,resolved,2.0,8788339.056668513,0.0007162729276155,9.939419030699991e-06,0.004230163963426982,False
ALP-SU2L,0.5163599622603116,3.0,resolved,2.0,5369500.550807316,0.0005998101327204,8.735703393711935e-06,0.0032160619005565123,False
ALP-SU2L,0.5864204334238656,3.0,resolved,2.0,3182107.0982884234,0.0005022836707116,7.667920746315363e-06,0.0024626280047674418,False
ALP-SU2L,0.6659868112773437,3.0,resolved,2.0,1966519.143025233,0.0003522245168519,6.717888127780694e-06,0.001866512912121205,False
ALP-SU2L,0.7563488710748492,3.0,resolved,2.0,1180340.4607206637,0.0002949543757066,5.900031722594209e-06,0.0014324576481422773,False
ALP-SU2L,0.8589713866540342,3.0,resolved,2.0,718474.5158350962,0.0002068356359852,5.157673969662246e-06,0.0010643378146378004,False
ALP-SU2L,0.9755178744986028,3.0,resolved,2.0,438709.07946568006,0.0001732050807568,4.508453691981907e-06,0.0008116209762241194,False
ALP-SU2L,1.1078775594297636,3.0,resolved,2.0,264018.239634504,0.0001214594051992,3.9292549362929775e-06,0.000614579808151995,False
ALP-SU2L,1.2581959990419505,3.0,resolved,2.0,163351.4816820307,0.0001017106456825,3.414413717090983e-06,0.00046083664511512376,False
ALP-SU2L,1.428909863306546,3.0,resolved,2.0,99863.88772710793,7.132420407669372e-05,2.944136177580911e-06,0.000353218343647201,False
ALP-SU2L,1.622786433122852,3.0,resolved,2.0,63314.13606004968,5.972720546040737e-05,2.523063956834882e-06,0.0002648193093018106,False
ALP-SU2L,1.8429684580899512,3.0,resolved,2.0,38961.97593375949,5.001582728177121e-05,2.156257919263193e-06,0.00019991296789782545,False
ALP-SU2L,2.093025100646328,3.0,resolved,2.0,25586.14665915232,3.507340896492948e-05,1.8330710196819395e-06,0.0001504517692234445,False
ALP-SU2L,2.3770097923844964,3.0,resolved,2.0,16476.62401942559,2.4595094858493616e-05,1.5558763003680786e-06,0.0001129460265603455,False
ALP-SU2L,2.699525940394606,3.0,resolved,2.0,11052.615356424529,2.0596041735732136e-05,1.3322264261243403e-06,8.535411065618756e-05,False
ALP-SU2L,3.065801548740353,3.0,resolved,2.0,6705.259506067724,1.7247216878837446e-05,1.1745558323089892e-06,6.383884065351144e-05,False
ALP-SU2L,3.4817739646853774,3.0,resolved,2.0,3451.655891628712,1.2094545346424157e-05,1.110183555429821e-06,4.7092227865605896e-05,False
ALP-SU2L,3.9541861234109583,3.0,resolved,2.0,1349.6664382656768,1.012802602156392e-05,1.1372337282401127e-06,3.463484373396186e-05,False
ALP-SU2L,4.3,3.0,resolved,2.0,669.3042620099237,8.481253999663866e-06,1.187543141668601e-06,2.8128781319922307e-05,False
ALP-SU2L,4.323529411764706,3.0,resolved,2.0,634.5985318832148,8.481253999663866e-06,1.1943299559689848e-06,2.754794143068612e-05,False
ALP-SU2L,4.347058823529411,3.0,resolved,2.0,596.597020463999,8.481253999663866e-06,1.2031266539268956e-06,2.7189879204216623e-05,False
ALP-SU2L,4.370588235294117,3.0,resolved,2.0,567.5063081537569,8.481253999663866e-06,1.2066027168724134e-06,2.683619720527968e-05,False
ALP-SU2L,4.394117647058823,3.0,resolved,2.0,537.4759939112166,8.481253999663866e-06,1.2127727605130637e-06,2.648479052068661e-05,False
ALP-SU2L,4.417647058823529,3.0,resolved,2.0,521.1727979287488,8.481253999663866e-06,1.2130294151937236e-06,2.617405098932955e-05,False
ALP-SU2L,4.441176470588236,3.0,resolved,2.0,498.313201631397,8.481253999663866e-06,1.2173265127133964e-06,2.582931468746997e-05,False
ALP-SU2L,4.464705882352941,3.0,resolved,2.0,471.3605187354904,8.481253999663866e-06,1.2246155926433451e-06,2.5487408506702615e-05,False
ALP-SU2L,4.488235294117647,3.0,resolved,2.0,438.26190291283,8.481253999663866e-06,1.234633361637953e-06,2.5131558852523913e-05,False
ALP-SU2L,4.490695851357099,3.0,resolved,2.0,435.9620840288098,8.481253999663866e-06,1.2368806635712937e-06,2.5133129524596155e-05,False
ALP-SU2L,4.511764705882353,3.0,resolved,2.0,409.3051972055839,8.481253999663866e-06,1.2486024267705509e-06,2.4782830023907815e-05,False
ALP-SU2L,4.535294117647059,3.0,resolved,2.0,384.0693413531882,8.481253999663866e-06,1.2574011435924469e-06,2.4504856398607917e-05,False
ALP-SU2L,4.5588235294117645,3.0,resolved,2.0,360.7717196099968,8.481253999663866e-06,1.2639727347631725e-06,2.401839444755625e-05,False
ALP-SU2L,4.58235294117647,3.0,resolved,2.0,339.4502187719325,8.481253999663866e-06,1.2740147235059088e-06,2.36499997930225e-05,False
ALP-SU2L,4.605882352941176,3.0,resolved,2.0,318.8245412618569,7.102239790227848e-06,1.2861723132402983e-06,2.33613650055715e-05,False
ALP-SU2L,4.629411764705882,3.0,resolved,2.0,298.63679975619624,7.102239790227848e-06,1.2987304434090292e-06,2.2920895678569172e-05,False
ALP-SU2L,4.652941176470588,3.0,resolved,2.0,277.93754989229683,7.102239790227848e-06,1.3150955930594047e-06,2.2613638989760012e-05,False
ALP-SU2L,4.6764705882352935,3.0,resolved,2.0,252.36178611980435,7.102239790227848e-06,1.3380842545528226e-06,2.2165342321798202e-05,False
ALP-SU2L,4.699999999999999,3.0,resolved,2.0,225.27850073587845,7.102239790227848e-06,1.3680551747455225e-06,2.1779905729995266e-05,False
ALP-SU2L,4.723529411764706,3.0,resolved,2.0,196.6896635682816,7.102239790227848e-06,1.4081398316239794e-06,2.132320907535977e-05,False
ALP-SU2L,4.747058823529412,3.0,resolved,2.0,165.95110107232264,7.102239790227848e-06,1.4606779783854152e-06,2.0823476522196658e-05,False
ALP-SU2L,4.753,3.0,resolved,2.0,157.23998220801678,7.102239790227848e-06,1.4807964868175018e-06,2.064998583911028e-05,False
ALP-SU2L,4.759,3.0,resolved,2.0,138.3850469668448,7.102239790227848e-06,1.5314339261392203e-06,2.0355898096785854e-05,False
ALP-SU2L,4.765,3.0,resolved,2.0,115.5093708478528,7.102239790227848e-06,1.6067203541591606e-06,1.9869134291950704e-05,False
ALP-SU2L,4.770588235294118,3.0,resolved,2.0,94.9544737440363,7.102239790227848e-06,1.6909819394991176e-06,1.9342958789590218e-05,False
ALP-SU2L,4.794117647058823,3.0,resolved,2.0,52.134598598322825,7.102239790227848e-06,1.9860297222915417e-06,1.7835732459309447e-05,False
ALP-SU2L,4.817647058823529,3.0,resolved,2.0,30.59707743592305,7.102239790227848e-06,2.307658590131233e-06,1.640441256196395e-05,False
ALP-SU2L,4.8235,3.0,resolved,2.0,26.706104464174643,7.102239790227848e-06,2.3994764616183024e-06,1.5993498807808918e-05,False
ALP-SU2L,4.8295,3.0,resolved,2.0,23.519576219550423,7.102239790227848e-06,2.4894338655136914e-06,1.5642768445519e-05,False
ALP-SU2L,4.8355,3.0,resolved,2.0,20.682376631100563,7.102239790227848e-06,2.5882996324025492e-06,1.5300035677725998e-05,False
ALP-SU2L,4.841176470588235,3.0,resolved,2.0,18.505340431619867,7.102239790227848e-06,2.677642608475176e-06,1.4998749570922782e-05,False
ALP-SU2L,4.864705882352941,3.0,resolved,2.0,12.175324779757664,7.102239790227848e-06,3.0578831038722514e-06,1.3702012094951778e-05,False
ALP-SU2L,4.8706,3.0,resolved,2.0,11.204160570943246,7.102239790227848e-06,3.143192909074125e-06,1.3413292969442836e-05,False
ALP-SU2L,4.8765,3.0,resolved,2.0,10.42509340075232,7.102239790227848e-06,3.2156144101713596e-06,1.3156015200757452e-05,False
ALP-SU2L,4.8824,3.0,resolved,2.0,9.820495562822552,7.102239790227848e-06,3.2865899803025725e-06,1.2970302349769349e-05,False
ALP-SU2L,4.888235294117647,3.0,resolved,2.0,9.26006125022224,7.102239790227848e-06,3.352172770960514e-06,1.2757075766555432e-05,False
ALP-SU2L,4.911764705882352,3.0,resolved,2.0,8.156909407012982,7.102239790227848e-06,3.4880697726752434e-06,1.2352857441412749e-05,False
ALP-SU2L,4.935294117647058,3.0,resolved,2.0,7.6764661763884465,7.102239790227848e-06,3.5551617295361484e-06,1.2098761578069083e-05,False
ALP-SU2L,4.958823529411765,3.0,resolved,2.0,7.248043240292703,7.102239790227848e-06,3.6102819178621346e-06,1.1776510510757203e-05,False
ALP-SU2L,4.982352941176471,3.0,resolved,2.0,6.8417558533662906,7.102239790227848e-06,3.6648053609670304e-06,1.143402854259868e-05,False
ALP-SU2L,5.005882352941176,3.0,resolved,2.0,6.285710385584825,7.102239790227848e-06,3.775289696647434e-06,1.1075190539028728e-05,False
ALP-SU2L,5.029411764705882,3.0,resolved,2.0,5.593806574227054,7.102239790227848e-06,3.95109903019078e-06,1.0603358985510228e-05,False
ALP-SU2L,5.052941176470588,3.0,resolved,2.0,4.825873101348361,7.102239790227848e-06,4.203592941736551e-06,1.005447157717477e-05,False
ALP-SU2L,5.076470588235294,3.0,resolved,2.0,4.044818631334886,7.102239790227848e-06,4.636199550517147e-06,9.127246571389075e-06,False
ALP-SU2L,5.1,3.0,resolved,2.0,3.35100020994933,7.102239790227848e-06,5.33397612126727e-06,8.035836891934486e-06,False
ALP-SU2L,0.01,10.0,upper_boundary_above_scan,1.0,37109978678254.336,1.475238711134399,0.0006150274987325092,,False
ALP-SU2L,0.0113568145534923,10.0,upper_boundary_above_scan,1.0,22654750297436.09,1.235371452702448,0.0005410726144400074,,False
ALP-SU2L,0.0128977236802415,10.0,upper_boundary_above_scan,1.0,13436808302162.996,1.0345055445153106,0.00047617798146593233,,False
ALP-SU2L,0.0146477055998689,10.0,upper_boundary_above_scan,1.0,8159412776381.136,0.7254430849431621,0.00041935518353585605,,False
ALP-SU2L,0.0166351276131863,10.0,upper_boundary_above_scan,1.0,4903497920606.829,0.6074892632189962,0.0003693433406683761,,False
ALP-SU2L,0.0188922059376636,10.0,upper_boundary_above_scan,1.0,2932525130017.165,0.425999539118871,0.00032560034296683803,,False
ALP-SU2L,0.0214555279340432,10.0,resolved,2.0,1775571822270.994,0.3567339072109715,0.00028621227793609335,2.659271039898636,False
ALP-SU2L,0.0243666451894203,10.0,resolved,2.0,1057909455869.5356,0.250158297867997,0.00025196362732163595,2.0456501546698456,False
ALP-SU2L,0.0276727470706993,10.0,resolved,2.0,638641079407.8031,0.2094836703445237,0.0002218806588555297,1.5703548662056068,False
ALP-SU2L,0.031427425666763,10.0,resolved,2.0,380205590666.2948,0.1754225564972839,0.00019551226289110494,1.1910884784735134,False
ALP-SU2L,0.0356915445191093,10.0,resolved,2.0,231791381366.2922,0.1230144016421195,0.00017234724290961492,0.9122757943907478,False
ALP-SU2L,0.040534225223124,10.0,resolved,2.0,138120756214.1434,0.103012806614253,0.00015171492697788814,0.6899971099562858,False
ALP-SU2L,0.046033967892851,10.0,resolved,2.0,83492631836.82222,0.0722373394856089,0.000133445518461474,0.530918905914636,False
ALP-SU2L,0.052279923652053,10.0,resolved,2.0,50197209344.01478,0.06049186910983,0.00011755233133373407,0.4099627661855312,False
ALP-SU2L,0.0593733397787103,10.0,resolved,2.0,30094636607.32911,0.0424196935180019,0.0001032945859355088,0.30928863279176655,False
ALP-SU2L,0.0674292009288303,10.0,resolved,2.0,18268108928.08256,0.0355224398661759,9.10359205675598e-05,0.23900053356074188,False
ALP-SU2L,0.0765780930438898,10.0,resolved,2.0,10783361507.367731,0.0297466490065655,8.0285446385724e-05,0.1826276483991152,False
ALP-SU2L,0.0869683201559538,10.0,resolved,2.0,6571969584.830806,0.0208597246640711,7.063906687468224e-05,0.1381647584881293,False
ALP-SU2L,0.0987683084039917,10.0,resolved,2.0,3915571509.669448,0.0174680261348422,6.222994583721713e-05,0.1067114558624844,False
ALP-SU2L,0.1121693362306272,10.0,resolved,2.0,2364090529.033165,0.0122493869987568,5.478874106659095e-05,0.08094461906279007,False
ALP-SU2L,0.1273886350159562,10.0,resolved,2.0,1422857686.950808,0.0102576911093475,4.822524756433449e-05,0.062011142207469665,False
ALP-SU2L,0.1446729104098734,10.0,resolved,2.0,848967581.6272573,0.0071931669406814,4.250767585941579e-05,0.047782825872055984,False
ALP-SU2L,0.1643023414438944,10.0,resolved,2.0,520108973.8371612,0.0060235899627441,3.737814484981607e-05,0.03609560448999991,False
ALP-SU2L,0.1865951222482886,10.0,resolved,2.0,304669202.6751628,0.0042240195890425,3.294323936376921e-05,0.027424478725443513,False
ALP-SU2L,0.2119126199960044,10.0,resolved,2.0,186815198.98007843,0.0035372127755151,2.9002146473367582e-05,0.021138702560415213,False
ALP-SU2L,0.2406652326839314,10.0,resolved,2.0,110582935.22280183,0.0029620776976802,2.5482599390267184e-05,0.015914393183767653,False
ALP-SU2L,0.2733190417064491,10.0,resolved,2.0,67332060.37985191,0.0020771457381152,2.2456315864028482e-05,0.012157195457195784,False
ALP-SU2L,0.310403367059838,10.0,resolved,2.0,40484630.36083242,0.0017394110719863,1.9752175053009733e-05,0.009204873852251525,False
ALP-SU2L,0.352519347647819,10.0,resolved,2.0,24354986.624062408,0.0012197554094669,1.737844353607012e-05,0.007008835611921186,False
ALP-SU2L,0.4003496857754375,10.0,resolved,2.0,14775301.41998152,0.0010214286005117,1.52305735195703e-05,0.005298652381552794,False
ALP-SU2L,0.454669713790057,10.0,resolved,2.0,8788339.056668513,0.0007162729276155,1.3432219393973401e-05,0.004016909675804548,False
ALP-SU2L,0.5163599622603116,10.0,resolved,2.0,5369500.550807316,0.0005998101327204,1.1805879141629148e-05,0.003067087626409355,False
ALP-SU2L,0.5864204334238656,10.0,resolved,2.0,3182107.0982884234,0.0005022836707116,1.0364371625293006e-05,0.0023289914698197962,False
ALP-SU2L,0.6659868112773437,10.0,resolved,2.0,1966519.143025233,0.0003522245168519,9.081201494951219e-06,0.0017759958786932224,False
ALP-SU2L,0.7563488710748492,10.0,resolved,2.0,1180340.4607206637,0.0002949543757066,7.976578218714208e-06,0.0013482149526798954,False
ALP-SU2L,0.8589713866540342,10.0,resolved,2.0,718474.5158350962,0.0002068356359852,6.975347286823893e-06,0.0010097501282427808,False
ALP-SU2L,0.9755178744986028,10.0,resolved,2.0,438709.07946568006,0.0001732050807568,6.0977240653462785e-06,0.000764280609746368,False
ALP-SU2L,1.1078775594297636,10.0,resolved,2.0,264018.239634504,0.0001214594051992,5.315515053316631e-06,0.0005777506536726006,False
ALP-SU2L,1.2581959990419505,10.0,resolved,2.0,163351.4816820307,0.0001017106456825,4.620063387151362e-06,0.00043380534581122313,False
ALP-SU2L,1.428909863306546,10.0,resolved,2.0,99863.88772710793,7.132420407669372e-05,3.98511755277508e-06,0.0003285365373549056,False
ALP-SU2L,1.622786433122852,10.0,resolved,2.0,63314.13606004968,5.972720546040737e-05,3.4163833618481766e-06,0.0002481550455441864,False
ALP-SU2L,1.8429684580899512,10.0,resolved,2.0,38961.97593375949,5.001582728177121e-05,2.9207518270857277e-06,0.00018555061152891186,False
ALP-SU2L,2.093025100646328,10.0,resolved,2.0,25586.14665915232,3.507340896492948e-05,2.4840135302881106e-06,0.00013957442580016404,False
ALP-SU2L,2.3770097923844964,10.0,resolved,2.0,16476.62401942559,2.4595094858493616e-05,2.109337778332815e-06,0.00010460472155188087,False
ALP-SU2L,2.699525940394606,10.0,resolved,2.0,11052.615356424529,2.0596041735732136e-05,1.8071239398826377e-06,7.812926346141487e-05,False
ALP-SU2L,3.065801548740353,10.0,resolved,2.0,6705.259506067724,1.7247216878837446e-05,1.5946677516852223e-06,5.866105572825938e-05,False
ALP-SU2L,3.4817739646853774,10.0,resolved,2.0,3451.655891628712,1.2094545346424157e-05,1.509815466388461e-06,4.2925983611209944e-05,False
ALP-SU2L,3.9541861234109583,10.0,resolved,2.0,1349.6664382656768,1.012802602156392e-05,1.5527086694247667e-06,3.109946619720705e-05,False
ALP-SU2L,4.3,10.0,resolved,2.0,669.3042620099237,8.481253999663866e-06,1.6289759132376094e-06,2.5155597829084968e-05,False
ALP-SU2L,4.323529411764706,10.0,resolved,2.0,634.5985318832148,8.481253999663866e-06,1.638911092838766e-06,2.4707406046311502e-05,False
ALP-SU2L,4.347058823529411,10.0,resolved,2.0,596.597020463999,8.481253999663866e-06,1.6517070613264093e-06,2.433570217662256e-05,False
ALP-SU2L,4.370588235294117,10.0,resolved,2.0,567.5063081537569,8.481253999663866e-06,1.6572686387486278e-06,2.396847404481717e-05,False
ALP-SU2L,4.394117647058823,10.0,resolved,2.0,537.4759939112166,8.481253999663866e-06,1.6662257859330412e-06,2.359910419872091e-05,False
ALP-SU2L,4.417647058823529,10.0,resolved,2.0,521.1727979287488,8.481253999663866e-06,1.6673025907630056e-06,2.3288346529235684e-05,False
ALP-SU2L,4.441176470588236,10.0,resolved,2.0,498.313201631397,8.481253999663866e-06,1.6736015340828087e-06,2.2930512524729907e-05,False
ALP-SU2L,4.464705882352941,10.0,resolved,2.0,471.3605187354904,8.481253999663866e-06,1.6842946256265437e-06,2.2578804092756385e-05,False
ALP-SU2L,4.488235294117647,10.0,resolved,2.0,438.26190291283,8.481253999663866e-06,1.6988856933372811e-06,2.2196219348940045e-05,False
ALP-SU2L,4.490695851357099,10.0,resolved,2.0,435.9620840288098,8.481253999663866e-06,1.7022808834843516e-06,2.2199284952089928e-05,False
ALP-SU2L,4.511764705882353,10.0,resolved,2.0,409.3051972055839,8.481253999663866e-06,1.7191082545769292e-06,2.183533389261824e-05,False
ALP-SU2L,4.535294117647059,10.0,resolved,2.0,384.0693413531882,8.481253999663866e-06,1.7325024245055417e-06,2.1561702976548374e-05,False
ALP-SU2L,4.5588235294117645,10.0,resolved,2.0,360.7717196099968,8.481253999663866e-06,1.7426259629351212e-06,2.1200011581112602e-05,False
ALP-SU2L,4.58235294117647,10.0,resolved,2.0,339.4502187719325,8.481253999663866e-06,1.757711707671596e-06,2.0913862155102855e-05,False
ALP-SU2L,4.605882352941176,10.0,resolved,2.0,318.8245412618569,7.102239790227848e-06,1.7760876649588093e-06,2.0667690205786503e-05,False
ALP-SU2L,4.629411764705882,10.0,resolved,2.0,298.63679975619624,7.102239790227848e-06,1.7951811995505253e-06,2.0256491222303486e-05,False
ALP-SU2L,4.652941176470588,10.0,resolved,2.0,277.93754989229683,7.102239790227848e-06,1.8198572491121789e-06,1.9911103416328794e-05,False
ALP-SU2L,4.6764705882352935,10.0,resolved,2.0,252.36178611980435,7.102239790227848e-06,1.854170565067268e-06,1.9438707975069506e-05,False
ALP-SU2L,4.699999999999999,10.0,resolved,2.0,225.27850073587845,7.102239790227848e-06,1.8990888640016246e-06,1.9006785439698213e-05,False
ALP-SU2L,4.723529411764706,10.0,resolved,2.0,196.6896635682816,7.102239790227848e-06,1.9590416796464567e-06,1.851626149813773e-05,False
ALP-SU2L,4.747058823529412,10.0,resolved,2.0,165.95110107232264,7.102239790227848e-06,2.036977158327259e-06,1.797887727408217e-05,False
ALP-SU2L,4.753,10.0,resolved,2.0,157.23998220801678,7.102239790227848e-06,2.0669383983869507e-06,1.7804692761040252e-05,False
ALP-SU2L,4.759,10.0,resolved,2.0,138.3850469668448,7.102239790227848e-06,2.144269260675361e-06,1.7526758065561764e-05,False
ALP-SU2L,4.765,10.0,resolved,2.0,115.5093708478528,7.102239790227848e-06,2.2595149921138504e-06,1.7069840302106064e-05,False
ALP-SU2L,4.770588235294118,10.0,resolved,2.0,94.9544737440363,7.102239790227848e-06,2.388925935662624e-06,1.6458280092987727e-05,False
ALP-SU2L,4.794117647058823,10.0,resolved,2.0,52.134598598322825,7.102239790227848e-06,2.8650330615238916e-06,1.4759761716179668e-05,False
ALP-SU2L,4.817647058823529,10.0,resolved,2.0,30.59707743592305,7.102239790227848e-06,3.4329269465307385e-06,1.3019554298582081e-05,False
ALP-SU2L,4.8235,10.0,resolved,2.0,26.706104464174643,7.102239790227848e-06,3.6169596462370987e-06,1.257354593185196e-05,False
ALP-SU2L,4.8295,10.0,resolved,2.0,23.519576219550423,7.102239790227848e-06,3.8056169060160608e-06,1.218394355582235e-05,False
ALP-SU2L,4.8355,10.0,resolved,2.0,20.682376631100563,7.102239790227848e-06,4.009343751078747e-06,1.1652250022146014e-05,False
ALP-SU2L,4.841176470588235,10.0,resolved,2.0,18.505340431619867,7.102239790227848e-06,4.20144897884649e-06,1.1171797559496885e-05,False
ALP-SU2L,4.864705882352941,10.0,resolved,2.0,12.175324779757664,7.102239790227848e-06,5.376668701702306e-06,9.112477244102073e-06,False
ALP-SU2L,4.8706,10.0,resolved,2.0,11.204160570943246,7.102239790227848e-06,5.750353716278563e-06,8.623112839159125e-06,False
ALP-SU2L,4.8765,10.0,resolved,2.0,10.42509340075232,7.102239790227848e-06,6.399960793695265e-06,7.709341269381261e-06,False
ALP-SU2L,4.880611210494625,10.0,interpolated_closing_point,,10.0,7.102239790227855e-06,7.102239790227855e-06,7.102239790227855e-06,True
ALP-SU2L,4.8824,10.0,outside_mass_reach,0.0,9.820495562822552,7.102239790227848e-06,,,False
ALP-SU2L,4.888235294117647,10.0,outside_mass_reach,0.0,9.26006125022224,7.102239790227848e-06,,,False
ALP-SU2L,4.911764705882352,10.0,outside_mass_reach,0.0,8.156909407012982,7.102239790227848e-06,,,False
ALP-SU2L,4.935294117647058,10.0,outside_mass_reach,0.0,7.6764661763884465,7.102239790227848e-06,,,False
ALP-SU2L,4.958823529411765,10.0,outside_mass_reach,0.0,7.248043240292703,7.102239790227848e-06,,,False
ALP-SU2L,4.982352941176471,10.0,outside_mass_reach,0.0,6.8417558533662906,7.102239790227848e-06,,,False
ALP-SU2L,5.005882352941176,10.0,outside_mass_reach,0.0,6.285710385584825,7.102239790227848e-06,,,False
ALP-SU2L,5.029411764705882,10.0,outside_mass_reach,0.0,5.593806574227054,7.102239790227848e-06,,,False
ALP-SU2L,5.052941176470588,10.0,outside_mass_reach,0.0,4.825873101348361,7.102239790227848e-06,,,False
ALP-SU2L,5.076470588235294,10.0,outside_mass_reach,0.0,4.044818631334886,7.102239790227848e-06,,,False
ALP-SU2L,5.1,10.0,outside_mass_reach,0.0,3.35100020994933,7.102239790227848e-06,,,False
ALP-SU2L,0.01,30.0,upper_boundary_above_scan,1.0,37109978678254.336,1.475238711134399,0.0008094217804344158,,False
ALP-SU2L,0.0113568145534923,30.0,upper_boundary_above_scan,1.0,22654750297436.09,1.235371452702448,0.0007120916857033193,,False
ALP-SU2L,0.0128977236802415,30.0,upper_boundary_above_scan,1.0,13436808302162.996,1.0345055445153106,0.0006266855591710301,,False
ALP-SU2L,0.0146477055998689,30.0,upper_boundary_above_scan,1.0,8159412776381.136,0.7254430849431621,0.0005519025662079656,,False
ALP-SU2L,0.0166351276131863,30.0,upper_boundary_above_scan,1.0,4903497920606.829,0.6074892632189962,0.00048608329034205167,,False
ALP-SU2L,0.0188922059376636,30.0,upper_boundary_above_scan,1.0,2932525130017.165,0.425999539118871,0.00042851428283768205,,False
ALP-SU2L,0.0214555279340432,30.0,resolved,2.0,1775571822270.994,0.3567339072109715,0.0003766766959669158,2.5981404374175536,False
ALP-SU2L,0.0243666451894203,30.0,resolved,2.0,1057909455869.5356,0.250158297867997,0.0003316029579767054,1.98813998967359,False
ALP-SU2L,0.0276727470706993,30.0,resolved,2.0,638641079407.8031,0.2094836703445237,0.00029201156245259487,1.530169870962042,False
ALP-SU2L,0.031427425666763,30.0,resolved,2.0,380205590666.2948,0.1754225564972839,0.0002573088327793318,1.1574038148165608,False
ALP-SU2L,0.0356915445191093,30.0,resolved,2.0,231791381366.2922,0.1230144016421195,0.00022682198885510475,0.8892214736535239,False
ALP-SU2L,0.040534225223124,30.0,resolved,2.0,138120756214.1434,0.103012806614253,0.00019966836218030835,0.6705353054215166,False
ALP-SU2L,0.046033967892851,30.0,resolved,2.0,83492631836.82222,0.0722373394856089,0.0001756245009210318,0.5173488080562562,False
ALP-SU2L,0.052279923652053,30.0,resolved,2.0,50197209344.01478,0.06049186910983,0.00015470794610155113,0.3972452397041557,False
ALP-SU2L,0.0593733397787103,30.0,resolved,2.0,30094636607.32911,0.0424196935180019,0.00013594374890890713,0.3012929556212022,False
ALP-SU2L,0.0674292009288303,30.0,resolved,2.0,18268108928.08256,0.0355224398661759,0.00011981047986132436,0.2313889176625179,False
ALP-SU2L,0.0765780930438898,30.0,resolved,2.0,10783361507.367731,0.0297466490065655,0.0001056623055090381,0.17755186573540868,False
ALP-SU2L,0.0869683201559538,30.0,resolved,2.0,6571969584.830806,0.0208597246640711,9.29668756880833e-05,0.13373579830871896,False
ALP-SU2L,0.0987683084039917,30.0,resolved,2.0,3915571509.669448,0.0174680261348422,8.189991690722381e-05,0.1036250154833032,False
ALP-SU2L,0.1121693362306272,30.0,resolved,2.0,2364090529.033165,0.0122493869987568,7.210682268396741e-05,0.07816925381866681,False
ALP-SU2L,0.1273886350159562,30.0,resolved,2.0,1422857686.950808,0.0102576911093475,6.346891457596846e-05,0.06006378987990947,False
ALP-SU2L,0.1446729104098734,30.0,resolved,2.0,848967581.6272573,0.0071931669406814,5.594429861076919e-05,0.04600397971393359,False
ALP-SU2L,0.1643023414438944,30.0,resolved,2.0,520108973.8371612,0.0060235899627441,4.9193551930936265e-05,0.03479625469432944,False
ALP-SU2L,0.1865951222482886,30.0,resolved,2.0,304669202.6751628,0.0042240195890425,4.335706732018515e-05,0.026416494360662734,False
ALP-SU2L,0.2119126199960044,30.0,resolved,2.0,186815198.98007843,0.0035372127755151,3.817061992414772e-05,0.020300596388100695,False
ALP-SU2L,0.2406652326839314,30.0,resolved,2.0,110582935.22280183,0.0029620776976802,3.3538705686279895e-05,0.015301681516869137,False
ALP-SU2L,0.2733190417064491,30.0,resolved,2.0,67332060.37985191,0.0020771457381152,2.955613839102861e-05,0.01161636904640976,False
ALP-SU2L,0.310403367059838,30.0,resolved,2.0,40484630.36083242,0.0017394110719863,2.600686892952033e-05,0.008836591547157538,False
ALP-SU2L,0.352519347647819,30.0,resolved,2.0,24354986.624062408,0.0012197554094669,2.287400598856283e-05,0.006685370074556721,False
ALP-SU2L,0.4003496857754375,30.0,resolved,2.0,14775301.41998152,0.0010214286005117,2.006531341196611e-05,0.005084903738161951,False
ALP-SU2L,0.454669713790057,30.0,resolved,2.0,8788339.056668513,0.0007162729276155,1.7682257051612503e-05,0.0038299917744767766,False
ALP-SU2L,0.5163599622603116,30.0,resolved,2.0,5369500.550807316,0.0005998101327204,1.554215278229377e-05,0.0029293763421354767,False
ALP-SU2L,0.5864204334238656,30.0,resolved,2.0,3182107.0982884234,0.0005022836707116,1.3647760177747401e-05,0.002213387467265642,False
ALP-SU2L,0.6659868112773437,30.0,resolved,2.0,1966519.143025233,0.0003522245168519,1.1959857959141184e-05,0.0016841383223653063,False
ALP-SU2L,0.7563488710748492,30.0,resolved,2.0,1180340.4607206637,0.0002949543757066,1.0506692570184862e-05,0.001275674875944773,False
ALP-SU2L,0.8589713866540342,30.0,resolved,2.0,718474.5158350962,0.0002068356359852,9.192383139622065e-06,0.0009506663244648079,False
ALP-SU2L,0.9755178744986028,30.0,resolved,2.0,438709.07946568006,0.0001732050807568,8.037230140053124e-06,0.0007234965865603276,False
ALP-SU2L,1.1078775594297636,30.0,resolved,2.0,264018.239634504,0.0001214594051992,7.0082435398579645e-06,0.000542269629635748,False
ALP-SU2L,1.2581959990419505,30.0,resolved,2.0,163351.4816820307,0.0001017106456825,6.0938381091560125e-06,0.0004073851502057526,False
ALP-SU2L,1.428909863306546,30.0,resolved,2.0,99863.88772710793,7.132420407669372e-05,5.2596157840887115e-06,0.00030729375678578295,False
ALP-SU2L,1.622786433122852,30.0,resolved,2.0,63314.13606004968,5.972720546040737e-05,4.512001846399776e-06,0.00023013671966884807,False
ALP-SU2L,1.8429684580899512,30.0,resolved,2.0,38961.97593375949,5.001582728177121e-05,3.860039607922575e-06,0.00017334738140326918,False
ALP-SU2L,2.093025100646328,30.0,resolved,2.0,25586.14665915232,3.507340896492948e-05,3.285136555652904e-06,0.0001290071818329894,False
ALP-SU2L,2.3770097923844964,30.0,resolved,2.0,16476.62401942559,2.4595094858493616e-05,2.7915635523253094e-06,9.628338209391491e-05,False
ALP-SU2L,2.699525940394606,30.0,resolved,2.0,11052.615356424529,2.0596041735732136e-05,2.3932684342106754e-06,7.202882800560567e-05,False
ALP-SU2L,3.065801548740353,30.0,resolved,2.0,6705.259506067724,1.7247216878837446e-05,2.11484011801962e-06,5.3320469905660543e-05,False
ALP-SU2L,3.4817739646853774,30.0,resolved,2.0,3451.655891628712,1.2094545346424157e-05,2.0080870406479763e-06,3.873918565076048e-05,False
ALP-SU2L,3.9541861234109583,30.0,resolved,2.0,1349.6664382656768,1.012802602156392e-05,2.0786825618530145e-06,2.7806297297398377e-05,False
ALP-SU2L,4.3,30.0,resolved,2.0,669.3042620099237,8.481253999663866e-06,2.199834553659159e-06,2.2104952508666878e-05,False
ALP-SU2L,4.323529411764706,30.0,resolved,2.0,634.5985318832148,8.481253999663866e-06,2.214851822613776e-06,2.166698154730844e-05,False
ALP-SU2L,4.347058823529411,30.0,resolved,2.0,596.597020463999,8.481253999663866e-06,2.234615806712352e-06,2.1335263658587796e-05,False
ALP-SU2L,4.370588235294117,30.0,resolved,2.0,567.5063081537569,8.481253999663866e-06,2.2438060893618e-06,2.105092930544676e-05,False
ALP-SU2L,4.394117647058823,30.0,resolved,2.0,537.4759939112166,8.481253999663866e-06,2.257894955363793e-06,2.076234830447125e-05,False
ALP-SU2L,4.417647058823529,30.0,resolved,2.0,521.1727979287488,8.481253999663866e-06,2.260513932126583e-06,2.051985279219809e-05,False
ALP-SU2L,4.441176470588236,30.0,resolved,2.0,498.313201631397,8.481253999663866e-06,2.270859096409512e-06,2.014631823057323e-05,False
ALP-SU2L,4.464705882352941,30.0,resolved,2.0,471.3605187354904,8.481253999663866e-06,2.2876226845735726e-06,1.97823816257843e-05,False
ALP-SU2L,4.488235294117647,30.0,resolved,2.0,438.26190291283,8.481253999663866e-06,2.310852652243084e-06,1.9374226316497363e-05,False
ALP-SU2L,4.490695851357099,30.0,resolved,2.0,435.9620840288098,8.481253999663866e-06,2.3155721595528985e-06,1.937844811385295e-05,False
ALP-SU2L,4.511764705882353,30.0,resolved,2.0,409.3051972055839,8.481253999663866e-06,2.340809689302081e-06,1.9001734930841248e-05,False
ALP-SU2L,4.535294117647059,30.0,resolved,2.0,384.0693413531882,8.481253999663866e-06,2.3617119705630916e-06,1.8709954791907528e-05,False
ALP-SU2L,4.5588235294117645,30.0,resolved,2.0,360.7717196099968,8.481253999663866e-06,2.3775466506952583e-06,1.835081943206189e-05,False
ALP-SU2L,4.58235294117647,30.0,resolved,2.0,339.4502187719325,8.481253999663866e-06,2.4006579055484037e-06,1.8059800583109766e-05,False
ALP-SU2L,4.605882352941176,30.0,resolved,2.0,318.8245412618569,7.102239790227848e-06,2.428512458943838e-06,1.779480442987385e-05,False
ALP-SU2L,4.629411764705882,30.0,resolved,2.0,298.63679975619624,7.102239790227848e-06,2.4583169285939253e-06,1.7482573576642718e-05,False
ALP-SU2L,4.652941176470588,30.0,resolved,2.0,277.93754989229683,7.102239790227848e-06,2.497288916185695e-06,1.7193030431925103e-05,False
ALP-SU2L,4.6764705882352935,30.0,resolved,2.0,252.36178611980435,7.102239790227848e-06,2.552462402518074e-06,1.669210367676516e-05,False
ALP-SU2L,4.699999999999999,30.0,resolved,2.0,225.27850073587845,7.102239790227848e-06,2.624074778863899e-06,1.6212874978001684e-05,False
ALP-SU2L,4.723529411764706,30.0,resolved,2.0,196.6896635682816,7.102239790227848e-06,2.7206556957773128e-06,1.5685227938603935e-05,False
ALP-SU2L,4.747058823529412,30.0,resolved,2.0,165.95110107232264,7.102239790227848e-06,2.846017941429883e-06,1.510416139869888e-05,False
ALP-SU2L,4.753,30.0,resolved,2.0,157.23998220801678,7.102239790227848e-06,2.8924981041476664e-06,1.4932830700534653e-05,False
ALP-SU2L,4.759,30.0,resolved,2.0,138.3850469668448,7.102239790227848e-06,3.0187887079185276e-06,1.4603047205379077e-05,False
ALP-SU2L,4.765,30.0,resolved,2.0,115.5093708478528,7.102239790227848e-06,3.21349114579527e-06,1.4012493253528145e-05,False
ALP-SU2L,4.770588235294118,30.0,resolved,2.0,94.9544737440363,7.102239790227848e-06,3.4357455063235146e-06,1.3309265511235948e-05,False
ALP-SU2L,4.794117647058823,30.0,resolved,2.0,52.134598598322825,7.102239790227848e-06,4.407134978242725e-06,1.1073698520942442e-05,False
ALP-SU2L,4.817647058823529,30.0,resolved,2.0,30.59707743592305,7.102239790227848e-06,6.826081760250624e-06,7.466318509716413e-06,False
ALP-SU2L,4.818495103879148,30.0,interpolated_closing_point,,30.0,7.102239790227855e-06,7.102239790227855e-06,7.102239790227855e-06,True
ALP-SU2L,4.8235,30.0,outside_mass_reach,0.0,26.706104464174643,7.102239790227848e-06,,,False
ALP-SU2L,4.8295,30.0,outside_mass_reach,0.0,23.519576219550423,7.102239790227848e-06,,,False
ALP-SU2L,4.8355,30.0,outside_mass_reach,0.0,20.682376631100563,7.102239790227848e-06,,,False
ALP-SU2L,4.841176470588235,30.0,outside_mass_reach,0.0,18.505340431619867,7.102239790227848e-06,,,False
ALP-SU2L,4.864705882352941,30.0,outside_mass_reach,0.0,12.175324779757664,7.102239790227848e-06,,,False
ALP-SU2L,4.8706,30.0,outside_mass_reach,0.0,11.204160570943246,7.102239790227848e-06,,,False
ALP-SU2L,4.8765,30.0,outside_mass_reach,0.0,10.42509340075232,7.102239790227848e-06,,,False
ALP-SU2L,4.8824,30.0,outside_mass_reach,0.0,9.820495562822552,7.102239790227848e-06,,,False
ALP-SU2L,4.888235294117647,30.0,outside_mass_reach,0.0,9.26006125022224,7.102239790227848e-06,,,False
ALP-SU2L,4.911764705882352,30.0,outside_mass_reach,0.0,8.156909407012982,7.102239790227848e-06,,,False
ALP-SU2L,4.935294117647058,30.0,outside_mass_reach,0.0,7.6764661763884465,7.102239790227848e-06,,,False
ALP-SU2L,4.958823529411765,30.0,outside_mass_reach,0.0,7.248043240292703,7.102239790227848e-06,,,False
ALP-SU2L,4.982352941176471,30.0,outside_mass_reach,0.0,6.8417558533662906,7.102239790227848e-06,,,False
ALP-SU2L,5.005882352941176,30.0,outside_mass_reach,0.0,6.285710385584825,7.102239790227848e-06,,,False
ALP-SU2L,5.029411764705882,30.0,outside_mass_reach,0.0,5.593806574227054,7.102239790227848e-06,,,False
ALP-SU2L,5.052941176470588,30.0,outside_mass_reach,0.0,4.825873101348361,7.102239790227848e-06,,,False
ALP-SU2L,5.076470588235294,30.0,outside_mass_reach,0.0,4.044818631334886,7.102239790227848e-06,,,False
ALP-SU2L,5.1,30.0,outside_mass_reach,0.0,3.35100020994933,7.102239790227848e-06,,,False
ALP-SU2L,0.01,100.0,upper_boundary_above_scan,1.0,37109978678254.336,1.475238711134399,0.0010936910251938274,,False
ALP-SU2L,0.0113568145534923,100.0,upper_boundary_above_scan,1.0,22654750297436.09,1.235371452702448,0.0009621786132705896,,False
ALP-SU2L,0.0128977236802415,100.0,upper_boundary_above_scan,1.0,13436808302162.996,1.0345055445153106,0.0008467778630779596,,False
ALP-SU2L,0.0146477055998689,100.0,upper_boundary_above_scan,1.0,8159412776381.136,0.7254430849431621,0.0007457311075124287,,False
ALP-SU2L,0.0166351276131863,100.0,upper_boundary_above_scan,1.0,4903497920606.829,0.6074892632189962,0.0006567961347514631,,False
ALP-SU2L,0.0188922059376636,100.0,upper_boundary_above_scan,1.0,2932525130017.165,0.425999539118871,0.0005790089225158661,,False
ALP-SU2L,0.0214555279340432,100.0,resolved,2.0,1775571822270.994,0.3567339072109715,0.0005089660054513355,2.5327598865580874,False
ALP-SU2L,0.0243666451894203,100.0,resolved,2.0,1057909455869.5356,0.250158297867997,0.00044806242953731554,1.926969558574136,False
ALP-SU2L,0.0276727470706993,100.0,resolved,2.0,638641079407.8031,0.2094836703445237,0.0003945666002723828,1.4873110139654417,False
ALP-SU2L,0.031427425666763,100.0,resolved,2.0,380205590666.2948,0.1754225564972839,0.00034767631748480504,1.121581727833968,False
ALP-SU2L,0.0356915445191093,100.0,resolved,2.0,231791381366.2922,0.1230144016421195,0.0003064825770125608,0.8640324141118982,False
ALP-SU2L,0.040534225223124,100.0,resolved,2.0,138120756214.1434,0.103012806614253,0.00026979270013134324,0.6498369015282847,False
ALP-SU2L,0.046033967892851,100.0,resolved,2.0,83492631836.82222,0.0722373394856089,0.00023730472516662364,0.5007703543156071,False
ALP-SU2L,0.052279923652053,100.0,resolved,2.0,50197209344.01478,0.06049186910983,0.000209042365381018,0.383760687731756,False
ALP-SU2L,0.0593733397787103,100.0,resolved,2.0,30094636607.32911,0.0424196935180019,0.0001836883341645327,0.29058083548145025,False
ALP-SU2L,0.0674292009288303,100.0,resolved,2.0,18268108928.08256,0.0355224398661759,0.0001618892292835137,0.22332543679166136,False
ALP-SU2L,0.0765780930438898,100.0,resolved,2.0,10783361507.367731,0.0297466490065655,0.00014277234575174374,0.17096595284931282,False
ALP-SU2L,0.0869683201559538,100.0,resolved,2.0,6571969584.830806,0.0208597246640711,0.0001256184866685625,0.12904496763478568,False
ALP-SU2L,0.0987683084039917,100.0,resolved,2.0,3915571509.669448,0.0174680261348422,0.00011066506221656222,0.09940905278652779,False
ALP-SU2L,0.1121693362306272,100.0,resolved,2.0,2364090529.033165,0.0122493869987568,9.743288593695848e-05,0.07523688754493424,False
ALP-SU2L,0.1273886350159562,100.0,resolved,2.0,1422857686.950808,0.0102576911093475,8.576155433286065e-05,0.05742681987898263,False
ALP-SU2L,0.1446729104098734,100.0,resolved,2.0,848967581.6272573,0.0071931669406814,7.559468842944269e-05,0.044130498463701054,False
ALP-SU2L,0.1643023414438944,100.0,resolved,2.0,520108973.8371612,0.0060235899627441,6.647347215044127e-05,0.033222305565174415,False
ALP-SU2L,0.1865951222482886,100.0,resolved,2.0,304669202.6751628,0.0042240195890425,5.8587553938655274e-05,0.02535433892578566,False
ALP-SU2L,0.2119126199960044,100.0,resolved,2.0,186815198.98007843,0.0035372127755151,5.158024779585398e-05,0.019324315571755183,False
ALP-SU2L,0.2406652326839314,100.0,resolved,2.0,110582935.22280183,0.0029620776976802,4.532197531953554e-05,0.014657266820755499,False
ALP-SU2L,0.2733190417064491,100.0,resolved,2.0,67332060.37985191,0.0020771457381152,3.9941714335291225e-05,0.011051266867564752,False
ALP-SU2L,0.310403367059838,100.0,resolved,2.0,40484630.36083242,0.0017394110719863,3.516436903623938e-05,0.008408274110683242,False
ALP-SU2L,0.352519347647819,100.0,resolved,2.0,24354986.624062408,0.0012197554094669,3.091401709055243e-05,0.0063480020230840305,False
ALP-SU2L,0.4003496857754375,100.0,resolved,2.0,14775301.41998152,0.0010214286005117,2.714410232237786e-05,0.00480263846293938,False
ALP-SU2L,0.454669713790057,100.0,resolved,2.0,8788339.056668513,0.0007162729276155,2.390394546990049e-05,0.003635121843209341,False
ALP-SU2L,0.5163599622603116,100.0,resolved,2.0,5369500.550807316,0.0005998101327204,2.101242834377551e-05,0.0027522326450538787,False
ALP-SU2L,0.5864204334238656,100.0,resolved,2.0,3182107.0982884234,0.0005022836707116,1.8459227465923336e-05,0.0020932761751625323,False
ALP-SU2L,0.6659868112773437,100.0,resolved,2.0,1966519.143025233,0.0003522245168519,1.618131315656517e-05,0.0015775204020464252,False
ALP-SU2L,0.7563488710748492,100.0,resolved,2.0,1180340.4607206637,0.0002949543757066,1.4219289315825927e-05,0.0011953929500011352,False
ALP-SU2L,0.8589713866540342,100.0,resolved,2.0,718474.5158350962,0.0002068356359852,1.2451383367905131e-05,0.0008898790830776675,False
ALP-SU2L,0.9755178744986028,100.0,resolved,2.0,438709.07946568006,0.0001732050807568,1.089035105426421e-05,0.0006709857764049903,False
ALP-SU2L,1.1078775594297636,100.0,resolved,2.0,264018.239634504,0.0001214594051992,9.502634614746246e-06,0.0005058833259704241,False
ALP-SU2L,1.2581959990419505,100.0,resolved,2.0,163351.4816820307,0.0001017106456825,8.270244031994641e-06,0.00037622704616914335,False
ALP-SU2L,1.428909863306546,100.0,resolved,2.0,99863.88772710793,7.132420407669372e-05,7.144499955840405e-06,0.00028292921768012194,False
ALP-SU2L,1.622786433122852,100.0,resolved,2.0,63314.13606004968,5.972720546040737e-05,6.137092787368575e-06,0.00021156972698574056,False
ALP-SU2L,1.8429684580899512,100.0,resolved,2.0,38961.97593375949,5.001582728177121e-05,5.258096482288291e-06,0.00015730003228601777,False
ALP-SU2L,2.093025100646328,100.0,resolved,2.0,25586.14665915232,3.507340896492948e-05,4.481004303457751e-06,0.00011737727230274844,False
ALP-SU2L,2.3770097923844964,100.0,resolved,2.0,16476.62401942559,2.4595094858493616e-05,3.8140349925104866e-06,8.709580735597131e-05,False
ALP-SU2L,2.699525940394606,100.0,resolved,2.0,11052.615356424529,2.0596041735732136e-05,3.275970648827887e-06,6.428492980924729e-05,False
ALP-SU2L,3.065801548740353,100.0,resolved,2.0,6705.259506067724,1.7247216878837446e-05,2.9015898023088332e-06,4.7420712279512895e-05,False
ALP-SU2L,3.4817739646853774,100.0,resolved,2.0,3451.655891628712,1.2094545346424157e-05,2.773876611072596e-06,3.410224630547495e-05,False
ALP-SU2L,3.9541861234109583,100.0,resolved,2.0,1349.6664382656768,1.012802602156392e-05,2.9126318138602377e-06,2.3909213460359744e-05,False
ALP-SU2L,4.3,100.0,resolved,2.0,669.3042620099237,8.481253999663866e-06,3.145756972606761e-06,1.847007694666067e-05,False
ALP-SU2L,4.323529411764706,100.0,resolved,2.0,634.5985318832148,8.481253999663866e-06,3.173243655507014e-06,1.8077536671013463e-05,False
ALP-SU2L,4.347058823529411,100.0,resolved,2.0,596.597020463999,8.481253999663866e-06,3.2093328639530377e-06,1.7745919376763075e-05,False
ALP-SU2L,4.370588235294117,100.0,resolved,2.0,567.5063081537569,8.481253999663866e-06,3.2294243552715565e-06,1.747198514342871e-05,False
ALP-SU2L,4.394117647058823,100.0,resolved,2.0,537.4759939112166,8.481253999663866e-06,3.256968814705077e-06,1.7171969919395558e-05,False
ALP-SU2L,4.417647058823529,100.0,resolved,2.0,521.1727979287488,8.481253999663866e-06,3.2645843480399783e-06,1.6899210774090806e-05,False
ALP-SU2L,4.441176470588236,100.0,resolved,2.0,498.313201631397,8.481253999663866e-06,3.2859037711030996e-06,1.6548906290447645e-05,False
ALP-SU2L,4.464705882352941,100.0,resolved,2.0,471.3605187354904,8.481253999663866e-06,3.318313897341533e-06,1.6203781151900076e-05,False
ALP-SU2L,4.488235294117647,100.0,resolved,2.0,438.26190291283,8.481253999663866e-06,3.363251323292979e-06,1.5807565816193462e-05,False
ALP-SU2L,4.490695851357099,100.0,resolved,2.0,435.9620840288098,8.481253999663866e-06,3.371488263203722e-06,1.5806521427574872e-05,False
ALP-SU2L,4.511764705882353,100.0,resolved,2.0,409.3051972055839,8.481253999663866e-06,3.416709121370402e-06,1.545493376485226e-05,False
ALP-SU2L,4.535294117647059,100.0,resolved,2.0,384.0693413531882,8.481253999663866e-06,3.45794902409375e-06,1.5168724730590915e-05,False
ALP-SU2L,4.5588235294117645,100.0,resolved,2.0,360.7717196099968,8.481253999663866e-06,3.491575196717241e-06,1.484054738654004e-05,False
ALP-SU2L,4.58235294117647,100.0,resolved,2.0,339.4502187719325,8.481253999663866e-06,3.5436219679551648e-06,1.4573138777647908e-05,False
ALP-SU2L,4.605882352941176,100.0,resolved,2.0,318.8245412618569,7.102239790227848e-06,3.6044798619057404e-06,1.4247896863739702e-05,False
ALP-SU2L,4.629411764705882,100.0,resolved,2.0,298.63679975619624,7.102239790227848e-06,3.671362578661298e-06,1.3847961236650577e-05,False
ALP-SU2L,4.652941176470588,100.0,resolved,2.0,277.93754989229683,7.102239790227848e-06,3.7534512042312508e-06,1.3463199667744628e-05,False
ALP-SU2L,4.6764705882352935,100.0,resolved,2.0,252.36178611980435,7.102239790227848e-06,3.867815734106745e-06,1.2981358613870993e-05,False
ALP-SU2L,4.699999999999999,100.0,resolved,2.0,225.27850073587845,7.102239790227848e-06,4.0180629283962605e-06,1.2507105664860307e-05,False
ALP-SU2L,4.723529411764706,100.0,resolved,2.0,196.6896635682816,7.102239790227848e-06,4.229467062292852e-06,1.1928890465803172e-05,False
ALP-SU2L,4.747058823529412,100.0,resolved,2.0,165.95110107232264,7.102239790227848e-06,4.570343552736877e-06,1.1034854729123499e-05,False
ALP-SU2L,4.753,100.0,resolved,2.0,157.23998220801678,7.102239790227848e-06,4.696066885457608e-06,1.0792028817464639e-05,False
ALP-SU2L,4.759,100.0,resolved,2.0,138.3850469668448,7.102239790227848e-06,5.027615742240263e-06,1.0261721344788735e-05,False
ALP-SU2L,4.765,100.0,resolved,2.0,115.5093708478528,7.102239790227848e-06,5.7577625949058626e-06,9.055394905852114e-06,False
ALP-SU2L,4.76911177909696,100.0,interpolated_closing_point,,100.0,7.102239790227855e-06,7.102239790227855e-06,7.102239790227855e-06,True
ALP-SU2L,4.770588235294118,100.0,outside_mass_reach,0.0,94.9544737440363,7.102239790227848e-06,,,False
ALP-SU2L,4.794117647058823,100.0,outside_mass_reach,0.0,52.134598598322825,7.102239790227848e-06,,,False
ALP-SU2L,4.817647058823529,100.0,outside_mass_reach,0.0,30.59707743592305,7.102239790227848e-06,,,False
ALP-SU2L,4.8235,100.0,outside_mass_reach,0.0,26.706104464174643,7.102239790227848e-06,,,False
ALP-SU2L,4.8295,100.0,outside_mass_reach,0.0,23.519576219550423,7.102239790227848e-06,,,False
ALP-SU2L,4.8355,100.0,outside_mass_reach,0.0,20.682376631100563,7.102239790227848e-06,,,False
ALP-SU2L,4.841176470588235,100.0,outside_mass_reach,0.0,18.505340431619867,7.102239790227848e-06,,,False
ALP-SU2L,4.864705882352941,100.0,outside_mass_reach,0.0,12.175324779757664,7.102239790227848e-06,,,False
ALP-SU2L,4.8706,100.0,outside_mass_reach,0.0,11.204160570943246,7.102239790227848e-06,,,False
ALP-SU2L,4.8765,100.0,outside_mass_reach,0.0,10.42509340075232,7.102239790227848e-06,,,False
ALP-SU2L,4.8824,100.0,outside_mass_reach,0.0,9.820495562822552,7.102239790227848e-06,,,False
ALP-SU2L,4.888235294117647,100.0,outside_mass_reach,0.0,9.26006125022224,7.102239790227848e-06,,,False
ALP-SU2L,4.911764705882352,100.0,outside_mass_reach,0.0,8.156909407012982,7.102239790227848e-06,,,False
ALP-SU2L,4.935294117647058,100.0,outside_mass_reach,0.0,7.6764661763884465,7.102239790227848e-06,,,False
ALP-SU2L,4.958823529411765,100.0,outside_mass_reach,0.0,7.248043240292703,7.102239790227848e-06,,,False
ALP-SU2L,4.982352941176471,100.0,outside_mass_reach,0.0,6.8417558533662906,7.102239790227848e-06,,,False
ALP-SU2L,5.005882352941176,100.0,outside_mass_reach,0.0,6.285710385584825,7.102239790227848e-06,,,False
ALP-SU2L,5.029411764705882,100.0,outside_mass_reach,0.0,5.593806574227054,7.102239790227848e-06,,,False
ALP-SU2L,5.052941176470588,100.0,outside_mass_reach,0.0,4.825873101348361,7.102239790227848e-06,,,False
ALP-SU2L,5.076470588235294,100.0,outside_mass_reach,0.0,4.044818631334886,7.102239790227848e-06,,,False
ALP-SU2L,5.1,100.0,outside_mass_reach,0.0,3.35100020994933,7.102239790227848e-06,,,False
ALP-photon-primary,0.02,3.0,resolved,2.0,38158719250.873695,0.0005802783448666,4.4354205602665227e-07,0.0073268760157848755,False
ALP-photon-primary,0.0222838276839168,3.0,resolved,2.0,24183532738.64111,0.0004908051271653,4.057716823776427e-07,0.0059856868463822235,False
ALP-photon-primary,0.0248284488123249,3.0,resolved,2.0,15611455824.304905,0.0003511191734215,3.7265255333347665e-07,0.004702964952761328,False
ALP-photon-primary,0.0276636437496399,3.0,resolved,2.0,9780790221.245388,0.0002969800477406,3.40543097580622e-07,0.003816682765890114,False
ALP-photon-primary,0.030822593521312,3.0,resolved,2.0,6307004319.347919,0.0002511886431509,3.0905801775399754e-07,0.002875921920268005,False
ALP-photon-primary,0.0343422681400164,3.0,resolved,2.0,4034331830.1018906,0.000212457823103,2.8272384895272335e-07,0.002353371319412677,False
ALP-photon-primary,0.0382638592753497,3.0,resolved,2.0,2596092905.468104,0.0001519911082952,2.587831441659935e-07,0.0019030535977677852,False
ALP-photon-primary,0.0426332623306768,3.0,resolved,2.0,1671202804.9147313,0.0001285555731913,2.3719889087877747e-07,0.0015217687609754482,False
ALP-photon-primary,0.0475016135690013,3.0,resolved,2.0,1084582931.770614,0.0001087335672719,2.176343022225447e-07,0.0011874337409600972,False
ALP-photon-primary,0.0529258885739815,3.0,resolved,2.0,682586895.9880766,7.778737048694304e-05,1.9923090136924173e-07,0.0009441628815228811,False
ALP-photon-primary,0.0589695690500394,3.0,resolved,2.0,434569575.3716111,6.579332246575683e-05,1.831498334008754e-07,0.0007600412079463459,False
ALP-photon-primary,0.0657033857652957,3.0,resolved,2.0,275221349.8324426,5.564863876983289e-05,1.6734201948080545e-07,0.0005945831344484795,False
ALP-photon-primary,0.0732061463321883,3.0,resolved,2.0,172639847.4192911,4.706816559609249e-05,1.5415380701711192e-07,0.0004794066754019294,False
ALP-photon-primary,0.0815656575135043,3.0,resolved,2.0,107970549.72130512,3.3672295752114224e-05,1.4045759948675077e-07,0.000379596547263481,False
ALP-photon-primary,0.0908797528478154,3.0,resolved,2.0,68233427.59549874,2.848035868435799e-05,1.2893982000437106e-07,0.000309198565001539,False
ALP-photon-primary,0.1012574376208835,3.0,resolved,2.0,42395618.33983184,2.408896728518304e-05,1.1855266360049089e-07,0.0002404396759536608,False
ALP-photon-primary,0.1128201645829364,3.0,resolved,2.0,26287297.06998033,2.037468528039706e-05,1.0961241130041263e-07,0.00019048626775880156,False
ALP-photon-primary,0.1257032553418647,3.0,resolved,2.0,16420900.054884477,1.457593300969294e-05,1.0130780604271123e-07,0.00014733469281332353,False
ALP-photon-primary,0.1400574840672757,3.0,resolved,2.0,10204852.045351034,1.2328467394420658e-05,9.299510386712007e-08,0.0001190724805566545,False
ALP-photon-primary,0.156050842039905,3.0,resolved,2.0,6339232.070314056,1.0427538888537664e-05,8.57754420082436e-08,9.335977836558031e-05,False
ALP-photon-primary,0.1738705036973686,3.0,resolved,2.0,3842217.08006598,8.819714875603578e-06,7.929522660573545e-08,7.470962351780227e-05,False
ALP-photon-primary,0.1937250171853995,3.0,resolved,2.0,2412440.559573133,6.30957344480193e-06,7.300762260099385e-08,5.918268256785475e-05,False
ALP-photon-primary,0.2158467450511636,3.0,resolved,2.0,1478137.2789810195,5.336699231206302e-06,6.817039647640271e-08,4.622860520474594e-05,False
ALP-photon-primary,0.2404945836427232,3.0,resolved,2.0,894431.2150607461,4.513832659768975e-06,6.352986565083211e-08,3.648372757240882e-05,False
ALP-photon-primary,0.2679569930404886,3.0,resolved,2.0,551613.9432381747,3.817844026370508e-06,5.915807471996596e-08,2.881075300612351e-05,False
ALP-photon-primary,0.2985553729807376,3.0,resolved,2.0,335498.79628937214,2.7312637228008467e-06,5.477101109402705e-08,2.269691435419598e-05,False
ALP-photon-primary,0.3326478242805142,3.0,resolved,2.0,205613.44562790488,2.310129700083158e-06,5.155974040425411e-08,1.7976651934274305e-05,False
ALP-photon-primary,0.3706333397848415,3.0,resolved,2.0,122376.179947594,1.9539304046896112e-06,4.829737278172747e-08,1.4007581021707483e-05,False
ALP-photon-primary,0.4129564738840006,3.0,resolved,2.0,74374.96123058074,1.6526535398566878e-06,4.547678822318753e-08,1.0979156820925718e-05,False
ALP-photon-primary,0.460112545249449,3.0,resolved,2.0,43983.29807960785,1.1822988651687062e-06,4.2966680819718756e-08,8.676863402902421e-06,False
ALP-photon-primary,0.5126534336773558,3.0,resolved,2.0,26256.673594300843,1e-06,4.093877088160134e-08,6.75740559199639e-06,False
ALP-photon-primary,0.5711940388817249,3.0,resolved,2.0,15702.091115707,8.458098281751346e-07,3.910910088323812e-08,5.3126336515830195e-06,False
ALP-photon-primary,0.6364194768260428,3.0,resolved,2.0,9130.456545562283,7.153942654376493e-07,3.73238707683621e-08,4.104411431733365e-06,False
ALP-photon-primary,0.7090930978140025,3.0,resolved,2.0,5280.6395046415455,6.050875007272935e-07,3.58315720270034e-08,3.19804760256521e-06,False
ALP-photon-primary,0.7900654201771018,3.0,resolved,2.0,3013.351802188711,4.328761281083062e-07,3.483514155877403e-08,2.4704121602062324e-06,False
ALP-photon-primary,0.8802840841123948,3.0,resolved,2.0,1733.2195361339825,3.6613088353640324e-07,3.388947426494474e-08,1.9084698892599595e-06,False
ALP-photon-primary,0.980804942162759,3.0,resolved,2.0,979.1271455172994,3.096770996935348e-07,3.311584991983092e-08,1.467426812820995e-06,False
ALP-photon-primary,1.0928044161344477,3.0,resolved,2.0,533.6140111299436,2.619279344815628e-07,3.274637995418981e-08,1.1324400126986822e-06,False
ALP-photon-primary,1.2175932650681696,3.0,resolved,2.0,292.31942402325774,2.215412212581185e-07,3.2524770201089474e-08,8.609814949129963e-07,False
ALP-photon-primary,1.25,3.0,resolved,2.0,251.89219744608863,2.215412212581185e-07,3.249084969023754e-08,8.036043868298501e-07,False
ALP-photon-primary,1.285897435897436,3.0,resolved,2.0,213.0235667126712,1.873817422860383e-07,3.260856552941248e-08,7.465989878381606e-07,False
ALP-photon-primary,1.3217948717948718,3.0,resolved,2.0,182.20052570436613,1.873817422860383e-07,3.259855459529215e-08,6.986070536951554e-07,False
ALP-photon-primary,1.3566319253938397,3.0,resolved,2.0,155.69714961545037,1.873817422860383e-07,3.265647218481469e-08,6.524425556757435e-07,False
ALP-photon-primary,1.3576923076923078,3.0,resolved,2.0,155.82313374421594,1.873817422860383e-07,3.272361902366208e-08,6.496100465952706e-07,False
ALP-photon-primary,1.3935897435897435,3.0,resolved,2.0,133.2299750918857,1.873817422860383e-07,3.2796093859100015e-08,6.083275070328128e-07,False
ALP-photon-primary,1.4294871794871795,3.0,resolved,2.0,113.8393834207055,1.584893192461111e-07,3.28533409849778e-08,5.649735574804136e-07,False
ALP-photon-primary,1.438,3.0,resolved,2.0,109.6920890955381,1.584893192461111e-07,3.2894996300549216e-08,5.59856299303861e-07,False
ALP-photon-primary,1.447,3.0,resolved,2.0,106.59337200263155,1.584893192461111e-07,3.293233008229343e-08,5.482503610854061e-07,False
ALP-photon-primary,1.456,3.0,resolved,2.0,102.62924945254858,1.584893192461111e-07,3.295285584046655e-08,5.40519952439396e-07,False
ALP-photon-primary,1.4583461538461537,3.0,resolved,2.0,101.33493744269866,1.584893192461111e-07,3.295210008779007e-08,5.366179630512763e-07,False
ALP-photon-primary,1.4606923076923075,3.0,resolved,2.0,101.4171414268789,1.584893192461111e-07,3.295766573367116e-08,5.348566428979918e-07,False
ALP-photon-primary,1.4630384615384615,3.0,resolved,2.0,100.21663494032319,1.584893192461111e-07,3.296672370736725e-08,5.348089593247672e-07,False
ALP-photon-primary,1.4653846153846153,3.0,resolved,2.0,98.84771551163334,1.584893192461111e-07,3.296881904911798e-08,5.293672668105664e-07,False
ALP-photon-primary,1.5012820512820513,3.0,resolved,2.0,86.3553600757246,1.584893192461111e-07,3.3137150446636664e-08,4.993489560123149e-07,False
ALP-photon-primary,1.511547602798833,3.0,resolved,2.0,82.4821150628714,1.584893192461111e-07,3.3168983995360535e-08,4.879354810836055e-07,False
ALP-photon-primary,1.537179487179487,3.0,resolved,2.0,74.26422445876403,1.584893192461111e-07,3.3317107134838636e-08,4.6628461943441704e-07,False
ALP-photon-primary,1.573076923076923,3.0,resolved,2.0,64.40226976335006,1.584893192461111e-07,3.3495771004808256e-08,4.408344361458009e-07,False
ALP-photon-primary,1.608974358974359,3.0,resolved,2.0,55.48790874283369,1.3405182387914728e-07,3.3739337651889255e-08,4.095601389611026e-07,False
ALP-photon-primary,1.6448717948717948,3.0,resolved,2.0,49.23980338560911,1.3405182387914728e-07,3.391945903849761e-08,3.876308078804651e-07,False
ALP-photon-primary,1.6807692307692308,3.0,resolved,2.0,42.85711399910911,1.3405182387914728e-07,3.4176348311956186e-08,3.678707441007935e-07,False
ALP-photon-primary,1.6841533158403392,3.0,resolved,2.0,42.11319529446011,1.3405182387914728e-07,3.422046936578112e-08,3.631923822704359e-07,False
ALP-photon-primary,1.7166666666666666,3.0,resolved,2.0,37.27351498673389,1.3405182387914728e-07,3.450596721803667e-08,3.4232067493481745e-07,False
ALP-photon-primary,1.7525641025641026,3.0,resolved,2.0,32.643463253271364,1.1338235012178497e-07,3.474599966945028e-08,3.2230652691686126e-07,False
ALP-photon-primary,1.7615,3.0,resolved,2.0,31.59686274567969,1.1338235012178497e-07,3.4848207772734134e-08,3.1919990094882244e-07,False
ALP-photon-primary,1.7705,3.0,resolved,2.0,30.871175541356624,1.1338235012178497e-07,3.48463949014767e-08,3.1448028722418366e-07,False
ALP-photon-primary,1.77275,3.0,resolved,2.0,30.451454314309032,1.1338235012178497e-07,3.4970537829701664e-08,3.134445324620825e-07,False
ALP-photon-primary,1.775,3.0,resolved,2.0,30.451600126127655,1.1338235012178497e-07,3.488561328169955e-08,3.1241495171388587e-07,False
ALP-photon-primary,1.77725,3.0,resolved,2.0,30.027843646573213,1.1338235012178497e-07,3.493874255918494e-08,3.1111002015416704e-07,False
ALP-photon-primary,1.7795,3.0,resolved,2.0,29.781651442299506,1.1338235012178497e-07,3.4951427901395946e-08,3.0927056298913706e-07,False
ALP-photon-primary,1.7884615384615383,3.0,resolved,2.0,28.74933150532203,1.1338235012178497e-07,3.50963033207074e-08,3.0460582312675797e-07,False
ALP-photon-primary,1.8243589743589743,3.0,resolved,2.0,25.27073620224252,1.1338235012178497e-07,3.554696235029195e-08,2.859507497190882e-07,False
ALP-photon-primary,1.8602564102564103,3.0,resolved,2.0,22.219982911353263,1.1338235012178497e-07,3.588769985834455e-08,2.70529536059984e-07,False
ALP-photon-primary,1.8764691141741665,3.0,resolved,2.0,21.07453341441456,1.1338235012178497e-07,3.610280089470949e-08,2.643622782623554e-07,False
ALP-photon-primary,1.896153846153846,3.0,resolved,2.0,19.737225889679465,1.1338235012178497e-07,3.6270604754130976e-08,2.5574015239683293e-07,False
ALP-photon-primary,1.9320512820512816,3.0,resolved,2.0,17.285426182654227,1.1338235012178497e-07,3.6782148038502246e-08,2.401767741982137e-07,False
ALP-photon-primary,1.9679487179487176,3.0,resolved,2.0,15.431772058389662,9.589990607459972e-08,3.731887308142668e-08,2.265410594183484e-07,False
ALP-photon-primary,2.003846153846154,3.0,resolved,2.0,12.393823481670088,9.589990607459972e-08,3.9275483420967134e-08,2.0803398380934026e-07,False
ALP-photon-primary,2.0397435897435896,3.0,resolved,2.0,10.97471136885466,9.589990607459972e-08,4.011537920262003e-08,1.9652234796496178e-07,False
ALP-photon-primary,2.0487,3.0,resolved,2.0,10.46190028252871,9.589990607459972e-08,4.0473214133100815e-08,1.9311902330746092e-07,False
ALP-photon-primary,2.0577,3.0,resolved,2.0,10.124080545317849,9.589990607459972e-08,4.067268367262925e-08,1.9055881203688422e-07,False
ALP-photon-primary,2.0667,3.0,resolved,2.0,9.794940657684048,9.589990607459972e-08,4.087412543532359e-08,1.876252382500117e-07,False
ALP-photon-primary,2.0756410256410254,3.0,resolved,2.0,9.49634256978398,9.589990607459972e-08,4.1121387424480214e-08,1.8515679091396393e-07,False
ALP-photon-primary,2.0907457197224617,3.0,resolved,2.0,8.96961178703163,9.589990607459972e-08,4.1590559767934814e-08,1.7921034349444715e-07,False
ALP-photon-primary,2.1115384615384616,3.0,resolved,2.0,8.23422311751012,9.589990607459972e-08,4.23847818461833e-08,1.7211338708490913e-07,False
ALP-photon-primary,2.1474358974358974,3.0,resolved,2.0,7.236476377124516,9.589990607459972e-08,4.369946763984722e-08,1.6200572871012198e-07,False
ALP-photon-primary,2.183333333333333,3.0,resolved,2.0,6.381445803769798,8.111308307896875e-08,4.5166035921880594e-08,1.507406514379135e-07,False
ALP-photon-primary,2.2192307692307693,3.0,resolved,2.0,5.722700333917491,8.111308307896875e-08,4.681388840138105e-08,1.412046107885596e-07,False
ALP-photon-primary,2.255128205128205,3.0,resolved,2.0,5.012228838454657,8.111308307896875e-08,4.8792085772451446e-08,1.3052854100111416e-07,False
ALP-photon-primary,2.291025641025641,3.0,resolved,2.0,4.507534327694102,8.111308307896875e-08,5.082154254602591e-08,1.205545534350631e-07,False
ALP-photon-primary,2.3269230769230766,3.0,resolved,2.0,4.030346450493686,8.111308307896875e-08,5.341726130782562e-08,1.1152355365702594e-07,False
ALP-photon-primary,2.329490867459101,3.0,resolved,2.0,3.998947148361612,8.111308307896875e-08,5.362054280295288e-08,1.1073058329533928e-07,False
ALP-photon-primary,2.3628205128205124,3.0,resolved,2.0,3.592849766864623,8.111308307896875e-08,5.6521986316593894e-08,1.0060951866914245e-07,False
ALP-photon-primary,2.3987179487179486,3.0,resolved,2.0,3.230146007876407,8.111308307896875e-08,6.184510439097744e-08,8.940326296334941e-08,False
ALP-photon-primary,2.4077,3.0,resolved,2.0,3.138669802816556,6.860624286177782e-08,6.411669507572233e-08,8.558326988434974e-08,False
ALP-photon-primary,2.4167,3.0,resolved,2.0,3.0552224323309543,6.860624286177782e-08,6.666721868226931e-08,8.20784953488676e-08,False
ALP-photon-primary,2.4217783928626773,3.0,interpolated_closing_point,,3.0,6.860624286177785e-08,6.860624286177785e-08,6.860624286177785e-08,True
ALP-photon-primary,2.4257,3.0,outside_mass_reach,0.0,2.9580403822452586,6.860624286177782e-08,,,False
ALP-photon-primary,2.434615384615385,3.0,outside_mass_reach,0.0,2.8963044902355333,6.860624286177782e-08,,,False
ALP-photon-primary,2.4705128205128206,3.0,outside_mass_reach,0.0,2.6214419985669672,6.860624286177782e-08,,,False
ALP-photon-primary,2.5064102564102564,3.0,outside_mass_reach,0.0,2.371824329659055,6.860624286177782e-08,,,False
ALP-photon-primary,2.542307692307692,3.0,outside_mass_reach,0.0,2.149829285842725,6.860624286177782e-08,,,False
ALP-photon-primary,2.578205128205128,3.0,outside_mass_reach,0.0,1.9314466620715809,6.860624286177782e-08,,,False
ALP-photon-primary,2.595498654085831,3.0,outside_mass_reach,0.0,1.8272348772894973,6.860624286177782e-08,,,False
ALP-photon-primary,2.614102564102564,3.0,outside_mass_reach,0.0,1.7230106566854122,6.860624286177782e-08,,,False
ALP-photon-primary,2.65,3.0,outside_mass_reach,0.0,1.5539404542546615,6.860624286177782e-08,,,False
ALP-photon-primary,2.891882238074339,3.0,outside_mass_reach,0.0,0.7975847828308051,5.8027834486661855e-08,,,False
ALP-photon-primary,3.222110273771417,3.0,outside_mass_reach,0.0,0.3377748404168434,4.908051271653861e-08,,,False
ALP-photon-primary,3.5900475059650216,3.0,outside_mass_reach,0.0,0.1363353052019087,4.151278002752295e-08,,,False
ALP-photon-primary,4.0,3.0,outside_mass_reach,0.0,0.052190746736914,2.96980047740645e-08,,,False
ALP-photon-primary,0.02,10.0,resolved,2.0,38158719250.873695,0.0005802783448666,5.993266293867267e-07,0.0071366226043734346,False
ALP-photon-primary,0.0222838276839168,10.0,resolved,2.0,24183532738.64111,0.0004908051271653,5.482934696191884e-07,0.005776142133557909,False
ALP-photon-primary,0.0248284488123249,10.0,resolved,2.0,15611455824.304905,0.0003511191734215,5.035431217542358e-07,0.004562853469831118,False
ALP-photon-primary,0.0276636437496399,10.0,resolved,2.0,9780790221.245388,0.0002969800477406,4.601600594727441e-07,0.0037083248232013012,False
ALP-photon-primary,0.030822593521312,10.0,resolved,2.0,6307004319.347919,0.0002511886431509,4.176194601076065e-07,0.002785296420543509,False
ALP-photon-primary,0.0343422681400164,10.0,resolved,2.0,4034331830.1018906,0.000212457823103,3.820414846964627e-07,0.002281390678492299,False
ALP-photon-primary,0.0382638592753497,10.0,resolved,2.0,2596092905.468104,0.0001519911082952,3.4969015141186413e-07,0.0018379784091666798,False
ALP-photon-primary,0.0426332623306768,10.0,resolved,2.0,1671202804.9147313,0.0001285555731913,3.2052647314893183e-07,0.001466379208571936,False
ALP-photon-primary,0.0475016135690013,10.0,resolved,2.0,1084582931.770614,0.0001087335672719,2.9409197113309896e-07,0.0011495689878350025,False
ALP-photon-primary,0.0529258885739815,10.0,resolved,2.0,682586895.9880766,7.778737048694304e-05,2.692247726617772e-07,0.0009072518798941393,False
ALP-photon-primary,0.0589695690500394,10.0,resolved,2.0,434569575.3716111,6.579332246575683e-05,2.474962949752198e-07,0.0007314159690591602,False
ALP-photon-primary,0.0657033857652957,10.0,resolved,2.0,275221349.8324426,5.564863876983289e-05,2.2613861064435766e-07,0.0005733554991670482,False
ALP-photon-primary,0.0732061463321883,10.0,resolved,2.0,172639847.4192911,4.706816559609249e-05,2.0832045930224745e-07,0.00045917050370287656,False
ALP-photon-primary,0.0815656575135043,10.0,resolved,2.0,107970549.72130512,3.3672295752114224e-05,1.8981531800478383e-07,0.00036478352385339543,False
ALP-photon-primary,0.0908797528478154,10.0,resolved,2.0,68233427.59549874,2.848035868435799e-05,1.742588700809152e-07,0.000297765788490861,False
ALP-photon-primary,0.1012574376208835,10.0,resolved,2.0,42395618.33983184,2.408896728518304e-05,1.6022331731049147e-07,0.00022990841912786354,False
ALP-photon-primary,0.1128201645829364,10.0,resolved,2.0,26287297.06998033,2.037468528039706e-05,1.4814798353803734e-07,0.0001827403224432967,False
ALP-photon-primary,0.1257032553418647,10.0,resolved,2.0,16420900.054884477,1.457593300969294e-05,1.3692889959754257e-07,0.00014020418282640975,False
ALP-photon-primary,0.1400574840672757,10.0,resolved,2.0,10204852.045351034,1.2328467394420658e-05,1.2570439768669865e-07,0.00011364256454117816,False
ALP-photon-primary,0.156050842039905,10.0,resolved,2.0,6339232.070314056,1.0427538888537664e-05,1.1595590126978195e-07,8.876158854509374e-05,False
ALP-photon-primary,0.1738705036973686,10.0,resolved,2.0,3842217.08006598,8.819714875603578e-06,1.072039667576084e-07,7.08114621829844e-05,False
ALP-photon-primary,0.1937250171853995,10.0,resolved,2.0,2412440.559573133,6.30957344480193e-06,9.871494091638635e-08,5.63263529946137e-05,False
ALP-photon-primary,0.2158467450511636,10.0,resolved,2.0,1478137.2789810195,5.336699231206302e-06,9.219103274182838e-08,4.358651061562023e-05,False
ALP-photon-primary,0.2404945836427232,10.0,resolved,2.0,894431.2150607461,4.513832659768975e-06,8.59275886411189e-08,3.451234290353306e-05,False
ALP-photon-primary,0.2679569930404886,10.0,resolved,2.0,551613.9432381747,3.817844026370508e-06,8.002980357875933e-08,2.706538892635268e-05,False
ALP-photon-primary,0.2985553729807376,10.0,resolved,2.0,335498.79628937214,2.7312637228008467e-06,7.411552549483626e-08,2.1340983702693893e-05,False
ALP-photon-primary,0.3326478242805142,10.0,resolved,2.0,205613.44562790488,2.310129700083158e-06,6.979150115780901e-08,1.687748548647116e-05,False
ALP-photon-primary,0.3706333397848415,10.0,resolved,2.0,122376.179947594,1.9539304046896112e-06,6.540799419446412e-08,1.3073479310958506e-05,False
ALP-photon-primary,0.4129564738840006,10.0,resolved,2.0,74374.96123058074,1.6526535398566878e-06,6.161472211507106e-08,1.0266390670299968e-05,False
ALP-photon-primary,0.460112545249449,10.0,resolved,2.0,43983.29807960785,1.1822988651687062e-06,5.824735159565324e-08,8.013973164493918e-06,False
ALP-photon-primary,0.5126534336773558,10.0,resolved,2.0,26256.673594300843,1e-06,5.553898251892306e-08,6.278048403151435e-06,False
ALP-photon-primary,0.5711940388817249,10.0,resolved,2.0,15702.091115707,8.458098281751346e-07,5.31085809970119e-08,4.847079533198824e-06,False
ALP-photon-primary,0.6364194768260428,10.0,resolved,2.0,9130.456545562283,7.153942654376493e-07,5.0746748013385804e-08,3.766380420619818e-06,False
ALP-photon-primary,0.7090930978140025,10.0,resolved,2.0,5280.6395046415455,6.050875007272935e-07,4.8791445348826474e-08,2.890544674289868e-06,False
ALP-photon-primary,0.7900654201771018,10.0,resolved,2.0,3013.351802188711,4.328761281083062e-07,4.7545296155659954e-08,2.230106642389376e-06,False
ALP-photon-primary,0.8802840841123948,10.0,resolved,2.0,1733.2195361339825,3.6613088353640324e-07,4.6391236157736544e-08,1.7051608468430492e-06,False
ALP-photon-primary,0.980804942162759,10.0,resolved,2.0,979.1271455172994,3.096770996935348e-07,4.551092145927709e-08,1.296465239937076e-06,False
ALP-photon-primary,1.0928044161344477,10.0,resolved,2.0,533.6140111299436,2.619279344815628e-07,4.5282305842909905e-08,9.92967026240901e-07,False
ALP-photon-primary,1.2175932650681696,10.0,resolved,2.0,292.31942402325774,2.215412212581185e-07,4.5331435469203386e-08,7.39579284344833e-07,False
ALP-photon-primary,1.25,10.0,resolved,2.0,251.89219744608863,2.215412212581185e-07,4.5376657984999735e-08,6.884838189320039e-07,False
ALP-photon-primary,1.285897435897436,10.0,resolved,2.0,213.0235667126712,1.873817422860383e-07,4.568948766773694e-08,6.36299931723183e-07,False
ALP-photon-primary,1.3217948717948718,10.0,resolved,2.0,182.20052570436613,1.873817422860383e-07,4.585238583022976e-08,5.927211196390128e-07,False
ALP-photon-primary,1.3566319253938397,10.0,resolved,2.0,155.69714961545037,1.873817422860383e-07,4.608784699534763e-08,5.4943322152441e-07,False
ALP-photon-primary,1.3576923076923078,10.0,resolved,2.0,155.82313374421594,1.873817422860383e-07,4.61888415841784e-08,5.477254276184291e-07,False
ALP-photon-primary,1.3935897435897435,10.0,resolved,2.0,133.2299750918857,1.873817422860383e-07,4.646768291024582e-08,5.106356457530542e-07,False
ALP-photon-primary,1.4294871794871795,10.0,resolved,2.0,113.8393834207055,1.584893192461111e-07,4.67332762005736e-08,4.7081183549285894e-07,False
ALP-photon-primary,1.438,10.0,resolved,2.0,109.6920890955381,1.584893192461111e-07,4.6849929392964524e-08,4.656069159489921e-07,False
ALP-photon-primary,1.447,10.0,resolved,2.0,106.59337200263155,1.584893192461111e-07,4.6929914921316866e-08,4.5562727850432377e-07,False
ALP-photon-primary,1.456,10.0,resolved,2.0,102.62924945254858,1.584893192461111e-07,4.702004098649752e-08,4.4886608705124953e-07,False
ALP-photon-primary,1.4583461538461537,10.0,resolved,2.0,101.33493744269866,1.584893192461111e-07,4.704003869448744e-08,4.4555377595299915e-07,False
ALP-photon-primary,1.4606923076923075,10.0,resolved,2.0,101.4171414268789,1.584893192461111e-07,4.705644053634264e-08,4.4438274884527554e-07,False
ALP-photon-primary,1.4630384615384615,10.0,resolved,2.0,100.21663494032319,1.584893192461111e-07,4.706900323900724e-08,4.4386356221599383e-07,False
ALP-photon-primary,1.4653846153846153,10.0,resolved,2.0,98.84771551163334,1.584893192461111e-07,4.71073922255765e-08,4.393271240803289e-07,False
ALP-photon-primary,1.5012820512820513,10.0,resolved,2.0,86.3553600757246,1.584893192461111e-07,4.752461354323079e-08,4.096620851522632e-07,False
ALP-photon-primary,1.511547602798833,10.0,resolved,2.0,82.4821150628714,1.584893192461111e-07,4.764451420968415e-08,4.0019614023860285e-07,False
ALP-photon-primary,1.537179487179487,10.0,resolved,2.0,74.26422445876403,1.584893192461111e-07,4.8038097028827943e-08,3.809071004334657e-07,False
ALP-photon-primary,1.573076923076923,10.0,resolved,2.0,64.40226976335006,1.584893192461111e-07,4.8587734121974114e-08,3.5761988128183045e-07,False
ALP-photon-primary,1.608974358974359,10.0,resolved,2.0,55.48790874283369,1.3405182387914728e-07,4.929608156048084e-08,3.2857745750404324e-07,False
ALP-photon-primary,1.6448717948717948,10.0,resolved,2.0,49.23980338560911,1.3405182387914728e-07,4.99191827426572e-08,3.104984417688532e-07,False
ALP-photon-primary,1.6807692307692308,10.0,resolved,2.0,42.85711399910911,1.3405182387914728e-07,5.072549582914816e-08,2.886532915405379e-07,False
ALP-photon-primary,1.6841533158403392,10.0,resolved,2.0,42.11319529446011,1.3405182387914728e-07,5.084523656219482e-08,2.8483395919763317e-07,False
ALP-photon-primary,1.7166666666666666,10.0,resolved,2.0,37.27351498673389,1.3405182387914728e-07,5.172307341989582e-08,2.6806306202903165e-07,False
ALP-photon-primary,1.7525641025641026,10.0,resolved,2.0,32.643463253271364,1.1338235012178497e-07,5.259646506588092e-08,2.487366203183114e-07,False
ALP-photon-primary,1.7615,10.0,resolved,2.0,31.59686274567969,1.1338235012178497e-07,5.29074346721468e-08,2.44994780664044e-07,False
ALP-photon-primary,1.7705,10.0,resolved,2.0,30.871175541356624,1.1338235012178497e-07,5.300826478056276e-08,2.4023778799590603e-07,False
ALP-photon-primary,1.77275,10.0,resolved,2.0,30.451454314309032,1.1338235012178497e-07,5.328458180806577e-08,2.3923104483144895e-07,False
ALP-photon-primary,1.775,10.0,resolved,2.0,30.451600126127655,1.1338235012178497e-07,5.3142460881496794e-08,2.382284520653002e-07,False
ALP-photon-primary,1.77725,10.0,resolved,2.0,30.027843646573213,1.1338235012178497e-07,5.330736522620548e-08,2.366255984637699e-07,False
ALP-photon-primary,1.7795,10.0,resolved,2.0,29.781651442299506,1.1338235012178497e-07,5.337022323507905e-08,2.3494367692525173e-07,False
ALP-photon-primary,1.7884615384615383,10.0,resolved,2.0,28.74933150532203,1.1338235012178497e-07,5.37952845742113e-08,2.3129926537027865e-07,False
ALP-photon-primary,1.8243589743589743,10.0,resolved,2.0,25.27073620224252,1.1338235012178497e-07,5.520636357365496e-08,2.1526157341145965e-07,False
ALP-photon-primary,1.8602564102564103,10.0,resolved,2.0,22.219982911353263,1.1338235012178497e-07,5.6505554960340406e-08,1.9911761006187794e-07,False
ALP-photon-primary,1.8764691141741665,10.0,resolved,2.0,21.07453341441456,1.1338235012178497e-07,5.7191459523353544e-08,1.932359066437148e-07,False
ALP-photon-primary,1.896153846153846,10.0,resolved,2.0,19.737225889679465,1.1338235012178497e-07,5.788613331317168e-08,1.8589894281431867e-07,False
ALP-photon-primary,1.9320512820512816,10.0,resolved,2.0,17.285426182654227,1.1338235012178497e-07,6.010021332047438e-08,1.7020365129086715e-07,False
ALP-photon-primary,1.9679487179487176,10.0,resolved,2.0,15.431772058389662,9.589990607459972e-08,6.266776374231544e-08,1.5695022678247812e-07,False
ALP-photon-primary,2.003846153846154,10.0,resolved,2.0,12.393823481670088,9.589990607459972e-08,7.068825933152576e-08,1.3410993827490792e-07,False
ALP-photon-primary,2.0397435897435896,10.0,resolved,2.0,10.97471136885466,9.589990607459972e-08,7.806344185183646e-08,1.1666614248852341e-07,False
ALP-photon-primary,2.0487,10.0,resolved,2.0,10.46190028252871,9.589990607459972e-08,8.272361112807127e-08,1.0762884785518732e-07,False
ALP-photon-primary,2.0577,10.0,resolved,2.0,10.124080545317849,9.589990607459972e-08,9.170883687160751e-08,9.872482262487302e-08,False
ALP-photon-primary,2.0610580225314457,10.0,interpolated_closing_point,,10.0,9.58999060745998e-08,9.58999060745998e-08,9.58999060745998e-08,True
ALP-photon-primary,2.0667,10.0,outside_mass_reach,0.0,9.794940657684048,9.589990607459972e-08,,,False
ALP-photon-primary,2.0756410256410254,10.0,outside_mass_reach,0.0,9.49634256978398,9.589990607459972e-08,,,False
ALP-photon-primary,2.0907457197224617,10.0,outside_mass_reach,0.0,8.96961178703163,9.589990607459972e-08,,,False
ALP-photon-primary,2.1115384615384616,10.0,outside_mass_reach,0.0,8.23422311751012,9.589990607459972e-08,,,False
ALP-photon-primary,2.1474358974358974,10.0,outside_mass_reach,0.0,7.236476377124516,9.589990607459972e-08,,,False
ALP-photon-primary,2.183333333333333,10.0,outside_mass_reach,0.0,6.381445803769798,8.111308307896875e-08,,,False
ALP-photon-primary,2.2192307692307693,10.0,outside_mass_reach,0.0,5.722700333917491,8.111308307896875e-08,,,False
ALP-photon-primary,2.255128205128205,10.0,outside_mass_reach,0.0,5.012228838454657,8.111308307896875e-08,,,False
ALP-photon-primary,2.291025641025641,10.0,outside_mass_reach,0.0,4.507534327694102,8.111308307896875e-08,,,False
ALP-photon-primary,2.3269230769230766,10.0,outside_mass_reach,0.0,4.030346450493686,8.111308307896875e-08,,,False
ALP-photon-primary,2.329490867459101,10.0,outside_mass_reach,0.0,3.998947148361612,8.111308307896875e-08,,,False
ALP-photon-primary,2.3628205128205124,10.0,outside_mass_reach,0.0,3.592849766864623,8.111308307896875e-08,,,False
ALP-photon-primary,2.3987179487179486,10.0,outside_mass_reach,0.0,3.230146007876407,8.111308307896875e-08,,,False
ALP-photon-primary,2.4077,10.0,outside_mass_reach,0.0,3.138669802816556,6.860624286177782e-08,,,False
ALP-photon-primary,2.4167,10.0,outside_mass_reach,0.0,3.0552224323309543,6.860624286177782e-08,,,False
ALP-photon-primary,2.4257,10.0,outside_mass_reach,0.0,2.9580403822452586,6.860624286177782e-08,,,False
ALP-photon-primary,2.434615384615385,10.0,outside_mass_reach,0.0,2.8963044902355333,6.860624286177782e-08,,,False
ALP-photon-primary,2.4705128205128206,10.0,outside_mass_reach,0.0,2.6214419985669672,6.860624286177782e-08,,,False
ALP-photon-primary,2.5064102564102564,10.0,outside_mass_reach,0.0,2.371824329659055,6.860624286177782e-08,,,False
ALP-photon-primary,2.542307692307692,10.0,outside_mass_reach,0.0,2.149829285842725,6.860624286177782e-08,,,False
ALP-photon-primary,2.578205128205128,10.0,outside_mass_reach,0.0,1.9314466620715809,6.860624286177782e-08,,,False
ALP-photon-primary,2.595498654085831,10.0,outside_mass_reach,0.0,1.8272348772894973,6.860624286177782e-08,,,False
ALP-photon-primary,2.614102564102564,10.0,outside_mass_reach,0.0,1.7230106566854122,6.860624286177782e-08,,,False
ALP-photon-primary,2.65,10.0,outside_mass_reach,0.0,1.5539404542546615,6.860624286177782e-08,,,False
ALP-photon-primary,2.891882238074339,10.0,outside_mass_reach,0.0,0.7975847828308051,5.8027834486661855e-08,,,False
ALP-photon-primary,3.222110273771417,10.0,outside_mass_reach,0.0,0.3377748404168434,4.908051271653861e-08,,,False
ALP-photon-primary,3.5900475059650216,10.0,outside_mass_reach,0.0,0.1363353052019087,4.151278002752295e-08,,,False
ALP-photon-primary,4.0,10.0,outside_mass_reach,0.0,0.052190746736914,2.96980047740645e-08,,,False
ALP-photon-primary,0.02,30.0,resolved,2.0,38158719250.873695,0.0005802783448666,7.887857317663776e-07,0.006908681180351611,False
ALP-photon-primary,0.0222838276839168,30.0,resolved,2.0,24183532738.64111,0.0004908051271653,7.216252921472144e-07,0.005591342255836045,False
ALP-photon-primary,0.0248284488123249,30.0,resolved,2.0,15611455824.304905,0.0003511191734215,6.627325708242945e-07,0.004438648706712673,False
ALP-photon-primary,0.0276636437496399,30.0,resolved,2.0,9780790221.245388,0.0002969800477406,6.056422221164844e-07,0.0035940650340054894,False
ALP-photon-primary,0.030822593521312,30.0,resolved,2.0,6307004319.347919,0.0002511886431509,5.49661258549915e-07,0.0027050957752619556,False
ALP-photon-primary,0.0343422681400164,30.0,resolved,2.0,4034331830.1018906,0.000212457823103,5.028473992513964e-07,0.002217631888968793,False
ALP-photon-primary,0.0382638592753497,30.0,resolved,2.0,2596092905.468104,0.0001519911082952,4.602655544167899e-07,0.0017709724339181499,False
ALP-photon-primary,0.0426332623306768,30.0,resolved,2.0,1671202804.9147313,0.0001285555731913,4.2188602730490805e-07,0.001417597875708149,False
ALP-photon-primary,0.0475016135690013,30.0,resolved,2.0,1084582931.770614,0.0001087335672719,3.8709861150781855e-07,0.0011096775171434558,False
ALP-photon-primary,0.0529258885739815,30.0,resolved,2.0,682586895.9880766,7.778737048694304e-05,3.543710046181876e-07,0.0008748315414028957,False
ALP-photon-primary,0.0589695690500394,30.0,resolved,2.0,434569575.3716111,6.579332246575683e-05,3.25774652001965e-07,0.0007062375040341914,False
ALP-photon-primary,0.0657033857652957,30.0,resolved,2.0,275221349.8324426,5.564863876983289e-05,2.976714111714408e-07,0.0005502404324386873,False
ALP-photon-primary,0.0732061463321883,30.0,resolved,2.0,172639847.4192911,4.706816559609249e-05,2.7422226429439984e-07,0.0004414514736316092,False
ALP-photon-primary,0.0815656575135043,30.0,resolved,2.0,107970549.72130512,3.3672295752114224e-05,2.498742240049738e-07,0.00035177176374872894,False
ALP-photon-primary,0.0908797528478154,30.0,resolved,2.0,68233427.59549874,2.848035868435799e-05,2.294128614348385e-07,0.00028427446295450405,False
ALP-photon-primary,0.1012574376208835,30.0,resolved,2.0,42395618.33983184,2.408896728518304e-05,2.1094344253516733e-07,0.00022070176681381523,False
ALP-photon-primary,0.1128201645829364,30.0,resolved,2.0,26287297.06998033,2.037468528039706e-05,1.950594170041486e-07,0.00017464289115954148,False
ALP-photon-primary,0.1257032553418647,30.0,resolved,2.0,16420900.054884477,1.457593300969294e-05,1.8029691886137158e-07,0.00013399921503334005,False
ALP-photon-primary,0.1400574840672757,30.0,resolved,2.0,10204852.045351034,1.2328467394420658e-05,1.655403532962647e-07,0.00010890417400043659,False
ALP-photon-primary,0.156050842039905,30.0,resolved,2.0,6339232.070314056,1.0427538888537664e-05,1.5271874298403e-07,8.434058007032036e-05,False
ALP-photon-primary,0.1738705036973686,30.0,resolved,2.0,3842217.08006598,8.819714875603578e-06,1.412162692225292e-07,6.743218185256458e-05,False
ALP-photon-primary,0.1937250171853995,30.0,resolved,2.0,2412440.559573133,6.30957344480193e-06,1.3006750357614347e-07,5.323854213040454e-05,False
ALP-photon-primary,0.2158467450511636,30.0,resolved,2.0,1478137.2789810195,5.336699231206302e-06,1.214956930027454e-07,4.130761050196144e-05,False
ALP-photon-primary,0.2404945836427232,30.0,resolved,2.0,894431.2150607461,4.513832659768975e-06,1.1326534263817578e-07,3.252131422474351e-05,False
ALP-photon-primary,0.2679569930404886,30.0,resolved,2.0,551613.9432381747,3.817844026370508e-06,1.0553596259249921e-07,2.5467644501763677e-05,False
ALP-photon-primary,0.2985553729807376,30.0,resolved,2.0,335498.79628937214,2.7312637228008467e-06,9.777211957910317e-08,2.0104779962156607e-05,False
ALP-photon-primary,0.3326478242805142,30.0,resolved,2.0,205613.44562790488,2.310129700083158e-06,9.211912437748826e-08,1.572220765982613e-05,False
ALP-photon-primary,0.3706333397848415,30.0,resolved,2.0,122376.179947594,1.9539304046896112e-06,8.639920872777459e-08,1.22568836523065e-05,False
ALP-photon-primary,0.4129564738840006,30.0,resolved,2.0,74374.96123058074,1.6526535398566878e-06,8.143654915872447e-08,9.49806583258543e-06,False
ALP-photon-primary,0.460112545249449,30.0,resolved,2.0,43983.29807960785,1.1822988651687062e-06,7.70843905676262e-08,7.451176990696273e-06,False
ALP-photon-primary,0.5126534336773558,30.0,resolved,2.0,26256.673594300843,1e-06,7.357452417407197e-08,5.746608304390288e-06,False
ALP-photon-primary,0.5711940388817249,30.0,resolved,2.0,15702.091115707,8.458098281751346e-07,7.046096301421746e-08,4.44018832475263e-06,False
ALP-photon-primary,0.6364194768260428,30.0,resolved,2.0,9130.456545562283,7.153942654376493e-07,6.746529838914042e-08,3.4054771027042406e-06,False
ALP-photon-primary,0.7090930978140025,30.0,resolved,2.0,5280.6395046415455,6.050875007272935e-07,6.505850336216082e-08,2.6054534046061315e-06,False
ALP-photon-primary,0.7900654201771018,30.0,resolved,2.0,3013.351802188711,4.328761281083062e-07,6.363103611747755e-08,1.990137318434666e-06,False
ALP-photon-primary,0.8802840841123948,30.0,resolved,2.0,1733.2195361339825,3.6613088353640324e-07,6.239123975759429e-08,1.5027143467138192e-06,False
ALP-photon-primary,0.980804942162759,30.0,resolved,2.0,979.1271455172994,3.096770996935348e-07,6.162139879452219e-08,1.1282260982115802e-06,False
ALP-photon-primary,1.0928044161344477,30.0,resolved,2.0,533.6140111299436,2.619279344815628e-07,6.198465840146797e-08,8.485176217603982e-07,False
ALP-photon-primary,1.2175932650681696,30.0,resolved,2.0,292.31942402325774,2.215412212581185e-07,6.29932236368651e-08,6.18043484456844e-07,False
ALP-photon-primary,1.25,30.0,resolved,2.0,251.89219744608863,2.215412212581185e-07,6.333030006158827e-08,5.695358422795641e-07,False
ALP-photon-primary,1.285897435897436,30.0,resolved,2.0,213.0235667126712,1.873817422860383e-07,6.416002032123962e-08,5.245372381760194e-07,False
ALP-photon-primary,1.3217948717948718,30.0,resolved,2.0,182.20052570436613,1.873817422860383e-07,6.487648661169851e-08,4.818138255946535e-07,False
ALP-photon-primary,1.3566319253938397,30.0,resolved,2.0,155.69714961545037,1.873817422860383e-07,6.566893244603762e-08,4.4376176724367984e-07,False
ALP-photon-primary,1.3576923076923078,30.0,resolved,2.0,155.82313374421594,1.873817422860383e-07,6.582308912517242e-08,4.432366400344551e-07,False
ALP-photon-primary,1.3935897435897435,30.0,resolved,2.0,133.2299750918857,1.873817422860383e-07,6.67589916313642e-08,4.063268550028533e-07,False
ALP-photon-primary,1.4294871794871795,30.0,resolved,2.0,113.8393834207055,1.584893192461111e-07,6.770595452359073e-08,3.7306633567166455e-07,False
ALP-photon-primary,1.438,30.0,resolved,2.0,109.6920890955381,1.584893192461111e-07,6.803716152736097e-08,3.6780556878071945e-07,False
ALP-photon-primary,1.447,30.0,resolved,2.0,106.59337200263155,1.584893192461111e-07,6.827980681914587e-08,3.5848909225199677e-07,False
ALP-photon-primary,1.456,30.0,resolved,2.0,102.62924945254858,1.584893192461111e-07,6.859454018150142e-08,3.508762680537762e-07,False
ALP-photon-primary,1.4583461538461537,30.0,resolved,2.0,101.33493744269866,1.584893192461111e-07,6.868834832026831e-08,3.4761907464693413e-07,False
ALP-photon-primary,1.4606923076923075,30.0,resolved,2.0,101.4171414268789,1.584893192461111e-07,6.87332466638149e-08,3.468497667835463e-07,False
ALP-photon-primary,1.4630384615384615,30.0,resolved,2.0,100.21663494032319,1.584893192461111e-07,6.880459143648878e-08,3.455117357440893e-07,False
ALP-photon-primary,1.4653846153846153,30.0,resolved,2.0,98.84771551163334,1.584893192461111e-07,6.896264716692311e-08,3.4141377469061605e-07,False
ALP-photon-primary,1.5012820512820513,30.0,resolved,2.0,86.3553600757246,1.584893192461111e-07,7.04009534920756e-08,3.1563448335669805e-07,False
ALP-photon-primary,1.511547602798833,30.0,resolved,2.0,82.4821150628714,1.584893192461111e-07,7.089285849852083e-08,3.079104582099786e-07,False
ALP-photon-primary,1.537179487179487,30.0,resolved,2.0,74.26422445876403,1.584893192461111e-07,7.231128241493648e-08,2.8726786831520505e-07,False
ALP-photon-primary,1.573076923076923,30.0,resolved,2.0,64.40226976335006,1.584893192461111e-07,7.447351670150304e-08,2.661106976690045e-07,False
ALP-photon-primary,1.608974358974359,30.0,resolved,2.0,55.48790874283369,1.3405182387914728e-07,7.728877201953191e-08,2.3748096608278243e-07,False
ALP-photon-primary,1.6448717948717948,30.0,resolved,2.0,49.23980338560911,1.3405182387914728e-07,7.98946950186979e-08,2.192799464298679e-07,False
ALP-photon-primary,1.6807692307692308,30.0,resolved,2.0,42.85711399910911,1.3405182387914728e-07,8.405547890231036e-08,1.9630041280938844e-07,False
ALP-photon-primary,1.6841533158403392,30.0,resolved,2.0,42.11319529446011,1.3405182387914728e-07,8.472507955519859e-08,1.934615356724552e-07,False
ALP-photon-primary,1.7166666666666666,30.0,resolved,2.0,37.27351498673389,1.3405182387914728e-07,9.004297409169455e-08,1.7323566899971187e-07,False
ALP-photon-primary,1.7525641025641026,30.0,resolved,2.0,32.643463253271364,1.1338235012178497e-07,9.830409211988716e-08,1.4849783372263455e-07,False
ALP-photon-primary,1.7615,30.0,resolved,2.0,31.59686274567969,1.1338235012178497e-07,1.0342312989260933e-07,1.4108362578421602e-07,False
ALP-photon-primary,1.7705,30.0,resolved,2.0,30.871175541356624,1.1338235012178497e-07,1.0742231858627654e-07,1.3554745803926555e-07,False
ALP-photon-primary,1.77275,30.0,resolved,2.0,30.451454314309032,1.1338235012178497e-07,1.1024168935238279e-07,1.293854374714243e-07,False
ALP-photon-primary,1.775,30.0,resolved,2.0,30.451600126127655,1.1338235012178497e-07,1.1015802656770159e-07,1.271470099598642e-07,False
ALP-photon-primary,1.77725,30.0,resolved,2.0,30.027843646573213,1.1338235012178497e-07,1.1317606611128336e-07,1.1413724752681863e-07,False
ALP-photon-primary,1.7775035416460592,30.0,interpolated_closing_point,,30.0,1.1338235012178498e-07,1.1338235012178498e-07,1.1338235012178498e-07,True
ALP-photon-primary,1.7795,30.0,outside_mass_reach,0.0,29.781651442299506,1.1338235012178497e-07,,,False
ALP-photon-primary,1.7884615384615383,30.0,outside_mass_reach,0.0,28.74933150532203,1.1338235012178497e-07,,,False
ALP-photon-primary,1.8243589743589743,30.0,outside_mass_reach,0.0,25.27073620224252,1.1338235012178497e-07,,,False
ALP-photon-primary,1.8602564102564103,30.0,outside_mass_reach,0.0,22.219982911353263,1.1338235012178497e-07,,,False
ALP-photon-primary,1.8764691141741665,30.0,outside_mass_reach,0.0,21.07453341441456,1.1338235012178497e-07,,,False
ALP-photon-primary,1.896153846153846,30.0,outside_mass_reach,0.0,19.737225889679465,1.1338235012178497e-07,,,False
ALP-photon-primary,1.9320512820512816,30.0,outside_mass_reach,0.0,17.285426182654227,1.1338235012178497e-07,,,False
ALP-photon-primary,1.9679487179487176,30.0,outside_mass_reach,0.0,15.431772058389662,9.589990607459972e-08,,,False
ALP-photon-primary,2.003846153846154,30.0,outside_mass_reach,0.0,12.393823481670088,9.589990607459972e-08,,,False
ALP-photon-primary,2.0397435897435896,30.0,outside_mass_reach,0.0,10.97471136885466,9.589990607459972e-08,,,False
ALP-photon-primary,2.0487,30.0,outside_mass_reach,0.0,10.46190028252871,9.589990607459972e-08,,,False
ALP-photon-primary,2.0577,30.0,outside_mass_reach,0.0,10.124080545317849,9.589990607459972e-08,,,False
ALP-photon-primary,2.0667,30.0,outside_mass_reach,0.0,9.794940657684048,9.589990607459972e-08,,,False
ALP-photon-primary,2.0756410256410254,30.0,outside_mass_reach,0.0,9.49634256978398,9.589990607459972e-08,,,False
ALP-photon-primary,2.0907457197224617,30.0,outside_mass_reach,0.0,8.96961178703163,9.589990607459972e-08,,,False
ALP-photon-primary,2.1115384615384616,30.0,outside_mass_reach,0.0,8.23422311751012,9.589990607459972e-08,,,False
ALP-photon-primary,2.1474358974358974,30.0,outside_mass_reach,0.0,7.236476377124516,9.589990607459972e-08,,,False
ALP-photon-primary,2.183333333333333,30.0,outside_mass_reach,0.0,6.381445803769798,8.111308307896875e-08,,,False
ALP-photon-primary,2.2192307692307693,30.0,outside_mass_reach,0.0,5.722700333917491,8.111308307896875e-08,,,False
ALP-photon-primary,2.255128205128205,30.0,outside_mass_reach,0.0,5.012228838454657,8.111308307896875e-08,,,False
ALP-photon-primary,2.291025641025641,30.0,outside_mass_reach,0.0,4.507534327694102,8.111308307896875e-08,,,False
ALP-photon-primary,2.3269230769230766,30.0,outside_mass_reach,0.0,4.030346450493686,8.111308307896875e-08,,,False
ALP-photon-primary,2.329490867459101,30.0,outside_mass_reach,0.0,3.998947148361612,8.111308307896875e-08,,,False
ALP-photon-primary,2.3628205128205124,30.0,outside_mass_reach,0.0,3.592849766864623,8.111308307896875e-08,,,False
ALP-photon-primary,2.3987179487179486,30.0,outside_mass_reach,0.0,3.230146007876407,8.111308307896875e-08,,,False
ALP-photon-primary,2.4077,30.0,outside_mass_reach,0.0,3.138669802816556,6.860624286177782e-08,,,False
ALP-photon-primary,2.4167,30.0,outside_mass_reach,0.0,3.0552224323309543,6.860624286177782e-08,,,False
ALP-photon-primary,2.4257,30.0,outside_mass_reach,0.0,2.9580403822452586,6.860624286177782e-08,,,False
ALP-photon-primary,2.434615384615385,30.0,outside_mass_reach,0.0,2.8963044902355333,6.860624286177782e-08,,,False
ALP-photon-primary,2.4705128205128206,30.0,outside_mass_reach,0.0,2.6214419985669672,6.860624286177782e-08,,,False
ALP-photon-primary,2.5064102564102564,30.0,outside_mass_reach,0.0,2.371824329659055,6.860624286177782e-08,,,False
ALP-photon-primary,2.542307692307692,30.0,outside_mass_reach,0.0,2.149829285842725,6.860624286177782e-08,,,False
ALP-photon-primary,2.578205128205128,30.0,outside_mass_reach,0.0,1.9314466620715809,6.860624286177782e-08,,,False
ALP-photon-primary,2.595498654085831,30.0,outside_mass_reach,0.0,1.8272348772894973,6.860624286177782e-08,,,False
ALP-photon-primary,2.614102564102564,30.0,outside_mass_reach,0.0,1.7230106566854122,6.860624286177782e-08,,,False
ALP-photon-primary,2.65,30.0,outside_mass_reach,0.0,1.5539404542546615,6.860624286177782e-08,,,False
ALP-photon-primary,2.891882238074339,30.0,outside_mass_reach,0.0,0.7975847828308051,5.8027834486661855e-08,,,False
ALP-photon-primary,3.222110273771417,30.0,outside_mass_reach,0.0,0.3377748404168434,4.908051271653861e-08,,,False
ALP-photon-primary,3.5900475059650216,30.0,outside_mass_reach,0.0,0.1363353052019087,4.151278002752295e-08,,,False
ALP-photon-primary,4.0,30.0,outside_mass_reach,0.0,0.052190746736914,2.96980047740645e-08,,,False
ALP-photon-primary,0.02,100.0,resolved,2.0,38158719250.873695,0.0005802783448666,1.0658790622732055e-06,0.006667232001678287,False
ALP-photon-primary,0.0222838276839168,100.0,resolved,2.0,24183532738.64111,0.0004908051271653,9.75142565249977e-07,0.005395602612688867,False
ALP-photon-primary,0.0248284488123249,100.0,resolved,2.0,15611455824.304905,0.0003511191734215,8.955690644932882e-07,0.0042979020514607455,False
ALP-photon-primary,0.0276636437496399,100.0,resolved,2.0,9780790221.245388,0.0002969800477406,8.184464341688738e-07,0.0034549204229432947,False
ALP-photon-primary,0.030822593521312,100.0,resolved,2.0,6307004319.347919,0.0002511886431509,7.428145409068928e-07,0.0026198533162410604,False
ALP-photon-primary,0.0343422681400164,100.0,resolved,2.0,4034331830.1018906,0.000212457823103,6.796221784076572e-07,0.002126922851309911,False
ALP-photon-primary,0.0382638592753497,100.0,resolved,2.0,2596092905.468104,0.0001519911082952,6.220341260551285e-07,0.0017003425038374111,False
ALP-photon-primary,0.0426332623306768,100.0,resolved,2.0,1671202804.9147313,0.0001285555731913,5.701849920777354e-07,0.0013659999497701025,False
ALP-photon-primary,0.0475016135690013,100.0,resolved,2.0,1084582931.770614,0.0001087335672719,5.231796015455606e-07,0.0010616888584859536,False
ALP-photon-primary,0.0529258885739815,100.0,resolved,2.0,682586895.9880766,7.778737048694304e-05,4.789627604305894e-07,0.0008406309716902699,False
ALP-photon-primary,0.0589695690500394,100.0,resolved,2.0,434569575.3716111,6.579332246575683e-05,4.403202589886164e-07,0.0006772871889493146,False
ALP-photon-primary,0.0657033857652957,100.0,resolved,2.0,275221349.8324426,5.564863876983289e-05,4.0236916538146845e-07,0.0005259773996135964,False
ALP-photon-primary,0.0732061463321883,100.0,resolved,2.0,172639847.4192911,4.706816559609249e-05,3.706771911597657e-07,0.0004228174239289855,False
ALP-photon-primary,0.0815656575135043,100.0,resolved,2.0,107970549.72130512,3.3672295752114224e-05,3.3780608453430236e-07,0.0003335711181638164,False
ALP-photon-primary,0.0908797528478154,100.0,resolved,2.0,68233427.59549874,2.848035868435799e-05,3.101807361044822e-07,0.0002698949054779793,False
ALP-photon-primary,0.1012574376208835,100.0,resolved,2.0,42395618.33983184,2.408896728518304e-05,2.8524188268402906e-07,0.00021051600543584245,False
ALP-photon-primary,0.1128201645829364,100.0,resolved,2.0,26287297.06998033,2.037468528039706e-05,2.637659410349186e-07,0.00016510571827038352,False
ALP-photon-primary,0.1257032553418647,100.0,resolved,2.0,16420900.054884477,1.457593300969294e-05,2.438674245355559e-07,0.00012717059082061654,False
ALP-photon-primary,0.1400574840672757,100.0,resolved,2.0,10204852.045351034,1.2328467394420658e-05,2.2394632274300035e-07,0.00010225631791229098,False
ALP-photon-primary,0.156050842039905,100.0,resolved,2.0,6339232.070314056,1.0427538888537664e-05,2.0667398830868628e-07,7.97480647973299e-05,False
ALP-photon-primary,0.1738705036973686,100.0,resolved,2.0,3842217.08006598,8.819714875603578e-06,1.9115025521882917e-07,6.328551402830259e-05,False
ALP-photon-primary,0.1937250171853995,100.0,resolved,2.0,2412440.559573133,6.30957344480193e-06,1.7615237403925938e-07,4.982320561881968e-05,False
ALP-photon-primary,0.2158467450511636,100.0,resolved,2.0,1478137.2789810195,5.336699231206302e-06,1.6458950437141867e-07,3.865647763930913e-05,False
ALP-photon-primary,0.2404945836427232,100.0,resolved,2.0,894431.2150607461,4.513832659768975e-06,1.535302174011249e-07,3.0196354147952484e-05,False
ALP-photon-primary,0.2679569930404886,100.0,resolved,2.0,551613.9432381747,3.817844026370508e-06,1.431530368866308e-07,2.373278348673349e-05,False
ALP-photon-primary,0.2985553729807376,100.0,resolved,2.0,335498.79628937214,2.7312637228008467e-06,1.3272805429595139e-07,1.8499672295173657e-05,False
ALP-photon-primary,0.3326478242805142,100.0,resolved,2.0,205613.44562790488,2.310129700083158e-06,1.2517333276438243e-07,1.4536914669101433e-05,False
ALP-photon-primary,0.3706333397848415,100.0,resolved,2.0,122376.179947594,1.9539304046896112e-06,1.1758200279774833e-07,1.116298124493359e-05,False
ALP-photon-primary,0.4129564738840006,100.0,resolved,2.0,74374.96123058074,1.6526535398566878e-06,1.1098024383595699e-07,8.688615742715923e-06,False
ALP-photon-primary,0.460112545249449,100.0,resolved,2.0,43983.29807960785,1.1822988651687062e-06,1.0526913312742261e-07,6.696406605566042e-06,False
ALP-photon-primary,0.5126534336773558,100.0,resolved,2.0,26256.673594300843,1e-06,1.0069656099173803e-07,5.175642049300569e-06,False
ALP-photon-primary,0.5711940388817249,100.0,resolved,2.0,15702.091115707,8.458098281751346e-07,9.672311944509846e-08,3.933691078039855e-06,False
ALP-photon-primary,0.6364194768260428,100.0,resolved,2.0,9130.456545562283,7.153942654376493e-07,9.304558434411239e-08,2.9935354272386783e-06,False
ALP-photon-primary,0.7090930978140025,100.0,resolved,2.0,5280.6395046415455,6.050875007272935e-07,9.022272507879174e-08,2.268775969723241e-06,False
ALP-photon-primary,0.7900654201771018,100.0,resolved,2.0,3013.351802188711,4.328761281083062e-07,8.893563076186565e-08,1.6977964299134138e-06,False
ALP-photon-primary,0.8802840841123948,100.0,resolved,2.0,1733.2195361339825,3.6613088353640324e-07,8.814198496368473e-08,1.2621330269755726e-06,False
ALP-photon-primary,0.980804942162759,100.0,resolved,2.0,979.1271455172994,3.096770996935348e-07,8.845061484249554e-08,9.201145751699853e-07,False
ALP-photon-primary,1.0928044161344477,100.0,resolved,2.0,533.6140111299436,2.619279344815628e-07,9.132666268155556e-08,6.65309167660304e-07,False
ALP-photon-primary,1.2175932650681696,100.0,resolved,2.0,292.31942402325774,2.215412212581185e-07,9.672059566137085e-08,4.6041068531145754e-07,False
ALP-photon-primary,1.25,100.0,resolved,2.0,251.89219744608863,2.215412212581185e-07,9.876191970708982e-08,4.180125885741601e-07,False
ALP-photon-primary,1.285897435897436,100.0,resolved,2.0,213.0235667126712,1.873817422860383e-07,1.0230367767672147e-07,3.7629918793135705e-07,False
ALP-photon-primary,1.3217948717948718,100.0,resolved,2.0,182.20052570436613,1.873817422860383e-07,1.0647017173356495e-07,3.3507350046163596e-07,False
ALP-photon-primary,1.3566319253938397,100.0,resolved,2.0,155.69714961545037,1.873817422860383e-07,1.1109465646561304e-07,2.9611109868562953e-07,False
ALP-photon-primary,1.3576923076923078,100.0,resolved,2.0,155.82313374421594,1.873817422860383e-07,1.1143898022910078e-07,2.969154115169784e-07,False
ALP-photon-primary,1.3935897435897435,100.0,resolved,2.0,133.2299750918857,1.873817422860383e-07,1.1880519864243656e-07,2.6224851044044247e-07,False
ALP-photon-primary,1.4294871794871795,100.0,resolved,2.0,113.8393834207055,1.584893192461111e-07,1.2956005906811257e-07,2.2213107426963255e-07,False
ALP-photon-primary,1.438,100.0,resolved,2.0,109.6920890955381,1.584893192461111e-07,1.3327529790057117e-07,2.08369058483709e-07,False
ALP-photon-primary,1.447,100.0,resolved,2.0,106.59337200263155,1.584893192461111e-07,1.3894766525169318e-07,1.9805485958882679e-07,False
ALP-photon-primary,1.456,100.0,resolved,2.0,102.62924945254858,1.584893192461111e-07,1.495721344263168e-07,1.861942758337068e-07,False
ALP-photon-primary,1.4583461538461537,100.0,resolved,2.0,101.33493744269866,1.584893192461111e-07,1.537167482680031e-07,1.7092434798478779e-07,False
ALP-photon-primary,1.4606923076923075,100.0,resolved,2.0,101.4171414268789,1.584893192461111e-07,1.5345700581736195e-07,1.716238440431143e-07,False
ALP-photon-primary,1.4630384615384615,100.0,resolved,2.0,100.21663494032319,1.584893192461111e-07,1.5768065318363341e-07,1.603153243176592e-07,False
ALP-photon-primary,1.4634076037928725,100.0,interpolated_closing_point,,100.0,1.5848931924611096e-07,1.5848931924611096e-07,1.5848931924611096e-07,True
ALP-photon-primary,1.4653846153846153,100.0,outside_mass_reach,0.0,98.84771551163334,1.584893192461111e-07,,,False
ALP-photon-primary,1.5012820512820513,100.0,outside_mass_reach,0.0,86.3553600757246,1.584893192461111e-07,,,False
ALP-photon-primary,1.511547602798833,100.0,outside_mass_reach,0.0,82.4821150628714,1.584893192461111e-07,,,False
ALP-photon-primary,1.537179487179487,100.0,outside_mass_reach,0.0,74.26422445876403,1.584893192461111e-07,,,False
ALP-photon-primary,1.573076923076923,100.0,outside_mass_reach,0.0,64.40226976335006,1.584893192461111e-07,,,False
ALP-photon-primary,1.608974358974359,100.0,outside_mass_reach,0.0,55.48790874283369,1.3405182387914728e-07,,,False
ALP-photon-primary,1.6448717948717948,100.0,outside_mass_reach,0.0,49.23980338560911,1.3405182387914728e-07,,,False
ALP-photon-primary,1.6807692307692308,100.0,outside_mass_reach,0.0,42.85711399910911,1.3405182387914728e-07,,,False
ALP-photon-primary,1.6841533158403392,100.0,outside_mass_reach,0.0,42.11319529446011,1.3405182387914728e-07,,,False
ALP-photon-primary,1.7166666666666666,100.0,outside_mass_reach,0.0,37.27351498673389,1.3405182387914728e-07,,,False
ALP-photon-primary,1.7525641025641026,100.0,outside_mass_reach,0.0,32.643463253271364,1.1338235012178497e-07,,,False
ALP-photon-primary,1.7615,100.0,outside_mass_reach,0.0,31.59686274567969,1.1338235012178497e-07,,,False
ALP-photon-primary,1.7705,100.0,outside_mass_reach,0.0,30.871175541356624,1.1338235012178497e-07,,,False
ALP-photon-primary,1.77275,100.0,outside_mass_reach,0.0,30.451454314309032,1.1338235012178497e-07,,,False
ALP-photon-primary,1.775,100.0,outside_mass_reach,0.0,30.451600126127655,1.1338235012178497e-07,,,False
ALP-photon-primary,1.77725,100.0,outside_mass_reach,0.0,30.027843646573213,1.1338235012178497e-07,,,False
ALP-photon-primary,1.7795,100.0,outside_mass_reach,0.0,29.781651442299506,1.1338235012178497e-07,,,False
ALP-photon-primary,1.7884615384615383,100.0,outside_mass_reach,0.0,28.74933150532203,1.1338235012178497e-07,,,False
ALP-photon-primary,1.8243589743589743,100.0,outside_mass_reach,0.0,25.27073620224252,1.1338235012178497e-07,,,False
ALP-photon-primary,1.8602564102564103,100.0,outside_mass_reach,0.0,22.219982911353263,1.1338235012178497e-07,,,False
ALP-photon-primary,1.8764691141741665,100.0,outside_mass_reach,0.0,21.07453341441456,1.1338235012178497e-07,,,False
ALP-photon-primary,1.896153846153846,100.0,outside_mass_reach,0.0,19.737225889679465,1.1338235012178497e-07,,,False
ALP-photon-primary,1.9320512820512816,100.0,outside_mass_reach,0.0,17.285426182654227,1.1338235012178497e-07,,,False
ALP-photon-primary,1.9679487179487176,100.0,outside_mass_reach,0.0,15.431772058389662,9.589990607459972e-08,,,False
ALP-photon-primary,2.003846153846154,100.0,outside_mass_reach,0.0,12.393823481670088,9.589990607459972e-08,,,False
ALP-photon-primary,2.0397435897435896,100.0,outside_mass_reach,0.0,10.97471136885466,9.589990607459972e-08,,,False
ALP-photon-primary,2.0487,100.0,outside_mass_reach,0.0,10.46190028252871,9.589990607459972e-08,,,False
ALP-photon-primary,2.0577,100.0,outside_mass_reach,0.0,10.124080545317849,9.589990607459972e-08,,,False
ALP-photon-primary,2.0667,100.0,outside_mass_reach,0.0,9.794940657684048,9.589990607459972e-08,,,False
ALP-photon-primary,2.0756410256410254,100.0,outside_mass_reach,0.0,9.49634256978398,9.589990607459972e-08,,,False
ALP-photon-primary,2.0907457197224617,100.0,outside_mass_reach,0.0,8.96961178703163,9.589990607459972e-08,,,False
ALP-photon-primary,2.1115384615384616,100.0,outside_mass_reach,0.0,8.23422311751012,9.589990607459972e-08,,,False
ALP-photon-primary,2.1474358974358974,100.0,outside_mass_reach,0.0,7.236476377124516,9.589990607459972e-08,,,False
ALP-photon-primary,2.183333333333333,100.0,outside_mass_reach,0.0,6.381445803769798,8.111308307896875e-08,,,False
ALP-photon-primary,2.2192307692307693,100.0,outside_mass_reach,0.0,5.722700333917491,8.111308307896875e-08,,,False
ALP-photon-primary,2.255128205128205,100.0,outside_mass_reach,0.0,5.012228838454657,8.111308307896875e-08,,,False
ALP-photon-primary,2.291025641025641,100.0,outside_mass_reach,0.0,4.507534327694102,8.111308307896875e-08,,,False
ALP-photon-primary,2.3269230769230766,100.0,outside_mass_reach,0.0,4.030346450493686,8.111308307896875e-08,,,False
ALP-photon-primary,2.329490867459101,100.0,outside_mass_reach,0.0,3.998947148361612,8.111308307896875e-08,,,False
ALP-photon-primary,2.3628205128205124,100.0,outside_mass_reach,0.0,3.592849766864623,8.111308307896875e-08,,,False
ALP-photon-primary,2.3987179487179486,100.0,outside_mass_reach,0.0,3.230146007876407,8.111308307896875e-08,,,False
ALP-photon-primary,2.4077,100.0,outside_mass_reach,0.0,3.138669802816556,6.860624286177782e-08,,,False
ALP-photon-primary,2.4167,100.0,outside_mass_reach,0.0,3.0552224323309543,6.860624286177782e-08,,,False
ALP-photon-primary,2.4257,100.0,outside_mass_reach,0.0,2.9580403822452586,6.860624286177782e-08,,,False
ALP-photon-primary,2.434615384615385,100.0,outside_mass_reach,0.0,2.8963044902355333,6.860624286177782e-08,,,False
ALP-photon-primary,2.4705128205128206,100.0,outside_mass_reach,0.0,2.6214419985669672,6.860624286177782e-08,,,False
ALP-photon-primary,2.5064102564102564,100.0,outside_mass_reach,0.0,2.371824329659055,6.860624286177782e-08,,,False
ALP-photon-primary,2.542307692307692,100.0,outside_mass_reach,0.0,2.149829285842725,6.860624286177782e-08,,,False
ALP-photon-primary,2.578205128205128,100.0,outside_mass_reach,0.0,1.9314466620715809,6.860624286177782e-08,,,False
ALP-photon-primary,2.595498654085831,100.0,outside_mass_reach,0.0,1.8272348772894973,6.860624286177782e-08,,,False
ALP-photon-primary,2.614102564102564,100.0,outside_mass_reach,0.0,1.7230106566854122,6.860624286177782e-08,,,False
ALP-photon-primary,2.65,100.0,outside_mass_reach,0.0,1.5539404542546615,6.860624286177782e-08,,,False
ALP-photon-primary,2.891882238074339,100.0,outside_mass_reach,0.0,0.7975847828308051,5.8027834486661855e-08,,,False
ALP-photon-primary,3.222110273771417,100.0,outside_mass_reach,0.0,0.3377748404168434,4.908051271653861e-08,,,False
ALP-photon-primary,3.5900475059650216,100.0,outside_mass_reach,0.0,0.1363353052019087,4.151278002752295e-08,,,False
ALP-photon-primary,4.0,100.0,outside_mass_reach,0.0,0.052190746736914,2.96980047740645e-08,,,False
