reference,branch,mass_GeV,eventcalc_coupling_GeV_inv,reference_coupling_GeV_inv,log10_reference_over_eventcalc_dex,absolute_log_distance_dex,coupling_ratio_reference_over_eventcalc
geom_only,lower,0.02111790157188495,1.1218108164643684e-07,1.3022211682252226e-07,0.06476512758454951,0.06476512758454951,1.1608206563112458
geom_only,lower,0.02128679297200014,1.1157297021539282e-07,1.2952042698492993e-07,0.0647792727613527,0.0647792727613527,1.1608584654051008
geom_only,lower,0.021457035088943695,1.1096815523600635e-07,1.2881742225469807e-07,0.06477623803923646,0.06477623803923646,1.160850353695887
geom_only,lower,0.021628638725136276,1.103666188388662e-07,1.2812222031135877e-07,0.0647867183927495,0.0647867183927495,1.1608783675652463
geom_only,lower,0.021801614769391423,1.0976834325142672e-07,1.274353937258055e-07,0.06481295569744103,0.06481295569744103,1.1609485025560788
geom_only,lower,0.021975974197606423,1.0917331079748441e-07,1.2674634621079246e-07,0.064818967580571,0.064818967580571,1.1609645735293848
geom_only,lower,0.022151728073458863,1.0858150389665497e-07,1.2606607686560335e-07,0.06484238543301582,0.06484238543301582,1.1610271762821571
geom_only,lower,0.02232888754910858,1.0797468951970363e-07,1.2538760563473945e-07,0.06493264538669319,0.06493264538669319,1.1612684990574411
geom_only,lower,0.022507463865905335,1.0731796913176065e-07,1.2470563556391597e-07,0.06521363453676708,0.06521363453676708,1.162020084547141
geom_only,lower,0.022687468355102106,1.0666524302868049e-07,1.2403893557077415e-07,0.06553510351717404,0.06553510351717404,1.16288054148456
geom_only,lower,0.022868912438574106,1.060164869165449e-07,1.2337330815862636e-07,0.06584780130600712,0.06584780130600712,1.1637181324046757
geom_only,lower,0.023051807629543487,1.0537167664919512e-07,1.2269971761845125e-07,0.06611967274427141,0.06611967274427141,1.1644468563117287
geom_only,lower,0.023236165533309972,1.0473078822733346e-07,1.2204242348220336e-07,0.0664364510033151,0.0664364510033151,1.1652965240488067
geom_only,lower,0.02342199784798719,1.0409379779763022e-07,1.213904200456104e-07,0.06675956041634029,0.06675956041634029,1.1661638120035422
geom_only,lower,0.023609316365244985,1.034606816518351e-07,1.2072810093848936e-07,0.06703303376684926,0.06703303376684926,1.166898371545264
geom_only,lower,0.023798132971057626,1.0283141622589597e-07,1.2007734751623861e-07,0.06733526878302773,0.06733526878302773,1.1677107242445972
geom_only,lower,0.023988459646458012,1.022059780990811e-07,1.1942462872849418e-07,0.06761760107810577,0.06761760107810577,1.1684700929403646
geom_only,lower,0.024180308468297922,1.0158434399310765e-07,1.1878314035877692e-07,0.06792802248521126,0.06792802248521126,1.1693055808563984
geom_only,lower,0.02437369161001429,1.0096649077127539e-07,1.1814455761650826e-07,0.06823645843145697,0.06823645843145697,1.1701363166532868
geom_only,lower,0.024568621342401696,1.0035239543760484e-07,1.1750611431771478e-07,0.06853272162292787,0.06853272162292787,1.1709348222860851
geom_only,lower,0.024765110034390986,9.97420351359826e-08,1.1687583024945483e-07,0.06884648366894283,0.06884648366894283,1.171781085979577
geom_only,lower,0.02496317015383408,9.918761872919902e-08,1.1624560262512395e-07,0.0689190692889179,0.0689190692889179,1.1719769474705957
geom_only,lower,0.02516281426829514,9.866081103439683e-08,1.1560253702423043e-07,0.06882268402829353,0.06882268402829353,1.171716873317888
geom_only,lower,0.025364055045848016,9.813680133344567e-08,1.149612270591371e-07,0.06871949216994819,0.06871949216994819,1.171438497047871
geom_only,lower,0.02556690525588002,9.76155747655725e-08,1.1433410328542654e-07,0.06865667419936282,0.06865667419936282,1.1712690680765259
geom_only,lower,0.025771377769902282,9.709711654893317e-08,1.1369202347358026e-07,0.06852366301626402,0.06852366301626402,1.1709103989332568
geom_only,lower,0.02597748556236643,9.658141198019323e-08,1.130626057805472e-07,0.0684254402108468,0.0684254402108468,1.170645608326102
geom_only,lower,0.02618524171148786,9.606844643411094e-08,1.1244019968546896e-07,0.06834084062312584,0.06834084062312584,1.1704175914053807
geom_only,lower,0.026394659400075616,9.555820536312247e-08,1.118207267170962e-07,0.06825432552947587,0.06825432552947587,1.1701844576525473
geom_only,lower,0.02660575191636888,9.505067429692942e-08,1.1119596984731926e-07,0.06813384496359909,0.06813384496359909,1.1698598739021404
geom_only,lower,0.026818532654880104,9.454583884208833e-08,1.1058997425668046e-07,0.06807333756212414,0.06807333756212414,1.1696968963529877
geom_only,lower,0.027033015117245013,9.404368468160259e-08,1.0997279186849079e-07,0.06795561391051043,0.06795561391051043,1.1693798710760677
geom_only,lower,0.027249212913079288,9.354419757451617e-08,1.093647760775559e-07,0.06786061413471063,0.06786061413471063,1.169124102972151
geom_only,lower,0.02746713976084213,9.304736335551052e-08,1.0875706291710085e-07,0.06775339933956119,0.06775339933956119,1.1688355155381194
geom_only,lower,0.027686809488706776,9.255384767623893e-08,1.081547129760886e-07,0.06765097102515495,0.06765097102515495,1.168559878292935
geom_only,lower,0.0279082360354379,9.206870798712653e-08,1.0755920605427706e-07,0.06753553914879713,0.06753553914879713,1.1682493260285187
geom_only,lower,0.02813143345127612,9.15861112556962e-08,1.0696198934525375e-07,0.0673998523310235,0.0673998523310235,1.1678843863850727
geom_only,lower,0.02835641589882947,9.110604415252151e-08,1.0636979613345129e-07,0.06727113700951294,0.06727113700951294,1.167538302457481
geom_only,lower,0.028583197653972128,9.062849341804501e-08,1.0578667222245893e-07,0.06716619508842127,0.06716619508842127,1.167256215266575
geom_only,lower,0.02881179310675024,9.0153445862212e-08,1.0519403092885336e-07,0.0670087660919076,0.0670087660919076,1.1668331689687044
geom_only,lower,0.029042216762295004,8.96808883641056e-08,1.0461418860971056e-07,0.06689068934583273,0.06689068934583273,1.166515971440599
geom_only,lower,0.029274483241743088,8.92108078715854e-08,1.0403413780884473e-07,0.0667584000190082,0.0667584000190082,1.1661606961187572
geom_only,lower,0.02950860728316438,8.874319140092624e-08,1.0346085076444949e-07,0.06664100246694908,0.06664100246694908,1.1658455046656078
geom_only,lower,0.029744603742497173,8.827802603646001e-08,1.0289182375823585e-07,0.06652825171862814,0.06652825171862814,1.165542869249706
geom_only,lower,0.029982487594490785,8.781529893021806e-08,1.0231551671296719e-07,0.06637131782258622,0.06637131782258622,1.1651217721671898
geom_only,lower,0.030222273933655824,8.735499730157755e-08,1.0173417336968078e-07,0.06617910598555536,0.06617910598555536,1.1646062218794613
geom_only,lower,0.030463977975221938,8.689710843690768e-08,1.0116170482017524e-07,0.06601081441848144,0.06601081441848144,1.1641550178119504
geom_only,lower,0.030707615056103282,8.644161968921886e-08,1.0058722428538481e-07,0.06581992808684496,0.06581992808684496,1.1636434468375678
geom_only,lower,0.030953200635871692,8.599012688383461e-08,1.0001930042892567e-07,0.06563522283173565,0.06563522283173565,1.1631486550083046
geom_only,lower,0.031200750297737657,8.55424064607941e-08,9.946259572855611e-08,0.06547832548678208,0.06547832548678208,1.1627285207850906
geom_only,lower,0.03145027974953912,8.509701716092404e-08,9.889425709270776e-08,0.06525673496447924,0.06525673496447924,1.162135411934501
geom_only,lower,0.03170180482473815,8.465394684688387e-08,9.833802436111824e-08,0.06507426778051513,0.06507426778051513,1.1616472476940167
geom_only,lower,0.031955341483425714,8.421318344452796e-08,9.778356412727572e-08,0.06488577792266788,0.06488577792266788,1.1611431859916173
geom_only,lower,0.03221090581333433,8.377471494257649e-08,9.722780111416951e-08,0.0646775051893691,0.0646775051893691,1.1605864750577124
geom_only,lower,0.0324685140308589,8.333852939228817e-08,9.666793250731104e-08,0.0644365976413139,0.0644365976413139,1.1599428645096337
geom_only,lower,0.03272818248208573,8.290461490713442e-08,9.612679896403215e-08,0.06426577414593831,0.06426577414593831,1.1594867073649464
geom_only,lower,0.03298992764382963,8.247295966247622e-08,9.558504284165606e-08,0.06407835900898015,0.06407835900898015,1.1589864512300947
geom_only,lower,0.0332537661246796,8.204355189524069e-08,9.50388780622744e-08,0.06385684687548214,0.06385684687548214,1.15839546029927
geom_only,lower,0.033519714666052546,8.161637990360141e-08,9.4502911508977e-08,0.06366786102781673,0.06366786102781673,1.1578914872308244
geom_only,lower,0.033787790143255655,8.119143204665919e-08,9.396613948482765e-08,0.06346118310255729,0.06346118310255729,1.1573405852827805
geom_only,lower,0.03405800956655716,8.076869674412495e-08,9.343952729393642e-08,0.06328755738736724,0.06328755738736724,1.1568779869007002
geom_only,lower,0.03433039008226571,8.034816247600413e-08,9.290217692295269e-08,0.06304994157803634,0.06304994157803634,1.1562451966552165
geom_only,lower,0.03460494897381837,8.000332958856826e-08,9.238326603629912e-08,0.06248524995494349,0.06248524995494349,1.1547427652248592
geom_only,lower,0.034881703662877246,7.966330128020052e-08,9.185728936771232e-08,0.06185532581223536,0.06185532581223536,1.1530690781269755
geom_only,lower,0.03516067171043505,7.932471815231571e-08,9.133135301739608e-08,0.06121135381039091,0.06121135381039091,1.1513605739137425
geom_only,lower,0.03544187081792932,7.898757406264105e-08,9.080402057214755e-08,0.06054630281885484,0.06054630281885484,1.1495988027197224
geom_only,lower,0.03572531882836569,7.865186289500947e-08,9.028683001313148e-08,0.059915391645933604,0.059915391645933604,1.1479299623666035
geom_only,lower,0.036011033727450036,7.831757855924873e-08,8.975753730007488e-08,0.05921167684275375,0.05921167684275375,1.1460714050571879
geom_only,lower,0.03629903364472977,7.798471499107087e-08,8.924081915539493e-08,0.058554058800677246,0.058554058800677246,1.1443373123260483
geom_only,lower,0.03658933685474421,7.765326615196226e-08,8.872593091732089e-08,0.05789083749945518,0.05789083749945518,1.1425911016246266
geom_only,lower,0.03688196177818411,7.732322602907399e-08,8.821517197623424e-08,0.05723332003446838,0.05723332003446838,1.1408625390651033
geom_only,lower,0.0371769269830606,7.699458863511299e-08,8.770630582200627e-08,0.05657061598328821,0.05657061598328821,1.1391229874304214
geom_only,lower,0.037474251185883316,7.666734800823278e-08,8.720605329039503e-08,0.05593619106012681,0.05593619106012681,1.1374601516284426
geom_only,lower,0.037773953252848075,7.634149821192623e-08,8.669976009412735e-08,0.05525721696384343,0.05525721696384343,1.1356832407643649
geom_only,lower,0.03807605220103397,7.601703333491729e-08,8.619868111902434e-08,0.05458970428032914,0.05458970428032914,1.1339390309964945
geom_only,lower,0.038380567199610006,7.569507747571744e-08,8.570392882230247e-08,0.053933093392905675,0.053933093392905675,1.1322259211610666
geom_only,lower,0.03868751757105163,7.537630313701395e-08,8.520853951463248e-08,0.053248288029053875,0.053248288029053875,1.1304420085414133
geom_only,lower,0.03899692279236656,7.50588712512467e-08,8.471638458185514e-08,0.052565384099268316,0.052565384099268316,1.1286658481484697
geom_only,lower,0.03930880249633087,7.474277616494967e-08,8.422786602532984e-08,0.051886572883802294,0.051886572883802294,1.1269030981595807
geom_only,lower,0.03962317647273463,7.44280122484653e-08,8.374326333444209e-08,0.05121346018334712,0.05121346018334712,1.1251578646878195
geom_only,lower,0.03994006466963772,7.411457389584413e-08,8.32579461726772e-08,0.0505220773214851,0.0505220773214851,1.1233680745393284
geom_only,lower,0.04025948719463554,7.380245552474506e-08,8.265225038257569e-08,0.04918387092593067,0.04918387092593067,1.1199119296899736
geom_only,lower,0.040581464316134866,7.349165157633584e-08,8.201674403996175e-08,0.047664516977106546,0.047664516977106546,1.1160008284039022
geom_only,lower,0.04090601646464007,7.318215651519413e-08,8.138608716859418e-08,0.04614496620349942,0.04614496620349942,1.1121028819599863
geom_only,lower,0.04123316423404941,7.287396482920887e-08,8.076162231157921e-08,0.04463263563591102,0.04463263563591102,1.1082369746295027
geom_only,lower,0.0415629283829618,7.256707102948213e-08,8.014124129028721e-08,0.04311647051040788,0.04311647051040788,1.1043747550142666
geom_only,lower,0.04189532983599401,7.226146965023136e-08,7.952390021170735e-08,0.04159088169531878,0.04159088169531878,1.1005021153960537
geom_only,lower,0.04223038968510843,7.195715524869204e-08,7.891309397225259e-08,0.040075085613771926,0.040075085613771926,1.0966677837599337
geom_only,lower,0.04256812919095138,7.165412240502075e-08,7.831109004884203e-08,0.03858208787582822,0.03858208787582822,1.0929041822073147
geom_only,lower,0.04290856978420216,7.139776197827125e-08,7.770548074401296e-08,0.03676705298640219,0.03676705298640219,1.088346169277146
geom_only,lower,0.04325173306693298,7.115306726920115e-08,7.711468696379776e-08,0.03494347356174117,0.03494347356174117,1.0837858425982028
geom_only,lower,0.04359764081397959,7.090921117886332e-08,7.652047297069827e-08,0.03307499158064787,0.03307499158064787,1.0791330448971002
geom_only,lower,0.043946314974323025,7.066619083314026e-08,7.592932997822171e-08,0.03119788567782327,0.03119788567782327,1.0744788856315883
geom_only,lower,0.044297777672482296,7.042400336776453e-08,7.535047092085706e-08,0.029365261270024572,0.029365261270024572,1.0699543808574157
geom_only,lower,0.0446520512099183,7.018264592828511e-08,7.477221176184904e-08,0.027510489913238314,0.027510489913238314,1.0653945968103524
geom_only,lower,0.045009158066448916,6.994211567003392e-08,7.422585205797374e-08,0.025816426586993964,0.025816426586993964,1.0612468803224255
geom_only,lower,0.04536912090167536,6.970240975809168e-08,7.377188550769465e-08,0.024643090742342773,0.024643090742342773,1.0583835733043727
geom_only,lower,0.0457319625564201,6.946352536725544e-08,7.335489554758352e-08,0.023672282461317855,0.023672282461317855,1.0560203381523514
geom_only,lower,0.04609770605417616,6.92254596820046e-08,7.293646664093901e-08,0.022678872078296674,0.022678872078296674,1.0536075452005862
geom_only,lower,0.046466374602567986,6.898820989646795e-08,7.252032804571483e-08,0.021684883923509094,0.021684883923509094,1.0511988665099097
geom_only,lower,0.04683799159482413,6.875177321439057e-08,7.21022245860117e-08,0.02066476053859393,0.02066476053859393,1.0487325812117358
geom_only,lower,0.04721258061126147,6.851614684910102e-08,7.16927828488995e-08,0.019682506911631297,0.019682506911631297,1.046363319390897
geom_only,lower,0.04759016542078173,6.827611859798235e-08,7.128094671076414e-08,0.0187046349963573,0.0187046349963573,1.0440099433665022
geom_only,lower,0.04797076998237937,6.801992242111371e-08,7.087470834997926e-08,0.01785515250888812,0.01785515250888812,1.0419698498212255
geom_only,lower,0.04835441844666212,6.77646875830322e-08,7.046807362134781e-08,0.016988958963773695,0.016988958963773695,1.0398937283522949
geom_only,lower,0.04874113515738328,6.75104104764542e-08,7.006887360354719e-08,0.01615438743030229,0.01615438743030229,1.0378973125631537
geom_only,lower,0.04913094465298647,6.725708750763197e-08,6.966707033268175e-08,0.015289491041711345,0.015289491041711345,1.0358323994445389
geom_only,lower,0.04952387166816266,6.700471509630272e-08,6.926972503744944e-08,0.014438098817443257,0.014438098817443257,1.0338037396008821
geom_only,lower,0.04991994113541961,6.67532896756381e-08,6.88716949562185e-08,0.013568098179750772,0.013568098179750772,1.0317348446926582
geom_only,lower,0.05031917818666402,6.650280769219376e-08,6.859782720610406e-08,0.013470378679345517,0.013470378679345517,1.0315027227663385
geom_only,lower,0.05072160815479616,6.625326560585915e-08,6.834972407143707e-08,0.01352947625989391,0.01352947625989391,1.0316430963275043
geom_only,lower,0.05112725657531738,6.600465988980743e-08,6.810911176939469e-08,0.013630619002856946,0.013630619002856946,1.0318833834323298
geom_only,lower,0.05153614918795035,6.575698703044569e-08,6.78628344027922e-08,0.01369008899290596,0.01369008899290596,1.032024693761767
geom_only,lower,0.051948311938272394,6.551024352736527e-08,6.7617463502074e-08,0.013749661399014393,0.013749661399014393,1.032166266849985
geom_only,lower,0.05236377097936182,6.526442589329225e-08,6.737607307658919e-08,0.01382917307614303,0.01382917307614303,1.0323552556296058
geom_only,lower,0.0527825526734573,6.501953065403825e-08,6.713494997991191e-08,0.013904839474081455,0.013904839474081455,1.0325351368211126
geom_only,lower,0.05320468359363084,6.47600297653103e-08,6.689791900709892e-08,0.014105568689951784,0.014105568689951784,1.033012480839436
geom_only,lower,0.05363019052547379,6.449358455022172e-08,6.665371879649907e-08,0.014307869249962264,0.014307869249962264,1.0334937848677839
geom_only,lower,0.0540591004687965,6.42282355831258e-08,6.641395875139853e-08,0.014533376442917828,0.014533376442917828,1.0340305653491588
geom_only,lower,0.054491440639341575,6.396397835367849e-08,6.617777645709367e-08,0.014776703339886274,0.014776703339886274,1.0346100752391345
geom_only,lower,0.054927238470510786,6.370080837009233e-08,6.59436907970069e-08,0.01502830686562984,0.01502830686562984,1.0352096383751326
geom_only,lower,0.05536652161510582,6.343872115906116e-08,6.567973407994765e-08,0.015076966176362486,0.015076966176362486,1.0353256320421016
geom_only,lower,0.05580931794708289,6.317771226568303e-08,6.541333964886876e-08,0.015102426835085165,0.015102426835085165,1.0353863301314898
geom_only,lower,0.056255655563321495,6.291777725338549e-08,6.515171997213259e-08,0.01515251379854999,0.01515251379854999,1.0355057476005622
geom_only,lower,0.05670556278540726,6.265891170384921e-08,6.489126523747228e-08,0.015203394498093404,0.015203394498093404,1.0356270715995524
geom_only,lower,0.057159068161428975,6.240111121693388e-08,6.46315562907953e-08,0.015252290096618996,0.015252290096618996,1.0357436755590361
geom_only,lower,0.05761620046779015,6.214437141060234e-08,6.437419730104184e-08,0.015310027255874345,0.015310027255874345,1.0358813813676948
geom_only,lower,0.05807698871103479,6.188868792084718e-08,6.411335162137509e-08,0.015337205397024383,0.015337205397024383,1.035946208835016
geom_only,lower,0.05854146212968829,6.163405640161552e-08,6.385785057982742e-08,0.015393544881796986,0.015393544881796986,1.0360806071844657
geom_only,lower,0.059009650196112304,6.138072289629275e-08,6.359833165134064e-08,0.015413724208961832,0.015413724208961832,1.0361287493924551
geom_only,lower,0.0594815826183752,6.113110457828717e-08,6.334391245240772e-08,0.015442641040122475,0.015442641040122475,1.0361977407309357
geom_only,lower,0.05995728934213697,6.088250138851312e-08,6.30827300556608e-08,0.015417992854930899,0.015417992854930899,1.0361389334696882
geom_only,lower,0.0604368005525494,6.063490919872658e-08,6.281540407915461e-08,0.015343426302219928,0.015343426302219928,1.0359610480042383
geom_only,lower,0.06092014667617149,6.038832389747211e-08,6.254453760582762e-08,0.01523641035662939,0.01523641035662939,1.0357058048508905
geom_only,lower,0.061407358382899936,6.0142741390014e-08,6.22736064650686e-08,0.015120797877857571,0.015120797877857571,1.0354301288203067
geom_only,lower,0.06189846658791547,5.989815759826907e-08,6.200079029947196e-08,0.014983761140865859,0.014983761140865859,1.0351034620347597
geom_only,lower,0.06239350245364441,5.965456846073846e-08,6.17314437540671e-08,0.014862725837438162,0.014862725837438162,1.0348150250168273
geom_only,lower,0.06289249739173598,5.9411969932440295e-08,6.146415380861904e-08,0.014747954376143312,0.014747954376143312,1.0345415894896661
geom_only,lower,0.06339548306505557,5.91703579848425e-08,6.119619552047878e-08,0.014620226723804038,0.014620226723804038,1.0342373716271116
geom_only,lower,0.06390249138969378,5.892972860579605e-08,6.092896638628073e-08,0.014489369704741661,0.014489369704741661,1.0339257931061987
geom_only,lower,0.0644135545369917,5.869007779946785e-08,6.066563437179564e-08,0.01437805809900096,0.01437805809900096,1.0336608272880106
geom_only,lower,0.06492870493558207,5.845140158627511e-08,6.040340796668468e-08,0.014266512830761077,0.014266512830761077,1.033395373377461
geom_only,lower,0.06544797527344727,5.821369600281878e-08,6.012692985497382e-08,0.014043855242467132,0.014043855242467132,1.0328656997154484
geom_only,lower,0.06597139849999327,5.799944048359995e-08,5.985270220842608e-08,0.013659958581494745,0.013659958581494745,1.0319530966053054
geom_only,lower,0.06649900782814049,5.7807414188351946e-08,5.957792941424994e-08,0.013101862394739445,0.013101862394739445,1.030627822585684
geom_only,lower,0.0670308367364312,5.7616023659548447e-08,5.930628847868405e-08,0.012557463388686643,0.012557463388686643,1.029336714194706
geom_only,lower,0.0675669189711538,5.7425266792275e-08,5.903459192231842e-08,0.012003543955485958,0.012003543955485958,1.0280246870400245
geom_only,lower,0.0681072885484844,5.723514148858567e-08,5.876561467451852e-08,0.011460522372599907,0.011460522372599907,1.0267400961389792
geom_only,lower,0.06865197975664482,5.7045645657480946e-08,5.849345634270324e-08,0.01088478436472949,0.01088478436472949,1.0253798632399636
geom_only,lower,0.06920102715807869,5.6856777214883804e-08,5.822919337989613e-08,0.010358534935201096,0.010358534935201096,1.0241381279812156
geom_only,lower,0.06975446559164432,5.6668534083617696e-08,5.795800553884394e-08,0.009771453693454083,0.009771453693454083,1.0227546287561198
geom_only,lower,0.07031233017482545,5.6480914193382784e-08,5.7707264195747256e-08,0.00932876808674179,0.00932876808674179,1.0217126443485958
geom_only,lower,0.07087465630595954,5.629391548073412e-08,5.747810701136216e-08,0.009040999872889116,0.009040999872889116,1.021035870760017
geom_only,lower,0.07144147966648377,5.610753588905801e-08,5.724648151408497e-08,0.008727603273873024,0.008727603273873024,1.0202993342512672
geom_only,lower,0.07201283622319953,5.59217733685503e-08,5.7021207395378894e-08,0.008455473911850801,0.008455473911850801,1.0196602139131536
geom_only,lower,0.07258876223055408,5.573662587619296e-08,5.6791311284947474e-08,0.008141222135101617,0.008141222135101617,1.018922663368559
geom_only,lower,0.07316929423294151,5.555209137573246e-08,5.6562290670083596e-08,0.007826575765968803,0.007826575765968803,1.018184721210918
geom_only,lower,0.07375446906702134,5.533187458533172e-08,5.6334880189875666e-08,0.007801991118276072,0.007801991118276072,1.018127085193854
geom_only,lower,0.07434432386405598,5.5110092363662655e-08,5.6107185528316806e-08,0.007787345094760333,0.007787345094760333,1.0180927507447184
geom_only,lower,0.0749388960522669,5.488919909351066e-08,5.587961042584894e-08,0.007766475802121417,0.007766475802121417,1.0180438291812381
geom_only,lower,0.07553822335920934,5.466919121176405e-08,5.565612675009273e-08,0.007770330514407664,0.007770330514407664,1.018052865177861
geom_only,lower,0.0761423438141667,5.445006516959287e-08,5.543201973881041e-08,0.007762299087788838,0.007762299087788838,1.0180340384563196
geom_only,lower,0.07675129575056305,5.423181743239199e-08,5.520869316634536e-08,0.0077533082842347585,0.0077533082842347585,1.0180129632419417
geom_only,lower,0.07736511780839599,5.4014444479723316e-08,5.4985166046959585e-08,0.007735627018262451,0.007735627018262451,1.0179715181112465
geom_only,lower,0.07798384893668826,5.379794280525984e-08,5.4764335299252324e-08,0.0077321519245421265,0.0077321519245421265,1.0179633726421597
geom_only,lower,0.0786075283959591,5.358230891672828e-08,5.454373011573692e-08,0.007723411115295969,0.007723411115295969,1.0179428848522145
geom_only,lower,0.07923619576071583,5.3367539335853573e-08,5.4323091296358e-08,0.00770729696273165,0.00770729696273165,1.017905115588915
geom_only,lower,0.07986989092196449,5.315363059830188e-08,5.410395419531649e-08,0.007696072878284859,0.007696072878284859,1.0178788087721888
geom_only,lower,0.0805086540897414,5.2940579253625645e-08,5.389669201366855e-08,0.007773421702070795,0.007773421702070795,1.0180601114215693
geom_only,lower,0.08115252579566451,5.2728381865206985e-08,5.3697387000654474e-08,0.007908708905121726,0.007908708905121726,1.018377297029987
geom_only,lower,0.08180154689550528,5.25224079782524e-08,5.3492978966043896e-08,0.007952155121803795,0.007952155121803795,1.0184791791761219
geom_only,lower,0.08245575857178114,5.2326650764069726e-08,5.329194992228004e-08,0.00793867307971309,0.00793867307971309,1.018447562458424
geom_only,lower,0.08311520233636842,5.213162316013124e-08,5.309213242444482e-08,0.007928921710623977,0.007928921710623977,1.0184246951483404
geom_only,lower,0.08377992003313693,5.193732244709322e-08,5.2893329070366625e-08,0.007921345628444596,0.007921345628444596,1.0184069293184541
geom_only,lower,0.0844499538406045,5.1743745915747587e-08,5.2693988636790044e-08,0.007903207794881519,0.007903207794881519,1.0183643975561743
geom_only,lower,0.08512534627461374,5.15508908669837e-08,5.2496778752735653e-08,0.007896480680046574,0.007896480680046574,1.0183486234639985
geom_only,lower,0.0858061401910297,5.1358754611750803e-08,5.23088607517345e-08,0.007960777450340278,0.007960777450340278,1.0184993999010699
geom_only,lower,0.08649237878845914,5.116733447102057e-08,5.2109698184122766e-08,0.007925764496445891,0.007925764496445891,1.0184172914779432
geom_only,lower,0.08718410561099178,5.0976627775749716e-08,5.191491300259596e-08,0.007921028094765244,0.007921028094765244,1.0184061847122143
geom_only,lower,0.08788136455096306,5.0786631866842905e-08,5.17206321165715e-08,0.007914412395112268,0.007914412395112268,1.0183906712336712
geom_only,lower,0.08858419985173968,5.059734409511525e-08,5.152724332691165e-08,0.007909187728927274,0.007909187728927274,1.018378419824731
geom_only,lower,0.08929265611052642,5.0408761821256006e-08,5.1332708784541146e-08,0.007888152131314977,0.007888152131314977,1.01832909458402
geom_only,lower,0.09000677828119648,5.0220882415791334e-08,5.113179005287319e-08,0.007806657738937528,0.007806657738937528,1.0181380253246095
geom_only,lower,0.09072661167714369,5.0033703259047766e-08,5.091863731714171e-08,0.00761412405782203,0.00761412405782203,1.0176867591333831
geom_only,lower,0.09145220197415786,4.9851877812726736e-08,5.070845607531401e-08,0.007398865855727813,0.007398865855727813,1.0171824673446623
geom_only,lower,0.09218359521332312,4.9671959221751445e-08,5.049284596065026e-08,0.007118559500139741,0.007118559500139741,1.0165261598648467
geom_only,lower,0.09292083780393906,4.949268996838988e-08,5.0278530341521036e-08,0.0068415159098025435,0.0068415159098025435,1.0158779079018145
geom_only,lower,0.09366397652646623,4.9314067709141276e-08,5.006666136830991e-08,0.00657780486281467,0.00657780486281467,1.015261236684175
geom_only,lower,0.09441305853549367,4.9136090108963026e-08,4.985838674643544e-08,0.006337626515477932,0.006337626515477932,1.0146999208905443
geom_only,lower,0.09516813136273168,4.8958754841239516e-08,4.964678665973121e-08,0.006060780502095608,0.006060780502095608,1.0140532948748964
geom_only,lower,0.0959292429200276,4.878205958775206e-08,4.943655879720368e-08,0.005788100202473787,0.005788100202473787,1.013416801483633
geom_only,lower,0.0966964415024058,4.860600203864886e-08,4.922985075103165e-08,0.005538618363568839,0.005538618363568839,1.0128348081762977
geom_only,lower,0.09746977579113274,4.843057989241422e-08,4.902095339307448e-08,0.005262084272560539,0.005262084272560539,1.012190097702149
geom_only,lower,0.09824929485680518,4.825579085583885e-08,4.881406727593246e-08,0.004995557768570118,0.004995557768570118,1.0115691072551567
geom_only,lower,0.09903504816246447,4.808163264398973e-08,4.860949986890096e-08,0.004741946744607254,0.004741946744607254,1.0109785628291725
geom_only,lower,0.09982708556673489,4.790810298018056e-08,4.840409386182396e-08,0.0044731200056657965,0.0044731200056657965,1.010352964337757
geom_only,lower,0.1006254573269874,4.773519959594149e-08,4.826319904778988e-08,0.004777362204393405,0.004777362204393405,1.011061008570566
geom_only,lower,0.10143021410252862,4.756549206081068e-08,4.813753903505036e-08,0.005191889959179186,0.005191889959179186,1.012026512277185
geom_only,lower,0.10224140695781526,4.740580022330056e-08,4.801757991943607e-08,0.0055687858924456535,0.0055687858924456535,1.0129051654703387
geom_only,lower,0.1030590873656945,4.724664451990495e-08,4.7892933932397794e-08,0.005900472708377739,0.005900472708377739,1.0136790542282967
geom_only,lower,0.10388330721066999,4.708802315065851e-08,4.777123700569101e-08,0.006256028932446303,0.006256028932446303,1.01450929152083
geom_only,lower,0.10471411879219401,4.6929934321638636e-08,4.765006247788838e-08,0.006613527995132716,0.006613527995132716,1.015344750992283
geom_only,lower,0.10555157482798629,4.677237624494576e-08,4.752800726548073e-08,0.00696017119590664,0.00696017119590664,1.0161554977788119
geom_only,lower,0.10639572845737891,4.661534713868274e-08,4.740646633674505e-08,0.007308661644002772,0.007308661644002772,1.0169712175629348
geom_only,lower,0.10724663324468815,4.64588452269348e-08,4.7284487142716126e-08,0.007650272101040308,0.007650272101040308,1.017771468742892
geom_only,lower,0.10810434318261354,4.6302868739749454e-08,4.716403449166016e-08,0.008003049307042423,0.008003049307042423,1.0185985399036717
geom_only,lower,0.10896891269566368,4.61474159131165e-08,4.704486574669918e-08,0.008364846374798073,0.008364846374798073,1.0194474558504498
geom_only,lower,0.10984039664360966,4.599248498894803e-08,4.692006013589513e-08,0.008671684784455477,0.008671684784455477,1.0201679719451993
geom_only,lower,0.11071885032496619,4.5838074215058595e-08,4.677485983241148e-08,0.008786131324229432,0.008786131324229432,1.0204368449895553
geom_only,lower,0.11160432948050042,4.568418184514535e-08,4.661972557214316e-08,0.008803861142189907,0.008803861142189907,1.0204785045766827
geom_only,lower,0.11249689029676893,4.553080613876832e-08,4.646458945684963e-08,0.0088167645335799,0.0088167645335799,1.0205088246238236
geom_only,lower,0.11339658940968275,4.5367410001817174e-08,4.631207625536171e-08,0.008950265286264511,0.008950265286264511,1.020822574035121
geom_only,lower,0.1143034839081014,4.5198690512291225e-08,4.615685095353541e-08,0.009110318763471363,0.009110318763471363,1.0211988540018349
geom_only,lower,0.11521763133745515,4.503059848345005e-08,4.600340450689402e-08,0.00928225403613239,0.00928225403613239,1.0216032221690658
geom_only,lower,0.11613908970339647,4.4863131581793746e-08,4.5851219282717745e-08,0.009461303616896915,0.009461303616896915,1.0220244924080375
geom_only,lower,0.11706791747548081,4.469628748250061e-08,4.569950460440823e-08,0.009640040515869861,0.009640040515869861,1.0224452002260902
geom_only,lower,0.11800417359087664,4.453006386939476e-08,4.554824672769692e-08,0.009818346449727655,0.009818346449727655,1.0228650662008583
geom_only,lower,0.11894791745810503,4.436445843491435e-08,4.539843579731911e-08,0.010005705127692681,0.010005705127692681,1.0233064349003984
geom_only,lower,0.1198992089608096,4.419946888007897e-08,4.5242798604470384e-08,0.010132410726332485,0.010132410726332485,1.0236050285405498
geom_only,lower,0.12085810846155617,4.403509291445814e-08,4.5077507830379605e-08,0.010160980447507083,0.010160980447507083,1.0236723678077946
geom_only,lower,0.12182467680566292,4.3871328256139377e-08,4.4903036608198336e-08,0.010094928170018596,0.010094928170018596,1.0235166883034725
geom_only,lower,0.12279897532506133,4.370817263169653e-08,4.4732475366330827e-08,0.010060281726865107,0.010060281726865107,1.023435039100479
geom_only,lower,0.12378106584218794,4.354562377615824e-08,4.4561062595981756e-08,0.010011022354262863,0.010011022354262863,1.0233189636929596
geom_only,lower,0.12477101067390693,4.338367943297647e-08,4.438984498557711e-08,0.009957246034828992,0.009957246034828992,1.02319225952596
geom_only,lower,0.12576887263546463,4.3223092193579896e-08,4.422117467089945e-08,0.009914441572178068,0.009914441572178068,1.0230914177275776
geom_only,lower,0.1267747150444752,4.307382795960546e-08,4.4053128293556875e-08,0.009763284779495547,0.009763284779495547,1.022735391311629
geom_only,lower,0.1277886017249384,4.292507918647405e-08,4.3885596477974714e-08,0.009610900511528825,0.009610900511528825,1.0223765991747624
geom_only,lower,0.12881059701128922,4.277684409412181e-08,4.3716023907437126e-08,0.00943191390358586,0.00943191390358586,1.0219553319840249
geom_only,lower,0.12984076575248052,4.262912090863205e-08,4.3546746067254434e-08,0.009249332093309843,0.009249332093309843,1.0215257818848564
geom_only,lower,0.13087917331609758,4.248190786221379e-08,4.3367186727738634e-08,0.008957237276460382,0.008957237276460382,1.0208389620446465
geom_only,lower,0.1319258855925059,4.2335203193181074e-08,4.3185572206209095e-08,0.008637029783233018,0.008637029783233018,1.0200865697785286
geom_only,lower,0.13298096899903236,4.218900514593167e-08,4.3000950695111996e-08,0.008278772917575929,0.008278772917575929,1.0192454300918403
geom_only,lower,0.1340444904841795,4.2043311970925794e-08,4.282282549477397e-08,0.007978398762714006,0.007978398762714006,1.0185407259158659
geom_only,lower,0.1351165175318735,4.189812192466565e-08,4.263960567318131e-08,0.007618623489888986,0.007618623489888986,1.0176973027537815
geom_only,lower,0.13619711816574653,4.17534332696743e-08,4.2460244933589685e-08,0.007290302956476975,0.007290302956476975,1.0169282286165613
geom_only,lower,0.13728636095345287,4.160924427447496e-08,4.228063263196007e-08,0.006951648881475599,0.006951648881475599,1.0161355575952378
geom_only,lower,0.1383843150110197,4.146555321357e-08,4.210201988344008e-08,0.006615468109766078,0.006615468109766078,1.0153492868307323
geom_only,lower,0.139491050007233,4.1322358367420776e-08,4.1921252442892375e-08,0.006249149391764223,0.006249149391764223,1.014493221082555
geom_only,lower,0.14060663616805802,4.118377615781834e-08,4.174382425245753e-08,0.0058660685653037885,0.0058660685653037885,1.0135987553082324
geom_only,lower,0.14173114428109548,4.104990952550254e-08,4.1568242931081144e-08,0.005449463216584678,0.005449463216584678,1.0126269073810403
geom_only,lower,0.14286464570007315,4.0916478022670216e-08,4.1391571955483754e-08,0.005013676426339781,0.005013676426339781,1.0116113105470688
geom_only,lower,0.14400721234937366,4.078348023494594e-08,4.121620176036054e-08,0.004583684000166928,0.004583684000166928,1.0106102157766275
geom_only,lower,0.14515891672859818,4.065091475255187e-08,4.1041586414861655e-08,0.0041538167683655355,0.0041538167683655355,1.0096104027347936
geom_only,lower,0.14631983191716674,4.05187801702924e-08,4.08657826873394e-08,0.0037034588944511275,0.0037034588944511275,1.0085639921929688
geom_only,lower,0.1474900315789556,4.038707508753944e-08,4.0696864267924886e-08,0.0033185458746629753,0.0033185458746629753,1.0076705029941875
geom_only,lower,0.1486695899669712,4.0255798108217864e-08,4.0522323226737066e-08,0.00286589503174105,0.00286589503174105,1.006620788334707
geom_only,lower,0.14985858192806176,4.0124947840790106e-08,4.0352271826067055e-08,0.0024535095868047636,0.0024535095868047636,1.0056654026362586
geom_only,lower,0.1510570829076668,3.9994522898242086e-08,4.021471648771095e-08,0.002384490909539911,0.002384490909539911,1.005505593604132
geom_only,lower,0.1522651689546043,3.986452189806793e-08,4.00817413939582e-08,0.0023600217618780037,0.0023600217618780037,1.005448942707646
geom_only,lower,0.15348291672589595,3.973494346225555e-08,3.9950092171158366e-08,0.0023451862291476804,0.0023451862291476804,1.0054145970814627
geom_only,lower,0.15471040349163176,3.960578621727229e-08,3.9819977175828394e-08,0.0023423678388479175,0.0023423678388479175,1.0054080723806638
geom_only,lower,0.15594770713987277,3.9477048794049884e-08,3.968814003556037e-08,0.002316067958533468,0.002316067958533468,1.00534718901131
geom_only,lower,0.1571949061815935,3.9353432888645565e-08,3.955909836815102e-08,0.0022637617544391878,0.0022637617544391878,1.0052261128041207
geom_only,lower,0.15845207975566353,3.923062842457766e-08,3.9430275339206223e-08,0.0022045447073243915,0.0022045447073243915,1.0050890572658653
geom_only,lower,0.1597193076338693,3.910820717832045e-08,3.929813323626059e-08,0.002104013523069044,0.002104013523069044,1.0048564245626024
geom_only,lower,0.16099667022597586,3.8986167954022466e-08,3.9171386219494676e-08,0.002058391465168648,0.002058391465168648,1.0047508712754392
geom_only,lower,0.16228424858482896,3.886450955956417e-08,3.904088154744377e-08,0.0019664239117060753,0.0019664239117060753,1.0045381246252263
geom_only,lower,0.16358212441149836,3.874323080654579e-08,3.8912474552983445e-08,0.0018930158758605647,0.0018930158758605647,1.0043683436542175
geom_only,lower,0.164890380060462,3.8622330510276344e-08,3.8784563715751624e-08,0.0018204344661266274,0.0018204344661266274,1.0042005027488468
geom_only,lower,0.16620909854483135,3.85018074897615e-08,3.865658894282078e-08,0.0017424110463926518,0.0017424110463926518,1.004020108746854
geom_only,lower,0.16753836354161933,3.8381660567692264e-08,3.8528456016763595e-08,0.0016578451248845743,0.0016578451248845743,1.0038246247530753
geom_only,lower,0.1688782593970496,3.826188857043376e-08,3.8402973119067816e-08,0.001598445722642323,0.001598445722642323,1.0036873388613408
geom_only,lower,0.17022887113190854,3.814249032801317e-08,3.827459598098555e-08,0.0015015702911309933,0.0015015702911309933,1.0034634773932252
geom_only,lower,0.1715902844469404,3.802346467410895e-08,3.814980819181103e-08,0.0014406717951098765,0.0014406717951098765,1.0033227776265246
geom_only,lower,0.17296258572828507,3.790481044603882e-08,3.802197674394079e-08,0.0013403627077561593,0.0013403627077561593,1.0030910667148374
geom_only,lower,0.17434586205295957,3.778288628347035e-08,3.789733577633583e-08,0.0013135485004314368,0.0013135485004314368,1.0030291357840375
geom_only,lower,0.17574020119438338,3.7654397332485166e-08,3.777019646355427e-08,0.0013335428304124956,0.0013335428304124956,1.0030753149505118
geom_only,lower,0.17714569162794805,3.752634533622082e-08,3.764740176121433e-08,0.0013987378532930989,0.0013987378532930989,1.0032259049984456
geom_only,lower,0.17856242253663127,3.739872880871725e-08,3.7521237972436415e-08,0.001420318334166525,0.001420318334166525,1.003275757428702
geom_only,lower,0.1799904838166555,3.7271546269067975e-08,3.7396025564150715e-08,0.0014480374738709996,0.0014480374738709996,1.0033397942275888
geom_only,lower,0.18142996608319267,3.714479624140266e-08,3.727140279184909e-08,0.0014777583374981438,0.0014777583374981438,1.0034084599528725
geom_only,lower,0.18288096067611367,3.701847725486975e-08,3.714753848941636e-08,0.0015114911595537621,0.0015114911595537621,1.0034864004172304
geom_only,lower,0.1843435596657842,3.689258784361987e-08,3.702642059062434e-08,0.0015726100298874546,0.0015726100298874546,1.0036276324006264
geom_only,lower,0.18581785585890703,3.676712654678853e-08,3.6902924847885346e-08,0.0016010989133282143,0.0016010989133282143,1.0036934706040737
geom_only,lower,0.18730394280441093,3.664209190847927e-08,3.677901875738138e-08,0.0016198786236252438,0.0016198786236252438,1.0037368731360674
geom_only,lower,0.18880191479938643,3.651748247774653e-08,3.665653073679067e-08,0.001650530335938444,0.001650530335938444,1.0038077175536093
geom_only,lower,0.19031186689506954,3.6393296808579215e-08,3.653561413712942e-08,0.0016950125300158267,0.0016950125300158267,1.0039105368578933
geom_only,lower,0.19183389490287295,3.62695334598837e-08,3.6411673564814586e-08,0.0016986713472367805,0.0016986713472367805,1.0039189945767597
geom_only,lower,0.19336809540046557,3.6146190995466914e-08,3.629210118627615e-08,0.001749574003309115,0.001749574003309115,1.0040366685061652
geom_only,lower,0.19491456573790059,3.60373985609708e-08,3.61736614741251e-08,0.0016390370528567943,0.0016390370528567943,1.0037811528743887
geom_only,lower,0.19647340404379296,3.5933178619120156e-08,3.605220487487419e-08,0.0014361941459642925,0.0014361941459642925,1.0033124332532803
geom_only,lower,0.1980447092315457,3.582926008072026e-08,3.593077616966074e-08,0.0012287593196846584,0.0012287593196846584,1.00283332920389
geom_only,lower,0.19962858100562636,3.572564207411404e-08,3.580995886730274e-08,0.0010237793347424742,0.0010237793347424742,1.0023601197429504
geom_only,lower,0.20122511986789363,3.5622323730165356e-08,3.573604490928559e-08,0.0013842391108660483,0.0013842391108660483,1.0031924132738128
geom_only,lower,0.20283442712397454,3.5519304182251506e-08,3.568151311352818e-08,0.0019788133990763053,0.0019788133990763053,1.0045667823458582
geom_only,lower,0.20445660488969242,3.541658256625628e-08,3.562522840807222e-08,0.002551004741157184,0.002551004741157184,1.0058911906993175
geom_only,lower,0.20609175609754685,3.531415802056228e-08,3.5569744745004253e-08,0.0031318925958521635,0.0031318925958521635,1.0072375143219656
geom_only,lower,0.20773998450324482,3.5212029686043963e-08,3.5512902617800636e-08,0.0036951111305202943,0.0036951111305202943,1.0085446063302599
geom_only,lower,0.20940139469228425,3.5110196706060305e-08,3.545725564341074e-08,0.004271855979801832,0.004271855979801832,1.0098848474207076
geom_only,lower,0.2110760920865906,3.500865822644789e-08,3.5402006006861414e-08,0.004852405513113463,0.004852405513113463,1.0112357285409004
geom_only,lower,0.2127641829512061,3.490741339551333e-08,3.5345322489742254e-08,0.005414279287381728,0.005414279287381728,1.0125448737569656
geom_only,lower,0.21446577440103246,3.4806461364026404e-08,3.528849778704288e-08,0.005973298546324597,0.005973298546324597,1.013849049978826
geom_only,lower,0.21618097440762793,3.470562796797462e-08,3.523399281581595e-08,0.006561954462116956,0.006561954462116956,1.0152241834762044
geom_only,lower,0.21790989180605821,3.460436980584614e-08,3.5176308826107656e-08,0.007119320927167791,0.007119320927167791,1.0165279420914317
geom_only,lower,0.21965263630180265,3.450340707751322e-08,3.5116995449208205e-08,0.007655369236506033,0.007655369236506033,1.0177834139775397
geom_only,lower,0.22140931847771525,3.440273892100957e-08,3.504439333758521e-08,0.008025526568861373,0.008025526568861373,1.0186512596583925
geom_only,lower,0.22318004980104122,3.430236447688363e-08,3.495829977741394e-08,0.008226245063027285,0.008226245063027285,1.019122159959916
geom_only,lower,0.22496494263049066,3.420228288819157e-08,3.4874200076856344e-08,0.008449160083516802,0.008449160083516802,1.019645390071221
geom_only,lower,0.22676411022336745,3.410249330048983e-08,3.479048246330735e-08,0.008674319167912609,0.008674319167912609,1.0201741601927867
geom_only,lower,0.22857766674275612,3.4002994861827584e-08,3.4705656423442493e-08,0.008883093242983073,0.008883093242983073,1.020664696285436
geom_only,lower,0.23040572726476574,3.3903786722739883e-08,3.4622064747999904e-08,0.009104756854866617,0.009104756854866617,1.021185775828936
geom_only,lower,0.23224840778583192,3.380486803624022e-08,3.453601588450555e-08,0.009292990473815241,0.009292990473815241,1.0216284781079905
geom_only,lower,0.23410582523007728,3.3706237957813055e-08,3.445251783162721e-08,0.009510683696488446,0.009510683696488446,1.0221407050750726
geom_only,lower,0.2359780974567302,3.3607895645407046e-08,3.437012395450931e-08,0.009739778385308734,0.009739778385308734,1.0226800367730382
geom_only,lower,0.23786534326760406,3.350984025942757e-08,3.4287022093699163e-08,0.009957409714406404,0.009957409714406404,1.023192645153029
geom_only,lower,0.23976768241463514,3.3412070962729724e-08,3.420331989445453e-08,0.010164867133381605,0.010164867133381605,1.0236815291278238
geom_only,lower,0.24168523560748148,3.332528163330468e-08,3.411771594594885e-08,0.0102061207284505,0.0102061207284505,1.0237787731657826
geom_only,lower,0.24361812452118212,3.324525766479621e-08,3.40344186739749e-08,0.010188633756342843,0.010188633756342843,1.0237375512963565
geom_only,lower,0.24556647180387803,3.316542585777068e-08,3.395096042645395e-08,0.010166486199215898,0.010166486199215898,1.0236853454574055
geom_only,lower,0.24753040108459412,3.308578575079076e-08,3.386610387751828e-08,0.0101237830385159,0.0101237830385159,1.0235846938200304
geom_only,lower,0.2495100369810844,3.300633688352744e-08,3.3781222251838626e-08,0.010078030860753111,0.010078030860753111,1.0234768666103602
geom_only,lower,0.2515055051077391,3.292707879675683e-08,3.367687281567258e-08,0.009778553795702498,0.009778553795702498,1.0227713494884825
geom_only,lower,0.2535169320835555,3.284801103235804e-08,3.356339065366597e-08,0.00935674994687126,0.00935674994687126,1.0217784760423767
geom_only,lower,0.255544445540172,3.276913313331e-08,3.345133721207857e-08,0.008948530492631357,0.008948530492631357,1.0208184963573268
geom_only,lower,0.25758817412996715,3.269044464368934e-08,3.333810515773464e-08,0.008520084402750443,0.008520084402750443,1.019811921223602
geom_only,lower,0.2596482475342228,3.261194510866725e-08,3.322569640527051e-08,0.008097389790194235,0.008097389790194235,1.0188198310330205
geom_only,lower,0.26172479647135266,3.2533634074507296e-08,3.311461654123647e-08,0.007687152806093742,0.007687152806093742,1.017857902544752
geom_only,lower,0.26381795270519737,3.245551108856258e-08,3.3002820157362585e-08,0.007262600288778521,0.007262600288778521,1.0168633631221071
geom_only,lower,0.2659278490533849,3.237757569927297e-08,3.289118285652733e-08,0.006835164739666102,0.006835164739666102,1.0158630517004983
geom_only,lower,0.2680546193957584,3.229959625829759e-08,3.2780357793309404e-08,0.006416595799987807,0.006416595799987807,1.014884444101629
geom_only,lower,0.27019839868287127,3.221699205586861e-08,3.26705896942437e-08,0.0060719834212409,0.0060719834212409,1.0140794534011273
geom_only,lower,0.2723593229445503,3.2134599108534174e-08,3.255942676117676e-08,0.005703863838673942,0.005703863838673942,1.0132202568081754
geom_only,lower,0.2745375292985268,3.205241687602248e-08,3.2451259239055604e-08,0.005370771260918343,0.005370771260918343,1.0124434411475376
geom_only,lower,0.276733155959138,3.197044481944351e-08,3.233842224528533e-08,0.00497014850333604,0.00497014850333604,1.0115099251174018
geom_only,lower,0.2789463422460965,3.1888682401285445e-08,3.2228639375253116e-08,0.004605395775342932,0.004605395775342932,1.010660740688175
geom_only,lower,0.2811772285933307,3.180712908541103e-08,3.211862875455132e-08,0.004232524188960636,0.004232524188960636,1.0097933915476567
geom_only,lower,0.2834259565578961,3.172578433705434e-08,3.201095675439803e-08,0.0038862869849359384,0.0038862869849359384,1.0089886640567818
geom_only,lower,0.2856926688289571,3.164464762281691e-08,3.190247570132154e-08,0.003524122582994937,0.003524122582994937,1.0081476046621778
geom_only,lower,0.2879775092368417,3.1563718410664436e-08,3.179365303096071e-08,0.0031522701442901805,0.0031522701442901805,1.0072847760617007
geom_only,lower,0.29028062276216693,3.14829961699233e-08,3.1686030502519355e-08,0.002791779407505928,0.002791779407505928,1.0064490155733659
geom_only,lower,0.29260215554503977,3.140248037127697e-08,3.157706941913962e-08,0.002407869048607117,0.002407869048607117,1.00555972158245
geom_only,lower,0.2949422548943291,3.132217048676278e-08,3.146836532001522e-08,0.002022334202988999,0.002022334202988999,1.0046674553832158
geom_only,lower,0.29730106929701355,3.124206598976812e-08,3.136225217656152e-08,0.0016674971752097985,0.0016674971752097985,1.0038469346691976
geom_only,lower,0.29967874842760317,3.116891668025908e-08,3.125650042119729e-08,0.0012186433705414113,0.0012186433705414113,1.0028099706459699
geom_only,lower,0.30207544315763696,3.110348980378822e-08,3.1205293046664525e-08,0.001419145871251325,0.001419145871251325,1.0032730488931794
geom_only,lower,0.3044913055652558,3.1038200265300924e-08,3.116561557645362e-08,0.0017791784374185911,0.0017791784374185911,1.004105112734102
geom_only,lower,0.3069264889448527,3.0973047776510004e-08,3.112536213235073e-08,0.0021304705550154956,0.0021304705550154956,1.0049176418458967
geom_only,lower,0.3093811478168,3.090803204973361e-08,3.1085333719143605e-08,0.0024841802231803335,0.0024841802231803335,1.0057364269949216
geom_only,lower,0.31185543793725345,3.0843152797893776e-08,3.1044284088186084e-08,0.002822883656063983,0.002822883656063983,1.0065211002134011
geom_only,lower,0.3143495163080363,3.0778409734514944e-08,3.1006477524122014e-08,0.0032062543705472847,0.0032062543705472847,1.0074099926401108
geom_only,lower,0.3168635411866009,3.071380257372308e-08,3.096535579599809e-08,0.0035424861479355805,0.0035424861479355805,1.008190233744949
geom_only,lower,0.3193976720960713,3.0649331030244246e-08,3.0923261163738965e-08,0.0038642885109059495,0.0038642885109059495,1.0089375566867809
geom_only,lower,0.32195206983536445,3.058499481940313e-08,3.088309708959655e-08,0.004212435491845109,0.004212435491845109,1.0097466836909288
geom_only,lower,0.32452689648939476,3.0520793657122174e-08,3.084101840357607e-08,0.0045328877425204655,0.0045328877425204655,1.0104920189838893
geom_only,lower,0.32712231543935816,3.0456727259920115e-08,3.080073039797178e-08,0.004877781117102152,0.004877781117102152,1.011294816252446
geom_only,lower,0.32973849137309913,3.039279534491058e-08,3.075934969456754e-08,0.00520650380754262,0.00520650380754262,1.012060567167223
geom_only,lower,0.332375590295561,3.032899762980119e-08,3.071713296582889e-08,0.005522620500038082,0.005522620500038082,1.0127974996327052
geom_only,lower,0.33503377953931945,3.026661806557983e-08,3.0675381080651566e-08,0.00582607025151121,0.00582607025151121,1.013505407647001
geom_only,lower,0.33771322777519974,3.020451361637807e-08,3.06332607160002e-08,0.006121380482874884,0.006121380482874884,1.0141948023089384
geom_only,lower,0.34041410502298036,3.014253660006638e-08,3.059056112550082e-08,0.006407646442916302,0.006407646442916302,1.014863530942298
geom_only,lower,0.3431365826621807,3.008068675516349e-08,3.054803101958281e-08,0.0066954757644861786,0.0066954757644861786,1.0155363562083268
geom_only,lower,0.34588083344293596,3.001896382072489e-08,3.050521474274529e-08,0.006978389162830105,0.006978389162830105,1.016198124789527
geom_only,lower,0.34864703149695847,2.995736753634147e-08,3.0462573695091554e-08,0.007262945183157365,0.007262945183157365,1.0168641706631003
geom_only,lower,0.351435352348587,2.989589764213829e-08,3.0401864291737417e-08,0.007288618166417562,0.007288618166417562,1.0169242835808336
geom_only,lower,0.35424597292592475,2.98345538787739e-08,3.032353549854598e-08,0.007060287267881604,0.007060287267881604,1.016389774814765
geom_only,lower,0.35707907157206487,2.9773335987438742e-08,3.0246969472913284e-08,0.006854369614866463,0.006854369614866463,1.0159079750308924
geom_only,lower,0.3599348280564084,2.9712243709854495e-08,3.016665645987985e-08,0.006591728903203809,0.006591728903203809,1.0152937877887236
geom_only,lower,0.36281342358607027,2.9651276788272807e-08,3.008891819662512e-08,0.006363174706911494,0.006363174706911494,1.014759614281615
geom_only,lower,0.3657150408173778,2.959043496547402e-08,3.001137094044099e-08,0.006134485621918942,0.006134485621918942,1.0142254068065615
geom_only,lower,0.3686398638674607,2.952971798476651e-08,2.993305022342543e-08,0.005891674986542325,0.005891674986542325,1.0136585198296506
geom_only,lower,0.3715880783259343,2.9473976928677347e-08,2.985581472561425e-08,0.005590187768944098,0.005590187768944098,1.0129550823039895
geom_only,lower,0.37455987126667484,2.9428494399385398e-08,2.9776932465502177e-08,0.005111912354837358,0.005111912354837358,1.0118401594518562
geom_only,lower,0.3775554312596911,2.938308205609094e-08,2.9699574170351982e-08,0.004652874542423479,0.004652874542423479,1.010771236103036
geom_only,lower,0.3805749483830893,2.9337739790487023e-08,2.9623627112169673e-08,0.004211580083317142,0.004211580083317142,1.009744694844398
geom_only,lower,0.383618614235134,2.929246749443382e-08,2.954448540703791e-08,0.0037204733675127023,0.0037204733675127023,1.008603505752869
geom_only,lower,0.3866866219464058,2.9247265059958387e-08,2.9467411566336195e-08,0.0032567278389495132,0.0032567278389495132,1.0075270800851464
geom_only,lower,0.38977916619205605,2.920213237925439e-08,2.9388889012135064e-08,0.002768603375593548,0.002768603375593548,1.0063953080704937
geom_only,lower,0.3928964432041601,2.9157069344681866e-08,2.9314116327375052e-08,0.0023329371966421186,0.0023329371966421186,1.0053862403260303
geom_only,lower,0.3960386507841676,2.911207584876695e-08,2.9234322522263438e-08,0.0018198598336693582,0.0018198598336693582,1.004199174051742
geom_only,lower,0.3992059883154553,2.906715178420156e-08,2.9158927432642913e-08,0.00136906661876066,0.00136906661876066,1.0031573664018651
geom_only,lower,0.4023986567759773,2.9022297043843394e-08,2.9111180380184392e-08,0.0013280324623998593,0.0013280324623998593,1.0030625879201334
geom_only,lower,0.4056168587510186,2.8977511520715297e-08,2.9075686647140624e-08,0.0014688925901795969,0.0014688925901795969,1.0033879764435654
geom_only,lower,0.4088607984460491,2.8932795108005266e-08,2.904151906539456e-08,0.001628937600196778,0.001628937600196778,1.003757810366521
geom_only,lower,0.4121306816996819,2.8888147699066116e-08,2.9007759161682397e-08,0.00179448513411444,0.00179448513411444,1.0041405030139798
geom_only,lower,0.4154267159967333,2.8848623189512278e-08,2.8969979576728962e-08,0.0018230979022693535,0.0018230979022693535,1.004206661316884
geom_only,lower,0.4187491104813896,2.8810846912204148e-08,2.8934153929589138e-08,0.001854762761963573,0.001854762761963573,1.0042798817320693
geom_only,lower,0.42209807597047727,2.877312010162861e-08,2.8898041358687277e-08,0.0018814497953582737,0.0018814497953582737,1.0043415957886193
geom_only,lower,0.4254738249668402,2.873544269301062e-08,2.8861032413132558e-08,0.0018939703784371124,0.0018939703784371124,1.0043705510808951
geom_only,lower,0.4288765716728237,2.869781462165997e-08,2.8825794186925117e-08,0.0019324556246527167,0.0019324556246527167,1.0044595578775728
geom_only,lower,0.43230653200386626,2.8660235822971317e-08,2.878815505312602e-08,0.001934073583395677,0.001934073583395677,1.004463299986254
geom_only,lower,0.43576392360220034,2.8622706232423753e-08,2.8750503317248317e-08,0.0019347587827533614,0.0019347587827533614,1.0044648847592124
geom_only,lower,0.4392489658506616,2.858522578558092e-08,2.8714585604318696e-08,0.0019609262069364415,0.0019609262069364415,1.0045254083248498
geom_only,lower,0.44276187988661075,2.8547794418090763e-08,2.8676918277978382e-08,0.001959918097019148,0.001959918097019148,1.0045230765640443
geom_only,lower,0.44630288861596484,2.8510412065685685e-08,2.863810729768181e-08,0.0019408176286673166,0.0019408176286673166,1.004478898154889
geom_only,lower,0.449872216727341,2.8473078664182064e-08,2.860095577380803e-08,0.0019461184600402476,0.0019461184600402476,1.0044911585127192
geom_only,lower,0.4534700907063144,2.8435794149480323e-08,2.856324161134851e-08,0.001942131859737052,0.001942131859737052,1.0044819378420813
geom_only,lower,0.4570967388497891,2.8398558457564998e-08,2.8523948491278935e-08,0.0019133481896078891,0.0019133481896078891,1.0044153661497046
geom_only,lower,0.46075239128048356,2.8362959691488963e-08,2.8484395110514413e-08,0.0018554535314274454,0.0018554535314274454,1.0042814790961991
geom_only,lower,0.4644372799615344,2.8334912751634763e-08,2.8446106858412245e-08,0.0017009574345871873,0.0017009574345871873,1.00392427913056
geom_only,lower,0.46815163871121357,2.8306893546221672e-08,2.8407397747856935e-08,0.00153924045856617,0.00153924045856617,1.003550520351912
geom_only,lower,0.4718957032177658,2.8278902047824264e-08,2.8366593989670785e-08,0.0013446490732401135,0.0013446490732401135,1.0031009669929272
geom_only,lower,0.47566971105436345,2.8250938229044233e-08,2.8326861006793702e-08,0.00116557602680255,0.00116557602680255,1.0026874427013335
geom_only,lower,0.47947390169418136,2.822300206251037e-08,2.8289103605884585e-08,0.0010159787282902298,0.0010159787282902298,1.002342115953073
geom_only,lower,0.4833085165255924,2.8195093520878472e-08,2.8247380504052532e-08,0.0008046406595720862,0.0008046406595720862,1.0018544709963575
geom_only,lower,0.48717379886748363,2.816721257683155e-08,2.8206932865954618e-08,0.0006119934982545246,0.0006119934982545246,1.001410160448597
geom_only,lower,0.49106999398469675,2.8139359203079448e-08,2.816581923615625e-08,0.0004081843809294057,0.0004081843809294057,1.0009403210956527
geom_only,lower,0.4949973491035904,2.8111533372359066e-08,2.8124693975320872e-08,0.0002032702981243218,0.0002032702981243218,1.0004681567094718
geom_only,lower,0.49895611342772733,2.808373505743425e-08,2.8093029025718953e-08,0.00014370066498959542,0.00014370066498959542,1.0003309377568794
geom_only,lower,0.5029465381536875,2.805596423109579e-08,2.8067651848266867e-08,0.00018088170620345556,0.00018088170620345556,1.0004165822666014
geom_only,lower,0.5069688764870075,2.802822086616132e-08,2.8061563488076484e-08,0.0005163335385338115,0.0005163335385338115,1.0011896089328816
geom_only,lower,0.511023383658246,2.800050493547552e-08,2.8051526198517874e-08,0.0007906317994370879,0.0007906317994370879,1.0018221551061286
geom_only,lower,0.5151103169391809,2.7971256054503862e-08,2.8043220159836972e-08,0.0011159126407616548,0.0011159126407616548,1.0025727877644424
geom_only,lower,0.5192299356591328,2.794099948971949e-08,2.8035004192384235e-08,0.001458687985389085,0.001458687985389085,1.003364400142498
geom_only,lower,0.5233825012214205,2.791077565352296e-08,2.8026477484499662e-08,0.0017966108659734578,0.0017966108659734578,1.0041454179709297
geom_only,lower,0.5275682771199482,2.788058451051181e-08,2.8017462777076817e-08,0.0021269292063745625,0.0021269292063745625,1.004909447523003
geom_only,lower,0.5317875289559248,2.7850426025321697e-08,2.8006331770579018e-08,0.0024243863541998137,0.0024243863541998137,1.0055979662614702
geom_only,lower,0.5360405244547173,2.7820300162626537e-08,2.7996622154943424e-08,0.002743824626518779,0.002743824626518779,1.006337889644834
geom_only,lower,0.5403275334828381,2.779020688713862e-08,2.798511040917019e-08,0.003035244719931052,0.003035244719931052,1.0070133886668462
geom_only,lower,0.5446488280650706,2.776014616360818e-08,2.797341106016727e-08,0.0033236787468133655,0.0033236787468133655,1.0076824125961794
geom_only,lower,0.5490046824017285,2.773011795682382e-08,2.796188587024061e-08,0.0036147417959524696,0.0036147417959524696,1.008357985125691
geom_only,lower,0.5533953728860552,2.770012223161205e-08,2.792811624267283e-08,0.0035599579658445245,0.0035599579658445245,1.0082307944042423
geom_only,lower,0.5578211781217622,2.7670158952837427e-08,2.789035781999115e-08,0.003442432114870681,0.003442432114870681,1.0079579906833582
geom_only,lower,0.5622823789407074,2.7640228085402687e-08,2.7849166573380382e-08,0.003270580325867933,0.003270580325867933,1.0075592172152892
geom_only,lower,0.5667792584207134,2.7610329594248365e-08,2.7808372810708855e-08,0.0031039861448655974,0.0031039861448655974,1.0071727943625035
geom_only,lower,0.5713121019035321,2.7580829826099923e-08,2.776927613597653e-08,0.0029572304267136205,0.0029572304267136205,1.0068325105178046
geom_only,lower,0.5758811970129487,2.7565105306516487e-08,2.7726081458276058e-08,0.002528838900017781,0.002528838900017781,1.0058398525951402
geom_only,lower,0.5804868336730332,2.7549389751874194e-08,2.768519052050628e-08,0.0021355333199100444,0.0021355333199100444,1.0049293566883037
geom_only,lower,0.5851293041265367,2.7533683157061913e-08,2.764456168930524e-08,0.0017453980155828128,0.0017453980155828128,1.0040270141706373
geom_only,lower,0.5898089029534357,2.7517985516971416e-08,2.760258615352437e-08,0.001333136335770938,0.001333136335770938,1.0030743760839897
geom_only,lower,0.5945259270896234,2.7502296826497397e-08,2.756175601127405e-08,0.0009379188255386868,0.0009379188255386868,1.0021619716037449
geom_only,lower,0.5992806758457512,2.7486617080537508e-08,2.7518436116447246e-08,0.0005024568636269196,0.0005024568636269196,1.0011576192085228
geom_only,lower,0.604073450926222,2.7470946273992147e-08,2.750142379095612e-08,0.0004815589642612513,0.0004815589642612513,1.001109445472318
geom_only,lower,0.6089045564483337,2.7455284401764788e-08,2.7488769693307477e-08,0.0005293558832484287,0.0005293558832484287,1.0012196301102798
geom_only,lower,0.6137742989615762,2.743963145876175e-08,2.7472727645789708e-08,0.0005235066703779193,0.0005235066703779193,1.0012061454643695
geom_only,lower,0.6186829874670833,2.7423987439892268e-08,2.7459514822452306e-08,0.0005622581548694635,0.0005622581548694635,1.0012954856633416
geom_only,lower,0.62363093343724,2.740835234006846e-08,2.744283212443689e-08,0.0005460003172936668,0.0005460003172936668,1.0012580028139095
geom_only,lower,0.628618450835445,2.7392726154205363e-08,2.742950659833628e-08,0.0005827397215555896,0.0005827397215555896,1.0013427084228077
geom_only,lower,0.6336458561360354,2.7377108877220956e-08,2.7412070806932747e-08,0.0005542618195404653,0.0005542618195404653,1.0012770497377421
geom_only,lower,0.6387134683443658,2.7359293699048467e-08,2.7396033877500494e-08,0.0005828130290392758,0.0005828130290392758,1.0013428774461859
geom_only,lower,0.6438216090170512,2.733881324326053e-08,2.7379537725715124e-08,0.000646453007475691,0.000646453007475691,1.0014896214437776
geom_only,lower,0.6489706022823701,2.7318348118609205e-08,2.7362118378535833e-08,0.0006952825253856889,0.0006952825253856889,1.0016022293784599
geom_only,lower,0.654160774860833,2.7297898313618056e-08,2.7346064017657536e-08,0.0007656144981558577,0.0007656144981558577,1.00176444733899
geom_only,lower,0.6593924560859115,2.7277463816819072e-08,2.7328712714176842e-08,0.000815186899170225,0.000815186899170225,1.0018787999390975
geom_only,lower,0.6646659779249379,2.7257044616752996e-08,2.7308760424277092e-08,0.0008232224024916096,0.0008232224024916096,1.0018973373031173
geom_only,lower,0.6699816750001685,2.7236640701969147e-08,2.7291428494015737e-08,0.0008727264368398255,0.0008727264368398255,1.0020115473360351
geom_only,lower,0.6753398846100165,2.7216252061025248e-08,2.7271090283465835e-08,0.0008741826787579619,0.0008741826787579619,1.0020149072075621
geom_only,lower,0.6807409467504552,2.7195878682487756e-08,2.7251498620516836e-08,0.0008872949173568616,0.0008872949173568616,1.0020451605435678
geom_only,lower,0.6861852041365911,2.7175520554931684e-08,2.723198265345459e-08,0.0009013898885958738,0.0009013898885958738,1.002077682317392
geom_only,lower,0.6916730022244113,2.7155177666940436e-08,2.721074501377341e-08,0.0008877840866955919,0.0008877840866955919,1.0020462892018056
geom_only,lower,0.697204689232702,2.713485000710612e-08,2.7191417594942713e-08,0.0009044243683593897,0.0009044243683593897,1.002084684006795
geom_only,lower,0.7027806161651466,2.7114537564029396e-08,2.717791125306104e-08,0.0010138741774961216,0.0010138741774961216,1.0023372587078792
geom_only,lower,0.7084011368325964,2.7094240326319282e-08,2.7171708792527674e-08,0.001239972793150886,0.001239972793150886,1.0028592226715114
geom_only,lower,0.7140666078755212,2.7087980170245907e-08,2.7164539810273723e-08,0.0012257292853341567,0.0012257292853341567,1.0028263325484825
geom_only,lower,0.7197773887866398,2.708368023071078e-08,2.7157141106649473e-08,0.0011763712929058728,0.0011763712929058728,1.0027123668317202
geom_only,lower,0.725533841933731,2.7079380973747034e-08,2.7153708500989276e-08,0.0011904191871892034,0.0011904191871892034,1.0027448015637543
geom_only,lower,0.7313363325826258,2.7075082399246262e-08,2.7145518381510477e-08,0.0011283525151633271,0.0011283525151633271,1.00260150573969
geom_only,lower,0.7371852289203865,2.707078450710024e-08,2.7138333045671912e-08,0.0010823261499162211,0.0010823261499162211,1.002495256040842
geom_only,lower,0.7430809020786685,2.7066487297200596e-08,2.712995209550476e-08,0.001017130446427888,0.001017130446427888,1.002344774096738
geom_only,lower,0.7490237261572695,2.7062190769439027e-08,2.7119009361320815e-08,0.0009108698186759326,0.0009108698186759326,1.00209955625418
geom_only,lower,0.7550140782478683,2.705789492370726e-08,2.7111278126951703e-08,0.0008559864142316626,0.0008559864142316626,1.0019729252181282
geom_only,lower,0.7610523384579514,2.7053599759896964e-08,2.7101514148024034e-08,0.0007684947291410454,0.0007684947291410454,1.0017710910397253
geom_only,lower,0.7671388899349332,2.7049305277900006e-08,2.7094190770615794e-08,0.0007200689904544471,0.0007200689904544471,1.0016593953986854
geom_only,lower,0.7732741188904662,2.70450114776081e-08,2.7081499577047644e-08,0.0005855386698101341,0.0005855386698101341,1.0013491619136399
geom_only,lower,0.7794584146249497,2.7040718358913032e-08,2.70723283360877e-08,0.0005073837479114955,0.0005073837479114955,1.0011689769759482
geom_only,lower,0.7856921695522309,2.7036425921706605e-08,2.7061175377996678e-08,0.00039737632680745876,0.00039737632680745876,1.0009154115400365
geom_only,lower,0.7919757792245045,2.7030934521650893e-08,2.7050268200648047e-08,0.0003105149308222609,0.0003105149308222609,1.0007152427150334
geom_only,lower,0.7983096423574128,2.702268778062313e-08,2.703928035927843e-08,0.00026658539541741285,0.00026658539541741285,1.000614023993098
geom_only,lower,0.8046941608553448,2.7014443555554913e-08,2.7031875806294477e-08,0.00028015711912576183,0.00028015711912576183,1.0006452937186625
geom_only,lower,0.8111297398369381,2.7006201845678596e-08,2.702883082516711e-08,0.0003637507376871839,0.0003637507376871839,1.0008379178833744
geom_only,lower,0.817616787660786,2.6997962650226942e-08,2.7022662383551343e-08,0.00039714307741082696,0.00039714307741082696,1.0009148739719511
geom_only,lower,0.8241557159513487,2.698972596843273e-08,2.7017479028735967e-08,0.0004463479273626204,0.0004463479273626204,1.0010282824040413
geom_only,lower,0.8307469396250718,2.698149179952919e-08,2.7012141653632326e-08,0.0004930604994176145,0.0004930604994176145,1.001135958468526
geom_only,lower,0.8373908769167147,2.6973260142749615e-08,2.7005680597097368e-08,0.0005216858991339678,0.0005216858991339678,1.0012019479357028
geom_only,lower,0.8440879494058885,2.6965030997327545e-08,2.69976577730925e-08,0.0005251639874330492,0.0005251639874330492,1.0012099661879932
geom_only,lower,0.8508385820438076,2.695680436249691e-08,2.6990990365399985e-08,0.0005504133943308454,0.0005504133943308454,1.0012681771341798
geom_only,lower,0.8576432031802521,2.6948580237491707e-08,2.6983502997066446e-08,0.0005624393862175762,0.0005624393862175762,1.0012959035046363
geom_only,lower,0.8645022445907506,2.6940358621546172e-08,2.697522420502881e-08,0.000561690399387713,0.000561690399387713,1.0012941766652932
geom_only,lower,0.8714161415039763,2.6932139513894943e-08,2.6967660323946782e-08,0.0005724137780811164,0.0005724137780811164,1.0013189004176037
geom_only,lower,0.8783853326293637,2.6923922913772713e-08,2.6958467358867963e-08,0.0005568596294560614,0.0005568596294560614,1.0012830390729421
geom_only,lower,0.8854102601849465,2.691896863826184e-08,2.6951243682256507e-08,0.0005203942803789264,0.0005203942803789264,1.0011989703033717
geom_only,lower,0.8924913699254184,2.6915227418784957e-08,2.694008071443082e-08,0.0004008388512284692,0.0004008388512284692,1.000923391627318
geom_only,lower,0.8996291111704154,2.6911486719265705e-08,2.6929947450487177e-08,0.00029781502440243195,0.00029781502440243195,1.0006859796121281
geom_only,lower,0.9068239368330295,2.690774653963182e-08,2.6930504534994032e-08,0.00036716171853252267,0.00036716171853252267,1.0008457785689593
geom_only,lower,0.914076303448546,2.690400687981105e-08,2.693311454575106e-08,0.00046961277259427,0.00046961277259427,1.0010819082105518
geom_only,lower,0.921386671203412,2.690026773973115e-08,2.6934308599086085e-08,0.0005492291517033276,0.0005492291517033276,1.0012654468603917
geom_only,lower,0.9287555039644376,2.689652911931988e-08,2.6934308599086085e-08,0.0006095919358078053,0.0006095919358078053,1.0014046228641102
geom_only,lower,0.936183269308229,2.6892791018505027e-08,2.6934308599086085e-08,0.0006699547199122326,0.0006699547199122326,1.001543818213308
geom_only,lower,0.9436704385508585,2.6889053437214314e-08,2.6933985188759363e-08,0.0007251027362791552,0.0007251027362791552,1.0016710053275013
geom_only,lower,0.9512174867777694,2.6885316375375648e-08,2.693053257707873e-08,0.0007297906432920105,0.0007297906432920105,1.0016818177280034
geom_only,lower,0.958824892873924,2.6881579832916783e-08,2.6929743786649994e-08,0.0007774328342718086,0.0007774328342718086,1.0017917084498968
geom_only,lower,0.9664931395541893,2.6877843809765533e-08,2.6928222354431592e-08,0.0008132588723919416,0.0008132588723919416,1.0018743521624214
geom_only,lower,0.9742227133939666,2.6874108305849728e-08,2.6926431532124644e-08,0.0008447385724865322,0.0008447385724865322,1.0019469753444257
geom_only,lower,0.9820141048600668,2.6872341757923755e-08,2.6923041820558802e-08,0.000818611653607588,0.000818611653607588,1.0018867005745824
geom_only,lower,0.9898678083418323,2.6881335343061362e-08,2.692133557431004e-08,0.0006457628445071245,0.0006457628445071245,1.0014880299188338
geom_only,lower,0.9977843221825058,2.6890331938155297e-08,2.691823559361562e-08,0.0004504265857097338,0.0004504265857097338,1.001037683563167
geom_only,lower,1.0057641487108548,2.6899331544212813e-08,2.69360541008903e-08,0.0005924878593841897,0.0005924878593841897,1.0013651847302276
geom_only,lower,1.0138077942730441,2.6908334162241725e-08,2.696430815538872e-08,0.0009024693816961286,0.0009024693816961286,1.0020801731095468
geom_only,lower,1.0219157692647651,2.6917339793250025e-08,2.699203710476257e-08,0.0012035253542386172,0.0012035253542386172,1.0027750629180405
geom_only,lower,1.0300885881636228,2.692634843824603e-08,2.701890940435799e-08,0.0014903536614392613,0.0014903536614392613,1.003437561031502
geom_only,lower,1.0383267695617808,2.693536009823857e-08,2.704675993140466e-08,0.0017924602249950188,0.0017924602249950188,1.0041358211941402
geom_only,lower,1.046630836198868,2.6944374774236583e-08,2.707382778485468e-08,0.002081551519326602,0.002081551519326602,1.0048044540540564
geom_only,lower,1.0550013149951467,2.6953392467249575e-08,2.710035306887409e-08,0.0023615138958055083,0.0023615138958055083,1.0054523972002072
geom_only,lower,1.0634387370849494,2.696241317828716e-08,2.7126199537689194e-08,0.0026301924172677537,0.0026301924172677537,1.0060746179623836
geom_only,lower,1.0719436378503797,2.697143690835952e-08,2.7152136995739723e-08,0.0028999320168576915,0.0028999320168576915,1.0066996833722344
geom_only,lower,1.080516556955285,2.6980463658476947e-08,2.7177515282418325e-08,0.0031603398887689632,0.0031603398887689632,1.0073034928693476
geom_only,lower,1.0891580383794992,2.6989493429650295e-08,2.720482240832504e-08,0.0034511619125332676,0.0034511619125332676,1.0079782519533393
geom_only,lower,1.0978686304533603,2.7001384542424423e-08,2.722845783406168e-08,0.0036370105306505218,0.0036370105306505218,1.0084096906690279
geom_only,lower,1.1066488858925025,2.701534827839664e-08,2.7241236820651406e-08,0.003616250969995931,0.003616250969995931,1.0083614891774466
geom_only,lower,1.115499361832931,2.7029319235699377e-08,2.724851130523768e-08,0.0035076723889897357,0.0035076723889897357,1.0081094187991535
geom_only,lower,1.1244206198663707,2.7043297418067085e-08,2.725445767842536e-08,0.0033779001737669952,0.0033779001737669952,1.0078082290444803
geom_only,lower,1.133413226075903,2.7057282829236305e-08,2.7262630438140092e-08,0.0032835751343096922,0.0032835751343096922,1.007589365502803
geom_only,lower,1.1424777510718847,2.707127547294535e-08,2.7266844783712597e-08,0.003126167737696612,0.003126167737696612,1.007224237031709
geom_only,lower,1.151614770028156,2.708527535293452e-08,2.7272719927386157e-08,0.0029951975453377153,0.0029951975453377153,1.0069205342020393
geom_only,lower,1.1608248627185371,2.7099282472946048e-08,2.7279292702890872e-08,0.002875313847827263,0.002875313847827263,1.006642619786134
geom_only,lower,1.170108613553614,2.711329683672405e-08,2.7284602563479005e-08,0.002735303333457338,0.002735303333457338,1.0063181444804206
geom_only,lower,1.1794666116178258,2.7127318448014742e-08,2.729044016979908e-08,0.0026036748898237297,0.0026036748898237297,1.0060131900650975
geom_only,lower,1.1888994507068413,2.7141347310566112e-08,2.729585188168737e-08,0.0024652503743291714,0.0024652503743291714,1.0056925903255034
geom_only,lower,1.1984077293652373,2.7155383428128138e-08,2.7300139959753813e-08,0.002308934230101518,0.002308934230101518,1.0053306752971765
geom_only,lower,1.207992050924479,2.7169426804452747e-08,2.7319385411708796e-08,0.0023904488800594653,0.0023904488800594653,1.0055193879626299
geom_only,lower,1.2176530235412037,2.7183481917044532e-08,2.734114175517354e-08,0.002511562077246205,0.002511562077246205,1.0057998397192138
geom_only,lower,1.2273912602358081,2.7198266334231632e-08,2.736186178733732e-08,0.002604422603838848,0.002604422603838848,1.0060149220944934
geom_only,lower,1.2372073789313491,2.7213058792294153e-08,2.7385598746680188e-08,0.002744880658902062,0.002744880658902062,1.0063403366634731
geom_only,lower,1.2471020024927522,2.7227859295605326e-08,2.7405619911236726e-08,0.002826132547994536,0.002826132547994536,1.0065286298750666
geom_only,lower,1.2570757587663335,2.7265119146242744e-08,2.7426529561026545e-08,0.0025634574069109423,0.0025634574069109423,1.0059200333553666
geom_only,lower,1.2671292806196395,2.7311680011653387e-08,2.744906854788814e-08,0.002179196228148281,0.002179196228148281,1.005030394914415
geom_only,lower,1.2772632059816045,2.7358320389432105e-08,2.7469149824981567e-08,0.0017557869317137375,0.0017557869317137375,1.0040510321529925
geom_only,lower,1.2874781778830295,2.739972468427264e-08,2.74898694656245e-08,0.0014264786219246668,0.0014264786219246668,1.003289988581659
geom_only,lower,1.2977748444973827,2.741201480256854e-08,2.7511548602805198e-08,0.001574079496920774,0.001574079496920774,1.0036310282536156
geom_only,lower,1.3081538591819308,2.742431043358435e-08,2.7546438549370096e-08,0.0019297409993094987,0.0019297409993094987,1.0044532793661853
geom_only,lower,1.318615880519196,2.7436611579792737e-08,2.7586573592217968e-08,0.002367287009805739,0.002367287009805739,1.0054657628544657
geom_only,lower,1.3291615723587444,2.7461987694047462e-08,2.7625538012086608e-08,0.002578776535083036,0.002578776535083036,1.0059555163982028
geom_only,lower,1.33979160385931,2.7493056892456202e-08,2.7667522929709054e-08,0.0027472477687932972,0.0027472477687932972,1.0063458217081973
geom_only,lower,1.3505066495312552,2.7524161241091465e-08,2.7706794258900923e-08,0.002872186447751435,0.002872186447751435,1.0066353708732385
geom_only,lower,1.361307389279369,2.7624427579749944e-08,2.7744516395624737e-08,0.0018838716474158606,0.0018838716474158606,1.0043471965356785
geom_only,lower,1.3721945084460119,2.7656915761976033e-08,2.7784865899032165e-08,0.0020045581318246276,0.0020045581318246276,1.0046263342650825
geom_only,lower,1.3831686978546018,2.7689442152486484e-08,2.782540979742217e-08,0.0021273628195883866,0.0021273628195883866,1.0049104508565723
geom_only,lower,1.3942306538534488,2.772263064762268e-08,2.786362830613626e-08,0.0022032292705702725,0.0022032292705702725,1.0050860129511436
geom_only,lower,1.4053810783599405,2.776605724742014e-08,2.7901189405482587e-08,0.002108502553278774,0.002108502553278774,1.004866811188146
geom_only,lower,1.4166206789050824,2.7809551873574676e-08,2.7931148178940287e-08,0.0018947981693386133,0.0018947981693386133,1.0043724654722377
geom_only,lower,1.427950168678392,2.7853114632647252e-08,2.796290388518621e-08,0.001708503376239168,0.001708503376239168,1.00394172263989
geom_only,lower,1.4393702665731511,2.7888175223389347e-08,2.799539307455404e-08,0.0016664711891127676,0.0016664711891127676,1.0038445631636297
geom_only,lower,1.4508816972320269,2.794518364641198e-08,2.802483097505918e-08,0.0012360339339787152,0.0012360339339787152,1.002850127222457
geom_only,lower,1.4624851910930483,2.7970699444856022e-08,2.805680484160441e-08,0.0013348846637786073,0.0013348846637786073,1.0030784141425617
geom_only,lower,1.474181484435957,2.803871710719655e-08,2.808802085813766e-08,0.0007630000692965987,0.0007630000692965987,1.001758416790348
geom_only,lower,1.485971319428926,2.8106651935221117e-08,2.8118596441709016e-08,0.00018452326968885403,0.00018452326968885403,1.0004249708046133
geom_only,lower,1.497855444175653,2.815819757928797e-08,2.8149729823070528e-08,-0.00013062103319059975,0.00013062103319059975,0.9996992791817162
geom_only,lower,1.5098346127628286,2.8211434615487038e-08,2.8218949627564576e-08,0.0001156727298523153,0.0001156727298523153,1.0002663817767499
geom_only,lower,1.521909585307988,2.8270607750874805e-08,2.8298937360291245e-08,0.0004349829594136803,0.0004349829594136803,1.0010020870320895
geom_only,lower,1.534081128007742,2.833230923398799e-08,2.8378202942484206e-08,0.0007029168998871448,0.0007029168998871448,1.0016198364954016
geom_only,lower,1.5463500131863934,2.8395991226426394e-08,2.8456043103596405e-08,0.0009174767056184237,0.0009174767056184237,1.0021148012299048
geom_only,lower,1.5587170193449453,2.846044391783812e-08,2.8536539939518322e-08,0.001159643886731789,0.001159643886731789,1.0026737468291036
geom_only,lower,1.5711829312104986,2.8525042902767016e-08,2.861721078637666e-08,0.0014009961241913894,0.0014009961241913894,1.003231121647172
geom_only,lower,1.5837485397860462,2.860305060605064e-08,2.869730447232434e-08,0.0014287510394464175,0.0014287510394464175,1.0032952382447544
geom_only,lower,1.5964146424006624,2.868364189336288e-08,2.8777943232516542e-08,0.001425459736557503,0.001425459736557503,1.0032876347956179
geom_only,lower,1.6091820427600994,2.8764258909092495e-08,2.8856073137815686e-08,0.0013840408489755878,0.0013840408489755878,1.0031919553016597
geom_only,lower,1.6220515509977835,2.883284593110268e-08,2.893641485184011e-08,0.0015572108195093953,0.0015572108195093953,1.003592046410712
geom_only,lower,1.6350239837262208,2.8901596495639824e-08,2.901296009804208e-08,0.0016702073006405103,0.0016702073006405103,1.003853198989165
geom_only,lower,1.648100164088813,2.897544183211428e-08,2.909330180995037e-08,0.0017629452641338933,0.0017629452641338933,1.0040675817307283
geom_only,lower,1.6612809218120914,2.906462069538157e-08,2.9170815201840087e-08,0.0015839063818568011,0.0015839063818568011,1.0036537379094506
geom_only,lower,1.6745670932583605,2.9154074027963242e-08,2.9251004050548378e-08,0.0014415257704758321,0.0014415257704758321,1.0033247505131586
geom_only,lower,1.6879595214787744,2.926045206041614e-08,2.9331566128911e-08,0.0010542208189034663,0.0010542208189034663,1.0024303817435227
geom_only,lower,1.7014590562668264,2.936378034823243e-08,2.9416630215935763e-08,0.000780954466885722,0.000780954466885722,1.0017998318703032
geom_only,lower,1.7150665542122734,2.9467473522245377e-08,2.9520243853819524e-08,0.0007770387105683762,0.0007770387105683762,1.0017907993209636
geom_only,lower,1.7287828787554886,2.9560224228205476e-08,2.9624307113208888e-08,0.0009404773033336429,0.0009404773033336429,1.002167875470385
geom_only,lower,1.7426089002422496,2.9651763054045096e-08,2.972910213502823e-08,0.0011312720012197509,0.0011312720012197509,1.002608245615688
geom_only,lower,1.756545495978966,2.9753304570586516e-08,2.9835973960980635e-08,0.0012050115050490618,0.0012050115050490618,1.0027784944088478
geom_only,lower,1.7705935502883432,2.9826229327513986e-08,2.994348894663645e-08,0.0017040492189224407,0.0017040492189224407,1.0039314261898433
geom_only,lower,1.7847539545655013,2.9970462978685046e-08,3.0053218236266746e-08,0.0011975331656088896,0.0011975331656088896,1.002761227200279
geom_only,lower,1.799027607334534,3.012162506137672e-08,3.016465189160462e-08,0.000619919459586099,0.000619919459586099,1.0014284365514883
geom_only,lower,1.8134154143055223,3.022504771024419e-08,3.029968278567533e-08,0.001071086730339038,0.001071086730339038,1.0024693120800547
geom_only,lower,1.8279182884320064,3.0408171896103394e-08,3.043962860973514e-08,0.00044903770563835147,0.00044903770563835147,1.0010344822352104
geom_only,lower,1.8425371499689158,3.0535023431029946e-08,3.058298484005933e-08,0.0006816118571472723,0.0006816118571472723,1.0015707015630007
geom_only,lower,1.8572729265309584,3.066240414317793e-08,3.072717581060394e-08,0.0009164417872300783,0.0009164417872300783,1.0021124132055514
geom_only,lower,1.872126553151487,3.081583275418703e-08,3.087150374533056e-08,0.0007838759846520909,0.0007838759846520909,1.0018065710437751
geom_only,lower,1.887098972341826,3.094278480606819e-08,3.102088092908722e-08,0.0010947297207684567,0.0010947297207684567,1.0025238879922571
geom_only,lower,1.9021911341510784,3.107988476581085e-08,3.1796288758641646e-08,0.009897032475762211,0.009897032475762211,1.0230504069828106
geom_only,lower,1.9174039962264084,3.125317102187545e-08,3.225631837798166e-08,0.013720708568397069,0.013720708568397069,1.0320974583796332
geom_only,lower,1.9327385238738084,3.142807129195468e-08,3.2428598147089445e-08,0.013610445367486835,0.013610445367486835,1.0318354520021369
geom_only,lower,1.9481956901193513,3.1617894033814374e-08,3.2602641590858346e-08,0.013319850093919729,0.013319850093919729,1.0311452608447234
geom_only,lower,1.9637764757709282,3.1808863288070264e-08,3.27834093137766e-08,0.013105966510882307,0.013105966510882307,1.0306375621436252
geom_only,lower,1.97948186948049,3.228865591461823e-08,3.2962662383452305e-08,0.00897231532190274,0.00897231532190274,1.0208744046397091
geom_only,lower,1.9953128678067769,3.2882393292722376e-08,3.315354999611007e-08,0.0035666189050917816,0.0035666189050917816,1.0082462581410614
geom_only,lower,2.011270475278553,3.333387994521758e-08,3.338001094846707e-08,0.0006006078518465546,0.0006006078518465546,1.0013839074036777
geom_only,lower,2.027355704458349,3.3613271434435756e-08,3.363649454365722e-08,0.0002999465780062237,0.0002999465780062237,1.0006908910745793
geom_only,lower,2.043569576006712,3.3926623388699646e-08,3.389967625921129e-08,-0.00034508709206982263,0.00034508709206982263,0.9992057232109537
geom_only,lower,2.059913118746966,3.424811625113212e-08,3.4166457381380767e-08,-0.001036738562847435,0.001036738562847435,0.9976156682851526
geom_only,lower,2.0763873697305013,3.454459123133437e-08,3.444173788533609e-08,-0.0012950007423677776,0.0012950007423677776,0.9970225918926208
geom_only,lower,2.0929933743025733,3.4931451317670494e-08,3.4718661903511935e-08,-0.0026536512756426996,0.0026536512756426996,0.9939083717929889
geom_only,lower,2.1097321861686344,3.533778616279447e-08,3.502087759820806e-08,-0.003912313402929089,0.003912313402929089,0.9910320198575409
geom_only,lower,2.126604867461196,3.575658357295927e-08,3.533132100074529e-08,-0.005196141109308058,0.005196141109308058,0.9881067336495878
geom_only,lower,2.143612488807225,3.6181286557052194e-08,3.5651236460971604e-08,-0.006409409007364549,0.006409409007364549,0.9853501589766637
geom_only,lower,2.1607561293960718,3.664249376754053e-08,3.598022636801878e-08,-0.007921131292014218,0.007921131292014218,0.9819262465125007
geom_only,lower,2.1780368770479623,3.711876688014545e-08,3.63191962509958e-08,-0.009457311164642792,0.009457311164642792,0.9784591273807284
geom_only,lower,2.1954558282830066,3.764451528419414e-08,3.6676169463568765e-08,-0.011317738743381149,0.011317738743381149,0.9742765761940372
geom_only,lower,2.2130140883907936,3.8196982339679974e-08,3.7074576337998006e-08,-0.012952856961487907,0.012952856961487907,0.9706153226529629
geom_only,lower,2.2307127715005106,3.878792428610038e-08,3.749873901903845e-08,-0.014679875370664027,0.014679875370664027,0.9667632313203235
geom_only,lower,2.2485530006516457,3.940478130474319e-08,3.7939856274292556e-08,-0.01645324018901473,0.01645324018901473,0.9628236731192237
geom_only,lower,2.2665359078652525,3.9965482954673824e-08,3.8406903719838714e-08,-0.01727576877029336,0.01727576877029336,0.961001866620685
geom_only,lower,2.2846626342157688,4.049549706259772e-08,3.8896237719804243e-08,-0.017499138330077997,0.017499138330077997,0.9605077240977842
geom_only,lower,2.302934329903436,4.109782942669427e-08,3.942073422385137e-08,-0.018094176415970296,0.018094176415970296,0.9591926088010485
geom_only,lower,2.321352154327269,4.17447097062964e-08,4.00065821737578e-08,-0.018469994813860243,0.018469994813860243,0.9583629268291105
geom_only,lower,2.339917276158629,4.2464024212595353e-08,4.065031197558282e-08,-0.018957265828353487,0.018957265828353487,0.9572882629321184
geom_only,lower,2.3586308734153905,4.3287332092024494e-08,4.132436184126668e-08,-0.020154664342193537,0.020154664342193537,0.9546525471566429
geom_only,lower,2.377494133536669,4.421838427360163e-08,4.204901545940592e-08,-0.021847037912599454,0.021847037912599454,0.9509396634491951
geom_only,lower,2.3965082534581894,4.519637428236403e-08,4.283425273210471e-08,-0.02331240169694925,0.02331240169694925,0.9477364813491016
geom_only,lower,2.415674439688217,4.620548598427808e-08,4.369902946327459e-08,-0.024221750883282503,0.024221750883282503,0.9457541357349571
geom_only,lower,2.4349939083841323,4.7367848529772306e-08,4.4669476716886044e-08,-0.02547279437948459,0.02547279437948459,0.9430336843103557
geom_only,lower,2.4544678854295836,4.869113908977109e-08,4.572046975707801e-08,-0.027339250707591165,0.027339250707591165,0.9389895289322334
geom_only,lower,2.4740976065122804,5.068841399941011e-08,4.6918837725633666e-08,-0.03356145747803562,0.03356145747803562,0.9256323886200047
geom_only,lower,2.4938843172024114,5.299459639981937e-08,4.834314639250073e-08,-0.03989667611340232,0.03989667611340232,0.9122278435290717
geom_only,upper,0.02111790157188495,0.006663339567729517,0.006642468234309346,-0.0013624595369718655,0.0013624595369718655,0.9968677367845321
geom_only,upper,0.02128679297200014,0.006565897360351613,0.0064953321856579685,-0.004692722695485998,0.004692722695485998,0.9892527752383468
geom_only,upper,0.021457035088943695,0.006469880111687312,0.006358722655126585,-0.007526350154679397,0.007526350154679397,0.9828192401339971
geom_only,upper,0.021628638725136276,0.006375266983668681,0.006228507272927767,-0.010114400983908934,0.010114400983908934,0.9769798329831731
geom_only,upper,0.021801614769391423,0.006282037442955981,0.006104676844066423,-0.012437841439584874,0.012437841439584874,0.9717670261439733
geom_only,upper,0.021975974197606423,0.006190171256481441,0.005988899242334574,-0.014355657777058328,0.014355657777058328,0.9674852268527911
geom_only,upper,0.022151728073458863,0.00609964848705813,0.005876834682915499,-0.01616133398370627,0.01616133398370627,0.963471041878006
geom_only,upper,0.02232888754910858,0.006005690789495533,0.0057731537395803705,-0.01714984529177156,0.01714984529177156,0.9612805490549247
geom_only,upper,0.022507463865905335,0.005899411183045722,0.005672255597294554,-0.017052874770993938,0.017052874770993938,0.9614952105043993
geom_only,upper,0.022687468355102106,0.005795012351871068,0.005576526943841338,-0.016690561082841112,0.016690561082841112,0.9622976803562486
geom_only,upper,0.022868912438574106,0.005692461012863416,0.0054866382556095165,-0.0159937375677161,0.0159937375677161,0.9638429219297601
geom_only,upper,0.023051807629543487,0.005591724471908588,0.005397819050337336,-0.015327441999871396,0.015327441999871396,0.9653227868173077
geom_only,upper,0.023236165533309972,0.005492770613463248,0.00531471851560471,-0.014311194744053943,0.014311194744053943,0.9675842829805933
geom_only,upper,0.02342199784798719,0.005395567890316225,0.005234752144197633,-0.013141038002182397,0.013141038002182397,0.9701948433626016
geom_only,upper,0.023609316365244985,0.00530008531353104,0.0051567980971805975,-0.011902732419260355,0.011902732419260355,0.9729651113379945
geom_only,upper,0.023798132971057626,0.00520629244256643,0.005082783919528332,-0.010426911937653226,0.010426911937653226,0.9762770677213025
geom_only,upper,0.023988459646458012,0.00511415937557164,0.005012569419577489,-0.008713857819062669,0.008713857819062669,0.9801355514105784
geom_only,upper,0.024180308468297922,0.005023656739853517,0.004942283160004469,-0.0070923329785634245,0.0070923329785634245,0.9838019227700219
geom_only,upper,0.02437369161001429,0.004934755682512293,0.004875110276876877,-0.005281211763004161,0.005281211763004161,0.9879131998678705
geom_only,upper,0.024568621342401696,0.004847427861243055,0.004813006300780737,-0.003094924468556303,0.003094924468556303,0.9928990051120656
geom_only,upper,0.024765110034390986,0.004761645435300004,0.004750666068700193,-0.0010025492635694611,0.0010025492635694611,0.9976942074438352
geom_only,upper,0.02496317015383408,0.004685167884530256,0.004682301777894504,-0.00026575679028622765,0.00026575679028622765,0.9993882595658492
geom_only,upper,0.02516281426829514,0.004613539612330138,0.004591071150542157,-0.0021202305243859616,0.0021202305243859616,0.9951298864481555
geom_only,upper,0.025364055045848016,0.0045430064149501286,0.0044881058842277215,-0.0052802557353235895,0.0052802557353235895,0.9879153745982527
geom_only,upper,0.02556690525588002,0.004473551550553187,0.004391874361995405,-0.008002538468391527,0.008002538468391527,0.981742204681271
geom_only,upper,0.025771377769902282,0.00440515853325656,0.00430051811606015,-0.010440760975261969,0.010440760975261969,0.9762459361209292
geom_only,upper,0.02597748556236643,0.004337811129218672,0.004215504809116767,-0.012421049571270408,0.012421049571270408,0.971804599956399
geom_only,upper,0.02618524171148786,0.004271493352785879,0.004134308593673978,-0.014176844684803751,0.014176844684803751,0.9678836538461593
geom_only,upper,0.026394659400075616,0.004206189462698056,0.004056312130628927,-0.01575746476435079,0.01575746476435079,0.9643674319955644
geom_only,upper,0.02660575191636888,0.004141883958352265,0.003984425747800336,-0.01683218936364603,0.01683218936364603,0.9619839154995137
geom_only,upper,0.026818532654880104,0.004078561576123496,0.003913555523470087,-0.017935523716290397,0.017935523716290397,0.9595430767505438
geom_only,upper,0.027033015117245013,0.004016207285741685,0.0038470312954563698,-0.018690400366903084,0.018690400366903084,0.9578766786052297
geom_only,upper,0.027249212913079288,0.003954806286724112,0.0037845708907454883,-0.019108571214231162,0.019108571214231162,0.9569548079889305
geom_only,upper,0.02746713976084213,0.0038943440048623316,0.003722355901738349,-0.019616417530838873,0.019616417530838873,0.9558364379445563
geom_only,upper,0.027686809488706776,0.0038326346078456663,0.0036651640121560546,-0.019404003240474293,0.019404003240474293,0.9563040537841025
geom_only,upper,0.0279082360354379,0.0037537519453723495,0.003609584357732548,-0.017008374339009653,0.017008374339009653,0.9615937361504315
geom_only,upper,0.02813143345127612,0.0036764928330350484,0.003555256695253542,-0.01456276073557606,0.01456276073557606,0.96702397004772
geom_only,upper,0.02835641589882947,0.0036008238551887917,0.0035039750946783644,-0.011840866450904649,0.011840866450904649,0.9731037217022244
geom_only,upper,0.028583197653972128,0.00352671228394397,0.0034548461059151674,-0.008941323773903762,0.008941323773903762,0.9796223303057675
geom_only,upper,0.02881179310675024,0.0034541260650110812,0.00340605908910957,-0.00608600600357702,0.00608600600357702,0.9860841859860268
geom_only,upper,0.029042216762295004,0.0033830338038367998,0.0033600104517149637,-0.002965709035453589,0.002965709035453589,0.9931944658384068
geom_only,upper,0.029274483241743088,0.0033134047520253923,0.0033166839498950515,0.0004295983719116556,0.0004295983719116556,1.0009896762137662
geom_only,upper,0.02950860728316438,0.003245208794039609,0.003272698225445726,0.003663316804259726,0.003663316804259726,1.008470774347896
geom_only,upper,0.029744603742497173,0.0031784164341752885,0.003230557279880066,0.007066648171475631,0.007066648171475631,1.0164046614987714
geom_only,upper,0.029982487594490785,0.003112998783804067,0.0031895833607356173,0.010555006042730403,0.010555006042730403,1.02460154412202
geom_only,upper,0.030222273933655824,0.0030489275488786213,0.003122978647081113,0.010421910388371404,0.010421910388371404,1.0242875886735083
geom_only,upper,0.030463977975221938,0.0029861750176951264,0.0030564309713923977,0.01009933398119459,0.01009933398119459,1.0235270716823217
geom_only,upper,0.030707615056103282,0.0029247140489075192,0.0029955605216588866,0.010394687152067412,0.010394687152067412,1.024223384428926
geom_only,upper,0.030953200635871692,0.0028736691998831536,0.002935928927452201,0.009308764816789718,0.009308764816789718,1.0216655861334278
geom_only,upper,0.031200750297737657,0.002831486232659059,0.0028808244994146946,0.0075023474248810005,0.0075023474248810005,1.0174248654952145
geom_only,upper,0.03145027974953912,0.0027899224747454494,0.002827272675245287,0.005775560437556628,0.005775560437556628,1.0133875406352448
geom_only,upper,0.03170180482473815,0.002748968836687618,0.00277742143370746,0.0044719661331633674,0.0044719661331633674,1.0103502799450161
geom_only,upper,0.031955341483425714,0.0027086163624561463,0.002729586893240369,0.003349426461762781,0.003349426461762781,1.0077421561336233
geom_only,upper,0.03221090581333433,0.002668856227488357,0.0026832553412716284,0.0023368237629925554,0.0023368237629925554,1.0053952377183024
geom_only,upper,0.0324685140308589,0.002629679736758478,0.0026401426532058564,0.0017245335847126259,0.0017245335847126259,1.0039787797354653
geom_only,upper,0.03272818248208573,0.002591078322876161,0.0025979793937041065,0.0011551610756694779,0.0011551610756694779,1.0026633972300325
geom_only,upper,0.03298992764382963,0.002553043544212911,0.0025574547522898266,0.0007497365974765928,0.0007497365974765928,1.0017278232824953
geom_only,upper,0.0332537661246796,0.0025155670830560046,0.002519902782773306,0.000747882909803885,0.000747882909803885,1.0017235476431954
geom_only,upper,0.033519714666052546,0.0024786407437895094,0.002481994530580376,0.0005872358027198983,0.0005872358027198983,1.0013530749864699
geom_only,upper,0.033787790143255655,0.0024422564511020154,0.0024461079642632976,0.0006843562046183841,0.0006843562046183841,1.0015770306019847
geom_only,upper,0.03405800956655716,0.002406406248220675,0.002412389175504308,0.0010784245486994872,0.0010784245486994872,1.0024862498956928
geom_only,upper,0.03433039008226571,0.0023710822951711467,0.0023792648887385297,0.0014961680109153535,0.0014961680109153535,1.0034509951780448
geom_only,upper,0.03460494897381837,0.002334300811957121,0.002346630320876786,0.0022878568044570865,0.0022878568044570865,1.0052818852037015
geom_only,upper,0.034881703662877246,0.002298001622034,0.0023160670921917237,0.0034008050505551766,0.0034008050505551766,1.0078613826833307
geom_only,upper,0.03516067171043505,0.0022622668971456874,0.002275332228665602,0.002500977678736514,0.002500977678736514,1.0057753271890242
geom_only,upper,0.03544187081792932,0.00222708785966447,0.002228024297416159,0.0001825721732044237,0.0001825721732044237,1.00042047633982
geom_only,upper,0.03572531882836569,0.0021924558684577925,0.0021844696730138327,-0.0015848405136562257,0.0015848405136562257,0.9963574202067851
geom_only,upper,0.036011033727450036,0.0021583624167657266,0.0021419164541705516,-0.003321842997098962,0.003321842997098962,0.9923803516650281
geom_only,upper,0.03629903364472977,0.0021247991301114183,0.002102622380174388,-0.004556597184378828,0.004556597184378828,0.989562895794358
geom_only,upper,0.03658933685474421,0.0020917577642440366,0.002064647573561547,-0.005665459563697453,0.005665459563697453,0.9870395171248295
geom_only,upper,0.03688196177818411,0.0020592302031137307,0.002028509257366444,-0.006527905480897515,0.006527905480897515,0.9850813446205121
geom_only,upper,0.0371769269830606,0.002027208456878044,0.001994560045043238,-0.007051294263952874,0.007051294263952874,0.9838948916555501
geom_only,upper,0.037474251185883316,0.0019956846599393464,0.0019610458703155837,-0.007604166825612127,0.007604166825612127,0.9826431548435035
geom_only,upper,0.037773953252848075,0.0019646510690127933,0.0019297004962322733,-0.007795520352809029,0.007795520352809029,0.9822102899940995
geom_only,upper,0.03807605220103397,0.001934100061224313,0.0019001156045344678,-0.007698914102419524,0.007698914102419524,0.9824288011922545
geom_only,upper,0.038380567199610006,0.001903532822025411,0.0018707296448851195,-0.007549341188985993,0.007549341188985993,0.9827672122273217
geom_only,upper,0.03868751757105163,0.001872667713621638,0.0018431142757760525,-0.006908460001779968,0.006908460001779968,0.9842185361393181
geom_only,upper,0.03899692279236656,0.001842303071984583,0.0018167137810687175,-0.006074565639725664,0.006074565639725664,0.9861101621633296
geom_only,upper,0.03930880249633087,0.0018124307822234339,0.0017904539328068752,-0.005298278220605941,0.005298278220605941,0.9878743786344225
geom_only,upper,0.03962317647273463,0.0017830428610274467,0.0017656063980029148,-0.0042678890275946535,0.0042678890275946535,0.990220951270636
geom_only,upper,0.03994006466963772,0.0017541314545324322,0.0017419228331189713,-0.003033224331407969,0.003033224331407969,0.9930400761117899
geom_only,upper,0.04025948719463554,0.0017256888362218096,0.0017084104493355263,-0.004370270501091098,0.004370270501091098,0.9899875420622687
geom_only,upper,0.040581464316134866,0.0016977074048617313,0.0016746816914841435,-0.005930570507630258,0.005930570507630258,0.9864371720876937
geom_only,upper,0.04090601646464007,0.001670179682469644,0.0016426023026288117,-0.007230768948403971,0.007230768948403971,0.9834883754542777
geom_only,upper,0.04123316423404941,0.0016430983123158316,0.0016119305653246139,-0.008317219138800815,0.008317219138800815,0.9810311125283252
geom_only,upper,0.0415629283829618,0.0016164560569573363,0.0015835857442272434,-0.00892231940998251,0.00892231940998251,0.9796651986989583
geom_only,upper,0.04189532983599401,0.0015902457963037618,0.001555224570742666,-0.009671147239976662,0.009671147239976662,0.9779774764111961
geom_only,upper,0.04223038968510843,0.0015644605257144541,0.0015292246667757922,-0.009893314870788037,0.009893314870788037,0.9774773103191143
geom_only,upper,0.04256812919095138,0.001539093354126511,0.0015042284607271197,-0.009951161400063524,0.009951161400063524,0.9773471223783055
geom_only,upper,0.04290856978420216,0.0015116874739150917,0.0014796000383841784,-0.00931768054665572,0.00931768054665572,0.9787737637014279
geom_only,upper,0.04325173306693298,0.0014841985818949504,0.0014569620860860506,-0.008043761844699553,0.008043761844699553,0.9816490218080349
geom_only,upper,0.04359764081397959,0.00145720955456082,0.001434838551047039,-0.006718973414417286,0.006718973414417286,0.9846480532303927
geom_only,upper,0.043946314974323025,0.0014307113022518955,0.0014131597482569345,-0.005360749272129279,0.005360749272129279,0.9877322881511208
geom_only,upper,0.044297777672482296,0.0014046949005959756,0.0013928425507704586,-0.0036799799929584003,0.0036799799929584003,0.9915623315636097
geom_only,upper,0.0446520512099183,0.0013791515875038048,0.001373260837661813,-0.001858968542220614,0.001858968542220614,0.995728714743639
geom_only,upper,0.045009158066448916,0.0013540727602180862,0.0013527487766512032,-0.0004248516536841295,0.0004248516536841295,0.999022221252963
geom_only,upper,0.04536912090167536,0.0013294499724161532,0.0013271454689562576,-0.0007534706802654932,0.0007534706802654932,0.9982665737653088
geom_only,upper,0.0457319625564201,0.00130527493136532,0.001301587654745181,-0.0012285764242761254,0.0012285764242761254,0.997175095811974
geom_only,upper,0.04609770605417616,0.0012815394951299637,0.001277382187570857,-0.0014111391788164858,0.0014111391788164858,0.9967560051212584
geom_only,upper,0.046466374602567986,0.0012582356698293959,0.0012546350744208048,-0.0012445684213955067,0.0012445684213955067,0.9971383775751015
geom_only,upper,0.04683799159482413,0.0012353556069455945,0.0012324806368339703,-0.0010118857951853244,0.0010118857951853244,0.997672759086161
geom_only,upper,0.04721258061126147,0.001212891600679898,0.0012118196843007168,-0.00038398583926297275,0.00038398583926297275,0.9991162306849348
geom_only,upper,0.04759016542078173,0.0011912773093045444,0.0011918878184151989,0.0002225114329048683,0.0002225114329048683,1.0005124827828802
geom_only,upper,0.04797076998237937,0.0011714694524861532,0.0011724381929267276,0.0003589891031046038,0.0003589891031046038,1.0008269446877325
geom_only,upper,0.04835441844666212,0.0011519909490338282,0.00115444608297232,0.0009245875866077827,0.0009245875866077827,1.002131209399302
geom_only,upper,0.04874113515738328,0.0011328363226539588,0.001136701310696445,0.0014791952135891052,0.0014791952135891052,1.003411779764822
geom_only,upper,0.04913094465298647,0.0011140001881095158,0.0011194776072335126,0.0021301466928433537,0.0021301466928433537,1.0049168924587815
geom_only,upper,0.04952387166816266,0.0010954772497060144,0.001103505534554692,0.0031711528851454643,0.0031711528851454643,1.0073285728670605
geom_only,upper,0.04991994113541961,0.0010772622998026628,0.0010876729114294972,0.004176851122134219,0.004176851122134219,1.0096639524364135
geom_only,upper,0.05031917818666402,0.0010593502173482433,0.0010673804490675517,0.0032796836507063233,0.0032796836507063233,1.0075803370668197
geom_only,upper,0.05072160815479616,0.0010417359664413612,0.001047352526412157,0.002335225997396767,0.002335225997396767,1.0053915388848311
geom_only,upper,0.05112725657531738,0.0010244145949146204,0.001027713631340374,0.0013963596731030074,0.0013963596731030074,1.0032204113862988
geom_only,upper,0.05153614918795035,0.0010073812329423478,0.0010094696547536333,0.0008994124436556347,0.0008994124436556347,1.0020731196323616
geom_only,upper,0.051948311938272394,0.0009906310916714582,0.0009919006051220091,0.0005562007028961292,0.0005562007028961292,1.0012815198929492
geom_only,upper,0.05236377097936182,0.0009741594618750917,0.0009749530026743753,0.00035362803902126846,0.00035362803902126846,1.0008145902496868
geom_only,upper,0.0527825526734573,0.0009579617126286398,0.0009591762863518506,0.000550281447352216,0.000550281447352216,1.0012678729297835
geom_only,upper,0.05320468359363084,0.0009425070488752563,0.0009438667365737588,0.0006260741867714724,0.0006260741867714724,1.0014426286786133
geom_only,upper,0.05363019052547379,0.000927542403828754,0.0009289441301575684,0.0006558217517671959,0.0006558217517671959,1.001511226142361
geom_only,upper,0.0540591004687965,0.0009128153597653258,0.0009150730438300956,0.001072822857110181,0.001072822857110181,1.0024733195389592
geom_only,upper,0.054491440639341575,0.0008983221441780415,0.0009013625925239068,0.0014674250089084023,0.0014674250089084023,1.0033845857697823
geom_only,upper,0.054927238470510786,0.0008840590444579064,0.000888244297383052,0.002051156352955266,0.002051156352955266,1.0047341328063806
geom_only,upper,0.05536652161510582,0.0008700224069428332,0.0008719937556632419,0.0009829371908556626,0.0009829371908556626,1.0022658597119767
geom_only,upper,0.05580931794708289,0.0008562086359817133,0.0008556295462691495,-0.00029383089931565924,0.00029383089931565924,0.9993236581736883
geom_only,upper,0.056255655563321495,0.0008426141930133479,0.000840350460020727,-0.0011683279721123895,0.0011683279721123895,0.9973134407046654
geom_only,upper,0.05670556278540726,0.0008292355956600041,0.0008256630805714133,-0.0018750706879191198,0.0018750706879191198,0.9956917972319467
geom_only,upper,0.057159068161428975,0.0008160694168353626,0.0008113018893857563,-0.0025446150846808483,0.0025446150846808483,0.9941579388330783
geom_only,upper,0.05761620046779015,0.0008031122838666253,0.0007981146300900504,-0.0027109967820156157,0.0027109967820156157,0.9937771419053467
geom_only,upper,0.05807698871103479,0.0007903608776305745,0.000785098942084739,-0.002901042655007585,0.002901042655007585,0.993342363349752
geom_only,upper,0.05854146212968829,0.0007778119317033272,0.0007727057274254548,-0.002860469656961846,0.002860469656961846,0.9934351684902926
geom_only,upper,0.059009650196112304,0.000765320797785353,0.0007611200509393074,-0.0023903524099439695,0.0023903524099439695,0.9945111293745035
geom_only,upper,0.0594815826183752,0.0007515395553566826,0.0007495699543632519,-0.0011396734593142937,0.0011396734593142937,0.9973792450718101
geom_only,upper,0.05995728934213697,0.000738006473756031,0.0007382495269998979,0.00014300593327957364,0.00014300593327957364,1.000329337549886
geom_only,upper,0.0604368005525494,0.0007247170843154312,0.0007250276640630285,0.00018607837384712627,0.00018607837384712627,1.0004285530923982
geom_only,upper,0.06092014667617149,0.0007116669988348693,0.0007115772121384432,-5.479574981896277e-05,5.479574981896277e-05,0.9998738360826439
geom_only,upper,0.061407358382899936,0.0006988519081332857,0.0006989294731002724,4.819929301986814e-05,4.819929301986814e-05,1.0001109891324385
geom_only,upper,0.06189846658791547,0.0006862675806256666,0.0006869164697419066,0.0004104460482924935,0.0004104460482924935,1.0009455336876738
geom_only,upper,0.06239350245364441,0.0006739098609257611,0.0006752302883842865,0.0008501037381271618,0.0008501037381271618,1.0019593532237552
geom_only,upper,0.06289249739173598,0.0006617746684739623,0.0006642856785860799,0.0016447503939454242,0.0016447503939454242,1.003794358158054
geom_only,upper,0.06339548306505557,0.0006498579961898909,0.0006535936626538098,0.0024893654667042663,0.0024893654667042663,1.005748435020914
geom_only,upper,0.06390249138969378,0.0006381559091492423,0.0006433431192901383,0.0035158653955589592,0.0035158653955589592,1.008128437058291
geom_only,upper,0.0644135545369917,0.0006266645432844649,0.0006338064859191595,0.004921556145416308,0.004921556145416308,1.0113967555867487
geom_only,upper,0.06492870493558207,0.0006153801041088326,0.0006241963971061161,0.006177806628943312,0.006177806628943312,1.0143265811462185
geom_only,upper,0.06544797527344727,0.0006042988654634896,0.0006129302706461633,0.006159291397147543,0.006159291397147543,1.0142833383876264
geom_only,upper,0.06597139849999327,0.0005941670518090737,0.0006019452862110174,0.005648452558448414,0.005648452558448414,1.0130909891052713
geom_only,upper,0.06649900782814049,0.0005849114284601402,0.0005911100813957097,0.004578259280348703,0.004578259280348703,1.0105975924455575
geom_only,upper,0.0670308367364312,0.000575799984367387,0.00058102726080252,0.003924860469325078,0.003924860469325078,1.0090782851286042
geom_only,upper,0.0675669189711538,0.0005668304735818268,0.0005713264786306534,0.003431161819989861,0.003431161819989861,1.007931833693443
geom_only,upper,0.0681072885484844,0.0005580006851406845,0.0005619587969719551,0.0030697419173581902,0.0030697419173581902,1.0070933816690075
geom_only,upper,0.06865197975664482,0.0005493084425224106,0.0005531126397149928,0.002997309164820951,0.002997309164820951,1.0069254300463932
geom_only,upper,0.06920102715807869,0.0005407516031101666,0.0005445295621724432,0.003023646689256159,0.003023646689256159,1.0069864962776762
geom_only,upper,0.06975446559164432,0.0005323280576636778,0.0005362002533812043,0.003147657534364498,0.003147657534364498,1.007274077820585
geom_only,upper,0.07031233017482545,0.0005240357297993122,0.0005265557384334695,0.0020834510391711304,0.0020834510391711304,1.0048088488834956
geom_only,upper,0.07087465630595954,0.0005158725754782531,0.0005155473722756064,-0.00027386315611679235,0.00027386315611679235,0.9993696055613245
geom_only,upper,0.07144147966648377,0.000507836582502653,0.0005053351580763954,-0.0021444676929052247,0.0021444676929052247,0.9950743516468813
geom_only,upper,0.07201283622319953,0.0004999257700196262,0.0004955690727558648,-0.003801328906067886,0.003801328906067886,0.9912853116901927
geom_only,upper,0.07258876223055408,0.0004921381880329792,0.00048634972701446004,-0.005138389480837437,0.005138389480837437,0.9882381388819774
geom_only,upper,0.07316929423294151,0.0004844719169225381,0.0004776772546516481,-0.006134045476801298,0.006134045476801298,0.9859751163410027
geom_only,upper,0.07375446906702134,0.00047623260906904595,0.0004691954070922283,-0.006465377328983581,0.006465377328983581,0.9852231832873137
geom_only,upper,0.07434432386405598,0.000468087530489409,0.00046125660234437105,-0.006384476368110476,0.006384476368110476,0.9854067290835629
geom_only,upper,0.0749388960522669,0.0004600817584247075,0.0004535969268746429,-0.006164910915225112,0.006164910915225112,0.9859050452852809
geom_only,upper,0.07553822335920934,0.000452212910294479,0.0004461752495116216,-0.00583748174054752,0.00583748174054752,0.9866486324352709
geom_only,upper,0.0761423438141667,0.0004444786442678932,0.00043926121787455383,-0.0051280380480221,0.0051280380480221,0.9882616938729799
geom_only,upper,0.07675129575056305,0.0004368766585668095,0.00043249603559951936,-0.004376710923222702,0.004376710923222702,0.9899728610320796
geom_only,upper,0.07736511780839599,0.00042940469078074764,0.00042593299473572637,-0.003525500490575443,0.003525500490575443,0.9919150952014311
geom_only,upper,0.07798384893668826,0.0004220605171935773,0.000419790741917329,-0.002341870385209575,0.002341870385209575,0.9946221568145233
geom_only,upper,0.0786075283959591,0.00041484195212172293,0.00041377717453856035,-0.001116139534964588,0.001116139534964588,0.9974332933838617
geom_only,upper,0.07923619576071583,0.0004077468472636851,0.00040791192481100366,0.00017578985556193774,0.00017578985556193774,1.0004048530317926
geom_only,upper,0.07986989092196449,0.0004007730910606939,0.00040236672624209736,0.0017235053196960359,0.0017235053196960359,1.0039764026501523
geom_only,upper,0.0805086540897414,0.00039391860806828663,0.00039463295539725926,0.0007868532696510793,0.0007868532696510793,1.0018134389042337
geom_only,upper,0.08115252579566451,0.00038718135833864365,0.0003866844916612372,-0.0005576844769441073,0.0005576844769441073,0.9987167081609031
geom_only,upper,0.08180154689550528,0.00038084985788958684,0.00037923785699768347,-0.0018421140825882018,0.0018421140825882018,0.995767358557422
geom_only,upper,0.08245575857178114,0.00037512491339426724,0.00037207349992131637,-0.003547168668529504,0.003547168668529504,0.9918656069911738
geom_only,upper,0.08311520233636842,0.0003694860264063766,0.0003653338278504047,-0.004908131165011212,0.004908131165011212,0.988762231155651
geom_only,upper,0.08377992003313693,0.00036393190330733123,0.0003588379608496876,-0.006121748679052772,0.006121748679052772,0.986003034052934
geom_only,upper,0.0844499538406045,0.00035846126992425533,0.0003526392477955771,-0.007111592580537204,0.007111592580537204,0.9837582951990644
geom_only,upper,0.08512534627461374,0.0003530728712376712,0.00034690414583246073,-0.007654859223662922,0.007654859223662922,0.9825284639298781
geom_only,upper,0.0858061401910297,0.0003477654710935844,0.00034110500103217074,-0.008398372853959873,0.008398372853959873,0.9808478109098379
geom_only,upper,0.08649237878845914,0.0003425378519198977,0.000335695238695049,-0.008763388393438383,0.008763388393438383,0.9800237749302846
geom_only,upper,0.08718410561099178,0.00033738881444708886,0.00033058036193504625,-0.00885362937738242,0.00885362937738242,0.9798201593517548
geom_only,upper,0.08788136455096306,0.0003323171774330848,0.0003255237144427054,-0.00897015802282075,0.00897015802282075,0.9795572920940948
geom_only,upper,0.08858419985173968,0.0003273217773922704,0.00032072142177912887,-0.008846932273265823,0.008846932273265823,0.9798352689340573
geom_only,upper,0.08929265611052642,0.00032240146832857833,0.00031617243567108215,-0.008473006183668674,0.008473006183668674,0.9806792670958068
geom_only,upper,0.09000677828119648,0.0003175551214725802,0.0003114530380630242,-0.008426549807333022,0.008426549807333022,0.980784175732203
geom_only,upper,0.09072661167714369,0.0003127816250225381,0.000305356321912902,-0.010434315850078146,0.010434315850078146,0.9762604241566266
geom_only,upper,0.09145220197415786,0.00030728750172936,0.0002994248175982382,-0.011257102937421758,0.011257102937421758,0.9744126133120548
geom_only,upper,0.09218359521332312,0.00030168114057865146,0.00029373750623404825,-0.011588757868747086,0.011588757868747086,0.9736687738273376
geom_only,upper,0.09292083780393906,0.0002961770656751074,0.0002885026362217902,-0.011401640189022032,0.011401640189022032,0.9740883736699056
geom_only,upper,0.09366397652646623,0.00029077341083920643,0.00028322353882652846,-0.011425345947048356,0.011425345947048356,0.9740352049697799
geom_only,upper,0.09441305853549367,0.0002854683439392724,0.00027839504309779396,-0.010896457340848563,0.010896457340848563,0.9752221183481447
geom_only,upper,0.09516813136273168,0.00028026006627027806,0.000273758792969972,-0.010193143011451198,0.010193143011451198,0.9768027126132328
geom_only,upper,0.0959292429200276,0.00027514681194398745,0.00026923134845669447,-0.009438858728631625,0.009438858728631625,0.978500701332868
geom_only,upper,0.0966964415024058,0.0002701268472902264,0.00026500624347255237,-0.008311643955762407,0.008311643955762407,0.9810437064325842
geom_only,upper,0.09746977579113274,0.000265198470269071,0.00026089274889855524,-0.007109005881537239,0.007109005881537239,0.9837641545739417
geom_only,upper,0.09824929485680518,0.00026036000989376664,0.00025688895432062,-0.005828848445620158,0.005828848445620158,0.9866682461159726
geom_only,upper,0.09903504816246447,0.0002556098256641717,0.00025311634226478493,-0.004257358167779366,0.004257358167779366,0.9902449626382407
geom_only,upper,0.09982708556673489,0.0002509463070105397,0.0002494059768127884,-0.002673952093720399,0.002673952093720399,0.9938619132670216
geom_only,upper,0.1006254573269874,0.0002463678727474479,0.00024474921900091836,-0.0028627589935292875,0.0028627589935292875,0.993429931717644
geom_only,upper,0.10143021410252862,0.00024193526858381614,0.00024013616307706052,-0.0032416159522541655,0.0032416159522541655,0.9925636906215171
geom_only,upper,0.10224140695781526,0.00023780721630311453,0.00023555123161643965,-0.0041396498706789174,0.0041396498706789174,0.990513388442345
geom_only,upper,0.1030590873656945,0.00023374959945637018,0.0002313024914490612,-0.004570564605637551,0.004570564605637551,0.9895310707996925
geom_only,upper,0.10388330721066999,0.00022976121622974416,0.00022724416284544517,-0.004783985043312888,0.004783985043312888,0.9890449161716566
geom_only,upper,0.10471411879219401,0.0002258408853155049,0.0002233013041439122,-0.004911308129889952,0.004911308129889952,0.9887549981570217
geom_only,upper,0.10555157482798629,0.0002219874455621384,0.00021965591142293154,-0.004585518165440441,0.004585518165440441,0.9894970000069025
geom_only,upper,0.10639572845737891,0.00021819975563043073,0.0002160383531633768,-0.004323401828285194,0.004323401828285194,0.9900943863992462
geom_only,upper,0.10724663324468815,0.0002144766936554189,0.00021260471781802762,-0.0038072084671125672,0.0038072084671125672,0.9912718915725229
geom_only,upper,0.10810434318261354,0.0002108171569141074,0.0002093657561337966,-0.00300030218901613,0.00300030218901613,0.9931153573952135
geom_only,upper,0.10896891269566368,0.00020722006149885666,0.00020617662744554414,-0.0021923669252142328,0.0021923669252142328,0.9949646089004839
geom_only,upper,0.10984039664360966,0.00020368434199634401,0.0002030623855245436,-0.0013281605280726228,0.0013281605280726228,0.9969464689052456
geom_only,upper,0.11071885032496619,0.00020020895117200098,0.0001993973383624607,-0.001764133641169763,0.001764133641169763,0.9959461712136786
geom_only,upper,0.11160432948050042,0.0001967928596598363,0.00019551728010813645,-0.0028241896224368195,0.0028241896224368195,0.9935181614114214
geom_only,upper,0.11249689029676893,0.00019343505565755175,0.00019197096782379923,-0.0032996283770394433,0.0032996283770394433,0.992431114263257
geom_only,upper,0.11339658940968275,0.00018994223267320413,0.00018852453505462135,-0.0032536602156771487,0.0032536602156771487,0.9925361642925303
geom_only,upper,0.1143034839081014,0.00018640623418144322,0.00018523022410407475,-0.002748580666039658,0.002748580666039658,0.9936911440621468
geom_only,upper,0.11521763133745515,0.00018293606246847587,0.0001821252256008116,-0.0019292243134603365,0.0019292243134603365,0.995567648845596
geom_only,upper,0.11613908970339647,0.00017953049209124385,0.00017907486007485892,-0.0011036008011609238,0.0011036008011609238,0.997462091196445
geom_only,upper,0.11706791747548081,0.00017618832041975494,0.00017621886202599118,7.527684877490446e-05,7.527684877490446e-05,1.000173346372583
geom_only,upper,0.11800417359087664,0.00017290836721239205,0.0001734920824230016,0.0014636501493088888,0.0014636501493088888,1.003375864453642
geom_only,upper,0.11894791745810503,0.00016968947419912655,0.00017078969027726885,0.0028067469883179645,0.0028067469883179645,1.006483702559248
geom_only,upper,0.1198992089608096,0.00016653050467249078,0.00016820037028332245,0.004333149349333227,0.004333149349333227,1.010027385758037
geom_only,upper,0.12085810846155617,0.00016343034308616663,0.00016510877135964515,0.004437453241132469,0.004437453241132469,1.0102699917394997
geom_only,upper,0.12182467680566292,0.00016038789466104526,0.00016196646423447886,0.004253514905481681,0.004253514905481681,1.009842198981224
geom_only,upper,0.12279897532506133,0.0001574020849986206,0.0001590753798952886,0.004592488202808966,0.004592488202808966,1.0106307035048656
geom_only,upper,0.12378106584218794,0.00015447185970158132,0.00015621543094653523,0.0048745561395468606,0.0048745561395468606,1.0112873066222046
geom_only,upper,0.12477101067390693,0.0001515961840014645,0.00015353263206951235,0.005512425945693261,0.005512425945693261,1.0127737256765588
geom_only,upper,0.12576887263546463,0.00014880381224575848,0.00015100475462507499,0.006376564299479576,0.006376564299479576,1.014790900489038
geom_only,upper,0.1267747150444752,0.00014648032702281423,0.0001484992382544378,0.005944925017240499,0.005944925017240499,1.0137828148848214
geom_only,upper,0.1277886017249384,0.0001441931216740193,0.00014615397316894115,0.005866081984970536,0.005866081984970536,1.013598786628358
geom_only,upper,0.12881059701128922,0.00014194162971018114,0.00014391161469662204,0.005986058725940497,0.005986058725940497,1.013878838720277
geom_only,upper,0.12984076575248052,0.00013972529348750713,0.0001415562751742239,0.0056540958473748374,0.0056540958473748374,1.013104153450073
geom_only,upper,0.13087917331609758,0.00013754356406948915,0.00013878421420199133,0.003899797048109918,0.003899797048109918,1.0090200522350532
geom_only,upper,0.1319258855925059,0.00013539590109094436,0.0001358368886826407,0.001412208653512092,0.001412208653512092,1.0032570232048617
geom_only,upper,0.13298096899903236,0.00013328177262417844,0.0001330956844134455,-0.0006067863032726027,0.0006067863032726027,0.9986037985009574
geom_only,upper,0.1340444904841795,0.00013120065504723986,0.00013045080287719244,-0.002489246983971319,0.002489246983971319,0.9942846918730899
geom_only,upper,0.1351165175318735,0.00012915203291423023,0.0001279781522467875,-0.003965411045358649,0.003965411045358649,0.9909108618660125
geom_only,upper,0.13619711816574653,0.0001271353988276395,0.00012565834635505993,-0.0050751496080737,0.0050751496080737,0.9883820518423666
geom_only,upper,0.13728636095345287,0.0001251502533126758,0.00012335137398359643,-0.0062877416242707596,0.0062877416242707596,0.9856262430041988
geom_only,upper,0.1383843150110197,0.0001231961046935564,0.00012122347109914202,-0.007010260807183624,0.007010260807183624,0.9839878574138265
geom_only,upper,0.139491050007233,0.00012127246897173078,0.00011917998350049393,-0.007558898445362955,0.007558898445362955,0.9827455853007774
geom_only,upper,0.14060663616805802,0.00011924546784021096,0.00011718963628821814,-0.007552675429142852,0.007552675429142852,0.9827596671871199
geom_only,upper,0.14173114428109548,0.00011711666128806208,0.00011533616032833714,-0.006653194049130521,0.006653194049130521,0.9847972018657056
geom_only,upper,0.14286464570007315,0.00011502585884138209,0.00011350857291512163,-0.005766821063841282,0.005766821063841282,0.9868091754189573
geom_only,upper,0.14400721234937366,0.00011297238203925997,0.00011175312931752244,-0.0047125929017699545,0.0047125929017699545,0.9892075151490227
geom_only,upper,0.14515891672859818,0.00011095556453287647,0.0001101121217882819,-0.003313956130506225,0.003313956130506225,0.9923983736359193
geom_only,upper,0.14631983191716674,0.00010897475186927516,0.0001084714417646361,-0.0020104761351777897,0.0020104761351777897,0.9953814062798434
geom_only,upper,0.1474900315789556,0.00010702930127899395,0.00010690265191271753,-0.0005142114257874038,0.0005142114257874038,0.9988166851062003
geom_only,upper,0.1486695899669712,0.00010511858146748757,0.00010542483975781531,0.00126345794669105,0.00126345794669105,1.0029134553192431
geom_only,upper,0.14985858192806176,0.00010324197241027433,0.00010396163724419871,0.003016817356642493,0.003016817356642493,1.006970661419219
geom_only,upper,0.1510570829076668,0.00010139886515173884,0.00010115970029904346,-0.0010255604232494292,0.0010255604232494292,0.9976413458638074
geom_only,upper,0.1522651689546043,9.958866160752766e-05,9.836640528200144e-05,-0.005363095087002279,0.005363095087002279,0.9877269529904614
geom_only,upper,0.15348291672589595,9.78107743704721e-05,9.58088646032113e-05,-0.008981003713778893,0.008981003713778893,0.9795328297915497
geom_only,upper,0.15471040349163176,9.606462651997585e-05,9.339047666233279e-05,-0.012260906609390632,0.012260906609390632,0.9721630119793678
geom_only,upper,0.15594770713987277,9.434965143480547e-05,9.118211934191232e-05,-0.01483061777667598,0.01483061777667598,0.9664277287226453
geom_only,upper,0.1571949061815935,9.281847163251313e-05,8.904516933461619e-05,-0.01802404882860831,0.01802404882860831,0.9593475066812541
geom_only,upper,0.15845207975566353,9.132579219952519e-05,8.710699358875362e-05,-0.020540423403036627,0.020540423403036627,0.9538049601414408
geom_only,upper,0.1597193076338693,8.985711759930915e-05,8.520529894992082e-05,-0.023085878810243293,0.023085878810243293,0.9482309384757731
geom_only,upper,0.16099667022597586,8.841206179318551e-05,8.346536498422623e-05,-0.025005221711838367,0.025005221711838367,0.9440495254987872
geom_only,upper,0.16228424858482896,8.699024495063668e-05,8.179132168701656e-05,-0.0267633276252885,0.0267633276252885,0.9402355601301009
geom_only,upper,0.16358212441149836,8.55912933494673e-05,8.02202449132977e-05,-0.028145605392358802,0.028145605392358802,0.9372477243188775
geom_only,upper,0.164890380060462,8.42148392775729e-05,7.871728262334771e-05,-0.029318530615348018,0.029318530615348018,0.9347198581463156
geom_only,upper,0.16620909854483135,8.28605209362872e-05,7.72608054049146e-05,-0.030388428206091295,0.030388428206091295,0.9324199815774955
geom_only,upper,0.16753836354161933,8.152798234528397e-05,7.593386096451559e-05,-0.030871211779797573,0.030871211779797573,0.9313840325757555
geom_only,upper,0.1688782593970496,8.021687324900812e-05,7.460805644888544e-05,-0.03148000303255299,0.03148000303255299,0.9300793390099878
geom_only,upper,0.17022887113190854,7.892684902461168e-05,7.335817372916464e-05,-0.03177625400719192,0.03177625400719192,0.9294451081695841
geom_only,upper,0.1715902844469404,7.765757059137023e-05,7.215619757014398e-05,-0.03191016109424624,0.03191016109424624,0.929158574246751
geom_only,upper,0.17296258572828507,7.640870432155607e-05,7.098947052111202e-05,-0.03194889834613862,0.03194889834613862,0.9290757008830053
geom_only,upper,0.17434586205295957,7.515369171326877e-05,6.989708502777067e-05,-0.031491254534729236,0.031491254534729236,0.9300552432533395
geom_only,upper,0.17574020119438338,7.38698452745831e-05,6.883878165353512e-05,-0.030634014020687782,0.030634014020687782,0.9318928636936099
geom_only,upper,0.17714569162794805,7.260793071496485e-05,6.779369508263367e-05,-0.02979475409217436,0.02979475409217436,0.9336954574393491
geom_only,upper,0.17856242253663127,7.136757337331365e-05,6.681184243161747e-05,-0.028647482002310327,0.028647482002310327,0.9361652536808868
geom_only,upper,0.1799904838166555,7.014840498884439e-05,6.586923590146354e-05,-0.02733517507961551,0.02733517507961551,0.9389983409022435
geom_only,upper,0.18142996608319267,6.89500635917511e-05,6.492591134666473e-05,-0.02611661664322806,0.02611661664322806,0.9416367145226563
geom_only,upper,0.18288096067611367,6.777219339573794e-05,6.403785708152718e-05,-0.024614750918811264,0.024614750918811264,0.9448986947728683
geom_only,upper,0.1843435596657842,6.661444469238752e-05,6.31976704865859e-05,-0.022867341745140442,0.022867341745140442,0.9487082085337555
geom_only,upper,0.18581785585890703,6.547647374733218e-05,6.234238947837772e-05,-0.02130183829345617,0.02130183829345617,0.9521341927934511
geom_only,upper,0.18730394280441093,6.435794269819989e-05,6.152263159850489e-05,-0.019567248839037755,0.019567248839037755,0.9559446591854107
geom_only,upper,0.18880191479938643,6.325851945430324e-05,6.074665478062285e-05,-0.017596656134487368,0.017596656134487368,0.96029207298323
geom_only,upper,0.19031186689506954,6.217787759804168e-05,5.999491059364182e-05,-0.01552148312712994,0.01552148312712994,0.9648915805954011
geom_only,upper,0.19183389490287295,6.111569628798922e-05,5.9233779620221164e-05,-0.013583318803850589,0.013583318803850589,0.9692073103626261
geom_only,upper,0.19336809540046557,6.007166016363637e-05,5.8516161054963847e-05,-0.011393807887929031,0.011393807887929031,0.9741059410638009
geom_only,upper,0.19491456573790059,5.900850608751197e-05,5.782655489192687e-05,-0.008787300491299247,0.008787300491299247,0.9799698166594455
geom_only,upper,0.19647340404379296,5.7953237292195935e-05,5.714530199449691e-05,-0.006097168685736953,0.006097168685736953,0.9860588409647337
geom_only,upper,0.1980447092315457,5.691684022070747e-05,5.646681411672249e-05,-0.003447496574830555,0.003447496574830555,0.9920932697205272
geom_only,upper,0.19962858100562636,5.589897738371537e-05,5.582332012984143e-05,-0.0005882000930404067,0.0005882000930404067,0.9986465359937697
geom_only,upper,0.20122511986789363,5.489931732732221e-05,5.4827349256866824e-05,-0.0005696945205180508,0.0005696945205180508,0.9986890898838268
geom_only,upper,0.20283442712397454,5.391753452513166e-05,5.3739415868538054e-05,-0.001437083625051898,0.001437083625051898,0.996696461398646
geom_only,upper,0.20445660488969242,5.295330927224403e-05,5.2732137179286176e-05,-0.0018177329608279789,0.0018177329608279789,0.9958232621152955
geom_only,upper,0.20609175609754685,5.200632758114943e-05,5.174547575454222e-05,-0.0021838029595455666,0.0021838029595455666,0.9949842290594316
geom_only,upper,0.20773998450324482,5.10762810794809e-05,5.08184666824326e-05,-0.002197711096777686,0.002197711096777686,0.9949523655285883
geom_only,upper,0.20940139469228425,5.01628669095978e-05,4.993943047694038e-05,-0.001938764113225084,0.001938764113225084,0.9955457802469686
geom_only,upper,0.2110760920865906,4.926578762996326e-05,4.9080919508174576e-05,-0.0016327399680981806,0.0016327399680981806,0.9962475354463581
geom_only,upper,0.2127641829512061,4.838475111828704e-05,4.827279583480497e-05,-0.0010060587116509528,0.0010060587116509528,0.9976861453062275
geom_only,upper,0.21446577440103246,4.751947047639883e-05,4.7496835535068204e-05,-0.00020691670128415387,0.00020691670128415387,0.9995236701692232
geom_only,upper,0.21618097440762793,4.6674667206852044e-05,4.673054459759721e-05,0.0005196122334041729,0.0005196122334041729,1.0011971674162674
geom_only,upper,0.21790989180605821,4.586527453520562e-05,4.602218593478575e-05,0.001483245284524539,0.001483245284524539,1.0034211372584216
geom_only,upper,0.21965263630180265,4.5069917667907014e-05,4.5324352046589344e-05,0.0024448394535249774,0.0024448394535249774,1.005645326014507
geom_only,upper,0.22140931847771525,4.4288353207887546e-05,4.4404560938826574e-05,0.0011380481894507442,0.0011380481894507442,1.0026238891835413
geom_only,upper,0.22318004980104122,4.3520341978865e-05,4.3495020131038996e-05,-0.000252763163335774,0.000252763163335774,0.9994181606422509
geom_only,upper,0.22496494263049066,4.276564895215023e-05,4.2614126084773016e-05,-0.0015414801512738368,0.0015414801512738368,0.9964569024184164
geom_only,upper,0.22676411022336745,4.202404317472344e-05,4.179667327705577e-05,-0.002356117634893612,0.002356117634893612,0.9945895282678456
geom_only,upper,0.22857766674275612,4.129529769855686e-05,4.099071398723432e-05,-0.003215118257182645,0.003215118257182645,0.9926242519536749
geom_only,upper,0.23040572726476574,4.057918951116388e-05,4.024652183047375e-05,-0.0035750147190576334,0.0035750147190576334,0.9918020126893217
geom_only,upper,0.23224840778583192,3.9875499467352155e-05,3.953249466091706e-05,-0.003751914975941536,0.003751914975941536,0.9913981063305318
geom_only,upper,0.23410582523007728,3.9184012222160156e-05,3.8838263546352476e-05,-0.003849098823555316,0.003849098823555316,0.9911762819527669
geom_only,upper,0.2359780974567302,3.8504516164957106e-05,3.8192805069360606e-05,-0.0035301142710837483,0.0035301142710837483,0.9919045575261588
geom_only,upper,0.23786534326760406,3.783680335468489e-05,3.755480896920827e-05,-0.0032488806885657426,0.0032488806885657426,0.9925470874790034
geom_only,upper,0.23976768241463514,3.718066945622373e-05,3.694690673369121e-05,-0.0027391209108653214,0.0027391209108653214,0.9937127887703111
geom_only,upper,0.24168523560748148,3.653569223394328e-05,3.6376436252993174e-05,-0.0018971906365017775,0.0018971906365017775,0.9956410848895276
geom_only,upper,0.24361812452118212,3.590177012608283e-05,3.580396027297064e-05,-0.0011847952901762474,0.0011847952901762474,0.9972756258878407
geom_only,upper,0.24556647180387803,3.527884704997082e-05,3.526438225711564e-05,-0.00017810298362074144,0.00017810298362074144,0.9995899868032908
geom_only,upper,0.24753040108459412,3.466673216402303e-05,3.475670047693133e-05,0.0011256361787204381,0.0011256361787204381,1.002595234892133
geom_only,upper,0.2495100369810844,3.4065237937901966e-05,3.4236886034470805e-05,0.002182830452881055,0.002182830452881055,1.0050388051562047
geom_only,upper,0.2515055051077391,3.347418009506466e-05,3.351006444339851e-05,0.0004653146741092094,0.0004653146741092094,1.0010720008147158
geom_only,upper,0.2535169320835555,3.2893377556306435e-05,3.274664090263866e-05,-0.0019417125903550797,0.0019417125903550797,0.9955390213906555
geom_only,upper,0.255544445540172,3.232265238428484e-05,3.202502402819761e-05,-0.0040175273355611985,0.0040175273355611985,0.9907919575241314
geom_only,upper,0.25758817412996715,3.176182972900612e-05,3.134115461338505e-05,-0.0057905213148803335,0.0057905213148803335,0.9867553248912203
geom_only,upper,0.2596482475342228,3.121073777425694e-05,3.069187727028195e-05,-0.007280581957108029,0.007280581957108029,0.9833755770937607
geom_only,upper,0.26172479647135266,3.0669207684966474e-05,3.008480612448918e-05,-0.008355339355733652,0.008355339355733652,0.9809450062590382
geom_only,upper,0.26381795270519737,3.0137073555480865e-05,2.9496804981323614e-05,-0.009326101235853226,0.009326101235853226,0.9787547860949887
geom_only,upper,0.2659278490533849,2.9614172358735816e-05,2.8947622731277473e-05,-0.009886695797924885,0.009886695797924885,0.9774922081433176
geom_only,upper,0.2680546193957584,2.9100529009009896e-05,2.8414890222641662e-05,-0.010354901413348787,0.010354901413348787,0.9764389579943392
geom_only,upper,0.27019839868287127,2.8599590691920072e-05,2.791052929411045e-05,-0.01059174518242223,0.01059174518242223,0.9759065993205177
geom_only,upper,0.2723593229445503,2.8107275558190568e-05,2.742940376634639e-05,-0.010602383991079366,0.010602383991079366,0.9758826930614183
geom_only,upper,0.2745375292985268,2.7623435167806523e-05,2.6959161804734674e-05,-0.010571299869149639,0.010571299869149639,0.9759525432287285
geom_only,upper,0.276733155959138,2.7147923636008713e-05,2.65195827550746e-05,-0.010169932071162789,0.010169932071162789,0.9768549193905685
geom_only,upper,0.2789463422460965,2.668059758930713e-05,2.6092026298425508e-05,-0.009687745056407238,0.009687745056407238,0.9779401008949851
geom_only,upper,0.2811772285933307,2.6221316122252e-05,2.567760277183104e-05,-0.009100010261700934,0.009100010261700934,0.9792644523300814
geom_only,upper,0.2834259565578961,2.576994075494868e-05,2.5287442922641e-05,-0.008208504594265692,0.008208504594265692,0.9812767193803105
geom_only,upper,0.2856926688289571,2.53263353913042e-05,2.4904304101452388e-05,-0.007297943056648238,0.007297943056648238,0.9833362670385895
geom_only,upper,0.2879775092368417,2.4890366277992004e-05,2.4535290274638705e-05,-0.006240087139285135,0.006240087139285135,0.9857344002339067
geom_only,upper,0.29028062276216693,2.4461901964123817e-05,2.4183738672116785e-05,-0.004966780081239141,0.004966780081239141,0.9886287136456114
geom_only,upper,0.29260215554503977,2.404081326161499e-05,2.384147962109192e-05,-0.003615950491425062,0.003615950491425062,0.9917085317225379
geom_only,upper,0.2949422548943291,2.3626973206232647e-05,2.3503953727757612e-05,-0.002267165340283481,0.002267165340283481,0.9947932611849502
geom_only,upper,0.29730106929701355,2.3220257019314067e-05,2.3185115517180615e-05,-0.0006577584682760942,0.0006577584682760942,0.9984866015003959
geom_only,upper,0.29967874842760317,2.2821873311131467e-05,2.28788932771301e-05,0.0010837222782039287,0.0010837222782039287,1.0024984787717153
geom_only,upper,0.30207544315763696,2.2431791379858088e-05,2.238809484456955e-05,-0.0008468192030513045,0.0008468192030513045,0.9980520264945146
geom_only,upper,0.3044913055652558,2.2048376907957193e-05,2.1910043872458433e-05,-0.0027333771883571267,0.0027333771883571267,0.9937259311160979
geom_only,upper,0.3069264889448527,2.1671515932153584e-05,2.1443170683875455e-05,-0.004600288965431049,0.004600288965431049,0.9894633467731098
geom_only,upper,0.3093811478168,2.1301096437084706e-05,2.101525069585837e-05,-0.00586738339797145,0.00586738339797145,0.9865807029196543
geom_only,upper,0.31185543793725345,2.093700832200584e-05,2.0597465579598647e-05,-0.0071008398869087915,0.0071008398869087915,0.9837826523644108
geom_only,upper,0.3143495163080363,2.0579143368064864e-05,2.020550451652461e-05,-0.007957593838804134,0.007957593838804134,0.9818438092947992
geom_only,upper,0.3168635411866009,2.0227395206135885e-05,1.9832289089536844e-05,-0.008567115471553359,0.008567115471553359,0.9804667821747416
geom_only,upper,0.3193976720960713,1.9881659285202926e-05,1.9470740410391155e-05,-0.00907016028622736,0.00907016028622736,0.9793317615538457
geom_only,upper,0.32195206983536445,1.9541832841283946e-05,1.913051782108365e-05,-0.009238568472783423,0.009238568472783423,0.9789520756041187
geom_only,upper,0.32452689648939476,1.9207814866886086e-05,1.8798533906100454e-05,-0.009353981109046372,0.009353981109046372,0.9786919561843953
geom_only,upper,0.32712231543935816,1.8879506080982788e-05,1.8483439512039785e-05,-0.009207837659584285,0.009207837659584285,0.9790213490096566
geom_only,upper,0.32973849137309913,1.8556808899504473e-05,1.8181960576642474e-05,-0.008862583584630908,0.008862583584630908,0.9797999578002871
geom_only,upper,0.332375590295561,1.8239627406333226e-05,1.7887159602700515e-05,-0.008474580335381125,0.008474580335381125,0.980675712514263
geom_only,upper,0.33503377953931945,1.7912536732349e-05,1.7608410163731435e-05,-0.0074369480358145315,0.0074369480358145315,0.9830215801836526
geom_only,upper,0.33771322777519974,1.758958789851202e-05,1.734144150241475e-05,-0.006170469367329902,0.006170469367329902,0.9858924269557069
geom_only,upper,0.34041410502298036,1.727246157607223e-05,1.7075443552562435e-05,-0.004982241480375331,0.004982241480375331,0.9885935179162461
geom_only,upper,0.3431365826621807,1.6961052789766034e-05,1.6825727948180558e-05,-0.0034789432407427026,0.0034789432407427026,0.9920214362125488
geom_only,upper,0.34588083344293596,1.6655258456950502e-05,1.6586702104919126e-05,-0.00179133162396013,0.00179133162396013,0.9958838013706857
geom_only,upper,0.34864703149695847,1.635497735348115e-05,1.6347818886278083e-05,-0.0001901294820197371,0.0001901294820197371,0.9995623065047202
geom_only,upper,0.351435352348587,1.6060110080204425e-05,1.6052482044476263e-05,-0.00020632491291564588,0.00020632491291564588,0.9995250321641591
geom_only,upper,0.35424597292592475,1.5770559030054788e-05,1.57141362893813e-05,-0.0015565728625608168,0.0015565728625608168,0.9964222738987273
geom_only,upper,0.35707907157206487,1.5486228355744708e-05,1.5387637666866654e-05,-0.0027737075530768866,0.0027737075530768866,0.9936336539399226
geom_only,upper,0.3599348280564084,1.5207023938037142e-05,1.5086649482264535e-05,-0.0034514293678942426,0.0034514293678942426,0.9920842857706356
geom_only,upper,0.36281342358607027,1.4932853354590384e-05,1.478956306685612e-05,-0.004187456531560939,0.004187456531560939,0.9904043598144479
geom_only,upper,0.3657150408173778,1.4663625849364151e-05,1.4515719000769075e-05,-0.0044028184089475635,0.0044028184089475635,0.9899133508918948
geom_only,upper,0.3686398638674607,1.4399252302577685e-05,1.4246022099047026e-05,-0.004646327744246988,0.004646327744246988,0.9893584610984816
geom_only,upper,0.3715880783259343,1.414034301778364e-05,1.3992172137803827e-05,-0.004574805361841006,0.004574805361841006,0.9895214083708249
geom_only,upper,0.37455987126667484,1.3887525762710008e-05,1.3751193022370515e-05,-0.00428449940142173,0.00428449940142173,0.9901830792130326
geom_only,upper,0.3775554312596911,1.3639228664211261e-05,1.3512531906841872e-05,-0.004053078018338329,0.004053078018338329,0.9907108561276756
geom_only,upper,0.3805749483830893,1.3395370905748768e-05,1.3291625971154721e-05,-0.003376631683013692,0.003376631683013692,0.9922551652116237
geom_only,upper,0.383618614235134,1.315587311571455e-05,1.3074786576339995e-05,-0.002685067718062773,0.002685067718062773,0.9938364760239518
geom_only,upper,0.3866866219464058,1.2920657341597263e-05,1.2865431219638393e-05,-0.00186026171732491,0.00186026171732491,0.9957257498207097
geom_only,upper,0.38977916619205605,1.2689647024609805e-05,1.266816044590462e-05,-0.0007359867220984407,0.0007359867220984407,0.9983067630909265
geom_only,upper,0.3928964432041601,1.2462766974770792e-05,1.2474143418831918e-05,0.0003962581686511595,0.0003962581686511595,1.0009128345321834
geom_only,upper,0.3960386507841676,1.223994334643156e-05,1.2285090875229225e-05,0.0015989657424979535,0.0015989657424979535,1.0036885406672105
geom_only,upper,0.3992059883154553,1.2021103614240493e-05,1.2105252912788497e-05,0.0030295269963138867,0.0030295269963138867,1.0070001308738674
geom_only,upper,0.4023986567759773,1.1806176549537337e-05,1.1827637268198274e-05,0.0007887236758063524,0.0007887236758063524,1.0018177534929187
geom_only,upper,0.4056168587510186,1.1595092197169444e-05,1.1534399876911275e-05,-0.00227920269019408,0.00227920269019408,0.9947656888598967
geom_only,upper,0.4088607984460491,1.1387781852722543e-05,1.1253253952324885e-05,-0.005161019387767169,0.005161019387767169,0.9881866458158841
geom_only,upper,0.4121306816996819,1.1184178040158581e-05,1.0994915393448476e-05,-0.007412180173663079,0.007412180173663079,0.9830776436113117
geom_only,upper,0.4154267159967333,1.0991997063576024e-05,1.0749639199768463e-05,-0.009682715834339104,0.009682715834339104,0.9779514257140172
geom_only,upper,0.4187491104813896,1.0805686788955805e-05,1.051982748034636e-05,-0.011643757355602576,0.011643757355602576,0.9735454752490499
geom_only,upper,0.42209807597047727,1.0622534404410385e-05,1.0296579468684372e-05,-0.013535170647234208,0.013535170647234208,0.9693147677082901
geom_only,upper,0.4254738249668402,1.0442486384873835e-05,1.0089320323263306e-05,-0.014942007137382732,0.014942007137382732,0.9661798877590975
geom_only,upper,0.4288765716728237,1.0265490112510332e-05,9.892171533895765e-06,-0.016088050447595297,0.016088050447595297,0.9636336332193617
geom_only,upper,0.43230653200386626,1.0091493861336776e-05,9.701451001332821e-06,-0.017118765811929358,0.017118765811929358,0.9613493437777023
geom_only,upper,0.43576392360220034,9.920446782106367e-06,9.5241288559895e-06,-0.017705969166574874,0.017705969166574874,0.9600503954285898
geom_only,upper,0.4392489658506616,9.752298887448158e-06,9.347901521696767e-06,-0.01839287448930707,0.01839287448930707,0.9585331243003764
geom_only,upper,0.44276187988661075,9.58700103725863e-06,9.184049046902909e-06,-0.018648579973858034,0.018648579973858034,0.9579689217942398
geom_only,upper,0.44630288861596484,9.424504924340738e-06,9.0262319164586e-06,-0.018752057772879034,0.018752057772879034,0.9577406971422429
geom_only,upper,0.449872216727341,9.264763060286593e-06,8.872992095857564e-06,-0.018764222379410906,0.018764222379410906,0.9577138711611143
geom_only,upper,0.4534700907063144,9.107728761599133e-06,8.729410552589288e-06,-0.018425169096752285,0.018425169096752285,0.9584618493904927
geom_only,upper,0.4570967388497891,8.953356136049325e-06,8.586512961131978e-06,-0.01816902987578744,0.01816902987578744,0.9590273000042622
geom_only,upper,0.46075239128048356,8.79942431861386e-06,8.450700983475181e-06,-0.017561525337471906,0.017561525337471906,0.9603697557349283
geom_only,upper,0.4644372799615344,8.638027234608577e-06,8.321903951284032e-06,-0.01619186998945301,0.01619186998945301,0.9634033009229254
geom_only,upper,0.46815163871121357,8.479590460026052e-06,8.19408432642185e-06,-0.014874448558560807,0.014874448558560807,0.9663301977907877
geom_only,upper,0.4718957032177658,8.324059697529213e-06,8.07166977502546e-06,-0.013371800266211728,0.013371800266211728,0.9696794675104662
geom_only,upper,0.47566971105436345,8.171381645690618e-06,7.955661349142694e-06,-0.011619206654536585,0.011619206654536585,0.973600511406576
geom_only,upper,0.47947390169418136,8.021503980725767e-06,7.840085436178676e-06,-0.00993500798767229,0.00993500798767229,0.9773834750960659
geom_only,upper,0.4833085165255924,7.874375338561366e-06,7.728637133940946e-06,-0.008113194667579688,0.008113194667579688,0.9814920932322427
geom_only,upper,0.48717379886748363,7.72994529723258e-06,7.62364082653142e-06,-0.006013993396349492,0.006013993396349492,0.9862477072458431
geom_only,upper,0.49106999398469675,7.588164359602989e-06,7.518917508017844e-06,-0.003981409039805131,0.003981409039805131,0.9908743606090304
geom_only,upper,0.4949973491035904,7.448983936401643e-06,7.416608306058641e-06,-0.0018916945396520682,0.0018916945396520682,0.9956536850368559
geom_only,upper,0.49895611342772733,7.312356329571244e-06,7.307030265174559e-06,-0.0003164401550073336,0.0003164401550073336,0.9992716350029133
geom_only,upper,0.5029465381536875,7.178234715921602e-06,7.18217217085514e-06,0.00023815689996991424,0.00023815689996991424,1.0005485269135606
geom_only,upper,0.5069688764870075,7.046573131083076e-06,7.03571499147281e-06,-0.0006697251199438892,0.0006697251199438892,0.9984590893462285
geom_only,upper,0.511023383658246,6.917326453754308e-06,6.89948911734944e-06,-0.0011213381312469438,0.0011213381312469438,0.9974213539690342
geom_only,upper,0.5151103169391809,6.793803323246692e-06,6.764915889457424e-06,-0.0018505689035563928,0.0018505689035563928,0.9957479732022235
geom_only,upper,0.5192299356591328,6.674680397221517e-06,6.640208953435103e-06,-0.0022487293545223564,0.0022487293545223564,0.9948354914789983
geom_only,upper,0.5233825012214205,6.557646179218878e-06,6.518996227007491e-06,-0.0025672507251473086,0.0025672507251473086,0.9941061241861647
geom_only,upper,0.5275682771199482,6.442664045715938e-06,6.402562871686542e-06,-0.002711633712590528,0.002711633712590528,0.9937756844459302
geom_only,upper,0.5317875289559248,6.329698015348708e-06,6.2934128200082705e-06,-0.002496770205027584,0.002496770205027584,0.9942674681710801
geom_only,upper,0.5360405244547173,6.2187127376524815e-06,6.184557243212482e-06,-0.0023918821858978784,0.0023918821858978784,0.9945076262755798
geom_only,upper,0.5403275334828381,6.109673481999569e-06,6.082215193194073e-06,-0.001956219219327847,0.001956219219327847,0.9955057682073528
geom_only,upper,0.5446488280650706,6.002546126731004e-06,5.984555743661443e-06,-0.001303589482279953,0.001303589482279953,0.9970028746652283
geom_only,upper,0.5490046824017285,5.897297148478927e-06,5.8880746375464114e-06,-0.0006797047216791076,0.0006797047216791076,0.998436146136049
geom_only,upper,0.5533953728860552,5.79389361167608e-06,5.774795351827788e-06,-0.00143391812626701,0.00143391812626701,0.9967037261765035
geom_only,upper,0.5578211781217622,5.692303158249237e-06,5.658372053274924e-06,-0.002596521400834114,0.002596521400834114,0.9940391254592369
geom_only,upper,0.5622823789407074,5.59249399749347e-06,5.548671142144821e-06,-0.0034165407611492183,0.0034165407611492183,0.9921639870568856
geom_only,upper,0.5667792584207134,5.494434896123841e-06,5.4431972468992985e-06,-0.004068959498490684,0.004068959498490684,0.9906746280203103
geom_only,upper,0.5713121019035321,5.397930059070859e-06,5.34151578100161e-06,-0.004562737293750482,0.004562737293750482,0.9895489053300258
geom_only,upper,0.5758811970129487,5.297034074382014e-06,5.247239329523625e-06,-0.004101893578511089,0.004101893578511089,0.9905995045228779
geom_only,upper,0.5804868336730332,5.198023997738452e-06,5.153610867993775e-06,-0.003726656856944279,0.003726656856944279,0.9914557666982684
geom_only,upper,0.5851293041265367,5.100864578489078e-06,5.06494988637075e-06,-0.003068640993447461,0.003068640993447461,0.992959097116637
geom_only,upper,0.5898089029534357,5.005521224874055e-06,4.980250465431381e-06,-0.0021981225185134664,0.0021981225185134664,0.9949514229772726
geom_only,upper,0.5945259270896234,4.91195999170914e-06,4.896795275562084e-06,-0.0013428733025087312,0.0013428733025087312,0.9969126955079738
geom_only,upper,0.5992806758457512,4.820147568300108e-06,4.817721445437315e-06,-0.00021864829092071202,0.00021864829092071202,0.9994966704175723
geom_only,upper,0.604073450926222,4.730051266583133e-06,4.712469615006577e-06,-0.0016172848717470765,0.0016172848717470765,0.9962829892139295
geom_only,upper,0.6089045564483337,4.641639009486786e-06,4.60762468883502e-06,-0.0031942647200820084,0.0031942647200820084,0.9926719159800567
geom_only,upper,0.6137742989615762,4.554879319511674e-06,4.50770023251148e-06,-0.004521847699427472,0.004521847699427472,0.9896420774974007
geom_only,upper,0.6186829874670833,4.469741307523402e-06,4.41324777642224e-06,-0.005524077397358139,0.005524077397358139,0.9873608946884527
geom_only,upper,0.62363093343724,4.386194661755144e-06,4.3231420161526626e-06,-0.006288399563636047,0.006288399563636047,0.9856247498196419
geom_only,upper,0.628618450835445,4.3042096370156866e-06,4.237841836977172e-06,-0.00674867142133092,0.00674867142133092,0.9845807231442076
geom_only,upper,0.6336458561360354,4.223757044099234e-06,4.15664492857384e-06,-0.006956001544925765,0.006956001544925765,0.9841108011600354
geom_only,upper,0.6387134683443658,4.145851244301455e-06,4.076874014591169e-06,-0.007286424389067555,0.007286424389067555,0.9833623481293264
geom_only,upper,0.6438216090170512,4.070625493810268e-06,4.0032013360781835e-06,-0.007253715242521587,0.007253715242521587,0.9834364134370482
geom_only,upper,0.6489706022823701,3.996764701491368e-06,3.930918296526769e-06,-0.007214563945377724,0.007214563945377724,0.9835250734325118
geom_only,upper,0.654160774860833,3.9242441004158635e-06,3.862077026622683e-06,-0.006935082789187483,0.006935082789187483,0.9841582041783301
geom_only,upper,0.6593924560859115,3.853039373046506e-06,3.7970269874498914e-06,-0.0063597630519032335,0.0063597630519032335,0.985462804769543
geom_only,upper,0.6646659779249379,3.783126643083538e-06,3.7318081833466628e-06,-0.005931567166527444,0.005931567166527444,0.9864349083235959
geom_only,upper,0.6699816750001685,3.7144824674584873e-06,3.6705629799785324e-06,-0.005165632647634612,0.005165632647634612,0.9881761489346844
geom_only,upper,0.6753398846100165,3.64708382847331e-06,3.6120704275432125e-06,-0.004189536192152206,0.004189536192152206,0.9903996171799664
geom_only,upper,0.6807409467504552,3.5809081260820944e-06,3.5539060708065234e-06,-0.0032872333519069893,0.0032872333519069893,0.9924594392470174
geom_only,upper,0.6861852041365911,3.515933170312811e-06,3.4990860709873903e-06,-0.002085986107181768,0.002085986107181768,0.9952083562145974
geom_only,upper,0.6916730022244113,3.452137173826641e-06,3.445752809191779e-06,-0.0008039255859246837,0.0008039255859246837,0.9981506051719883
geom_only,upper,0.697204689232702,3.3894987446122418e-06,3.393277822553534e-06,0.0004839413034352417,0.0004839413034352417,1.0011149371119548
geom_only,upper,0.7027806161651466,3.3279968788125795e-06,3.330467467384589e-06,0.0003222854331958859,0.0003222854331958859,1.0007423650508023
geom_only,upper,0.7084011368325964,3.267610953681977e-06,3.2570720703629077e-06,-0.0014029747757691407,0.0014029747757691407,0.9967747435455271
geom_only,upper,0.7140666078755212,3.2066457603328652e-06,3.187584939912266e-06,-0.002589219575235733,0.002589219575235733,0.99405583845388
geom_only,upper,0.7197773887866398,3.146588487260912e-06,3.121066363760456e-06,-0.0035369460924350327,0.0035369460924350327,0.9918889541470761
geom_only,upper,0.725533841933731,3.08765602694297e-06,3.0582941167648808e-06,-0.0041496635301046,0.0041496635301046,0.9904905501383974
geom_only,upper,0.7313363325826258,3.029827312759353e-06,2.9981922418609455e-06,-0.004558400228768587,0.004558400228768587,0.989558787471093
geom_only,upper,0.7371852289203865,2.9730816726471187e-06,2.94013773758755e-06,-0.004839163320654312,0.004839163320654312,0.9889192633479736
geom_only,upper,0.7430809020786685,2.9173988217104278e-06,2.8855235021471877e-06,-0.004771187293319382,0.004771187293319382,0.9890740616860357
geom_only,upper,0.7490237261572695,2.8627588549692657e-06,2.8322502174536197e-06,-0.004653147872309311,0.004653147872309311,0.9893429244091978
geom_only,upper,0.7550140782478683,2.8091422402440355e-06,2.7818741149131027e-06,-0.004236256704757593,0.004236256704757593,0.9902930777444136
geom_only,upper,0.7610523384579514,2.75652981117336e-06,2.733318856430169e-06,-0.0036723961772508985,0.0036723961772508985,0.9915796467540067
geom_only,upper,0.7671388899349332,2.70490276036265e-06,2.6854787442711597e-06,-0.003129937838511228,0.003129937838511228,0.9928189595662633
geom_only,upper,0.7732741188904662,2.654242632661074e-06,2.6412417473267893e-06,-0.0021324674758842273,0.0021324674758842273,0.9951018474444251
geom_only,upper,0.7794584146249497,2.60453131856431e-06,2.597094436959773e-06,-0.0012418420685777897,0.0012418420685777897,0.9971446372898152
geom_only,upper,0.7856921695522309,2.55575104774099e-06,2.5547329046862617e-06,-0.0001730458095252574,0.0001730458095252574,0.9996016266703174
geom_only,upper,0.7919757792245045,2.5080303550099705e-06,2.514750557426877e-06,0.001162124575731888,0.001162124575731888,1.002679474115408
geom_only,upper,0.7983096423574128,2.4615299622834563e-06,2.4746520405952192e-06,0.002309015195485226,0.002309015195485226,1.0053308627206756
geom_only,upper,0.8046941608553448,2.415891714833364e-06,2.4247541587220096e-06,0.0015902484412384612,0.0015902484412384612,1.0036683945038722
geom_only,upper,0.8111297398369381,2.37109962796724e-06,2.3720323132129696e-06,0.00017079856340362098,0.00017079856340362098,1.0003933555700184
geom_only,upper,0.817616787660786,2.327138013358416e-06,2.3221022758601997e-06,-0.0009407962277628003,0.0009407962277628003,0.9978360812855491
geom_only,upper,0.8241557159513487,2.283991473551266e-06,2.2745898017014195e-06,-0.0017913906751818214,0.0017913906751818214,0.9958836659599135
geom_only,upper,0.8307469396250718,2.241644896568261e-06,2.2288299280765378e-06,-0.0024898855555317858,0.0024898855555317858,0.9942832299123998
geom_only,upper,0.8373908769167147,2.2000834506170184e-06,2.186042466946565e-06,-0.0027805597347230096,0.0027805597347230096,0.9936179767787827
geom_only,upper,0.8440879494058885,2.1592925788955317e-06,2.1438992589207295e-06,-0.003107118014137981,0.003107118014137981,0.9928711281994607
geom_only,upper,0.8508385820438076,2.1192579944936606e-06,2.1042873161256354e-06,-0.003078792699835903,0.003078792699835903,0.9929358868023984
geom_only,upper,0.8576432031802521,2.0799656753891863e-06,2.0660118750184943e-06,-0.0029233546543183993,0.0029233546543183993,0.9932913314215721
geom_only,upper,0.8645022445907506,2.0414018595366095e-06,2.028972006750588e-06,-0.002652450823085868,0.002652450823085868,0.9939111191028095
geom_only,upper,0.8714161415039763,2.0035530400470536e-06,1.9943574784454437e-06,-0.0019978379634605957,0.0019978379634605957,0.9954103727638806
geom_only,upper,0.8783853326293637,1.966405960457493e-06,1.9594652440862294e-06,-0.0015356173465645702,0.0015356173465645702,0.9964703542855164
geom_only,upper,0.8854102601849465,1.928911358225532e-06,1.9266621789730676e-06,-0.0005066982847230599,0.0005066982847230599,0.9988339644313498
geom_only,upper,0.8924913699254184,1.8917538113305166e-06,1.8953087467622075e-06,0.0008153492430071736,0.0008153492430071736,1.0018791744519815
geom_only,upper,0.8996291111704154,1.855312048126325e-06,1.8630976580867105e-06,0.0018186550984644295,0.0018186550984644295,1.0041963884017506
geom_only,upper,0.9068239368330295,1.819572280127575e-06,1.824536644888522e-06,0.0011832783267129677,0.0011832783267129677,1.0027283141291858
geom_only,upper,0.914076303448546,1.7845209844631122e-06,1.7848988489863215e-06,9.19502247463402e-05,9.19502247463402e-05,1.0002117456317405
geom_only,upper,0.921386671203412,1.7501448987593542e-06,1.7482455899448449e-06,-0.000471565093306536,0.000471565093306536,0.9989147705336536
geom_only,upper,0.9287555039644376,1.716431016122186e-06,1.7125280404172977e-06,-0.0009886624574466571,0.0009886624574466571,0.997726109777656
geom_only,upper,0.936183269308229,1.6833665802155595e-06,1.6788178482219134e-06,-0.0011751231687818285,0.0011751231687818285,0.9972978363434876
geom_only,upper,0.9436704385508585,1.6509390804348526e-06,1.6463491798354845e-06,-0.001209096465325788,0.001209096465325788,0.9972198243691953
geom_only,upper,0.9512174867777694,1.6191362471732462e-06,1.6148147452449863e-06,-0.0011606889297333459,0.0011606889297333459,0.9973309831486976
geom_only,upper,0.958824892873924,1.5879460471792459e-06,1.5854513067487512e-06,-0.0006828342656817097,0.0006828342656817097,0.9984289513897993
geom_only,upper,0.9664931395541893,1.55735667900367e-06,1.5562220663668187e-06,-0.00031652067886601005,0.00031652067886601005,0.9992714497249422
geom_only,upper,0.9742227133939666,1.527356568534326e-06,1.5285357157907454e-06,0.0003351539416857871,0.0003351539416857871,1.0007720183228406
geom_only,upper,0.9820141048600668,1.4981124306785432e-06,1.5020682375118197e-06,0.0011452550794404629,0.0011452550794404629,1.0026405273411187
geom_only,upper,0.9898678083418323,1.4703831521357023e-06,1.4759789267384924e-06,0.0016496390388258699,0.0016496390388258699,1.0038056574537475
geom_only,upper,0.9977843221825058,1.4431671280541159e-06,1.4497228561953364e-06,0.001968357902196468,0.001968357902196468,1.0045425980219351
geom_only,upper,1.0057641487108548,1.4164548583618078e-06,1.4215530967075975e-06,0.0015603473970564874,0.0015603473970564874,1.0035992946161985
geom_only,upper,1.0138077942730441,1.3902370188281721e-06,1.3913298938411055e-06,0.0003412678011001084,0.0003412678011001084,1.0007861069717843
geom_only,upper,1.0219157692647651,1.3645044578092409e-06,1.3624405694553028e-06,-0.0006573916859818179,0.0006573916859818179,0.9984874447700584
geom_only,upper,1.0300885881636228,1.3392481930531977e-06,1.3346875634831571e-06,-0.0014814553207038528,0.0014814553207038528,0.9965946345168155
geom_only,upper,1.0383267695617808,1.314459408565008e-06,1.308386755326391e-06,-0.002011040175274246,0.002011040175274246,0.995380113528765
geom_only,upper,1.046630836198868,1.2901294515291078e-06,1.2827621344320132e-06,-0.0024871579696297214,0.0024871579696297214,0.9942894745264806
geom_only,upper,1.0550013149951467,1.2662498292890266e-06,1.2588564328213431e-06,-0.0025431963100261776,0.0025431963100261776,0.9941611866026197
geom_only,upper,1.0634387370849494,1.2428122063829296e-06,1.2348239120173288e-06,-0.0028004791812445942,0.0028004791812445942,0.9935724043225727
geom_only,upper,1.0719436378503797,1.2198084016340258e-06,1.2125167713807682e-06,-0.0026038658847787463,0.0026038658847787463,0.9940223151082662
geom_only,upper,1.080516556955285,1.1972303852948333e-06,1.1907868674549638e-06,-0.0023436941505137246,0.0023436941505137246,0.9946179800320699
geom_only,upper,1.0891580383794992,1.1750702762443041e-06,1.1694141867935765e-06,-0.002095482603481297,0.002095482603481297,0.9951865947381416
geom_only,upper,1.0978686304533603,1.1522014121286668e-06,1.1497005936144e-06,-0.0009436475623907162,0.0009436475623907162,0.9978295300735254
geom_only,upper,1.1066488858925025,1.1289851451832885e-06,1.1256559528548038e-06,-0.0012825552674673758,0.0012825552674673758,0.9970511637441037
geom_only,upper,1.115499361832931,1.1062366740982587e-06,1.101827973482684e-06,-0.001734258003839557,0.001734258003839557,0.9960146858996801
geom_only,upper,1.1244206198663707,1.083946573027143e-06,1.0788104127503852e-06,-0.0020627470163505934,0.0020627470163505934,0.9952616112227617
geom_only,upper,1.133413226075903,1.0621056060494735e-06,1.0569030314920756e-06,-0.002132557576142123,0.002132557576142123,0.9951016409971237
geom_only,upper,1.1424777510718847,1.0407047233438451e-06,1.0358314201485627e-06,-0.0020384452045920623,0.0020384452045920623,0.9953173046244816
geom_only,upper,1.151614770028156,1.019735057438101e-06,1.0156144325714268e-06,-0.0017584862898036876,0.0017584862898036876,0.9959591220909609
geom_only,upper,1.1608248627185371,9.99187919535097e-07,9.964872364631567e-07,-0.0011754342563960521,0.0011754342563960521,0.9972971219736155
geom_only,upper,1.170108613553614,9.79054795912494e-07,9.775440690196787e-07,-0.000670654057255862,0.000670654057255862,0.9984569536872476
geom_only,upper,1.1794666116178258,9.593273443950879e-07,9.598050144460155e-07,0.0002161908954497102,0.0002161908954497102,1.0004979218550565
geom_only,upper,1.1888994507068413,9.399973908982178e-07,9.42183102502898e-07,0.0010086630043924093,0.0010086630043924093,1.0023252315653681
geom_only,upper,1.1984077293652373,9.210569260408329e-07,9.250791130297871e-07,0.0018924026631035712,0.0018924026631035712,1.0043669255126755
geom_only,upper,1.207992050924479,9.024981018268042e-07,9.060042613636242e-07,0.001683943220925276,0.001683943220925276,1.0038849494860134
geom_only,upper,1.2176530235412037,8.843202940667201e-07,8.864274153531664e-07,0.0010335877600988722,0.0010335877600988722,1.0023827580352773
geom_only,upper,1.2273912602358081,8.676261335384938e-07,8.681520012490543e-07,0.00026314590248328917,0.00026314590248328917,1.0006060994364194
geom_only,upper,1.2372073789313491,8.512471246556747e-07,8.499521584811409e-07,-0.00066117682748961,0.00066117682748961,0.9984787423804131
geom_only,upper,1.2471020024927522,8.35177317999039e-07,8.332250529586507e-07,-0.0010163715132307709,0.0010163715132307709,0.9976624544293592
geom_only,upper,1.2570757587663335,8.179348971892337e-07,8.166101544227042e-07,-0.0007039617523503192,0.0007039617523503192,0.9983803811634864
geom_only,upper,1.2671292806196395,8.004548102102383e-07,8.009404170355884e-07,0.0002633907826128844,0.0002633907826128844,1.000606663635668
geom_only,upper,1.2772632059816045,7.833482901762936e-07,7.857415745836922e-07,0.0013248330017692066,0.0013248330017692066,1.003055198354821
geom_only,upper,1.2874781778830295,7.670010435107821e-07,7.70954748883973e-07,0.0022329331151587036,0.0022329331151587036,1.005154758792887
geom_only,upper,1.2977748444973827,7.531123723982748e-07,7.571206767940492e-07,0.002305324425678901,0.002305324425678901,1.0053223191421088
geom_only,upper,1.3081538591819308,7.394751940143686e-07,7.407069888289027e-07,0.0007228323925048789,0.0007228323925048789,1.0016657689460104
geom_only,upper,1.318615880519196,7.260849543889921e-07,7.248875506103513e-07,-0.0007167964519413786,0.0007167964519413786,0.9983508764760889
geom_only,upper,1.3291615723587444,7.117032396665744e-07,7.092670428871132e-07,-0.0014891625360329255,0.0014891625360329255,0.9965769485880063
geom_only,upper,1.33979160385931,6.970830106591483e-07,6.947553449048168e-07,-0.0014526016346767788,0.0014526016346767788,0.9966608485377796
geom_only,upper,1.3505066495312552,6.827631190456193e-07,6.803882950617028e-07,-0.00151322000546462,0.00151322000546462,0.9965217453642838
geom_only,upper,1.361307389279369,6.668984365799818e-07,6.668656005327159e-07,-2.1383863623837888e-05,2.1383863623837888e-05,0.9999507630465677
geom_only,upper,1.3721945084460119,6.530811857996523e-07,6.536904467802316e-07,0.00040496548054763,0.00040496548054763,1.0009329023616464
geom_only,upper,1.3831686978546018,6.395502101230788e-07,6.410981435699498e-07,0.0010498733391992086,0.0010498733391992086,1.0024203470225943
geom_only,upper,1.3942306538534488,6.262940334522666e-07,6.289380158321065e-07,0.0018295719212719898,0.0018295719212719898,1.004221631116723
geom_only,upper,1.4053810783599405,6.132239874567034e-07,6.159708247485671e-07,0.0019410076457111848,0.0019410076457111848,1.004479337645052
geom_only,upper,1.4166206789050824,6.00426698494102e-07,6.025524430175224e-07,0.0015348563337572315,0.0015348563337572315,1.003540389740749
geom_only,upper,1.427950168678392,5.878964744346042e-07,5.894266407771607e-07,0.0011289053354453457,0.0011289053354453457,1.0026027819677403
geom_only,upper,1.4393702665731511,5.788404861508689e-07,5.770939302728938e-07,-0.0013123930676126395,0.0013123930676126395,0.9969826646204567
geom_only,upper,1.4508816972320269,5.645979931945051e-07,5.649904237003783e-07,0.00030175665319998843,0.00030175665319998843,1.000695061814961
geom_only,upper,1.4624851910930483,5.536010147476037e-07,5.535671920724679e-07,-2.6534362328676296e-05,2.6534362328676296e-05,0.9999389042392719
geom_only,upper,1.474181484435957,5.425337490149668e-07,5.424677248213466e-07,-5.285512266702632e-05,5.285512266702632e-05,0.999878303988019
geom_only,upper,1.485971319428926,5.308277089838019e-07,5.318312158144821e-07,0.0008202398690607328,0.0008202398690607328,1.001890456759692
geom_only,upper,1.497855444175653,5.211600358941917e-07,5.215431558027207e-07,0.00031914521983633393,0.00031914521983633393,1.000735129100741
geom_only,upper,1.5098346127628286,5.100490647433272e-07,5.099466059579017e-07,-8.724994930982745e-05,8.724994930982745e-05,0.9997991197464953
geom_only,upper,1.521909585307988,4.987146014127781e-07,4.987121126232373e-07,-2.1673122425852978e-06,2.1673122425852978e-06,0.9999950095915905
geom_only,upper,1.534081128007742,4.876995037616018e-07,4.877203600596197e-07,1.857205390094363e-05,1.857205390094363e-05,1.0000427646488401
geom_only,upper,1.5463500131863934,4.776112779686488e-07,4.774109525982718e-07,-0.00018219513940384528,0.00018219513940384528,0.9995805681741247
geom_only,upper,1.5587170193449453,4.6795902917184174e-07,4.672058525173619e-07,-0.0006995569274881899,0.0006995569274881899,0.9983905072719448
geom_only,upper,1.5711829312104986,4.5850184676298034e-07,4.577241646580629e-07,-0.0007372485036194154,0.0007372485036194154,0.9983038626552807
geom_only,upper,1.5837485397860462,4.4825950516920015e-07,4.481427836944259e-07,-0.00011309987341692094,0.00011309987341692094,0.9997396118243378
geom_only,upper,1.5964146424006624,4.3807610629033746e-07,4.392904018198939e-07,0.0012021479729069444,0.0012021479729069444,1.0027718825841454
geom_only,upper,1.6091820427600994,4.2813815377513863e-07,4.295126673754716e-07,0.0013920448002506993,0.0013920448002506993,1.0032104440779528
geom_only,upper,1.6220515509977835,4.1926339037049573e-07,4.198441898145423e-07,0.0006012054708595597,0.0006012054708595597,1.001385285377608
geom_only,upper,1.6350239837262208,4.1057258960687017e-07,4.1045769117140196e-07,-0.00012155399867008976,0.00012155399867008976,0.9997201507397797
geom_only,upper,1.648100164088813,4.021300924216988e-07,4.015359044483089e-07,-0.0006421886855525532,0.0006421886855525532,0.9985223986351989
geom_only,upper,1.6612809218120914,3.9406570150104974e-07,3.928799430717408e-07,-0.0013087784042004613,0.0013087784042004613,0.9969909626115843
geom_only,upper,1.6745670932583605,3.861630353608801e-07,3.846097615468992e-07,-0.0017503969060168759,0.0017503969060168759,0.995977673490863
geom_only,upper,1.6879595214787744,3.758909790334254e-07,3.7659489261783533e-07,0.0008125225632378332,0.0008125225632378332,1.0018726535715754
geom_only,upper,1.7014590562668264,3.6793535052198825e-07,3.68573945682917e-07,0.0007531158818778606,0.0007531158818778606,1.001735617847056
geom_only,upper,1.7150665542122734,3.6014810068559873e-07,3.60083532254802e-07,-7.786859669248857e-05,7.786859669248857e-05,0.9998207170031611
geom_only,upper,1.7287828787554886,3.5158905276731263e-07,3.517761282915904e-07,0.0002310204485428001,0.0002310204485428001,1.0005320857484195
geom_only,upper,1.7426089002422496,3.4311236103288536e-07,3.4386248040435755e-07,0.0009484272599813538,0.0009484272599813538,1.0021862207739007
geom_only,upper,1.756545495978966,3.3565714625240084e-07,3.3609428954932557e-07,0.0005652357057569899,0.0005652357057569899,1.0013023506330951
geom_only,upper,1.7705935502883432,3.285193273878752e-07,3.2878061683143973e-07,0.00034528093451057976,0.00034528093451057976,1.0007953548597646
geom_only,upper,1.7847539545655013,3.207204241091507e-07,3.216531893985145e-07,0.0012612445289627787,0.0012612445289627787,1.002908343900937
geom_only,upper,1.799027607334534,3.147180170559224e-07,3.147001558833899e-07,-2.464818782417329e-05,2.464818782417329e-05,0.9999432470606557
geom_only,upper,1.8134154143055223,3.0691336496599466e-07,3.072229905454756e-07,0.00043791151854488333,0.00043791151854488333,1.0010088370687775
geom_only,upper,1.8279182884320064,2.9976325805282483e-07,2.999465128988853e-07,0.00026541695586154577,0.00026541695586154577,1.0006113319132266
geom_only,upper,1.8425371499689158,2.927042134107278e-07,2.928982808173922e-07,0.00028784852437528836,0.00028784852437528836,1.0006630154188865
geom_only,upper,1.8572729265309584,2.8581140031943183e-07,2.861684288440183e-07,0.0005421713506032522,0.0005421713506032522,1.001249175239992
geom_only,upper,1.872126553151487,2.7932671755993764e-07,2.7963278004293546e-07,0.00047560247687971496,0.00047560247687971496,1.001095715031027
geom_only,upper,1.887098972341826,2.732183386786517e-07,2.7334511418568853e-07,0.00020146939516512224,0.00020146939516512224,1.0004640080444451
geom_only,upper,1.9021911341510784,2.6708987217653967e-07,2.660898046334067e-07,-0.0016291855963013575,0.0016291855963013575,0.9962556890121541
geom_only,upper,1.9174039962264084,2.607734425067864e-07,2.591764729606987e-07,-0.0026677848072846604,0.0026677848072846604,0.9938760269039049
geom_only,upper,1.9327385238738084,2.5457236715430753e-07,2.5283637085953705e-07,-0.002971712927382445,0.002971712927382445,0.9931807355441755
geom_only,upper,1.9481956901193513,2.4780908713639355e-07,2.46677757124767e-07,-0.0019872368466158584,0.0019872368466158584,0.9954346710013751
geom_only,upper,1.9637764757709282,2.412254886648789e-07,2.408299382050048e-07,-0.0007127206168285175,0.0007127206168285175,0.9983602460002738
geom_only,upper,1.97948186948049,2.3408186407008046e-07,2.35036154131236e-07,0.0017669049717952004,0.0017669049717952004,1.004076736422732
geom_only,upper,1.9953128678067769,2.2689131611256837e-07,2.296095502483911e-07,0.005172073593391795,0.005172073593391795,1.0119803357060793
geom_only,upper,2.011270475278553,2.204310263148995e-07,2.2365241472474195e-07,0.0063008688066270736,0.0063008688066270736,1.0146140426041501
geom_only,upper,2.027355704458349,2.1472716895409899e-07,2.179349770604893e-07,0.006439938874862597,0.006439938874862597,1.0149389950140684
geom_only,upper,2.043569576006712,2.0881157197302913e-07,2.1221405090338017e-07,0.007019572747243071,0.007019572747243071,1.016294494113528
geom_only,upper,2.059913118746966,2.0297366903847045e-07,2.068516549812001e-07,0.008219297671241875,0.008219297671241875,1.0191058572331106
geom_only,upper,2.0763873697305013,1.981046908788629e-07,2.0160806771953886e-07,0.007613147990774374,0.007613147990774374,1.0176844719079277
geom_only,upper,2.0929933743025733,1.9277654425788746e-07,1.965087628821291e-07,0.008327730788895638,0.008327730788895638,1.019360335763924
geom_only,upper,2.1097321861686344,1.880216895751603e-07,1.9130956518634102e-07,0.007528733668540796,0.007528733668540796,1.017486682619488
geom_only,upper,2.126604867461196,1.8243272483816497e-07,1.8605025851747e-07,0.008527532953758365,0.008527532953758365,1.019829412088835
geom_only,upper,2.143612488807225,1.7689910486523215e-07,1.8100873943540157e-07,0.009973908589962756,0.009973908589962756,1.0232315170463993
geom_only,upper,2.1607561293960718,1.717793463392176e-07,1.7611609394360278e-07,0.010828098916529277,0.010828098916529277,1.025246036248277
geom_only,upper,2.1780368770479623,1.6687667103115217e-07,1.7134713643464802e-07,0.011481223298290853,0.011481223298290853,1.0267890375321624
geom_only,upper,2.1954558282830066,1.624300393864858e-07,1.6679237959619145e-07,0.011509855107373578,0.011509855107373578,1.026856733066018
geom_only,upper,2.2130140883907936,1.5823705512748249e-07,1.6192437644457443e-07,0.010004041416357754,0.010004041416357754,1.023302514787837
geom_only,upper,2.2307127715005106,1.5303281821883453e-07,1.5716792690380352e-07,0.011579348523109292,0.011579348523109292,1.0270210581828
geom_only,upper,2.2485530006516457,1.4741451602525883e-07,1.524974026074678e-07,0.014722195726892404,0.014722195726892404,1.0344802311146757
geom_only,upper,2.2665359078652525,1.4271331399342704e-07,1.4800198499483482e-07,0.01580304901519456,0.01580304901519456,1.0370580070872109
geom_only,upper,2.2846626342157688,1.3856184083049902e-07,1.4361911394643298e-07,0.015568598605373359,0.015568598605373359,1.0364983106865653
geom_only,upper,2.302934329903436,1.340342229455995e-07,1.392533644151376e-07,0.016589995801967735,0.016589995801967735,1.0389388721390684
geom_only,upper,2.321352154327269,1.2939742432366588e-07,1.346723958865915e-07,0.017352954779515657,0.017352954779515657,1.0407656612215956
geom_only,upper,2.339917276158629,1.2488748834448377e-07,1.3022580696090912e-07,0.018178125826929153,0.018178125826929153,1.0427450234382196
geom_only,upper,2.3586308734153905,1.2040494966376419e-07,1.258800326156268e-07,0.019312506295008827,0.019312506295008827,1.0454722415245554
geom_only,upper,2.377494133536669,1.1640990848233498e-07,1.2158572748177178e-07,0.01889264983073695,0.01889264983073695,1.0444620141611247
geom_only,upper,2.3965082534581894,1.126381060188227e-07,1.1733139988671895e-07,0.01772891298369221,0.01772891298369221,1.041667016907333
geom_only,upper,2.415674439688217,1.070228103448281e-07,1.1079687804167598e-07,0.015051172253134145,0.015051172253134145,1.0352641430802259
geom_only,upper,2.4349939083841323,1.0192876261791957e-07,1.061820913004822e-07,0.01775452264993753,0.01775452264993753,1.0417284441929924
geom_only,upper,2.4544678854295836,9.828999411926217e-08,1.0161449267417204e-07,0.014446344135386365,0.014446344135386365,1.0338233671158432
geom_only,upper,2.4740976065122804,9.312958353701053e-08,9.695679986240343e-08,0.01749061196546638,0.01749061196546638,1.041095602278431
geom_only,upper,2.4938843172024114,8.740478897247442e-08,9.465542861569963e-08,0.03461029778530555,0.03461029778530555,1.08295471825358
baseline,lower,0.021009756478003905,1.1257478443002617e-07,1.7797066338726894e-07,0.19890729527722062,0.19890729527722062,1.580910541275709
baseline,lower,0.02117684250497005,1.1196793180099999e-07,1.7729161221845016e-07,0.19959453305566652,0.19959453305566652,1.583414191605768
baseline,lower,0.02134525733079383,1.1136435050946932e-07,1.7660974371554706e-07,0.2002684717625156,0.2002684717625156,1.5858732431661775
baseline,lower,0.02151501152312377,1.1076402292075897e-07,1.7593477253775294e-07,0.20095296302727036,0.20095296302727036,1.588374707766053
baseline,lower,0.02168611573365059,1.101669314952563e-07,1.7525685878564684e-07,0.2016237702575836,0.2016237702575836,1.5908299923302598
baseline,lower,0.02185858069877558,1.0957305878789882e-07,1.7458088460846116e-07,0.20229290437968664,0.20229290437968664,1.5932829341416703
baseline,lower,0.022032417240284333,1.0898238744766446e-07,1.7391484540247932e-07,0.20298033739612192,0.20298033739612192,1.5958068957334666
baseline,lower,0.022207636266025715,1.0839490021706467e-07,1.7324632305771822e-07,0.20365517609260486,0.20365517609260486,1.5982885053705134
baseline,lower,0.022384248770596357,1.0777010739505606e-07,1.7258130568884155e-07,0.20449543474290713,0.20449543474290713,1.6013838146806811
baseline,lower,0.022562265836030514,1.0711827457380398e-07,1.7193494409087464e-07,0.20550058316476244,0.20550058316476244,1.605094413394535
baseline,lower,0.022741698632495488,1.0647038427462139e-07,1.712742563820005e-07,0.20646326909517843,0.20646326909517843,1.608656318363885
baseline,lower,0.022922558418992458,1.0582641265170058e-07,1.70611907850141e-07,0.20741526497358545,0.20741526497358545,1.6121864435834616
baseline,lower,0.023104856544062993,1.0518633600346194e-07,1.6995903948426142e-07,0.20838494060401747,0.20838494060401747,1.6157900915825003
baseline,lower,0.023288604446501174,1.0455013077168099e-07,1.692985426883308e-07,0.2093286393731191,0.2093286393731191,1.6193049347594688
baseline,lower,0.023473813656071305,1.0391777354062282e-07,1.6865570159082618e-07,0.21031119425702727,0.21031119425702727,1.622972623878402
baseline,lower,0.023660495794231382,1.0328924103617856e-07,1.6800526662397636e-07,0.21126780992601185,0.21126780992601185,1.6265514678835724
baseline,lower,0.023848662574862386,1.0266451012501044e-07,1.6735547031270692e-07,0.2122195734077117,0.2122195734077117,1.6301199909192077
baseline,lower,0.024038325805003192,1.0204355781369872e-07,1.667136825872117e-07,0.21318565271290169,0.21318565271290169,1.6337501960837297
baseline,lower,0.024229497385591502,1.0142636124789707e-07,1.6607065257031278e-07,0.21414204711553086,0.21414204711553086,1.6373519716873015
baseline,lower,0.024422189312210622,1.008128977114897e-07,1.6543028674184307e-07,0.2150989244643817,0.2150989244643817,1.6409635125783006
baseline,lower,0.024616413675842087,1.0020314462575682e-07,1.6480310847333656e-07,0.21608404799368677,0.21608404799368677,1.6446899854176291
baseline,lower,0.024812182663624394,9.959707954854289e-08,1.6416216722070559e-07,0.21702647295744804,0.21702647295744804,1.6482628603652394
baseline,lower,0.025009508559617685,9.906471884342291e-08,1.6351863930816926e-07,0.2176482532650272,0.2176482532650272,1.6506243717969786
baseline,lower,0.025208403745574613,9.854148949768409e-08,1.6277746392024636e-07,0.2179751553321845,0.2179751553321845,1.651867297216691
baseline,lower,0.02540888070171717,9.802102368826232e-08,1.6202737036685253e-07,0.2182691498691369,0.2182691498691369,1.6529859031277874
baseline,lower,0.02561095200751984,9.750330681900919e-08,1.6128738565553158e-07,0.21858105736891353,0.21858105736891353,1.6541734933659409
baseline,lower,0.025814630342498986,9.698832437086924e-08,1.605508386398932e-07,0.21889312219157814,0.21889312219157814,1.6553625364839808
baseline,lower,0.026019928487008355,9.64760619014722e-08,1.5981158508093954e-07,0.219188691546119,0.219188691546119,1.6564895159604442
baseline,lower,0.02622685932304109,9.596650504472737e-08,1.5907675398805138e-07,0.21948704174459885,0.21948704174459885,1.657627876662905
baseline,lower,0.026435435835038004,9.545963951042189e-08,1.5834914742845027e-07,0.2197959394358264,0.2197959394358264,1.6588073057950565
baseline,lower,0.0266456711107024,9.495545108381942e-08,1.5762609465200878e-07,0.22010821437478875,0.22010821437478875,1.6600004828882178
baseline,lower,0.02685757834182119,9.445392562526086e-08,1.5690285415311384e-07,0.2204108312611881,0.2204108312611881,1.661157576188147
baseline,lower,0.027071170825092705,9.395504906976909e-08,1.5618812989290464e-07,0.22072790124082162,0.22072790124082162,1.662370797943201
baseline,lower,0.027286461962961063,9.345880742665378e-08,1.554658675665914e-07,0.22101481980298313,0.22101481980298313,1.6634694133947792
baseline,lower,0.027503465264457072,9.296518677911864e-08,1.5475081171541349e-07,0.22131258952016705,0.22131258952016705,1.6646103458394041
baseline,lower,0.027722194346045927,9.247588875450752e-08,1.5404641909888507e-07,0.22162309347045112,0.22162309347045112,1.6658009041451516
baseline,lower,0.027942662932481644,9.199385306585674e-08,1.5333945335538233e-07,0.22189510148619007,0.22189510148619007,1.6668445580337785
baseline,lower,0.02816488485766819,9.151433001491359e-08,1.5263323412355168e-07,0.22216000197326302,0.22216000197326302,1.6678615698620958
baseline,lower,0.028388874065527564,9.103730650441479e-08,1.519360934056382e-07,0.22244155570296537,0.22244155570296537,1.6689431974601552
baseline,lower,0.028614644610874786,9.056276950536778e-08,1.5124305198040093e-07,0.22272573730950818,0.22272573730950818,1.6700356317110703
baseline,lower,0.02884221066029972,9.009070605669381e-08,1.5054685103707862e-07,0.2229916853056953,0.2229916853056953,1.6710586211006044
baseline,lower,0.029071586493056065,8.962110326487446e-08,1.498497725826748e-07,0.22324580226548021,0.22324580226548021,1.6720366869373942
baseline,lower,0.02930278650195729,8.915394830360008e-08,1.4916882731128997e-07,0.2235374942838808,0.2235374942838808,1.673160080396198
baseline,lower,0.02953582519427984,8.868922841341823e-08,1.4848213436514373e-07,0.22380332511147566,0.22380332511147566,1.67418453200433
baseline,lower,0.029770717192673324,8.82269309013861e-08,1.4779665594098023e-07,0.22406343584660157,0.22406343584660157,1.675187546829403
baseline,lower,0.030007477236078113,8.776704314072348e-08,1.4714644799926006e-07,0.22441831574800464,0.22441831574800464,1.6765569709729098
baseline,lower,0.0302461201806502,8.730955257046782e-08,1.4656873102790277e-07,0.2249795651798836,0.2249795651798836,1.6787250273629186
baseline,lower,0.030486661000693326,8.685444669513177e-08,1.4600681836236167e-07,0.2255810793790998,0.2255810793790998,1.6810517356107388
baseline,lower,0.030729114789598604,8.640171308436093e-08,1.4545299991460958e-07,0.22620032953049213,0.22620032953049213,1.6834504169216196
baseline,lower,0.03097349676079166,8.595319631222438e-08,1.449023096960585e-07,0.22681327675596563,0.22681327675596563,1.6858280542552704
baseline,lower,0.031219822248687135,8.550815671234913e-08,1.443613060379047e-07,0.2274432579626362,0.2274432579626362,1.6882752662244673
baseline,lower,0.031468106709650945,8.506542139263977e-08,1.4379934895972485e-07,0.22800386208478596,0.22800386208478596,1.69045596442748
baseline,lower,0.03171836572297016,8.462497842223182e-08,1.432573659934943e-07,0.2286183907691868,0.2286183907691868,1.6928496605188992
baseline,lower,0.0319706149918305,8.41868159320357e-08,1.4271071918477894e-07,0.22921251057383513,0.22921251057383513,1.6951670829312488
baseline,lower,0.032224870344301715,8.375092211441584e-08,1.421666559072371e-07,0.22980815051130948,0.22980815051130948,1.6974936193898493
baseline,lower,0.03248114773433074,8.331728522287326e-08,1.416317858649169e-07,0.23042562066732494,0.23042562066732494,1.6999087942682325
baseline,lower,0.03273946324274283,8.288589357172857e-08,1.4108222475498464e-07,0.23099167567716528,0.23099167567716528,1.7021258826496646
baseline,lower,0.032999833078250496,8.245673553580783e-08,1.405472955490812e-07,0.23159635612983992,0.23159635612983992,1.704497451127529
baseline,lower,0.033262273578470634,8.202979955012819e-08,1.40019373189899e-07,0.2322164788590815,0.2322164788590815,1.7069330165110732
baseline,lower,0.033526801210949676,8.160507410958698e-08,1.3947681616126517e-07,0.2327848616479482,0.2327848616479482,1.7091684271245506
baseline,lower,0.033793432574196855,8.118254776865141e-08,1.3894723932558758e-07,0.23338724566698588,0.23338724566698588,1.7115407577691466
baseline,lower,0.03406218439872571,8.076220914105009e-08,1.384175450452896e-07,0.23398295241279585,0.23398295241279585,1.713890029971137
baseline,lower,0.03433307354810399,8.034404689946674e-08,1.378935748193984e-07,0.2345903274065097,0.2345903274065097,1.7162886379365792
baseline,lower,0.03460611702001168,8.00018857311934e-08,1.3736303694012497e-07,0.23476966011037528,0.23476966011037528,1.716997489305005
baseline,lower,0.0348813319473076,7.96637552015315e-08,1.368480077179825e-07,0.23497770478700455,0.23497770478700455,1.7178201978024716
baseline,lower,0.035158735599104554,7.932705379137169e-08,1.362390087918972e-07,0.2348801503742184,0.2348801503742184,1.717434371761778
baseline,lower,0.03543834538185277,7.899177546049435e-08,1.3558506959694527e-07,0.23462999301018694,0.23462999301018694,1.716445399619541
baseline,lower,0.035720178840432215,7.865791419420967e-08,1.3494225325119194e-07,0.23440553182966278,0.23440553182966278,1.7155584995301796
baseline,lower,0.03600425365925347,7.832546400324851e-08,1.3428714638264006e-07,0.23413146877703017,0.23413146877703017,1.7144762318557163
baseline,lower,0.03629058766336743,7.799441892365602e-08,1.3364932023352648e-07,0.23390322736520014,0.23390322736520014,1.7135754337031173
baseline,lower,0.036579198819583686,7.766477301668419e-08,1.330116304988061e-07,0.2336655398986256,0.2336655398986256,1.7126378579672423
baseline,lower,0.03687010523759797,7.733652036868489e-08,1.3236435013555469e-07,0.23338640394806198,0.23338640394806198,1.7115374405848194
baseline,lower,0.037163325171128546,7.700965509100478e-08,1.3173752878223225e-07,0.2331643341173706,0.2331643341173706,1.710662495846187
baseline,lower,0.037458877019061476,7.66841713198785e-08,1.3109727106658164e-07,0.2328879226936271,0.2328879226936271,1.7095740725908826
baseline,lower,0.03775677932660517,7.636006321632459e-08,1.3048084390585597e-07,0.23268047764892683,0.23268047764892683,1.7087576726620783
baseline,lower,0.03805705078645404,7.603732496604017e-08,1.2984329686372704e-07,0.23239270442256552,0.23239270442256552,1.7076257867003832
baseline,lower,0.0383597102399615,7.571687934455091e-08,1.2922171800886846e-07,0.2321428044044857,0.2321428044044857,1.7066434740507845
baseline,lower,0.03866477667832206,7.539978717118198e-08,1.2860551160315872e-07,0.23188946139867997,0.23188946139867997,1.7056482044330243
baseline,lower,0.03897226924376316,7.508402293746495e-08,1.2798507320071647e-07,0.2316117874765409,0.2316117874765409,1.7045580163880016
baseline,lower,0.039282207230746144,7.476958108216617e-08,1.273682518832744e-07,0.23133624080679469,0.23133624080679469,1.7034768690666628
baseline,lower,0.03959461008717705,7.44564560673415e-08,1.2675970424771446e-07,0.23107885614306412,0.23107885614306412,1.7024676024476337
baseline,lower,0.03990949741562686,7.414464237823901e-08,1.2614771597203584e-07,0.23079961680829883,0.23079961680829883,1.7013733147232688
baseline,lower,0.04022688897456159,7.383413452320178e-08,1.2561935482413018e-07,0.23079937006846407,0.23079937006846407,1.701372348106218
baseline,lower,0.04054680467958201,7.352492703357137e-08,1.2510594280943849e-07,0.23084333794967193,0.23084333794967193,1.7015446034011743
baseline,lower,0.040869264604673286,7.321701446359095e-08,1.2460992243726423e-07,0.23094060981446418,0.23094060981446418,1.7019257525070177
baseline,lower,0.04119428898346474,7.291039139031017e-08,1.241067636618089e-07,0.231006021066194,0.231006021066194,1.7021821073134815
baseline,lower,0.041521898210499265,7.260505241348918e-08,1.236064291028245e-07,0.23107421688915772,0.23107421688915772,1.7024494163144472
baseline,lower,0.04185211284251314,7.230099215550357e-08,1.231118429773048e-07,0.2311555757502113,0.2311555757502113,1.7027683757439764
baseline,lower,0.04218495359972586,7.199820526124972e-08,1.2261512145018388e-07,0.23122236197142682,0.23122236197142682,1.7030302492300704
baseline,lower,0.04252044136714044,7.169668639805048e-08,1.2211680525382244e-07,0.23127634965844912,0.23127634965844912,1.7032419681970539
baseline,lower,0.042858597195853644,7.143362887885247e-08,1.2163027126572537e-07,0.23113896217618013,0.23113896217618013,1.7027032390025103
baseline,lower,0.043199442304377146,7.11901737980939e-08,1.2113885429638597e-07,0.23086340869799302,0.23086340869799302,1.7016232414315224
baseline,lower,0.04354299807996876,7.094754844385582e-08,1.2064803589390016e-07,0.23058286291659158,0.23058286291659158,1.7005243809005564
baseline,lower,0.04388928607997455,7.070574998832285e-08,1.201678161346562e-07,0.23033343534071896,0.23033343534071896,1.6995480021709986
baseline,lower,0.04423832803318141,7.04647756133167e-08,1.196755109118624e-07,0.2300332169154356,0.2300332169154356,1.6983735472116606
baseline,lower,0.04459014584118066,7.022462251026395e-08,1.1919896686447403e-07,0.22978307790477448,0.22978307790477448,1.69739562283944
baseline,lower,0.04494476157974212,6.998528788016302e-08,1.1870122531879952e-07,0.22944844868970907,0.22944844868970907,1.6960882624653
baseline,lower,0.04530219750019944,6.974676893355214e-08,1.1816626216587896e-07,0.22896940472224966,0.22896940472224966,1.6942184415518395
baseline,lower,0.04566247603084632,6.950906289047591e-08,1.176096760561204e-07,0.22840162029089223,0.22840162029089223,1.6920049151207188
baseline,lower,0.046025619778343754,6.927216698045343e-08,1.17059728649224e-07,0.22784873955848092,0.22784873955848092,1.6898522704256504
baseline,lower,0.04639165152913864,6.903607844244635e-08,1.1650328475111288e-07,0.2272620567058539,0.2272620567058539,1.6875710118476492
baseline,lower,0.04676059425089348,6.880079452482592e-08,1.1595810445764637e-07,0.22670765384110586,0.22670765384110586,1.6854181010337652
baseline,lower,0.0471324710939277,6.856631248534137e-08,1.1540984222585312e-07,0.22613205369306394,0.22613205369306394,1.683185780925966
baseline,lower,0.04750730539267008,6.833229419053998e-08,1.1486931996999274e-07,0.225578048054178,0.225578048054178,1.6810400021062868
baseline,lower,0.04788512066712312,6.807731404413939e-08,1.1432686518219118e-07,0.22514588284846496,0.22514588284846496,1.6793680359960281
baseline,lower,0.048265940624338734,6.782328534940347e-08,1.1378701396382429e-07,0.2247138775647998,0.2247138775647998,1.6776983506126348
baseline,lower,0.04864978915990591,6.757020455601552e-08,1.1325273094135248e-07,0.2242934495826754,0.2242934495826754,1.6760750050337092
baseline,lower,0.04903669035945002,6.731806812690665e-08,1.1271860335234147e-07,0.22386395474486334,0.22386395474486334,1.6744182726671042
baseline,lower,0.049426668500144176,6.706687253820694e-08,1.1218733819873798e-07,0.2234357891047507,0.2234357891047507,1.6727682975648912
baseline,lower,0.04981974805223266,6.681661427919479e-08,1.1167933216356058e-07,0.22308834287001567,0.22308834287001567,1.6714305770853022
baseline,lower,0.05021595368056617,6.656728985224982e-08,1.1123668028585153e-07,0.22298714350956847,0.22298714350956847,1.6710411454747243
baseline,lower,0.05061531024614969,6.631889577280185e-08,1.1090335856018905e-07,0.22330741189288705,0.22330741189288705,1.672273901244173
baseline,lower,0.05101784280770232,6.607142856928427e-08,1.1056299478326754e-07,0.22359609673371936,0.22359609673371936,1.6733858670443038
baseline,lower,0.05142357662322974,6.58248847830839e-08,1.1023028727454316e-07,0.22391083163405767,0.22391083163405767,1.674599015824952
baseline,lower,0.051832537151609,6.557926096849353e-08,1.0989347975558298e-07,0.22420540728011493,0.22420540728011493,1.6757352573457558
baseline,lower,0.05224475005418617,6.53345536926634e-08,1.0955665129892784e-07,0.2244958204351546,0.2244958204351546,1.6768561979360432
baseline,lower,0.05266024119638634,6.509075953555345e-08,1.0922847138989205e-07,0.22481651661632446,0.22481651661632446,1.6780948965610085
baseline,lower,0.05307903664933671,6.483932701577601e-08,1.0889377623756994e-07,0.22516456006406751,0.22516456006406751,1.6794402602463019
baseline,lower,0.05350116269150256,6.457403977217891e-08,1.0855777557046033e-07,0.22560297887126968,0.22560297887126968,1.681136505528517
baseline,lower,0.05392664581033602,6.430983793962562e-08,1.0822838728597108e-07,0.2260637718967624,0.2260637718967624,1.6829211634396655
baseline,lower,0.05435551270393819,6.404671707720475e-08,1.0789411925034945e-07,0.2265009007099996,0.2265009007099996,1.6846159205988513
baseline,lower,0.054787790282734346,6.378467276217488e-08,1.0756838068843675e-07,0.2269682991122845,0.2269682991122845,1.6864299216445326
baseline,lower,0.0552235056711626,6.352370058988963e-08,1.0721214635735202e-07,0.22730820045872413,0.22730820045872413,1.687750325654293
baseline,lower,0.05566268620937572,6.326379617372444e-08,1.06794521052661e-07,0.22739372397218993,0.22739372397218993,1.688082718896599
baseline,lower,0.056105359454956885,6.300495514500227e-08,1.0639137029078341e-07,0.22753169580089952,0.22753169580089952,1.688619094259012
baseline,lower,0.05655155318464865,6.274717315292037e-08,1.0598325534533811e-07,0.22764308999788962,0.22764308999788962,1.689052271519031
baseline,lower,0.05700129539609599,6.249044586447707e-08,1.0557837390375002e-07,0.22776134546692453,0.22776134546692453,1.6895122517243302
baseline,lower,0.05745461430960305,6.223476896439902e-08,1.0517794172034819e-07,0.2278915859890622,0.2278915859890622,1.690018995338675
baseline,lower,0.05791153836990401,6.198013815506859e-08,1.0478537191697483e-07,0.22804811922638457,0.22804811922638457,1.6906282405310473
baseline,lower,0.05837209624794773,6.172654915645166e-08,1.0437870217057257e-07,0.22813989433303664,0.22813989433303664,1.6909855418292554
baseline,lower,0.05883631684269691,6.147399770602572e-08,1.0398247040170467e-07,0.22826867455426034,0.22826867455426034,1.691487039755546
baseline,lower,0.05930422928294151,6.122455951525429e-08,1.0358291393325754e-07,0.2283624549258292,0.2283624549258292,1.6918523343144596
baseline,lower,0.05977586292912633,6.097696156330822e-08,1.0318922745805525e-07,0.22846858105645665,0.22846858105645665,1.6922658133911923
baseline,lower,0.06025124737519343,6.07303649210701e-08,1.0276905162948084e-07,0.22845645805095938,0.22845645805095938,1.692218575716571
baseline,lower,0.06073041245043905,6.048476553914806e-08,1.0233407935922624e-07,0.22837428531547488,0.22837428531547488,1.691898421809897
baseline,lower,0.06121338822138541,6.024015938452639e-08,1.0189473481787428e-07,0.2282656311333673,0.2282656311333673,1.6914751863031674
baseline,lower,0.061700204993667136,5.999654244049926e-08,1.0146154574981083e-07,0.22817525142381884,0.22817525142381884,1.6911232151491715
baseline,lower,0.06219089331393309,5.975391070660462e-08,1.010360289238463e-07,0.22810993479509006,0.22810993479509006,1.6908688942542927
baseline,lower,0.06268548397176293,5.95122601985591e-08,1.0059932656895808e-07,0.22798862895979163,0.22798862895979163,1.6903966717666987
baseline,lower,0.06318400800159914,5.927158694819175e-08,1.001735062460841e-07,0.22790631982483942,0.22790631982483942,1.6900763317446519
baseline,lower,0.06368649668469437,5.903188700337941e-08,9.974322570441631e-08,0.22779674320249385,0.22779674320249385,1.6896499632259134
baseline,lower,0.06419298155107438,5.8793156427981686e-08,9.931839393709416e-08,0.22770291124684142,0.22770291124684142,1.6892849435419175
baseline,lower,0.06470349438151624,5.85553913017763e-08,9.890137206155077e-08,0.2276354290835858,0.2276354290835858,1.6890224770567037
baseline,lower,0.06521806720954268,5.831858772039473e-08,9.845219013693716e-08,0.22741838347327195,0.22741838347327195,1.6881785719668108
baseline,lower,0.06573673232343212,5.808554883973446e-08,9.797728749948826e-08,0.22705731456534206,0.22705731456534206,1.6867756172851232
baseline,lower,0.06625952226824461,5.789430784044206e-08,9.750719933901878e-08,0.2264008164886828,0.2264008164886828,1.6842277414862732
baseline,lower,0.06678646984786395,5.770369648347117e-08,9.703081691817741e-08,0.22570605295572846,0.22570605295572846,1.6815355485236763
baseline,lower,0.0673176081270561,5.751371269578566e-08,9.656031885020032e-08,0.2250272875549673,0.2250272875549673,1.6789095039116788
baseline,lower,0.06785297043354402,5.732435441117505e-08,9.609312371782283e-08,0.22435313891764255,0.22435313891764255,1.6763053802327694
baseline,lower,0.06839259036009866,5.713561957023164e-08,9.563312522579488e-08,0.22370140729033494,0.22370140729033494,1.6737916897574154
baseline,lower,0.06893650176664715,5.694750612032779e-08,9.516828194070076e-08,0.223017519181826,0.223017519181826,1.6711580264746626
baseline,lower,0.06948473878239708,5.6760012015594264e-08,9.471296724885718e-08,0.22236696405228606,0.22236696405228606,1.668656575034475
baseline,lower,0.07003733580797833,5.657313521689756e-08,9.426969691585781e-08,0.22176186329544742,0.22176186329544742,1.6663332614399782
baseline,lower,0.07059432751760145,5.638687369181792e-08,9.390968518404313e-08,0.22153236837641277,0.22153236837641277,1.6654529509351037
baseline,lower,0.07115574886123345,5.62012254146268e-08,9.356311180084085e-08,0.22135887245608646,0.22135887245608646,1.6647877534800215
baseline,lower,0.07172163506679093,5.601618836626551e-08,9.322278707044447e-08,0.22120852901017152,0.22120852901017152,1.6642115393661059
baseline,lower,0.07229202164235031,5.583176053432289e-08,9.287999344552866e-08,0.22104085347519398,0.22104085347519398,1.6635691326342854
baseline,lower,0.07286694437837617,5.564793991301314e-08,9.254032849448216e-08,0.22088194541624076,0.22088194541624076,1.662960545154733
baseline,lower,0.07344643934996675,5.5448755531335027e-08,9.219802446255775e-08,0.22082981200565485,0.22082981200565485,1.6627609326679134
baseline,lower,0.07403054291911777,5.52277414200229e-08,9.185903237082462e-08,0.22096458352578804,0.22096458352578804,1.6632770055217392
baseline,lower,0.07461929173700396,5.5007608252510705e-08,9.152136007428357e-08,0.22109970332574136,0.22109970332574136,1.6637945728190477
baseline,lower,0.07521272274627895,5.478835251742998e-08,9.118494458886494e-08,0.22123489710749314,0.22123489710749314,1.6643125846840532
baseline,lower,0.07581087318339318,5.456997071740841e-08,9.084822533054253e-08,0.22136272728817552,0.22136272728817552,1.6648025303330605
baseline,lower,0.07641378058093055,5.435245936901356e-08,9.051289399638957e-08,0.22149125089187116,0.22149125089187116,1.665295279131217
baseline,lower,0.07702148276996343,5.413581500269803e-08,9.018214547507761e-08,0.2216358837890686,0.2216358837890686,1.665849964031817
baseline,lower,0.07763401788242644,5.392003416274361e-08,8.985019878042652e-08,0.22176888357073207,0.22176888357073207,1.6663601975702953
baseline,lower,0.07825142435350924,5.3705113407206295e-08,8.951663821328978e-08,0.22188812594375304,0.22188812594375304,1.6668177857581472
baseline,lower,0.07887374092406814,5.349104930786151e-08,8.918685153103308e-08,0.22201971543514354,0.22201971543514354,1.6673229014022242
baseline,lower,0.07950100664305716,5.327783845014895e-08,8.885560500595482e-08,0.22213823163522675,0.22213823163522675,1.6677779652996867
baseline,lower,0.08013326086997807,5.306547743311879e-08,8.852676195218594e-08,0.22226250334362246,0.22226250334362246,1.6682552618839783
baseline,lower,0.08077054327735028,5.285396286937702e-08,8.820297027337572e-08,0.22240565516136712,0.22240565516136712,1.6688052415551136
baseline,lower,0.08141289385320008,5.2643291385031585e-08,8.787583239721802e-08,0.22252641728020528,0.22252641728020528,1.6692693424979186
baseline,lower,0.0820603529035698,5.244469246813437e-08,8.755064505494694e-08,0.22255780713896733,0.22255780713896733,1.6693899980087235
baseline,lower,0.08271296105504705,5.225031263578453e-08,8.72270284601609e-08,0.22256218437494724,0.22256218437494724,1.6694068238057194
baseline,lower,0.08337075925731377,5.205665324848731e-08,8.690034332852177e-08,0.22254524864168523,0.22254524864168523,1.6693417249417002
baseline,lower,0.08403378878571591,5.186371163600141e-08,8.657783756954783e-08,0.2225431404512151,0.2225431404512151,1.669333621495949
baseline,lower,0.08470209124385328,5.167148513798216e-08,8.625486741552048e-08,0.22253266775832437,0.22253266775832437,1.6692933672254198
baseline,lower,0.08537570856618999,5.147997110394544e-08,8.593848384574023e-08,0.22254939299310902,0.22254939299310902,1.669357655081393
baseline,lower,0.08605468302068589,5.1289166893230703e-08,8.561365731743014e-08,0.22251740527465722,0.22251740527465722,1.6692347040000308
baseline,lower,0.08673905721144869,5.109906987496472e-08,8.529731433335586e-08,0.22252236219961752,0.22252236219961752,1.6692537563222085
baseline,lower,0.0874288740814073,5.090967742802525e-08,8.498118221125498e-08,0.22252242317463808,0.22252242317463808,1.6692539906857418
baseline,lower,0.08812417691500653,5.072098694100492e-08,8.466740147456417e-08,0.22252853549236648,0.22252853549236648,1.6692774841515472
baseline,lower,0.08882500934092279,5.053299581217523e-08,8.434612745386454e-08,0.22249010197771565,0.22249010197771565,1.6691297655767028
baseline,lower,0.08953141533480205,5.034570144945065e-08,8.403290893026432e-08,0.22248700147305736,0.22248700147305736,1.6691178494083976
baseline,lower,0.09024343922201891,5.015910127035293e-08,8.371219338064796e-08,0.22243897483519248,0.22243897483519248,1.6689332795148575
baseline,lower,0.09096112568045807,4.9973857991684237e-08,8.337833598539085e-08,0.2223103451326782,0.2223103451326782,1.6684390466564576
baseline,lower,0.09168451974331777,4.979450287638253e-08,8.304977567366145e-08,0.22215706276515682,0.22215706276515682,1.667850282185503
baseline,lower,0.0924136668019354,4.9615791462781733e-08,8.272230075598026e-08,0.22200268141411253,0.22200268141411253,1.6672575064741777
baseline,lower,0.0931486126086359,4.9437721440649994e-08,8.238987720160647e-08,0.22181540943085398,0.22181540943085398,1.6665387238874987
baseline,lower,0.0938894032796025,4.926029050804695e-08,8.206399980913048e-08,0.221655711989043,0.221655711989043,1.665926022010058
baseline,lower,0.09463608529777036,4.9083496371293864e-08,8.173304814857683e-08,0.22146220446540443,0.22146220446540443,1.6651839047957029
baseline,lower,0.0953887055157433,4.890733674494394e-08,8.14100317046261e-08,0.22130390997041086,0.22130390997041086,1.6645770782650988
baseline,lower,0.09614731115873376,4.873180935175272e-08,8.108681785459097e-08,0.22113772094052478,0.22113772094052478,1.6639402257629197
baseline,lower,0.09691194982752598,4.855691192264901e-08,8.076263003924162e-08,0.2209593942355958,0.2209593942355958,1.663257131505731
baseline,lower,0.09768266950146302,4.838264219670498e-08,8.043627085755106e-08,0.2207623461877173,0.2207623461877173,1.6625026498248796
baseline,lower,0.09845951854145704,4.820899792110732e-08,8.011513623864712e-08,0.22058647128699344,0.22058647128699344,1.6618295275449055
baseline,lower,0.09924254569302422,4.803597685112802e-08,7.979714970532445e-08,0.22042075208952916,0.22042075208952916,1.6611955233601248
baseline,lower,0.1000318000893431,4.786357675009524e-08,7.96314386233806e-08,0.22107941231633885,0.22107941231633885,1.6637168391980264
baseline,lower,0.10082733125433772,4.769179538936482e-08,7.958985611082601e-08,0.2224140475026433,0.2224140475026433,1.6688374899925533
baseline,lower,0.1016291891057852,4.752615401505004e-08,7.96879046054273e-08,0.2244597361290257,0.2244597361290257,1.6767168784621755
baseline,lower,0.10243742395844778,4.7367482320574334e-08,7.977654168541865e-08,0.22639490401437534,0.22639490401437534,1.6842048126076412
baseline,lower,0.1032520865272302,4.7209340370344714e-08,7.987276801641923e-08,0.22837080298772694,0.22837080298772694,1.6918848556204897
baseline,lower,0.10407322793036168,4.7051726395747255e-08,7.995540931299014e-08,0.23027228794097795,0.23027228794097795,1.6993087276010528
baseline,lower,0.10490089969260373,4.6894638634072785e-08,8.004990448090998e-08,0.23223762446258703,0.23223762446258703,1.7070161283372636
baseline,lower,0.10573515374848304,4.6738075328497124e-08,8.013254209520833e-08,0.23413809615719394,0.23413809615719394,1.714502395145697
baseline,lower,0.10657604244555025,4.658203472806157e-08,8.022092938748641e-08,0.23606923430100576,0.23606923430100576,1.722143093486648
baseline,lower,0.10742361854766476,4.64265150876529e-08,8.03035271606991e-08,0.23796853570025697,0.23796853570025697,1.729691039895772
baseline,lower,0.1082779352383055,4.627151466798446e-08,8.039266312809164e-08,0.23990269947924417,0.23990269947924417,1.7374115307212066
baseline,lower,0.10913904612390794,4.6117031735576304e-08,8.046983078819728e-08,0.2417717413872094,0.2417717413872094,1.744904816285477
baseline,lower,0.110007005237228,4.596306456273593e-08,8.051861322879688e-08,0.24348730909805827,0.24348730909805827,1.7518112422398506
baseline,lower,0.11088186704073227,4.580961142753891e-08,8.02794049351149e-08,0.243647536692583,0.243647536692583,1.752457670637523
baseline,lower,0.11176368643001555,4.565667061380971e-08,8.000454064448613e-08,0.2436103974157859,0.2436103974157859,1.7523078132702754
baseline,lower,0.1126525187372454,4.550424041110242e-08,7.973277615201167e-08,0.24358501649628295,0.24358501649628295,1.7522054083680068
baseline,lower,0.11354841973463398,4.5339025568386105e-08,7.946255410190161e-08,0.24369033814378405,0.24369033814378405,1.7526303908328609
baseline,lower,0.11445144563793788,4.5171349936569356e-08,7.919317214771017e-08,0.2438246697797268,0.2438246697797268,1.753172580826454
baseline,lower,0.11536165310998522,4.5004294413304934e-08,7.892763671812366e-08,0.24397514205517545,0.24397514205517545,1.7537801169212361
baseline,lower,0.11627909926423141,4.483785670526836e-08,7.865654505085928e-08,0.2440900216209716,0.2440900216209716,1.7542440881572576
baseline,lower,0.11720384166834272,4.4672034527616554e-08,7.838973474669323e-08,0.2442234626149826,0.2442234626149826,1.7547831786849144
baseline,lower,0.11813593834780849,4.45068256039563e-08,7.812375490139835e-08,0.24435648897877013,0.24435648897877013,1.755320759035526
baseline,lower,0.11907544778958229,4.434222766631335e-08,7.786082608272618e-08,0.2445014997287087,0.2445014997287087,1.7559069577795885
baseline,lower,0.12002242894575159,4.4178238455100754e-08,7.759682953966901e-08,0.24463558216477216,0.24463558216477216,1.756449153547221
baseline,lower,0.12097694123723707,4.40148557190882e-08,7.729461627807823e-08,0.24454996293241127,0.24454996293241127,1.7561029115121554
baseline,lower,0.12193904455752112,4.385207721537092e-08,7.699772578843228e-08,0.24448772785289388,0.24448772785289388,1.7558512772444728
baseline,lower,0.12290879927640586,4.3689900709339275e-08,7.67041465892693e-08,0.24443778461120852,0.24443778461120852,1.7556493684791739
baseline,lower,0.12388626624380143,4.352832397464753e-08,7.640978729028489e-08,0.2443770453979539,0.2443770453979539,1.7554038454315106
baseline,lower,0.12487150679354402,4.336734479318364e-08,7.611520636267718e-08,0.24430859629987545,0.24430859629987545,1.7551271982563423
baseline,lower,0.1258645827472445,4.320881546978459e-08,7.582055700473985e-08,0.24421460989582044,0.24421460989582044,1.7547474093049429
baseline,lower,0.12686555641816763,4.3060430994684655e-08,7.5523781703253e-08,0.24400535587619301,0.24400535587619301,1.7539021314620749
baseline,lower,0.12787449061514194,4.2912556090426107e-08,7.523436705522465e-08,0.24383188752035423,0.24383188752035423,1.7532017178536148
baseline,lower,0.12889144864650096,4.27651890070788e-08,7.494397276015839e-08,0.2436463154054316,0.2436463154054316,1.7524527425274126
baseline,lower,0.12991649432405566,4.2618328000722384e-08,7.46472726172807e-08,0.24341753705915095,0.24341753705915095,1.7515298257598333
baseline,lower,0.1309496919670984,4.247197133342503e-08,7.433666883593634e-08,0.24310067644923894,0.24310067644923894,1.7502523782651478
baseline,lower,0.131991106406439,4.232611727322352e-08,7.401247735473478e-08,0.24269651030258904,0.24269651030258904,1.7486243039249145
baseline,lower,0.1330408029884725,4.218076409410206e-08,7.369522133179675e-08,0.24232488491461796,0.24232488491461796,1.7471286477264456
baseline,lower,0.13409884757927973,4.203591007597249e-08,7.338106769784896e-08,0.2419635721550249,0.2419635721550249,1.7456757226196753
baseline,lower,0.13516530656876008,4.189155350465363e-08,7.306343278986283e-08,0.24157360709504866,0.24157360709504866,1.744108935510028
baseline,lower,0.13624024687479738,4.1747692671850757e-08,7.275235344761427e-08,0.2412145690462841,0.2412145690462841,1.742667649191282
baseline,lower,0.1373237359474589,4.160432587513599e-08,7.243630441688375e-08,0.24081779577956122,0.24081779577956122,1.7410762677487315
baseline,lower,0.13841584177322752,4.146145141792747e-08,7.21224742947985e-08,0.24042611645204467,0.24042611645204467,1.7395067424873976
baseline,lower,0.139516632879268,4.131906760946993e-08,7.181058204056523e-08,0.2400379339614389,0.2400379339614389,1.7379526256325042
baseline,lower,0.14062617833772664,4.118143690217495e-08,7.150345810338676e-08,0.23962555003757566,0.23962555003757566,1.7363031375821272
baseline,lower,0.14174454777006548,4.1048322942062065e-08,7.119816308404499e-08,0.2391733705501853,0.2391733705501853,1.7344962712493301
baseline,lower,0.14287181135143107,4.0915639256551286e-08,7.088558330064474e-08,0.23866857653448822,0.23866857653448822,1.7324813833696795
baseline,lower,0.14400803981505741,4.078338445483256e-08,7.058117463953053e-08,0.23820561843124372,0.23820561843124372,1.7306355414837853
baseline,lower,0.1451533044567048,4.065155715059153e-08,7.027783720648782e-08,0.2377412018382508,0.2377412018382508,1.7287858604320445
baseline,lower,0.14630767713913306,4.052015596199472e-08,6.997298680015956e-08,0.2372593038977264,0.2372593038977264,1.7268686444788042
baseline,lower,0.14747123029661094,4.0389179511675483e-08,6.96708722546039e-08,0.23678621702223254,0.23678621702223254,1.7249885513139436
baseline,lower,0.1486440369394612,4.0258626426719254e-08,6.936771495364334e-08,0.23629843538429013,0.23629843538429013,1.7230522029833755
baseline,lower,0.14982617065864193,4.012849533864927e-08,6.907162869585192e-08,0.23584682101043247,0.23584682101043247,1.7212613658435987
baseline,lower,0.15101770563036387,3.999878488341217e-08,6.876825039026276e-08,0.2353411769455649,0.2353411769455649,1.7192584872442345
baseline,lower,0.15221871662074532,3.986949370136376e-08,6.84624452673835e-08,0.23481168610220313,0.23481168610220313,1.717163648482491
baseline,lower,0.15342927899050304,3.974062043725471e-08,6.816525709535857e-08,0.2343284339506493,0.2343284339506493,1.7152539730219531
baseline,lower,0.15464946869968135,3.961216374021638e-08,6.78651573099609e-08,0.23381829454084624,0.23381829454084624,1.7132403509950296
baseline,lower,0.15587936231241828,3.9484122263746635e-08,6.756803814788362e-08,0.23331882123325087,0.23331882123325087,1.7112711204909563
baseline,lower,0.15711903700174965,3.936088775128025e-08,6.727323285319296e-08,0.23277741343914823,0.23277741343914823,1.7091391149074078
baseline,lower,0.1583685705544519,3.9238743735792844e-08,6.697880888661432e-08,0.23222232542811658,0.23222232542811658,1.7069559957781602
baseline,lower,0.15962804137592257,3.911697875546873e-08,6.668129828688653e-08,0.2316387427843951,0.2316387427843951,1.7046638162862766
baseline,lower,0.16089752849510044,3.899559163409281e-08,6.638540505782181e-08,0.2310570957300841,0.2310570957300841,1.7023823021006
baseline,lower,0.16217711156942424,3.887458119909967e-08,6.609386885886661e-08,0.2304954510491193,0.2304954510491193,1.7001821452522126
baseline,lower,0.1634668708898309,3.875394628156292e-08,6.580412088341918e-08,0.2299371585660416,0.2299371585660416,1.6979979382054649
baseline,lower,0.16476688738579384,3.86336857161832e-08,6.551328692740776e-08,0.22936324684847875,0.22936324684847875,1.6957555488930482
baseline,lower,0.1660772426304009,3.8513798341277646e-08,6.52285604553379e-08,0.22882144197709844,0.22882144197709844,1.6936413250476097
baseline,lower,0.16739801884547306,3.839428299876805e-08,6.493857354069323e-08,0.22823618287073713,0.22823618287073713,1.6913604961128432
baseline,lower,0.1687292989067235,3.827513853416994e-08,6.46517337018324e-08,0.2276634041482639,0.2276634041482639,1.6891312788878579
baseline,lower,0.17007116634895791,3.8156363796581654e-08,6.436752507632674e-08,0.22709983002301382,0.22709983002301382,1.6869407530413916
baseline,lower,0.17142370537131624,3.803795763867267e-08,6.408145903218165e-08,0.22651520093820118,0.22651520093820118,1.6846713916898344
baseline,lower,0.17278700084255574,3.7919918916673156e-08,6.379835145373525e-08,0.22594205669338766,0.22594205669338766,1.6824495746926165
baseline,lower,0.17416113830637658,3.780001871890644e-08,6.351673376790307e-08,0.22539614228843782,0.22539614228843782,1.6803360400489404
baseline,lower,0.17554620398678938,3.767218695427326e-08,6.324036144200754e-08,0.2249735107244515,0.2249735107244515,1.6787016245902868
baseline,lower,0.17694228479352547,3.7544787489956485e-08,6.295690154252835e-08,0.22449369535413946,0.22449369535413946,1.6768479927971305
baseline,lower,0.17834946832749046,3.741781886400662e-08,6.267778827171327e-08,0.22403519471790376,0.22403519471790376,1.6750786169421812
baseline,lower,0.179767842886261,3.729127961941841e-08,6.240116546490246e-08,0.223585414991664,0.223585414991664,1.6733447095875134
baseline,lower,0.18119749746962494,3.7165168304113895e-08,6.212740552897955e-08,0.22314711377531185,0.22314711377531185,1.6716567787506167
baseline,lower,0.18263852178516637,3.70394834709255e-08,6.18472564384739e-08,0.22265551731067657,0.22265551731067657,1.669765629615799
baseline,lower,0.1840910062538941,3.691422367757991e-08,6.157286351637139e-08,0.22219561197241147,0.22219561197241147,1.6679983318670755
baseline,lower,0.1855550420159157,3.678938748668125e-08,6.130042472364407e-08,0.22174092632188638,0.22174092632188638,1.6662529308441594
baseline,lower,0.18703072093615614,3.666497346569443e-08,6.102933917815388e-08,0.22128729243428327,0.22128729243428327,1.6645133872865328
baseline,lower,0.18851813561012215,3.65409801869291e-08,6.075702787851625e-08,0.2208163280004482,0.2208163280004482,1.662709307952537
baseline,lower,0.1900173793697125,3.641740622752304e-08,6.048599334386297e-08,0.22034580671553883,0.22034580671553883,1.6609088787369406
baseline,lower,0.19152854628907412,3.629425016942566e-08,6.021927557583608e-08,0.21989769833318457,0.21989769833318457,1.6591960240182864
baseline,lower,0.19305173119050534,3.617151059938221e-08,5.995319632215191e-08,0.21944569566109087,0.21944569566109087,1.657470073234262
baseline,lower,0.19458702965040553,3.6059441347033816e-08,5.96843459110808e-08,0.2188414446291587,0.2188414446291587,1.655165573328837
baseline,lower,0.1961345380052724,3.5955738211576294e-08,5.9416315582594785e-08,0.2181375078834353,0.2181375078834353,1.6524849311386167
baseline,lower,0.1976943533577469,3.58523333153566e-08,5.915309703653091e-08,0.21746006224608916,0.21746006224608916,1.649909268560602
baseline,lower,0.19926657358270616,3.5749225800670255e-08,5.889046976880262e-08,0.21677837771066866,0.21677837771066866,1.647321541931084
baseline,lower,0.20085129733340493,3.5646414812279463e-08,5.872041029910977e-08,0.21677322486604478,0.21677322486604478,1.6473019968022642
baseline,lower,0.20244862404766598,3.554389949740599e-08,5.860941774829011e-08,0.2172023346910299,0.2172023346910299,1.6489304374880829
baseline,lower,0.20405865395411923,3.5441679005724104e-08,5.8505207690783324e-08,0.2176802375440427,0.2176802375440427,1.6507459390209556
baseline,lower,0.20568148807849132,3.533975248935352e-08,5.8400201544586845e-08,0.21815084241287777,0.21815084241287777,1.6525356696309783
baseline,lower,0.20731722824994453,3.523811910285237e-08,5.829670398868193e-08,0.21863128195141535,0.21863128195141535,1.654364803595975
baseline,lower,0.20896597710746612,3.5136778003210176e-08,5.8191444010869673e-08,0.21909719952485318,0.21909719952485318,1.6561405831107556
baseline,lower,0.2106278381063091,3.5035728349840896e-08,5.8086937660663086e-08,0.2195673307313859,0.2195673307313859,1.6579343543439384
baseline,lower,0.21230291552448372,3.4934969304575824e-08,5.7981138103721275e-08,0.22002636980881632,0.22002636980881632,1.659687678504038
baseline,lower,0.2139913144693003,3.483450003165696e-08,5.7876068185279454e-08,0.22048943799656676,0.22048943799656676,1.661458270756943
baseline,lower,0.21569314088396482,3.473431969772966e-08,5.777089123863489e-08,0.2209502702540043,0.2209502702540043,1.6632221889294978
baseline,lower,0.21740850155422686,3.463362157020387e-08,5.766236051100452e-08,0.22139450978077146,0.22139450978077146,1.6649243681929244
baseline,lower,0.2191375041150795,3.453313602998788e-08,5.755587322465623e-08,0.22185362794453314,0.22185362794453314,1.666685388048044
baseline,lower,0.22088025705751366,3.443294203721443e-08,5.741107112588388e-08,0.22202151812889698,0.22202151812889698,1.6673298222334634
baseline,lower,0.22263686973532537,3.433303874599149e-08,5.723286849731382e-08,0.22193326955665874,0.22193326955665874,1.6669910554886718
baseline,lower,0.22440745237197804,3.423342531288129e-08,5.705133684995652e-08,0.2218154696805117,0.2218154696805117,1.6665389550863714
baseline,lower,0.226192116067518,3.4134100896893395e-08,5.686842098992651e-08,0.22168270190440606,0.22168270190440606,1.6660295568266221
baseline,lower,0.22799097280554598,3.4035064659477136e-08,5.668680078408006e-08,0.22155536752583943,0.22155536752583943,1.6655411514928766
baseline,lower,0.22980413546024442,3.393631576451508e-08,5.650872713786373e-08,0.22145083276505417,0.22145083276505417,1.6651403036787835
baseline,lower,0.23163171780345918,3.3837853378315504e-08,5.6325430274395577e-08,0.22130171375537872,0.22130171375537872,1.6645686605667163
baseline,lower,0.23347383451183895,3.3739676669605524e-08,5.6146277916473507e-08,0.22118005464583218,0.22118005464583218,1.6641024295011406
baseline,lower,0.23533060117403118,3.364178480952431e-08,5.596589933058152e-08,0.22104445842743026,0.22104445842743026,1.6635829414953345
baseline,lower,0.23720213429793433,3.3544176971615694e-08,5.578545092845182e-08,0.22090380730257395,0.22090380730257395,1.6630442587891239
baseline,lower,0.23908855131800896,3.344685233182135e-08,5.561034607205841e-08,0.22080034499996867,0.22080034499996867,1.6626481176870176
baseline,lower,0.24098997060264662,3.335427046093985e-08,5.5429125266407767e-08,0.22058657897853082,0.22058657897853082,1.6618299396270442
baseline,lower,0.24290651146159664,3.327462287682546e-08,5.5249886492356395e-08,0.22021824809583102,0.22021824809583102,1.6604211172243184
baseline,lower,0.24483829415345298,3.319516548537809e-08,5.507091223414984e-08,0.21984743246247,0.21984743246247,1.6590039973865365
baseline,lower,0.24678543989319995,3.3115897832431476e-08,5.4897157999120114e-08,0.2195133277458341,0.2195133277458341,1.6577282088772947
baseline,lower,0.24874807085981862,3.303681946490367e-08,5.471685082021229e-08,0.21912286392486813,0.21912286392486813,1.656238454744113
baseline,lower,0.2507263102039526,3.2957929930794934e-08,5.4522681673650265e-08,0.21861728217991155,0.21861728217991155,1.654311474905645
baseline,lower,0.2527202820556357,3.287922877918459e-08,5.431362883607223e-08,0.21798719801419608,0.21798719801419608,1.651913102975745
baseline,lower,0.25473011153208147,3.280071556022899e-08,5.409971717230863e-08,0.21731167654992145,0.21731167654992145,1.6493456392123582
baseline,lower,0.256755924745533,3.2722389825158436e-08,5.388766872915743e-08,0.21664438156479715,0.21664438156479715,1.6468133598153698
baseline,lower,0.25879784881117657,3.264425112627503e-08,5.367893568053957e-08,0.21599718612447202,0.21599718612447202,1.6443610690561663
baseline,lower,0.26085601185511836,3.256629901694997e-08,5.346645392994633e-08,0.21531297506588482,0.21531297506588482,1.6417724931567548
baseline,lower,0.2629305430224233,3.2488533051620756e-08,5.3257009268468943e-08,0.21464667212075114,0.21464667212075114,1.6392555854660884
baseline,lower,0.2650215724852188,3.2410952785789126e-08,5.304674041370692e-08,0.21396690458568557,0.21396690458568557,1.636691792564819
baseline,lower,0.2671292314508635,3.2333557776017994e-08,5.283736058741015e-08,0.2132876207399183,0.2132876207399183,1.6341338294234962
baseline,lower,0.269253652170179,3.2253287949738643e-08,5.262992069042797e-08,0.21265872169173505,0.21265872169173505,1.6317691632692735
baseline,lower,0.27139496794574924,3.2171261458147625e-08,5.2424324340681824e-08,0.21206475163223265,0.21206475163223265,1.6295389725044478
baseline,lower,0.2735533131402846,3.208944357615117e-08,5.221581710194201e-08,0.21143989188243054,0.21143989188243054,1.6271960895186333
baseline,lower,0.27572882318505304,3.200783377321383e-08,5.201017072599195e-08,0.21083199642213482,0.21083199642213482,1.6249200459644144
baseline,lower,0.2779216345883777,3.192643152014938e-08,5.180566080014302e-08,0.21022683835291375,0.21022683835291375,1.6226574137309233
baseline,lower,0.28013188494420277,3.184523628911744e-08,5.160054771214493e-08,0.2096098357906184,0.2096098357906184,1.6203537396825196
baseline,lower,0.2823597129407275,3.176424755362002e-08,5.139619769368572e-08,0.20899241892407444,0.20899241892407444,1.6180517925672802
baseline,lower,0.28460525836910794,3.168346478849815e-08,5.1192406804470656e-08,0.20837287995008946,0.20837287995008946,1.6157452206128264
baseline,lower,0.28686866213222867,3.1602887469928395e-08,5.099181371376833e-08,0.20777369480532124,0.20777369480532124,1.6135175547579121
baseline,lower,0.2891500662535449,3.152251507541954e-08,5.078904617034963e-08,0.20714919566220044,0.20714919566220044,1.611199044518933
baseline,lower,0.2914496138859929,3.1442347083809105e-08,5.058548078478542e-08,0.20651092460604215,0.20651092460604215,1.6088328473046425
baseline,lower,0.2937674493209733,3.13623829752602e-08,5.038857557077045e-08,0.20592302769412726,0.20592302769412726,1.6066564715608125
baseline,lower,0.296103717997405,3.128262223125781e-08,5.018630606596051e-08,0.20528208069524465,0.20528208069524465,1.6042870605589454
baseline,lower,0.298458566510851,3.120306433460566e-08,4.998598247128125e-08,0.20465098603159412,0.20465098603159412,1.6019574851770073
baseline,lower,0.30083214262271685,3.113734818426195e-08,4.980963050757887e-08,0.20403169703900126,0.20403169703900126,1.599674776824914
baseline,lower,0.30322459526952233,3.107235158404284e-08,4.967775399740536e-08,0.20378783023205754,0.20378783023205754,1.5987767730755627
baseline,lower,0.3056360745722475,3.100749065876988e-08,4.954619252458564e-08,0.20354366434552865,0.20354366434552865,1.5978781730463067
baseline,lower,0.3080667318457514,3.0942765125233135e-08,4.941253572475025e-08,0.20327802056991473,0.20327802056991473,1.5969011019139794
baseline,lower,0.31051671960826727,3.0878174700813596e-08,4.9276823005370134e-08,0.2029910800491708,0.2029910800491708,1.595846369898016
baseline,lower,0.31298619159097324,3.081371910348245e-08,4.914168284843857e-08,0.20270590549811285,0.20270590549811285,1.5947988194286082
baseline,lower,0.31547530274763763,3.074939805179934e-08,4.9008436579604527e-08,0.20243422981097586,0.20243422981097586,1.5938014948145216
baseline,lower,0.31798420926434223,3.068521126491159e-08,4.887362935809375e-08,0.20214547324647913,0.20214547324647913,1.5927421498310015
baseline,lower,0.3205130685692835,3.062115846255277e-08,4.8741261853178376e-08,0.20187515141796641,0.20187515141796641,1.5917510734541622
baseline,lower,0.32306203934264954,3.05572393650413e-08,4.860573505181378e-08,0.20157339906075403,0.20157339906075403,1.5906454922567606
baseline,lower,0.32563128152657767,3.049345369327967e-08,4.8472456270043645e-08,0.20128841209974527,0.20128841209974527,1.5896020423795516
baseline,lower,0.32822095633519,3.042980116875269e-08,4.8338099474891114e-08,0.20099045646141087,0.20099045646141087,1.5885118409688408
baseline,lower,0.3308312262647102,3.036628151352681e-08,4.820488623873214e-08,0.20069944840399065,0.20069944840399065,1.5874477820822097
baseline,lower,0.33346225510365846,3.030333438673497e-08,4.8070515836796066e-08,0.20038836435415866,0.20038836435415866,1.5863111043594769
baseline,lower,0.3361142079431295,3.024150090277116e-08,4.793539448631538e-08,0.20005296412194445,0.20005296412194445,1.5850864889421825
baseline,lower,0.33878725118715225,3.017979358907272e-08,4.780240691005847e-08,0.199733499277789,0.199733499277789,1.5839209360055535
baseline,lower,0.34148155256312995,3.011821218819104e-08,4.7669537188737454e-08,0.1994117468449419,0.1994117468449419,1.5827479031915466
baseline,lower,0.3441972811323657,3.0056756443203045e-08,4.753696918019232e-08,0.19908937676180208,0.19908937676180208,1.5815734898082192
baseline,lower,0.34693460730067077,2.999542609770983e-08,4.740234967973094e-08,0.19874483402954193,0.19874483402954193,1.5803192635209853
baseline,lower,0.34969370282905626,2.993422089583567e-08,4.726490336532435e-08,0.19837081514458532,0.19837081514458532,1.5789588621596513
baseline,lower,0.3524747408445116,2.9873140582226947e-08,4.709659804063905e-08,0.19770865492577894,0.19770865492577894,1.5765532890994132
baseline,lower,0.3552778958508671,2.9812184902051094e-08,4.69216073763255e-08,0.1969790750042177,0.1969790750042177,1.573907029306573
baseline,lower,0.35810334373974495,2.9751353600995584e-08,4.674505832450522e-08,0.19622897632925973,0.19622897632925973,1.571190976767557
baseline,lower,0.3609512618015944,2.969064642526663e-08,4.656823476010726e-08,0.19547012248475237,0.19547012248475237,1.568447991771505
baseline,lower,0.36382182873681723,2.9630063121588487e-08,4.6394073006184696e-08,0.1947299248968299,0.1947299248968299,1.5657770560867261
baseline,lower,0.3667152246669812,2.9569603437202156e-08,4.6222792700451616e-08,0.19401068107961092,0.19401068107961092,1.5631860873148444
baseline,lower,0.3696316311461212,2.9509267119864392e-08,4.6046790293737726e-08,0.19324093927889052,0.19324093927889052,1.5604179563897393
baseline,lower,0.3725712311721318,2.9458882100986227e-08,4.587431437454978e-08,0.1923533241471693,0.1923533241471693,1.5572320163844233
baseline,lower,0.3755342091982508,2.9413676109868293e-08,4.570358989133081e-08,0.1914010081915611,0.1914010081915611,1.5538210769920475
baseline,lower,0.37852075114463185,2.93685394893947e-08,4.553006163357313e-08,0.19041588880756333,0.19041588880756333,1.5503005060913746
baseline,lower,0.3815310444100111,2.9323472133113112e-08,4.5356712214460703e-08,0.18942617324568276,0.18942617324568276,1.5467715422159125
baseline,lower,0.38456527788346684,2.927847393473436e-08,4.518982799857929e-08,0.18849225183199356,0.18849225183199356,1.543448886691071
baseline,lower,0.38762364195627047,2.923354478813256e-08,4.501584052813852e-08,0.1874838835920994,0.1874838835920994,1.5398693813694748
baseline,lower,0.390706328533834,2.918868458734464e-08,4.484563010084122e-08,0.18650560684000975,0.18650560684000975,1.5364046285348871
baseline,lower,0.3938135310477513,2.914389322657011e-08,4.467437457059958e-08,0.18551091408487605,0.18551091408487605,1.5328897283315097
baseline,lower,0.3969454444679362,2.9099170600170845e-08,4.4505573867528406e-08,0.18453379465209524,0.18453379465209524,1.5294447556270592
baseline,lower,0.40010226531485543,2.9054516602670833e-08,4.435205496099991e-08,0.18370009255463066,0.18370009255463066,1.526511542681211
baseline,lower,0.4032841916718601,2.9009931128755914e-08,4.422537985447757e-08,0.18312487401567787,0.18312487401567787,1.524491032336145
baseline,lower,0.40649142319761583,2.896541407327354e-08,4.4110867140606984e-08,0.1826658540044583,0.1826658540044583,1.522880599221545
baseline,lower,0.40972416113862964,2.8920965331232515e-08,4.399723692991664e-08,0.18221261836415797,0.18221261836415797,1.5212921292915096
baseline,lower,0.4129826083418782,2.8876638482505398e-08,4.388158732953509e-08,0.18173569313010332,0.18173569313010332,1.5196224226763888
baseline,lower,0.4162669692675369,2.883903619343891e-08,4.376932797850571e-08,0.18118913655510308,0.18118913655510308,1.51771119134916
baseline,lower,0.41957745000180763,2.880148286894092e-08,4.365471191993514e-08,0.18061627827288176,0.18061627827288176,1.5157105666601534
baseline,lower,0.4229142582698514,2.8763978445251245e-08,4.354433536882071e-08,0.18008271152588678,0.18008271152588678,1.5138495341213696
baseline,lower,0.42627760344882193,2.8726522858692726e-08,4.34288756233326e-08,0.17949552467827787,0.17949552467827787,1.5118041204277148
baseline,lower,0.42966769658100473,2.8689116045671117e-08,4.331500681746659e-08,0.17892121989650087,0.17892121989650087,1.509806253650759
baseline,lower,0.43308475038705796,2.865175794267499e-08,4.320390523681655e-08,0.17837173135548845,0.17837173135548845,1.5078971881326364
baseline,lower,0.43652897927936113,2.8614448486275614e-08,4.3086958636684644e-08,0.17776046003448004,0.17776046003448004,1.5057763093826708
baseline,lower,0.4400005993754692,2.8577187613126918e-08,4.297502810236456e-08,0.17719668332488772,0.17719668332488772,1.5038228633325696
baseline,lower,0.44349982851167263,2.8539975259965137e-08,4.285885938174099e-08,0.1765870165159358,0.1765870165159358,1.5017132632858963
baseline,lower,0.4470268862566664,2.8502811363609062e-08,4.274640621305413e-08,0.17601190989369986,0.17601190989369986,1.4997259627389095
baseline,lower,0.4505819939253285,2.8465695860959704e-08,4.263114903741654e-08,0.1754052334789513,0.1754052334789513,1.4976324220439856
baseline,lower,0.45416537459260503,2.842862868900023e-08,4.252097020497274e-08,0.17484725415790783,0.17484725415790783,1.4957095071358542
baseline,lower,0.4577772531075089,2.8391609784795876e-08,4.240709518182131e-08,0.17424850757814786,0.17424850757814786,1.493648845671686
baseline,lower,0.461417856107229,2.8357875995663395e-08,4.2292623286224486e-08,0.17359092490217254,0.17359092490217254,1.4913889634291386
baseline,lower,0.46508741203134973,2.832999034212049e-08,4.21775797651093e-08,0.17283522895546885,0.17283522895546885,1.488796122263426
baseline,lower,0.46878615113618627,2.8302132109872303e-08,4.206482290774315e-08,0.17209991103042824,0.17209991103042824,1.4862775265284756
baseline,lower,0.4725143055092318,2.8274301271954045e-08,4.194883067050605e-08,0.17132797807700226,0.17132797807700226,1.4836381018588105
baseline,lower,0.47627210908372164,2.8246497801427625e-08,4.183824429535879e-08,0.17060884283800343,0.17060884283800343,1.4811834227903544
baseline,lower,0.48005979765331075,2.8218721671381372e-08,4.1722693025088104e-08,0.16983499654106907,0.16983499654106907,1.4785465305964614
baseline,lower,0.4838776088868696,2.8190972854930095e-08,4.160931796399302e-08,0.16908053375261115,0.16908053375261115,1.4759802074980999
baseline,lower,0.48772578234339825,2.8163251325215027e-08,4.1494440785034816e-08,0.16830712525616406,0.16830712525616406,1.4733540636298676
baseline,lower,0.4916045594870568,2.8135557055403878e-08,4.138139994965282e-08,0.16754966077384026,0.16754966077384026,1.4707865875257256
baseline,lower,0.49551418370231726,2.8107890018690567e-08,4.126693100689028e-08,0.16677392634883237,0.16677392634883237,1.4681618214476255
baseline,lower,0.4994549003092362,2.8080250188295544e-08,4.1157137308820864e-08,0.16604418678498156,0.16604418678498156,1.4656969589956164
baseline,lower,0.5034269565788466,2.8052637537465536e-08,4.108845335810367e-08,0.16574609363877182,0.16574609363877182,1.4646912720141994
baseline,lower,0.5074306017486744,2.8025052039473586e-08,4.103213703474982e-08,0.16557770876507757,0.16557770876507757,1.464123491259021
baseline,lower,0.511466087038377,2.7997493667619005e-08,4.0976125538551885e-08,0.1654117365836365,0.1654117365836365,1.4635640613053713
baseline,lower,0.5155336656655084,2.7968134117810983e-08,4.09182543342819e-08,0.1652536038797221,0.1652536038797221,1.4630312541380397
baseline,lower,0.5196335928614055,2.7938049503489017e-08,4.086076338292312e-08,0.16511039355443907,0.16511039355443907,1.462548893322716
baseline,lower,0.5237661258872047,2.7907997250425585e-08,4.080222886350135e-08,0.16495521599913054,0.16495521599913054,1.4620264040222066
baseline,lower,0.5279315240499853,2.78779773238105e-08,4.0744352746992106e-08,0.1648061626225159,0.1648061626225159,1.4615247108402112
baseline,lower,0.5321300487190382,2.784798968887102e-08,4.068568634357796e-08,0.1646477972133562,0.1646477972133562,1.4609918632596057
baseline,lower,0.5363619633422679,2.7818034310871864e-08,4.062566252289927e-08,0.16447401806587256,0.16447401806587256,1.4604073770597772
baseline,lower,0.5406275334627235,2.778811115511494e-08,4.056704320520034e-08,0.1643143271740648,0.1643143271740648,1.4598704812555492
baseline,lower,0.5449270267352594,2.7758220186939655e-08,4.050694767423059e-08,0.1641379025608405,0.1641379025608405,1.459277554592252
baseline,lower,0.5492607129433307,2.7728361371722647e-08,4.04469864228238e-08,0.1639619638652894,0.1639619638652894,1.4586865008211987
baseline,lower,0.5536288640159229,2.7698534674877785e-08,4.036093522526524e-08,0.1635044266008618,0.1635044266008618,1.4571505568441527
baseline,lower,0.5580317540446126,2.7668740061856154e-08,4.026592336681387e-08,0.16294827932966613,0.16294827932966613,1.4552857584695034
baseline,lower,0.5624696593007673,2.7638977498145992e-08,4.017266498271526e-08,0.16240867069790885,0.16240867069790885,1.453478696359517
baseline,lower,0.5669428582528805,2.760924694927267e-08,4.008072658381992e-08,0.16188102454050135,0.16188102454050135,1.451713864469447
baseline,lower,0.5714516315840459,2.758034764333897e-08,3.998976981443042e-08,0.16134916824635503,0.16134916824635503,1.449937119414392
baseline,lower,0.5759962622095681,2.7564711037862816e-08,3.989328375817141e-08,0.16054634199565496,0.16054634199565496,1.4472592766662453
baseline,lower,0.5805770352947155,2.7549083297518907e-08,3.979958751091275e-08,0.15977141882857465,0.15977141882857465,1.4446791960768122
baseline,lower,0.5851942382726147,2.7533464417281293e-08,3.970603866668044e-08,0.15899570093945942,0.15899570093945942,1.4421010761638506
baseline,lower,0.589848160862285,2.7517854392126652e-08,3.9613558032793573e-08,0.15822928356236243,0.15822928356236243,1.4395583851961844
baseline,lower,0.5945390950868173,2.7502253217034668e-08,3.951943026254503e-08,0.1574423985303675,0.1574423985303675,1.4369524544289711
baseline,lower,0.5992673352917006,2.748666088698788e-08,3.942796287834388e-08,0.1566823545661791,0.1566823545661791,1.4344398921517958
baseline,lower,0.6040331781632879,2.74710773969715e-08,3.9334467756213115e-08,0.1558975855169802,0.1558975855169802,1.4318502033178164
baseline,lower,0.6088369227474149,2.7455502741973755e-08,3.9241812310118285e-08,0.1551196557021086,0.1551196557021086,1.42928769794937
baseline,lower,0.6136788704681635,2.7439936916985705e-08,3.9150589813641614e-08,0.15435520058559685,0.15435520058559685,1.4267740458764266
baseline,lower,0.6185593251467766,2.7424379917001094e-08,3.9058796339789054e-08,0.15358203899049,0.15358203899049,1.4242362619683326
baseline,lower,0.6234785930207208,2.740883173701666e-08,3.896755497328583e-08,0.1528126320156984,0.1528126320156984,1.4217152831311186
baseline,lower,0.6284369827629024,2.7393292372031984e-08,3.88745094264217e-08,0.15202068872268004,0.15202068872268004,1.4191251237150235
baseline,lower,0.6334348055010374,2.7377761817049316e-08,3.8786502248750914e-08,0.15128267599582035,0.15128267599582035,1.4167155996147531
baseline,lower,0.6384723748371717,2.736026475768826e-08,3.869009647885154e-08,0.15047951707751214,0.15047951707751214,1.4140980294417507
baseline,lower,0.6435500068673603,2.7339897716890053e-08,3.859810891979414e-08,0.149769141852115,0.149769141852115,1.4117868808246852
baseline,lower,0.6486680202015025,2.7319545837361465e-08,3.8506725802809804e-08,0.1490631171496766,0.1490631171496766,1.4094936289222297
baseline,lower,0.6538267359833315,2.7299209107816474e-08,3.841452610878857e-08,0.1483454148222459,0.1483454148222459,1.4071662646735612
baseline,lower,0.6590264779105673,2.7278887516977284e-08,3.8323302465467185e-08,0.14763627181400274,0.14763627181400274,1.4048704310839766
baseline,lower,0.6642675722552283,2.7258581053574667e-08,3.823006575175144e-08,0.14690180008913684,0.14690180008913684,1.4024965450920996
baseline,lower,0.6695503478841022,2.7238289706347725e-08,3.8138321298231e-08,0.14618173843972926,0.14618173843972926,1.4001731279531506
baseline,lower,0.6748751362793831,2.721801346404394e-08,3.8044413141211426e-08,0.1454344646505064,0.1454344646505064,1.397765975517265
baseline,lower,0.6802422715594711,2.719775231541918e-08,3.7951597011812366e-08,0.1446970414004349,0.1446970414004349,1.395394610983957
baseline,lower,0.6856520904999378,2.7177506249237676e-08,3.7860664187756204e-08,0.14397862422398072,0.14397862422398072,1.3930882340913155
baseline,lower,0.6911049325546569,2.715727525427208e-08,3.77676399290222e-08,0.1432336528164049,0.1432336528164049,1.3907006345594637
baseline,lower,0.696601139877105,2.7137059319303233e-08,3.7678458269879635e-08,0.14253034000881998,0.14253034000881998,1.3884503043068508
baseline,lower,0.702141057341832,2.7116858433120495e-08,3.759552421307304e-08,0.1418967709565164,0.1418967709565164,1.3864262449795406
baseline,lower,0.7077250325660989,2.709667258452152e-08,3.754029481139401e-08,0.14158171521719873,0.14158171521719873,1.3854208369790102
baseline,lower,0.7133534159316914,2.7088519631095755e-08,3.748469524944073e-08,0.14106871259456533,0.14106871259456533,1.3837852994524986
baseline,lower,0.7190265606069066,2.708424357705601e-08,3.7425975517306714e-08,0.14045641826690944,0.14045641826690944,1.381835730831026
baseline,lower,0.7247448225687109,2.7079968198012104e-08,3.736924887728769e-08,0.13986621861924586,0.13986621861924586,1.379959112360808
baseline,lower,0.7305085606250786,2.7075693493857436e-08,3.731202248635101e-08,0.1392692013831178,0.1392692013831178,1.3780634093385586
baseline,lower,0.7363181364375058,2.7071419464485584e-08,3.725346730564027e-08,0.1386556720239556,0.1386556720239556,1.3761179887339228
baseline,lower,0.7421739145437043,2.706714610978997e-08,3.7195766989711984e-08,0.13805105114854221,0.13805105114854221,1.374203502609334
baseline,lower,0.7480762623804748,2.706287342966409e-08,3.7137912060249556e-08,0.13744357711948932,0.13744357711948932,1.372282664543006
baseline,lower,0.7540255503067622,2.705860142400147e-08,3.7083440250247166e-08,0.1368746715749794,0.1368746715749794,1.3704862150544663
baseline,lower,0.7600221516268976,2.705433009269558e-08,3.702330965613845e-08,0.136238454812748,0.136238454812748,1.3684800004023905
baseline,lower,0.7660664426140182,2.7050059435640082e-08,3.696543928020556e-08,0.13562764782368483,0.13562764782368483,1.3665566749735627
baseline,lower,0.7721588025336806,2.7045789452728488e-08,3.6905680019483694e-08,0.13499354919685388,0.13499354919685388,1.36456286787223
baseline,lower,0.7782996136676584,2.7041520143854382e-08,3.684591231938786e-08,0.13435821239816284,0.13435821239816284,1.3625680850549995
baseline,lower,0.7844892613379284,2.703725150891136e-08,3.678837275761093e-08,0.13374803731907023,0.13374803731907023,1.360655048294596
baseline,lower,0.7907281339308488,2.703256703740457e-08,3.6728755663006326e-08,0.13311892643057896,0.13311892643057896,1.3586854556648387
baseline,lower,0.797016622921532,2.7024365770433807e-08,3.666976336203717e-08,0.13255259700033675,0.13255259700033675,1.356914855043739
baseline,lower,0.8033551228984048,2.7016166991601886e-08,3.661926415049057e-08,0.1320858809939649,0.1320858809939649,1.355457425247403
baseline,lower,0.8097440315879714,2.7007970700153933e-08,3.657928256396104e-08,0.13174322953080786,0.13174322953080786,1.3543884125937886
baseline,lower,0.816183749879767,2.6999776895335324e-08,3.654098857764402e-08,0.13142011704158657,0.13142011704158657,1.3533811304921228
baseline,lower,0.8226746818515163,2.699158557639165e-08,3.649795352050971e-08,0.1310401165582951,0.1310401165582951,1.3521974623244386
baseline,lower,0.8292172347944844,2.6983396742568736e-08,3.6457314074349383e-08,0.13068805071441855,0.13068805071441855,1.3511017320082126
baseline,lower,0.8358118192390357,2.697521039311263e-08,3.641615758435213e-08,0.13032927906673214,0.13032927906673214,1.3499860447297933
baseline,lower,0.8424588489803945,2.6967026527269616e-08,3.6374736666816035e-08,0.1299667955912245,0.1299667955912245,1.3488597502595678
baseline,lower,0.8491587411046072,2.6958845144286203e-08,3.6333266975111605e-08,0.12960316596424187,0.12960316596424187,1.3477308386413676
baseline,lower,0.8559119160147152,2.6950666243409188e-08,3.629284317624467e-08,0.1292514863173793,0.1292514863173793,1.3466399252790318
baseline,lower,0.8627187974571348,2.6942489823885424e-08,3.6251196152004914e-08,0.12888461371727014,0.12888461371727014,1.3455028243108775
baseline,lower,0.8695798125482445,2.6934315884962162e-08,3.620807667206203e-08,0.12849950703805121,0.12849950703805121,1.3443102407615837
baseline,lower,0.8764953918011862,2.6926144425886828e-08,3.616554854880998e-08,0.12812088581682526,0.12812088581682526,1.343138771626003
baseline,lower,0.883465969152881,2.692000120898177e-08,3.612267025338663e-08,0.12770477160874977,0.12770477160874977,1.3418524751527283
baseline,lower,0.8904919819912542,2.6916280702986237e-08,3.60800033081913e-08,0.12725151989061165,0.12725151989061165,1.3404527804686026
baseline,lower,0.897573871182683,2.6912560711187e-08,3.603536077287377e-08,0.1267738518712837,0.1267738518712837,1.3389792654659802
baseline,lower,0.9047120810996585,2.6908841233512993e-08,3.599538691806308e-08,0.12635184991308263,0.12635184991308263,1.3376788173707554
baseline,lower,0.911907059648671,2.690512226989316e-08,3.5950050368221386e-08,0.12586453316123505,0.12586453316123505,1.336178665445037
baseline,lower,0.9191592582983126,2.6901403820256452e-08,3.590774253687906e-08,0.1254131588003995,0.1254131588003995,1.3347906591343361
baseline,lower,0.9264691321076065,2.689768588453184e-08,3.586531879791201e-08,0.12495977800562579,0.12495977800562579,1.3333979343753593
baseline,lower,0.9338371397545634,2.6893968462648296e-08,3.5819903621499524e-08,0.12446952172150369,0.12446952172150369,1.3318935683013096
baseline,lower,0.9412637435649586,2.68902515545348e-08,3.5778315109207226e-08,0.12402501968776929,0.12402501968776929,1.330531067611881
baseline,lower,0.9487494095413441,2.6886535160120354e-08,3.573476314552373e-08,0.12355606913853377,0.12355606913853377,1.3290951374994415
baseline,lower,0.9562946073922904,2.68828192793339e-08,3.568926866209358e-08,0.12306283607062073,0.12306283607062073,1.3275865262215865
baseline,lower,0.9638998105618566,2.687910391210456e-08,3.56440297324538e-08,0.12257201102497994,0.12257201102497994,1.3260869800202713
baseline,lower,0.9715654962592999,2.687538905836131e-08,3.5598638601325845e-08,0.12207862958594441,0.12207862958594441,1.3245813306747503
baseline,lower,0.9792921454890187,2.687167471803318e-08,3.5554737124006704e-08,0.12160273828177541,0.12160273828177541,1.3231306755937489
baseline,lower,0.9870802430807362,2.687815104313176e-08,3.550972823407434e-08,0.1209479583878927,0.1209479583878927,1.3211373124993369
baseline,lower,0.9949302777199195,2.6887096413291908e-08,3.546666121380149e-08,0.12027640196795718,0.12027640196795718,1.31909599566386
baseline,lower,1.0028427419784451,2.6896044760578295e-08,3.544336092736273e-08,0.11984647842079893,0.11984647842079893,1.317790821768422
baseline,lower,1.0108181323455083,2.6904996085981693e-08,3.543694464888742e-08,0.11962333702835881,0.11962333702835881,1.3171139120645003
baseline,lower,1.0188569492587731,2.6913950390493196e-08,3.543694464888742e-08,0.11947882267684842,0.11947882267684842,1.3166757066404045
baseline,lower,1.0269596971357755,2.6922907675104402e-08,3.543694464888742e-08,0.11933430832533713,0.11933430832533713,1.3162376470077912
baseline,lower,1.0351268844055765,2.693186794080701e-08,3.543694464888742e-08,0.11918979397382669,0.11918979397382669,1.315799733118161
baseline,lower,1.0433590235406611,2.6940831188593274e-08,3.543694464888742e-08,0.1190452796223154,0.1190452796223154,1.3153619649230197
baseline,lower,1.0516566310890967,2.6949797419455554e-08,3.543694464888742e-08,0.11890076527080497,0.11890076527080497,1.3149243423738999
baseline,lower,1.0600202277069464,2.695876663438677e-08,3.543694464888742e-08,0.11875625091929368,0.11875625091929368,1.3144868654223396
baseline,lower,1.0684503381909365,2.6967738834379995e-08,3.543694464888742e-08,0.11861173656778236,0.11861173656778236,1.314049534019901
baseline,lower,1.0769474915113886,2.697671402042864e-08,3.543555890580994e-08,0.11845023902697346,0.11845023902697346,1.3135609799983672
baseline,lower,1.0855122208454089,2.698569219352661e-08,3.543199634639128e-08,0.11826206012705853,0.11826206012705853,1.312991940035942
baseline,lower,1.0941450636103474,2.6995431185930184e-08,3.5429845831014986e-08,0.11807899389986336,0.11807899389986336,1.3124385969978785
baseline,lower,1.1028465614975158,2.7009313991219588e-08,3.5420217339417995e-08,0.11773766801037854,0.11773766801037854,1.3114075148644164
baseline,lower,1.1116172605061792,2.702320393594979e-08,3.539606046091045e-08,0.11721808952501254,0.11721808952501254,1.3098395195775434
baseline,lower,1.120457710977817,2.7037101023792353e-08,3.537123531993798e-08,0.1166901037871533,0.1166901037871533,1.308248073223963
baseline,lower,1.1293684676306543,2.7051005258420726e-08,3.534896101285783e-08,0.11619324459152129,0.11619324459152129,1.3067522140181476
baseline,lower,1.1383500895944692,2.7064916643510254e-08,3.53243815433947e-08,0.11566787313460217,0.11566787313460217,1.3051723753180278
baseline,lower,1.1474031404456786,2.7078835182738115e-08,3.5295320809230445e-08,0.11508715477768307,0.11508715477768307,1.3034283258878903
baseline,lower,1.156528188242699,2.709276087978354e-08,3.527001494408024e-08,0.1145523797412364,0.1145523797412364,1.301824317594687
baseline,lower,1.1657258055615927,2.710669373832749e-08,3.524410216691647e-08,0.11400990254152346,0.11400990254152346,1.300199224115743
baseline,lower,1.174996569531994,2.712063376205287e-08,3.521919694651984e-08,0.11347961512152778,0.11347961512152778,1.2986126082274103
baseline,lower,1.1843410618733257,2.7134580954644483e-08,3.5192146276627926e-08,0.11292263506217819,0.11292263506217819,1.2969482128893637
baseline,lower,1.193759868931297,2.7148535319789032e-08,3.516859678630548e-08,0.11240863637530205,0.11240863637530205,1.2954141493103124
baseline,lower,1.203253581714697,2.71624968611751e-08,3.514980975704217e-08,0.11195328966720111,0.11195328966720111,1.2940566523280042
baseline,lower,1.2128227959324809,2.7176465582493186e-08,3.5151753464764715e-08,0.11175401949896456,0.11175401949896456,1.2934630280770996
baseline,lower,1.2224681120311462,2.719080581339767e-08,3.515379044364281e-08,0.11155008119580949,0.11155008119580949,1.2928557794459168
baseline,lower,1.232190135232411,2.720551174493433e-08,3.5156988693264265e-08,0.11135476975969102,0.11135476975969102,1.2922744855115802
baseline,lower,1.2419894755711918,2.7220225630057302e-08,3.516031353729388e-08,0.11116101840589293,0.11116101840589293,1.2916980929970294
baseline,lower,1.251866747933878,2.7240879479651733e-08,3.51608577644122e-08,0.11083833654395919,0.11083833654395919,1.290738714610022
baseline,lower,1.2618225720969176,2.7287139380524876e-08,3.516414331374526e-08,0.1101420321449265,0.1101420321449265,1.288670931143566
baseline,lower,1.271857572765707,2.7333477839009584e-08,3.516612118304358e-08,0.10942957467088556,0.10942957467088556,1.2865586073666582
baseline,lower,1.2819723796137883,2.737989498851077e-08,3.5167525176461155e-08,0.10871002891276761,0.10871002891276761,1.284428782185551
baseline,lower,1.2921676273223592,2.7405333478278596e-08,3.5168400410385805e-08,0.1083175243413565,0.1083175243413565,1.2832684717469391
baseline,lower,1.3024439556200997,2.7417557564586256e-08,3.517724232105315e-08,0.10823302647901206,0.10823302647901206,1.2830188188057148
baseline,lower,1.3128020093233148,2.742978710341965e-08,3.520312438307984e-08,0.10835877329267968,0.10835877329267968,1.2833903613743725
baseline,lower,1.323242438376391,2.7444594864068995e-08,3.522885632459773e-08,0.10844172027394365,0.10844172027394365,1.2836355026949238
baseline,lower,1.3337658978925813,2.7475471183879918e-08,3.525527011384215e-08,0.1082788974553477,0.1082788974553477,1.283154340753461
baseline,lower,1.3443730481951144,2.7506382240845028e-08,3.5282637593856625e-08,0.10812757000867453,0.10812757000867453,1.2827073107951072
baseline,lower,1.3550645548586238,2.75373280740452e-08,3.5308665495203265e-08,0.10795950484122055,0.10795950484122055,1.2822110191759235
baseline,lower,1.3658410887509134,2.7637983379530715e-08,3.5335137159827e-08,0.10670043012241334,0.10670043012241334,1.2784991102497358
baseline,lower,1.3767033260750554,2.7670306184987232e-08,3.536015369086935e-08,0.10650017914026844,0.10650017914026844,1.2779097366856862
baseline,lower,1.3876519484118153,2.7702666792179738e-08,3.5387208362142496e-08,0.10632472486519799,0.10632472486519799,1.277393567471708
baseline,lower,1.3986876427624235,2.774002226139191e-08,3.54103575438572e-08,0.10602350665970393,0.10602350665970393,1.276507899315594
baseline,lower,1.409811101591681,2.7783233656970642e-08,3.542682454632999e-08,0.10554943510350073,0.10554943510350073,1.275115236179199
baseline,lower,1.421023022871413,2.7826512364128663e-08,3.543889608344684e-08,0.10502140776772959,0.10502140776772959,1.2735658576146736
baseline,lower,1.4323241101242608,2.7866024024535802e-08,3.5452901601716805e-08,0.10457677810351564,0.10457677810351564,1.2722626511231319
baseline,lower,1.4437150724678285,2.7913952305870865e-08,3.5464513789703276e-08,0.10397267802694897,0.10397267802694897,1.2704941744220282
baseline,lower,1.45519662465918,2.7958245100902757e-08,3.547642984886815e-08,0.10343000048573621,0.10343000048573621,1.2689076056394768
baseline,lower,1.4667694871396855,2.799410650934523e-08,3.548998034559851e-08,0.10303914820230806,0.10303914820230806,1.2677661397677022
baseline,lower,1.478434386080228,2.806698486715063e-08,3.550222417308909e-08,0.10205980146903483,0.10205980146903483,1.2649105110909369
baseline,lower,1.4901920534267727,2.8117882802359933e-08,3.551307905202813e-08,0.10140571167454658,0.10140571167454658,1.2630068665428649
baseline,lower,1.502043226946289,2.8182425221607358e-08,3.553745464625439e-08,0.10070795511066866,0.10070795511066866,1.2609792935424151
baseline,lower,1.5139886502730466,2.823026120597492e-08,3.5619069713621786e-08,0.10096767596473201,0.10096767596473201,1.2617336217237347
baseline,lower,1.5260290729552801,2.8291530758698603e-08,3.5702475923237286e-08,0.10104188865712607,0.10104188865712607,1.2619492464987987
baseline,lower,1.5381652505022154,2.8353131935268523e-08,3.578798167569351e-08,0.10113616751487785,0.10113616751487785,1.2622232266050566
baseline,lower,1.5503979444314797,2.8417128153737327e-08,3.58715558460042e-08,0.10117002776984842,0.10117002776984842,1.2623216410869615
baseline,lower,1.5627279223168842,2.8481268818893336e-08,3.595411959536657e-08,0.10118932581248692,0.10118932581248692,1.2623777340817077
baseline,lower,1.5751559578365892,2.8548140517011974e-08,3.6037391774136514e-08,0.10117552541048709,0.10117552541048709,1.2623376206468389
baseline,lower,1.587682830821648,2.8628128022265943e-08,3.612252301677525e-08,0.10098512579984041,0.10098512579984041,1.2617843188587263
baseline,lower,1.60030932730494,2.870833964022507e-08,3.6206107693959725e-08,0.10077376327127933,0.10077376327127933,1.2611703828120056
baseline,lower,1.6130362395704958,2.8784839756356463e-08,3.628102935714787e-08,0.10051578416350626,0.10051578416350626,1.2604214462974748
baseline,lower,1.6258643662032064,2.885309274680606e-08,3.635413047282874e-08,0.10036138977178505,0.10036138977178505,1.2599734382669607
baseline,lower,1.638794512138935,2.892150757490161e-08,3.6431766065433e-08,0.10025929716840758,0.10025929716840758,1.259677282419706
baseline,lower,1.6518274887150266,2.9000704593007602e-08,3.6504288393009946e-08,0.09993533728880342,0.09993533728880342,1.2587379825872074
baseline,lower,1.6649641137212143,2.908946283422093e-08,3.657968520540218e-08,0.09950426209614002,0.09950426209614002,1.2574891951036555
baseline,lower,1.6782052114509354,2.9178492724881823e-08,3.665675001138757e-08,0.09909110400932337,0.09909110400932337,1.256293474684136
baseline,lower,1.6915516127530528,2.9287991531059037e-08,3.673324882073655e-08,0.09836975031855213,0.09836975031855213,1.2542085305433814
baseline,lower,1.7050041550839925,2.9390839452042975e-08,3.68289754229858e-08,0.09797764657632688,0.09797764657632688,1.2530766765978096
baseline,lower,1.7185636825602872,2.949227706600918e-08,3.6956218038096624e-08,0.09797921549832372,0.09797921549832372,1.2530812034412182
baseline,lower,1.7322310460115447,2.9583095533447432e-08,3.708505392583134e-08,0.09815529885970252,0.09815529885970252,1.2535893643686475
baseline,lower,1.746007103033838,2.967419366711862e-08,3.7216310008271575e-08,0.09835438393325542,0.09835438393325542,1.2541641544083546
baseline,lower,1.7598927180435133,2.9783461294023788e-08,3.7347319523747976e-08,0.09828426925272724,0.09828426925272724,1.2539616921973376
baseline,lower,1.7738887623314317,2.9880455684971334e-08,3.748012864284124e-08,0.09841385654357199,0.09841385654357199,1.2543359123432725
baseline,lower,1.787996114117644,3.0010076082476875e-08,3.7613838908784934e-08,0.09808056378247706,0.09808056378247706,1.2533736604136088
baseline,lower,1.8022156586064912,3.0124538125287196e-08,3.776437955186395e-08,0.09816195691594581,0.09816195691594581,1.2536085829698982
baseline,lower,1.8165482880421526,3.0268428607736936e-08,3.794251135532183e-08,0.09813619772831925,0.09813619772831925,1.2535342302382793
baseline,lower,1.8309949017646339,3.043490856636376e-08,3.813140486368229e-08,0.09791080477910796,0.09791080477910796,1.2528838317531399
baseline,lower,1.845556406266193,3.056116234019776e-08,3.832660923031203e-08,0.0983305309094309,0.0983305309094309,1.2540952730682045
baseline,lower,1.8602337152482264,3.0687939855227574e-08,3.8523813164121803e-08,0.09876153359204307,0.09876153359204307,1.2553404805229835
baseline,lower,1.8750277496785963,3.084700060631853e-08,3.8723880815274464e-08,0.09876593277667114,0.09876593277667114,1.2553531965549505
baseline,lower,1.8899394378494263,3.096420237373021e-08,3.892564906059171e-08,0.09937596566019656,0.09937596566019656,1.2571177707330816
baseline,lower,1.9049697154353422,3.111156610524905e-08,4.043558685949565e-08,0.11384187726820645,0.11384187726820645,1.2996962840990982
baseline,lower,1.9201195255521866,3.128405925403542e-08,4.065762614837717e-08,0.11381891836082847,0.11381891836082847,1.299627577681839
baseline,lower,1.9353898188162006,3.146065694071277e-08,4.0885145349225604e-08,0.1137977590014465,0.1137977590014465,1.2995642597760488
baseline,lower,1.9507815534036663,3.1649613946098044e-08,4.111657660447096e-08,0.11364853085119901,0.11364853085119901,1.2991177925423025
baseline,lower,1.9662956951110344,3.1839705853082775e-08,4.135156153069824e-08,0.11352286725136111,0.11352286725136111,1.2987419457172689
baseline,lower,1.9819332174155266,3.2380194735586716e-08,4.159070463659579e-08,0.10871682202927778,0.10871682202927778,1.2844488730293666
baseline,lower,1.9976951015362157,3.297226568032931e-08,4.185318315731869e-08,0.1035797033955301,0.1035797033955301,1.2693450781663325
baseline,lower,2.0135823364955954,3.337402913432475e-08,4.2167342817778493e-08,0.10156759400452041,0.10156759400452041,1.2634777373766337
baseline,lower,2.0295959191816437,3.3652191148883716e-08,4.251432573370277e-08,0.10152194856763153,0.10152194856763153,1.263344949682809
baseline,lower,2.04573685441037,3.3982242924835025e-08,4.2869258276956223e-08,0.10089392926927046,0.10089392926927046,1.2615193873982449
baseline,lower,2.0620061549888655,3.428486202207165e-08,4.3235573981224735e-08,0.10073882289450604,0.10073882289450604,1.261068921712179
baseline,lower,2.0784048417788585,3.4592952522581955e-08,4.360787036971967e-08,0.10057724721544488,0.10057724721544488,1.2605998386883241
baseline,lower,2.094933943760769,3.4978483669195696e-08,4.400357006236309e-08,0.09968693403041229,0.09968693403041229,1.2580182285350312
baseline,lower,2.1115944980982717,3.5383112715097715e-08,4.441946349530175e-08,0.09877727286350173,0.09877727286350173,1.2553859761565944
baseline,lower,2.1283875502033824,3.580102294715013e-08,4.4845514989186093e-08,0.09782357968333685,0.09782357968333685,1.2526322238162733
baseline,lower,2.1453141538020493,3.6223869120352286e-08,4.528726448422934e-08,0.09698125247087216,0.09698125247087216,1.2502050604744706
baseline,lower,2.1623753710002735,3.6687021426734596e-08,4.574160797087123e-08,0.09579897408328543,0.09579897408328543,1.246806259870919
baseline,lower,2.1795722723507556,3.7161197704432526e-08,4.6236859474390884e-08,0.0948986251766027,0.0948986251766027,1.2442241458992542
baseline,lower,2.196905936920068,3.769000442116825e-08,4.6746197904620124e-08,0.0935201049709882,0.0935201049709882,1.2402810406242761
baseline,lower,2.214377452356364,3.824003290333419e-08,4.734634147357888e-08,0.09276816872726719,0.09276816872726719,1.2381354794663553
baseline,lower,2.2319879149576325,3.883185467425644e-08,4.7988515611667745e-08,0.09194918280332935,0.09194918280332935,1.235802822559534
baseline,lower,2.2497384297404746,3.944594032426923e-08,4.8695807053384784e-08,0.09148925458716127,0.09148925458716127,1.234494770642457
baseline,lower,2.2676301105094514,3.99973984260292e-08,4.944013053002148e-08,0.09204786451178483,0.09204786451178483,1.236083657327253
baseline,lower,2.2856640799269696,4.0524859141422056e-08,5.021779489291793e-08,0.09313612456882588,0.09313612456882588,1.2391849338123508
baseline,lower,2.3038414695837255,4.1129574555592854e-08,5.1115001414199914e-08,0.09439415995683659,0.09439415995683659,1.2427797264255735
baseline,lower,2.3221634200697108,4.177331720505597e-08,5.2154214819123655e-08,0.09639044767852312,0.09639044767852312,1.2485054649385434
baseline,lower,2.340631081045778,4.2495258552168576e-08,5.333067212550134e-08,0.09863658117854789,0.09863658117854789,1.2549793539914778
baseline,lower,2.359245611315792,4.331453462779913e-08,5.462908771575159e-08,0.10079029533659863,0.10079029533659863,1.261218392051956
baseline,lower,2.3780081788993224,4.4244645408008074e-08,5.612545825376651e-08,0.10329918109316066,0.10329918109316066,1.2685254393203491
baseline,lower,2.3969199611049503,4.521770106682603e-08,5.784213903828717e-08,0.10693586665113128,0.10693586665113128,1.279192388679907
baseline,lower,2.4159821446041345,4.622085869766604e-08,6.004983085253435e-08,0.11367377882394696,0.11367377882394696,1.299193319737407
baseline,upper,0.021009756478003905,0.006726909262186202,0.006741850147511826,0.0009635255209267562,0.0009635255209267562,1.0022210624141477
baseline,upper,0.02117684250497005,0.006629081859455796,0.00659112241437045,-0.0024940042529530797,0.0024940042529530797,0.9942738005216816
baseline,upper,0.02134525733079383,0.006532677130995545,0.006446661924092329,-0.005756298751898636,0.005756298751898636,0.9868330846330825
baseline,upper,0.02151501152312377,0.006437674387284696,0.006314298269003892,-0.008403913774401008,0.008403913774401008,0.9808352969009293
baseline,upper,0.02168611573365059,0.006344053239683925,0.0061858783535364255,-0.010965443682468648,0.010965443682468648,0.9750672196194589
baseline,upper,0.02185858069877558,0.006251793596059716,0.006066677176355792,-0.013053745661901782,0.013053745661901782,0.9703898702253069
baseline,upper,0.022032417240284333,0.0061608756564723545,0.005951492124519679,-0.015016580374962885,0.015016580374962885,0.9660139980697865
baseline,upper,0.022207636266025715,0.006071279908926646,0.005843227936931228,-0.016627428030726067,0.016627428030726067,0.9624375789921806
baseline,upper,0.022384248770596357,0.00597244845947792,0.0057422200285932,-0.017072580961310795,0.017072580961310795,0.9614515834758923
baseline,upper,0.022562265836030514,0.00586734114823329,0.005642243899366118,-0.016989484753950432,0.016989484753950432,0.9616355614612675
baseline,upper,0.022741698632495488,0.005764083588719797,0.00554927894804767,-0.01649371393919364,0.01649371393919364,0.9627339476664608
baseline,upper,0.022922558418992458,0.005662643227717062,0.005460045134699585,-0.015822967206312426,0.015822967206312426,0.9642219922975518
baseline,upper,0.023104856544062993,0.005562988084898967,0.005373485295805691,-0.01505206495108124,0.01505206495108124,0.9659350719071839
baseline,upper,0.023288604446501174,0.005465086742751464,0.005291990314918422,-0.013978018836924727,0.013978018836924727,0.9683268654312531
baseline,upper,0.023473813656071305,0.005368908336667818,0.005212772674246925,-0.01281720329057689,0.01281720329057689,0.9709185457023842
baseline,upper,0.023660495794231382,0.005274422545218166,0.005136111069535447,-0.011540512230222401,0.011540512230222401,0.9737769443959107
baseline,upper,0.023848662574862386,0.005181599580590283,0.005063775979888387,-0.009989364531988574,0.009989364531988574,0.9772611528796532
baseline,upper,0.024038325805003192,0.005090410179198644,0.004994003392723292,-0.008303945622161173,0.008303945622161173,0.9810610966343524
baseline,upper,0.024229497385591502,0.005000825592458714,0.004925039446888899,-0.006631995155872418,0.006631995155872418,0.9848452732116671
baseline,upper,0.024422189312210622,0.004912817577723557,0.00485937560153013,-0.004750169449494507,0.004750169449494507,0.989121929453324
baseline,upper,0.024616413675842087,0.0048263583893800475,0.004797977688077338,-0.002561343992111729,0.002561343992111729,0.9941196448723828
baseline,upper,0.024812182663624394,0.004741420770101693,0.004735796703358523,-0.0005154469539125465,0.0005154469539125465,0.998813843568022
baseline,upper,0.025009508559617685,0.004668392994561254,0.004664520587528055,-0.00036039444443995716,0.00036039444443995716,0.9991705053456916
baseline,upper,0.025208403745574613,0.004597416045862455,0.004567390250595491,-0.0028456867352968174,0.0028456867352968174,0.9934689845410039
baseline,upper,0.02540888070171717,0.004527518210951305,0.004465661857580747,-0.005974370885369227,0.005974370885369227,0.9863376908742325
baseline,upper,0.02561095200751984,0.004458683083281912,0.004371874341229448,-0.008538933694790049,0.008538933694790049,0.9805304076492992
baseline,upper,0.025814630342498986,0.004390894505748919,0.004282052227131157,-0.01090104303400658,0.01090104303400658,0.9752118210821836
baseline,upper,0.026019928487008355,0.00432413656689513,0.00419841442713618,-0.012814095847344817,0.012814095847344817,0.9709254927974621
baseline,upper,0.02622685932304109,0.004258393597176713,0.004118117334317617,-0.014547083696388798,0.014547083696388798,0.9670588780351121
baseline,upper,0.026435435835038004,0.0041936501652852275,0.004041951720232531,-0.016001077044097915,0.016001077044097915,0.9638266333447537
baseline,upper,0.0266456711107024,0.0041298910745255326,0.0039711577940645445,-0.017021453222868792,0.017021453222868792,0.961564777957437
baseline,upper,0.02685757834182119,0.0040671013592488365,0.003901192428704294,-0.018087623233018938,0.018087623233018938,0.9592070824182299
baseline,upper,0.027071170825092705,0.004005266281339907,0.0038360470878129075,-0.018747464961706335,0.018747464961706335,0.9577508256279058
baseline,upper,0.027286461962961063,0.003944371326757706,0.0037737716589929713,-0.019202174471233017,0.019202174471233017,0.9567485782569642
baseline,upper,0.027503465264457072,0.003884402202128642,0.003712612657814531,-0.01964455063306667,0.01964455063306667,0.9557745219534757
baseline,upper,0.027722194346045927,0.003819875889533376,0.003656208224739442,-0.019018331332253606,0.019018331332253606,0.9571536695099465
baseline,upper,0.027942662932481644,0.0037416896219829143,0.003600761094064277,-0.016673451927749324,0.016673451927749324,0.9623355910948188
baseline,upper,0.02816488485766819,0.0036651036924042237,0.003547364323915556,-0.014180472145310478,0.014180472145310478,0.9678755695963862
baseline,upper,0.028388874065527564,0.0035900853446407103,0.0034969667122185075,-0.01141327462593272,0.01141327462593272,0.9740622788922803
baseline,upper,0.028614644610874786,0.0035166024929977587,0.003447956873123546,-0.008561454593950775,0.008561454593950775,0.9804795623017104
baseline,upper,0.02884221066029972,0.003444623708519572,0.003399827049672141,-0.005684961506343429,0.005684961506343429,0.9869951952265104
baseline,upper,0.029071586493056065,0.003374118205546837,0.0033544228829569967,-0.0025424811224188603,0.0025424811224188603,0.994162823769048
baseline,upper,0.02930278650195729,0.0033050558285495617,0.0033114756282778754,0.00084276315771786,0.00084276315771786,1.0019424179382563
baseline,upper,0.02953582519427984,0.003237407039229405,0.003267660410827538,0.004039609788728943,0.004039609788728943,1.0093449390921612
baseline,upper,0.029770717192673324,0.0031711429038860325,0.003226104706084984,0.0074626452472364045,0.0074626452472364045,1.0173318591639624
baseline,upper,0.030007477236078113,0.003106235081042014,0.0031852579180599457,0.010910283766384182,0.010910283766384182,1.025440069716624
baseline,upper,0.0302461201806502,0.0030426558093210555,0.0031161752347307536,0.010369044799407121,0.010369044799407121,1.0241629122769897
baseline,upper,0.030486661000693326,0.002980377895574333,0.0030511578402880207,0.010193341104744617,0.010193341104744617,1.0237486477197375
baseline,upper,0.030729114789598604,0.0029193747032498574,0.002990130385780766,0.010400285828095544,0.010400285828095544,1.0242365882160118
baseline,upper,0.03097349676079166,0.002870174423090033,0.002931315806213236,0.00915431980550088,0.00915431980550088,1.0213023231728815
baseline,upper,0.031219822248687135,0.002828275921070175,0.0028766936292512527,0.007371835444026402,0.007371835444026402,1.0171191600580318
baseline,upper,0.031468106709650945,0.002786989048942006,0.002823590833388978,0.005666501094831579,0.005666501094831579,1.0131330923100925
baseline,upper,0.03171836572297016,0.0027463048781971827,0.0027743207767367,0.004407925967598628,0.004407925967598628,1.0102013067674804
baseline,upper,0.0319706149918305,0.0027062146106647963,0.002726740598119508,0.003281589911338292,0.003281589911338292,1.007584759676421
baseline,upper,0.032224870344301715,0.0026667095766087024,0.0026808707191075132,0.0023001507526085514,0.0023001507526085514,1.0053103429871129
baseline,upper,0.03248114773433074,0.0026277812328526396,0.0026382750131253747,0.0017308576613169016,0.0017308576613169016,1.00399339950432
baseline,upper,0.03273946324274283,0.0025894211609327287,0.0025961443724950564,0.0011261473023274362,0.0011261473023274362,1.002596414852772
baseline,upper,0.032999833078250496,0.002551621065276942,0.002555995929572212,0.0007439789980617059,0.0007439789980617059,1.0017145431015617
baseline,upper,0.033262273578470634,0.0025143727714111237,0.0025187200086986983,0.000750227233035118,0.000750227233035118,1.0017289549652317
baseline,upper,0.033526801210949676,0.0024776682241912304,0.0024809937690060614,0.0005825224550157611,0.0005825224550157611,1.0013422074765141
baseline,upper,0.033793432574196855,0.0024414994860613532,0.0024453891626171585,0.0006913459842227904,0.0006913459842227904,1.0015931506756448
baseline,upper,0.03406218439872571,0.0024058587353371907,0.002411878041049129,0.0010852201924520834,0.0010852201924520834,1.0025019364701373
baseline,upper,0.03433307354810399,0.0023707382645145538,0.002378940050782413,0.0014998885490321234,0.0014998885490321234,1.00345959163465
baseline,upper,0.03460611702001168,0.00233414579832233,0.0023464962329694896,0.0022918813395867393,0.0022918813395867393,1.0052912010278179
baseline,upper,0.0348813319473076,0.0022980498038633677,0.0023161071371228794,0.003399208274924749,0.003399208274924749,1.0078576770743413
baseline,upper,0.035158735599104554,0.002262512009674891,0.002275677606937061,0.0025198428296740374,0.0025198428296740374,1.0058190176254853
baseline,upper,0.03543834538185277,0.002227523783565252,0.0022285915890036313,0.0002081373482227354,0.0002081373482227354,1.0004793688158382
baseline,upper,0.035720178840432215,0.002193076626833837,0.0021852686798284073,-0.0015489650343125394,0.0015489650343125394,0.9964397290500961
baseline,upper,0.03600425365925347,0.002159162172206722,0.0021428947370394657,-0.003284424706187794,0.003284424706187794,0.9924658576476307
baseline,upper,0.03629058766336743,0.0021257721818042385,0.002103756159602743,-0.0045213189470829996,0.0045213189470829996,0.9896432823846582
baseline,upper,0.036579198819583686,0.0020928985451399915,0.002065960919640383,-0.00562607407954725,0.00562607407954725,0.9871290342467094
baseline,upper,0.03687010523759797,0.002060533277150802,0.0020299199200251752,-0.00650072726368477,0.00650072726368477,0.9851429930954779
baseline,upper,0.037163325171128546,0.0020286685162571143,0.0019960731366129,-0.007034639360368686,0.007034639360368686,0.9839326240916122
baseline,upper,0.037458877019061476,0.0019972965224534177,0.0019626810288273042,-0.0075928212200336576,0.0075928212200336576,0.9826688259670162
baseline,upper,0.03775677932660517,0.001966409675428178,0.0019313898253631634,-0.007804063234411643,0.007804063234411643,0.9821909694085547
baseline,upper,0.03805705078645404,0.001936000472712854,0.0019019723338790304,-0.007701263621349646,0.007701263621349646,0.9824234862989774
baseline,upper,0.0383597102399615,0.0019056574691302226,0.0018727203810768244,-0.007571904403518769,0.007571904403518769,0.9827161551396583
baseline,upper,0.03866477667832206,0.0018749287816535048,0.0018451155095100436,-0.006961216468549731,0.006961216468549731,0.9840989842199932
baseline,upper,0.03897226924376316,0.0018446955936300387,0.0018188532057935032,-0.006127060511027964,0.006127060511027964,0.9859909743776846
baseline,upper,0.039282207230746144,0.0018149499151413379,0.0017926114394090852,-0.005378481354441518,0.005378481354441518,0.9876919602321296
baseline,upper,0.03959461008717705,0.001785683885106186,0.001767786251013644,-0.004374827509945371,0.004374827509945371,0.9899771542758378
baseline,upper,0.03990949741562686,0.001756889769203141,0.001744334763585894,-0.0031146777247599376,0.0031146777247599376,0.9928538455642885
baseline,upper,0.04022688897456159,0.0017285599578265283,0.0017119433351276945,-0.004195062781921637,0.004195062781921637,0.9903870139860654
baseline,upper,0.04054680467958201,0.0017006869640754183,0.0016781304849235934,-0.005798655953977792,0.005798655953977792,0.9867368424476118
baseline,upper,0.040869264604673286,0.0016732634217749998,0.0016462034886444668,-0.0070807995899264745,0.0070807995899264745,0.9838280495596875
baseline,upper,0.04119428898346474,0.0016462820835298755,0.0016154788277746312,-0.008202981198125254,0.008202981198125254,0.9812891994249263
baseline,upper,0.041521898210499265,0.0016197358188087545,0.0015870836354237169,-0.008844372663160188,0.008844372663160188,0.9798410438258679
baseline,upper,0.04185211284251314,0.0015936176120600152,0.0015588233940710904,-0.009587205912669327,0.009587205912669327,0.978166520170452
baseline,upper,0.04218495359972586,0.0015679205608576626,0.0015326696638255674,-0.009875493768128263,0.009875493768128263,0.9775174215377259
baseline,upper,0.04252044136714044,0.001542637874077174,0.0015077394368530842,-0.009937695231051223,0.009937695231051223,0.9773774274503881
baseline,upper,0.042858597195853644,0.0015157512912093657,0.0014830312828627286,-0.009477634791196014,0.009477634791196014,0.978413339618183
baseline,upper,0.043199442304377146,0.0014883407688454794,0.0014603270719879104,-0.008252241808522218,0.008252241808522218,0.9811779012952124
baseline,upper,0.04354299807996876,0.0014614259325091217,0.0014383971850050054,-0.006897985026263118,0.006897985026263118,0.9842422753067079
baseline,upper,0.04388928607997455,0.001434997818320122,0.001416534295261468,-0.005624147247296584,0.005624147247296584,0.9871334138470897
baseline,upper,0.04423832803318141,0.0014090476244992057,0.0013961559537817188,-0.003991739433101914,0.003991739433101914,0.9908507913477597
baseline,upper,0.04459014584118066,0.0013835667084365838,0.0013766533981220482,-0.00217549230393432,0.00217549230393432,0.9950032692515798
baseline,upper,0.04494476157974212,0.0013585465838135851,0.0013565686023604276,-0.0006327735830553382,0.0006327735830553382,0.9985440459114733
baseline,upper,0.04530219750019944,0.0013339789177763091,0.0013319487055685635,-0.0006614659165111243,0.0006614659165111243,0.9984780777411911
baseline,upper,0.04566247603084632,0.0013098555281604004,0.0013064856330294412,-0.0011187590448864697,0.0011187590448864697,0.9974272772389701
baseline,upper,0.046025619778343754,0.0012861683807660184,0.0012819791387381966,-0.0014168705621075716,0.0014168705621075716,0.9967428510213207
baseline,upper,0.04639165152913864,0.0012629095866820747,0.0012591661014578629,-0.0012892366216670354,0.0012892366216670354,0.9970358248415496
baseline,upper,0.04676059425089348,0.0012400713996588647,0.0012369817755341832,-0.0010833900683140558,0.0010833900683140558,0.9975085111022385
baseline,upper,0.0471324710939277,0.0012176462135282,0.0012161213861161227,-0.0005441967570498577,0.0005441967570498577,0.9987477254106025
baseline,upper,0.04750730539267008,0.0011956550540779271,0.0011962823540497935,0.0002277926852096984,0.0002277926852096984,1.0005246496217508
baseline,upper,0.04788512066712312,0.0011758843215979576,0.0011765768798431269,0.0002557102601979316,0.0002557102601979316,1.000588968006843
baseline,upper,0.048265940624338734,0.0011564405077066407,0.0011584856774463248,0.0007673732054911765,0.0007673732054911765,1.001768504065756
baseline,upper,0.04864978915990591,0.001137318206647578,0.0011408750078687915,0.0013560749709973486,0.0013560749709973486,1.0031273580255942
baseline,upper,0.04903669035945002,0.0011185121020511578,0.0011236161812594628,0.001977297446319314,0.001977297446319314,1.004563275800901
baseline,upper,0.049426668500144176,0.0011000169654565033,0.0011073513593867679,0.0028860598372877307,0.0028860598372877307,1.0066675280114619
baseline,upper,0.04981974805223266,0.001081827654857854,0.0010918084463195864,0.003988370563694904,0.003988370563694904,1.0092258609002225
baseline,upper,0.05021595368056617,0.001063939113274998,0.0010728530991055154,0.003623485047253142,0.003623485047253142,1.0083782856737717
baseline,upper,0.05061531024614969,0.001046346367347321,0.0010525835226658723,0.0025810963230784717,0.0025810963230784717,1.0059608897332568
baseline,upper,0.05101784280770232,0.001029044525951129,0.0010328458333886017,0.0016013351117556596,0.0016013351117556596,1.0036940164799568
baseline,upper,0.05142357662322974,0.001012028778839813,0.0010143251188709922,0.0009843179240864967,0.0009843179240864967,1.0022690461765442
baseline,upper,0.051832537151609,0.0009952943953065111,0.0009968933726702516,0.0006971503450037269,0.0006971503450037269,1.001606537092222
baseline,upper,0.05224475005418617,0.0009788367228688755,0.0009796513680876545,0.00036129496550207213,0.00036129496550207213,1.000832258536839
baseline,upper,0.05266024119638634,0.0009626511859755992,0.0009636728365528039,0.0004606673067729025,0.0004606673067729025,1.0010612884418455
baseline,upper,0.05307903664933671,0.0009469951090082208,0.0009484012785623238,0.0006443948020717824,0.0006443948020717824,1.0014848752023393
baseline,upper,0.05350116269150256,0.000932042366018873,0.0009332944196130629,0.0005830154134671771,0.0005830154134671771,1.0013433440794521
baseline,upper,0.05392664581033602,0.0009173257219499721,0.000919278202046555,0.000923390874139901,0.000923390874139901,1.002128447998201
baseline,upper,0.05435551270393819,0.0009028414488767964,0.0009056611487208783,0.0013542486218315868,0.0013542486218315868,1.0031231395585456
baseline,upper,0.054787790282734346,0.0008885858777373396,0.0008923588838256227,0.0018401448614907927,0.0018401448614907927,1.0042460792848638
baseline,upper,0.0552235056711626,0.0008745553974028787,0.0008773722931053251,0.0013965911042421808,0.0013965911042421808,1.003220945992457
baseline,upper,0.05566268620937572,0.0008607464537632354,0.0008610031165972535,0.00012948137785918259,0.00012948137785918259,1.0002981863391895
baseline,upper,0.056105359454956885,0.0008471555488264681,0.0008452926881363866,-0.0009560474906189389,0.0009560474906189389,0.9978010405613679
baseline,upper,0.05655155318464865,0.0008337792398327834,0.0008307160868642096,-0.0015984567957807137,0.0015984567957807137,0.996326182252765
baseline,upper,0.05700129539609599,0.0008206141383824379,0.0008160840022574046,-0.0024041307271752167,0.0024041307271752167,0.9944795782656597
baseline,upper,0.05745461430960305,0.000807656909577415,0.0008026971100721605,-0.0026752134515297737,0.0026752134515297737,0.9938590267148836
baseline,upper,0.05791153836990401,0.0007949042711766425,0.0007898265324611943,-0.002783111739173025,0.002783111739173025,0.9936121380906257
baseline,upper,0.05837209624794773,0.0007823529927645627,0.0007771735551300938,-0.0028847337770310216,0.0028847337770310216,0.9933796666180486
baseline,upper,0.05883631684269691,0.0007699998949328258,0.0007653250607789752,-0.0026447312584232225,0.0026447312584232225,0.9939287859847586
baseline,upper,0.05930422928294151,0.0007566763924292196,0.0007539259299602918,-0.0015815042453644495,0.0015815042453644495,0.9963650742953698
baseline,upper,0.05977586292912633,0.0007431260906081653,0.0007426346121531817,-0.00028732270056997005,0.00028732270056997005,0.9993386338318692
baseline,upper,0.06025124737519343,0.0007298184429537774,0.0007303299489716572,0.0003042762658109823,0.0003042762658109823,1.0007008674867266
baseline,upper,0.06073041245043905,0.0007167491040983036,0.000716787121886646,2.3035226310787224e-05,2.3035226310787224e-05,1.0000530419753928
baseline,upper,0.06121338822138541,0.0007039138064893448,0.0007037903012713772,-7.620583685378559e-05,7.620583685378559e-05,0.9998245449700958
baseline,upper,0.061700204993667136,0.0006913083589963737,0.0006918380561867218,0.0003326395175071412,0.0003326395175071412,1.0007662241942468
baseline,upper,0.06219089331393309,0.0006789286455421907,0.0006798458128690117,0.0005862941668484102,0.0005862941668484102,1.0013509038583701
baseline,upper,0.06268548397176293,0.0006667706237588994,0.0006687041946647767,0.0012575898099802636,0.0012575898099802636,1.0028999041604096
baseline,upper,0.06318400800159914,0.0006548303236679449,0.000658125732702685,0.0021800896652837427,0.0021800896652837427,1.0050324624801754
baseline,upper,0.06368649668469437,0.0006431038463837883,0.0006476409140943001,0.0030531699937217773,0.0030531699937217773,1.0070549534667288
baseline,upper,0.06419298155107438,0.0006315873628407968,0.00063784082073581,0.004278878097923071,0.004278878097923071,1.0099011764055665
baseline,upper,0.06470349438151624,0.0006202771125429364,0.0006284012256488398,0.005651266894923804,0.005651266894923804,1.0130975542086298
baseline,upper,0.06521806720954268,0.0006091694023358479,0.0006180209906325338,0.00626514458260106,0.00626514458260106,1.014530585848115
baseline,upper,0.06573673232343212,0.0005983547841200951,0.0006067704798815805,0.006065675913971921,0.006065675913971921,1.014064725451909
baseline,upper,0.06625952226824461,0.0005890854864763351,0.0005958895082781047,0.0049874159563349126,0.0049874159563349126,1.0115501433288883
baseline,upper,0.06678646984786395,0.0005799597823678629,0.0005855031823868955,0.004131381720806222,0.004131381720806222,1.0095582490158197
baseline,upper,0.0673176081270561,0.000570975447343145,0.0005758847677436185,0.00371815807152719,0.00371815807152719,1.0085981287344623
baseline,upper,0.06785297043354402,0.000562130291410305,0.0005662556093698674,0.003175528526034169,0.003175528526034169,1.0073387220411347
baseline,upper,0.06839259036009866,0.000553422158503308,0.0005572545494593657,0.0029970788766822947,0.0029970788766822947,1.0069248961162347
baseline,upper,0.06893650176664715,0.0005448489259563947,0.0005487242462500579,0.0030780514868551487,0.0030780514868551487,1.0071126510653585
baseline,upper,0.06948473878239708,0.0005364085039866767,0.0005402233823311043,0.0030777233500401476,0.0030777233500401476,1.0071118901286518
baseline,upper,0.07003733580797833,0.0005280988351847329,0.0005319630559205526,0.0031662626304074545,0.0031662626304074545,1.0073172301818616
baseline,upper,0.07059432751760145,0.0005199178940131022,0.0005210128966490426,0.0009137087347954765,0.0009137087347954765,1.0021061068460029
baseline,upper,0.07115574886123345,0.0005118636863125466,0.0005103307603898052,-0.0013025736358267634,0.0013025736358267634,0.997005206730361
baseline,upper,0.07172163506679093,0.000503934248815961,0.0005005194642413102,-0.002952904234014344,0.002952904234014344,0.9932237497596677
baseline,upper,0.07229202164235031,0.0004961276486698139,0.000491035914992105,-0.004480172347230231,0.004480172347230231,0.9897370491417672
baseline,upper,0.07286694437837617,0.0004884419829630004,0.00048212460360513095,-0.005653690905588919,0.005653690905588919,0.9870662646164303
baseline,upper,0.07344643934996675,0.0004805686405334286,0.0004735782904435215,-0.006363642097453745,0.006363642097453745,0.9854540028201844
baseline,upper,0.07403054291911777,0.00047239483320490845,0.0004653364678236464,-0.006538049923162838,0.006538049923162838,0.9850583349242511
baseline,upper,0.07461929173700396,0.0004643600510241171,0.00045772138949812344,-0.0062536425926982215,0.0062536425926982215,0.9857036333953524
baseline,upper,0.07521272274627895,0.0004564619293657416,0.000450102873987496,-0.006092775599209975,0.006092775599209975,0.9860688154495566
baseline,upper,0.07581087318339318,0.00044869814382347546,0.0004429878899057515,-0.0055624189999714845,0.0055624189999714845,0.9872737295744854
baseline,upper,0.07641378058093055,0.00044106640952594256,0.00043629947274651567,-0.004719296139559203,0.004719296139559203,0.9891922470710242
baseline,upper,0.07702148276996343,0.00043356448046426744,0.0004295595390394516,-0.004030327982084369,0.004030327982084369,0.9907627547798028
baseline,upper,0.07763401788242644,0.00042619014883107725,0.00042321883740430573,-0.0030384171608819335,0.0030384171608819335,0.9930282024703738
baseline,upper,0.07825142435350924,0.00041894124437074503,0.000417195321267688,-0.0018136890614632994,0.0018136890614632994,0.9958325346894898
baseline,upper,0.07887374092406814,0.00041181563374068824,0.000411251271078143,-0.0005955764400504673,0.0005955764400504673,0.998629574459282
baseline,upper,0.07950100664305716,0.00040481121988352836,0.00040555188870862056,0.0007938872582364594,0.0007938872582364594,1.0018296647639986
baseline,upper,0.08013326086997807,0.00039792594140993057,0.00039945057967319126,0.0016608033320730346,0.0016608033320730346,1.003831462351659
baseline,upper,0.08077054327735028,0.0003911577719919373,0.00039130907946021597,0.00016796110721190244,0.00016796110721190244,1.0003868195370584
baseline,upper,0.08141289385320008,0.00038450471976662686,0.00038364439345463507,-0.0009728192605637896,0.0009728192605637896,0.9977625077983074
baseline,upper,0.0820603529035698,0.0003785692358166171,0.0003763599845063047,-0.002541876420604013,0.002541876420604013,0.9941642080198441
baseline,upper,0.08271296105504705,0.0003729100613075262,0.0003693348961955908,-0.004183757591333944,0.004183757591333944,0.9904127952477338
baseline,upper,0.08337075925731377,0.0003673354849461309,0.00036283127143336893,-0.005358172965795218,0.005358172965795218,0.9877381475589746
baseline,upper,0.08403378878571591,0.0003618442420874572,0.0003564388588170187,-0.006536621676112917,0.006536621676112917,0.9850615744518825
baseline,upper,0.08470209124385328,0.00035643508699151994,0.0003504233476819127,-0.0073874146048921695,0.0073874146048921695,0.9831337050447274
baseline,upper,0.08537570856618999,0.00035110679254071275,0.0003447315362845738,-0.00795821665173694,0.00795821665173694,0.9818424012534599
baseline,upper,0.08605468302068589,0.0003458581499614265,0.00033910121742646075,-0.00856866508527073,0.00856866508527073,0.9804632837603527
baseline,upper,0.08673905721144869,0.0003406879685498256,0.0003338575059297405,-0.008795651982696839,0.008795651982696839,0.9799509720018594
baseline,upper,0.0874288740814073,0.0003355950754017283,0.0003287915396850933,-0.008894945324687683,0.008894945324687683,0.9797269500796734
baseline,upper,0.08812417691500653,0.00033057831514651863,0.00032381486629761574,-0.00897757859864346,0.00897757859864346,0.9795405550242907
baseline,upper,0.08882500934092279,0.0003256365496850443,0.00031916671360503375,-0.008715552693317327,0.008715552693317327,0.980131726348691
baseline,upper,0.08953141533480205,0.0003207686579314247,0.0003146476785421268,-0.008367395203991946,0.008367395203991946,0.9809177759798264
baseline,upper,0.09024343922201891,0.00031597353555872307,0.0003095100674809476,-0.008975929751895862,0.008975929751895862,0.9795442739647598
baseline,upper,0.09096112568045807,0.00031113586672967776,0.0003034324026259204,-0.01088812213081483,0.01088812213081483,0.9752408355078834
baseline,upper,0.09168451974331777,0.0003054906519421769,0.00029757852629391644,-0.011396336635264527,0.011396336635264527,0.9741002691965904
baseline,upper,0.0924136668019354,0.00029994786330802214,0.0002920779300114491,-0.011547030508772146,0.011547030508772146,0.9737623291935531
baseline,upper,0.0931486126086359,0.0002945056424184045,0.00028684711237469826,-0.01144313753270509,0.01144313753270509,0.9739953028376082
baseline,upper,0.0938894032796025,0.00028916216458327836,0.0002817389298997514,-0.011294606355714889,0.011294606355714889,0.9743284717271887
baseline,upper,0.09463608529777036,0.00028391563821957396,0.0002770273159852733,-0.010666720024845562,0.010666720024845562,0.9757381372949476
baseline,upper,0.0953887055157433,0.0002787643042505064,0.00027242020424356097,-0.009997847405498958,0.009997847405498958,0.9772420646753811
baseline,upper,0.09614731115873376,0.0002737064355157857,0.00026797956420362474,-0.009183332347075293,0.009183332347075293,0.9790765924032113
baseline,upper,0.09691194982752598,0.00026874033619252695,0.0002638627511718989,-0.007954769820003982,0.007954769820003982,0.981850193797727
baseline,upper,0.09768266950146302,0.0002638643412266682,0.00025977710776278274,-0.006779826129275076,0.006779826129275076,0.9845100954343261
baseline,upper,0.09845951854145704,0.0002590768157747056,0.0002558680006573414,-0.005412575065696988,0.005412575065696988,0.9876144258305436
baseline,upper,0.09924254569302422,0.0002543761546555532,0.000252182367454315,-0.003761680401757565,0.003761680401757565,0.9913758142770547
baseline,upper,0.1000318000893431,0.00024976078181235484,0.00024824107202027257,-0.002650607102966191,0.002650607102966191,0.9939153385849664
baseline,upper,0.10082733125433772,0.0002452291497840558,0.00024355887484194645,-0.0029681333321596444,0.0029681333321596444,0.9931889216939334
baseline,upper,0.1016291891057852,0.00024091306481890967,0.0002389939931648213,-0.0034733670129369417,0.0034733670129369417,0.9920341735906648
baseline,upper,0.10243742395844778,0.0002368251754998164,0.00023450155299748564,-0.004282144616113194,0.004282144616113194,0.9901884480928737
baseline,upper,0.1032520865272302,0.00023280665078366725,0.00023035561526314305,-0.004596579715104175,0.004596579715104175,0.98947179768158
baseline,upper,0.10407322793036168,0.00022885631366987145,0.00022630033492365763,-0.004877701500961361,0.004877701500961361,0.9888315130781103
baseline,upper,0.10490089969260373,0.00022497300712955866,0.0002224565989408135,-0.004885120245730506,0.004885120245730506,0.9888146217146131
baseline,upper,0.10573515374848304,0.00022115559376669055,0.00021887195330235463,-0.00450781485427455,0.00450781485427455,0.9896740551507593
baseline,upper,0.10657604244555025,0.00021740295548492656,0.00021528488272768388,-0.00425190900714913,0.00425190900714913,0.9902573874742493
baseline,upper,0.10742361854766476,0.00021371399316013888,0.0002119124613178646,-0.0036764632564607836,0.0036764632564607836,0.9915703608564164
baseline,upper,0.1082779352383055,0.00021008762631848665,0.0002087208467839235,-0.002834646170174684,0.002834646170174684,0.9934942406722652
baseline,upper,0.10913904612390794,0.00020652279281995265,0.00020556939848561482,-0.002009524305286932,0.002009524305286932,0.9953835878291216
baseline,upper,0.110007005237228,0.00020301844854724745,0.0002023992096298934,-0.0013266923554038023,0.0013266923554038023,0.9969498391806992
baseline,upper,0.11088186704073227,0.00019957356709999607,0.00019867181243859894,-0.0019667660337465264,0.0019667660337465264,0.9954815927053842
baseline,upper,0.11176368643001555,0.00019618713949411004,0.00019487314230186116,-0.0029185468534480606,0.0029185468534480606,0.9933023275856044
baseline,upper,0.1126525187372454,0.000192858173866263,0.00019136702165587725,-0.0033709524285603374,0.0033709524285603374,0.9922681409841628
baseline,upper,0.11354841973463398,0.00018934362394609452,0.00018794494561607066,-0.00322003427844921,0.00322003427844921,0.9926130159501856
baseline,upper,0.11445144563793788,0.0001858382375957833,0.00018470530203218433,-0.002655715964339696,0.002655715964339696,0.9939036466431456
baseline,upper,0.11536165310998522,0.00018239774771892526,0.00018164866984462567,-0.0017872492668766702,0.0017872492668766702,0.9958931626970859
baseline,upper,0.11627909926423141,0.0001790209528638557,0.0001786263860944625,-0.0009582525663955606,0.0009582525663955606,0.997795974364558
baseline,upper,0.11720384166834272,0.0001757066738218145,0.00017581774799648071,0.0002744554844605439,0.0002744554844605439,1.0006321568341727
baseline,upper,0.11813593834780849,0.0001724537532151564,0.00017310571202057795,0.0016387480365089885,0.0016387480365089885,1.0037804848735774
baseline,upper,0.11907544778958229,0.00016926105509318292,0.00017044189667101746,0.003019314634590493,0.003019314634590493,1.0069764517135051
baseline,upper,0.12002242894575159,0.00016612746453545808,0.00016785257576683668,0.0044865732152117735,0.0044865732152117735,1.010384262687705
baseline,upper,0.12097694123723707,0.00016305188726246683,0.00016470178625678137,0.0043724793311943405,0.0043724793311943405,1.0101188586162064
baseline,upper,0.12193904455752112,0.00016003324925348346,0.0001616123161999075,0.004264231468369904,0.004264231468369904,1.0098671179507386
baseline,upper,0.12290879927640586,0.0001570704963715125,0.0001587543549632903,0.004631031541749121,0.004631031541749121,1.0107204002704304
baseline,upper,0.12388626624380143,0.00015416259399517445,0.00015591706924874733,0.004914653510097855,0.004914653510097855,1.0113806806703562
baseline,upper,0.12487150679354402,0.0001513085266574062,0.00015326923961372213,0.005591600404637923,0.005591600404637923,1.0129583771624147
baseline,upper,0.1258645827472445,0.00014858034181311177,0.00015076380025984672,0.0063357229318339115,0.0063357229318339115,1.0146954733048155
baseline,upper,0.12686555641816763,0.00014627317918732252,0.00014828026323231773,0.0059186476265966495,0.0059186476265966495,1.0137214768705127
baseline,upper,0.12787449061514194,0.00014400184229269598,0.00014596409930288924,0.0058780034376187075,0.0058780034376187075,1.0136266104582523
baseline,upper,0.12889144864650096,0.00014176577482557186,0.00014373232051808686,0.005983041318245726,0.005983041318245726,1.013871794478848
baseline,upper,0.12991649432405566,0.00013956442912059952,0.00014137251513261187,0.005590241055768504,0.005590241055768504,1.0129552065910001
baseline,upper,0.1309496919670984,0.00013739726601660253,0.00013858703665911297,0.0037445175018056653,0.0037445175018056653,1.0086593472854597
baseline,upper,0.131991106406439,0.00013526375472452422,0.0001356589860402291,0.0012671280437195416,0.0012671280437195416,1.0029219306865302
baseline,upper,0.1330408029884725,0.0001331633726974263,0.00013294872562143298,-0.0007006074617886165,0.0007006074617886165,0.9983880922235197
baseline,upper,0.13409884757927973,0.00013109560550250379,0.00013032330372501433,-0.002566052907955592,0.002566052907955592,0.9941088660101981
baseline,upper,0.13516530656876008,0.00012905994669508883,0.00012786934177099637,-0.00402505181844683,0.00402505181844683,0.9907747914470681
baseline,upper,0.13624024687479738,0.00012705589769461086,0.00012556532427395858,-0.005125106426581882,0.005125106426581882,0.9882683649661427
baseline,upper,0.1373237359474589,0.0001250829676624818,0.00012327296915063226,-0.006330320052548139,0.006330320052548139,0.9855296164963598
baseline,upper,0.13841584177322752,0.00012314067338187854,0.0001211641941419581,-0.007027225975869042,0.007027225975869042,0.9839494199143197
baseline,upper,0.139516632879268,0.00012122853913939223,0.0001191326621056554,-0.0075740252253187045,0.0075740252253187045,0.9827113561821699
baseline,upper,0.14062617833772664,0.00011920799776393092,0.00011715589353268255,-0.007541252873800812,0.007541252873800812,0.9827855154877093
baseline,upper,0.14174454777006548,0.00011709161874464086,0.00011531460671346438,-0.006641487835394463,0.006641487835394463,0.9848237469920723
baseline,upper,0.14287181135143107,0.00011501281321234249,0.00011349723383118125,-0.005760949439690877,0.005760949439690877,0.9868225170845695
baseline,upper,0.14400803981505741,0.00011297091409988396,0.00011175190495581952,-0.00471170786865027,0.00471170786865027,0.9892095310215279
baseline,upper,0.1451533044567048,0.00011096526618300113,0.00011011987517143672,-0.003321348857531906,0.003321348857531906,0.9923814807944478
baseline,upper,0.14630767713913306,0.00010899522587006238,0.0001084880687740159,-0.0020254974330526816,0.0020254974330526816,0.9953469788057406
baseline,upper,0.14747123029661094,0.00010706016099554792,0.00010692762137152792,-0.0005379861791121294,0.0005379861791121294,0.998762007988896
baseline,upper,0.1486440369394612,0.00010515945061719326,0.00010545576308755292,0.0012220100669635236,0.0012220100669635236,1.0028177445642836
baseline,upper,0.14982617065864193,0.00010329248481673545,0.00010400117024682477,0.0029695011233839236,0.0029695011233839236,1.0068609582908834
baseline,upper,0.15101770563036387,0.00010145866450419748,0.0001012555265057814,-0.0008704051834533426,0.0008704051834533426,0.9979978250314179
baseline,upper,0.15221871662074532,9.965740122564552e-05,9.84706644266856e-05,-0.005202689536116828,0.005202689536116828,0.9880918347823169
baseline,upper,0.15342927899050304,9.788811697436071e-05,9.591716741607167e-05,-0.008833629393138535,0.008833629393138535,0.9798652827410576
baseline,upper,0.15464946869968135,9.615024400536228e-05,9.350333418197573e-05,-0.012123293299629821,0.012123293299629821,0.9724711065398967
baseline,upper,0.15587936231241828,9.444322465322509e-05,9.129843275904714e-05,-0.014707484694107598,0.014707484694107598,0.9667017734122808
baseline,upper,0.15711903700174965,9.290971504248199e-05,8.916741392925033e-05,-0.017854956847584962,0.017854956847584962,0.9597211000860294
baseline,upper,0.1583685705544519,9.142383129164614e-05,8.72310873091598e-05,-0.02038813142185082,0.02038813142185082,0.9541394850418017
baseline,upper,0.15962804137592257,8.996171093864231e-05,8.533485431976332e-05,-0.022931255066653788,0.022931255066653788,0.9485686013460249
baseline,upper,0.16089752849510044,8.852297394090208e-05,8.359652024865089e-05,-0.024867795612835544,0.024867795612835544,0.9443483033507201
baseline,upper,0.16217711156942424,8.710724633379114e-05,8.192719668690521e-05,-0.02662619007471619,0.02662619007471619,0.9405325060209548
baseline,upper,0.1634668708898309,8.571416013340559e-05,8.03519191507462e-05,-0.028056320029096,0.028056320029096,0.9374404302123057
baseline,upper,0.16476688738579384,8.434335324092379e-05,7.885952897264693e-05,-0.029196684571886032,0.029196684571886032,0.9349821407667714
baseline,upper,0.1660772426304009,8.2994469348487e-05,7.740117982549746e-05,-0.03030157179865257,0.03030157179865257,0.9326064788786856
baseline,upper,0.16739801884547306,8.166715784658674e-05,7.607193354520614e-05,-0.03082298667844976,0.03082298667844976,0.9314874614359504
baseline,upper,0.1687292989067235,8.036107373293183e-05,7.47478226777064e-05,-0.03144718422064049,0.03144718422064049,0.9301496260007646
baseline,upper,0.17007116634895791,7.90758775227737e-05,7.350252128332545e-05,-0.031741783569835036,0.031741783569835036,0.9295188821920677
baseline,upper,0.17142370537131624,7.781123516066494e-05,7.230266645813225e-05,-0.03188799529287057,0.03188799529287057,0.9292059984504992
baseline,upper,0.17278700084255574,7.656681793363078e-05,7.113456397114313e-05,-0.031959924688757156,0.031959924688757156,0.9290521127938685
baseline,upper,0.17416113830637658,7.532622093703211e-05,7.003811423996118e-05,-0.03161173544335227,0.03161173544335227,0.9297972653972453
baseline,upper,0.17554620398678938,7.40465398934303e-05,6.898591734433139e-05,-0.030744325542998177,0.030744325542998177,0.9316561914117487
baseline,upper,0.17694228479352547,7.278859873738668e-05,6.794036512473374e-05,-0.029935482278636624,0.029935482278636624,0.9333929530619921
baseline,upper,0.17834946832749046,7.155202814037722e-05,6.695479816083464e-05,-0.02884024316269859,0.02884024316269859,0.9357498298926856
baseline,upper,0.179767842886261,7.033646504822309e-05,6.602212702515939e-05,-0.02749102604905398,0.02749102604905398,0.9386614323010722
baseline,upper,0.18119749746962494,6.914155257449879e-05,6.507311199186964e-05,-0.026337550905943797,0.026337550905943797,0.9411578069751112
baseline,upper,0.18263852178516637,6.796693989575115e-05,6.418291450758915e-05,-0.024878282679719737,0.024878282679719737,0.9443255001039329
baseline,upper,0.1840910062538941,6.681228214849854e-05,6.333896701702082e-05,-0.023185330203813446,0.023185330203813446,0.9480138229112148
baseline,upper,0.1855550420159157,6.567724032797923e-05,6.249218707802351e-05,-0.02158917179871619,0.02158917179871619,0.9515044597786053
baseline,upper,0.18703072093615614,6.456148118862121e-05,6.166938761441619e-05,-0.019903849697734666,0.019903849697734666,0.9552040392977423
baseline,upper,0.18851813561012215,6.346467714620155e-05,6.089136751909204e-05,-0.017976347377484114,0.017976347377484114,0.9594528839848746
baseline,upper,0.1900173793697125,6.238650618166858e-05,6.014252890689954e-05,-0.015908979002010607,0.015908979002010607,0.9640310475436048
baseline,upper,0.19152854628907412,6.13266517465979e-05,5.938174404533768e-05,-0.013996305441383009,0.013996305441383009,0.9682860934704769
baseline,upper,0.19305173119050534,6.028480267025442e-05,5.8661797492662775e-05,-0.011852477341457215,0.011852477341457215,0.9730777060601964
baseline,upper,0.19458702965040553,5.923375223061499e-05,5.7971338588666135e-05,-0.009355915824794853,0.009355915824794853,0.9786875962705538
baseline,upper,0.1961345380052724,5.8180308127978667e-05,5.729248516637559e-05,-0.006678356002524325,0.006678356002524325,0.9847401467924484
baseline,upper,0.1976943533577469,5.7145599027525746e-05,5.661754078482603e-05,-0.004031787947701178,0.004031787947701178,0.9907594241431372
baseline,upper,0.19926657358270616,5.612929173615593e-05,5.5968887142537745e-05,-0.00124289043985294,0.00124289043985294,0.9971422302213934
baseline,upper,0.20085129733340493,5.513105898644919e-05,5.507472331775987e-05,-0.0004440106801233321,0.0004440106801233321,0.9989781500713931
baseline,upper,0.20244862404766598,5.415057933128136e-05,5.399092200925393e-05,-0.0012823632642593706,0.0012823632642593706,0.9970516045442342
baseline,upper,0.20405865395411923,5.318753704031196e-05,5.2973235804310705e-05,-0.0017533777907763745,0.0017533777907763745,0.9959708373817191
baseline,upper,0.20568148807849132,5.224162199831486e-05,5.199317694982374e-05,-0.0020702974253081915,0.0020702974253081915,0.9952443082931244
baseline,upper,0.20731722824994453,5.1312529605315365e-05,5.104866958081402e-05,-0.002238996951198242,0.002238996951198242,0.994857785680595
baseline,upper,0.20896597710746612,5.039996067850442e-05,5.016652773862351e-05,-0.0020161551099749184,0.0020161551099749184,0.9953683904364539
baseline,upper,0.2106278381063091,4.95036213558972e-05,4.93038264890269e-05,-0.0017563438454662181,0.0017563438454662181,0.995964035329175
baseline,upper,0.21230291552448372,4.862322300170406e-05,4.8484266464836434e-05,-0.0012429133676059405,0.0012429133676059405,0.997142177579163
baseline,upper,0.2139913144693003,4.775848211338596e-05,4.7715384406870084e-05,-0.00039208839185088525,0.00039208839185088525,0.9990975905303364
baseline,upper,0.21569314088396482,4.690912023036134e-05,4.693950666414598e-05,0.000281232904843152,0.000281232904843152,1.000647772408338
baseline,upper,0.21740850155422686,4.6097883924249045e-05,4.6224870980051384e-05,0.0011947176499412435,0.0011947176499412435,1.0027547263560084
baseline,upper,0.2191375041150795,4.530291136285627e-05,4.552909540679362e-05,0.0021629090604929208,0.0021629090604929208,1.0049927043788802
baseline,upper,0.22088025705751366,4.452164835425785e-05,4.4689449008849875e-05,0.0016337650011139361,0.0016337650011139361,1.0037689676998667
baseline,upper,0.22263686973532537,4.375385847288773e-05,4.377013526101873e-05,0.00016153100534661166,0.00016153100534661166,1.000372008062811
baseline,upper,0.22440745237197804,4.299930937041339e-05,4.2881140050964734e-05,-0.0011951571306614665,0.0011951571306614665,0.997251832153147
baseline,upper,0.226192116067518,4.225777270542265e-05,4.204829596703325e-05,-0.002158202374350757,0.002158202374350757,0.9950428826467109
baseline,upper,0.22799097280554598,4.152902407432316e-05,4.124929557477609e-05,-0.0029351889897286094,0.0029351889897286094,0.9932642650343422
baseline,upper,0.22980413546024442,4.081284294343311e-05,4.0485805306886886e-05,-0.003494065648032648,0.003494065648032648,0.9919868940029614
baseline,upper,0.23163171780345918,4.010901258224391e-05,3.976923899443516e-05,-0.003694689889867286,0.003694689889867286,0.9915287471335268
baseline,upper,0.23347383451183895,3.9417319997832925e-05,3.9069628708983686e-05,-0.0038478090538225968,0.0038478090538225968,0.9911792255569797
baseline,upper,0.23533060117403118,3.873755587040771e-05,3.840875362361828e-05,-0.0037020012235844976,0.0037020012235844976,0.9915120549192776
baseline,upper,0.23720213429793433,3.806951448996173e-05,3.7777026628427295e-05,-0.003349565902244187,0.003349565902244187,0.9923170057340353
baseline,upper,0.23908855131800896,3.7412993694022534e-05,3.7155521000152355e-05,-0.002999105320020218,0.002999105320020218,0.9931180943183567
baseline,upper,0.24098997060264662,3.676770195307264e-05,3.657856104507537e-05,-0.0022398696639447137,0.0022398696639447137,0.994855786520499
baseline,upper,0.24290651146159664,3.6133280051480874e-05,3.601309789517283e-05,-0.0014469055016181837,0.0014469055016181837,0.9966739206588272
baseline,upper,0.24483829415345298,3.550980501705339e-05,3.5461268425975666e-05,-0.0005940216468243211,0.0005940216468243211,0.9986331496032035
baseline,upper,0.24678543989319995,3.4897087963025306e-05,3.494605065305897e-05,0.0006089139178326698,0.0006089139178326698,1.0014030594783594
baseline,upper,0.24874807085981862,3.429494326184769e-05,3.443875829502933e-05,0.0018173956896481531,0.0018173956896481531,1.0041934763409168
baseline,upper,0.2507263102039526,3.370318848895128e-05,3.3818894539513806e-05,0.001488418194883369,0.001488418194883369,1.0034330891452736
baseline,upper,0.2527202820556357,3.312164436747867e-05,3.3047231913120744e-05,-0.0009768015947288402,0.0009768015947288402,0.9977533586940209
baseline,upper,0.25473011153208147,3.255013471397132e-05,3.230442584181345e-05,-0.0032907637328847294,0.0032907637328847294,0.9924513715744346
baseline,upper,0.256755924745533,3.1988486384993275e-05,3.1616596487990915e-05,-0.0050785743317947616,0.0050785743317947616,0.9883742577711703
baseline,upper,0.25879784881117657,3.143652922467599e-05,3.0953807854769246e-05,-0.00672050899229944,0.00672050899229944,0.9846445717192012
baseline,upper,0.26085601185511836,3.089409601316826e-05,3.033737255822471e-05,-0.007897526968524577,0.007897526968524577,0.9819796166003286
baseline,upper,0.2629305430224233,3.0361022415975576e-05,2.9740760765688164e-05,-0.008964318921148807,0.008964318921148807,0.9795704623583085
baseline,upper,0.2650215724852188,2.9837146934173703e-05,2.917611196420265e-05,-0.009729876069894968,0.009729876069894968,0.9778452352891038
baseline,upper,0.2671292314508635,2.932231085548128e-05,2.864430431870109e-05,-0.010159914487250201,0.010159914487250201,0.9768774521175417
baseline,upper,0.269253652170179,2.8818787518108306e-05,2.812388646048711e-05,-0.010600368987907059,0.010600368987907059,0.9758872208907278
baseline,upper,0.27139496794574924,2.8325441043539974e-05,2.7642675749862815e-05,-0.010596601322921713,0.010596601322921713,0.9758956871094202
baseline,upper,0.2735533131402846,2.7840540127058223e-05,2.7167567160323788e-05,-0.010626907310799242,0.010626907310799242,0.9758275894194892
baseline,upper,0.27572882318505304,2.7363940189842547e-05,2.6717550971222658e-05,-0.010381985901694247,0.010381985901694247,0.976378064922835
baseline,upper,0.2779216345883777,2.689549912810548e-05,2.6292335841507028e-05,-0.009850437308660564,0.009850437308660564,0.9775738206706803
baseline,upper,0.28013188494420277,2.6435077270722776e-05,2.586852880132225e-05,-0.009408854041208057,0.009408854041208057,0.9785683066632082
baseline,upper,0.2823597129407275,2.598253733758861e-05,2.546857157347382e-05,-0.008676972180540855,0.008676972180540855,0.9802188001334557
baseline,upper,0.28460525836910794,2.5537744398684258e-05,2.508806209961452e-05,-0.007715419900772904,0.007715419900772904,0.9823914637076208
baseline,upper,0.28686866213222867,2.5100565833846998e-05,2.4710721002258052e-05,-0.006798094444351738,0.006798094444351738,0.9844686835281117
baseline,upper,0.2891500662535449,2.4670871293227697e-05,2.4351419319059558e-05,-0.00566020851781521,0.00566020851781521,0.9870514514720106
baseline,upper,0.2914496138859929,2.4248532658425833e-05,2.4011652171104007e-05,-0.004263419838381784,0.004263419838381784,0.990231141378383
baseline,upper,0.2937674493209733,2.383342400428927e-05,2.3670302516140043e-05,-0.0029826308721574257,0.0029826308721574257,0.9931557677940077
baseline,upper,0.296103717997405,2.3425421561368306e-05,2.3343054347146107e-05,-0.0015297339892361352,0.0015297339892361352,0.9964838534919673
baseline,upper,0.298458566510851,2.3024403679012352e-05,2.303494100807117e-05,0.00019871337619649008,0.00019871337619649008,1.0004576591518166
baseline,upper,0.30083214262271685,2.2632921287223897e-05,2.265317653442967e-05,0.0003884963863436885,0.0003884963863436885,1.0008949462134704
baseline,upper,0.30322459526952233,2.224820731126477e-05,2.2155358661297592e-05,-0.001816237692611139,0.001816237692611139,0.9958266907230693
baseline,upper,0.3056360745722475,2.187003269632847e-05,2.168404401644198e-05,-0.0037091521370342592,0.0037091521370342592,0.9914957292259691
baseline,upper,0.3080667318457514,2.149828628647765e-05,2.1238393658137655e-05,-0.0052821756825718515,0.0052821756825718515,0.9879110071902119
baseline,upper,0.31051671960826727,2.1132858815201677e-05,2.0820050703568538e-05,-0.0064764687807841404,0.0064764687807841404,0.98519802198233
baseline,upper,0.31298619159097324,2.077364287329989e-05,2.0413817628460938e-05,-0.007588430663567199,0.007588430663567199,0.982678760435348
baseline,upper,0.31547530274763763,2.0420532877311278e-05,2.003633804981704e-05,-0.008248720463102556,0.008248720463102556,0.9811858569116427
baseline,upper,0.31798420926434223,2.0073425038480542e-05,1.966709399139408e-05,-0.008881287195818861,0.008881287195818861,0.9797577620008778
baseline,upper,0.3205130685692835,1.973221733225171e-05,1.931626302705604e-05,-0.00925277967092695,0.00925277967092695,0.9789200423757849
baseline,upper,0.32306203934264954,1.939680946828029e-05,1.8986536024480303e-05,-0.009284562178615723,0.009284562178615723,0.9788484057405983
baseline,upper,0.32563128152657767,1.9067102860955317e-05,1.8659385732451546e-05,-0.009387366796590708,0.009387366796590708,0.9786167237111478
baseline,upper,0.32822095633519,1.8743000600422096e-05,1.8354926574005447e-05,-0.009086467579752644,0.009086467579752644,0.9792949893835083
baseline,upper,0.3308312262647102,1.8424407424097875e-05,1.805839850916172e-05,-0.008714296020663356,0.008714296020663356,0.9801345624577624
baseline,upper,0.33346225510365846,1.81059292218254e-05,1.7769308723530246e-05,-0.008150285482618607,0.008150285482618607,0.9814082727171283
baseline,upper,0.3361142079431295,1.7781297168092842e-05,1.749903872495037e-05,-0.006949247887067014,0.006949247887067014,0.9841261050600424
baseline,upper,0.33878725118715225,1.7462485636964755e-05,1.7232324982790485e-05,-0.005762185561888285,0.005762185561888285,0.9868197083187824
baseline,upper,0.34148155256312995,1.714939026880379e-05,1.697312727449368e-05,-0.004486815873221413,0.004486815873221413,0.9897219089689301
baseline,upper,0.3441972811323657,1.6841908575099166e-05,1.6730576091904687e-05,-0.0028804100041277952,0.0028804100041277952,0.9933895566112332
baseline,upper,0.34693460730067077,1.6539939904917882e-05,1.6494259137414535e-05,-0.0012011139047682588,0.0012011139047682588,0.9972381539615047
baseline,upper,0.34969370282905626,1.6243385411957964e-05,1.6257086856537926e-05,0.00036617696374023596,0.00036617696374023596,1.0008435091720398
baseline,upper,0.3524747408445116,1.5952148022191878e-05,1.5926014304962925e-05,-0.0007120693853232981,0.0007120693853232981,0.998361743058515
baseline,upper,0.3552778958508671,1.5666132402090616e-05,1.5589500678087632e-05,-0.0021295874234077213,0.0021295874234077213,0.9951084465497843
baseline,upper,0.35810334373974495,1.538524492741705e-05,1.52746758709133e-05,-0.0031324111760149373,0.0031324111760149373,0.9928133054088262
baseline,upper,0.3609512618015944,1.5109393652579093e-05,1.4976441097810186e-05,-0.0038384134751137332,0.0038384134751137332,0.9912006690787216
baseline,upper,0.36382182873681723,1.4838488280532358e-05,1.4690165524630093e-05,-0.0043629687023676485,0.0043629687023676485,0.9900041868755013
baseline,upper,0.3667152246669812,1.457244013322216e-05,1.4420882550441322e-05,-0.004540440027198234,0.004540440027198234,0.9895997114144722
baseline,upper,0.3696316311461212,1.4311162122555897e-05,1.41564831396579e-05,-0.004719525567482542,0.004719525567482542,0.9891917245033367
baseline,upper,0.3725712311721318,1.4055974776321047e-05,1.3910384773659009e-05,-0.004521826008107702,0.004521826008107702,0.9896421269261736
baseline,upper,0.3755342091982508,1.3806054491856792e-05,1.36686069114772e-05,-0.004345329161179023,0.004345329161179023,0.9900443982413178
baseline,upper,0.37852075114463185,1.356057787989345e-05,1.3439023234549899e-05,-0.003910492467653661,0.003910492467653661,0.9910361751232015
baseline,upper,0.3815310444100111,1.3319465930336486e-05,1.3222437586754592e-05,-0.0031752855927144824,0.0031752855927144824,0.9927152977387103
baseline,upper,0.38456527788346684,1.3082641037919247e-05,1.3008254589531179e-05,-0.0024763972886922957,0.0024763972886922957,0.9943141107233269
baseline,upper,0.38762364195627047,1.2850026977224701e-05,1.2802238685718197e-05,-0.0016181194739459523,0.0016181194739459523,0.9962810746163254
baseline,upper,0.390706328533834,1.2621548878151028e-05,1.2610258623196988e-05,-0.000388659889134501,0.000388659889134501,0.9991054778567167
baseline,upper,0.3938135310477513,1.2397133201813832e-05,1.2416247841565937e-05,0.0006691054472147891,0.0006691054472147891,1.0015418596735985
baseline,upper,0.3969454444679362,1.2176707716876446e-05,1.2232184033587473e-05,0.0019741248357547435,0.0019741248357547435,1.0045559372862451
baseline,upper,0.40010226531485543,1.1960201476301335e-05,1.2027126662658444e-05,0.0024233890814357464,0.0024233890814357464,1.0055956571040812
baseline,upper,0.4032841916718601,1.1747544794514868e-05,1.1741373791442365e-05,-0.00022819549006042656,0.00022819549006042656,0.9994746984854755
baseline,upper,0.40649142319761583,1.1538669224977894e-05,1.1456761439220465e-05,-0.0030938537605376478,0.0030938537605376478,0.9929014530046392
baseline,upper,0.40972416113862964,1.133350753815533e-05,1.1182497454070917e-05,-0.005825529849224686,0.005825529849224686,0.986675785622763
baseline,upper,0.4129826083418782,1.1132077362401302e-05,1.0929461536340159e-05,-0.007977449787272693,0.007977449787272693,0.981798920411254
baseline,upper,0.4162669692675369,1.0944435795898199e-05,1.068839220519211e-05,-0.010280996226787128,0.010280996226787128,0.976605135661534
baseline,upper,0.41957745000180763,1.0759957103343396e-05,1.0463762079934839e-05,-0.012122683624345324,0.012122683624345324,0.9724724717242115
baseline,upper,0.4229142582698514,1.0578587971540868e-05,1.0243033549554751e-05,-0.01399910681305181,0.01399910681305181,0.9682798476612526
baseline,upper,0.42627760344882193,1.0400275985938356e-05,1.0041607670245002e-05,-0.015241614760877356,0.015241614760877356,0.9655135771225409
baseline,upper,0.42966769658100473,1.0224969615479831e-05,9.844883315978471e-06,-0.01645145299407065,0.01645145299407065,0.9628276353089658
baseline,upper,0.43308475038705796,1.005261819771344e-05,9.659151745473028e-06,-0.01734019930125543,0.01734019930125543,0.960859306053232
baseline,upper,0.43652897927936113,9.883171924150226e-06,9.483008116984995e-06,-0.01795022796929761,0.01795022796929761,0.9595105892889101
baseline,upper,0.4400005993754692,9.716581825869884e-06,9.311040816910152e-06,-0.018515281855087592,0.018515281855087592,0.9582629965735481
baseline,upper,0.44349982851167263,9.55279975936902e-06,9.150938876213554e-06,-0.018665019908509932,0.018665019908509932,0.957932659191214
baseline,upper,0.4470268862566664,9.391778392647976e-06,8.992101645186359e-06,-0.018886629016809507,0.018886629016809507,0.9574439759167986
baseline,upper,0.4505819939253285,9.233471191532164e-06,8.842333226085791e-06,-0.01879812112489706,0.01879812112489706,0.9576391199655144
baseline,upper,0.45416537459260503,9.077832406224044e-06,8.700679082402654e-06,-0.018429010245610847,0.018429010245610847,0.9584533722430475
baseline,upper,0.4577772531075089,8.924817058081615e-06,8.558719541366024e-06,-0.018190527339744033,0.018190527339744033,0.9589798295771138
baseline,upper,0.461417856107229,8.769959797652174e-06,8.425318687101436e-06,-0.01741126550945002,0.01741126550945002,0.9607020877515308
baseline,upper,0.46508741203134973,8.609991706173968e-06,8.297865274841105e-06,-0.01603635381531717,0.01603635381531717,0.963748347038587
baseline,upper,0.46878615113618627,8.452941506097977e-06,8.171234306547665e-06,-0.014720199811018008,0.014720199811018008,0.9666734710813878
baseline,upper,0.4725143055092318,8.298755973745906e-06,8.050692189269565e-06,-0.013179772161996619,0.013179772161996619,0.97010831680542
baseline,upper,0.47627210908372164,8.147382856263784e-06,7.935667242103086e-06,-0.011434676141366366,0.011434676141366366,0.9740142794446036
baseline,upper,0.48005979765331075,7.998770853913723e-06,7.820786085829889e-06,-0.00977284821888695,0.00977284821888695,0.9777484851942286
baseline,upper,0.4838776088868696,7.852869602688547e-06,7.71093307934942e-06,-0.007921451987201008,0.007921451987201008,0.9819255214309768
baseline,upper,0.48772578234339825,7.709629657243705e-06,7.607676484583206e-06,-0.005781480606325246,0.005781480606325246,0.9867758663913632
baseline,upper,0.4916045594870568,7.569002474140401e-06,7.502928771408938e-06,-0.0038078236766878348,0.0038078236766878348,0.9912704873651179
baseline,upper,0.49551418370231726,7.430940395394491e-06,7.401808723260198e-06,-0.0017059198699698015,0.0017059198699698015,0.9960796789391088
baseline,upper,0.4994549003092362,7.2953966323252845e-06,7.292309519367244e-06,-0.00018381452556860488,0.00018381452556860488,0.9995768409705975
baseline,upper,0.5034269565788466,7.162325249699118e-06,7.162460065381168e-06,8.174601643540682e-06,8.174601643540682e-06,1.000018822893034
baseline,upper,0.5074306017486744,7.031681150162052e-06,7.018896459494596e-06,-0.0007903336498004845,0.0007903336498004845,0.9981818443705797
baseline,upper,0.511466087038377,6.9034200589566275e-06,6.882676686876448e-06,-0.001306931032789116,0.001306931032789116,0.9969952035508449
baseline,upper,0.5155336656655084,6.7814202466719105e-06,6.750053331005055e-06,-0.0020134544416370195,0.0020134544416370195,0.9953745801726048
baseline,upper,0.5196335928614055,6.6631715429581725e-06,6.625994600848995e-06,-0.0024299166339787374,0.0024299166339787374,0.9944205335448002
baseline,upper,0.5237661258872047,6.5469847607035624e-06,6.506217512479491e-06,-0.002712751728120493,0.002712751728120493,0.9937731261467468
baseline,upper,0.5279315240499853,6.432823945855561e-06,6.391449787591211e-06,-0.0028022843779042616,0.0028022843779042616,0.9935682744293032
baseline,upper,0.5321300487190382,6.320653771298185e-06,6.282904984058155e-06,-0.002601509515965714,0.002601509515965714,0.9940277084292378
baseline,upper,0.5363619633422679,6.210439525920002e-06,6.175214053683714e-06,-0.002470320902138397,0.002470320902138397,0.9943280226642139
baseline,upper,0.5406275334627235,6.102147103872716e-06,6.074461038064752e-06,-0.0019749221106772612,0.0019749221106772612,0.9954628976757389
baseline,upper,0.5449270267352594,5.995742994017172e-06,5.976646501070045e-06,-0.0013854391468646303,0.0013854391468646303,0.9968149914087074
baseline,upper,0.5492607129433307,5.891194269553265e-06,5.880906319058793e-06,-0.0007590830937412203,0.0007590830937412203,0.9982536731902321
baseline,upper,0.5536288640159229,5.788468577830744e-06,5.766845176645026e-06,-0.001625388107330928,0.001625388107330928,0.9962644003513237
baseline,upper,0.5580317540446126,5.687534130337668e-06,5.651372268021524e-06,-0.00277009968194799,0.00277009968194799,0.9936419085165126
baseline,upper,0.5624696593007673,5.588359692863433e-06,5.542721723581465e-06,-0.003561276491738279,0.003561276491738279,0.9918333872924734
baseline,upper,0.5669428582528805,5.4909145758333486e-06,5.438127297589504e-06,-0.004195317795916859,0.004195317795916859,0.9903864324394752
baseline,upper,0.5714516315840459,5.3948086309056525e-06,5.337361156464987e-06,-0.004649452987515609,0.004649452987515609,0.9893513415635243
baseline,upper,0.5759962622095681,5.294527911741398e-06,5.242985572828924e-06,-0.00424857950146062,0.00424857950146062,0.9902649792820676
baseline,upper,0.5805770352947155,5.196111248065319e-06,5.1498140134847994e-06,-0.0038868959924691477,0.0038868959924691477,0.9910900224475068
baseline,upper,0.5851942382726147,5.099523990117304e-06,5.0623036885566654e-06,-0.003181444201002745,0.003181444201002745,0.992701220421206
baseline,upper,0.589848160862285,5.00473213221993e-06,4.97781497542249e-06,-0.002342087820094829,0.002342087820094829,0.9946216588448059
baseline,upper,0.5945390950868173,4.911702300806028e-06,4.895010184216565e-06,-0.001478436558228316,0.001478436558228316,0.996601561827816
baseline,upper,0.5992673352917006,4.820401742668739e-06,4.816081127842321e-06,-0.0003894406970870233,0.0003894406970870233,0.99910368158982
baseline,upper,0.6040331781632879,4.7307983134300825e-06,4.711470395459667e-06,-0.0017779667373965537,0.0017779667373965537,0.995914448959799
baseline,upper,0.6088369227474149,4.6428604662237814e-06,4.607692365857176e-06,-0.0033021562686253135,0.0033021562686253135,0.99242533765069
baseline,upper,0.6136788704681635,4.556557240588501e-06,4.507903331623097e-06,-0.004662235980921679,0.004662235980921679,0.9893222214938925
baseline,upper,0.6185593251467766,4.471858251567532e-06,4.414056980696166e-06,-0.005650093748227095,0.005650093748227095,0.9870744402841694
baseline,upper,0.6234785930207208,4.388733679011097e-06,4.324238156498559e-06,-0.006429622789297279,0.006429622789297279,0.9853042979525086
baseline,upper,0.6284369827629024,4.3071542570775175e-06,4.239301659905239e-06,-0.0068961047682308315,0.0068961047682308315,0.9842465365477024
baseline,upper,0.6334348055010374,4.227091263929491e-06,4.15877223526528e-06,-0.007076488574624847,0.007076488574624847,0.983837815557192
baseline,upper,0.6384723748371717,4.149450898204782e-06,4.079516756271013e-06,-0.007381908509565036,0.007381908509565036,0.9831461695416072
baseline,upper,0.6435500068673603,4.074575776785701e-06,4.005466338661938e-06,-0.0074293126499514,0.0074293126499514,0.9830388629615128
baseline,upper,0.6486680202015025,4.001051745895228e-06,3.93340387017418e-06,-0.0074056274167677025,0.0074056274167677025,0.9830924766743021
baseline,upper,0.6538267359833315,3.928854425664847e-06,3.864709954209473e-06,-0.007149031608959013,0.007149031608959013,0.9836734924469696
baseline,upper,0.6590264779105673,3.857959876150633e-06,3.799765824530939e-06,-0.006600874207596732,0.006600874207596732,0.9849158484048937
baseline,upper,0.6642675722552283,3.7883445893950457e-06,3.7348536070344285e-06,-0.0061758920467785096,0.0061758920467785096,0.9858801170014053
baseline,upper,0.6695503478841022,3.71998548163189e-06,3.673870614941254e-06,-0.005417387507999468,0.005417387507999468,0.9876034820785359
baseline,upper,0.6748751362793831,3.652859885631968e-06,3.6148818956836204e-06,-0.004538901379413917,0.004538901379413917,0.9896032174412905
baseline,upper,0.6802422715594711,3.586945543186816e-06,3.557219398972597e-06,-0.0036141312551292025,0.0036141312551292025,0.9917126859450983
baseline,upper,0.6856520904999378,3.522220597728144e-06,3.5025294478858966e-06,-0.0024347571263510508,0.0024347571263510508,0.9944094501477425
baseline,upper,0.6911049325546569,3.4586635870803468e-06,3.4496597800582725e-06,-0.001132056422982872,0.001132056422982872,0.9973967381344322
baseline,upper,0.696601139877105,3.3962534363439048e-06,3.39719785148921e-06,0.00012074990207368026,0.00012074990207368026,1.0002780755803435
baseline,upper,0.702141057341832,3.3349694509071238e-06,3.3372998614250666e-06,0.000303370389380244,0.000303370389380244,1.0006987801694283
baseline,upper,0.7077250325660989,3.2747913095839772e-06,3.2639928232558585e-06,-0.0014344340456444583,0.0014344340456444583,0.9967025421447419
baseline,upper,0.7133534159316914,3.2142602108838617e-06,3.194398850704672e-06,-0.00269189128704016,0.00269189128704016,0.9938208611387662
baseline,upper,0.7190265606069066,3.1543928012512527e-06,3.127974358039499e-06,-0.00365258872872067,0.00365258872872067,0.9916248720827431
baseline,upper,0.7247448225687109,3.0956404558950216e-06,3.064869341266521e-06,-0.0043385488747010315,0.0043385488747010315,0.9900598551198337
baseline,upper,0.7305085606250786,3.0379824061139855e-06,3.0049435010473927e-06,-0.004748943591806699,0.004748943591806699,0.9891247213940075
baseline,upper,0.7363181364375058,2.981398270035764e-06,2.9467345029223165e-06,-0.005078986903509289,0.005078986903509289,0.9883733188343764
baseline,upper,0.7421739145437043,2.925868045411821e-06,2.892073347495776e-06,-0.0050454327073463645,0.0050454327073463645,0.9884496848827342
baseline,upper,0.7480762623804748,2.871372102546802e-06,2.838612444460815e-06,-0.004983374201714276,0.004983374201714276,0.9885909394825804
baseline,upper,0.7540255503067622,2.8178911773595013e-06,2.78791653819229e-06,-0.004644449155174261,0.004644449155174261,0.9893627406877724
baseline,upper,0.7600221516268976,2.7654063645730813e-06,2.739691748037767e-06,-0.004057256404900389,0.004057256404900389,0.9907013244546126
baseline,upper,0.7660664426140182,2.7138991110321506e-06,2.691698653710431e-06,-0.0035672614717041345,0.0035672614717041345,0.9918197190044857
baseline,upper,0.7721588025336806,2.6633512091443193e-06,2.647326255463695e-06,-0.002620972606846057,0.002620972606846057,0.9939831616552844
baseline,upper,0.7782996136676584,2.6137447904438547e-06,2.603262479908857e-06,-0.0017452211634942636,0.0017452211634942636,0.9959895432127414
baseline,upper,0.7844892613379284,2.565062319275301e-06,2.560711560428747e-06,-0.0007372588246257386,0.0007372588246257386,0.9983038389305944
baseline,upper,0.7907281339308488,2.5173374541505094e-06,2.520760627709475e-06,0.0005901693821276872,0.0005901693821276872,1.001359838965301
baseline,upper,0.797016622921532,2.470922294261272e-06,2.4810453368906867e-06,0.0017756124456314703,0.0017756124456314703,1.0040968680613411
baseline,upper,0.8033551228984048,2.4253629461600034e-06,2.4337993207102633e-06,0.0015080272666709547,0.0015080272666709547,1.0034783967338237
baseline,upper,0.8097440315879714,2.380643630221718e-06,2.3812712955799932e-06,0.0001144882289612255,0.0001144882289612255,1.0002636536398424
baseline,upper,0.816183749879767,2.3367488577692454e-06,2.3306608103522513e-06,-0.0011329654289067453,0.0011329654289067453,0.9973946505219196
baseline,upper,0.8226746818515163,2.2936634257086713e-06,2.2832867547821513e-06,-0.001969232116332247,0.001969232116332247,0.9954759400135991
baseline,upper,0.8292172347944844,2.251372411263698e-06,2.2370316560825455e-06,-0.0027752100485232607,0.0027752100485232607,0.9936302163474131
baseline,upper,0.8358118192390357,2.2098611668070925e-06,2.194181744675431e-06,-0.003092392794065325,0.003092392794065325,0.9929047931303684
baseline,upper,0.8424588489803945,2.1691153147874357e-06,2.1515197228025737e-06,-0.0035373090687800227,0.0035373090687800227,0.9918881251425832
baseline,upper,0.8491587411046072,2.129120742749411e-06,2.1118422341930764e-06,-0.0035388200662520674,0.0035388200662520674,0.9918846741711689
baseline,upper,0.8559119160147152,2.08986359844591e-06,2.07353884877926e-06,-0.0034057649349383975,0.0034057649349383975,0.9921886051899323
baseline,upper,0.8627187974571348,2.0513302850402635e-06,2.0362168532795274e-06,-0.00321156415089868,0.00321156415089868,0.9926323752586534
baseline,upper,0.8695798125482445,2.013507456396935e-06,2.0012454006418476e-06,-0.0026528954085059428,0.0026528954085059428,0.993910101640731
baseline,upper,0.8764953918011862,1.9763820124590413e-06,1.9666077708043213e-06,-0.0021531417242375162,0.0021531417242375162,0.9950544775285833
baseline,upper,0.883465969152881,1.939293771468224e-06,1.93346247092104e-06,-0.0013078559069344008,0.0013078559069344008,0.9969930803507047
baseline,upper,0.8904919819912542,1.902142486957482e-06,1.901909317226251e-06,-5.324024643195546e-05,5.324024643195546e-05,0.9998774173160897
baseline,upper,0.897573871182683,1.8657029140817238e-06,1.8702731369651698e-06,0.0010625461953193333,0.0010625461953193333,1.0024495984054864
baseline,upper,0.9047120810996585,1.8299614184953725e-06,1.833663155716323e-06,0.0008776251840432517,0.0008776251840432517,1.002022849871881
baseline,upper,0.911907059648671,1.7949046270476673e-06,1.7941183109281923e-06,-0.0001902984534147528,0.0001902984534147528,0.9995619176040744
baseline,upper,0.9191592582983126,1.760519422778894e-06,1.7566983356641431e-06,-0.0009436309126398584,0.0009436309126398584,0.9978295683277839
baseline,upper,0.9264691321076065,1.7267929400125271e-06,1.7210414572001796e-06,-0.0014489324470456932,0.0014489324470456932,0.9966692689788819
baseline,upper,0.9338371397545634,1.693712559541357e-06,1.6867735709383183e-06,-0.0017829203117223204,0.0017829203117223204,0.9959030895980852
baseline,upper,0.9412637435649586,1.6612659039058375e-06,1.6542774731426955e-06,-0.0018307957804042498,0.0018307957804042498,0.9957933099411049
baseline,upper,0.9487494095413441,1.6294408327629195e-06,1.622634478984227e-06,-0.0018178952949465888,0.0018178952949465888,0.9958228898884585
baseline,upper,0.9562946073922904,1.598225438343556e-06,1.592694090288991e-06,-0.0015056702760389764,0.0015056702760389764,0.9965390689436793
baseline,upper,0.9638998105618566,1.567608040997277e-06,1.563534068305212e-06,-0.0011301338593029827,0.0011301338593029827,0.9974011534863823
baseline,upper,0.9715654962592999,1.5375771848220808e-06,1.5354863798839591e-06,-0.0005909576345235433,0.0005909576345235433,0.9986401951337723
baseline,upper,0.9792921454890187,1.5081216333780634e-06,1.5089788059987551e-06,0.0002467702727839255,0.0002467702727839255,1.0005683710131335
baseline,upper,0.9870802430807362,1.480140831480307e-06,1.4824587835866301e-06,0.0006795882976468974,0.0006795882976468974,1.0015660348373774
baseline,upper,0.9949302777199195,1.4528955220334279e-06,1.457202233876081e-06,0.0012854431093218448,0.0012854431093218448,1.002964226799065
baseline,upper,1.0028427419784451,1.426151723571904e-06,1.4304731496538309e-06,0.0013139792701375899,0.0013139792701375899,1.0030301306729859
baseline,upper,1.0108181323455083,1.3999002046620065e-06,1.3999595237769606e-06,1.8402324972278306e-05,1.8402324972278306e-05,1.0000423738169024
baseline,upper,1.0188569492587731,1.3741319037952459e-06,1.370785517433275e-06,-0.0010589155360971108,0.0010589155360971108,0.9975647269721863
baseline,upper,1.0269596971357755,1.3488379262604949e-06,1.342589829941288e-06,-0.002016415727462471,0.002016415727462471,0.9953677931220921
baseline,upper,1.0351268844055765,1.3240095410737308e-06,1.316155957437474e-06,-0.002583760827506267,0.002583760827506267,0.9940683330500114
baseline,upper,1.0433590235406611,1.2996381779642508e-06,1.290152201612724e-06,-0.003181512790687799,0.003181512790687799,0.9927010636403545
baseline,upper,1.0516566310890967,1.2757154244164026e-06,1.2657838016064724e-06,-0.003394272871897702,0.003394272871897702,0.9922148602894931
baseline,upper,1.0600202277069464,1.2522330227657294e-06,1.2418785227242934e-06,-0.003606036045076663,0.003606036045076663,0.9917311715525864
baseline,upper,1.0684503381909365,1.2291828673486047e-06,1.219165526977019e-06,-0.0035538242293239935,0.0035538242293239935,0.9918504067721076
baseline,upper,1.0769474915113886,1.2065570017043054e-06,1.1974124298799112e-06,-0.0033040821453634,0.0033040821453634,0.9924209367551826
baseline,upper,1.0855122208454089,1.184347615828603e-06,1.1758898099615372e-06,-0.0031125632528966178,0.0031125632528966178,0.9928586795345988
baseline,upper,1.0941450636103474,1.162247846047978e-06,1.155615839957347e-06,-0.002485263932067416,0.002485263932067416,0.9942938108139482
baseline,upper,1.1028465614975158,1.1389583929676632e-06,1.1339755186793238e-06,-0.001904180551108826,0.001904180551108826,0.9956250603014952
baseline,upper,1.1116172605061792,1.1161356205756608e-06,1.1096038288262256e-06,-0.0025490218615039344,0.0025490218615039344,0.9941478511849068
baseline,upper,1.120457710977817,1.0937701773915318e-06,1.0864339008689747e-06,-0.0029227689908592675,0.0029227689908592675,0.9932926709155182
baseline,upper,1.1293684676306543,1.071852899322465e-06,1.0640392463510407e-06,-0.003177540133692382,0.003177540133692382,0.9927101442965136
baseline,upper,1.1383500895944692,1.0503748059083544e-06,1.0431005497772448e-06,-0.0030181219984494858,0.0030181219984494858,0.9930746090917338
baseline,upper,1.1474031404456786,1.0293270966421031e-06,1.0222938591152268e-06,-0.0029776535523824655,0.0029776535523824655,0.9931671501218413
baseline,upper,1.156528188242699,1.0087011473636793e-06,1.0029926377109394e-06,-0.002464769653196026,0.002464769653196026,0.9943407324680262
baseline,upper,1.1657258055615927,9.88488506726431e-07,9.838230083368858e-07,-0.002054649044738166,0.002054649044738166,0.9952801693112285
baseline,upper,1.174996569531994,9.68680892734189e-07,9.656194624510158e-07,-0.0013747227883386967,0.0013747227883386967,0.9968395884484395
baseline,upper,1.1843410618733257,9.492701893477798e-07,9.4827091379903e-07,-0.0004574129078109647,0.0004574129078109647,0.9989473223114314
baseline,upper,1.193759868931297,9.30248443159537e-07,9.310135235181662e-07,0.0003570375397208425,0.0003570375397208425,1.0008224473410894
baseline,upper,1.203253581714697,9.116078601344399e-07,9.135054193834489e-07,0.0009030670228727056,0.0009030670228727056,1.0020815520927269
baseline,upper,1.2128227959324809,8.933408024165557e-07,8.935887156286098e-07,0.0001205054139959041,0.0001205054139959041,1.0002775124693548
baseline,upper,1.2224681120311462,8.760094474887044e-07,8.748743576258924e-07,-0.0005631022818368294,0.0005631022818368294,0.9987042492908427
baseline,upper,1.232190135232411,8.595635045845521e-07,8.56593289784434e-07,-0.0015032999198956022,0.0015032999198956022,0.9965445080156659
baseline,upper,1.2419894755711918,8.434263129601726e-07,8.394572991389683e-07,-0.0020485361967220107,0.0020485361967220107,0.9952941783292553
baseline,upper,1.251866747933878,8.271977118418358e-07,8.226428984997809e-07,-0.002397971432889915,0.002397971432889915,0.9944936823726057
baseline,upper,1.2618225720969176,8.09617171062949e-07,8.06647808972175e-07,-0.0015957519807638756,0.0015957519807638756,0.9963323874580432
baseline,upper,1.271857572765707,7.924102718085171e-07,7.914015407859613e-07,-0.0005532050873373706,0.0005532050873373706,0.9987270091536627
baseline,upper,1.2819723796137883,7.755690730265223e-07,7.763033580578169e-07,0.0004109821846771545,0.0004109821846771545,1.0009467693553447
baseline,upper,1.2921676273223592,7.606304596319654e-07,7.621410157122596e-07,0.0008616215841712072,0.0008616215841712072,1.001985926360384
baseline,upper,1.3024439556200997,7.469332373898345e-07,7.474395684790679e-07,0.0002942997967059065,0.0002942997967059065,1.0006778799816203
baseline,upper,1.3128020093233148,7.334826709248597e-07,7.310513874788308e-07,-0.0014419520645407846,0.0014419520645407846,0.9966852884977321
baseline,upper,1.323242438376391,7.200286334343049e-07,7.152990666374823e-07,-0.0028621090440052906,0.0028621090440052906,0.9934314184503135
baseline,upper,1.3337658978925813,7.053189936804813e-07,7.002257674855e-07,-0.003147490957923426,0.003147490957923426,0.9927788330661508
baseline,upper,1.3443730481951144,6.909098607282487e-07,6.859266800711728e-07,-0.0031436953441348354,0.0031436953441348354,0.9927875097167909
baseline,upper,1.3550645548586238,6.767950954512031e-07,6.719217096139329e-07,-0.0031385295720891145,0.0031385295720891145,0.9927993186268271
baseline,upper,1.3658410887509134,6.610959758189289e-07,6.587091090529635e-07,-0.001570844373173174,0.001570844373173174,0.9963895306381064
baseline,upper,1.3767033260750554,6.474745143200688e-07,6.456505090113044e-07,-0.0012251807855090443,0.0012251807855090443,0.9971828925024487
baseline,upper,1.3876519484118153,6.34133714359248e-07,6.334939012524272e-07,-0.0004384052886124456,0.0004384052886124456,0.9989910438566301
baseline,upper,1.3986876427624235,6.210241279631253e-07,6.21221095602561e-07,0.0001377215351920892,0.0001377215351920892,1.0003171658403702
baseline,upper,1.409811101591681,6.081355574292313e-07,6.078191399560008e-07,-0.00022602546953279874,0.00022602546953279874,0.9994796925301193
baseline,upper,1.421023022871413,5.955144728800625e-07,5.944982115524897e-07,-0.0007417682177752543,0.0007417682177752543,0.9982934733346481
baseline,upper,1.4323241101242608,5.843974489644096e-07,5.817858242642333e-07,-0.0019451764027734097,0.0019451764027734097,0.9955310812790092
baseline,upper,1.4437150724678285,5.727764491916345e-07,5.69520270862308e-07,-0.0024759663334137363,0.0024759663334137363,0.994315097392845
baseline,upper,1.45519662465918,5.605818174828801e-07,5.577830049888344e-07,-0.002173729600928989,0.002173729600928989,0.9950073077528397
baseline,upper,1.4667694871396855,5.469224236471829e-07,5.4658679471095e-07,-0.0002665945510162914,0.0002665945510162914,0.9993863317323968
baseline,upper,1.478434386080228,5.381806253257204e-07,5.355864726401299e-07,-0.0020984595088684253,0.0020984595088684253,0.9951797731774151
baseline,upper,1.4901920534267727,5.271690127514023e-07,5.252796439203863e-07,-0.0015593033139778172,0.0015593033139778172,0.9964160093152005
baseline,upper,1.502043226946289,5.178288404683866e-07,5.144833032716022e-07,-0.0028149497981537525,0.0028149497981537525,0.9935392992136971
baseline,upper,1.5139886502730466,5.060648915117108e-07,5.031393682122386e-07,-0.002517908881803722,0.002517908881803722,0.9942190747697728
baseline,upper,1.5260290729552801,4.949490739494941e-07,4.919032679444972e-07,-0.002680808232281706,0.002680808232281706,0.9938462234494296
baseline,upper,1.5381652505022154,4.841521495632206e-07,4.813191677604072e-07,-0.0025487072963885507,0.0025487072963885507,0.9941485712593259
baseline,upper,1.5503979444314797,4.7442171073663093e-07,4.709489464622041e-07,-0.0031907255294783077,0.0031907255294783077,0.9926800055818805
baseline,upper,1.5627279223168842,4.6488683324307233e-07,4.611161544765195e-07,-0.0035369087446968056,0.0035369087446968056,0.9918890394459048
baseline,upper,1.5751559578365892,4.5535002243737095e-07,4.5156957133236757e-07,-0.0036206926718910827,0.0036206926718910827,0.9916977030444237
baseline,upper,1.587682830821648,4.450625586681589e-07,4.424033090313199e-07,-0.002602693673839651,0.002602693673839651,0.9940249980928597
baseline,upper,1.60030932730494,4.35007513709945e-07,4.334276883911653e-07,-0.0015801067794543227,0.0015801067794543227,0.9963682803882943
baseline,upper,1.6130362395704958,4.2545333300692974e-07,4.234945035852576e-07,-0.0020041521560205965,0.0020041521560205965,0.9953959006318556
baseline,upper,1.6258643662032064,4.166828795645734e-07,4.140041481489382e-07,-0.0028009641803388424,0.0028009641803388424,0.993571294749536
baseline,upper,1.638794512138935,4.080932235155314e-07,4.047511750684461e-07,-0.00357126500514676,0.00357126500514676,0.9918105759799314
baseline,upper,1.6518274887150266,3.9982645947120445e-07,3.960131459066001e-07,-0.004161928363523707,0.004161928363523707,0.9904625782654612
baseline,upper,1.6649641137212143,3.9185251940889916e-07,3.8745753102029464e-07,-0.0048985366995246355,0.0048985366995246355,0.9887840752045329
baseline,upper,1.6782052114509354,3.84037607641523e-07,3.7934446027156426e-07,-0.005340009335846251,0.005340009335846251,0.9877794588952352
baseline,upper,1.6915516127530528,3.737511942582486e-07,3.713499075061297e-07,-0.0027992689688520716,0.0027992689688520716,0.9935751730321972
baseline,upper,1.7050041550839925,3.658844871320005e-07,3.6337693565743713e-07,-0.002986638333951904,0.002986638333951904,0.9931466034698029
baseline,upper,1.7185636825602872,3.580337505293631e-07,3.547080066843175e-07,-0.004052976181483825,0.004052976181483825,0.990711088437533
baseline,upper,1.7322310460115447,3.4944922228123355e-07,3.465589147626543e-07,-0.0036070032951940733,0.0036070032951940733,0.9917289627954783
baseline,upper,1.746007103033838,3.4107052414027677e-07,3.3861745921592357e-07,-0.0031348419043802068,0.0031348419043802068,0.9928077486891118
baseline,upper,1.7598927180435133,3.34388141190472e-07,3.3112181921413766e-07,-0.004263067678001763,0.004263067678001763,0.9902319443365852
baseline,upper,1.7738887623314317,3.267943604562161e-07,3.23666613869209e-07,-0.004176648889120453,0.004176648889120453,0.9904290068450365
baseline,upper,1.787996114117644,3.193215919754427e-07,3.1668553467400043e-07,-0.003600059331293232,0.003600059331293232,0.9917448197438369
baseline,upper,1.8022156586064912,3.128005218898819e-07,3.094976475270899e-07,-0.004610116661481812,0.004610116661481812,0.9894409563550706
baseline,upper,1.8165482880421526,3.0538775467013495e-07,3.021533272002434e-07,-0.00462423798305874,0.00462423798305874,0.9894087846666111
baseline,upper,1.8309949017646339,2.9825892717483056e-07,2.946958143954832e-07,-0.005219483835499036,0.005219483835499036,0.9880536257100571
baseline,upper,1.845556406266193,2.9127400277484673e-07,2.8779628784862796e-07,-0.005216536180638405,0.005216536180638405,0.9880603318762127
baseline,upper,1.8602337152482264,2.84452658286236e-07,2.809362770119806e-07,-0.005402173899315495,0.005402173899315495,0.9876380790552608
baseline,upper,1.8750277496785963,2.780953386214449e-07,2.744940947653458e-07,-0.005660703526672183,0.005660703526672183,0.9870503264313926
baseline,upper,1.8899394378494263,2.7209305227941865e-07,2.6809272925779444e-07,-0.006432416524797976,0.006432416524797976,0.9852979596938911
baseline,upper,1.9049697154353422,2.6592109310745225e-07,2.6043124511668723e-07,-0.009059700039411945,0.009059700039411945,0.9793553496392002
baseline,upper,1.9201195255521866,2.596669489728841e-07,2.5375878378418156e-07,-0.009995590957275107,0.009995590957275107,0.9772471421100285
baseline,upper,1.9353898188162006,2.5339544762236623e-07,2.4738240922399086e-07,-0.010429993555936455,0.010429993555936455,0.9762701403880919
baseline,upper,1.9507815534036663,2.4670046640103495e-07,2.4119785218383644e-07,-0.009796534364251236,0.009796534364251236,0.9776951608666459
baseline,upper,1.9662956951110344,2.4018237380960923e-07,2.3526088703805236e-07,-0.0089914026299569,0.0089914026299569,0.9795093757568651
baseline,upper,1.9819332174155266,2.3294991754704336e-07,2.2953725283897993e-07,-0.006409381477372905,0.006409381477372905,0.9853502214381584
baseline,upper,1.9976951015362157,2.2583341922381582e-07,2.2383130219227108e-07,-0.0038673886717113153,0.0038673886717113153,0.9911345405014635
baseline,upper,2.0135823364955954,2.1959917780188978e-07,2.179889014440915e-07,-0.003196326986155449,0.003196326986155449,0.9926672022458528
baseline,upper,2.0295959191816437,2.1394811363575272e-07,2.120288810885759e-07,-0.0039134401859621925,0.0039134401859621925,0.9910294486146097
baseline,upper,2.04573685441037,2.0788212082379435e-07,2.063677480086824e-07,-0.003175313917737698,0.003175313917737698,0.9927152329930501
baseline,upper,2.0620061549888655,2.0218459961553702e-07,2.008655883072774e-07,-0.0028425312524804885,0.0028425312524804885,0.9934762028820802
baseline,upper,2.0784048417788585,1.973454579006958e-07,1.9547719976423013e-07,-0.004131026056073017,0.004131026056073017,0.990533057328303
baseline,upper,2.094933943760769,1.922172343722609e-07,1.9039872929360839e-07,-0.004128278706648559,0.004128278706648559,0.9905393234660183
baseline,upper,2.1115944980982717,1.8749863985835295e-07,1.8492774480499634e-07,-0.0059960481688535044,0.0059960481688535044,0.9862884602507047
baseline,upper,2.1283875502033824,1.8184258255655027e-07,1.7957411189594851e-07,-0.00545186342004022,0.00545186342004022,0.9875250855508704
baseline,upper,2.1453141538020493,1.763571450748461e-07,1.744374759858849e-07,-0.004753265669864844,0.004753265669864844,0.9891148777207383
baseline,upper,2.1623753710002735,1.7131222275949998e-07,1.693105588677264e-07,-0.005104306796724248,0.005104306796724248,0.9883156971549913
baseline,upper,2.1795722723507556,1.6644974736100562e-07,1.6447476639491854e-07,-0.005183862079870267,0.005183862079870267,0.9881346712902866
baseline,upper,2.196905936920068,1.6207829608582942e-07,1.597020438043931e-07,-0.00641438823715661,0.00641438823715661,0.9853388619030277
baseline,upper,2.214377452356364,1.579174153876647e-07,1.5460867452312364e-07,-0.00919617041719258,0.00919617041719258,0.9790476505937069
baseline,upper,2.2319879149576325,1.526227229227142e-07,1.495873490342997e-07,-0.008724331738971355,0.008724331738971355,0.9801119136765004
baseline,upper,2.2497384297404746,1.470501377906091e-07,1.4470852787539048e-07,-0.006971310338100192,0.006971310338100192,0.9840761120635403
baseline,upper,2.2676301105094514,1.4245827123752452e-07,1.3989880575177934e-07,-0.007873662635010046,0.007873662635010046,0.9820335775275714
baseline,upper,2.2856640799269696,1.3833698316649933e-07,1.3520335340212972e-07,-0.009950837017457033,0.009950837017457033,0.9773478523772776
baseline,upper,2.3038414695837255,1.3380112195359134e-07,1.304202047027725e-07,-0.011114877582845567,0.011114877582845567,0.9747317720400617
baseline,upper,2.3221634200697108,1.2919774375510722e-07,1.254724610022008e-07,-0.012706513145622602,0.012706513145622602,0.971166038627055
baseline,upper,2.340631081045778,1.2471281760044489e-07,1.203841400144829e-07,-0.015341816578813715,0.015341816578813715,0.9652908364252485
baseline,upper,2.359245611315792,1.2026105308711236e-07,1.1544846718449544e-07,-0.017736831362031885,0.017736831362031885,0.9599821739534338
baseline,upper,2.3780081788993224,1.1630589331533449e-07,1.1038075178384484e-07,-0.02270837370233812,0.02270837370233812,0.9490555348263815
baseline,upper,2.3969199611049503,1.1255812819405461e-07,1.050306955692187e-07,-0.03006062068371487,0.03006062068371487,0.9331240422561192
baseline,upper,2.4159821446041345,1.0693219578103096e-07,9.619090862293989e-08,-0.045974457745375154,0.045974457745375154,0.8995504854301654
