"mass","coupling"
1.00000000000000004e-34,5.04731102945213164e-13
1.00627777522433847e-34,5.04731102945213164e-13
1.01259496091043599e-34,5.04731102945213164e-13
1.01895180446832941e-34,5.04731102945213164e-13
1.0253485548612157e-34,5.04731102945213164e-13
1.03178546261522623e-34,5.04731102945213164e-13
1.03826277982926468e-34,5.04731102945213164e-13
1.04478076018482102e-34,5.04731102945213164e-13
1.05133965895597481e-34,5.04731102945213164e-13
1.05793973301933308e-34,5.04731102945213164e-13
1.06458124086411647e-34,5.04731102945213164e-13
1.07126444260230872e-34,5.04731102945213164e-13
1.07798959997879202e-34,5.04731102945213164e-13
1.08475697638162461e-34,5.04731102945213164e-13
1.09156683685238144e-34,5.04731102945213164e-13
1.09841944809647393e-34,5.04731102945213164e-13
1.10531507849366539e-34,5.04731102945213164e-13
1.11225399810852075e-34,5.04731102945213164e-13
1.1192364787010085e-34,5.04731102945213164e-13
1.1262627937371736e-34,5.04731102945213164e-13
1.13333321839979104e-34,5.04731102945213164e-13
1.14044802959917172e-34,5.04731102945213164e-13
1.14760750598403505e-34,5.04731102945213164e-13
1.15481192795236646e-34,5.04731102945213164e-13
1.16206157766242681e-34,5.04731102945213164e-13
1.16935673904383149e-34,5.04731102945213164e-13
1.17669769780860464e-34,5.04731102945213164e-13
1.18408474146244343e-34,5.04731102945213164e-13
1.19151815931591355e-34,5.04731102945213164e-13
1.19899824249580667e-34,5.04731102945213164e-13
1.20652528395657219e-34,5.04731102945213164e-13
1.21409957849173256e-34,5.04731102945213164e-13
1.22172142274545784e-34,5.04731102945213164e-13
1.22939111522421288e-34,5.04731102945213164e-13
1.23710895630838904e-34,5.04731102945213164e-13
1.24487524826409905e-34,5.04731102945213164e-13
1.25269029525504355e-34,5.04731102945213164e-13
1.26055440335435465e-34,5.04731102945213164e-13
1.26846788055666333e-34,5.04731102945213164e-13
1.27643103679009089e-34,5.04731102945213164e-13
1.28444418392841802e-34,5.04731102945213164e-13
1.29250763580332931e-34,5.04731102945213164e-13
1.3006217082166438e-34,5.04731102945213164e-13
1.3087867189527124e-34,5.04731102945213164e-13
1.3170029877908969e-34,5.04731102945213164e-13
1.32527083651801946e-34,5.04731102945213164e-13
1.33359058894105055e-34,5.04731102945213164e-13
1.34196257089971551e-34,5.04731102945213164e-13
1.35038711027928831e-34,5.04731102945213164e-13
1.35886453702346556e-34,5.04731102945213164e-13
1.36739518314722369e-34,5.04731102945213164e-13
1.37597938274985384e-34,5.04731102945213164e-13
1.38461747202808126e-34,5.04731102945213164e-13
1.39330978928916544e-34,5.04731102945213164e-13
1.40205667496418177e-34,5.04731102945213164e-13
1.41085847162139028e-34,5.04731102945213164e-13
1.41971552397957134e-34,5.04731102945213164e-13
1.42862817892161887e-34,5.04731102945213164e-13
1.43759678550804499e-34,5.04731102945213164e-13
1.44662169499068395e-34,5.04731102945213164e-13
1.455703260826487e-34,5.04731102945213164e-13
1.46484183869129236e-34,5.04731102945213164e-13
1.47403778649379073e-34,5.04731102945213164e-13
1.48329146438958018e-34,5.04731102945213164e-13
1.49260323479519774e-34,5.04731102945213164e-13
1.50197346240235021e-34,5.04731102945213164e-13
1.51140251419223363e-34,5.04731102945213164e-13
1.52089075944982009e-34,5.04731102945213164e-13
1.53043856977841944e-34,5.04731102945213164e-13
1.54004631911414632e-34,5.04731102945213164e-13
1.54971438374060195e-34,5.04731102945213164e-13
1.55944314230364974e-34,5.04731102945213164e-13
1.56923297582616821e-34,5.04731102945213164e-13
1.57908426772301167e-34,5.04731102945213164e-13
1.58899740381606575e-34,5.04731102945213164e-13
1.59897277234926733e-34,5.04731102945213164e-13
1.60901076400391327e-34,5.04731102945213164e-13
1.61911177191387089e-34,5.04731102945213164e-13
1.62927619168101323e-34,5.04731102945213164e-13
1.63950442139075282e-34,5.04731102945213164e-13
1.6497968616275531e-34,5.04731102945213164e-13
1.66015391549065621e-34,5.04731102945213164e-13
1.67057598860991196e-34,5.04731102945213164e-13
1.68106348916158207e-34,5.04731102945213164e-13
1.69161682788436679e-34,5.04731102945213164e-13
1.70223641809553308e-34,5.04731102945213164e-13
1.71292267570700602e-34,5.04731102945213164e-13
1.72367601924176696e-34,5.04731102945213164e-13
1.73449686985014925e-34,5.04731102945213164e-13
1.7453856513263728e-34,5.04731102945213164e-13
1.75634279012518531e-34,5.04731102945213164e-13
1.76736871537847859e-34,5.04731102945213164e-13
1.77846385891213801e-34,5.04731102945213164e-13
1.7896286552629979e-34,5.04731102945213164e-13
1.80086354169577416e-34,5.04731102945213164e-13
1.81216895822023156e-34,5.04731102945213164e-13
1.82354534760846162e-34,5.04731102945213164e-13
1.83499315541212086e-34,5.04731102945213164e-13
1.84651282997999754e-34,5.04731102945213164e-13
1.85810482247546913e-34,5.04731102945213164e-13
1.86976958689421416e-34,5.04731102945213164e-13
1.88150758008204024e-34,5.04731102945213164e-13
1.89331926175268411e-34,5.04731102945213164e-13
1.9052050945058623e-34,5.04731102945213164e-13
1.91716554384543466e-34,5.04731102945213164e-13
1.92920107819752711e-34,5.04731102945213164e-13
1.94131216892900255e-34,5.04731102945213164e-13
1.95349929036581189e-34,5.04731102945213164e-13
1.96576291981161689e-34,5.04731102945213164e-13
1.97810353756653358e-34,5.04731102945213164e-13
1.9905216269458451e-34,5.04731102945213164e-13
2.00301767429897905e-34,5.04731102945213164e-13
2.01559216902860536e-34,5.04731102945213164e-13
2.02824560360970368e-34,5.04731102945213164e-13
2.04097847360890136e-34,5.04731102945213164e-13
2.05379127770393134e-34,5.04731102945213164e-13
2.06668451770304664e-34,5.04731102945213164e-13
2.07965869856480677e-34,5.04731102945213164e-13
2.09271432841773696e-34,5.04731102945213164e-13
2.10585191858027851e-34,5.04731102945213164e-13
2.11907198358086745e-34,5.04731102945213164e-13
2.1323750411779811e-34,5.04731102945213164e-13
2.14576161238046862e-34,5.04731102945213164e-13
2.15923222146800687e-34,5.04731102945213164e-13
2.17278739601151456e-34,5.04731102945213164e-13
2.18642766689395024e-34,5.04731102945213164e-13
2.20015356833098533e-34,5.04731102945213164e-13
2.2139656378919753e-34,5.04731102945213164e-13
2.22786441652107027e-34,5.04731102945213164e-13
2.24185044855829133e-34,5.04731102945213164e-13
2.25592428176090427e-34,5.04731102945213164e-13
2.2700864673249266e-34,5.04731102945213164e-13
2.28433755990660504e-34,5.04731102945213164e-13
2.29867811764419347e-34,5.04731102945213164e-13
2.31310870217986895e-34,5.04731102945213164e-13
2.3276298786815964e-34,5.04731102945213164e-13
2.34224221586541388e-34,5.04731102945213164e-13
2.35694628601757315e-34,5.04731102945213164e-13
2.37174266501701143e-34,5.04731102945213164e-13
2.3866319323579617e-34,5.04731102945213164e-13
2.40161467117253372e-34,5.04731102945213164e-13
2.41669146825360856e-34,5.04731102945213164e-13
2.43186291407788111e-34,5.04731102945213164e-13
2.44712960282886665e-34,5.04731102945213164e-13
2.46249213242023078e-34,5.04731102945213164e-13
2.47795110451926715e-34,5.04731102945213164e-13
2.49350712457031964e-34,5.04731102945213164e-13
2.50916080181865867e-34,5.04731102945213164e-13
2.52491274933419728e-34,5.04731102945213164e-13
2.54076358403556302e-34,5.04731102945213164e-13
2.5567139267143228e-34,5.04731102945213164e-13
2.57276440205917094e-34,5.04731102945213164e-13
2.58891563868045668e-34,5.04731102945213164e-13
2.60516826913486715e-34,5.04731102945213164e-13
2.62152292995005364e-34,5.04731102945213164e-13
2.63798026164972921e-34,5.04731102945213164e-13
2.65454090877860761e-34,5.04731102945213164e-13
2.671205519927709e-34,5.04731102945213164e-13
2.68797474775982729e-34,5.04731102945213164e-13
2.70484924903496122e-34,5.04731102945213164e-13
2.72182968463610135e-34,5.04731102945213164e-13
2.73891671959517859e-34,5.04731102945213164e-13
2.75611102311897976e-34,5.04731102945213164e-13
2.77341326861541938e-34,5.04731102945213164e-13
2.79082413371998469e-34,5.04731102945213164e-13
2.80834430032211487e-34,5.04731102945213164e-13
2.82597445459208911e-34,5.04731102945213164e-13
2.84371528700774067e-34,5.04731102945213164e-13
2.86156749238156716e-34,5.04731102945213164e-13
2.87953176988801256e-34,5.04731102945213164e-13
2.89760882309071067e-34,5.04731102945213164e-13
2.91579935997011018e-34,5.04731102945213164e-13
2.93410409295127279e-34,5.04731102945213164e-13
2.95252373893160801e-34,5.04731102945213164e-13
2.97105901930914377e-34,5.04731102945213164e-13
2.98971066001061019e-34,5.04731102945213164e-13
3.00847939151994073e-34,5.04731102945213164e-13
3.02736594890695746e-34,5.04731102945213164e-13
3.04637107185601134e-34,5.04731102945213164e-13
3.06549550469502565e-34,5.04731102945213164e-13
3.08473999642472081e-34,5.04731102945213164e-13
3.10410530074780198e-34,5.04731102945213164e-13
3.12359217609854848e-34,5.04731102945213164e-13
3.1432013856725974e-34,5.04731102945213164e-13
3.16293369745665331e-34,5.04731102945213164e-13
3.18278988425877191e-34,5.04731102945213164e-13
3.20277072373844677e-34,5.04731102945213164e-13
3.22287699843714182e-34,5.04731102945213164e-13
3.24310949580902092e-34,5.04731102945213164e-13
3.26346900825162779e-34,5.04731102945213164e-13
3.28395633313699896e-34,5.04731102945213164e-13
3.30457227284297598e-34,5.04731102945213164e-13
3.32531763478446536e-34,5.04731102945213164e-13
3.34619323144514381e-34,5.04731102945213164e-13
3.36719988040935913e-34,5.04731102945213164e-13
3.38833840439396042e-34,5.04731102945213164e-13
3.40960963128073944e-34,5.04731102945213164e-13
3.43101439414865931e-34,5.04731102945213164e-13
3.45255353130656635e-34,5.04731102945213164e-13
3.47422788632610484e-34,5.04731102945213164e-13
3.4960383080745886e-34,5.04731102945213164e-13
3.51798565074832858e-34,5.04731102945213164e-13
3.5400707739061748e-34,5.04731102945213164e-13
3.56229454250300745e-34,5.04731102945213164e-13
3.5846578269236999e-34,5.04731102945213164e-13
3.60716150301729209e-34,5.04731102945213164e-13
3.62980645213109178e-34,5.04731102945213164e-13
3.65259356114542424e-34,5.04731102945213164e-13
3.67552372250816139e-34,5.04731102945213164e-13
3.69859783426976126e-34,5.04731102945213164e-13
3.72181680011853139e-34,5.04731102945213164e-13
3.74518152941584226e-34,5.04731102945213164e-13
3.76869293723182831e-34,5.04731102945213164e-13
3.79235194438132138e-34,5.04731102945213164e-13
3.8161594774596991e-34,5.04731102945213164e-13
3.84011646887941984e-34,5.04731102945213164e-13
3.86422385690632528e-34,5.04731102945213164e-13
3.88848258569647745e-34,5.04731102945213164e-13
3.91289360533323456e-34,5.04731102945213164e-13
3.93745787186426808e-34,5.04731102945213164e-13
3.96217634733910136e-34,5.04731102945213164e-13
3.98704999984688668e-34,5.04731102945213164e-13
4.01207980355409128e-34,5.04731102945213164e-13
4.03726673874291172e-34,5.04731102945213164e-13
4.06261179184943794e-34,5.04731102945213164e-13
4.08811595550238212e-34,5.04731102945213164e-13
4.11378022856205735e-34,5.04731102945213164e-13
4.13960561615929751e-34,5.04731102945213164e-13
4.16559312973492083e-34,5.04731102945213164e-13
4.19174378707944505e-34,5.04731102945213164e-13
4.21805861237274751e-34,5.04731102945213164e-13
4.24453863622427392e-34,5.04731102945213164e-13
4.27118489571350939e-34,5.04731102945213164e-13
4.29799843443035295e-34,5.04731102945213164e-13
4.32498030251626538e-34,5.04731102945213164e-13
4.35213155670515436e-34,5.04731102945213164e-13
4.37945326036486392e-34,5.04731102945213164e-13
4.40694648353893022e-34,5.04731102945213164e-13
4.43461230298827664e-34,5.04731102945213164e-13
4.46245180223348668e-34,5.04731102945213164e-13
4.49046607159735215e-34,5.04731102945213164e-13
4.51865620824735819e-34,5.04731102945213164e-13
4.54702331623875959e-34,5.04731102945213164e-13
4.57556850655793267e-34,5.04731102945213164e-13
4.60429289716562795e-34,5.04731102945213164e-13
4.63319761304105121e-34,5.04731102945213164e-13
4.66228378622566438e-34,5.04731102945213164e-13
4.69155255586762847e-34,5.04731102945213164e-13
4.72100506826653661e-34,5.04731102945213164e-13
4.75064247691807641e-34,5.04731102945213164e-13
4.78046594255932323e-34,5.04731102945213164e-13
4.81047663321431628e-34,5.04731102945213164e-13
4.84067572423956774e-34,5.04731102945213164e-13
4.87106439837021558e-34,5.04731102945213164e-13
4.90164384576646108e-34,5.04731102945213164e-13
4.93241526405990449e-34,5.04731102945213164e-13
4.9633798584007686e-34,5.04731102945213164e-13
4.99453884150481757e-34,5.04731102945213164e-13
5.02589343370097174e-34,5.04731102945213164e-13
5.05744486297922465e-34,5.04731102945213164e-13
5.08919436503849398e-34,5.04731102945213164e-13
5.12114318333513355e-34,5.04731102945213164e-13
5.15329256913176419e-34,5.04731102945213164e-13
5.18564378154598506e-34,5.04731102945213164e-13
5.21819808760001902e-34,5.04731102945213164e-13
5.25095676227004483e-34,5.04731102945213164e-13
5.28392108853625299e-34,5.04731102945213164e-13
5.31709235743322487e-34,5.04731102945213164e-13
5.35047186810023836e-34,5.04731102945213164e-13
5.3840609278322742e-34,5.04731102945213164e-13
5.41786085213134836e-34,5.04731102945213164e-13
5.4518729647577719e-34,5.04731102945213164e-13
5.48609859778212335e-34,5.04731102945213164e-13
5.52053909163755829e-34,5.04731102945213164e-13
5.55519579517198746e-34,5.04731102945213164e-13
5.59007006570126701e-34,5.04731102945213164e-13
5.62516326906204246e-34,5.04731102945213164e-13
5.66047677966537234e-34,5.04731102945213164e-13
5.69601198055069904e-34,5.04731102945213164e-13
5.73177026343973511e-34,5.04731102945213164e-13
5.76775302879110995e-34,5.04731102945213164e-13
5.80396168585535723e-34,5.04731102945213164e-13
5.84039765272978206e-34,5.04731102945213164e-13
5.87706235641437404e-34,5.04731102945213164e-13
5.91395723286736412e-34,5.04731102945213164e-13
5.95108372706160697e-34,5.04731102945213164e-13
5.9884432930413188e-34,5.04731102945213164e-13
6.02603739397872885e-34,5.04731102945213164e-13
6.06386750223153624e-34,5.04731102945213164e-13
6.10193509940071675e-34,5.04731102945213164e-13
6.14024167638825524e-34,5.04731102945213164e-13
6.17878873345568522e-34,5.04731102945213164e-13
6.21757778028299492e-34,5.04731102945213164e-13
6.25661033602740199e-34,5.04731102945213164e-13
6.29588792938325415e-34,5.04731102945213164e-13
6.33541209864154775e-34,5.04731102945213164e-13
6.37518439175032246e-34,5.04731102945213164e-13
6.41520636637544169e-34,5.04731102945213164e-13
6.45547958996129128e-34,5.04731102945213164e-13
6.49600563979232026e-34,5.04731102945213164e-13
6.53678610305497104e-34,5.04731102945213164e-13
6.57782257689952977e-34,5.04731102945213164e-13
6.61911666850282966e-34,5.04731102945213164e-13
6.66066999513136227e-34,5.04731102945213164e-13
6.70248418420423713e-34,5.04731102945213164e-13
6.74456087335735548e-34,5.04731102945213164e-13
6.7869017105071606e-34,5.04731102945213164e-13
6.82950835391534698e-34,5.04731102945213164e-13
6.87238247225396892e-34,5.04731102945213164e-13
6.9155257446704628e-34,5.04731102945213164e-13
6.95893986085357305e-34,5.04731102945213164e-13
7.00262652109970053e-34,5.04731102945213164e-13
7.04658743637909845e-34,5.04731102945213164e-13
7.09082432840333295e-34,5.04731102945213164e-13
7.13533892969232019e-34,5.04731102945213164e-13
7.18013298364234161e-34,5.04731102945213164e-13
7.22520824459450632e-34,5.04731102945213164e-13
7.27056647790310799e-34,5.04731102945213164e-13
7.31620946000493397e-34,5.04731102945213164e-13
7.36213897848902356e-34,5.04731102945213164e-13
7.4083568321663188e-34,5.04731102945213164e-13
7.45486483114028964e-34,5.04731102945213164e-13
7.50166479687801461e-34,5.04731102945213164e-13
7.54875856228108515e-34,5.04731102945213164e-13
7.59614797175788573e-34,5.04731102945213164e-13
7.64383488129539623e-34,5.04731102945213164e-13
7.69182115853206445e-34,5.04731102945213164e-13
7.74010868283113851e-34,5.04731102945213164e-13
7.78869934535390292e-34,5.04731102945213164e-13
7.837595049133923e-34,5.04731102945213164e-13
7.88679770915177327e-34,5.04731102945213164e-13
7.93630925240959129e-34,5.04731102945213164e-13
7.986131618007056e-34,5.04731102945213164e-13
8.03626675721688651e-34,5.04731102945213164e-13
8.08671663356145135e-34,5.04731102945213164e-13
8.13748322288986892e-34,5.04731102945213164e-13
8.18856851345499687e-34,5.04731102945213164e-13
8.23997450599149502e-34,5.04731102945213164e-13
8.2917032137943888e-34,5.04731102945213164e-13
8.3437566627975142e-34,5.04731102945213164e-13
8.39613689165306568e-34,5.04731102945213164e-13
8.4488459518116391e-34,5.04731102945213164e-13
8.5018859076021056e-34,5.04731102945213164e-13
8.55525883631300174e-34,5.04731102945213164e-13
8.60896682827341086e-34,5.04731102945213164e-13
8.66301198693502546e-34,5.04731102945213164e-13
8.7173964289547532e-34,5.04731102945213164e-13
8.77212228427718153e-34,5.04731102945213164e-13
8.82719169621821225e-34,5.04731102945213164e-13
8.88260682154921774e-34,5.04731102945213164e-13
8.93836983058107777e-34,5.04731102945213164e-13
8.99448290724940102e-34,5.04731102945213164e-13
9.05094824920026638e-34,5.04731102945213164e-13
9.10776806787579156e-34,5.04731102945213164e-13
9.16494458860132356e-34,5.04731102945213164e-13
9.22248005067207999e-34,5.04731102945213164e-13
9.28037670744106862e-34,5.04731102945213164e-13
9.33863682640756912e-34,5.04731102945213164e-13
9.39726268930548612e-34,5.04731102945213164e-13
9.45625659219293106e-34,5.04731102945213164e-13
9.51562084554238629e-34,5.04731102945213164e-13
9.57535777433073141e-34,5.04731102945213164e-13
9.63546971813052222e-34,5.04731102945213164e-13
9.69595903120186483e-34,5.04731102945213164e-13
9.7568280825840656e-34,5.04731102945213164e-13
9.81807925618904074e-34,5.04731102945213164e-13
9.87971495089413624e-34,5.04731102945213164e-13
9.94173758063630336e-34,5.04731102945213164e-13
1.00041495745068968e-33,5.04731102945213164e-13
1.00669533768463128e-33,5.04731102945213164e-13
1.01301514473399667e-33,5.04731102945213164e-13
1.01937462611148725e-33,5.04731102945213164e-13
1.02577403088360095e-33,5.04731102945213164e-13
1.03221360968045167e-33,5.04731102945213164e-13
1.03869361470552859e-33,5.04731102945213164e-13
1.04521429974559701e-33,5.04731102945213164e-13
1.05177592018066413e-33,5.04731102945213164e-13
1.05837873299393015e-33,5.04731102945213164e-13
1.06502299678187752e-33,5.04731102945213164e-13
1.07170897176442537e-33,5.04731102945213164e-13
1.07843691979506061e-33,5.04731102945213164e-13
1.08520710437116189e-33,5.04731102945213164e-13
1.09201979064425912e-33,5.04731102945213164e-13
1.0988752454304441e-33,5.04731102945213164e-13
1.10577373722084601e-33,5.04731102945213164e-13
1.11271553619209517e-33,5.04731102945213164e-13
1.11970091421692929e-33,5.04731102945213164e-13
1.12673014487486951e-33,5.04731102945213164e-13
1.13380350346288017e-33,5.04731102945213164e-13
1.14092126700617832e-33,5.04731102945213164e-13
1.14808371426911044e-33,5.04731102945213164e-13
1.1552911257660062e-33,5.04731102945213164e-13
1.16254378377223811e-33,5.04731102945213164e-13
1.16984197233521214e-33,5.04731102945213164e-13
1.17718597728551971e-33,5.04731102945213164e-13
1.18457608624816127e-33,5.04731102945213164e-13
1.1920125886537539e-33,5.04731102945213164e-13
1.19949577574989411e-33,5.04731102945213164e-13
1.20702594061259539e-33,5.04731102945213164e-13
1.21460337815770707e-33,5.04731102945213164e-13
1.22222838515249327e-33,5.04731102945213164e-13
1.22990126022728687e-33,5.04731102945213164e-13
1.23762230388711416e-33,5.04731102945213164e-13
1.24539181852354538e-33,5.04731102945213164e-13
1.25321010842646628e-33,5.04731102945213164e-13
1.2610774797960262e-33,5.04731102945213164e-13
1.26899424075466092e-33,5.04731102945213164e-13
1.27696070135909871e-33,5.04731102945213164e-13
1.28497717361253421e-33,5.04731102945213164e-13
1.29304397147687932e-33,5.04731102945213164e-13
1.30116141088499712e-33,5.04731102945213164e-13
1.30932980975310554e-33,5.04731102945213164e-13
1.31754948799326134e-33,5.04731102945213164e-13
1.32582076752581442e-33,5.04731102945213164e-13
1.33414397229210134e-33,5.04731102945213164e-13
1.3425194282670571e-33,5.04731102945213164e-13
1.35094746347201406e-33,5.04731102945213164e-13
1.35942840798758149e-33,5.04731102945213164e-13
1.36796259396650789e-33,5.04731102945213164e-13
1.37655035564672125e-33,5.04731102945213164e-13
1.38519202936445454e-33,5.04731102945213164e-13
1.39388795356733853e-33,5.04731102945213164e-13
1.4026384688277473e-33,5.04731102945213164e-13
1.4114439178560582e-33,5.04731102945213164e-13
1.4203046455141065e-33,5.04731102945213164e-13
1.42922099882872779e-33,5.04731102945213164e-13
1.43819332700527912e-33,5.04731102945213164e-13
1.44722198144134984e-33,5.04731102945213164e-13
1.45630731574056027e-33,5.04731102945213164e-13
1.4654496857263273e-33,5.04731102945213164e-13
1.4746494494558946e-33,5.04731102945213164e-13
1.48390696723427312e-33,5.04731102945213164e-13
1.49322260162838741e-33,5.04731102945213164e-13
1.50259671748131231e-33,5.04731102945213164e-13
1.51202968192648891e-33,5.04731102945213164e-13
1.52152186440213888e-33,5.04731102945213164e-13
1.53107363666577189e-33,5.04731102945213164e-13
1.54068537280866993e-33,5.04731102945213164e-13
1.55035744927057616e-33,5.04731102945213164e-13
1.56009024485447572e-33,5.04731102945213164e-13
1.56988414074134225e-33,5.04731102945213164e-13
1.57973952050517011e-33,5.04731102945213164e-13
1.58965677012790588e-33,5.04731102945213164e-13
1.59963627801460365e-33,5.04731102945213164e-13
1.60967843500867663e-33,5.04731102945213164e-13
1.61978363440712613e-33,5.04731102945213164e-13
1.62995227197598269e-33,5.04731102945213164e-13
1.64018474596584765e-33,5.04731102945213164e-13
1.65048145712741001e-33,5.04731102945213164e-13
1.66084280872718064e-33,5.04731102945213164e-13
1.67126920656332888e-33,5.04731102945213164e-13
1.68176105898147813e-33,5.04731102945213164e-13
1.69231877689080955e-33,5.04731102945213164e-13
1.70294277378005719e-33,5.04731102945213164e-13
1.71363346573374604e-33,5.04731102945213164e-13
1.7243912714485266e-33,5.04731102945213164e-13
1.73521661224949144e-33,5.04731102945213164e-13
1.74610991210671778e-33,5.04731102945213164e-13
1.7570715976519128e-33,5.04731102945213164e-13
1.76810209819504104e-33,5.04731102945213164e-13
1.7792018457411762e-33,5.04731102945213164e-13
1.79037127500746719e-33,5.04731102945213164e-13
1.8016108234400616e-33,5.04731102945213164e-13
1.81292093123135349e-33,5.04731102945213164e-13
1.82430204133712245e-33,5.04731102945213164e-13
1.83575459949392361e-33,5.04731102945213164e-13
1.84727905423659183e-33,5.04731102945213164e-13
1.85887585691571797e-33,5.04731102945213164e-13
1.87054546171536879e-33,5.04731102945213164e-13
1.88228832567092429e-33,5.04731102945213164e-13
1.89410490868688281e-33,5.04731102945213164e-13
1.90599567355491953e-33,5.04731102945213164e-13
1.91796108597205891e-33,5.04731102945213164e-13
1.93000161455880373e-33,5.04731102945213164e-13
1.94211773087761424e-33,5.04731102945213164e-13
1.95430990945126608e-33,5.04731102945213164e-13
1.96657862778148259e-33,5.04731102945213164e-13
1.97892436636768245e-33,5.04731102945213164e-13
1.99134760872570537e-33,5.04731102945213164e-13
2.00384884140679259e-33,5.04731102945213164e-13
2.01642855401669568e-33,5.04731102945213164e-13
2.02908723923473349e-33,5.04731102945213164e-13
2.04182539283322269e-33,5.04731102945213164e-13
2.05464351369677612e-33,5.04731102945213164e-13
2.06754210384189274e-33,5.04731102945213164e-13
2.08052166843666775e-33,5.04731102945213164e-13
2.09358271582047878e-33,5.04731102945213164e-13
2.10672575752394254e-33,5.04731102945213164e-13
2.11995130828900211e-33,5.04731102945213164e-13
2.13325988608896514e-33,5.04731102945213164e-13
2.14665201214892985e-33,5.04731102945213164e-13
2.16012821096607448e-33,5.04731102945213164e-13
2.1736890103302541e-33,5.04731102945213164e-13
2.18733494134472206e-33,5.04731102945213164e-13
2.20106653844682599e-33,5.04731102945213164e-13
2.21488433942898967e-33,5.04731102945213164e-13
2.22878888545983224e-33,5.04731102945213164e-13
2.24278072110525291e-33,5.04731102945213164e-13
2.2568603943498128e-33,5.04731102945213164e-13
2.27102845661825279e-33,5.04731102945213164e-13
2.28528546279695983e-33,5.04731102945213164e-13
2.29963197125584732e-33,5.04731102945213164e-13
2.31406854387009404e-33,5.04731102945213164e-13
2.32859574604220341e-33,5.04731102945213164e-13
2.34321414672420709e-33,5.04731102945213164e-13
2.3579243184398319e-33,5.04731102945213164e-13
2.37272683730697925e-33,5.04731102945213164e-13
2.3876222830603476e-33,5.04731102945213164e-13
2.40261123907402249e-33,5.04731102945213164e-13
2.41769429238437883e-33,5.04731102945213164e-13
2.43287203371313382e-33,5.04731102945213164e-13
2.44814505749034407e-33,5.04731102945213164e-13
2.46351396187784342e-33,5.04731102945213164e-13
2.4789793487925321e-33,5.04731102945213164e-13
2.49454182393000821e-33,5.04731102945213164e-13
2.51020199678835196e-33,5.04731102945213164e-13
2.52596048069187476e-33,5.04731102945213164e-13
2.54181789281519957e-33,5.04731102945213164e-13
2.55777485420749515e-33,5.04731102945213164e-13
2.57383198981667477e-33,5.04731102945213164e-13
2.58998992851393423e-33,5.04731102945213164e-13
2.60624930311844538e-33,5.04731102945213164e-13
2.62261075042199001e-33,5.04731102945213164e-13
2.63907491121407289e-33,5.04731102945213164e-13
2.65564243030686607e-33,5.04731102945213164e-13
2.67231395656052646e-33,5.04731102945213164e-13
2.68909014290867582e-33,5.04731102945213164e-13
2.70597164638384099e-33,5.04731102945213164e-13
2.72295912814324936e-33,5.04731102945213164e-13
2.7400532534947934e-33,5.04731102945213164e-13
2.75725469192292821e-33,5.04731102945213164e-13
2.77456411711507315e-33,5.04731102945213164e-13
2.79198220698783638e-33,5.04731102945213164e-13
2.8095096437136354e-33,5.04731102945213164e-13
2.82714711374748106e-33,5.04731102945213164e-13
2.84489530785372481e-33,5.04731102945213164e-13
2.86275492113318217e-33,5.04731102945213164e-13
2.88072665305042511e-33,5.04731102945213164e-13
2.89881120746101272e-33,5.04731102945213164e-13
2.91700929263924616e-33,5.04731102945213164e-13
2.93532162130574206e-33,5.04731102945213164e-13
2.95374891065541585e-33,5.04731102945213164e-13
2.97229188238564522e-33,5.04731102945213164e-13
2.99095126272438825e-33,5.04731102945213164e-13
3.00972778245869835e-33,5.04731102945213164e-13
3.02862217696342064e-33,5.04731102945213164e-13
3.04763518622984392e-33,5.04731102945213164e-13
3.06676755489475445e-33,5.04731102945213164e-13
3.08602003226967785e-33,5.04731102945213164e-13
3.10539337237004716e-33,5.04731102945213164e-13
3.1248883339449366e-33,5.04731102945213164e-13
3.14450568050660064e-33,5.04731102945213164e-13
3.16424618036045059e-33,5.04731102945213164e-13
3.18411060663522473e-33,5.04731102945213164e-13
3.20409973731311259e-33,5.04731102945213164e-13
3.22421435526030016e-33,5.04731102945213164e-13
3.24445524825770943e-33,5.04731102945213164e-13
3.26482320903169643e-33,5.04731102945213164e-13
3.2853190352851739e-33,5.04731102945213164e-13
3.30594352972893494e-33,5.04731102945213164e-13
3.32669750011290202e-33,5.04731102945213164e-13
3.34758175925797959e-33,5.04731102945213164e-13
3.36859712508769655e-33,5.04731102945213164e-13
3.38974442066032223e-33,5.04731102945213164e-13
3.41102447420118256e-33,5.04731102945213164e-13
3.43243811913493546e-33,5.04731102945213164e-13
3.45398619411828708e-33,5.04731102945213164e-13
3.47566954307292986e-33,5.04731102945213164e-13
3.49748901521842111e-33,5.04731102945213164e-13
3.51944546510552592e-33,5.04731102945213164e-13
3.54153975264977607e-33,5.04731102945213164e-13
3.56377274316494145e-33,5.04731102945213164e-13
3.58614530739715469e-33,5.04731102945213164e-13
3.60865832155881022e-33,5.04731102945213164e-13
3.63131266736296509e-33,5.04731102945213164e-13
3.65410923205796318e-33,5.04731102945213164e-13
3.67704890846200278e-33,5.04731102945213164e-13
3.70013259499819651e-33,5.04731102945213164e-13
3.72336119572984267e-33,5.04731102945213164e-13
3.74673562039565931e-33,5.04731102945213164e-13
3.77025678444549419e-33,5.04731102945213164e-13
3.79392560907628028e-33,5.04731102945213164e-13
3.81774302126789126e-33,5.04731102945213164e-13
3.8417099538196979e-33,5.04731102945213164e-13
3.8658273453868813e-33,5.04731102945213164e-13
3.8900961405172898e-33,5.04731102945213164e-13
3.9145172896885236e-33,5.04731102945213164e-13
3.93909174934497457e-33,5.04731102945213164e-13
3.963820481935376e-33,5.04731102945213164e-13
3.98870445595059545e-33,5.04731102945213164e-13
4.01374464596133795e-33,5.04731102945213164e-13
4.03894203265657522e-33,5.04731102945213164e-13
4.06429760288172562e-33,5.04731102945213164e-13
4.08981234967740144e-33,5.04731102945213164e-13
4.11548727231839932e-33,5.04731102945213164e-13
4.14132337635263992e-33,5.04731102945213164e-13
4.16732167364064622e-33,5.04731102945213164e-13
4.19348318239527593e-33,5.04731102945213164e-13
4.21980892722136283e-33,5.04731102945213164e-13
4.24629993915611486e-33,5.04731102945213164e-13
4.27295725570925944e-33,5.04731102945213164e-13
4.29978192090377288e-33,5.04731102945213164e-13
4.3267749853168809e-33,5.04731102945213164e-13
4.3539375061209908e-33,5.04731102945213164e-13
4.38127054712519965e-33,5.04731102945213164e-13
4.40877517881706545e-33,5.04731102945213164e-13
4.43645247840432178e-33,5.04731102945213164e-13
4.46430352985716696e-33,5.04731102945213164e-13
4.49232942395083086e-33,5.04731102945213164e-13
4.52053125830803891e-33,5.04731102945213164e-13
4.54891013744229311e-33,5.04731102945213164e-13
4.57746717280087007e-33,5.04731102945213164e-13
4.60620348280846426e-33,5.04731102945213164e-13
4.63512019291110072e-33,5.04731102945213164e-13
4.66421843561998917e-33,5.04731102945213164e-13
4.69349935055598846e-33,5.04731102945213164e-13
4.722964084494357e-33,5.04731102945213164e-13
4.75261379140943615e-33,5.04731102945213164e-13
4.78244963251995678e-33,5.04731102945213164e-13
4.81247277633463665e-33,5.04731102945213164e-13
4.84268439869767428e-33,5.04731102945213164e-13
4.87308568283510894e-33,5.04731102945213164e-13
4.9036778194008898e-33,5.04731102945213164e-13
4.93446200652362233e-33,5.04731102945213164e-13
4.96543944985361531e-33,5.04731102945213164e-13
4.99661136260985945e-33,5.04731102945213164e-13
5.02797896562765841e-33,5.04731102945213164e-13
5.05954348740657059e-33,5.04731102945213164e-13
5.09130616415827458e-33,5.04731102945213164e-13
5.12326823985510674e-33,5.04731102945213164e-13
5.15543096627890961e-33,5.04731102945213164e-13
5.18779560306975983e-33,5.04731102945213164e-13
5.22036341777564308e-33,5.04731102945213164e-13
5.25313568590179837e-33,5.04731102945213164e-13
5.28611369096079704e-33,5.04731102945213164e-13
5.31929872452294723e-33,5.04731102945213164e-13
5.3526920862666124e-33,5.04731102945213164e-13
5.38629508402924538e-33,5.04731102945213164e-13
5.42010903385874061e-33,5.04731102945213164e-13
5.45413526006466731e-33,5.04731102945213164e-13
5.48837509527049228e-33,5.04731102945213164e-13
5.52282988046545743e-33,5.04731102945213164e-13
5.55750096505723382e-33,5.04731102945213164e-13
5.59238970692490708e-33,5.04731102945213164e-13
5.62749747247188567e-33,5.04731102945213164e-13
5.66282563667955044e-33,5.04731102945213164e-13
5.69837558316124658e-33,5.04731102945213164e-13
5.73414870421614399e-33,5.04731102945213164e-13
5.77014640088414467e-33,5.04731102945213164e-13
5.80637008300042121e-33,5.04731102945213164e-13
5.84282116925077305e-33,5.04731102945213164e-13
5.87950108722733609e-33,5.04731102945213164e-13
5.91641127348420265e-33,5.04731102945213164e-13
5.95355317359382983e-33,5.04731102945213164e-13
5.99092824220379892e-33,5.04731102945213164e-13
6.02853794309349556e-33,5.04731102945213164e-13
6.06638374923158264e-33,5.04731102945213164e-13
6.10446714283383747e-33,5.04731102945213164e-13
6.14278961542085763e-33,5.04731102945213164e-13
6.18135266787687089e-33,5.04731102945213164e-13
6.2201578105081661e-33,5.04731102945213164e-13
6.25920656310239839e-33,5.04731102945213164e-13
6.29850045498825942e-33,5.04731102945213164e-13
6.3380410250950691e-33,5.04731102945213164e-13
6.37782982201319963e-33,5.04731102945213164e-13
6.41786840405488095e-33,5.04731102945213164e-13
6.45815833931492157e-33,5.04731102945213164e-13
6.49870120573227441e-33,5.04731102945213164e-13
6.5394985911519985e-33,5.04731102945213164e-13
6.58055209338707539e-33,5.04731102945213164e-13
6.62186332028140967e-33,5.04731102945213164e-13
6.6634338897724278e-33,5.04731102945213164e-13
6.70526542995460322e-33,5.04731102945213164e-13
6.74735957914338569e-33,5.04731102945213164e-13
6.7897179859390335e-33,5.04731102945213164e-13
6.83234230929135091e-33,5.04731102945213164e-13
6.87523421856482085e-33,5.04731102945213164e-13
6.91839539360365085e-33,5.04731102945213164e-13
6.96182752479773594e-33,5.04731102945213164e-13
7.00553231314902852e-33,5.04731102945213164e-13
7.04951147033775984e-33,5.04731102945213164e-13
7.09376671878993688e-33,5.04731102945213164e-13
7.13829979174439253e-33,5.04731102945213164e-13
7.18311243332084676e-33,5.04731102945213164e-13
7.22820639858838646e-33,5.04731102945213164e-13
7.2735834536338484e-33,5.04731102945213164e-13
7.31924537563117041e-33,5.04731102945213164e-13
7.36519395291116143e-33,5.04731102945213164e-13
7.41143098503113334e-33,5.04731102945213164e-13
7.45795828284585678e-33,5.04731102945213164e-13
7.50477766857805551e-33,5.04731102945213164e-13
7.55189097588996172e-33,5.04731102945213164e-13
7.59930004995530914e-33,5.04731102945213164e-13
7.64700674753123221e-33,5.04731102945213164e-13
7.69501293703117019e-33,5.04731102945213164e-13
7.74332049859822832e-33,5.04731102945213164e-13
7.79193132417837585e-33,5.04731102945213164e-13
7.84084731759505022e-33,5.04731102945213164e-13
7.89007039462326912e-33,5.04731102945213164e-13
7.93960248306485617e-33,5.04731102945213164e-13
7.98944552282413693e-33,5.04731102945213164e-13
8.03960146598352316e-33,5.04731102945213164e-13
8.09007227688016389e-33,5.04731102945213164e-13
8.14085993218306958e-33,5.04731102945213164e-13
8.19196642097013788e-33,5.04731102945213164e-13
8.2433937448062505e-33,5.04731102945213164e-13
8.29514391782186094e-33,5.04731102945213164e-13
8.34721896679141607e-33,5.04731102945213164e-13
8.39962093121326777e-33,5.04731102945213164e-13
8.45235186338907307e-33,5.04731102945213164e-13
8.50541382850437879e-33,5.04731102945213164e-13
8.55880890470970858e-33,5.04731102945213164e-13
8.61253918320154268e-33,5.04731102945213164e-13
8.66660676830441892e-33,5.04731102945213164e-13
8.72101377755356407e-33,5.04731102945213164e-13
8.77576234177740469e-33,5.04731102945213164e-13
8.8308546051812242e-33,5.04731102945213164e-13
8.88629272543136641e-33,5.04731102945213164e-13
8.94207887373922609e-33,5.04731102945213164e-13
8.99821523494686612e-33,5.04731102945213164e-13
9.05470400761208062e-33,5.04731102945213164e-13
9.11154740409471008e-33,5.04731102945213164e-13
9.16874765064352211e-33,5.04731102945213164e-13
9.22630698748294385e-33,5.04731102945213164e-13
9.28422766890102861e-33,5.04731102945213164e-13
9.34251196333797352e-33,5.04731102945213164e-13
9.40116215347450203e-33,5.04731102945213164e-13
9.46018053632149534e-33,5.04731102945213164e-13
9.51956942331018223e-33,5.04731102945213164e-13
9.57933114038213046e-33,5.04731102945213164e-13
9.63946802808095594e-33,5.04731102945213164e-13
9.69998244164344553e-33,5.04731102945213164e-13
9.7608767510920318e-33,5.04731102945213164e-13
9.82215334132785974e-33,5.04731102945213164e-13
9.88381461222370088e-33,5.04731102945213164e-13
9.94586297871819115e-33,5.04731102945213164e-13
1.00083008709106536e-32,5.04731102945213164e-13
1.00711307341557815e-32,5.04731102945213164e-13
1.01343550291596543e-32,5.04731102945213164e-13
1.01979762320763631e-32,5.04731102945213164e-13
1.02619968346044015e-32,5.04731102945213164e-13
1.03264193440849202e-32,5.04731102945213164e-13
1.0391246283599345e-32,5.04731102945213164e-13
1.04564801920684385e-32,5.04731102945213164e-13
1.05221236243519922e-32,5.04731102945213164e-13
1.05881791513482881e-32,5.04731102945213164e-13
1.06546493600954805e-32,5.04731102945213164e-13
1.07215368538723009e-32,5.04731102945213164e-13
1.07888442523002833e-32,5.04731102945213164e-13
1.08565741914466213e-32,5.04731102945213164e-13
1.09247293239268768e-32,5.04731102945213164e-13
1.09933123190091383e-32,5.04731102945213164e-13
1.10623258627188284e-32,5.04731102945213164e-13
1.11317726579433634e-32,5.04731102945213164e-13
1.12016554245382779e-32,5.04731102945213164e-13
1.12719768994340201e-32,5.04731102945213164e-13
1.13427398367425102e-32,5.04731102945213164e-13
1.14139470078657284e-32,5.04731102945213164e-13
1.14856012016036193e-32,5.04731102945213164e-13
1.15577052242635847e-32,5.04731102945213164e-13
1.1630261899770673e-32,5.04731102945213164e-13
1.17032740697776219e-32,5.04731102945213164e-13
1.17767445937764181e-32,5.04731102945213164e-13
1.18506763492105886e-32,5.04731102945213164e-13
1.19250722315873174e-32,5.04731102945213164e-13
1.19999351545911246e-32,5.04731102945213164e-13
1.2075268050198285e-32,5.04731102945213164e-13
1.21510738687909652e-32,5.04731102945213164e-13
1.22273555792735685e-32,5.04731102945213164e-13
1.23041161691883077e-32,5.04731102945213164e-13
1.23813586448325186e-32,5.04731102945213164e-13
1.24590860313766978e-32,5.04731102945213164e-13
1.25373013729823762e-32,5.04731102945213164e-13
1.26160077329216458e-32,5.04731102945213164e-13
1.26952081936974438e-32,5.04731102945213164e-13
1.27749058571636557e-32,5.04731102945213164e-13
1.28551038446469084e-32,5.04731102945213164e-13
1.29358052970691313e-32,5.04731102945213164e-13
1.30170133750698316e-32,5.04731102945213164e-13
1.30987312591307275e-32,5.04731102945213164e-13
1.31809621496995659e-32,5.04731102945213164e-13
1.32637092673157826e-32,5.04731102945213164e-13
1.33469758527369666e-32,5.04731102945213164e-13
1.34307651670651243e-32,5.04731102945213164e-13
1.35150804918747231e-32,5.04731102945213164e-13
1.35999251293415535e-32,5.04731102945213164e-13
1.36853024023713901e-32,5.04731102945213164e-13
1.37712156547304653e-32,5.04731102945213164e-13
1.38576682511767545e-32,5.04731102945213164e-13
1.39446635775909791e-32,5.04731102945213164e-13
1.40322050411101134e-32,5.04731102945213164e-13
1.41202960702600329e-32,5.04731102945213164e-13
1.42089401150901176e-32,5.04731102945213164e-13
1.42981406473087392e-32,5.04731102945213164e-13
1.43879011604184021e-32,5.04731102945213164e-13
1.44782251698535079e-32,5.04731102945213164e-13
1.45691162131172072e-32,5.04731102945213164e-13
1.46605778499204245e-32,5.04731102945213164e-13
1.47526136623210168e-32,5.04731102945213164e-13
1.48452272548645739e-32,5.04731102945213164e-13
1.4938422254724714e-32,5.04731102945213164e-13
1.50322023118461322e-32,5.04731102945213164e-13
1.51265710990866828e-32,5.04731102945213164e-13
1.52215323123615974e-32,5.04731102945213164e-13
1.53170896707886091e-32,5.04731102945213164e-13
1.54132469168327314e-32,5.04731102945213164e-13
1.55100078164538336e-32,5.04731102945213164e-13
1.56073761592532626e-32,5.04731102945213164e-13
1.57053557586226252e-32,5.04731102945213164e-13
1.58039504518935288e-32,5.04731102945213164e-13
1.59031641004870981e-32,5.04731102945213164e-13
1.60030005900655934e-32,5.04731102945213164e-13
1.61034638306849811e-32,5.04731102945213164e-13
1.62045577569472862e-32,5.04731102945213164e-13
1.63062863281550761e-32,5.04731102945213164e-13
1.64086535284669375e-32,5.04731102945213164e-13
1.65116633670525675e-32,5.04731102945213164e-13
1.66153198782508666e-32,5.04731102945213164e-13
1.6719627121727008e-32,5.04731102945213164e-13
1.68245891826318255e-32,5.04731102945213164e-13
1.69302101717622248e-32,5.04731102945213164e-13
1.70364942257213563e-32,5.04731102945213164e-13
1.71434455070810329e-32,5.04731102945213164e-13
1.72510682045451828e-32,5.04731102945213164e-13
1.7359366533113049e-32,5.04731102945213164e-13
1.74683447342446933e-32,5.04731102945213164e-13
1.75780070760275399e-32,5.04731102945213164e-13
1.76883578533425264e-32,5.04731102945213164e-13
1.77994013880334711e-32,5.04731102945213164e-13
1.7911142029075325e-32,5.04731102945213164e-13
1.80235841527449122e-32,5.04731102945213164e-13
1.81367321627927929e-32,5.04731102945213164e-13
1.82505904906148361e-32,5.04731102945213164e-13
1.83651635954262157e-32,5.04731102945213164e-13
1.84804559644365065e-32,5.04731102945213164e-13
1.85964721130245214e-32,5.04731102945213164e-13
1.8713216584915617e-32,5.04731102945213164e-13
1.88306939523600781e-32,5.04731102945213164e-13
1.89489088163111486e-32,5.04731102945213164e-13
1.90678658066064374e-32,5.04731102945213164e-13
1.91875695821481597e-32,5.04731102945213164e-13
1.93080248310860818e-32,5.04731102945213164e-13
1.94292362710015864e-32,5.04731102945213164e-13
1.95512086490914988e-32,5.04731102945213164e-13
1.96739467423544737e-32,5.04731102945213164e-13
1.97974553577785835e-32,5.04731102945213164e-13
1.99217393325285918e-32,5.04731102945213164e-13
2.00468035341359051e-32,5.04731102945213164e-13
2.0172652860689684e-32,5.04731102945213164e-13
2.02992922410275353e-32,5.04731102945213164e-13
2.04267266349298622e-32,5.04731102945213164e-13
2.05549610333129598e-32,5.04731102945213164e-13
2.0684000458424967e-32,5.04731102945213164e-13
2.08138499640430706e-32,5.04731102945213164e-13
2.09445146356702682e-32,5.04731102945213164e-13
2.10759995907358723e-32,5.04731102945213164e-13
2.12083099787947625e-32,5.04731102945213164e-13
2.13414509817295555e-32,5.04731102945213164e-13
2.14754278139540898e-32,5.04731102945213164e-13
2.16102457226166004e-32,5.04731102945213164e-13
2.17459099878057303e-32,5.04731102945213164e-13
2.18824259227578701e-32,5.04731102945213164e-13
2.20197988740641831e-32,5.04731102945213164e-13
2.21580342218805162e-32,5.04731102945213164e-13
2.22971373801386804e-32,5.04731102945213164e-13
2.24371137967572051e-32,5.04731102945213164e-13
2.25779689538561483e-32,5.04731102945213164e-13
2.27197083679705509e-32,5.04731102945213164e-13
2.28623375902670018e-32,5.04731102945213164e-13
2.30058622067616416e-32,5.04731102945213164e-13
2.31502878385377968e-32,5.04731102945213164e-13
2.32956201419666818e-32,5.04731102945213164e-13
2.34418648089295201e-32,5.04731102945213164e-13
2.35890275670393076e-32,5.04731102945213164e-13
2.37371141798657105e-32,5.04731102945213164e-13
2.38861304471613634e-32,5.04731102945213164e-13
2.40360822050876753e-32,5.04731102945213164e-13
2.41869753264449357e-32,5.04731102945213164e-13
2.4338815720900978e-32,5.04731102945213164e-13
2.44916093352231891e-32,5.04731102945213164e-13
2.46453621535120279e-32,5.04731102945213164e-13
2.48000801974341957e-32,5.04731102945213164e-13
2.49557695264590495e-32,5.04731102945213164e-13
2.51124362380965564e-32,5.04731102945213164e-13
2.5270086468134856e-32,5.04731102945213164e-13
2.54287263908811977e-32,5.04731102945213164e-13
2.5588362219404352e-32,5.04731102945213164e-13
2.57490002057765148e-32,5.04731102945213164e-13
2.59106466413198264e-32,5.04731102945213164e-13
2.60733078568512919e-32,5.04731102945213164e-13
2.62369902229313685e-32,5.04731102945213164e-13
2.64017001501140962e-32,5.04731102945213164e-13
2.65674440891968962e-32,5.04731102945213164e-13
2.67342285314738309e-32,5.04731102945213164e-13
2.69020600089905223e-32,5.04731102945213164e-13
2.7070945094798628e-32,5.04731102945213164e-13
2.72408904032139598e-32,5.04731102945213164e-13
2.74119025900761738e-32,5.04731102945213164e-13
2.7583988353007908e-32,5.04731102945213164e-13
2.7757154431678863e-32,5.04731102945213164e-13
2.793140760806819e-32,5.04731102945213164e-13
2.81067547067307934e-32,5.04731102945213164e-13
2.82832025950652666e-32,5.04731102945213164e-13
2.84607581835812764e-32,5.04731102945213164e-13
2.86394284261720538e-32,5.04731102945213164e-13
2.88192203203850872e-32,5.04731102945213164e-13
2.90001409076971529e-32,5.04731102945213164e-13
2.918219727378958e-32,5.04731102945213164e-13
2.93653965488267318e-32,5.04731102945213164e-13
2.95497459077335921e-32,5.04731102945213164e-13
2.973525257047866e-32,5.04731102945213164e-13
2.9921923802355052e-32,5.04731102945213164e-13
3.01097669142657763e-32,5.04731102945213164e-13
3.02987892630107596e-32,5.04731102945213164e-13
3.04889982515732913e-32,5.04731102945213164e-13
3.06804013294119165e-32,5.04731102945213164e-13
3.08730059927504598e-32,5.04731102945213164e-13
3.10668197848723455e-32,5.04731102945213164e-13
3.12618502964168047e-32,5.04731102945213164e-13
3.14581051656746297e-32,5.04731102945213164e-13
3.16555920788880775e-32,5.04731102945213164e-13
3.18543187705526845e-32,5.04731102945213164e-13
3.20542930237186391e-32,5.04731102945213164e-13
3.22555226702963577e-32,5.04731102945213164e-13
3.2458015591364035e-32,5.04731102945213164e-13
3.26617797174744247e-32,5.04731102945213164e-13
3.28668230289675854e-32,5.04731102945213164e-13
3.30731535562815523e-32,5.04731102945213164e-13
3.32807793802676456e-32,5.04731102945213164e-13
3.34897086325077662e-32,5.04731102945213164e-13
3.36999494956312379e-32,5.04731102945213164e-13
3.39115102036360882e-32,5.04731102945213164e-13
3.41243990422123795e-32,5.04731102945213164e-13
3.43386243490650175e-32,5.04731102945213164e-13
3.45541945142411617e-32,5.04731102945213164e-13
3.4771117980459634e-32,5.04731102945213164e-13
3.49894032434396284e-32,5.04731102945213164e-13
3.52090588522356796e-32,5.04731102945213164e-13
3.54300934095705218e-32,5.04731102945213164e-13
3.56525155721728263e-32,5.04731102945213164e-13
3.58763340511171538e-32,5.04731102945213164e-13
3.61015576121633497e-32,5.04731102945213164e-13
3.63281950761007164e-32,5.04731102945213164e-13
3.6556255319094397e-32,5.04731102945213164e-13
3.67857472730311991e-32,5.04731102945213164e-13
3.7016679925870304e-32,5.04731102945213164e-13
3.72490623219962029e-32,5.04731102945213164e-13
3.74829035625707633e-32,5.04731102945213164e-13
3.77182128058921368e-32,5.04731102945213164e-13
3.79549992677512924e-32,5.04731102945213164e-13
3.81932722217938515e-32,5.04731102945213164e-13
3.8433040999884244e-32,5.04731102945213164e-13
3.86743149924689832e-32,5.04731102945213164e-13
3.89171036489469641e-32,5.04731102945213164e-13
3.91614164780373347e-32,5.04731102945213164e-13
3.94072630481531615e-32,5.04731102945213164e-13
3.96546529877755194e-32,5.04731102945213164e-13
3.99035959858319183e-32,5.04731102945213164e-13
4.01541017920734546e-32,5.04731102945213164e-13
4.04061802174592981e-32,5.04731102945213164e-13
4.06598411345386154e-32,5.04731102945213164e-13
4.0915094477838225e-32,5.04731102945213164e-13
4.11719502442526669e-32,5.04731102945213164e-13
4.14304184934333919e-32,5.04731102945213164e-13
4.16905093481854431e-32,5.04731102945213164e-13
4.19522329948615292e-32,5.04731102945213164e-13
4.2215599683762004e-32,5.04731102945213164e-13
4.24806197295373141e-32,5.04731102945213164e-13
4.27473035115899482e-32,5.04731102945213164e-13
4.30156614744819272e-32,5.04731102945213164e-13
4.32857041283449644e-32,5.04731102945213164e-13
4.35574420492899307e-32,5.04731102945213164e-13
4.38308858798221631e-32,5.04731102945213164e-13
4.41060463292593171e-32,5.04731102945213164e-13
4.43829341741483036e-32,5.04731102945213164e-13
4.46615602586902176e-32,5.04731102945213164e-13
4.49419354951625174e-32,5.04731102945213164e-13
4.5224070864347498e-32,5.04731102945213164e-13
4.55079774159634273e-32,5.04731102945213164e-13
4.57936662690951119e-32,5.04731102945213164e-13
4.60811486126304876e-32,5.04731102945213164e-13
4.63704357056999133e-32,5.04731102945213164e-13
4.66615388781149361e-32,5.04731102945213164e-13
4.69544695308130865e-32,5.04731102945213164e-13
4.72492391363055831e-32,5.04731102945213164e-13
4.75458592391239382e-32,5.04731102945213164e-13
4.78443414562751914e-32,5.04731102945213164e-13
4.81446974776941873e-32,5.04731102945213164e-13
4.8446939066702529e-32,5.04731102945213164e-13
4.87510780604705067e-32,5.04731102945213164e-13
4.90571263704783204e-32,5.04731102945213164e-13
4.93650959829837446e-32,5.04731102945213164e-13
4.96749989594928078e-32,5.04731102945213164e-13
4.99868474372297492e-32,5.04731102945213164e-13
5.03006536296135643e-32,5.04731102945213164e-13
5.06164298267375832e-32,5.04731102945213164e-13
5.09341883958479259e-32,5.04731102945213164e-13
5.12539417818311679e-32,5.04731102945213164e-13
5.1575702507698832e-32,5.04731102945213164e-13
5.18994831750790921e-32,5.04731102945213164e-13
5.22252964647115734e-32,5.04731102945213164e-13
5.25531551369414719e-32,5.04731102945213164e-13
5.28830720322205439e-32,5.04731102945213164e-13
5.32150600716113287e-32,5.04731102945213164e-13
5.35491322572905715e-32,5.04731102945213164e-13
5.38853016730597702e-32,5.04731102945213164e-13
5.42235814848589074e-32,5.04731102945213164e-13
5.45639849412790069e-32,5.04731102945213164e-13
5.49065253740845474e-32,5.04731102945213164e-13
5.52512161987324781e-32,5.04731102945213164e-13
5.5598070914898993e-32,5.04731102945213164e-13
5.59471031070095617e-32,5.04731102945213164e-13
5.62983264447677954e-32,5.04731102945213164e-13
5.66517546836944824e-32,5.04731102945213164e-13
5.7007401665663072e-32,5.04731102945213164e-13
5.73652813194432119e-32,5.04731102945213164e-13
5.77254076612476233e-32,5.04731102945213164e-13
5.80877947952782352e-32,5.04731102945213164e-13
5.84524569142800193e-32,5.04731102945213164e-13
5.8819408300098197e-32,5.04731102945213164e-13
5.91886633242348013e-32,5.04731102945213164e-13
5.95602364484129024e-32,5.04731102945213164e-13
5.99341422251444882e-32,5.04731102945213164e-13
6.03103952982969832e-32,5.04731102945213164e-13
6.06890104036706857e-32,5.04731102945213164e-13
6.10700023695724681e-32,5.04731102945213164e-13
6.14533861173979642e-32,5.04731102945213164e-13
6.18391766622174705e-32,5.04731102945213164e-13
6.22273891133610253e-32,5.04731102945213164e-13
6.26180386750116451e-32,5.04731102945213164e-13
6.30111406468022999e-32,5.04731102945213164e-13
6.34067104244120999e-32,5.04731102945213164e-13
6.38047635001707468e-32,5.04731102945213164e-13
6.4205315463666899e-32,5.04731102945213164e-13
6.46083820023550088e-32,5.04731102945213164e-13
6.50139789021739968e-32,5.04731102945213164e-13
6.54221220481617183e-32,5.04731102945213164e-13
6.58328274250787743e-32,5.04731102945213164e-13
6.62461111180360848e-32,5.04731102945213164e-13
6.6661989313121662e-32,5.04731102945213164e-13
6.70804782980361533e-32,5.04731102945213164e-13
6.75015944627323336e-32,5.04731102945213164e-13
6.79253543000538106e-32,5.04731102945213164e-13
6.8351774406382545e-32,5.04731102945213164e-13
6.87808714822905102e-32,5.04731102945213164e-13
6.92126623331898694e-32,5.04731102945213164e-13
6.96471638699956727e-32,5.04731102945213164e-13
7.00843931097841688e-32,5.04731102945213164e-13
7.05243671764609914e-32,5.04731102945213164e-13
7.09671033014335304e-32,5.04731102945213164e-13
7.14126188242823389e-32,5.04731102945213164e-13
7.18609311934419559e-32,5.04731102945213164e-13
7.23120579668860315e-32,5.04731102945213164e-13
7.27660168128114764e-32,5.04731102945213164e-13
7.32228255103321445e-32,5.04731102945213164e-13
7.36825019501769594e-32,5.04731102945213164e-13
7.41450641353864413e-32,5.04731102945213164e-13
7.46105301820225647e-32,5.04731102945213164e-13
7.50789183198740199e-32,5.04731102945213164e-13
7.5550246893172042e-32,5.04731102945213164e-13
7.60245343613106479e-32,5.04731102945213164e-13
7.65017992995653219e-32,5.04731102945213164e-13
7.69820603998254426e-32,5.04731102945213164e-13
7.74653364713219963e-32,5.04731102945213164e-13
7.79516464413667046e-32,5.04731102945213164e-13
7.84410093560920679e-32,5.04731102945213164e-13
7.89334443811998387e-32,5.04731102945213164e-13
7.94289708027071896e-32,5.04731102945213164e-13
7.99276080277071174e-32,5.04731102945213164e-13
8.04293755851240979e-32,5.04731102945213164e-13
8.09342931264807429e-32,5.04731102945213164e-13
8.1442380426669501e-32,5.04731102945213164e-13
8.19536573847225239e-32,5.04731102945213164e-13
8.24681440245962618e-32,5.04731102945213164e-13
8.29858604959510513e-32,5.04731102945213164e-13
8.35068270749422583e-32,5.04731102945213164e-13
8.40310641650164407e-32,5.04731102945213164e-13
8.45585922977063817e-32,5.04731102945213164e-13
8.50894321334371617e-32,5.04731102945213164e-13
8.56236044623374732e-32,5.04731102945213164e-13
8.61611302050497002e-32,5.04731102945213164e-13
8.67020304135512486e-32,5.04731102945213164e-13
8.72463262719812826e-32,5.04731102945213164e-13
8.77940390974653577e-32,5.04731102945213164e-13
8.8345190340956017e-32,5.04731102945213164e-13
8.88998015880679439e-32,5.04731102945213164e-13
8.94578945599253887e-32,5.04731102945213164e-13
9.00194911140151652e-32,5.04731102945213164e-13
9.05846132450382853e-32,5.04731102945213164e-13
9.11532830857735235e-32,5.04731102945213164e-13
9.17255229079465078e-32,5.04731102945213164e-13
9.23013551230975038e-32,5.04731102945213164e-13
9.28808022834613906e-32,5.04731102945213164e-13
9.34638870828531721e-32,5.04731102945213164e-13
9.4050632357551514e-32,5.04731102945213164e-13
9.46410610871991134e-32,5.04731102945213164e-13
9.52351963956974384e-32,5.04731102945213164e-13
9.58330615521145623e-32,5.04731102945213164e-13
9.64346799715989338e-32,5.04731102945213164e-13
9.70400752162916436e-32,5.04731102945213164e-13
9.76492709962516201e-32,5.04731102945213164e-13
9.82622911703865976e-32,5.04731102945213164e-13
9.88791597473827796e-32,5.04731102945213164e-13
9.94999008866474913e-32,5.04731102945213164e-13
1.00124538899257827e-31,5.04731102945213164e-13
1.00753098248907075e-31,5.04731102945213164e-13
1.01385603552869402e-31,5.04731102945213164e-13
1.02022079582958204e-31,5.04731102945213164e-13
1.0266255126649874e-31,5.04731102945213164e-13
1.03307043687306941e-31,5.04731102945213164e-13
1.03955582086665925e-31,5.04731102945213164e-13
1.04608191864321269e-31,5.04731102945213164e-13
1.05264898579469951e-31,5.04731102945213164e-13
1.05925727951764656e-31,5.04731102945213164e-13
1.06590705862319387e-31,5.04731102945213164e-13
1.07259858354726589e-31,5.04731102945213164e-13
1.07933211636071068e-31,5.04731102945213164e-13
1.08610792077963276e-31,5.04731102945213164e-13
1.09292626217566081e-31,5.04731102945213164e-13
1.09978740758636701e-31,5.04731102945213164e-13
1.10669162572575223e-31,5.04731102945213164e-13
1.11363918699470697e-31,5.04731102945213164e-13
1.12063036349167478e-31,5.04731102945213164e-13
1.12766542902324434e-31,5.04731102945213164e-13
1.13474465911490012e-31,5.04731102945213164e-13
1.14186833102184206e-31,5.04731102945213164e-13
1.14903672373978769e-31,5.04731102945213164e-13
1.15625011801592679e-31,5.04731102945213164e-13
1.1635087963599456e-31,5.04731102945213164e-13
1.17081304305503399e-31,5.04731102945213164e-13
1.17816314416904743e-31,5.04731102945213164e-13
1.18555938756574074e-31,5.04731102945213164e-13
1.19300206291597289e-31,5.04731102945213164e-13
1.20049146170913164e-31,5.04731102945213164e-13
1.20802787726447894e-31,5.04731102945213164e-13
1.21561160474267008e-31,5.04731102945213164e-13
1.22324294115734192e-31,5.04731102945213164e-13
1.23092218538668634e-31,5.04731102945213164e-13
1.23864963818518549e-31,5.04731102945213164e-13
1.24642560219542026e-31,5.04731102945213164e-13
1.25425038195986359e-31,5.04731102945213164e-13
1.26212428393283806e-31,5.04731102945213164e-13
1.27004761649254754e-31,5.04731102945213164e-13
1.27802068995308417e-31,5.04731102945213164e-13
1.28604381657666358e-31,5.04731102945213164e-13
1.29411731058578214e-31,5.04731102945213164e-13
1.30224148817555443e-31,5.04731102945213164e-13
1.3104166675261286e-31,5.04731102945213164e-13
1.31864316881508431e-31,5.04731102945213164e-13
1.32692131423000392e-31,5.04731102945213164e-13
1.33525142798112366e-31,5.04731102945213164e-13
1.34363383631396615e-31,5.04731102945213164e-13
1.35206886752214957e-31,5.04731102945213164e-13
1.36055685196027955e-31,5.04731102945213164e-13
1.36909812205680855e-31,5.04731102945213164e-13
1.37769301232714502e-31,5.04731102945213164e-13
1.38634185938667671e-31,5.04731102945213164e-13
1.39504500196398622e-31,5.04731102945213164e-13
1.403802780914153e-31,5.04731102945213164e-13
1.41261553923203325e-31,5.04731102945213164e-13
1.4214836220657279e-31,5.04731102945213164e-13
1.43040737673013508e-31,5.04731102945213164e-13
1.4393871527204824e-31,5.04731102945213164e-13
1.44842330172605039e-31,5.04731102945213164e-13
1.45751617764398056e-31,5.04731102945213164e-13
1.46666613659305455e-31,5.04731102945213164e-13
1.47587353692773446e-31,5.04731102945213164e-13
1.4851387392521162e-31,5.04731102945213164e-13
1.49446210643408623e-31,5.04731102945213164e-13
1.50384400361957085e-31,5.04731102945213164e-13
1.5132847982467513e-31,5.04731102945213164e-13
1.5227848600605528e-31,5.04731102945213164e-13
1.53234456112703858e-31,5.04731102945213164e-13
1.54196427584801908e-31,5.04731102945213164e-13
1.55164438097575273e-31,5.04731102945213164e-13
1.56138525562762621e-31,5.04731102945213164e-13
1.57118728130103997e-31,5.04731102945213164e-13
1.58105084188838732e-31,5.04731102945213164e-13
1.59097632369201356e-31,5.04731102945213164e-13
1.60096411543938333e-31,5.04731102945213164e-13
1.61101460829834374e-31,5.04731102945213164e-13
1.62112819589235315e-31,5.04731102945213164e-13
1.63130527431600257e-31,5.04731102945213164e-13
1.64154624215043611e-31,5.04731102945213164e-13
1.65185150047900048e-31,5.04731102945213164e-13
1.66222145290299389e-31,5.04731102945213164e-13
1.6726565055573922e-31,5.04731102945213164e-13
1.68315706712679527e-31,5.04731102945213164e-13
1.69372354886147405e-31,5.04731102945213164e-13
1.7043563645933952e-31,5.04731102945213164e-13
1.71505593075246898e-31,5.04731102945213164e-13
1.72582266638290156e-31,5.04731102945213164e-13
1.73665699315950782e-31,5.04731102945213164e-13
1.7475593354043385e-31,5.04731102945213164e-13
1.75853012010320127e-31,5.04731102945213164e-13
1.76956977692242356e-31,5.04731102945213164e-13
1.78067873822572534e-31,5.04731102945213164e-13
1.79185743909106511e-31,5.04731102945213164e-13
1.8031063173277227e-31,5.04731102945213164e-13
1.81442581349349087e-31,5.04731102945213164e-13
1.82581637091184054e-31,5.04731102945213164e-13
1.83727843568932732e-31,5.04731102945213164e-13
1.84881245673310916e-31,5.04731102945213164e-13
1.86041888576842131e-31,5.04731102945213164e-13
1.87209817735638967e-31,5.04731102945213164e-13
1.88385078891172677e-31,5.04731102945213164e-13
1.89567718072069186e-31,5.04731102945213164e-13
1.90757781595916392e-31,5.04731102945213164e-13
1.91955316071068996e-31,5.04731102945213164e-13
1.93160368398478442e-31,5.04731102945213164e-13
1.94372985773534492e-31,5.04731102945213164e-13
1.95593215687904287e-31,5.04731102945213164e-13
1.96821105931396872e-31,5.04731102945213164e-13
1.9805670459383989e-31,5.04731102945213164e-13
1.99300060066951588e-31,5.04731102945213164e-13
2.00551221046249063e-31,5.04731102945213164e-13
2.01810236532944028e-31,5.04731102945213164e-13
2.0307715583586677e-31,5.04731102945213164e-13
2.04352028573402304e-31,5.04731102945213164e-13
2.0563490467542202e-31,5.04731102945213164e-13
2.06925834385252582e-31,5.04731102945213164e-13
2.08224868261631888e-31,5.04731102945213164e-13
2.09532057180695908e-31,5.04731102945213164e-13
2.10847452337967814e-31,5.04731102945213164e-13
2.12171105250369995e-31,5.04731102945213164e-13
2.13503067758229508e-31,5.04731102945213164e-13
2.1484339202732237e-31,5.04731102945213164e-13
2.16192130550904373e-31,5.04731102945213164e-13
2.17549336151771981e-31,5.04731102945213164e-13
2.18915061984336841e-31,5.04731102945213164e-13
2.20289361536694846e-31,5.04731102945213164e-13
2.21672288632735248e-31,5.04731102945213164e-13
2.2306389743423624e-31,5.04731102945213164e-13
2.24464242442991423e-31,5.04731102945213164e-13
2.25873378502949912e-31,5.04731102945213164e-13
2.27291360802353383e-31,5.04731102945213164e-13
2.287182448759027e-31,5.04731102945213164e-13
2.30154086606938783e-31,5.04731102945213164e-13
2.31598942229620097e-31,5.04731102945213164e-13
2.33052868331130275e-31,5.04731102945213164e-13
2.34515921853900461e-31,5.04731102945213164e-13
2.35988160097825823e-31,5.04731102945213164e-13
2.37469640722525181e-31,5.04731102945213164e-13
2.38960421749585591e-31,5.04731102945213164e-13
2.40460561564840641e-31,5.04731102945213164e-13
2.41970118920662949e-31,5.04731102945213164e-13
2.43489152938253314e-31,5.04731102945213164e-13
2.45017723109962232e-31,5.04731102945213164e-13
2.46555889301625739e-31,5.04731102945213164e-13
2.48103711754898251e-31,5.04731102945213164e-13
2.49661251089617518e-31,5.04731102945213164e-13
2.51228568306185235e-31,5.04731102945213164e-13
2.52805724787941777e-31,5.04731102945213164e-13
2.54392782303586446e-31,5.04731102945213164e-13
2.55989803009582437e-31,5.04731102945213164e-13
2.57596849452597121e-31,5.04731102945213164e-13
2.59213984571958311e-31,5.04731102945213164e-13
2.60841271702106197e-31,5.04731102945213164e-13
2.62478774575080463e-31,5.04731102945213164e-13
2.64126557323022628e-31,5.04731102945213164e-13
2.65784684480674914e-31,5.04731102945213164e-13
2.67453220987914095e-31,5.04731102945213164e-13
2.69132232192301565e-31,5.04731102945213164e-13
2.70821783851627065e-31,5.04731102945213164e-13
2.72521942136501958e-31,5.04731102945213164e-13
2.74232773632935075e-31,5.04731102945213164e-13
2.75954345344947288e-31,5.04731102945213164e-13
2.77686724697202318e-31,5.04731102945213164e-13
2.7942997953763185e-31,5.04731102945213164e-13
2.81184178140110578e-31,5.04731102945213164e-13
2.82949389207114518e-31,5.04731102945213164e-13
2.84725681872420647e-31,5.04731102945213164e-13
2.86513125703809883e-31,5.04731102945213164e-13
2.88311790705801001e-31,5.04731102945213164e-13
2.90121747322376182e-31,5.04731102945213164e-13
2.91943066439758377e-31,5.04731102945213164e-13
2.93775819389171275e-31,5.04731102945213164e-13
2.9562007794963994e-31,5.04731102945213164e-13
2.97475914350809176e-31,5.04731102945213164e-13
2.99343401275755688e-31,5.04731102945213164e-13
3.01222611863853793e-31,5.04731102945213164e-13
3.03113619713623223e-31,5.04731102945213164e-13
3.05016498885618487e-31,5.04731102945213164e-13
3.06931323905337046e-31,5.04731102945213164e-13
3.08858169766123396e-31,5.04731102945213164e-13
3.1079711193211316e-31,5.04731102945213164e-13
3.12748226341196514e-31,5.04731102945213164e-13
3.14711589407977046e-31,5.04731102945213164e-13
3.16687278026772039e-31,5.04731102945213164e-13
3.18675369574631707e-31,5.04731102945213164e-13
3.20675941914351609e-31,5.04731102945213164e-13
3.226890733975429e-31,5.04731102945213164e-13
3.24714842867682739e-31,5.04731102945213164e-13
3.26753329663209743e-31,5.04731102945213164e-13
3.28804613620639561e-31,5.04731102945213164e-13
3.30868775077675376e-31,5.04731102945213164e-13
3.32945894876362506e-31,5.04731102945213164e-13
3.35036054366262526e-31,5.04731102945213164e-13
3.37139335407623146e-31,5.04731102945213164e-13
3.392558203745923e-31,5.04731102945213164e-13
3.4138559215845254e-31,5.04731102945213164e-13
3.43528734170848146e-31,5.04731102945213164e-13
3.4568533034707425e-31,5.04731102945213164e-13
3.47855465149344384e-31,5.04731102945213164e-13
3.50039223570106784e-31,5.04731102945213164e-13
3.52236691135381899e-31,5.04731102945213164e-13
3.54447953908094544e-31,5.04731102945213164e-13
3.56673098491453303e-31,5.04731102945213164e-13
3.58912212032351e-31,5.04731102945213164e-13
3.61165382224760186e-31,5.04731102945213164e-13
3.63432697313176535e-31,5.04731102945213164e-13
3.65714246096083686e-31,5.04731102945213164e-13
3.68010117929410281e-31,5.04731102945213164e-13
3.70320402730053432e-31,5.04731102945213164e-13
3.72645190979379209e-31,5.04731102945213164e-13
3.74984573726775353e-31,5.04731102945213164e-13
3.77338642593226386e-31,5.04731102945213164e-13
3.79707489774883673e-31,5.04731102945213164e-13
3.82091208046685058e-31,5.04731102945213164e-13
3.84489890765998091e-31,5.04731102945213164e-13
3.86903631876257484e-31,5.04731102945213164e-13
3.89332525910653618e-31,5.04731102945213164e-13
3.9177666799584462e-31,5.04731102945213164e-13
3.94236153855659585e-31,5.04731102945213164e-13
3.96711079814873145e-31,5.04731102945213164e-13
3.99201542802955474e-31,5.04731102945213164e-13
4.01707640357878266e-31,5.04731102945213164e-13
4.0422947062994444e-31,5.04731102945213164e-13
4.06767132385609209e-31,5.04731102945213164e-13
4.09320725011374819e-31,5.04731102945213164e-13
4.11890348517659476e-31,5.04731102945213164e-13
4.14476103542724345e-31,5.04731102945213164e-13
4.17078091356625231e-31,5.04731102945213164e-13
4.19696413865158201e-31,5.04731102945213164e-13
4.22331173613861148e-31,5.04731102945213164e-13
4.24982473792040007e-31,5.04731102945213164e-13
4.27650418236789787e-31,5.04731102945213164e-13
4.3033511143707114e-31,5.04731102945213164e-13
4.33036658537813732e-31,5.04731102945213164e-13
4.35755165344009121e-31,5.04731102945213164e-13
4.38490738324883298e-31,5.04731102945213164e-13
4.41243484618041098e-31,5.04731102945213164e-13
4.44013512033673348e-31,5.04731102945213164e-13
4.46800929058789861e-31,5.04731102945213164e-13
4.4960584486144652e-31,5.04731102945213164e-13
4.52428369295031788e-31,5.04731102945213164e-13
4.55268612902580016e-31,5.04731102945213164e-13
4.5812668692107874e-31,5.04731102945213164e-13
4.61002703285836348e-31,5.04731102945213164e-13
4.63896774634877204e-31,5.04731102945213164e-13
4.66809014313326808e-31,5.04731102945213164e-13
4.69739536377880837e-31,5.04731102945213164e-13
4.7268845560124616e-31,5.04731102945213164e-13
4.75655887476646562e-31,5.04731102945213164e-13
4.78641948222358168e-31,5.04731102945213164e-13
4.8164675478623755e-31,5.04731102945213164e-13
4.84670424850313671e-31,5.04731102945213164e-13
4.87713076835408522e-31,5.04731102945213164e-13
4.90774829905751738e-31,5.04731102945213164e-13
4.93855803973658966e-31,5.04731102945213164e-13
4.96956119704240527e-31,5.04731102945213164e-13
5.00075898520099153e-31,5.04731102945213164e-13
5.0321526260611736e-31,5.04731102945213164e-13
5.06374334914214997e-31,5.04731102945213164e-13
5.09553239168176205e-31,5.04731102945213164e-13
5.12752099868507594e-31,5.04731102945213164e-13
5.15971042297289649e-31,5.04731102945213164e-13
5.19210192523095373e-31,5.04731102945213164e-13
5.22469677405940812e-31,5.04731102945213164e-13
5.25749624602227964e-31,5.04731102945213164e-13
5.29050162569756801e-31,5.04731102945213164e-13
5.32371420572769363e-31,5.04731102945213164e-13
5.35713528686982663e-31,5.04731102945213164e-13
5.39076617804716663e-31,5.04731102945213164e-13
5.42460819639991307e-31,5.04731102945213164e-13
5.45866266733697106e-31,5.04731102945213164e-13
5.49293092458800029e-31,5.04731102945213164e-13
5.52741431025533624e-31,5.04731102945213164e-13
5.56211417486691085e-31,5.04731102945213164e-13
5.59703187742883198e-31,5.04731102945213164e-13
5.6321687854787875e-31,5.04731102945213164e-13
5.6675262751395124e-31,5.04731102945213164e-13
5.70310573117287004e-31,5.04731102945213164e-13
5.73890854703376307e-31,5.04731102945213164e-13
5.77493612492507613e-31,5.04731102945213164e-13
5.8111898758522676e-31,5.04731102945213164e-13
5.84767121967877117e-31,5.04731102945213164e-13
5.8843815851817481e-31,5.04731102945213164e-13
5.92132241010770696e-31,5.04731102945213164e-13
5.95849514122920093e-31,5.04731102945213164e-13
5.99590123440115098e-31,5.04731102945213164e-13
6.03354215461800592e-31,5.04731102945213164e-13
6.0714193760712682e-31,5.04731102945213164e-13
6.1095343822069362e-31,5.04731102945213164e-13
6.14788866578374943e-31,5.04731102945213164e-13
6.18648372893179772e-31,5.04731102945213164e-13
6.2253210832110581e-31,5.04731102945213164e-13
6.2644022496707412e-31,5.04731102945213164e-13
6.30372875890901488e-31,5.04731102945213164e-13
6.34330215113259141e-31,5.04731102945213164e-13
6.3831239762174648e-31,5.04731102945213164e-13
6.42319579376924285e-31,5.04731102945213164e-13
6.46351917318438941e-31,5.04731102945213164e-13
6.5040956937118429e-31,5.04731102945213164e-13
6.54492694451455388e-31,5.04731102945213164e-13
6.58601452473187842e-31,5.04731102945213164e-13
6.62736004354237394e-31,5.04731102945213164e-13
6.66896512022649446e-31,5.04731102945213164e-13
6.71083138423017447e-31,5.04731102945213164e-13
6.75296047522880782e-31,5.04731102945213164e-13
6.79535404319108081e-31,5.04731102945213164e-13
6.83801374844403346e-31,5.04731102945213164e-13
6.88094126173770135e-31,5.04731102945213164e-13
6.92413826431071008e-31,5.04731102945213164e-13
6.96760644795629387e-31,5.04731102945213164e-13
7.01134751508821445e-31,5.04731102945213164e-13
7.05536317880760437e-31,5.04731102945213164e-13
7.09965516297023256e-31,5.04731102945213164e-13
7.14422520225367394e-31,5.04731102945213164e-13
7.18907504222541757e-31,5.04731102945213164e-13
7.23420643941141022e-31,5.04731102945213164e-13
7.27962116136443718e-31,5.04731102945213164e-13
7.32532098673382066e-31,5.04731102945213164e-13
7.37130770533466482e-31,5.04731102945213164e-13
7.41758311821812971e-31,5.04731102945213164e-13
7.46414903774214986e-31,5.04731102945213164e-13
7.51100728764205715e-31,5.04731102945213164e-13
7.55815970310218055e-31,5.04731102945213164e-13
7.60560813082790865e-31,5.04731102945213164e-13
7.65335442911764688e-31,5.04731102945213164e-13
7.70140046793577992e-31,5.04731102945213164e-13
7.74974812898609594e-31,5.04731102945213164e-13
7.79839930578504431e-31,5.04731102945213164e-13
7.84735590373640023e-31,5.04731102945213164e-13
7.89661984020544214e-31,5.04731102945213164e-13
7.94619304459423885e-31,5.04731102945213164e-13
7.99607745841740313e-31,5.04731102945213164e-13
8.04627503537768064e-31,5.04731102945213164e-13
8.09678774144298814e-31,5.04731102945213164e-13
8.14761755492294563e-31,5.04731102945213164e-13
8.19876646654655965e-31,5.04731102945213164e-13
8.25023647954038233e-31,5.04731102945213164e-13
8.30202960970657365e-31,5.04731102945213164e-13
8.35414788550204604e-31,5.04731102945213164e-13
8.40659334811811024e-31,5.04731102945213164e-13
8.45936805156001491e-31,5.04731102945213164e-13
8.51247406272758835e-31,5.04731102945213164e-13
8.56591346149640307e-31,5.04731102945213164e-13
8.61968834079874296e-31,5.04731102945213164e-13
8.67380080670612762e-31,5.04731102945213164e-13
8.7282529785113149e-31,5.04731102945213164e-13
8.78304698881149957e-31,5.04731102945213164e-13
8.83818498359206113e-31,5.04731102945213164e-13
8.89366912231017444e-31,5.04731102945213164e-13
8.94950157797960511e-31,5.04731102945213164e-13
9.00568453725602225e-31,5.04731102945213164e-13
9.06222020052221705e-31,5.04731102945213164e-13
9.11911078197448001e-31,5.04731102945213164e-13
9.17635850970955743e-31,5.04731102945213164e-13
9.2339656258113822e-31,5.04731102945213164e-13
9.29193438643949544e-31,5.04731102945213164e-13
9.35026706191686248e-31,5.04731102945213164e-13
9.40896593681903554e-31,5.04731102945213164e-13
9.46803331006384301e-31,5.04731102945213164e-13
9.5274714950009734e-31,5.04731102945213164e-13
9.58728281950280248e-31,5.04731102945213164e-13
9.64746962605580351e-31,5.04731102945213164e-13
9.7080342718518126e-31,5.04731102945213164e-13
9.76897912888059375e-31,5.04731102945213164e-13
9.83030658402295862e-31,5.04731102945213164e-13
9.89201903914370968e-31,5.04731102945213164e-13
9.95411891118633043e-31,5.04731102945213164e-13
1.00166086322670945e-30,5.04731102945213164e-13
1.00794906497705537e-30,5.04731102945213164e-13
1.01427674264456327e-30,5.04731102945213164e-13
1.0206441440501518e-30,5.04731102945213164e-13
1.02705151857053591e-30,5.04731102945213164e-13
1.03349911714793717e-30,5.04731102945213164e-13
1.03998719229994422e-30,5.04731102945213164e-13
1.04651599812938561e-30,5.04731102945213164e-13
1.05308579033431601e-30,5.04731102945213164e-13
1.05969682621797109e-30,5.04731102945213164e-13
1.06634936469891229e-30,5.04731102945213164e-13
1.07304366632110806e-30,5.04731102945213164e-13
1.0797799932641633e-30,5.04731102945213164e-13
1.0865586093536133e-30,5.04731102945213164e-13
1.09337978007119622e-30,5.04731102945213164e-13
1.10024377256531973e-30,5.04731102945213164e-13
1.10715085566146308e-30,5.04731102945213164e-13
1.11410129987273963e-30,5.04731102945213164e-13
1.12109537741047479e-30,5.04731102945213164e-13
1.12813336219490263e-30,5.04731102945213164e-13
1.13521552986583017e-30,5.04731102945213164e-13
1.14234215779350612e-30,5.04731102945213164e-13
1.14951352508941955e-30,5.04731102945213164e-13
1.1567299126172584e-30,5.04731102945213164e-13
1.16399160300393821e-30,5.04731102945213164e-13
1.17129888065060476e-30,5.04731102945213164e-13
1.17865203174384848e-30,5.04731102945213164e-13
1.1860513442668462e-30,5.04731102945213164e-13
1.19349710801067798e-30,5.04731102945213164e-13
1.20098961458565706e-30,5.04731102945213164e-13
1.20852915743279074e-30,5.04731102945213164e-13
1.21611603183520294e-30,5.04731102945213164e-13
1.22375053492977876e-30,5.04731102945213164e-13
1.23143296571873189e-30,5.04731102945213164e-13
1.23916362508134453e-30,5.04731102945213164e-13
1.24694281578578157e-30,5.04731102945213164e-13
1.25477084250087808e-30,5.04731102945213164e-13
1.26264801180815243e-30,5.04731102945213164e-13
1.2705746322137419e-30,5.04731102945213164e-13
1.27855101416051579e-30,5.04731102945213164e-13
1.28657747004026549e-30,5.04731102945213164e-13
1.29465431420587634e-30,5.04731102945213164e-13
1.30278186298367015e-30,5.04731102945213164e-13
1.31096043468582649e-30,5.04731102945213164e-13
1.31919034962278522e-30,5.04731102945213164e-13
1.32747193011582258e-30,5.04731102945213164e-13
1.3358055005097085e-30,5.04731102945213164e-13
1.34419138718533241e-30,5.04731102945213164e-13
1.35262991857257363e-30,5.04731102945213164e-13
1.36112142516308738e-30,5.04731102945213164e-13
1.36966623952328132e-30,5.04731102945213164e-13
1.37826469630737345e-30,5.04731102945213164e-13
1.38691713227042079e-30,5.04731102945213164e-13
1.39562388628159867e-30,5.04731102945213164e-13
1.40438529933739222e-30,5.04731102945213164e-13
1.41320171457499757e-30,5.04731102945213164e-13
1.42207347728573754e-30,5.04731102945213164e-13
1.43100093492863081e-30,5.04731102945213164e-13
1.4399844371439191e-30,5.04731102945213164e-13
1.44902433576685413e-30,5.04731102945213164e-13
1.45812098484139468e-30,5.04731102945213164e-13
1.46727474063410808e-30,5.04731102945213164e-13
1.47648596164815859e-30,5.04731102945213164e-13
1.48575500863726472e-30,5.04731102945213164e-13
1.49508224461992445e-30,5.04731102945213164e-13
1.50446803489354767e-30,5.04731102945213164e-13
1.51391274704881167e-30,5.04731102945213164e-13
1.52341675098403228e-30,5.04731102945213164e-13
1.53298041891970202e-30,5.04731102945213164e-13
1.5426041254129795e-30,5.04731102945213164e-13
1.55228824737245947e-30,5.04731102945213164e-13
1.562033164072846e-30,5.04731102945213164e-13
1.57183925716984479e-30,5.04731102945213164e-13
1.58170691071514815e-30,5.04731102945213164e-13
1.59163651117138748e-30,5.04731102945213164e-13
1.60162844742737186e-30,5.04731102945213164e-13
1.61168311081322704e-30,5.04731102945213164e-13
1.62180089511577507e-30,5.04731102945213164e-13
1.63198219659392933e-30,5.04731102945213164e-13
1.64222741399426826e-30,5.04731102945213164e-13
1.65253694856655725e-30,5.04731102945213164e-13
1.66291120407957241e-30,5.04731102945213164e-13
1.67335058683681787e-30,5.04731102945213164e-13
1.68385550569248061e-30,5.04731102945213164e-13
1.69442637206748256e-30,5.04731102945213164e-13
1.70506359996549954e-30,5.04731102945213164e-13
1.71576760598928423e-30,5.04731102945213164e-13
1.72653880935688635e-30,5.04731102945213164e-13
1.73737763191812607e-30,5.04731102945213164e-13
1.74828449817108708e-30,5.04731102945213164e-13
1.75925983527880033e-30,5.04731102945213164e-13
1.77030407308587285e-30,5.04731102945213164e-13
1.78141764413543706e-30,5.04731102945213164e-13
1.79260098368598988e-30,5.04731102945213164e-13
1.80385452972848382e-30,5.04731102945213164e-13
1.81517872300352387e-30,5.04731102945213164e-13
1.82657400701852662e-30,5.04731102945213164e-13
1.83804082806520832e-30,5.04731102945213164e-13
1.84957963523695842e-30,5.04731102945213164e-13
1.86119088044647467e-30,5.04731102945213164e-13
1.8728750184435065e-30,5.04731102945213164e-13
1.88463250683255812e-30,5.04731102945213164e-13
1.89646380609093435e-30,5.04731102945213164e-13
1.90836937958666646e-30,5.04731102945213164e-13
1.92034969359672194e-30,5.04731102945213164e-13
1.93240521732523356e-30,5.04731102945213164e-13
1.94453642292194011e-30,5.04731102945213164e-13
1.95674378550056737e-30,5.04731102945213164e-13
1.9690277831575612e-30,5.04731102945213164e-13
1.98138889699070166e-30,5.04731102945213164e-13
1.99382761111799301e-30,5.04731102945213164e-13
2.00634441269667129e-30,5.04731102945213164e-13
2.01893979194217175e-30,5.04731102945213164e-13
2.03161424214745735e-30,5.04731102945213164e-13
2.04436825970222392e-30,5.04731102945213164e-13
2.05720234411240656e-30,5.04731102945213164e-13
2.07011699801970941e-30,5.04731102945213164e-13
2.08311272722135923e-30,5.04731102945213164e-13
2.09619004068979653e-30,5.04731102945213164e-13
2.10934945059274397e-30,5.04731102945213164e-13
2.1225914723131469e-30,5.04731102945213164e-13
2.13591662446940913e-30,5.04731102945213164e-13
2.14932542893575594e-30,5.04731102945213164e-13
2.16281841086255184e-30,5.04731102945213164e-13
2.1763960986970077e-30,5.04731102945213164e-13
2.19005902420375476e-30,5.04731102945213164e-13
2.20380772248573981e-30,5.04731102945213164e-13
2.21764273200514824e-30,5.04731102945213164e-13
2.23156459460456445e-30,5.04731102945213164e-13
2.2455738555280657e-30,5.04731102945213164e-13
2.25967106344272174e-30,5.04731102945213164e-13
2.27385677045995727e-30,5.04731102945213164e-13
2.28813153215722615e-30,5.04731102945213164e-13
2.30249590759983047e-30,5.04731102945213164e-13
2.3169504593626824e-30,5.04731102945213164e-13
2.33149575355248892e-30,5.04731102945213164e-13
2.34613235982979126e-30,5.04731102945213164e-13
2.36086085143134932e-30,5.04731102945213164e-13
2.37568180519255626e-30,5.04731102945213164e-13
2.39059580157010567e-30,5.04731102945213164e-13
2.40560342466459013e-30,5.04731102945213164e-13
2.42070526224353334e-30,5.04731102945213164e-13
2.43590190576427141e-30,5.04731102945213164e-13
2.45119395039717732e-30,5.04731102945213164e-13
2.46658199504902892e-30,5.04731102945213164e-13
2.48206664238632666e-30,5.04731102945213164e-13
2.49764849885905657e-30,5.04731102945213164e-13
2.51332817472429989e-30,5.04731102945213164e-13
2.52910628407019545e-30,5.04731102945213164e-13
2.54498344484004988e-30,5.04731102945213164e-13
2.56096027885639749e-30,5.04731102945213164e-13
2.57703741184551709e-30,5.04731102945213164e-13
2.5932154734617939e-30,5.04731102945213164e-13
2.6094950973124636e-30,5.04731102945213164e-13
2.6258769209823831e-30,5.04731102945213164e-13
2.64236158605908834e-30,5.04731102945213164e-13
2.65894973815777191e-30,5.04731102945213164e-13
2.67564202694673994e-30,5.04731102945213164e-13
2.69243910617270501e-30,5.04731102945213164e-13
2.70934163368645403e-30,5.04731102945213164e-13
2.72635027146867938e-30,5.04731102945213164e-13
2.74346568565575143e-30,5.04731102945213164e-13
2.76068854656598377e-30,5.04731102945213164e-13
2.77801952872573066e-30,5.04731102945213164e-13
2.79545931089589346e-30,5.04731102945213164e-13
2.81300857609845888e-30,5.04731102945213164e-13
2.83066801164334133e-30,5.04731102945213164e-13
2.84843830915514013e-30,5.04731102945213164e-13
2.86632016460041064e-30,5.04731102945213164e-13
2.88431427831476077e-30,5.04731102945213164e-13
2.90242135503034708e-30,5.04731102945213164e-13
2.92064210390354753e-30,5.04731102945213164e-13
2.93897723854256893e-30,5.04731102945213164e-13
2.95742747703558616e-30,5.04731102945213164e-13
2.97599354197869789e-30,5.04731102945213164e-13
2.99467616050432315e-30,5.04731102945213164e-13
3.01347606430962944e-30,5.04731102945213164e-13
3.03239398968528934e-30,5.04731102945213164e-13
3.05143067754414368e-30,5.04731102945213164e-13
3.07058687345041632e-30,5.04731102945213164e-13
3.08986332764874225e-30,5.04731102945213164e-13
3.10926079509362226e-30,5.04731102945213164e-13
3.1287800354790676e-30,5.04731102945213164e-13
3.14842181326817733e-30,5.04731102945213164e-13
3.16818689772327908e-30,5.04731102945213164e-13
3.18807606293587993e-30,5.04731102945213164e-13
3.20809008785708517e-30,5.04731102945213164e-13
3.22822975632805396e-30,5.04731102945213164e-13
3.24849585711080215e-30,5.04731102945213164e-13
3.26888918391891189e-30,5.04731102945213164e-13
3.28941053544882604e-30,5.04731102945213164e-13
3.31006071541094446e-30,5.04731102945213164e-13
3.33084053256117992e-30,5.04731102945213164e-13
3.35175080073271485e-30,5.04731102945213164e-13
3.37279233886768369e-30,5.04731102945213164e-13
3.39396597104946562e-30,5.04731102945213164e-13
3.41527252653476831e-30,5.04731102945213164e-13
3.43671283978618397e-30,5.04731102945213164e-13
3.45828775050495912e-30,5.04731102945213164e-13
3.47999810366371215e-30,5.04731102945213164e-13
3.50184474953960887e-30,5.04731102945213164e-13
3.52382854374774814e-30,5.04731102945213164e-13
3.54595034727450447e-30,5.04731102945213164e-13
3.56821102651132963e-30,5.04731102945213164e-13
3.59061145328877314e-30,5.04731102945213164e-13
3.61315250491042603e-30,5.04731102945213164e-13
3.63583506418750934e-30,5.04731102945213164e-13
3.65866001947324671e-30,5.04731102945213164e-13
3.68162826469774325e-30,5.04731102945213164e-13
3.70474069940308714e-30,5.04731102945213164e-13
3.72799822877836696e-30,5.04731102945213164e-13
3.75140176369536982e-30,5.04731102945213164e-13
3.77495222074403578e-30,5.04731102945213164e-13
3.7986505222684848e-30,5.04731102945213164e-13
3.82249759640307076e-30,5.04731102945213164e-13
3.84649437710886349e-30,5.04731102945213164e-13
3.87064180421000297e-30,5.04731102945213164e-13
3.89494082343076074e-30,5.04731102945213164e-13
3.91939238643235896e-30,5.04731102945213164e-13
3.94399745085033271e-30,5.04731102945213164e-13
3.96875698033213456e-30,5.04731102945213164e-13
3.99367194457465177e-30,5.04731102945213164e-13
4.01874331936243758e-30,5.04731102945213164e-13
4.04397208660570689e-30,5.04731102945213164e-13
4.06935923437891657e-30,5.04731102945213164e-13
4.09490575695939994e-30,5.04731102945213164e-13
4.12061265486644052e-30,5.04731102945213164e-13
4.14648093490022251e-30,5.04731102945213164e-13
4.17251161018153128e-30,5.04731102945213164e-13
4.1987057001911935e-30,5.04731102945213164e-13
4.2250642308101072e-30,5.04731102945213164e-13
4.25158823435952604e-30,5.04731102945213164e-13
4.27827874964124202e-30,5.04731102945213164e-13
4.30513682197855363e-30,5.04731102945213164e-13
4.33216350325695789e-30,5.04731102945213164e-13
4.35935985196548712e-30,5.04731102945213164e-13
4.38672693323809615e-30,5.04731102945213164e-13
4.41426581889551663e-30,5.04731102945213164e-13
4.4419775874869866e-30,5.04731102945213164e-13
4.46986332433277884e-30,5.04731102945213164e-13
4.49792412156645479e-30,5.04731102945213164e-13
4.5261610781777413e-30,5.04731102945213164e-13
4.55457530005569101e-30,5.04731102945213164e-13
4.58316790003172689e-30,5.04731102945213164e-13
4.61193999792352936e-30,5.04731102945213164e-13
4.64089272057862928e-30,5.04731102945213164e-13
4.67002720191869005e-30,5.04731102945213164e-13
4.69934458298384382e-30,5.04731102945213164e-13
4.72884601197752888e-30,5.04731102945213164e-13
4.75853264431119448e-30,5.04731102945213164e-13
4.78840564264985662e-30,5.04731102945213164e-13
4.81846617695736646e-30,5.04731102945213164e-13
4.84871542454234219e-30,5.04731102945213164e-13
4.87915457010440194e-30,5.04731102945213164e-13
4.90978480578028149e-30,5.04731102945213164e-13
4.94060733119084201e-30,5.04731102945213164e-13
4.97162335348777688e-30,5.04731102945213164e-13
5.00283408740100386e-30,5.04731102945213164e-13
5.0342407552863657e-30,5.04731102945213164e-13
5.06584458717321566e-30,5.04731102945213164e-13
5.09764682081292088e-30,5.04731102945213164e-13
5.1296487017270482e-30,5.04731102945213164e-13
5.16185148325630987e-30,5.04731102945213164e-13
5.19425642660956872e-30,5.04731102945213164e-13
5.22686480091339925e-30,5.04731102945213164e-13
5.25967788326149672e-30,5.04731102945213164e-13
5.29269695876503726e-30,5.04731102945213164e-13
5.32592332060270386e-30,5.04731102945213164e-13
5.35935827007146552e-30,5.04731102945213164e-13
5.39300311663767377e-30,5.04731102945213164e-13
5.4268591779880374e-30,5.04731102945213164e-13
5.4609277800815842e-30,5.04731102945213164e-13
5.4952102572012819e-30,5.04731102945213164e-13
5.52970795200647084e-30,5.04731102945213164e-13
5.56442221558535914e-30,5.04731102945213164e-13
5.59935440750811891e-30,5.04731102945213164e-13
5.63450589587981773e-30,5.04731102945213164e-13
5.66987805739436124e-30,5.04731102945213164e-13
5.70547227738809191e-30,5.04731102945213164e-13
5.74128994989418154e-30,5.04731102945213164e-13
5.77733247769737052e-30,5.04731102945213164e-13
5.81360127238857776e-30,5.04731102945213164e-13
5.8500977544205608e-30,5.04731102945213164e-13
5.88682335316322081e-30,5.04731102945213164e-13
5.92377950695976535e-30,5.04731102945213164e-13
5.96096766318295295e-30,5.04731102945213164e-13
5.99838927829196529e-30,5.04731102945213164e-13
6.03604581788911452e-30,5.04731102945213164e-13
6.07393875677763096e-30,5.04731102945213164e-13
6.11206957901907834e-30,5.04731102945213164e-13
6.15043977799162678e-30,5.04731102945213164e-13
6.18905085644868828e-30,5.04731102945213164e-13
6.22790432657742138e-30,5.04731102945213164e-13
6.26700171005835976e-30,5.04731102945213164e-13
6.30634453812465112e-30,5.04731102945213164e-13
6.34593435162223197e-30,5.04731102945213164e-13
6.38577270107007237e-30,5.04731102945213164e-13
6.42586114672110678e-30,5.04731102945213164e-13
6.46620125862297837e-30,5.04731102945213164e-13
6.50679461667994784e-30,5.04731102945213164e-13
6.54764281071439985e-30,5.04731102945213164e-13
6.58874744052926718e-30,5.04731102945213164e-13
6.63011011597084466e-30,5.04731102945213164e-13
6.67173245699146766e-30,5.04731102945213164e-13
6.71361609371338373e-30,5.04731102945213164e-13
6.75576266649221727e-30,5.04731102945213164e-13
6.7981738259813776e-30,5.04731102945213164e-13
6.84085123319686875e-30,5.04731102945213164e-13
6.88379655958196157e-30,5.04731102945213164e-13
6.92701148707309218e-30,5.04731102945213164e-13
6.97049770816534729e-30,5.04731102945213164e-13
7.01425692597897504e-30,5.04731102945213164e-13
7.05829085432597248e-30,5.04731102945213164e-13
7.10260121777743446e-30,5.04731102945213164e-13
7.14718975173069637e-30,5.04731102945213164e-13
7.19205820247775579e-30,5.04731102945213164e-13
7.23720832727327136e-30,5.04731102945213164e-13
7.2826418944035442e-30,5.04731102945213164e-13
7.3283606832559597e-30,5.04731102945213164e-13
7.37436648438825929e-30,5.04731102945213164e-13
7.42066109959914387e-30,5.04731102945213164e-13
7.46724634199841978e-30,5.04731102945213164e-13
7.51412403607824914e-30,5.04731102945213164e-13
7.56129601778448605e-30,5.04731102945213164e-13
7.60876413458882218e-30,5.04731102945213164e-13
7.65653024556071577e-30,5.04731102945213164e-13
7.70459622144069583e-30,5.04731102945213164e-13
7.75296394471318785e-30,5.04731102945213164e-13
7.80163530968043342e-30,5.04731102945213164e-13
7.85061222253686874e-30,5.04731102945213164e-13
7.8998966014433346e-30,5.04731102945213164e-13
7.94949037660271128e-30,5.04731102945213164e-13
7.99939549033506589e-30,5.04731102945213164e-13
8.04961389715397491e-30,5.04731102945213164e-13
8.10014756384295352e-30,5.04731102945213164e-13
8.15099846953273198e-30,5.04731102945213164e-13
8.20216860577831847e-30,5.04731102945213164e-13
8.25365997663751979e-30,5.04731102945213164e-13
8.30547459874896869e-30,5.04731102945213164e-13
8.35761450141129906e-30,5.04731102945213164e-13
8.41008172666282985e-30,5.04731102945213164e-13
8.46287832936106681e-30,5.04731102945213164e-13
8.51600637726372098e-30,5.04731102945213164e-13
8.56946795110921553e-30,5.04731102945213164e-13
8.62326514469845056e-30,5.04731102945213164e-13
8.67740006497666862e-30,5.04731102945213164e-13
8.73187483211625169e-30,5.04731102945213164e-13
8.78669157959926379e-30,5.04731102945213164e-13
8.84185245430157651e-30,5.04731102945213164e-13
8.89735961657644685e-30,5.04731102945213164e-13
8.95321524033934693e-30,5.04731102945213164e-13
9.00942151315331878e-30,5.04731102945213164e-13
9.06598063631413954e-30,5.04731102945213164e-13
9.12289482493712529e-30,5.04731102945213164e-13
9.18016630804335997e-30,5.04731102945213164e-13
9.23779732864722598e-30,5.04731102945213164e-13
9.29579014384446723e-30,5.04731102945213164e-13
9.35414702490014403e-30,5.04731102945213164e-13
9.41287025733780511e-30,5.04731102945213164e-13
9.47196214102923146e-30,5.04731102945213164e-13
9.53142499028405675e-30,5.04731102945213164e-13
9.59126113394062461e-30,5.04731102945213164e-13
9.65147291545743717e-30,5.04731102945213164e-13
9.71206269300438999e-30,5.04731102945213164e-13
9.77303283955575537e-30,5.04731102945213164e-13
9.83438574298256375e-30,5.04731102945213164e-13
9.89612380614636644e-30,5.04731102945213164e-13
9.95824944699357761e-30,5.04731102945213164e-13
1.00207650986496146e-29,5.04731102945213164e-13
1.00836732095148318e-29,5.04731102945213164e-13
1.01469762433598498e-29,5.04731102945213164e-13
1.02106766794223649e-29,5.04731102945213164e-13
1.02747770125040892e-29,5.04731102945213164e-13
1.03392797530687903e-29,5.04731102945213164e-13
1.04041874273400239e-29,5.04731102945213164e-13
1.0469502577400753e-29,5.04731102945213164e-13
1.05352277612923075e-29,5.04731102945213164e-13
1.06013655531148243e-29,5.04731102945213164e-13
1.06679185431283227e-29,5.04731102945213164e-13
1.07348893378535478e-29,5.04731102945213164e-13
1.080228056017474e-29,5.04731102945213164e-13
1.08700948494417574e-29,5.04731102945213164e-13
1.09383348615737914e-29,5.04731102945213164e-13
1.10070032691632066e-29,5.04731102945213164e-13
1.10761027615805723e-29,5.04731102945213164e-13
1.11456360450793585e-29,5.04731102945213164e-13
1.12156058429026519e-29,5.04731102945213164e-13
1.12860148953891704e-29,5.04731102945213164e-13
1.13568659600808676e-29,5.04731102945213164e-13
1.14281618118311948e-29,5.04731102945213164e-13
1.14999052429131466e-29,5.04731102945213164e-13
1.15720990631293466e-29,5.04731102945213164e-13
1.16447460999214495e-29,5.04731102945213164e-13
1.17178491984812479e-29,5.04731102945213164e-13
1.17914112218619125e-29,5.04731102945213164e-13
1.18654350510905029e-29,5.04731102945213164e-13
1.19399235852801388e-29,5.04731102945213164e-13
1.20148797417443049e-29,5.04731102945213164e-13
1.20903064561104331e-29,5.04731102945213164e-13
1.21662066824351629e-29,5.04731102945213164e-13
1.22425833933203355e-29,5.04731102945213164e-13
1.23194395800287176e-29,5.04731102945213164e-13
1.23967782526019563e-29,5.04731102945213164e-13
1.24746024399777591e-29,5.04731102945213164e-13
1.2552915190108923e-29,5.04731102945213164e-13
1.2631719570082507e-29,5.04731102945213164e-13
1.27110186662403628e-29,5.04731102945213164e-13
1.27908155842992863e-29,5.04731102945213164e-13
1.28711134494734823e-29,5.04731102945213164e-13
1.29519154065962356e-29,5.04731102945213164e-13
1.30332246202433866e-29,5.04731102945213164e-13
1.31150442748575887e-29,5.04731102945213164e-13
1.31973775748722828e-29,5.04731102945213164e-13
1.32802277448380573e-29,5.04731102945213164e-13
1.33635980295481738e-29,5.04731102945213164e-13
1.34474916941659781e-29,5.04731102945213164e-13
1.35319120243531114e-29,5.04731102945213164e-13
1.36168623263974098e-29,5.04731102945213164e-13
1.37023459273432976e-29,5.04731102945213164e-13
1.3788366175121288e-29,5.04731102945213164e-13
1.3874926438679569e-29,5.04731102945213164e-13
1.39620301081157179e-29,5.04731102945213164e-13
1.4049680594809912e-29,5.04731102945213164e-13
1.41378813315577638e-29,5.04731102945213164e-13
1.42266357727056537e-29,5.04731102945213164e-13
1.43159473942852322e-29,5.04731102945213164e-13
1.4405819694149893e-29,5.04731102945213164e-13
1.44962561921121127e-29,5.04731102945213164e-13
1.45872604300804993e-29,5.04731102945213164e-13
1.46788359721994304e-29,5.04731102945213164e-13
1.47709864049878323e-29,5.04731102945213164e-13
1.48637153374801032e-29,5.04731102945213164e-13
1.49570264013672331e-29,5.04731102945213164e-13
1.50509232511395123e-29,5.04731102945213164e-13
1.51454095642288121e-29,5.04731102945213164e-13
1.52404890411535865e-29,5.04731102945213164e-13
1.53361654056629437e-29,5.04731102945213164e-13
1.54324424048828425e-29,5.04731102945213164e-13
1.55293238094632481e-29,5.04731102945213164e-13
1.56268134137248968e-29,5.04731102945213164e-13
1.57249150358089386e-29,5.04731102945213164e-13
1.58236325178255666e-29,5.04731102945213164e-13
1.59229697260050081e-29,5.04731102945213164e-13
1.60229305508486853e-29,5.04731102945213164e-13
1.6123518907282098e-29,5.04731102945213164e-13
1.62247387348072526e-29,5.04731102945213164e-13
1.63265939976579904e-29,5.04731102945213164e-13
1.64290886849543216e-29,5.04731102945213164e-13
1.65322268108590511e-29,5.04731102945213164e-13
1.66360124147354072e-29,5.04731102945213164e-13
1.67404495613042813e-29,5.04731102945213164e-13
1.68455423408045257e-29,5.04731102945213164e-13
1.6951294869152171e-29,5.04731102945213164e-13
1.70577112881021917e-29,5.04731102945213164e-13
1.71647957654104173e-29,5.04731102945213164e-13
1.72725524949973412e-29,5.04731102945213164e-13
1.73809856971113766e-29,5.04731102945213164e-13
1.74900996184952839e-29,5.04731102945213164e-13
1.75998985325514847e-29,5.04731102945213164e-13
1.77103867395098644e-29,5.04731102945213164e-13
1.782156856659661e-29,5.04731102945213164e-13
1.79334483682026933e-29,5.04731102945213164e-13
1.80460305260555487e-29,5.04731102945213164e-13
1.81593194493896752e-29,5.04731102945213164e-13
1.82733195751197532e-29,5.04731102945213164e-13
1.83880353680148568e-29,5.04731102945213164e-13
1.85034713208724404e-29,5.04731102945213164e-13
1.86196319546947184e-29,5.04731102945213164e-13
1.87365218188662018e-29,5.04731102945213164e-13
1.88541454913309571e-29,5.04731102945213164e-13
1.89725075787723517e-29,5.04731102945213164e-13
1.90916127167939418e-29,5.04731102945213164e-13
1.92114655700999404e-29,5.04731102945213164e-13
1.93320708326791438e-29,5.04731102945213164e-13
1.94534332279876933e-29,5.04731102945213164e-13
1.95755575091345155e-29,5.04731102945213164e-13
1.96984484590679744e-29,5.04731102945213164e-13
1.98221108907620551e-29,5.04731102945213164e-13
1.99465496474061702e-29,5.04731102945213164e-13
2.00717696025936961e-29,5.04731102945213164e-13
2.01977756605134887e-29,5.04731102945213164e-13
2.03245727561416401e-29,5.04731102945213164e-13
2.04521658554354104e-29,5.04731102945213164e-13
2.0580559955526555e-29,5.04731102945213164e-13
2.07097600849183714e-29,5.04731102945213164e-13
2.08397713036814641e-29,5.04731102945213164e-13
2.09705987036524251e-29,5.04731102945213164e-13
2.11022474086337574e-29,5.04731102945213164e-13
2.12347225745933655e-29,5.04731102945213164e-13
2.13680293898678492e-29,5.04731102945213164e-13
2.15021730753644976e-29,5.04731102945213164e-13
2.16371588847664576e-29,5.04731102945213164e-13
2.17729921047381408e-29,5.04731102945213164e-13
2.19096780551329826e-29,5.04731102945213164e-13
2.20472220892005464e-29,5.04731102945213164e-13
2.21856295937976172e-29,5.04731102945213164e-13
2.23249059895979116e-29,5.04731102945213164e-13
2.24650567313049109e-29,5.04731102945213164e-13
2.26060873078660544e-29,5.04731102945213164e-13
2.2748003242686422e-29,5.04731102945213164e-13
2.28908100938465292e-29,5.04731102945213164e-13
2.30345134543187144e-29,5.04731102945213164e-13
2.31791189521869268e-29,5.04731102945213164e-13
2.33246322508667702e-29,5.04731102945213164e-13
2.34710590493280675e-29,5.04731102945213164e-13
2.36184050823167315e-29,5.04731102945213164e-13
2.3766676120580887e-29,5.04731102945213164e-13
2.39158779710955454e-29,5.04731102945213164e-13
2.40660164772905958e-29,5.04731102945213164e-13
2.42170975192802524e-29,5.04731102945213164e-13
2.43691270140919785e-29,5.04731102945213164e-13
2.45221109158998008e-29,5.04731102945213164e-13
2.46760552162561161e-29,5.04731102945213164e-13
2.48309659443271361e-29,5.04731102945213164e-13
2.49868491671286215e-29,5.04731102945213164e-13
2.51437109897643031e-29,5.04731102945213164e-13
2.53015575556635654e-29,5.04731102945213164e-13
2.54603950468236834e-29,5.04731102945213164e-13
2.56202296840505011e-29,5.04731102945213164e-13
2.57810677272026841e-29,5.04731102945213164e-13
2.59429154754375105e-29,5.04731102945213164e-13
2.61057792674561052e-29,5.04731102945213164e-13
2.62696654817533892e-29,5.04731102945213164e-13
2.64345805368663983e-29,5.04731102945213164e-13
2.66005308916263e-29,5.04731102945213164e-13
2.67675230454120027e-29,5.04731102945213164e-13
2.69355635384031771e-29,5.04731102945213164e-13
2.710465895183816e-29,5.04731102945213164e-13
2.72748159082701505e-29,5.04731102945213164e-13
2.74460410718274819e-29,5.04731102945213164e-13
2.76183411484741515e-29,5.04731102945213164e-13
2.77917228862733692e-29,5.04731102945213164e-13
2.79661930756502696e-29,5.04731102945213164e-13
2.81417585496596519e-29,5.04731102945213164e-13
2.83184261842520175e-29,5.04731102945213164e-13
2.8496202898543543e-29,5.04731102945213164e-13
2.86750956550877385e-29,5.04731102945213164e-13
2.88551114601465469e-29,5.04731102945213164e-13
2.90362573639665818e-29,5.04731102945213164e-13
2.92185404610536026e-29,5.04731102945213164e-13
2.94019678904513358e-29,5.04731102945213164e-13
2.95865468360205653e-29,5.04731102945213164e-13
2.97722845267214623e-29,5.04731102945213164e-13
2.99591882368950239e-29,5.04731102945213164e-13
3.01472652865498977e-29,5.04731102945213164e-13
3.03365230416473598e-29,5.04731102945213164e-13
3.0526968914390535e-29,5.04731102945213164e-13
3.07186103635154473e-29,5.04731102945213164e-13
3.09114548945813772e-29,5.04731102945213164e-13
3.11055100602668359e-29,5.04731102945213164e-13
3.13007834606635878e-29,5.04731102945213164e-13
3.14972827435753268e-29,5.04731102945213164e-13
3.16950156048166704e-29,5.04731102945213164e-13
3.18939897885156091e-29,5.04731102945213164e-13
3.20942130874149929e-29,5.04731102945213164e-13
3.22956933431798069e-29,5.04731102945213164e-13
3.24984384467024499e-29,5.04731102945213164e-13
3.27024563384125798e-29,5.04731102945213164e-13
3.2907755008588874e-29,5.04731102945213164e-13
3.31143424976701269e-29,5.04731102945213164e-13
3.33222268965722582e-29,5.04731102945213164e-13
3.35314163470033409e-29,5.04731102945213164e-13
3.3741919041783534e-29,5.04731102945213164e-13
3.39537432251654014e-29,5.04731102945213164e-13
3.41668971931578947e-29,5.04731102945213164e-13
3.43813892938493383e-29,5.04731102945213164e-13
3.45972279277366007e-29,5.04731102945213164e-13
3.48144215480521353e-29,5.04731102945213164e-13
3.50329786610958844e-29,5.04731102945213164e-13
3.525290782656929e-29,5.04731102945213164e-13
3.54742176579085272e-29,5.04731102945213164e-13
3.56969168226241363e-29,5.04731102945213164e-13
3.5921014042638476e-29,5.04731102945213164e-13
3.61465180946281711e-29,5.04731102945213164e-13
3.63734378103687286e-29,5.04731102945213164e-13
3.66017820770783753e-29,5.04731102945213164e-13
3.68315598377684936e-29,5.04731102945213164e-13
3.70627800915917751e-29,5.04731102945213164e-13
3.72954518941958756e-29,5.04731102945213164e-13
3.7529584358077455e-29,5.04731102945213164e-13
3.77651866529403164e-29,5.04731102945213164e-13
3.80022680060523527e-29,5.04731102945213164e-13
3.82408377026094154e-29,5.04731102945213164e-13
3.84809050860968052e-29,5.04731102945213164e-13
3.87224795586561079e-29,5.04731102945213164e-13
3.89655705814543886e-29,5.04731102945213164e-13
3.92101876750525325e-29,5.04731102945213164e-13
3.94563404197806443e-29,5.04731102945213164e-13
3.97040384561110045e-29,5.04731102945213164e-13
3.99532914850369604e-29,5.04731102945213164e-13
4.02041092684521653e-29,5.04731102945213164e-13
4.04565016295342544e-29,5.04731102945213164e-13
4.07104784531272194e-29,5.04731102945213164e-13
4.09660496861312234e-29,5.04731102945213164e-13
4.12232253378898389e-29,5.04731102945213164e-13
4.14820154805830219e-29,5.04731102945213164e-13
4.17424302496226495e-29,5.04731102945213164e-13
4.20044798440470651e-29,5.04731102945213164e-13
4.22681745269232483e-29,5.04731102945213164e-13
4.25335246257463795e-29,5.04731102945213164e-13
4.28005405328456811e-29,5.04731102945213164e-13
4.3069232705790723e-29,5.04731102945213164e-13
4.33396116678024035e-29,5.04731102945213164e-13
4.36116880081626251e-29,5.04731102945213164e-13
4.3885472382631848e-29,5.04731102945213164e-13
4.41609755138639232e-29,5.04731102945213164e-13
4.44382081918271072e-29,5.04731102945213164e-13
4.4717181274227754e-29,5.04731102945213164e-13
4.49979056869329852e-29,5.04731102945213164e-13
4.52803924244015318e-29,5.04731102945213164e-13
4.55646525501117609e-29,5.04731102945213164e-13
4.58506971969964475e-29,5.04731102945213164e-13
4.61385375678780174e-29,5.04731102945213164e-13
4.64281849359088504e-29,5.04731102945213164e-13
4.67196506450101216e-29,5.04731102945213164e-13
4.70129461103191107e-29,5.04731102945213164e-13
4.73080828186336347e-29,5.04731102945213164e-13
4.76050723288630158e-29,5.04731102945213164e-13
4.79039262724819875e-29,5.04731102945213164e-13
4.82046563539835166e-29,5.04731102945213164e-13
4.85072743513403044e-29,5.04731102945213164e-13
4.88117921164633382e-29,5.04731102945213164e-13
4.91182215756672265e-29,5.04731102945213164e-13
4.94265747301385185e-29,5.04731102945213164e-13
4.97368636564032962e-29,5.04731102945213164e-13
5.00491005068013562e-29,5.04731102945213164e-13
5.03632975099633772e-29,5.04731102945213164e-13
5.06794669712874125e-29,5.04731102945213164e-13
5.09976212734220224e-29,5.04731102945213164e-13
5.13177728767525044e-29,5.04731102945213164e-13
5.16399343198859876e-29,5.04731102945213164e-13
5.19641182201458364e-29,5.04731102945213164e-13
5.22903372740628595e-29,5.04731102945213164e-13
5.26186042578738423e-29,5.04731102945213164e-13
5.29489320280231916e-29,5.04731102945213164e-13
5.32813335216634612e-29,5.04731102945213164e-13
5.36158217571654759e-29,5.04731102945213164e-13
5.39524098346251526e-29,5.04731102945213164e-13
5.42911109363783248e-29,5.04731102945213164e-13
5.46319383275160801e-29,5.04731102945213164e-13
5.49749053564061508e-29,5.04731102945213164e-13
5.53200254552124882e-29,5.04731102945213164e-13
5.56673121404249954e-29,5.04731102945213164e-13
5.60167790133856675e-29,5.04731102945213164e-13
5.63684397608226878e-29,5.04731102945213164e-13
5.67223081553877866e-29,5.04731102945213164e-13
5.70783980561925039e-29,5.04731102945213164e-13
5.74367234093546007e-29,5.04731102945213164e-13
5.77972982485410256e-29,5.04731102945213164e-13
5.8160136695519418e-29,5.04731102945213164e-13
5.85252529607102113e-29,5.04731102945213164e-13
5.88926613437451047e-29,5.04731102945213164e-13
5.92623762340237291e-29,5.04731102945213164e-13
5.96344121112811105e-29,5.04731102945213164e-13
6.00087835461513051e-29,5.04731102945213164e-13
6.03855052007395213e-29,5.04731102945213164e-13
6.07645918291978882e-29,5.04731102945213164e-13
6.11460582782997677e-29,5.04731102945213164e-13
6.15299194880252259e-29,5.04731102945213164e-13
6.19161904921426992e-29,5.04731102945213164e-13
6.23048864187996896e-29,5.04731102945213164e-13
6.2696022491114338e-29,5.04731102945213164e-13
6.3089614027773618e-29,5.04731102945213164e-13
6.34856764436297363e-29,5.04731102945213164e-13
6.38842252503079199e-29,5.04731102945213164e-13
6.42852760568103641e-29,5.04731102945213164e-13
6.46888445701290388e-29,5.04731102945213164e-13
6.50949465958624676e-29,5.04731102945213164e-13
6.55035980388310751e-29,5.04731102945213164e-13
6.5914814903704269e-29,5.04731102945213164e-13
6.63286132956235989e-29,5.04731102945213164e-13
6.67450094208355931e-29,5.04731102945213164e-13
6.71640195873254016e-29,5.04731102945213164e-13
6.75856602054576969e-29,5.04731102945213164e-13
6.80099477886155177e-29,5.04731102945213164e-13
6.84368989538514495e-29,5.04731102945213164e-13
6.88665304225344841e-29,5.04731102945213164e-13
6.9298859021006654e-29,5.04731102945213164e-13
6.97339016812436618e-29,5.04731102945213164e-13
7.01716754415140422e-29,5.04731102945213164e-13
7.06121974470511068e-29,5.04731102945213164e-13
7.10554849507202908e-29,5.04731102945213164e-13
7.15015553136966953e-29,5.04731102945213164e-13
7.19504260061466856e-29,5.04731102945213164e-13
7.2402114607908082e-29,5.04731102945213164e-13
7.28566388091833138e-29,5.04731102945213164e-13
7.33140164112281797e-29,5.04731102945213164e-13
7.37742653270513341e-29,5.04731102945213164e-13
7.42374035821146632e-29,5.04731102945213164e-13
7.47034493150416779e-29,5.04731102945213164e-13
7.51724207783236567e-29,5.04731102945213164e-13
7.56443363390393653e-29,5.04731102945213164e-13
7.61192144795701059e-29,5.04731102945213164e-13
7.65970737983254325e-29,5.04731102945213164e-13
7.70779330104733785e-29,5.04731102945213164e-13
7.75618109486691209e-29,5.04731102945213164e-13
7.80487265637974979e-29,5.04731102945213164e-13
7.85386989257108692e-29,5.04731102945213164e-13
7.90317472239784712e-29,5.04731102945213164e-13
7.95278907686366989e-29,5.04731102945213164e-13
8.00271489909479348e-29,5.04731102945213164e-13
8.05295414441570896e-29,5.04731102945213164e-13
8.10350878042625527e-29,5.04731102945213164e-13
8.15438078707822542e-29,5.04731102945213164e-13
8.2055721567530983e-29,5.04731102945213164e-13
8.25708489434028434e-29,5.04731102945213164e-13
8.30892101731516541e-29,5.04731102945213164e-13
8.3610825558186514e-29,5.04731102945213164e-13
8.41357155273621915e-29,5.04731102945213164e-13
8.46639006377818521e-29,5.04731102945213164e-13
8.51954015756008697e-29,5.04731102945213164e-13
8.57302391568397493e-29,5.04731102945213164e-13
8.62684343281944619e-29,5.04731102945213164e-13
8.68100081678624642e-29,5.04731102945213164e-13
8.73549818863632887e-29,5.04731102945213164e-13
8.79033768273713166e-29,5.04731102945213164e-13
8.84552144685538813e-29,5.04731102945213164e-13
8.90105164224073755e-29,5.04731102945213164e-13
8.95693044371095353e-29,5.04731102945213164e-13
9.01316003973660547e-29,5.04731102945213164e-13
9.06974263252706098e-29,5.04731102945213164e-13
9.12668043811659177e-29,5.04731102945213164e-13
9.18397568645145463e-29,5.04731102945213164e-13
9.2416306214767099e-29,5.04731102945213164e-13
9.29964750122470469e-29,5.04731102945213164e-13
9.35802859790297361e-29,5.04731102945213164e-13
9.41677619798346219e-29,5.04731102945213164e-13
9.47589260229230297e-29,5.04731102945213164e-13
9.53538012609938808e-29,5.04731102945213164e-13
9.5952410992096643e-29,5.04731102945213164e-13
9.65547786605383598e-29,5.04731102945213164e-13
9.71609278578041847e-29,5.04731102945213164e-13
9.77708823234836448e-29,5.04731102945213164e-13
9.8384665946194907e-29,5.04731102945213164e-13
9.90023027645267501e-29,5.04731102945213164e-13
9.96238169679743502e-29,5.04731102945213164e-13
1.00249232897889932e-28,5.04731102945213164e-13
1.00878575048434406e-28,5.04731102945213164e-13
1.01511868067540034e-28,5.04731102945213164e-13
1.02149136757869925e-28,5.04731102945213164e-13
1.02790406077796039e-28,5.04731102945213164e-13
1.03435701142370909e-28,5.04731102945213164e-13
1.04085047224313709e-28,5.04731102945213164e-13
1.04738469755002613e-28,5.04731102945213164e-13
1.05395994325464819e-28,5.04731102945213164e-13
1.06057646687385748e-28,5.04731102945213164e-13
1.06723452754111454e-28,5.04731102945213164e-13
1.07393438601667069e-28,5.04731102945213164e-13
1.08067630469776244e-28,5.04731102945213164e-13
1.08746054762892369e-28,5.04731102945213164e-13
1.09428738051226517e-28,5.04731102945213164e-13
1.10115707071795124e-28,5.04731102945213164e-13
1.10806988729460947e-28,5.04731102945213164e-13
1.11502610097989403e-28,5.04731102945213164e-13
1.12202598421111634e-28,5.04731102945213164e-13
1.12906981113585167e-28,5.04731102945213164e-13
1.1361578576227486e-28,5.04731102945213164e-13
1.14329040127227024e-28,5.04731102945213164e-13
1.15046772142760122e-28,5.04731102945213164e-13
1.15769009918557108e-28,5.04731102945213164e-13
1.16495781740770023e-28,5.04731102945213164e-13
1.17227116073121213e-28,5.04731102945213164e-13
1.17963041558025693e-28,5.04731102945213164e-13
1.18703587017706282e-28,5.04731102945213164e-13
1.19448781455325159e-28,5.04731102945213164e-13
1.20198654056122813e-28,5.04731102945213164e-13
1.20953234188554194e-28,5.04731102945213164e-13
1.21712551405446701e-28,5.04731102945213164e-13
1.22476635445150835e-28,5.04731102945213164e-13
1.23245516232708727e-28,5.04731102945213164e-13
1.24019223881024214e-28,5.04731102945213164e-13
1.24797788692046206e-28,5.04731102945213164e-13
1.25581241157948337e-28,5.04731102945213164e-13
1.26369611962331375e-28,5.04731102945213164e-13
1.27162931981417755e-28,5.04731102945213164e-13
1.27961232285263879e-28,5.04731102945213164e-13
1.28764544138980144e-28,5.04731102945213164e-13
1.2957289900394801e-28,5.04731102945213164e-13
1.30386328539060688e-28,5.04731102945213164e-13
1.31204864601955654e-28,5.04731102945213164e-13
1.32028539250265429e-28,5.04731102945213164e-13
1.32857384742876338e-28,5.04731102945213164e-13
1.33691433541185566e-28,5.04731102945213164e-13
1.34530718310375616e-28,5.04731102945213164e-13
1.35375271920696934e-28,5.04731102945213164e-13
1.36225127448748769e-28,5.04731102945213164e-13
1.37080318178777758e-28,5.04731102945213164e-13
1.37940877603984908e-28,5.04731102945213164e-13
1.38806839427829574e-28,5.04731102945213164e-13
1.39678237565358348e-28,5.04731102945213164e-13
1.40555106144525403e-28,5.04731102945213164e-13
1.41437479507532609e-28,5.04731102945213164e-13
1.4232539221217787e-28,5.04731102945213164e-13
1.43218879033200558e-28,5.04731102945213164e-13
1.44117974963652728e-28,5.04731102945213164e-13
1.45022715216261373e-28,5.04731102945213164e-13
1.45933135224812304e-28,5.04731102945213164e-13
1.4684927064553547e-28,5.04731102945213164e-13
1.47771157358506191e-28,5.04731102945213164e-13
1.48698831469042016e-28,5.04731102945213164e-13
1.49632329309126434e-28,5.04731102945213164e-13
1.50571687438823336e-28,5.04731102945213164e-13
1.51516942647712377e-28,5.04731102945213164e-13
1.52468131956333694e-28,5.04731102945213164e-13
1.53425292617629075e-28,5.04731102945213164e-13
1.54388462118410894e-28,5.04731102945213164e-13
1.5535767818082158e-28,5.04731102945213164e-13
1.56332978763815882e-28,5.04731102945213164e-13
1.57314402064645114e-28,5.04731102945213164e-13
1.5830198652035815e-28,5.04731102945213164e-13
1.59295770809297923e-28,5.04731102945213164e-13
1.60295793852626421e-28,5.04731102945213164e-13
1.61302094815840108e-28,5.04731102945213164e-13
1.62314713110307561e-28,5.04731102945213164e-13
1.6333368839481705e-28,5.04731102945213164e-13
1.64359060577120509e-28,5.04731102945213164e-13
1.65390869815507093e-28,5.04731102945213164e-13
1.66429156520366673e-28,5.04731102945213164e-13
1.67473961355777763e-28,5.04731102945213164e-13
1.68525325241097521e-28,5.04731102945213164e-13
1.69583289352569659e-28,5.04731102945213164e-13
1.70647895124927638e-28,5.04731102945213164e-13
1.71719184253028428e-28,5.04731102945213164e-13
1.72797198693475691e-28,5.04731102945213164e-13
1.73881980666267259e-28,5.04731102945213164e-13
1.74973572656452841e-28,5.04731102945213164e-13
1.76072017415788074e-28,5.04731102945213164e-13
1.771773579644202e-28,5.04731102945213164e-13
1.78289637592562972e-28,5.04731102945213164e-13
1.79408899862197852e-28,5.04731102945213164e-13
1.80535188608777089e-28,5.04731102945213164e-13
1.81668547942946556e-28,5.04731102945213164e-13
1.82809022252262817e-28,5.04731102945213164e-13
1.83956656202943626e-28,5.04731102945213164e-13
1.85111494741606607e-28,5.04731102945213164e-13
1.86273583097034206e-28,5.04731102945213164e-13
1.87442966781949512e-28,5.04731102945213164e-13
1.8861969159478819e-28,5.04731102945213164e-13
1.89803803621504302e-28,5.04731102945213164e-13
1.90995349237364576e-28,5.04731102945213164e-13
1.92194375108769207e-28,5.04731102945213164e-13
1.93400928195084255e-28,5.04731102945213164e-13
1.94615055750469813e-28,5.04731102945213164e-13
1.95836805325743365e-28,5.04731102945213164e-13
1.97066224770230922e-28,5.04731102945213164e-13
1.98303362233647376e-28,5.04731102945213164e-13
1.99548266167979147e-28,5.04731102945213164e-13
2.00800985329388179e-28,5.04731102945213164e-13
2.02061568780110114e-28,5.04731102945213164e-13
2.03330065890388843e-28,5.04731102945213164e-13
2.04606526340398651e-28,5.04731102945213164e-13
2.05891000122194656e-28,5.04731102945213164e-13
2.07183537541676035e-28,5.04731102945213164e-13
2.08484189220544277e-28,5.04731102945213164e-13
2.09793006098299297e-28,5.04731102945213164e-13
2.1111003943422268e-28,5.04731102945213164e-13
2.12435340809391967e-28,5.04731102945213164e-13
2.13768962128697294e-28,5.04731102945213164e-13
2.15110955622881389e-28,5.04731102945213164e-13
2.16461373850572721e-28,5.04731102945213164e-13
2.17820269700358098e-28,5.04731102945213164e-13
2.19187696392841743e-28,5.04731102945213164e-13
2.20563707482734741e-28,5.04731102945213164e-13
2.21948356860958081e-28,5.04731102945213164e-13
2.23341698756740593e-28,5.04731102945213164e-13
2.24743787739757312e-28,5.04731102945213164e-13
2.26154678722253967e-28,5.04731102945213164e-13
2.2757442696120475e-28,5.04731102945213164e-13
2.29003088060472961e-28,5.04731102945213164e-13
2.30440717972995986e-28,5.04731102945213164e-13
2.31887373002963706e-28,5.04731102945213164e-13
2.33343109808038668e-28,5.04731102945213164e-13
2.34807985401561656e-28,5.04731102945213164e-13
2.36282057154790441e-28,5.04731102945213164e-13
2.37765382799152545e-28,5.04731102945213164e-13
2.39258020428492457e-28,5.04731102945213164e-13
2.40760028501362679e-28,5.04731102945213164e-13
2.42271465843299541e-28,5.04731102945213164e-13
2.43792391649134806e-28,5.04731102945213164e-13
2.45322865485309961e-28,5.04731102945213164e-13
2.46862947292217325e-28,5.04731102945213164e-13
2.48412697386533562e-28,5.04731102945213164e-13
2.49972176463597813e-28,5.04731102945213164e-13
2.51541445599774957e-28,5.04731102945213164e-13
2.53120566254853447e-28,5.04731102945213164e-13
2.54709600274458685e-28,5.04731102945213164e-13
2.56308609892460731e-28,5.04731102945213164e-13
2.57917657733428222e-28,5.04731102945213164e-13
2.59536806815066552e-28,5.04731102945213164e-13
2.6116612055069197e-28,5.04731102945213164e-13
2.62805662751721662e-28,5.04731102945213164e-13
2.64455497630158109e-28,5.04731102945213164e-13
2.6611568980112081e-28,5.04731102945213164e-13
2.67786304285362036e-28,5.04731102945213164e-13
2.6946740651182186e-28,5.04731102945213164e-13
2.71159062320186276e-28,5.04731102945213164e-13
2.7286133796347478e-28,5.04731102945213164e-13
2.7457430011061948e-28,5.04731102945213164e-13
2.76298015849093992e-28,5.04731102945213164e-13
2.78032552687525336e-28,5.04731102945213164e-13
2.79777978558344354e-28,5.04731102945213164e-13
2.81534361820453409e-28,5.04731102945213164e-13
2.83301771261887495e-28,5.04731102945213164e-13
2.85080276102526569e-28,5.04731102945213164e-13
2.86869945996790555e-28,5.04731102945213164e-13
2.88670851036376521e-28,5.04731102945213164e-13
2.90483061752999039e-28,5.04731102945213164e-13
2.92306649121161983e-28,5.04731102945213164e-13
2.94141684560921806e-28,5.04731102945213164e-13
2.95988239940703533e-28,5.04731102945213164e-13
2.9784638758009881e-28,5.04731102945213164e-13
2.99716200252705437e-28,5.04731102945213164e-13
3.01597751188984732e-28,5.04731102945213164e-13
3.03491114079112629e-28,5.04731102945213164e-13
3.05396363075885373e-28,5.04731102945213164e-13
3.07313572797606252e-28,5.04731102945213164e-13
3.09242818331017968e-28,5.04731102945213164e-13
3.11184175234238476e-28,5.04731102945213164e-13
3.13137719539730195e-28,5.04731102945213164e-13
3.1510352775725996e-28,5.04731102945213164e-13
3.17081676876916146e-28,5.04731102945213164e-13
3.19072244372105746e-28,5.04731102945213164e-13
3.21075308202596379e-28,5.04731102945213164e-13
3.23090946817577458e-28,5.04731102945213164e-13
3.25119239158714237e-28,5.04731102945213164e-13
3.27160264663260592e-28,5.04731102945213164e-13
3.29214103267151632e-28,5.04731102945213164e-13
3.31280835408144938e-28,5.04731102945213164e-13
3.33360542028965608e-28,5.04731102945213164e-13
3.35453304580487125e-28,5.04731102945213164e-13
3.37559205024902201e-28,5.04731102945213164e-13
3.39678325838954882e-28,5.04731102945213164e-13
3.41810750017151449e-28,5.04731102945213164e-13
3.4395656107501886e-28,5.04731102945213164e-13
3.46115843052384262e-28,5.04731102945213164e-13
3.48288680516646674e-28,5.04731102945213164e-13
3.5047515856611163e-28,5.04731102945213164e-13
3.52675362833304074e-28,5.04731102945213164e-13
3.54889379488330645e-28,5.04731102945213164e-13
3.57117295242263343e-28,5.04731102945213164e-13
3.59359197350517997e-28,5.04731102945213164e-13
3.61615173616280255e-28,5.04731102945213164e-13
3.63885312393953378e-28,5.04731102945213164e-13
3.66169702592600798e-28,5.04731102945213164e-13
3.68468433679437007e-28,5.04731102945213164e-13
3.70781595683340551e-28,5.04731102945213164e-13
3.73109279198359078e-28,5.04731102945213164e-13
3.75451575387281309e-28,5.04731102945213164e-13
3.77808575985186436e-28,5.04731102945213164e-13
3.80180373303045702e-28,5.04731102945213164e-13
3.82567060231347296e-28,5.04731102945213164e-13
3.84968730243712519e-28,5.04731102945213164e-13
3.87385477400581541e-28,5.04731102945213164e-13
3.89817396352875407e-28,5.04731102945213164e-13
3.92264582345715635e-28,5.04731102945213164e-13
3.9472713122214781e-28,5.04731102945213164e-13
3.97205139426908364e-28,5.04731102945213164e-13
3.99698704010179273e-28,5.04731102945213164e-13
4.02207922631414546e-28,5.04731102945213164e-13
4.04732893563142681e-28,5.04731102945213164e-13
4.07273715694824881e-28,5.04731102945213164e-13
4.09830488536738115e-28,5.04731102945213164e-13
4.12403312223849175e-28,5.04731102945213164e-13
4.14992287519763168e-28,5.04731102945213164e-13
4.17597515820646297e-28,5.04731102945213164e-13
4.20219099159210422e-28,5.04731102945213164e-13
4.22857140208702474e-28,5.04731102945213164e-13
4.25511742286939281e-28,5.04731102945213164e-13
4.28183009360329826e-28,5.04731102945213164e-13
4.30871046047974779e-28,5.04731102945213164e-13
4.33575957625739549e-28,5.04731102945213164e-13
4.36297850030387622e-28,5.04731102945213164e-13
4.39036829863740617e-28,5.04731102945213164e-13
4.41793004396827651e-28,5.04731102945213164e-13
4.44566481574116128e-28,5.04731102945213164e-13
4.47357370017713444e-28,5.04731102945213164e-13
4.50165779031635811e-28,5.04731102945213164e-13
4.52991818606081894e-28,5.04731102945213164e-13
4.55835599421755178e-28,5.04731102945213164e-13
4.58697232854172847e-28,5.04731102945213164e-13
4.61576830978057391e-28,5.04731102945213164e-13
4.64474506571700085e-28,5.04731102945213164e-13
4.67390373121388896e-28,5.04731102945213164e-13
4.70324544825864604e-28,5.04731102945213164e-13
4.73277136600766811e-28,5.04731102945213164e-13
4.76248264083164979e-28,5.04731102945213164e-13
4.79238043636060485e-28,5.04731102945213164e-13
4.82246592352959357e-28,5.04731102945213164e-13
4.85274028062450497e-28,5.04731102945213164e-13
4.88320469332835808e-28,5.04731102945213164e-13
4.91386035476746844e-28,5.04731102945213164e-13
4.94470846555848604e-28,5.04731102945213164e-13
4.97575023385514629e-28,5.04731102945213164e-13
5.00698687539569701e-28,5.04731102945213164e-13
5.03841961355064418e-28,5.04731102945213164e-13
5.0700496793703715e-28,5.04731102945213164e-13
5.10187831163368828e-28,5.04731102945213164e-13
5.13390675689605184e-28,5.04731102945213164e-13
5.16613626953851501e-28,5.04731102945213164e-13
5.19856811181698081e-28,5.04731102945213164e-13
5.23120355391133875e-28,5.04731102945213164e-13
5.26404387397555437e-28,5.04731102945213164e-13
5.29709035818742853e-28,5.04731102945213164e-13
5.33034430079913963e-28,5.04731102945213164e-13
5.36380700418784642e-28,5.04731102945213164e-13
5.3974797789068696e-28,5.04731102945213164e-13
5.4313639437367145e-28,5.04731102945213164e-13
5.46546082573707028e-28,5.04731102945213164e-13
5.49977176029847485e-28,5.04731102945213164e-13
5.53429809119474742e-28,5.04731102945213164e-13
5.56904117063575314e-28,5.04731102945213164e-13
5.60400235932004558e-28,5.04731102945213164e-13
5.63918302648851922e-28,5.04731102945213164e-13
5.67458454997771921e-28,5.04731102945213164e-13
5.71020831627398312e-28,5.04731102945213164e-13
5.74605572056765204e-28,5.04731102945213164e-13
5.78212816680789982e-28,5.04731102945213164e-13
5.81842706775738812e-28,5.04731102945213164e-13
5.85495384504797586e-28,5.04731102945213164e-13
5.89170992923606367e-28,5.04731102945213164e-13
5.92869675985876175e-28,5.04731102945213164e-13
5.96591578549041878e-28,5.04731102945213164e-13
6.00336846379901122e-28,5.04731102945213164e-13
6.04105626160362367e-28,5.04731102945213164e-13
6.07898065493155364e-28,5.04731102945213164e-13
6.11714312907631578e-28,5.04731102945213164e-13
6.15554517865571244e-28,5.04731102945213164e-13
6.19418830767057367e-28,5.04731102945213164e-13
6.23307402956330349e-28,5.04731102945213164e-13
6.27220386727756352e-28,5.04731102945213164e-13
6.31157935331755891e-28,5.04731102945213164e-13
6.35120202980820914e-28,5.04731102945213164e-13
6.39107344855570801e-28,5.04731102945213164e-13
6.43119517110792554e-28,5.04731102945213164e-13
6.47156876881599153e-28,5.04731102945213164e-13
6.512195822895467e-28,5.04731102945213164e-13
6.55307792448848133e-28,5.04731102945213164e-13
6.5942166747259399e-28,5.04731102945213164e-13
6.63561368479045376e-28,5.04731102945213164e-13
6.67727057597905763e-28,5.04731102945213164e-13
6.71918897976714395e-28,5.04731102945213164e-13
6.76137053787197335e-28,5.04731102945213164e-13
6.80381690231714227e-28,5.04731102945213164e-13
6.84652973549744442e-28,5.04731102945213164e-13
6.88951071024359068e-28,5.04731102945213164e-13
6.93276150988817223e-28,5.04731102945213164e-13
6.97628382833119509e-28,5.04731102945213164e-13
7.02007937010658831e-28,5.04731102945213164e-13
7.06414985044913287e-28,5.04731102945213164e-13
7.10849699536129727e-28,5.04731102945213164e-13
7.15312254168100233e-28,5.04731102945213164e-13
7.19802823714982411e-28,5.04731102945213164e-13
7.24321584048109197e-28,5.04731102945213164e-13
7.28868712142893983e-28,5.04731102945213164e-13
7.33444386085780147e-28,5.04731102945213164e-13
7.38048785081173535e-28,5.04731102945213164e-13
7.42682089458509173e-28,5.04731102945213164e-13
7.47344480679271771e-28,5.04731102945213164e-13
7.52036141344120023e-28,5.04731102945213164e-13
7.56757255200057229e-28,5.04731102945213164e-13
7.61508007147584295e-28,5.04731102945213164e-13
7.66288583247990729e-28,5.04731102945213164e-13
7.71099170730598443e-28,5.04731102945213164e-13
7.75939958000118908e-28,5.04731102945213164e-13
7.80811134644019834e-28,5.04731102945213164e-13
7.85712891439975722e-28,5.04731102945213164e-13
7.90645420363294449e-28,5.04731102945213164e-13
7.95608914594487804e-28,5.04731102945213164e-13
8.00603568526791866e-28,5.04731102945213164e-13
8.05629577773799744e-28,5.04731102945213164e-13
8.1068713917714229e-28,5.04731102945213164e-13
8.15776450814151758e-28,5.04731102945213164e-13
8.20897712005671542e-28,5.04731102945213164e-13
8.26051123323816906e-28,5.04731102945213164e-13
8.31236886599856084e-28,5.04731102945213164e-13
8.36455204932102063e-28,5.04731102945213164e-13
8.41706282693893737e-28,5.04731102945213164e-13
8.46990325541552592e-28,5.04731102945213164e-13
8.52307540422491745e-28,5.04731102945213164e-13
8.57658135583272872e-28,5.04731102945213164e-13
8.63042320577782751e-28,5.04731102945213164e-13
8.68460306275461501e-28,5.04731102945213164e-13
8.73912304869511865e-28,5.04731102945213164e-13
8.79398529885266311e-28,5.04731102945213164e-13
8.84919196188499545e-28,5.04731102945213164e-13
8.90474519993873321e-28,5.04731102945213164e-13
8.96064718873388196e-28,5.04731102945213164e-13
9.01690011764935238e-28,5.04731102945213164e-13
9.07350618980819224e-28,5.04731102945213164e-13
9.13046762216445169e-28,5.04731102945213164e-13
9.18778664558949951e-28,5.04731102945213164e-13
9.24546550495961447e-28,5.04731102945213164e-13
9.30350645924412546e-28,5.04731102945213164e-13
9.36191178159336492e-28,5.04731102945213164e-13
9.42068375942829385e-28,5.04731102945213164e-13
9.47982469452956071e-28,5.04731102945213164e-13
9.53933690312794883e-28,5.04731102945213164e-13
9.59922271599494523e-28,5.04731102945213164e-13
9.65948447853432436e-28,5.04731102945213164e-13
9.72012455087346988e-28,5.04731102945213164e-13
9.78114530795642795e-28,5.04731102945213164e-13
9.84254913963637107e-28,5.04731102945213164e-13
9.90433845076943329e-28,5.04731102945213164e-13
9.96651566130913659e-28,5.04731102945213164e-13
1.00290832064006016e-27,5.04731102945213164e-13
1.00920435364765726e-27,5.04731102945213164e-13
1.01553991173528106e-27,5.04731102945213164e-13
1.02191524303249121e-27,5.04731102945213164e-13
1.02833059722657433e-27,5.04731102945213164e-13
1.03478622557226402e-27,5.04731102945213164e-13
1.04128238090164844e-27,5.04731102945213164e-13
1.04781931763401292e-27,5.04731102945213164e-13
1.05439729178583884e-27,5.04731102945213164e-13
1.06101656098081286e-27,5.04731102945213164e-13
1.06767738445995101e-27,5.04731102945213164e-13
1.07438002309169143e-27,5.04731102945213164e-13
1.08112473938218068e-27,5.04731102945213164e-13
1.08791179748549341e-27,5.04731102945213164e-13
1.09474146321400448e-27,5.04731102945213164e-13
1.1016140040488254e-27,5.04731102945213164e-13
1.10852968915021821e-27,5.04731102945213164e-13
1.11548878936820907e-27,5.04731102945213164e-13
1.12249157725313218e-27,5.04731102945213164e-13
1.12953832706634042e-27,5.04731102945213164e-13
1.13662931479092894e-27,5.04731102945213164e-13
1.14376481814258028e-27,5.04731102945213164e-13
1.15094511658037634e-27,5.04731102945213164e-13
1.15817049131781795e-27,5.04731102945213164e-13
1.16544122533377286e-27,5.04731102945213164e-13
1.17275760338358621e-27,5.04731102945213164e-13
1.18011991201026227e-27,5.04731102945213164e-13
1.1875284395556191e-27,5.04731102945213164e-13
1.1949834761716586e-27,5.04731102945213164e-13
1.20248531383186289e-27,5.04731102945213164e-13
1.21003424634266746e-27,5.04731102945213164e-13
1.21763056935494857e-27,5.04731102945213164e-13
1.22527458037564217e-27,5.04731102945213164e-13
1.23296657877932591e-27,5.04731102945213164e-13
1.24070686582002409e-27,5.04731102945213164e-13
1.24849574464293563e-27,5.04731102945213164e-13
1.25633352029633686e-27,5.04731102945213164e-13
1.26422049974355914e-27,5.04731102945213164e-13
1.27215699187493958e-27,5.04731102945213164e-13
1.280143307520001e-27,5.04731102945213164e-13
1.28817975945955262e-27,5.04731102945213164e-13
1.29626666243798223e-27,5.04731102945213164e-13
1.30440433317556061e-27,5.04731102945213164e-13
1.31259309038088977e-27,5.04731102945213164e-13
1.32083325476330997e-27,5.04731102945213164e-13
1.32912514904554541e-27,5.04731102945213164e-13
1.33746909797626879e-27,5.04731102945213164e-13
1.3458654283428515e-27,5.04731102945213164e-13
1.35431446898419578e-27,5.04731102945213164e-13
1.36281655080353671e-27,5.04731102945213164e-13
1.37137200678148964e-27,5.04731102945213164e-13
1.3799811719890138e-27,5.04731102945213164e-13
1.38864438360056851e-27,5.04731102945213164e-13
1.39736198090735285e-27,5.04731102945213164e-13
1.4061343053305142e-27,5.04731102945213164e-13
1.41496170043461032e-27,5.04731102945213164e-13
1.42384451194098668e-27,5.04731102945213164e-13
1.43278308774136003e-27,5.04731102945213164e-13
1.44177777791142203e-27,5.04731102945213164e-13
1.45082893472459613e-27,5.04731102945213164e-13
1.45993691266575159e-27,5.04731102945213164e-13
1.46910206844518184e-27,5.04731102945213164e-13
1.47832476101249141e-27,5.04731102945213164e-13
1.48760535157068952e-27,5.04731102945213164e-13
1.49694420359037316e-27,5.04731102945213164e-13
1.50634168282387772e-27,5.04731102945213164e-13
1.51579815731969774e-27,5.04731102945213164e-13
1.52531399743681719e-27,5.04731102945213164e-13
1.53488957585926256e-27,5.04731102945213164e-13
1.54452526761067466e-27,5.04731102945213164e-13
1.55422145006904561e-27,5.04731102945213164e-13
1.56397850298141179e-27,5.04731102945213164e-13
1.57379680847882638e-27,5.04731102945213164e-13
1.58367675109123757e-27,5.04731102945213164e-13
1.59361871776258592e-27,5.04731102945213164e-13
1.60362309786599803e-27,5.04731102945213164e-13
1.61369028321894492e-27,5.04731102945213164e-13
1.62382066809869249e-27,5.04731102945213164e-13
1.6340146492576511e-27,5.04731102945213164e-13
1.64427262593896679e-27,5.04731102945213164e-13
1.65459499989213095e-27,5.04731102945213164e-13
1.6649821753887681e-27,5.04731102945213164e-13
1.67543455923837499e-27,5.04731102945213164e-13
1.68595256080436224e-27,5.04731102945213164e-13
1.69653659201998969e-27,5.04731102945213164e-13
1.70718706740454249e-27,5.04731102945213164e-13
1.71790440407960574e-27,5.04731102945213164e-13
1.72868902178530455e-27,5.04731102945213164e-13
1.73954134289685431e-27,5.04731102945213164e-13
1.75046179244100428e-27,5.04731102945213164e-13
1.76145079811274177e-27,5.04731102945213164e-13
1.77250879029201056e-27,5.04731102945213164e-13
1.78363620206062765e-27,5.04731102945213164e-13
1.79483346921914253e-27,5.04731102945213164e-13
1.80610103030401989e-27,5.04731102945213164e-13
1.81743932660471456e-27,5.04731102945213164e-13
1.82884880218099717e-27,5.04731102945213164e-13
1.84032990388038994e-27,5.04731102945213164e-13
1.85188308135556447e-27,5.04731102945213164e-13
1.8635087870820698e-27,5.04731102945213164e-13
1.87520747637595054e-27,5.04731102945213164e-13
1.88697960741162253e-27,5.04731102945213164e-13
1.89882564123986294e-27,5.04731102945213164e-13
1.91074604180577732e-27,5.04731102945213164e-13
1.92274127596701268e-27,5.04731102945213164e-13
1.93481181351209122e-27,5.04731102945213164e-13
1.94695812717871475e-27,5.04731102945213164e-13
1.95918069267232564e-27,5.04731102945213164e-13
1.97147998868478603e-27,5.04731102945213164e-13
1.98385649691301428e-27,5.04731102945213164e-13
1.99631070207797774e-27,5.04731102945213164e-13
2.00884309194356453e-27,5.04731102945213164e-13
2.02145415733573461e-27,5.04731102945213164e-13
2.03414439216179295e-27,5.04731102945213164e-13
2.04691429342961648e-27,5.04731102945213164e-13
2.05976436126725347e-27,5.04731102945213164e-13
2.07269509894239206e-27,5.04731102945213164e-13
2.08570701288214062e-27,5.04731102945213164e-13
2.09880061269282371e-27,5.04731102945213164e-13
2.11197641118001321e-27,5.04731102945213164e-13
2.12523492436848873e-27,5.04731102945213164e-13
2.13857667152258807e-27,5.04731102945213164e-13
2.15200217516642108e-27,5.04731102945213164e-13
2.16551196110438537e-27,5.04731102945213164e-13
2.17910655844181504e-27,5.04731102945213164e-13
2.19278649960557652e-27,5.04731102945213164e-13
2.20655232036506432e-27,5.04731102945213164e-13
2.22040455985305883e-27,5.04731102945213164e-13
2.23434376058691235e-27,5.04731102945213164e-13
2.24837046848976164e-27,5.04731102945213164e-13
2.26248523291198086e-27,5.04731102945213164e-13
2.27668860665256864e-27,5.04731102945213164e-13
2.29098114598094576e-27,5.04731102945213164e-13
2.30536341065861145e-27,5.04731102945213164e-13
2.31983596396112174e-27,5.04731102945213164e-13
2.33439937270020603e-27,5.04731102945213164e-13
2.34905420724583558e-27,5.04731102945213164e-13
2.36380104154871145e-27,5.04731102945213164e-13
2.37864045316261141e-27,5.04731102945213164e-13
2.39357302326708474e-27,5.04731102945213164e-13
2.40859933669017592e-27,5.04731102945213164e-13
2.42371998193140743e-27,5.04731102945213164e-13
2.43893555118469073e-27,5.04731102945213164e-13
2.45424664036167616e-27,5.04731102945213164e-13
2.46965384911495461e-27,5.04731102945213164e-13
2.48515778086160014e-27,5.04731102945213164e-13
2.50075904280686506e-27,5.04731102945213164e-13
2.51645824596781801e-27,5.04731102945213164e-13
2.53225600519743695e-27,5.04731102945213164e-13
2.54815293920854735e-27,5.04731102945213164e-13
2.56414967059813627e-27,5.04731102945213164e-13
2.58024682587169147e-27,5.04731102945213164e-13
2.59644503546782676e-27,5.04731102945213164e-13
2.61274493378282183e-27,5.04731102945213164e-13
2.62914715919563963e-27,5.04731102945213164e-13
2.64565235409277788e-27,5.04731102945213164e-13
2.66226116489349253e-27,5.04731102945213164e-13
2.67897424207517924e-27,5.04731102945213164e-13
2.69579224019869779e-27,5.04731102945213164e-13
2.71271581793418073e-27,5.04731102945213164e-13
2.72974563808667902e-27,5.04731102945213164e-13
2.74688236762218294e-27,5.04731102945213164e-13
2.76412667769381392e-27,5.04731102945213164e-13
2.78147924366795017e-27,5.04731102945213164e-13
2.79894074515086039e-27,5.04731102945213164e-13
2.81651186601515988e-27,5.04731102945213164e-13
2.83419329442668532e-27,5.04731102945213164e-13
2.85198572287140005e-27,5.04731102945213164e-13
2.86988984818260898e-27,5.04731102945213164e-13
2.88790637156808647e-27,5.04731102945213164e-13
2.90603599863772574e-27,5.04731102945213164e-13
2.92427943943100962e-27,5.04731102945213164e-13
2.94263740844488792e-27,5.04731102945213164e-13
2.96111062466183443e-27,5.04731102945213164e-13
2.9796998115778376e-27,5.04731102945213164e-13
2.99840569723092704e-27,5.04731102945213164e-13
3.01722901422951857e-27,5.04731102945213164e-13
3.03617049978120379e-27,5.04731102945213164e-13
3.05523089572157242e-27,5.04731102945213164e-13
3.0744109485433666e-27,5.04731102945213164e-13
3.09371140942554207e-27,5.04731102945213164e-13
3.1131330342628866e-27,5.04731102945213164e-13
3.13267658369545172e-27,5.04731102945213164e-13
3.15234282313841463e-27,5.04731102945213164e-13
3.17213252281213423e-27,5.04731102945213164e-13
3.19204645777213637e-27,5.04731102945213164e-13
3.21208540793967562e-27,5.04731102945213164e-13
3.23225015813209833e-27,5.04731102945213164e-13
3.2525414980936841e-27,5.04731102945213164e-13
3.27296022252652228e-27,5.04731102945213164e-13
3.29350713112174477e-27,5.04731102945213164e-13
3.31418302859065562e-27,5.04731102945213164e-13
3.33498872469646494e-27,5.04731102945213164e-13
3.35592503428581251e-27,5.04731102945213164e-13
3.37699277732076176e-27,5.04731102945213164e-13
3.39819277891099589e-27,5.04731102945213164e-13
3.41952586934594122e-27,5.04731102945213164e-13
3.4409928841275057e-27,5.04731102945213164e-13
3.46259466400260597e-27,5.04731102945213164e-13
3.48433205499620818e-27,5.04731102945213164e-13
3.50620590844440278e-27,5.04731102945213164e-13
3.52821708102786446e-27,5.04731102945213164e-13
3.55036643480520003e-27,5.04731102945213164e-13
3.57265483724694261e-27,5.04731102945213164e-13
3.59508316126932475e-27,5.04731102945213164e-13
3.61765228526854764e-27,5.04731102945213164e-13
3.64036309315527838e-27,5.04731102945213164e-13
3.66321647438905478e-27,5.04731102945213164e-13
3.68621332401336273e-27,5.04731102945213164e-13
3.7093545426904801e-27,5.04731102945213164e-13
3.73264103673683914e-27,5.04731102945213164e-13
3.75607371815861457e-27,5.04731102945213164e-13
3.77965350468722851e-27,5.04731102945213164e-13
3.8033813198155379e-27,5.04731102945213164e-13
3.82725809283378778e-27,5.04731102945213164e-13
3.85128475886612847e-27,5.04731102945213164e-13
3.87546225890717894e-27,5.04731102945213164e-13
3.89979153985900545e-27,5.04731102945213164e-13
3.92427355456798462e-27,5.04731102945213164e-13
3.94890926186237833e-27,5.04731102945213164e-13
3.97369962658965822e-27,5.04731102945213164e-13
3.99864561965439339e-27,5.04731102945213164e-13
4.02374821805636913e-27,5.04731102945213164e-13
4.04900840492862637e-27,5.04731102945213164e-13
4.07442716957622529e-27,5.04731102945213164e-13
4.10000550751476232e-27,5.04731102945213164e-13
4.12574442050948966e-27,5.04731102945213164e-13
4.15164491661448252e-27,5.04731102945213164e-13
4.17770801021225554e-27,5.04731102945213164e-13
4.20393472205325198e-27,5.04731102945213164e-13
4.23032607929609419e-27,5.04731102945213164e-13
4.25688311554757205e-27,5.04731102945213164e-13
4.28360687090322614e-27,5.04731102945213164e-13
4.31049839198818828e-27,5.04731102945213164e-13
4.33755873199792726e-27,5.04731102945213164e-13
4.3647889507397765e-27,5.04731102945213164e-13
4.3921901146741975e-27,5.04731102945213164e-13
4.41976329695668346e-27,5.04731102945213164e-13
4.44750957747972217e-27,5.04731102945213164e-13
4.47543004291523202e-27,5.04731102945213164e-13
4.50352578675686844e-27,5.04731102945213164e-13
4.53179790936314013e-27,5.04731102945213164e-13
4.56024751800024867e-27,5.04731102945213164e-13
4.58887572688556446e-27,5.04731102945213164e-13
4.61768365723137458e-27,5.04731102945213164e-13
4.64667243728853594e-27,5.04731102945213164e-13
4.67584320239096273e-27,5.04731102945213164e-13
4.70519709499982418e-27,5.04731102945213164e-13
4.73473526474844339e-27,5.04731102945213164e-13
4.76445886848724314e-27,5.04731102945213164e-13
4.79436907032921247e-27,5.04731102945213164e-13
4.82446704169521999e-27,5.04731102945213164e-13
4.85475396136021148e-27,5.04731102945213164e-13
4.88523101549909793e-27,5.04731102945213164e-13
4.91589939773332759e-27,5.04731102945213164e-13
4.94676030917775848e-27,5.04731102945213164e-13
4.97781495848741456e-27,5.04731102945213164e-13
5.00906456190514789e-27,5.04731102945213164e-13
5.04051034330898802e-27,5.04731102945213164e-13
5.07215353426019313e-27,5.04731102945213164e-13
5.10399537405161249e-27,5.04731102945213164e-13
5.13603710975597179e-27,5.04731102945213164e-13
5.16827999627483877e-27,5.04731102945213164e-13
5.20072529638789702e-27,5.04731102945213164e-13
5.23337428080215109e-27,5.04731102945213164e-13
5.2662282282018182e-27,5.04731102945213164e-13
5.29928842529853484e-27,5.04731102945213164e-13
5.33255616688145407e-27,5.04731102945213164e-13
5.36603275586829582e-27,5.04731102945213164e-13
5.39971950335607426e-27,5.04731102945213164e-13
5.43361772867257566e-27,5.04731102945213164e-13
5.4677287594281628e-27,5.04731102945213164e-13
5.50205393156745845e-27,5.04731102945213164e-13
5.5365945894220265e-27,5.04731102945213164e-13
5.5713520857627064e-27,5.04731102945213164e-13
5.60632778185277422e-27,5.04731102945213164e-13
5.64152304750116381e-27,5.04731102945213164e-13
5.67693926111630115e-27,5.04731102945213164e-13
5.71257780975976462e-27,5.04731102945213164e-13
5.74844008920097985e-27,5.04731102945213164e-13
5.78452750397155949e-27,5.04731102945213164e-13
5.8208414674204487e-27,5.04731102945213164e-13
5.85738340176942278e-27,5.04731102945213164e-13
5.89415473816845454e-27,5.04731102945213164e-13
5.93115691675214488e-27,5.04731102945213164e-13
5.96839138669579577e-27,5.04731102945213164e-13
6.0058596062723493e-27,5.04731102945213164e-13
6.04356304290941131e-27,5.04731102945213164e-13
6.08150317324691609e-27,5.04731102945213164e-13
6.11968148319461076e-27,5.04731102945213164e-13
6.15809946799065283e-27,5.04731102945213164e-13
6.19675863225981643e-27,5.04731102945213164e-13
6.23566049007257136e-27,5.04731102945213164e-13
6.27480656500453505e-27,5.04731102945213164e-13
6.31419839019578573e-27,5.04731102945213164e-13
6.35383750841131437e-27,5.04731102945213164e-13
6.39372547210109129e-27,5.04731102945213164e-13
6.43386384346106889e-27,5.04731102945213164e-13
6.47425419449426287e-27,5.04731102945213164e-13
6.51489810707252834e-27,5.04731102945213164e-13
6.55579717299814419e-27,5.04731102945213164e-13
6.59695299406657987e-27,5.04731102945213164e-13
6.63836718212885621e-27,5.04731102945213164e-13
6.68004135915483154e-27,5.04731102945213164e-13
6.72197715729689061e-27,5.04731102945213164e-13
6.76417621895348258e-27,5.04731102945213164e-13
6.80664019683388772e-27,5.04731102945213164e-13
6.8493707540225581e-27,5.04731102945213164e-13
6.89236956404446903e-27,5.04731102945213164e-13
6.93563831093055524e-27,5.04731102945213164e-13
6.97917868928388732e-27,5.04731102945213164e-13
7.02299240434564799e-27,5.04731102945213164e-13
7.06708117206236549e-27,5.04731102945213164e-13
7.11144671915272719e-27,5.04731102945213164e-13
7.15609078317536923e-27,5.04731102945213164e-13
7.20101511259710378e-27,5.04731102945213164e-13
7.24622146686099367e-27,5.04731102945213164e-13
7.29171161645572291e-27,5.04731102945213164e-13
7.33748734298452953e-27,5.04731102945213164e-13
7.38355043923515384e-27,5.04731102945213164e-13
7.42990270925023809e-27,5.04731102945213164e-13
7.47654596839755356e-27,5.04731102945213164e-13
7.52348204344158666e-27,5.04731102945213164e-13
7.57071277261465963e-27,5.04731102945213164e-13
7.61824000568916369e-27,5.04731102945213164e-13
7.66606560404988006e-27,5.04731102945213164e-13
7.71419144076713753e-27,5.04731102945213164e-13
7.76261940066972509e-27,5.04731102945213164e-13
7.81135138041921899e-27,5.04731102945213164e-13
7.86038928858381668e-27,5.04731102945213164e-13
7.90973504571327866e-27,5.04731102945213164e-13
7.95939058441433859e-27,5.04731102945213164e-13
8.00935784942594246e-27,5.04731102945213164e-13
8.05963879769592991e-27,5.04731102945213164e-13
8.11023539845722242e-27,5.04731102945213164e-13
8.16114963330521032e-27,5.04731102945213164e-13
8.21238349627522441e-27,5.04731102945213164e-13
8.2639389939209075e-27,5.04731102945213164e-13
8.31581814539232085e-27,5.04731102945213164e-13
8.36802298251556828e-27,5.04731102945213164e-13
8.42055554987189953e-27,5.04731102945213164e-13
8.47341790487798146e-27,5.04731102945213164e-13
8.52661211786669002e-27,5.04731102945213164e-13
8.58014027216770816e-27,5.04731102945213164e-13
8.63400446418967054e-27,5.04731102945213164e-13
8.6882068035017891e-27,5.04731102945213164e-13
8.74274941291674045e-27,5.04731102945213164e-13
8.79763442857367653e-27,5.04731102945213164e-13
8.85286400002216432e-27,5.04731102945213164e-13
8.90844029030586833e-27,5.04731102945213164e-13
8.9643654760478492e-27,5.04731102945213164e-13
9.02064174753529694e-27,5.04731102945213164e-13
9.07727130880553219e-27,5.04731102945213164e-13
9.13425637773254977e-27,5.04731102945213164e-13
9.19159918611336047e-27,5.04731102945213164e-13
9.24930197975599217e-27,5.04731102945213164e-13
9.30736701856692859e-27,5.04731102945213164e-13
9.36579657663991315e-27,5.04731102945213164e-13
9.42459294234486069e-27,5.04731102945213164e-13
9.48375841841778762e-27,5.04731102945213164e-13
9.5432953220504647e-27,5.04731102945213164e-13
9.60320598498177704e-27,5.04731102945213164e-13
9.66349275358851547e-27,5.04731102945213164e-13
9.72415798897748686e-27,5.04731102945213164e-13
9.7852040670782438e-27,5.04731102945213164e-13
9.84663337873556158e-27,5.04731102945213164e-13
9.90844832980373174e-27,5.04731102945213164e-13
9.97065134124021154e-27,5.04731102945213164e-13
1.00332448492007665e-26,5.04731102945213164e-13
1.00962313051347174e-26,5.04731102945213164e-13
1.01596131758812004e-26,5.04731102945213164e-13
1.02233929437656091e-26,5.04731102945213164e-13
1.02875731066966575e-26,5.04731102945213164e-13
1.03521561782644495e-26,5.04731102945213164e-13
1.04171446878387536e-26,5.04731102945213164e-13
1.04825411806684169e-26,5.04731102945213164e-13
1.05483482179804389e-26,5.04731102945213164e-13
1.06145683770809707e-26,5.04731102945213164e-13
1.06812042514556561e-26,5.04731102945213164e-13
1.07482584508715435e-26,5.04731102945213164e-13
1.08157336014791223e-26,5.04731102945213164e-13
1.08836323459154447e-26,5.04731102945213164e-13
1.09519573434074402e-26,5.04731102945213164e-13
1.10207112698758957e-26,5.04731102945213164e-13
1.10898968180405098e-26,5.04731102945213164e-13
1.11595166975251826e-26,5.04731102945213164e-13
1.1229573634964498e-26,5.04731102945213164e-13
1.13000703741098699e-26,5.04731102945213164e-13
1.13710096759377385e-26,5.04731102945213164e-13
1.14423943187570535e-26,5.04731102945213164e-13
1.15142270983184562e-26,5.04731102945213164e-13
1.15865108279235921e-26,5.04731102945213164e-13
1.16592483385355653e-26,5.04731102945213164e-13
1.17324424788896332e-26,5.04731102945213164e-13
1.18060961156045823e-26,5.04731102945213164e-13
1.18802121332952828e-26,5.04731102945213164e-13
1.19547934346854708e-26,5.04731102945213164e-13
1.20298429407217247e-26,5.04731102945213164e-13
1.21053635906876704e-26,5.04731102945213164e-13
1.21813583423188985e-26,5.04731102945213164e-13
1.22578301719190967e-26,5.04731102945213164e-13
1.23347820744764177e-26,5.04731102945213164e-13
1.24122170637811809e-26,5.04731102945213164e-13
1.24901381725431942e-26,5.04731102945213164e-13
1.25685484525113508e-26,5.04731102945213164e-13
1.26474509745924226e-26,5.04731102945213164e-13
1.27268488289717555e-26,5.04731102945213164e-13
1.28067451252340701e-26,5.04731102945213164e-13
1.28871429924855764e-26,5.04731102945213164e-13
1.29680455794763087e-26,5.04731102945213164e-13
1.30494560547232375e-26,5.04731102945213164e-13
1.31313776066346722e-26,5.04731102945213164e-13
1.32138134436349285e-26,5.04731102945213164e-13
1.32967667942904095e-26,5.04731102945213164e-13
1.33802409074353024e-26,5.04731102945213164e-13
1.34642390522996805e-26,5.04731102945213164e-13
1.35487645186367768e-26,5.04731102945213164e-13
1.36338206168522717e-26,5.04731102945213164e-13
1.37194106781337085e-26,5.04731102945213164e-13
1.38055380545813085e-26,5.04731102945213164e-13
1.38922061193390203e-26,5.04731102945213164e-13
1.39794182667264093e-26,5.04731102945213164e-13
1.40671779123719287e-26,5.04731102945213164e-13
1.41554884933464622e-26,5.04731102945213164e-13
1.42443534682984026e-26,5.04731102945213164e-13
1.43337763175882877e-26,5.04731102945213164e-13
1.44237605434260535e-26,5.04731102945213164e-13
1.45143096700073619e-26,5.04731102945213164e-13
1.46054272436521105e-26,5.04731102945213164e-13
1.4697116832943069e-26,5.04731102945213164e-13
1.47893820288660063e-26,5.04731102945213164e-13
1.48822264449500961e-26,5.04731102945213164e-13
1.49756537174091995e-26,5.04731102945213164e-13
1.50696675052846213e-26,5.04731102945213164e-13
1.51642714905881925e-26,5.04731102945213164e-13
1.52594693784469498e-26,5.04731102945213164e-13
1.53552648972473885e-26,5.04731102945213164e-13
1.5451661798782481e-26,5.04731102945213164e-13
1.55486638583977359e-26,5.04731102945213164e-13
1.56462748751395531e-26,5.04731102945213164e-13
1.57444986719037641e-26,5.04731102945213164e-13
1.58433390955857402e-26,5.04731102945213164e-13
1.59428000172308033e-26,5.04731102945213164e-13
1.60428853321855577e-26,5.04731102945213164e-13
1.6143598960250855e-26,5.04731102945213164e-13
1.62449448458350396e-26,5.04731102945213164e-13
1.63469269581088339e-26,5.04731102945213164e-13
1.64495492911605183e-26,5.04731102945213164e-13
1.65528158641521017e-26,5.04731102945213164e-13
1.66567307214771117e-26,5.04731102945213164e-13
1.67612979329188783e-26,5.04731102945213164e-13
1.68665215938097733e-26,5.04731102945213164e-13
1.69724058251920234e-26,5.04731102945213164e-13
1.70789547739788323e-26,5.04731102945213164e-13
1.7186172613116513e-26,5.04731102945213164e-13
1.72940635417483399e-26,5.04731102945213164e-13
1.74026317853787211e-26,5.04731102945213164e-13
1.75118815960391119e-26,5.04731102945213164e-13
1.76218172524542735e-26,5.04731102945213164e-13
1.77324430602095516e-26,5.04731102945213164e-13
1.78437633519199295e-26,5.04731102945213164e-13
1.79557824873994212e-26,5.04731102945213164e-13
1.80685048538324294e-26,5.04731102945213164e-13
1.81819348659445093e-26,5.04731102945213164e-13
1.82960769661764698e-26,5.04731102945213164e-13
1.84109356248573219e-26,5.04731102945213164e-13
1.85265153403799417e-26,5.04731102945213164e-13
1.86428206393769531e-26,5.04731102945213164e-13
1.87598560768984643e-26,5.04731102945213164e-13
1.88776262365901753e-26,5.04731102945213164e-13
1.89961357308725629e-26,5.04731102945213164e-13
1.91153892011220044e-26,5.04731102945213164e-13
1.92353913178522377e-26,5.04731102945213164e-13
1.93561467808979033e-26,5.04731102945213164e-13
1.94776603195975235e-26,5.04731102945213164e-13
1.95999366929799753e-26,5.04731102945213164e-13
1.9722980689949765e-26,5.04731102945213164e-13
1.98467971294752394e-26,5.04731102945213164e-13
1.99713908607769661e-26,5.04731102945213164e-13
2.00967667635181667e-26,5.04731102945213164e-13
2.02229297479954884e-26,5.04731102945213164e-13
2.03498847553309933e-26,5.04731102945213164e-13
2.04776367576661531e-26,5.04731102945213164e-13
2.06061907583562634e-26,5.04731102945213164e-13
2.07355517921670645e-26,5.04731102945213164e-13
2.08657249254707451e-26,5.04731102945213164e-13
2.09967152564457278e-26,5.04731102945213164e-13
2.11285279152751323e-26,5.04731102945213164e-13
2.12611680643483909e-26,5.04731102945213164e-13
2.13946408984630768e-26,5.04731102945213164e-13
2.15289516450288894e-26,5.04731102945213164e-13
2.16641055642720337e-26,5.04731102945213164e-13
2.1800107949440873e-26,5.04731102945213164e-13
2.19369641270137782e-26,5.04731102945213164e-13
2.20746794569073654e-26,5.04731102945213164e-13
2.22132593326869708e-26,5.04731102945213164e-13
2.23527091817775172e-26,5.04731102945213164e-13
2.24930344656757234e-26,5.04731102945213164e-13
2.26342406801645328e-26,5.04731102945213164e-13
2.27763333555281826e-26,5.04731102945213164e-13
2.29193180567686046e-26,5.04731102945213164e-13
2.30632003838239303e-26,5.04731102945213164e-13
2.32079859717874521e-26,5.04731102945213164e-13
2.33536804911279344e-26,5.04731102945213164e-13
2.35002896479122542e-26,5.04731102945213164e-13
2.36478191840285009e-26,5.04731102945213164e-13
2.37962748774114361e-26,5.04731102945213164e-13
2.39456625422683978e-26,5.04731102945213164e-13
2.40959880293066186e-26,5.04731102945213164e-13
2.42472572259629569e-26,5.04731102945213164e-13
2.43994760566340681e-26,5.04731102945213164e-13
2.45526504829092459e-26,5.04731102945213164e-13
2.47067865038024912e-26,5.04731102945213164e-13
2.48618901559890816e-26,5.04731102945213164e-13
2.50179675140405749e-26,5.04731102945213164e-13
2.51750246906635224e-26,5.04731102945213164e-13
2.53330678369384726e-26,5.04731102945213164e-13
2.54921031425614824e-26,5.04731102945213164e-13
2.56521368360861344e-26,5.04731102945213164e-13
2.58131751851670575e-26,5.04731102945213164e-13
2.59752244968060053e-26,5.04731102945213164e-13
2.61382911175984707e-26,5.04731102945213164e-13
2.63023814339830767e-26,5.04731102945213164e-13
2.6467501872490219e-26,5.04731102945213164e-13
2.66336588999954685e-26,5.04731102945213164e-13
2.68008590239713417e-26,5.04731102945213164e-13
2.69691087927430176e-26,5.04731102945213164e-13
2.71384147957443665e-26,5.04731102945213164e-13
2.73087836637766869e-26,5.04731102945213164e-13
2.74802220692679606e-26,5.04731102945213164e-13
2.76527367265337309e-26,5.04731102945213164e-13
2.78263343920407155e-26,5.04731102945213164e-13
2.80010218646710003e-26,5.04731102945213164e-13
2.81768059859891889e-26,5.04731102945213164e-13
2.83536936405087949e-26,5.04731102945213164e-13
2.85316917559636647e-26,5.04731102945213164e-13
2.87108073035777129e-26,5.04731102945213164e-13
2.88910472983388666e-26,5.04731102945213164e-13
2.90724187992733298e-26,5.04731102945213164e-13
2.92549289097227637e-26,5.04731102945213164e-13
2.94385847776220023e-26,5.04731102945213164e-13
2.96233935957785437e-26,5.04731102945213164e-13
2.98093626021549497e-26,5.04731102945213164e-13
2.99964990801518374e-26,5.04731102945213164e-13
3.01848103588941003e-26,5.04731102945213164e-13
3.03743038135162724e-26,5.04731102945213164e-13
3.05649868654532974e-26,5.04731102945213164e-13
3.07568669827294674e-26,5.04731102945213164e-13
3.09499516802519227e-26,5.04731102945213164e-13
3.11442485201044218e-26,5.04731102945213164e-13
3.13397651118443174e-26,5.04731102945213164e-13
3.15365091128000424e-26,5.04731102945213164e-13
3.17344882283705018e-26,5.04731102945213164e-13
3.19337102123276253e-26,5.04731102945213164e-13
3.21341828671195177e-26,5.04731102945213164e-13
3.23359140441768146e-26,5.04731102945213164e-13
3.25389116442196909e-26,5.04731102945213164e-13
3.27431836175667121e-26,5.04731102945213164e-13
3.29487379644470321e-26,5.04731102945213164e-13
3.31555827353131893e-26,5.04731102945213164e-13
3.33637260311574392e-26,5.04731102945213164e-13
3.35731760038271822e-26,5.04731102945213164e-13
3.37839408563463624e-26,5.04731102945213164e-13
3.3996028843234852e-26,5.04731102945213164e-13
3.4209448270832808e-26,5.04731102945213164e-13
3.44242074976254431e-26,5.04731102945213164e-13
3.46403149345712411e-26,5.04731102945213164e-13
3.48577790454307759e-26,5.04731102945213164e-13
3.50766083470976452e-26,5.04731102945213164e-13
3.52968114099328737e-26,5.04731102945213164e-13
3.5518396858100012e-26,5.04731102945213164e-13
3.57413733699040083e-26,5.04731102945213164e-13
3.59657496781291305e-26,5.04731102945213164e-13
3.61915345703832482e-26,5.04731102945213164e-13
3.64187368894399892e-26,5.04731102945213164e-13
3.6647365533586214e-26,5.04731102945213164e-13
3.68774294569699343e-26,5.04731102945213164e-13
3.7108937669951886e-26,5.04731102945213164e-13
3.73418992394578301e-26,5.04731102945213164e-13
3.75763232893330399e-26,5.04731102945213164e-13
3.78122190007005498e-26,5.04731102945213164e-13
3.80495956123200984e-26,5.04731102945213164e-13
3.82884624209512145e-26,5.04731102945213164e-13
3.85288287817151625e-26,5.04731102945213164e-13
3.87707041084637901e-26,5.04731102945213164e-13
3.90140978741460654e-26,5.04731102945213164e-13
3.92590196111802958e-26,5.04731102945213164e-13
3.95054789118268527e-26,5.04731102945213164e-13
3.97534854285648214e-26,5.04731102945213164e-13
4.00030488744693665e-26,5.04731102945213164e-13
4.02541790235915068e-26,5.04731102945213164e-13
4.05068857113418962e-26,5.04731102945213164e-13
4.07611788348753374e-26,5.04731102945213164e-13
4.10170683534797468e-26,5.04731102945213164e-13
4.12745642889638785e-26,5.04731102945213164e-13
4.15336767260525015e-26,5.04731102945213164e-13
4.17944158127789988e-26,5.04731102945213164e-13
4.2056791760884162e-26,5.04731102945213164e-13
4.23208148462154532e-26,5.04731102945213164e-13
4.25864954091304888e-26,5.04731102945213164e-13
4.28538438549013371e-26,5.04731102945213164e-13
4.31228706541213051e-26,5.04731102945213164e-13
4.3393586343116096e-26,5.04731102945213164e-13
4.36660015243557478e-26,5.04731102945213164e-13
4.39401268668709123e-26,5.04731102945213164e-13
4.42159731066700447e-26,5.04731102945213164e-13
4.4493551047159109e-26,5.04731102945213164e-13
4.47728715595658062e-26,5.04731102945213164e-13
4.50539455833649366e-26,5.04731102945213164e-13
4.53367841267065049e-26,5.04731102945213164e-13
4.56213982668479483e-26,5.04731102945213164e-13
4.59077991505872457e-26,5.04731102945213164e-13
4.61959979946987076e-26,5.04731102945213164e-13
4.64860060863734197e-26,5.04731102945213164e-13
4.6777834783660518e-26,5.04731102945213164e-13
4.70714955159131912e-26,5.04731102945213164e-13
4.73669997842355515e-26,5.04731102945213164e-13
4.76643591619322671e-26,5.04731102945213164e-13
4.79635852949630203e-26,5.04731102945213164e-13
4.82646899023977843e-26,5.04731102945213164e-13
4.85676847768774388e-26,5.04731102945213164e-13
4.88725817850727997e-26,5.04731102945213164e-13
4.91793928681525809e-26,5.04731102945213164e-13
4.94881300422482795e-26,5.04731102945213164e-13
4.9798805398926346e-26,5.04731102945213164e-13
5.01114311056609649e-26,5.04731102945213164e-13
5.04260194063118145e-26,5.04731102945213164e-13
5.07425826216027699e-26,5.04731102945213164e-13
5.10611331496036137e-26,5.04731102945213164e-13
5.13816834662168432e-26,5.04731102945213164e-13
5.17042461256654391e-26,5.04731102945213164e-13
5.20288337609862364e-26,5.04731102945213164e-13
5.23554590845217544e-26,5.04731102945213164e-13
5.26841348884214257e-26,5.04731102945213164e-13
5.30148740451396627e-26,5.04731102945213164e-13
5.33476895079416659e-26,5.04731102945213164e-13
5.36825943114098846e-26,5.04731102945213164e-13
5.40196015719558214e-26,5.04731102945213164e-13
5.43587244883328842e-26,5.04731102945213164e-13
5.46999763421523811e-26,5.04731102945213164e-13
5.50433704984050441e-26,5.04731102945213164e-13
5.53889204059835569e-26,5.04731102945213164e-13
5.57366395982110977e-26,5.04731102945213164e-13
5.60865416933681753e-26,5.04731102945213164e-13
5.64386403952296273e-26,5.04731102945213164e-13
5.67929494935981431e-26,5.04731102945213164e-13
5.71494828648461558e-26,5.04731102945213164e-13
5.75082544724583689e-26,5.04731102945213164e-13
5.78692783675800516e-26,5.04731102945213164e-13
5.82325686895663941e-26,5.04731102945213164e-13
5.85981396665353389e-26,5.04731102945213164e-13
5.89660056159262301e-26,5.04731102945213164e-13
5.93361809450596083e-26,5.04731102945213164e-13
5.97086801517028864e-26,5.04731102945213164e-13
6.00835178246371942e-26,5.04731102945213164e-13
6.04607086442278001e-26,5.04731102945213164e-13
6.08402673830004841e-26,5.04731102945213164e-13
6.12222089062196003e-26,5.04731102945213164e-13
6.16065481724698376e-26,5.04731102945213164e-13
6.19933002342434771e-26,5.04731102945213164e-13
6.23824802385289809e-26,5.04731102945213164e-13
6.27741034274032048e-26,5.04731102945213164e-13
6.31681851386298232e-26,5.04731102945213164e-13
6.35647408062590116e-26,5.04731102945213164e-13
6.39637859612335131e-26,5.04731102945213164e-13
6.43653362319958401e-26,5.04731102945213164e-13
6.47694073450992712e-26,5.04731102945213164e-13
6.51760151258254307e-26,5.04731102945213164e-13
6.55851754988029038e-26,5.04731102945213164e-13
6.59969044886331728e-26,5.04731102945213164e-13
6.64112182205144091e-26,5.04731102945213164e-13
6.68281329208772824e-26,5.04731102945213164e-13
6.72476649180167647e-26,5.04731102945213164e-13
6.76698306427337081e-26,5.04731102945213164e-13
6.8094646628977286e-26,5.04731102945213164e-13
6.85221295144942007e-26,5.04731102945213164e-13
6.89522960414791983e-26,5.04731102945213164e-13
6.938516305722965e-26,5.04731102945213164e-13
6.98207475148070124e-26,5.04731102945213164e-13
7.02590664736996804e-26,5.04731102945213164e-13
7.07001371004934197e-26,5.04731102945213164e-13
7.11439766695396436e-26,5.04731102945213164e-13
7.15906025636365939e-26,5.04731102945213164e-13
7.20400322747060608e-26,5.04731102945213164e-13
7.24922834044807513e-26,5.04731102945213164e-13
7.29473736651925215e-26,5.04731102945213164e-13
7.34053208802678312e-26,5.04731102945213164e-13
7.3866142985024592e-26,5.04731102945213164e-13
7.43298580273734145e-26,5.04731102945213164e-13
7.4796484168526253e-26,5.04731102945213164e-13
7.52660396837064408e-26,5.04731102945213164e-13
7.57385429628668875e-26,5.04731102945213164e-13
7.62140125114060434e-26,5.04731102945213164e-13
7.66924669508975594e-26,5.04731102945213164e-13
7.71739250198153113e-26,5.04731102945213164e-13
7.76584055742696542e-26,5.04731102945213164e-13
7.81459275887447972e-26,5.04731102945213164e-13
7.86365101568437229e-26,5.04731102945213164e-13
7.91301724920347945e-26,5.04731102945213164e-13
7.96269339284029118e-26,5.04731102945213164e-13
8.01268139214086788e-26,5.04731102945213164e-13
8.06298320486490139e-26,5.04731102945213164e-13
8.11360080106265968e-26,5.04731102945213164e-13
8.1645361631516765e-26,5.04731102945213164e-13
8.21579128599492503e-26,5.04731102945213164e-13
8.26736817697847997e-26,5.04731102945213164e-13
8.31926885609039998e-26,5.04731102945213164e-13
8.37149535599970617e-26,5.04731102945213164e-13
8.42404972213619637e-26,5.04731102945213164e-13
8.47693401277041835e-26,5.04731102945213164e-13
8.53015029909414103e-26,5.04731102945213164e-13
8.58370066530167743e-26,5.04731102945213164e-13
8.63758720867137518e-26,5.04731102945213164e-13
8.69181203964796382e-26,5.04731102945213164e-13
8.74637728192507205e-26,5.04731102945213164e-13
8.80128507252825782e-26,5.04731102945213164e-13
8.85653756189891603e-26,5.04731102945213164e-13
8.9121369139784278e-26,5.04731102945213164e-13
8.96808530629284097e-26,5.04731102945213164e-13
9.02438493003836538e-26,5.04731102945213164e-13
9.08103799016705304e-26,5.04731102945213164e-13
9.13804670547300086e-26,5.04731102945213164e-13
9.19541330867946682e-26,5.04731102945213164e-13
9.25314004652617099e-26,5.04731102945213164e-13
9.3112291798575111e-26,5.04731102945213164e-13
9.36968298371095813e-26,5.04731102945213164e-13
9.42850374740600405e-26,5.04731102945213164e-13
9.48769377463405133e-26,5.04731102945213164e-13
9.54725538354848109e-26,5.04731102945213164e-13
9.60719090685575422e-26,5.04731102945213164e-13
9.66750269190622284e-26,5.04731102945213164e-13
9.72819310078669819e-26,5.04731102945213164e-13
9.78926451041239609e-26,5.04731102945213164e-13
9.85071931262035896e-26,5.04731102945213164e-13
9.91255991426295809e-26,5.04731102945213164e-13
9.9747887373024078e-26,5.04731102945213164e-13
1.00374082189054953e-25,5.04731102945213164e-13
1.01004208115386703e-25,5.04731102945213164e-13
1.01638289830646994e-25,5.04731102945213164e-13
1.02276352168389535e-25,5.04731102945213164e-13
1.02918420118067966e-25,5.04731102945213164e-13
1.03564518826012813e-25,5.04731102945213164e-13
1.04214673596418857e-25,5.04731102945213164e-13
1.04868909892334553e-25,5.04731102945213164e-13
1.05527253336660021e-25,5.04731102945213164e-13
1.06189729713148967e-25,5.04731102945213164e-13
1.06856364967420933e-25,5.04731102945213164e-13
1.07527185207975827e-25,5.04731102945213164e-13
1.08202216707217318e-25,5.04731102945213164e-13
1.08881485902479935e-25,5.04731102945213164e-13
1.09565019397067233e-25,5.04731102945213164e-13
1.10252843961292311e-25,5.04731102945213164e-13
1.10944986533524903e-25,5.04731102945213164e-13
1.11641474221249167e-25,5.04731102945213164e-13
1.12342334302123492e-25,5.04731102945213164e-13
1.13047594225049717e-25,5.04731102945213164e-13
1.13757281611246323e-25,5.04731102945213164e-13
1.14471424255333034e-25,5.04731102945213164e-13
1.15190050126417445e-25,5.04731102945213164e-13
1.15913187369191368e-25,5.04731102945213164e-13
1.16640864305031292e-25,5.04731102945213164e-13
1.17373109433110358e-25,5.04731102945213164e-13
1.18109951431512624e-25,5.04731102945213164e-13
1.1885141915835719e-25,5.04731102945213164e-13
1.19597541652926494e-25,5.04731102945213164e-13
1.20348348136806536e-25,5.04731102945213164e-13
1.21103868015029836e-25,5.04731102945213164e-13
1.21864130877225646e-25,5.04731102945213164e-13
1.22629166498781742e-25,5.04731102945213164e-13
1.23399004842008565e-25,5.04731102945213164e-13
1.24173676057313755e-25,5.04731102945213164e-13
1.24953210484380863e-25,5.04731102945213164e-13
1.25737638653360747e-25,5.04731102945213164e-13
1.26526991286065125e-25,5.04731102945213164e-13
1.27321299297170864e-25,5.04731102945213164e-13
1.28120593795428691e-25,5.04731102945213164e-13
1.28924906084884645e-25,5.04731102945213164e-13
1.29734267666103968e-25,5.04731102945213164e-13
1.30548710237405921e-25,5.04731102945213164e-13
1.31368265696103109e-25,5.04731102945213164e-13
1.32192966139753896e-25,5.04731102945213164e-13
1.33022843867417849e-25,5.04731102945213164e-13
1.33857931380919206e-25,5.04731102945213164e-13
1.34698261386122995e-25,5.04731102945213164e-13
1.35543866794213715e-25,5.04731102945213164e-13
1.36394780722985459e-25,5.04731102945213164e-13
1.37251036498136738e-25,5.04731102945213164e-13
1.38112667654578949e-25,5.04731102945213164e-13
1.38979707937747565e-25,5.04731102945213164e-13
1.39852191304924953e-25,5.04731102945213164e-13
1.4073015192656788e-25,5.04731102945213164e-13
1.41613624187649293e-25,5.04731102945213164e-13
1.42502642689002707e-25,5.04731102945213164e-13
1.43397242248678507e-25,5.04731102945213164e-13
1.44297457903305125e-25,5.04731102945213164e-13
1.45203324909464915e-25,5.04731102945213164e-13
1.46114878745073126e-25,5.04731102945213164e-13
1.47032155110765564e-25,5.04731102945213164e-13
1.47955189931300392e-25,5.04731102945213164e-13
1.488840193569628e-25,5.04731102945213164e-13
1.49818679764981872e-25,5.04731102945213164e-13
1.50759207760952947e-25,5.04731102945213164e-13
1.51705640180274932e-25,5.04731102945213164e-13
1.52658014089590457e-25,5.04731102945213164e-13
1.53616366788238793e-25,5.04731102945213164e-13
1.54580735809714251e-25,5.04731102945213164e-13
1.55551158923139854e-25,5.04731102945213164e-13
1.56527674134744031e-25,5.04731102945213164e-13
1.57510319689350457e-25,5.04731102945213164e-13
1.5849913407187324e-25,5.04731102945213164e-13
1.59494156008828084e-25,5.04731102945213164e-13
1.60495424469846428e-25,5.04731102945213164e-13
1.61502978669202911e-25,5.04731102945213164e-13
1.62516858067348615e-25,5.04731102945213164e-13
1.63537102372460489e-25,5.04731102945213164e-13
1.64563751541994419e-25,5.04731102945213164e-13
1.65596845784248258e-25,5.04731102945213164e-13
1.66636425559940531e-25,5.04731102945213164e-13
1.6768253158379235e-25,5.04731102945213164e-13
1.68735204826123428e-25,5.04731102945213164e-13
1.69794486514453859e-25,5.04731102945213164e-13
1.70860418135122864e-25,5.04731102945213164e-13
1.71933041434910954e-25,5.04731102945213164e-13
1.73012398422676182e-25,5.04731102945213164e-13
1.7409853137099672e-25,5.04731102945213164e-13
1.75191482817830552e-25,5.04731102945213164e-13
1.76291295568178733e-25,5.04731102945213164e-13
1.77398012695763176e-25,5.04731102945213164e-13
1.78511677544710796e-25,5.04731102945213164e-13
1.7963233373125533e-25,5.04731102945213164e-13
1.80760025145443491e-25,5.04731102945213164e-13
1.81894795952851611e-25,5.04731102945213164e-13
1.8303669059631977e-25,5.04731102945213164e-13
1.84185753797689518e-25,5.04731102945213164e-13
1.8534203055955674e-25,5.04731102945213164e-13
1.86505566167031339e-25,5.04731102945213164e-13
1.87676406189515181e-25,5.04731102945213164e-13
1.8885459648248383e-25,5.04731102945213164e-13
1.90040183189283998e-25,5.04731102945213164e-13
1.91233212742937645e-25,5.04731102945213164e-13
1.92433731867965132e-25,5.04731102945213164e-13
1.93641787582212027e-25,5.04731102945213164e-13
1.94857427198692255e-25,5.04731102945213164e-13
1.96080698327437728e-25,5.04731102945213164e-13
1.97311648877367898e-25,5.04731102945213164e-13
1.98550327058163599e-25,5.04731102945213164e-13
1.99796781382152814e-25,5.04731102945213164e-13
2.01051060666215457e-25,5.04731102945213164e-13
2.02313214033691949e-25,5.04731102945213164e-13
2.03583290916308949e-25,5.04731102945213164e-13
2.0486134105611179e-25,5.04731102945213164e-13
2.06147414507417777e-25,5.04731102945213164e-13
2.07441561638773028e-25,5.04731102945213164e-13
2.08743833134926992e-25,5.04731102945213164e-13
2.10054279998813997e-25,5.04731102945213164e-13
2.11372953553555941e-25,5.04731102945213164e-13
2.12699905444468839e-25,5.04731102945213164e-13
2.14035187641087257e-25,5.04731102945213164e-13
2.15378852439196224e-25,5.04731102945213164e-13
2.16730952462884562e-25,5.04731102945213164e-13
2.18091540666603344e-25,5.04731102945213164e-13
2.19460670337237049e-25,5.04731102945213164e-13
2.20838395096195965e-25,5.04731102945213164e-13
2.22224768901512638e-25,5.04731102945213164e-13
2.23619846049956856e-25,5.04731102945213164e-13
2.25023681179158746e-25,5.04731102945213164e-13
2.26436329269753785e-25,5.04731102945213164e-13
2.2785784564753264e-25,5.04731102945213164e-13
2.29288285985609853e-25,5.04731102945213164e-13
2.30727706306600398e-25,5.04731102945213164e-13
2.32176162984819475e-25,5.04731102945213164e-13
2.33633712748486584e-25,5.04731102945213164e-13
2.35100412681949228e-25,5.04731102945213164e-13
2.36576320227914796e-25,5.04731102945213164e-13
2.38061493189705768e-25,5.04731102945213164e-13
2.39555989733521133e-25,5.04731102945213164e-13
2.41059868390711122e-25,5.04731102945213164e-13
2.42573188060075597e-25,5.04731102945213164e-13
2.44096008010166939e-25,5.04731102945213164e-13
2.45628387881613094e-25,5.04731102945213164e-13
2.47170387689449443e-25,5.04731102945213164e-13
2.4872206782547538e-25,5.04731102945213164e-13
2.50283489060615371e-25,5.04731102945213164e-13
2.51854712547301115e-25,5.04731102945213164e-13
2.53435799821862388e-25,5.04731102945213164e-13
2.55026812806943418e-25,5.04731102945213164e-13
2.56627813813923805e-25,5.04731102945213164e-13
2.5823886554536098e-25,5.04731102945213164e-13
2.59860031097441884e-25,5.04731102945213164e-13
2.61491373962460145e-25,5.04731102945213164e-13
2.63132958031299898e-25,5.04731102945213164e-13
2.64784847595934608e-25,5.04731102945213164e-13
2.66447107351951515e-25,5.04731102945213164e-13
2.68119802401081124e-25,5.04731102945213164e-13
2.69802998253749169e-25,5.04731102945213164e-13
2.71496760831637692e-25,5.04731102945213164e-13
2.73201156470273553e-25,5.04731102945213164e-13
2.74916251921622146e-25,5.04731102945213164e-13
2.76642114356703662e-25,5.04731102945213164e-13
2.78378811368219648e-25,5.04731102945213164e-13
2.80126410973206688e-25,5.04731102945213164e-13
2.81884981615695994e-25,5.04731102945213164e-13
2.83654592169396131e-25,5.04731102945213164e-13
2.85435311940385836e-25,5.04731102945213164e-13
2.87227210669835299e-25,5.04731102945213164e-13
2.89030358536733051e-25,5.04731102945213164e-13
2.90844826160636631e-25,5.04731102945213164e-13
2.92670684604433692e-25,5.04731102945213164e-13
2.94508005377132401e-25,5.04731102945213164e-13
2.96356860436658296e-25,5.04731102945213164e-13
2.98217322192669042e-25,5.04731102945213164e-13
3.00089463509397531e-25,5.04731102945213164e-13
3.01973357708500612e-25,5.04731102945213164e-13
3.03869078571933301e-25,5.04731102945213164e-13
3.05776700344833499e-25,5.04731102945213164e-13
3.07696297738436982e-25,5.04731102945213164e-13
3.09627945932998749e-25,5.04731102945213164e-13
3.11571720580739764e-25,5.04731102945213164e-13
3.13527697808804738e-25,5.04731102945213164e-13
3.15495954222251421e-25,5.04731102945213164e-13
3.17476566907045611e-25,5.04731102945213164e-13
3.19469613433082688e-25,5.04731102945213164e-13
3.21475171857220536e-25,5.04731102945213164e-13
3.23493320726344419e-25,5.04731102945213164e-13
3.25524139080439246e-25,5.04731102945213164e-13
3.27567706455681217e-25,5.04731102945213164e-13
3.29624102887560678e-25,5.04731102945213164e-13
3.31693408914011676e-25,5.04731102945213164e-13
3.33775705578568393e-25,5.04731102945213164e-13
3.35871074433534245e-25,5.04731102945213164e-13
3.37979597543183671e-25,5.04731102945213164e-13
3.40101357486970726e-25,5.04731102945213164e-13
3.42236437362766322e-25,5.04731102945213164e-13
3.44384920790106752e-25,5.04731102945213164e-13
3.46546891913477231e-25,5.04731102945213164e-13
3.48722435405601739e-25,5.04731102945213164e-13
3.50911636470761953e-25,5.04731102945213164e-13
3.53114580848128761e-25,5.04731102945213164e-13
3.55331354815128327e-25,5.04731102945213164e-13
3.5756204519081733e-25,5.04731102945213164e-13
3.59806739339278572e-25,5.04731102945213164e-13
3.62065525173051235e-25,5.04731102945213164e-13
3.64338491156568197e-25,5.04731102945213164e-13
3.66625726309623768e-25,5.04731102945213164e-13
3.68927320210853893e-25,5.04731102945213164e-13
3.71243363001253687e-25,5.04731102945213164e-13
3.73573945387701473e-25,5.04731102945213164e-13
3.75919158646514767e-25,5.04731102945213164e-13
3.78279094627018449e-25,5.04731102945213164e-13
3.80653845755151578e-25,5.04731102945213164e-13
3.83043505037080868e-25,5.04731102945213164e-13
3.85448166062846415e-25,5.04731102945213164e-13
3.87867923010020869e-25,5.04731102945213164e-13
3.90302870647407177e-25,5.04731102945213164e-13
3.92753104338745634e-25,5.04731102945213164e-13
3.95218720046443816e-25,5.04731102945213164e-13
3.97699814335344522e-25,5.04731102945213164e-13
4.00196484376501317e-25,5.04731102945213164e-13
4.02708827950987494e-25,5.04731102945213164e-13
4.05236943453718893e-25,5.04731102945213164e-13
4.07780929897317646e-25,5.04731102945213164e-13
4.10340886915983016e-25,5.04731102945213164e-13
4.12916914769397247e-25,5.04731102945213164e-13
4.15509114346645167e-25,5.04731102945213164e-13
4.18117587170175597e-25,5.04731102945213164e-13
4.20742435399771006e-25,5.04731102945213164e-13
4.23383761836551513e-25,5.04731102945213164e-13
4.26041669926994485e-25,5.04731102945213164e-13
4.28716263766996181e-25,5.04731102945213164e-13
4.31407648105943608e-25,5.04731102945213164e-13
4.3411592835081142e-25,5.04731102945213164e-13
4.36841210570301069e-25,5.04731102945213164e-13
4.39583601498987505e-25,5.04731102945213164e-13
4.42343208541503342e-25,5.04731102945213164e-13
4.45120139776737767e-25,5.04731102945213164e-13
4.47914503962080415e-25,5.04731102945213164e-13
4.50726410537673477e-25,5.04731102945213164e-13
4.5355596963070192e-25,5.04731102945213164e-13
4.56403292059698449e-25,5.04731102945213164e-13
4.59268489338895455e-25,5.04731102945213164e-13
4.62151673682584657e-25,5.04731102945213164e-13
4.65052958009515786e-25,5.04731102945213164e-13
4.67972455947311252e-25,5.04731102945213164e-13
4.70910281836928234e-25,5.04731102945213164e-13
4.7386655073712837e-25,5.04731102945213164e-13
4.76841378428988656e-25,5.04731102945213164e-13
4.79834881420427539e-25,5.04731102945213164e-13
4.82847176950780111e-25,5.04731102945213164e-13
4.8587838299538356e-25,5.04731102945213164e-13
4.88928618270191616e-25,5.04731102945213164e-13
4.91998002236436219e-25,5.04731102945213164e-13
4.95086655105298076e-25,5.04731102945213164e-13
4.98194697842618717e-25,5.04731102945213164e-13
5.01322252173629821e-25,5.04731102945213164e-13
5.04469440587732922e-25,5.04731102945213164e-13
5.07636386343288384e-25,5.04731102945213164e-13
5.10823213472446981e-25,5.04731102945213164e-13
5.14030046785999218e-25,5.04731102945213164e-13
5.17257011878275738e-25,5.04731102945213164e-13
5.20504235132058376e-25,5.04731102945213164e-13
5.23771843723533709e-25,5.04731102945213164e-13
5.27059965627265249e-25,5.04731102945213164e-13
5.30368729621218585e-25,5.04731102945213164e-13
5.33698265291798556e-25,5.04731102945213164e-13
5.37048703038917582e-25,5.04731102945213164e-13
5.40420174081116163e-25,5.04731102945213164e-13
5.43812810460693035e-25,5.04731102945213164e-13
5.47226745048881089e-25,5.04731102945213164e-13
5.50662111551042015e-25,5.04731102945213164e-13
5.54119044511916862e-25,5.04731102945213164e-13
5.57597679320885574e-25,5.04731102945213164e-13
5.61098152217274839e-25,5.04731102945213164e-13
5.6462060029568418e-25,5.04731102945213164e-13
5.68165161511369245e-25,5.04731102945213164e-13
5.71731974685635244e-25,5.04731102945213164e-13
5.75321179511278811e-25,5.04731102945213164e-13
5.78932916558049483e-25,5.04731102945213164e-13
5.82567327278169262e-25,5.04731102945213164e-13
5.86224554011865195e-25,5.04731102945213164e-13
5.89904739992937344e-25,5.04731102945213164e-13
5.93608029354382386e-25,5.04731102945213164e-13
5.97334567134029234e-25,5.04731102945213164e-13
6.01084499280224255e-25,5.04731102945213164e-13
6.04857972657537003e-25,5.04731102945213164e-13
6.08655135052527588e-25,5.04731102945213164e-13
6.12476135179524282e-25,5.04731102945213164e-13
6.16321122686452816e-25,5.04731102945213164e-13
6.20190248160687753e-25,5.04731102945213164e-13
6.24083663134964701e-25,5.04731102945213164e-13
6.28001520093305157e-25,5.04731102945213164e-13
6.31943972476993803e-25,5.04731102945213164e-13
6.35911174690577296e-25,5.04731102945213164e-13
6.39903282107927162e-25,5.04731102945213164e-13
6.43920451078317181e-25,5.04731102945213164e-13
6.47962838932538827e-25,5.04731102945213164e-13
6.52030603989078848e-25,5.04731102945213164e-13
6.56123905560309251e-25,5.04731102945213164e-13
6.60242903958731931e-25,5.04731102945213164e-13
6.64387760503246659e-25,5.04731102945213164e-13
6.68558637525484851e-25,5.04731102945213164e-13
6.72755698376157136e-25,5.04731102945213164e-13
6.76979107431455453e-25,5.04731102945213164e-13
6.81229030099480591e-25,5.04731102945213164e-13
6.85505632826736393e-25,5.04731102945213164e-13
6.89809083104637753e-25,5.04731102945213164e-13
6.94139549476075719e-25,5.04731102945213164e-13
6.9849720154200714e-25,5.04731102945213164e-13
7.02882209968114431e-25,5.04731102945213164e-13
7.07294746491480514e-25,5.04731102945213164e-13
7.11734983927306567e-25,5.04731102945213164e-13
7.16203096175697405e-25,5.04731102945213164e-13
7.20699258228460776e-25,5.04731102945213164e-13
7.25223646175966502e-25,5.04731102945213164e-13
7.29776437214031363e-25,5.04731102945213164e-13
7.34357809650876655e-25,5.04731102945213164e-13
7.38967942914099349e-25,5.04731102945213164e-13
7.43607017557705878e-25,5.04731102945213164e-13
7.48275215269170756e-25,5.04731102945213164e-13
7.52972718876570947e-25,5.04731102945213164e-13
7.57699712355734023e-25,5.04731102945213164e-13
7.62456380837449145e-25,5.04731102945213164e-13
7.67242910614706142e-25,5.04731102945213164e-13
7.72059489150009336e-25,5.04731102945213164e-13
7.76906305082707442e-25,5.04731102945213164e-13
7.81783548236388054e-25,5.04731102945213164e-13
7.86691409626298655e-25,5.04731102945213164e-13
7.91630081466847206e-25,5.04731102945213164e-13
7.96599757179120879e-25,5.04731102945213164e-13
8.0160063139845064e-25,5.04731102945213164e-13
8.06632899982054622e-25,5.04731102945213164e-13
8.11696760016694907e-25,5.04731102945213164e-13
8.16792409826403531e-25,5.04731102945213164e-13
8.21920048980236099e-25,5.04731102945213164e-13
8.27079878300107837e-25,5.04731102945213164e-13
8.32272099868645715e-25,5.04731102945213164e-13
8.37496917037109303e-25,5.04731102945213164e-13
8.42754534433341204e-25,5.04731102945213164e-13
8.48045157969802295e-25,5.04731102945213164e-13
8.53368994851621756e-25,5.04731102945213164e-13
8.58726253584719872e-25,5.04731102945213164e-13
8.64117143983959528e-25,5.04731102945213164e-13
8.69541877181384585e-25,5.04731102945213164e-13
8.75000665634478654e-25,5.04731102945213164e-13
8.80493723134474767e-25,5.04731102945213164e-13
8.86021264814750332e-25,5.04731102945213164e-13
8.91583507159237672e-25,5.04731102945213164e-13
8.9718066801091069e-25,5.04731102945213164e-13
9.02812966580301415e-25,5.04731102945213164e-13
9.08480623454106961e-25,5.04731102945213164e-13
9.14183860603814935e-25,5.04731102945213164e-13
9.19922901394403787e-25,5.04731102945213164e-13
9.25697970593075297e-25,5.04731102945213164e-13
9.31509294378080948e-25,5.04731102945213164e-13
9.37357100347564857e-25,5.04731102945213164e-13
9.43241617528484608e-25,5.04731102945213164e-13
9.49163076385566006e-25,5.04731102945213164e-13
9.55121708830352302e-25,5.04731102945213164e-13
9.61117748230275299e-25,5.04731102945213164e-13
9.67151429417783266e-25,5.04731102945213164e-13
9.73222988699561732e-25,5.04731102945213164e-13
9.79332663865772432e-25,5.04731102945213164e-13
9.85480694199374481e-25,5.04731102945213164e-13
9.91667320485479091e-25,5.04731102945213164e-13
9.97892785020804847e-25,5.04731102945213164e-13
1.00415733162315036e-24,5.04731102945213164e-13
1.01046120564095208e-24,5.04731102945213164e-13
1.01680465396287572e-24,5.04731102945213164e-13
1.02318792502751186e-24,5.04731102945213164e-13
1.02961126883308751e-24,5.04731102945213164e-13
1.03607493694726764e-24,5.04731102945213164e-13
1.04257918251698893e-24,5.04731102945213164e-13
1.04912426027840084e-24,5.04731102945213164e-13
1.0557104265668289e-24,5.04731102945213164e-13
1.06233793932680168e-24,5.04731102945213164e-13
1.06900705812217788e-24,5.04731102945213164e-13
1.07571804414629573e-24,5.04731102945213164e-13
1.08247116023221127e-24,5.04731102945213164e-13
1.08926667086297346e-24,5.04731102945213164e-13
1.09610484218201009e-24,5.04731102945213164e-13
1.10298594200353329e-24,5.04731102945213164e-13
1.10991023982303669e-24,5.04731102945213164e-13
1.11687800682783261e-24,5.04731102945213164e-13
1.12388951590770033e-24,5.04731102945213164e-13
1.13094504166555484e-24,5.04731102945213164e-13
1.13804486042821121e-24,5.04731102945213164e-13
1.14518925025718849e-24,5.04731102945213164e-13
1.15237849095962708e-24,5.04731102945213164e-13
1.15961286409923405e-24,5.04731102945213164e-13
1.16689265300729557e-24,5.04731102945213164e-13
1.17421814279380249e-24,5.04731102945213164e-13
1.18158962035859744e-24,5.04731102945213164e-13
1.18900737440261994e-24,5.04731102945213164e-13
1.19647169543919553e-24,5.04731102945213164e-13
1.20398287580544115e-24,5.04731102945213164e-13
1.21154120967369532e-24,5.04731102945213164e-13
1.21914699306304991e-24,5.04731102945213164e-13
1.22680052385092276e-24,5.04731102945213164e-13
1.23450210178475447e-24,5.04731102945213164e-13
1.24225202849372754e-24,5.04731102945213164e-13
1.25005060750058963e-24,5.04731102945213164e-13
1.25789814423352098e-24,5.04731102945213164e-13
1.26579494603812626e-24,5.04731102945213164e-13
1.27374132218945724e-24,5.04731102945213164e-13
1.28173758390410914e-24,5.04731102945213164e-13
1.28978404435244034e-24,5.04731102945213164e-13
1.297881018670818e-24,5.04731102945213164e-13
1.30602882397396871e-24,5.04731102945213164e-13
1.31422777936737898e-24,5.04731102945213164e-13
1.3224782059598235e-24,5.04731102945213164e-13
1.33078042687592013e-24,5.04731102945213164e-13
1.33913476726879636e-24,5.04731102945213164e-13
1.34754155433280109e-24,5.04731102945213164e-13
1.35600111731635253e-24,5.04731102945213164e-13
1.36451378753481092e-24,5.04731102945213164e-13
1.37307989838346509e-24,5.04731102945213164e-13
1.38169978535056839e-24,5.04731102945213164e-13
1.39037378603051016e-24,5.04731102945213164e-13
1.39910224013701645e-24,5.04731102945213164e-13
1.40788548951646505e-24,5.04731102945213164e-13
1.41672387816125138e-24,5.04731102945213164e-13
1.4256177522232949e-24,5.04731102945213164e-13
1.43456746002757939e-24,5.04731102945213164e-13
1.44357335208577673e-24,5.04731102945213164e-13
1.45263578111001017e-24,5.04731102945213164e-13
1.46175510202664422e-24,5.04731102945213164e-13
1.47093167199019737e-24,5.04731102945213164e-13
1.48016585039730615e-24,5.04731102945213164e-13
1.48945799890083604e-24,5.04731102945213164e-13
1.49880848142402239e-24,5.04731102945213164e-13
1.50821766417473445e-24,5.04731102945213164e-13
1.51768591565979395e-24,5.04731102945213164e-13
1.52721360669944419e-24,5.04731102945213164e-13
1.53680111044184833e-24,5.04731102945213164e-13
1.54644880237771584e-24,5.04731102945213164e-13
1.55615706035498422e-24,5.04731102945213164e-13
1.56592626459365367e-24,5.04731102945213164e-13
1.57575679770066055e-24,5.04731102945213164e-13
1.58564904468484219e-24,5.04731102945213164e-13
1.59560339297205408e-24,5.04731102945213164e-13
1.60562023242031795e-24,5.04731102945213164e-13
1.6156999553351028e-24,5.04731102945213164e-13
1.62584295648466351e-24,5.04731102945213164e-13
1.63604963311554136e-24,5.04731102945213164e-13
1.64632038496809553e-24,5.04731102945213164e-13
1.65665561429217146e-24,5.04731102945213164e-13
1.66705572586282933e-24,5.04731102945213164e-13
1.67752112699623568e-24,5.04731102945213164e-13
1.68805222756559012e-24,5.04731102945213164e-13
1.69864944001719066e-24,5.04731102945213164e-13
1.70931317938656005e-24,5.04731102945213164e-13
1.720043863314741e-24,5.04731102945213164e-13
1.73084191206463377e-24,5.04731102945213164e-13
1.74170774853743262e-24,5.04731102945213164e-13
1.75264179828923195e-24,5.04731102945213164e-13
1.76364448954766497e-24,5.04731102945213164e-13
1.77471625322868823e-24,5.04731102945213164e-13
1.78585752295343079e-24,5.04731102945213164e-13
1.79706873506521914e-24,5.04731102945213164e-13
1.80835032864663716e-24,5.04731102945213164e-13
1.81970274553673925e-24,5.04731102945213164e-13
1.8311264303483232e-24,5.04731102945213164e-13
1.84262183048538771e-24,5.04731102945213164e-13
1.85418939616062617e-24,5.04731102945213164e-13
1.86582958041307465e-24,5.04731102945213164e-13
1.87754283912582183e-24,5.04731102945213164e-13
1.8893296310439122e-24,5.04731102945213164e-13
1.90119041779228831e-24,5.04731102945213164e-13
1.9131256638938466e-24,5.04731102945213164e-13
1.92513583678767746e-24,5.04731102945213164e-13
1.93722140684734155e-24,5.04731102945213164e-13
1.94938284739930586e-24,5.04731102945213164e-13
1.96162063474145162e-24,5.04731102945213164e-13
1.97393524816177418e-24,5.04731102945213164e-13
1.98632716995712441e-24,5.04731102945213164e-13
1.99879688545211179e-24,5.04731102945213164e-13
2.01134488301807964e-24,5.04731102945213164e-13
2.02397165409228234e-24,5.04731102945213164e-13
2.03667769319709766e-24,5.04731102945213164e-13
2.0494634979594134e-24,5.04731102945213164e-13
2.06232956913008029e-24,5.04731102945213164e-13
2.07527641060357752e-24,5.04731102945213164e-13
2.08830452943771849e-24,5.04731102945213164e-13
2.10141443587348788e-24,5.04731102945213164e-13
2.11460664335507283e-24,5.04731102945213164e-13
2.12788166854994021e-24,5.04731102945213164e-13
2.14124003136908709e-24,5.04731102945213164e-13
2.15468225498736888e-24,5.04731102945213164e-13
2.16820886586404131e-24,5.04731102945213164e-13
2.18182039376334452e-24,5.04731102945213164e-13
2.19551737177526866e-24,5.04731102945213164e-13
2.20930033633639483e-24,5.04731102945213164e-13
2.22316982725096117e-24,5.04731102945213164e-13
2.23712638771196494e-24,5.04731102945213164e-13
2.25117056432245659e-24,5.04731102945213164e-13
2.26530290711691082e-24,5.04731102945213164e-13
2.27952396958282204e-24,5.04731102945213164e-13
2.29383430868234557e-24,5.04731102945213164e-13
2.30823448487412898e-24,5.04731102945213164e-13
2.32272506213522587e-24,5.04731102945213164e-13
2.33730660798323877e-24,5.04731102945213164e-13
2.3519796934985185e-24,5.04731102945213164e-13
2.36674489334650118e-24,5.04731102945213164e-13
2.38160278580027156e-24,5.04731102945213164e-13
2.39655395276317419e-24,5.04731102945213164e-13
2.41159897979162098e-24,5.04731102945213164e-13
2.42673845611798703e-24,5.04731102945213164e-13
2.44197297467374367e-24,5.04731102945213164e-13
2.45730313211264459e-24,5.04731102945213164e-13
2.47272952883411085e-24,5.04731102945213164e-13
2.48825276900670544e-24,5.04731102945213164e-13
2.50387346059185706e-24,5.04731102945213164e-13
2.51959221536762888e-24,5.04731102945213164e-13
2.53540964895269996e-24,5.04731102945213164e-13
2.55132638083043333e-24,5.04731102945213164e-13
2.56734303437320097e-24,5.04731102945213164e-13
2.58346023686676709e-24,5.04731102945213164e-13
2.59967861953482206e-24,5.04731102945213164e-13
2.61599881756376967e-24,5.04731102945213164e-13
2.63242147012755922e-24,5.04731102945213164e-13
2.64894722041274296e-24,5.04731102945213164e-13
2.6655767156436194e-24,5.04731102945213164e-13
2.68231060710764927e-24,5.04731102945213164e-13
2.69914955018091871e-24,5.04731102945213164e-13
2.716094204353829e-24,5.04731102945213164e-13
2.73314523325687962e-24,5.04731102945213164e-13
2.7503033046867271e-24,5.04731102945213164e-13
2.767569090632294e-24,5.04731102945213164e-13
2.78494326730111047e-24,5.04731102945213164e-13
2.80242651514575024e-24,5.04731102945213164e-13
2.82001951889054968e-24,5.04731102945213164e-13
2.83772296755839163e-24,5.04731102945213164e-13
2.85553755449765406e-24,5.04731102945213164e-13
2.87346397740943604e-24,5.04731102945213164e-13
2.89150293837483413e-24,5.04731102945213164e-13
2.90965514388246544e-24,5.04731102945213164e-13
2.92792130485608753e-24,5.04731102945213164e-13
2.94630213668251388e-24,5.04731102945213164e-13
2.96479835923958254e-24,5.04731102945213164e-13
2.98341069692437645e-24,5.04731102945213164e-13
3.00213987868154199e-24,5.04731102945213164e-13
3.02098663803191512e-24,5.04731102945213164e-13
3.03995171310119692e-24,5.04731102945213164e-13
3.05903584664888896e-24,5.04731102945213164e-13
3.07823978609733208e-24,5.04731102945213164e-13
3.09756428356105401e-24,5.04731102945213164e-13
3.11701009587618951e-24,5.04731102945213164e-13
3.13657798463008078e-24,5.04731102945213164e-13
3.15626871619118405e-24,5.04731102945213164e-13
3.17608306173903082e-24,5.04731102945213164e-13
3.19602179729445705e-24,5.04731102945213164e-13
3.21608570374994473e-24,5.04731102945213164e-13
3.23627556690028212e-24,5.04731102945213164e-13
3.25659217747328713e-24,5.04731102945213164e-13
3.27703633116080327e-24,5.04731102945213164e-13
3.29760882864980793e-24,5.04731102945213164e-13
3.31831047565385208e-24,5.04731102945213164e-13
3.33914208294456106e-24,5.04731102945213164e-13
3.36010446638341619e-24,5.04731102945213164e-13
3.38119844695365316e-24,5.04731102945213164e-13
3.40242485079249646e-24,5.04731102945213164e-13
3.42378450922347507e-24,5.04731102945213164e-13
3.44527825878893774e-24,5.04731102945213164e-13
3.46690694128290075e-24,5.04731102945213164e-13
3.48867140378395957e-24,5.04731102945213164e-13
3.51057249868849243e-24,5.04731102945213164e-13
3.53261108374398851e-24,5.04731102945213164e-13
3.55478802208272521e-24,5.04731102945213164e-13
3.57710418225551714e-24,5.04731102945213164e-13
3.59956043826575752e-24,5.04731102945213164e-13
3.6221576696035967e-24,5.04731102945213164e-13
3.64489676128046671e-24,5.04731102945213164e-13
3.66777860386369011e-24,5.04731102945213164e-13
3.69080409351138396e-24,5.04731102945213164e-13
3.71397413200750184e-24,5.04731102945213164e-13
3.73728962679723705e-24,5.04731102945213164e-13
3.76075149102250647e-24,5.04731102945213164e-13
3.7843606435577411e-24,5.04731102945213164e-13
3.80811800904581397e-24,5.04731102945213164e-13
3.83202451793434274e-24,5.04731102945213164e-13
3.85608110651208852e-24,5.04731102945213164e-13
3.88028871694557398e-24,5.04731102945213164e-13
3.90464829731607941e-24,5.04731102945213164e-13
3.92916080165670965e-24,5.04731102945213164e-13
3.95382718998979166e-24,5.04731102945213164e-13
3.97864842836440929e-24,5.04731102945213164e-13
4.00362548889433173e-24,5.04731102945213164e-13
4.02875934979602634e-24,5.04731102945213164e-13
4.05405099542699729e-24,5.04731102945213164e-13
4.07950141632427724e-24,5.04731102945213164e-13
4.10511160924331423e-24,5.04731102945213164e-13
4.13088257719694933e-24,5.04731102945213164e-13
4.15681532949472791e-24,5.04731102945213164e-13
4.18291088178236318e-24,5.04731102945213164e-13
4.20917025608161475e-24,5.04731102945213164e-13
4.23559448083026648e-24,5.04731102945213164e-13
4.26218459092234971e-24,5.04731102945213164e-13
4.28894162774878142e-24,5.04731102945213164e-13
4.31586663923807896e-24,5.04731102945213164e-13
4.34296067989743679e-24,5.04731102945213164e-13
4.3702248108539555e-24,5.04731102945213164e-13
4.39766009989630555e-24,5.04731102945213164e-13
4.42526762151647845e-24,5.04731102945213164e-13
4.45304845695190174e-24,5.04731102945213164e-13
4.48100369422771402e-24,5.04731102945213164e-13
4.50913442819948805e-24,5.04731102945213164e-13
4.53744176059603126e-24,5.04731102945213164e-13
4.56592680006257975e-24,5.04731102945213164e-13
4.59459066220413679e-24,5.04731102945213164e-13
4.6234344696292798e-24,5.04731102945213164e-13
4.65245935199407075e-24,5.04731102945213164e-13
4.68166644604624182e-24,5.04731102945213164e-13
4.71105689566982835e-24,5.04731102945213164e-13
4.74063185192989411e-24,5.04731102945213164e-13
4.77039247311764944e-24,5.04731102945213164e-13
4.80033992479573811e-24,5.04731102945213164e-13
4.83047537984400394e-24,5.04731102945213164e-13
4.86080001850534565e-24,5.04731102945213164e-13
4.89131502843198204e-24,5.04731102945213164e-13
4.92202160473188665e-24,5.04731102945213164e-13
4.95292095001571081e-24,5.04731102945213164e-13
4.98401427444380605e-24,5.04731102945213164e-13
5.01530279577365833e-24,5.04731102945213164e-13
5.04678773940750129e-24,5.04731102945213164e-13
5.07847033844042811e-24,5.04731102945213164e-13
5.11035183370862717e-24,5.04731102945213164e-13
5.14243347383791439e-24,5.04731102945213164e-13
5.1747165152927617e-24,5.04731102945213164e-13
5.20720222242542019e-24,5.04731102945213164e-13
5.23989186752548267e-24,5.04731102945213164e-13
5.27278673086962531e-24,5.04731102945213164e-13
5.30588810077187699e-24,5.04731102945213164e-13
5.33919727363399363e-24,5.04731102945213164e-13
5.37271555399626864e-24,5.04731102945213164e-13
5.40644425458854156e-24,5.04731102945213164e-13
5.44038469638174214e-24,5.04731102945213164e-13
5.47453820863953555e-24,5.04731102945213164e-13
5.50890612897042659e-24,5.04731102945213164e-13
5.54348980338006122e-24,5.04731102945213164e-13
5.57829058632407075e-24,5.04731102945213164e-13
5.61330984076105644e-24,5.04731102945213164e-13
5.64854893820589763e-24,5.04731102945213164e-13
5.68400925878360722e-24,5.04731102945213164e-13
5.71969219128328585e-24,5.04731102945213164e-13
5.75559913321256587e-24,5.04731102945213164e-13
5.79173149085224792e-24,5.04731102945213164e-13
5.82809067931151719e-24,5.04731102945213164e-13
5.86467812258327336e-24,5.04731102945213164e-13
5.90149525359994644e-24,5.04731102945213164e-13
5.9385435142895225e-24,5.04731102945213164e-13
5.97582435563216093e-24,5.04731102945213164e-13
6.0133392377169223e-24,5.04731102945213164e-13
6.05108962979900332e-24,5.04731102945213164e-13
6.08907701035718249e-24,5.04731102945213164e-13
6.12730286715186609e-24,5.04731102945213164e-13
6.16576869728329029e-24,5.04731102945213164e-13
6.20447600725007124e-24,5.04731102945213164e-13
6.24342631300836252e-24,5.04731102945213164e-13
6.28262114003112383e-24,5.04731102945213164e-13
6.32206202336791587e-24,5.04731102945213164e-13
6.36175050770492002e-24,5.04731102945213164e-13
6.40168814742558679e-24,5.04731102945213164e-13
6.4418765066714096e-24,5.04731102945213164e-13
6.48231715940323985e-24,5.04731102945213164e-13
6.52301168946281881e-24,5.04731102945213164e-13
6.56396169063497146e-24,5.04731102945213164e-13
6.60516876670991935e-24,5.04731102945213164e-13
6.64663453154614495e-24,5.04731102945213164e-13
6.6883606091334903e-24,5.04731102945213164e-13
6.73034863365692215e-24,5.04731102945213164e-13
6.77260024956042659e-24,5.04731102945213164e-13
6.81511711161146526e-24,5.04731102945213164e-13
6.85790088496567697e-24,5.04731102945213164e-13
6.90095324523225451e-24,5.04731102945213164e-13
6.94427587853949193e-24,5.04731102945213164e-13
6.98787048160072933e-24,5.04731102945213164e-13
7.03173876178098008e-24,5.04731102945213164e-13
7.07588243716368026e-24,5.04731102945213164e-13
7.12030323661803769e-24,5.04731102945213164e-13
7.16500289986662545e-24,5.04731102945213164e-13
7.20998317755369173e-24,5.04731102945213164e-13
7.25524583131360612e-24,5.04731102945213164e-13
7.30079263383991178e-24,5.04731102945213164e-13
7.34662536895463473e-24,5.04731102945213164e-13
7.3927458316783237e-24,5.04731102945213164e-13
7.43915582830023503e-24,5.04731102945213164e-13
7.48585717644913141e-24,5.04731102945213164e-13
7.53285170516434873e-24,5.04731102945213164e-13
7.58014125496761402e-24,5.04731102945213164e-13
7.62772767793503689e-24,5.04731102945213164e-13
7.67561283776954586e-24,5.04731102945213164e-13
7.72379860987407892e-24,5.04731102945213164e-13
7.77228688142489391e-24,5.04731102945213164e-13
7.82107955144555424e-24,5.04731102945213164e-13
7.87017853088116699e-24,5.04731102945213164e-13
7.91958574267342096e-24,5.04731102945213164e-13
7.96930312183576667e-24,5.04731102945213164e-13
8.01933261552927007e-24,5.04731102945213164e-13
8.06967618313873605e-24,5.04731102945213164e-13
8.12033579634964605e-24,5.04731102945213164e-13
8.17131343922524552e-24,5.04731102945213164e-13
8.22261110828431619e-24,5.04731102945213164e-13
8.2742308125792401e-24,5.04731102945213164e-13
8.32617457377487469e-24,5.04731102945213164e-13
8.37844442622763453e-24,5.04731102945213164e-13
8.43104241706506843e-24,5.04731102945213164e-13
8.48397060626623177e-24,5.04731102945213164e-13
8.53723106674223076e-24,5.04731102945213164e-13
8.59082588441747825e-24,5.04731102945213164e-13
8.64475715831124463e-24,5.04731102945213164e-13
8.69902700062007644e-24,5.04731102945213164e-13
8.75363753680038533e-24,5.04731102945213164e-13
8.80859090565175023e-24,5.04731102945213164e-13
8.86388925940054764e-24,5.04731102945213164e-13
8.91953476378445442e-24,5.04731102945213164e-13
8.97552959813713041e-24,5.04731102945213164e-13
9.03187595547363158e-24,5.04731102945213164e-13
9.08857604257616549e-24,5.04731102945213164e-13
9.14563208008072876e-24,5.04731102945213164e-13
9.20304630256397484e-24,5.04731102945213164e-13
9.26082095863061192e-24,5.04731102945213164e-13
9.31895831100170009e-24,5.04731102945213164e-13
9.37746063660311112e-24,5.04731102945213164e-13
9.43633022665478642e-24,5.04731102945213164e-13
9.49556938676031699e-24,5.04731102945213164e-13
9.5551804369974683e-24,5.04731102945213164e-13
9.61516571200889621e-24,5.04731102945213164e-13
9.6755275610936532e-24,5.04731102945213164e-13
9.73626834829905125e-24,5.04731102945213164e-13
9.79739045251347449e-24,5.04731102945213164e-13
9.85889626755939216e-24,5.04731102945213164e-13
9.9207882022872e-24,5.04731102945213164e-13
9.98306868066938651e-24,5.04731102945213164e-13
1.00457401418957217e-23,5.04731102945213164e-13
1.01088050404686571e-23,5.04731102945213164e-13
1.01722658462993366e-23,5.04731102945213164e-13
1.02361250448045773e-23,5.04731102945213164e-13
1.03003851370040398e-23,5.04731102945213164e-13
1.0365048639618268e-23,5.04731102945213164e-13
1.04301180851670834e-23,5.04731102945213164e-13
1.04955960220690263e-23,5.04731102945213164e-13
1.0561485014740993e-23,5.04731102945213164e-13
1.06277876436987561e-23,5.04731102945213164e-13
1.06945065056578549e-23,5.04731102945213164e-13
1.07616442136355557e-23,5.04731102945213164e-13
1.08292033970530187e-23,5.04731102945213164e-13
1.08971867018383596e-23,5.04731102945213164e-13
1.0965596790530107e-23,5.04731102945213164e-13
1.10344363423817361e-23,5.04731102945213164e-13
1.11037080534664358e-23,5.04731102945213164e-13
1.11734146367827746e-23,5.04731102945213164e-13
1.1243558822360784e-23,5.04731102945213164e-13
1.13141433573691456e-23,5.04731102945213164e-13
1.1385171006222651e-23,5.04731102945213164e-13
1.1456644550690325e-23,5.04731102945213164e-13
1.15285667900046544e-23,5.04731102945213164e-13
1.16009405409710296e-23,5.04731102945213164e-13
1.16737686380781603e-23,5.04731102945213164e-13
1.17470539336088989e-23,5.04731102945213164e-13
1.18207992977522277e-23,5.04731102945213164e-13
1.18950076187154864e-23,5.04731102945213164e-13
1.19696818028375742e-23,5.04731102945213164e-13
1.20448247747025946e-23,5.04731102945213164e-13
1.21204394772546704e-23,5.04731102945213164e-13
1.21965288719130236e-23,5.04731102945213164e-13
1.22730959386880475e-23,5.04731102945213164e-13
1.23501436762978222e-23,5.04731102945213164e-13
1.24276751022858548e-23,5.04731102945213164e-13
1.25056932531391119e-23,5.04731102945213164e-13
1.25842011844067942e-23,5.04731102945213164e-13
1.2663201970820301e-23,5.04731102945213164e-13
1.27426987064134593e-23,5.04731102945213164e-13
1.28226945046437907e-23,5.04731102945213164e-13
1.29031924985142516e-23,5.04731102945213164e-13
1.29841958406962413e-23,5.04731102945213164e-13
1.30657077036528688e-23,5.04731102945213164e-13
1.31477312797633095e-23,5.04731102945213164e-13
1.3230269781447613e-23,5.04731102945213164e-13
1.33133264412928448e-23,5.04731102945213164e-13
1.33969045121794669e-23,5.04731102945213164e-13
1.34810072674088552e-23,5.04731102945213164e-13
1.35656380008312658e-23,5.04731102945213164e-13
1.36508000269751729e-23,5.04731102945213164e-13
1.3736496681176917e-23,5.04731102945213164e-13
1.38227313197111604e-23,5.04731102945213164e-13
1.39095073199226723e-23,5.04731102945213164e-13
1.39968280803583813e-23,5.04731102945213164e-13
1.40846970209005794e-23,5.04731102945213164e-13
1.41731175829006446e-23,5.04731102945213164e-13
1.42620932293141557e-23,5.04731102945213164e-13
1.4351627444836289e-23,5.04731102945213164e-13
1.4441723736038421e-23,5.04731102945213164e-13
1.45323856315052037e-23,5.04731102945213164e-13
1.46236166819731373e-23,5.04731102945213164e-13
1.47154204604693915e-23,5.04731102945213164e-13
1.48078005624518495e-23,5.04731102945213164e-13
1.49007606059496933e-23,5.04731102945213164e-13
1.49943042317054612e-23,5.04731102945213164e-13
1.50884351033174563e-23,5.04731102945213164e-13
1.51831569073830385e-23,5.04731102945213164e-13
1.52784733536433897e-23,5.04731102945213164e-13
1.53743881751285446e-23,5.04731102945213164e-13
1.54709051283037271e-23,5.04731102945213164e-13
1.55680279932162208e-23,5.04731102945213164e-13
1.5665760573643776e-23,5.04731102945213164e-13
1.57641066972433503e-23,5.04731102945213164e-13
1.58630702157011317e-23,5.04731102945213164e-13
1.5962655004883138e-23,5.04731102945213164e-13
1.60628649649873884e-23,5.04731102945213164e-13
1.61637040206964155e-23,5.04731102945213164e-13
1.62651761213310833e-23,5.04731102945213164e-13
1.6367285241005009e-23,5.04731102945213164e-13
1.64700353787806022e-23,5.04731102945213164e-13
1.65734305588254901e-23,5.04731102945213164e-13
1.66774748305699109e-23,5.04731102945213164e-13
1.67821722688657228e-23,5.04731102945213164e-13
1.68875269741457164e-23,5.04731102945213164e-13
1.69935430725843587e-23,5.04731102945213164e-13
1.71002247162590843e-23,5.04731102945213164e-13
1.72075760833133682e-23,5.04731102945213164e-13
1.73156013781200393e-23,5.04731102945213164e-13
1.74243048314461235e-23,5.04731102945213164e-13
1.75336907006182242e-23,5.04731102945213164e-13
1.76437632696897067e-23,5.04731102945213164e-13
1.7754526849608183e-23,5.04731102945213164e-13
1.78659857783845081e-23,5.04731102945213164e-13
1.79781444212623596e-23,5.04731102945213164e-13
1.80910071708896633e-23,5.04731102945213164e-13
1.82045784474903289e-23,5.04731102945213164e-13
1.83188626990375115e-23,5.04731102945213164e-13
1.84338644014275118e-23,5.04731102945213164e-13
1.85495880586555307e-23,5.04731102945213164e-13
1.86660382029918443e-23,5.04731102945213164e-13
1.87832193951590644e-23,5.04731102945213164e-13
1.89011362245112281e-23,5.04731102945213164e-13
1.90197933092132327e-23,5.04731102945213164e-13
1.91391952964218507e-23,5.04731102945213164e-13
1.92593468624674234e-23,5.04731102945213164e-13
1.93802527130374825e-23,5.04731102945213164e-13
1.95019175833607281e-23,5.04731102945213164e-13
1.96243462383926416e-23,5.04731102945213164e-13
1.9747543473001783e-23,5.04731102945213164e-13
1.9871514112158057e-23,5.04731102945213164e-13
1.99962630111213743e-23,5.04731102945213164e-13
2.01217950556319468e-23,5.04731102945213164e-13
2.02481151621013273e-23,5.04731102945213164e-13
2.03752282778054346e-23,5.04731102945213164e-13
2.050313938107808e-23,5.04731102945213164e-13
2.06318534815056865e-23,5.04731102945213164e-13
2.07613756201239803e-23,5.04731102945213164e-13
2.08917108696150921e-23,5.04731102945213164e-13
2.10228643345064044e-23,5.04731102945213164e-13
2.11548411513701104e-23,5.04731102945213164e-13
2.12876464890249105e-23,5.04731102945213164e-13
2.14212855487380993e-23,5.04731102945213164e-13
2.15557635644294453e-23,5.04731102945213164e-13
2.16910858028758307e-23,5.04731102945213164e-13
2.18272575639180339e-23,5.04731102945213164e-13
2.19642841806679637e-23,5.04731102945213164e-13
2.21021710197176909e-23,5.04731102945213164e-13
2.22409234813492735e-23,5.04731102945213164e-13
2.2380546999746805e-23,5.04731102945213164e-13
2.25210470432089559e-23,5.04731102945213164e-13
2.26624291143628815e-23,5.04731102945213164e-13
2.28046987503802619e-23,5.04731102945213164e-13
2.29478615231938069e-23,5.04731102945213164e-13
2.30919230397156632e-23,5.04731102945213164e-13
2.32368889420566256e-23,5.04731102945213164e-13
2.33827649077476787e-23,5.04731102945213164e-13
2.35295566499619717e-23,5.04731102945213164e-13
2.36772699177387703e-23,5.04731102945213164e-13
2.38259104962082286e-23,5.04731102945213164e-13
2.397548420681853e-23,5.04731102945213164e-13
2.41259969075635149e-23,5.04731102945213164e-13
2.42774544932122835e-23,5.04731102945213164e-13
2.44298628955396755e-23,5.04731102945213164e-13
2.45832280835591799e-23,5.04731102945213164e-13
2.47375560637564092e-23,5.04731102945213164e-13
2.48928528803240413e-23,5.04731102945213164e-13
2.5049124615399137e-23,5.04731102945213164e-13
2.52063773893009537e-23,5.04731102945213164e-13
2.53646173607708343e-23,5.04731102945213164e-13
2.55238507272130024e-23,5.04731102945213164e-13
2.56840837249379071e-23,5.04731102945213164e-13
2.58453226294060504e-23,5.04731102945213164e-13
2.60075737554739697e-23,5.04731102945213164e-13
2.61708434576411324e-23,5.04731102945213164e-13
2.63351381302994431e-23,5.04731102945213164e-13
2.6500464207983262e-23,5.04731102945213164e-13
2.66668281656216072e-23,5.04731102945213164e-13
2.68342365187913249e-23,5.04731102945213164e-13
2.70026958239729235e-23,5.04731102945213164e-13
2.71722126788070074e-23,5.04731102945213164e-13
2.73427937223523663e-23,5.04731102945213164e-13
2.75144456353466314e-23,5.04731102945213164e-13
2.76871751404675047e-23,5.04731102945213164e-13
2.7860989002596251e-23,5.04731102945213164e-13
2.80358940290822035e-23,5.04731102945213164e-13
2.82118970700100387e-23,5.04731102945213164e-13
2.83890050184676175e-23,5.04731102945213164e-13
2.85672248108161724e-23,5.04731102945213164e-13
2.87465634269615027e-23,5.04731102945213164e-13
2.89270278906280404e-23,5.04731102945213164e-13
2.91086252696334494e-23,5.04731102945213164e-13
2.92913626761657083e-23,5.04731102945213164e-13
2.94752472670611365e-23,5.04731102945213164e-13
2.9660286244085418e-23,5.04731102945213164e-13
2.98464868542151995e-23,5.04731102945213164e-13
3.0033856389922137e-23,5.04731102945213164e-13
3.02224021894580094e-23,5.04731102945213164e-13
3.04121316371428542e-23,5.04731102945213164e-13
3.06030521636538299e-23,5.04731102945213164e-13
3.07951712463158259e-23,5.04731102945213164e-13
3.09884964093950825e-23,5.04731102945213164e-13
3.11830352243933545e-23,5.04731102945213164e-13
3.13787953103447246e-23,5.04731102945213164e-13
3.15757843341134644e-23,5.04731102945213164e-13
3.17740100106950896e-23,5.04731102945213164e-13
3.19734801035179818e-23,5.04731102945213164e-13
3.21742024247477255e-23,5.04731102945213164e-13
3.23761848355925227e-23,5.04731102945213164e-13
3.25794352466118779e-23,5.04731102945213164e-13
3.2783961618025863e-23,5.04731102945213164e-13
3.29897719600271653e-23,5.04731102945213164e-13
3.31968743330942653e-23,5.04731102945213164e-13
3.34052768483079025e-23,5.04731102945213164e-13
3.36149876676683745e-23,5.04731102945213164e-13
3.38260150044147724e-23,5.04731102945213164e-13
3.40383671233474491e-23,5.04731102945213164e-13
3.42520523411511931e-23,5.04731102945213164e-13
3.44670790267212173e-23,5.04731102945213164e-13
3.4683455601490341e-23,5.04731102945213164e-13
3.490119053975968e-23,5.04731102945213164e-13
3.51202923690299493e-23,5.04731102945213164e-13
3.53407696703357702e-23,5.04731102945213164e-13
3.55626310785811122e-23,5.04731102945213164e-13
3.57858852828783711e-23,5.04731102945213164e-13
3.60105410268880966e-23,5.04731102945213164e-13
3.62366071091617176e-23,5.04731102945213164e-13
3.64640923834855488e-23,5.04731102945213164e-13
3.66930057592284319e-23,5.04731102945213164e-13
3.69233562016902232e-23,5.04731102945213164e-13
3.71551527324524705e-23,5.04731102945213164e-13
3.73884044297326178e-23,5.04731102945213164e-13
3.76231204287389867e-23,5.04731102945213164e-13
3.78593099220288243e-23,5.04731102945213164e-13
3.80969821598677337e-23,5.04731102945213164e-13
3.83361464505928591e-23,5.04731102945213164e-13
3.85768121609768411e-23,5.04731102945213164e-13
3.88189887165949777e-23,5.04731102945213164e-13
3.90626856021937359e-23,5.04731102945213164e-13
3.93079123620631448e-23,5.04731102945213164e-13
3.95546786004100147e-23,5.04731102945213164e-13
3.98029939817343379e-23,5.04731102945213164e-13
4.00528682312071969e-23,5.04731102945213164e-13
4.03043111350525982e-23,5.04731102945213164e-13
4.05573325409302597e-23,5.04731102945213164e-13
4.08119423583208014e-23,5.04731102945213164e-13
4.10681505589148308e-23,5.04731102945213164e-13
4.13259671770028171e-23,5.04731102945213164e-13
4.15854023098684295e-23,5.04731102945213164e-13
4.1846466118183296e-23,5.04731102945213164e-13
4.21091688264059715e-23,5.04731102945213164e-13
4.23735207231816943e-23,5.04731102945213164e-13
4.26395321617456775e-23,5.04731102945213164e-13
4.2907213560327895e-23,5.04731102945213164e-13
4.31765754025621414e-23,5.04731102945213164e-13
4.34476282378959485e-23,5.04731102945213164e-13
4.37203826820040816e-23,5.04731102945213164e-13
4.39948494172035811e-23,5.04731102945213164e-13
4.42710391928732217e-23,5.04731102945213164e-13
4.45489628258739568e-23,5.04731102945213164e-13
4.48286312009720252e-23,5.04731102945213164e-13
4.51100552712663056e-23,5.04731102945213164e-13
4.53932460586166114e-23,5.04731102945213164e-13
4.56782146540756959e-23,5.04731102945213164e-13
4.59649722183228801e-23,5.04731102945213164e-13
4.625352998210228e-23,5.04731102945213164e-13
4.65438992466619317e-23,5.04731102945213164e-13
4.68360913841967265e-23,5.04731102945213164e-13
4.71301178382930954e-23,5.04731102945213164e-13
4.74259901243782937e-23,5.04731102945213164e-13
4.77237198301706385e-23,5.04731102945213164e-13
4.80233186161337538e-23,5.04731102945213164e-13
4.83247982159324314e-23,5.04731102945213164e-13
4.86281704368933693e-23,5.04731102945213164e-13
4.89334471604670093e-23,5.04731102945213164e-13
4.92406403426922577e-23,5.04731102945213164e-13
4.95497620146659714e-23,5.04731102945213164e-13
4.98608242830133019e-23,5.04731102945213164e-13
5.01738393303622991e-23,5.04731102945213164e-13
5.04888194158201755e-23,5.04731102945213164e-13
5.08057768754547065e-23,5.04731102945213164e-13
5.11247241227764897e-23,5.04731102945213164e-13
5.14456736492255963e-23,5.04731102945213164e-13
5.1768638024659895e-23,5.04731102945213164e-13
5.20936298978486391e-23,5.04731102945213164e-13
5.24206619969669936e-23,5.04731102945213164e-13
5.27497471300949747e-23,5.04731102945213164e-13
5.30808981857181864e-23,5.04731102945213164e-13
5.34141281332339033e-23,5.04731102945213164e-13
5.37494500234581384e-23,5.04731102945213164e-13
5.40868769891372216e-23,5.04731102945213164e-13
5.44264222454612416e-23,5.04731102945213164e-13
5.47680990905829584e-23,5.04731102945213164e-13
5.51119209061379337e-23,5.04731102945213164e-13
5.54579011577679626e-23,5.04731102945213164e-13
5.58060533956497807e-23,5.04731102945213164e-13
5.61563912550248692e-23,5.04731102945213164e-13
5.65089284567339179e-23,5.04731102945213164e-13
5.6863678807753282e-23,5.04731102945213164e-13
5.72206562017371063e-23,5.04731102945213164e-13
5.75798746195605285e-23,5.04731102945213164e-13
5.79413481298677102e-23,5.04731102945213164e-13
5.83050908896219258e-23,5.04731102945213164e-13
5.86711171446613618e-23,5.04731102945213164e-13
5.90394412302561287e-23,5.04731102945213164e-13
5.94100775716702201e-23,5.04731102945213164e-13
5.97830406847254286e-23,5.04731102945213164e-13
6.01583451763713699e-23,5.04731102945213164e-13
6.05360057452567952e-23,5.04731102945213164e-13
6.09160371823045383e-23,5.04731102945213164e-13
6.12984543712922303e-23,5.04731102945213164e-13
6.16832722894343155e-23,5.07104641711081665e-13
6.2070506007969052e-23,5.09863789428001978e-13
6.24601706927477845e-23,5.12637949620647472e-13
6.28522816048304015e-23,5.1542720397164274e-13
6.32468541010820934e-23,5.18231634608046362e-13
6.36439036347752212e-23,5.21051324103770651e-13
6.40434457561935337e-23,5.23886355482002907e-13
6.44454961132427587e-23,5.26736812217671012e-13
6.48500704520624179e-23,5.29602778239879729e-13
6.52571846176429687e-23,5.3248433793439518e-13
6.56668545544454198e-23,5.3538157614611618e-13
6.60790963070272829e-23,5.38294578181594258e-13
6.64939260206702155e-23,5.41223429811526e-13
6.69113599420115009e-23,5.44168217273280531e-13
6.73314144196819783e-23,5.47129027273447101e-13
6.77541059049452467e-23,5.50105946990388816e-13
6.8179450952342512e-23,5.53099064076800219e-13
6.86074662203398437e-23,5.56108466662288187e-13
6.90381684719822482e-23,5.59134243355978076e-13
6.94715745755490796e-23,5.62176483249111285e-13
6.9907701505215244e-23,5.65235275917682392e-13
7.03465663417148521e-23,5.6831071142505389e-13
7.07881862730118525e-23,5.71402880324630177e-13
7.12325785949721281e-23,5.74511873662511063e-13
7.16797607120413867e-23,5.7763778298018576e-13
7.21297501379256637e-23,5.8078070031720506e-13
7.25825644962789563e-23,5.83940718213914812e-13
7.3038221521392638e-23,5.87117929714169095e-13
7.34967390588890876e-23,5.90312428368071773e-13
7.39581350664223494e-23,5.93524308234731468e-13
7.44224276143803079e-23,5.96753663885030582e-13
7.48896348865929835e-23,6.00000590404410263e-13
7.53597751810434797e-23,6.03265183395669813e-13
7.58328669105864393e-23,6.06547538981781852e-13
7.63089286036679657e-23,6.09847753808722318e-13
7.67879789050518791e-23,6.13165925048316326e-13
7.72700365765487255e-23,6.16502150401099271e-13
7.7755120497752396e-23,6.1985652809919338e-13
7.8243249666778311e-23,6.23229156909200424e-13
7.87344432010081431e-23,6.2662013613511179e-13
7.922872033783719e-23,6.26644604936553385e-13
7.97261004354297752e-23,6.26641750767480472e-13
8.02266029734764409e-23,6.26638896611409904e-13
8.0730247553955836e-23,6.26636042468336634e-13
8.123705390190443e-23,6.26633188338263085e-13
8.17470418661877284e-23,6.26630334221191781e-13
8.22602314202782412e-23,6.26627480117117472e-13
8.27766426630364679e-23,6.26624626026042782e-13
8.32962958195000486e-23,6.26621771947970035e-13
8.38192112416745305e-23,6.26618917882894283e-13
8.43454094093311151e-23,6.26616063830817847e-13
8.48749109308073454e-23,6.26613209791740628e-13
8.54077365438163508e-23,6.26610355765665351e-13
8.59439071162575946e-23,6.26607501752586665e-13
8.64834436470348907e-23,6.26604647752507093e-13
8.70263672668773495e-23,6.26601793765429161e-13
8.75726992391691837e-23,6.26598939791347618e-13
8.81224609607809151e-23,6.26596085830265089e-13
8.8675673962908243e-23,6.26593231882183998e-13
8.92323599119137402e-23,6.26590377947099194e-13
8.97925406101776359e-23,6.26587524025013202e-13
9.0356237996950606e-23,6.26584670115928446e-13
9.09234741492119279e-23,6.26581816219839876e-13
9.1494271282536255e-23,6.26578962336749816e-13
9.20686517519622857e-23,6.2657610846666079e-13
9.26466380528689919e-23,6.26573254609567849e-13
9.32282528218551671e-23,6.26570400765473215e-13
9.38135188376281893e-23,6.2656754693437699e-13
9.44024590218946761e-23,6.26564693116281596e-13
9.49950964402589531e-23,6.26561839311181884e-13
9.55914543031248544e-23,6.26558985519080379e-13
9.61915559666071035e-23,6.26556131739979503e-13
9.6795424933444435e-23,6.26553277973874208e-13
9.74030848539209213e-23,6.26550424220766918e-13
9.8014559526790606e-23,6.26547570480660156e-13
9.86298729002119315e-23,6.26544716753548672e-13
9.92490490726845402e-23,6.24653173691726906e-13
9.98721122939917794e-23,6.20732798553281629e-13
1.0049908696615294e-22,6.16837028014436614e-13
1.0112999764437727e-22,6.12965707654681127e-13
1.01764869038026555e-22,6.09118684022657795e-13
1.02403726011581105e-22,6.05295804630097692e-13
1.03046593585616132e-22,6.01496917945743509e-13
1.03693496937779959e-22,5.97721873389373197e-13
1.04344461403780965e-22,5.93970521325806237e-13
1.04999512478378134e-22,5.90242713059001901e-13
1.05658675816382085e-22,5.86538300826131461e-13
1.06321977233658138e-22,5.82857137791749758e-13
1.06989442708138277e-22,5.79199078041951217e-13
1.0766109838083676e-22,5.75563976578614721e-13
1.08336970556876601e-22,5.7195168931362264e-13
1.09017085706518443e-22,5.68362073063175983e-13
1.09701470466195959e-22,5.64794985542106718e-13
1.10390151639561698e-22,5.61250285358242613e-13
1.11083156198535039e-22,5.5772783200679579e-13
1.11780511284359524e-22,5.54227485864795918e-13
1.12482244208663899e-22,5.50749108185571473e-13
1.13188382454534582e-22,5.4729256109322109e-13
1.13898953677590123e-22,5.43857707577174796e-13
1.14613985707065381e-22,5.40444411486741403e-13
1.15333506546899405e-22,5.37052537525738292e-13
1.16057544376835144e-22,5.33681951247097375e-13
1.16786127553521101e-22,5.30332519047562537e-13
1.17519284611623036e-22,5.27004108162371827e-13
1.18257044264939372e-22,5.2369658666002124e-13
1.1899943540752883e-22,5.2040982343700457e-13
1.1974648711484048e-22,5.17143688212640901e-13
1.20498228644851085e-22,5.1389805152389938e-13
1.21254689439213918e-22,5.10672784720271949e-13
1.22015899124409758e-22,5.07467759958667684e-13
1.22781887512908351e-22,5.04282850198347528e-13
1.23552684604333905e-22,5.01117929195902943e-13
1.24328320586642999e-22,4.99603656431878258e-13
1.25108825837304904e-22,4.99601380894366864e-13
1.25894230924492414e-22,4.99599105367221784e-13
1.26684566608276831e-22,4.99596829850438979e-13
1.27479863841835789e-22,4.99594554344020368e-13
1.28280153772663585e-22,4.9959227884796807e-13
1.29085467743791954e-22,4.99590003362277947e-13
1.29895837295015518e-22,4.99587727886951916e-13
1.30711294164130337e-22,4.99585452421991996e-13
1.3153187028817513e-22,4.99583176967394049e-13
1.32357597804680609e-22,4.99580901523160093e-13
1.33188509052931224e-22,4.99578626089290028e-13
1.3402463657522974e-22,4.99576350665785973e-13
1.34866013118172691e-22,4.99574075252643689e-13
1.35712671633930708e-22,4.99571799849865194e-13
1.36564645281542429e-22,4.99569524457452407e-13
1.37421967428210905e-22,4.9956724907540139e-13
1.38284671650611571e-22,4.99564973703713961e-13
1.39152791736204984e-22,4.99562698342392139e-13
1.40026361684563475e-22,4.99560422991431885e-13
1.40905415708700522e-22,4.99558147650835218e-13
1.41789988236411715e-22,4.99555872320603957e-13
1.42680113911620918e-22,4.99553597000734062e-13
1.43575827595740491e-22,4.99551321691227552e-13
1.44477164369034319e-22,4.99549046392086346e-13
1.45384159531992923e-22,4.99546771103306507e-13
1.46296848606713533e-22,4.9954449582488975e-13
1.47215267338294962e-22,4.99542220556836278e-13
1.48139451696235652e-22,4.99539945299147908e-13
1.49069437875840768e-22,4.99537670051820602e-13
1.50005262299643164e-22,4.99535394814856276e-13
1.50946961618827643e-22,4.99533119588257054e-13
1.51894572714667471e-22,4.99530844372018793e-13
1.52848132699966462e-22,4.99528569166143312e-13
1.5380767892051609e-22,4.99526293970632732e-13
1.54773248956555671e-22,4.99524018785482912e-13
1.55744880624245507e-22,4.99521743610695871e-13
1.56722611977145295e-22,4.9951946844627363e-13
1.57706481307708399e-22,4.99517193292211947e-13
1.5869652714877886e-22,4.99514918148512842e-13
1.59692788275102028e-22,4.99512643015176315e-13
1.60695303704840333e-22,4.99510367892204385e-13
1.61704112701105468e-22,4.99508092779592912e-13
1.62719254773494105e-22,4.99505817677343816e-13
1.63740769679633279e-22,4.99503542585459114e-13
1.64768697426741529e-22,4.99501267503934668e-13
1.65803078273192956e-22,4.99498992432772598e-13
1.66843952730095457e-22,4.99496717371974722e-13
1.67891361562874451e-22,4.994944423215371e-13
1.68945345792873646e-22,4.99492167281461552e-13
1.70005946698958742e-22,4.99489892251750096e-13
1.71073205819135664e-22,4.99487617232398694e-13
1.72147164952174484e-22,4.99485342223409264e-13
1.73227866159250648e-22,4.99483067224783825e-13
1.74315351765589477e-22,4.99480792236518238e-13
1.75409664362125341e-22,4.99478517258614521e-13
1.76510846807166703e-22,4.99476242291072676e-13
1.77618942228079005e-22,4.99473967333894519e-13
1.78733994022971642e-22,4.99471692387076113e-13
1.79856045862395365e-22,4.99469417450619376e-13
1.80985141691057051e-22,4.99467142524526226e-13
1.82121325729537826e-22,4.99464867608792726e-13
1.83264642476026391e-22,4.99462592703420693e-13
1.84415136708058858e-22,4.99460317808412146e-13
1.8557285348427696e-22,4.99458042923762947e-13
1.86737838146189575e-22,4.99455768049475214e-13
1.8791013631995025e-22,4.99453493185550867e-13
1.89089793918140905e-22,4.99451218331985766e-13
1.90276857141574711e-22,4.9944894348878193e-13
1.91471372481102281e-22,4.99446668655941277e-13
1.92673386719434239e-22,4.99444393833459669e-13
1.93882946932970081e-22,4.99442119021339224e-13
1.95100100493646818e-22,4.99439844219579944e-13
1.96324895070791771e-22,5.00879069018319084e-13
1.97557378632987239e-22,5.0379872429502927e-13
1.98797599449953821e-22,5.06735398424117323e-13
2.00045606094437896e-22,5.09689190609531318e-13
2.01301447444115319e-22,5.12660200633493498e-13
2.02565172683502637e-22,5.15648528859850502e-13
2.03836831305888138e-22,5.1865427623748427e-13
2.05116473115267054e-22,5.21677544303712148e-13
2.06404148228293766e-22,5.247184351877188e-13
2.07699907076241184e-22,5.27777051614005991e-13
2.09003800406980955e-22,5.30853496905863474e-13
2.10315879286967602e-22,5.33947874988858454e-13
2.11636195103240289e-22,5.3706029039434919e-13
2.12964799565431802e-22,5.40190848263004956e-13
2.14301744707798992e-22,5.43339654348379413e-13
2.15647082891258133e-22,5.46506815020464097e-13
2.17000866805432833e-22,5.49692437269283198e-13
2.18363149470723069e-22,5.52896628708519042e-13
2.19733984240377988e-22,5.56119497579136355e-13
2.21113424802587406e-22,5.59361152753052372e-13
2.22501525182580792e-22,5.62621703736791701e-13
2.23898339744748599e-22,5.65901260675208432e-13
2.25303923194767779e-22,5.6919993435519583e-13
2.26718330581746146e-22,5.72517836209430457e-13
2.28141617300374661e-22,5.75855078320137196e-13
2.29573839093102547e-22,5.79211773422875076e-13
2.31015052052316514e-22,5.8258803491034582e-13
2.32465312622539849e-22,5.8598397683622642e-13
2.33924677602638726e-22,5.89399713919010598e-13
2.35393204148052984e-22,5.9283536154590742e-13
2.36870949773031286e-22,5.96291035776718201e-13
2.38357972352880977e-22,5.9976685334775895e-13
2.39854330126240462e-22,6.03262931675816638e-13
2.41360081697356269e-22,6.06779388862102538e-13
2.42875286038380215e-22,6.10316343696257573e-13
2.44400002491675102e-22,6.13873915660339885e-13
2.45934290772144593e-22,6.17452224932885816e-13
2.47478210969568192e-22,6.21051392392957457e-13
2.49031823550956568e-22,6.24671539624228472e-13
2.50595189362915562e-22,6.28312788919091318e-13
2.52168369634035438e-22,6.31975263282788409e-13
2.53751425977284731e-22,6.35659086437567502e-13
2.55344420392425496e-22,6.39364382826863448e-13
2.56947415268437096e-22,6.41766508656708653e-13
2.58560473385966034e-22,6.41766508656708653e-13
2.60183657919780589e-22,6.41766508656708653e-13
2.61817032441247157e-22,6.41766508656708653e-13
2.63460660920815527e-22,6.41766508656708653e-13
2.65114607730531018e-22,6.41766508656708653e-13
2.66778937646551921e-22,6.41766508656708653e-13
2.68453715851683693e-22,6.41766508656708653e-13
2.70139007937937902e-22,6.41766508656708653e-13
2.71834879909096914e-22,6.41766508656708653e-13
2.73541398183301262e-22,6.41766508656708653e-13
2.75258629595646194e-22,6.41766508656708653e-13
2.76986641400805945e-22,6.41766508656708653e-13
2.78725501275663504e-22,6.41766508656708653e-13
2.80475277321963159e-22,6.41766508656708653e-13
2.82236038068973288e-22,6.41766508656708653e-13
2.84007852476176967e-22,6.41766508656708653e-13
2.85790789935968333e-22,6.41766508656708653e-13
2.87584920276372478e-22,6.41766508656708653e-13
2.89390313763775638e-22,6.41766508656708653e-13
2.91207041105684212e-22,6.41766508656708653e-13
2.93035173453490397e-22,6.41766508656708653e-13
2.94874782405255234e-22,6.41766508656708653e-13
2.96725940008519938e-22,6.41766508656708653e-13
2.98588718763122718e-22,6.41766508656708653e-13
3.00463191624040802e-22,6.41766508656708653e-13
3.02349432004242653e-22,6.41766508656708653e-13
3.04247513777570428e-22,6.41766508656708653e-13
3.06157511281628599e-22,6.41766508656708653e-13
3.08079499320697511e-22,6.41766508656708653e-13
3.10013553168658304e-22,6.41766508656708653e-13
3.11959748571948375e-22,6.39610966541583054e-13
3.13918161752522903e-22,6.38084285011762255e-13
3.15888869410842774e-22,6.38084285011762255e-13
3.17871948728873161e-22,6.38084285011762255e-13
3.19867477373114166e-22,6.38084285011762255e-13
3.21875533497638731e-22,6.38084285011762255e-13
3.23896195747149624e-22,6.38084285011762255e-13
3.25929543260067188e-22,6.38084285011762255e-13
3.27975655671623844e-22,6.38084285011762255e-13
3.3003461311698535e-22,6.38084285011762255e-13
3.32106496234383939e-22,6.38084285011762255e-13
3.34191386168284608e-22,6.38084285011762255e-13
3.36289364572557832e-22,6.38084285011762255e-13
3.38400513613679944e-22,6.38084285011762255e-13
3.40524915973945927e-22,6.38084285011762255e-13
3.42662654854715685e-22,6.38084285011762255e-13
3.44813813979667234e-22,6.38084285011762255e-13
3.46978477598078459e-22,6.38084285011762255e-13
3.49156730488120945e-22,6.38084285011762255e-13
3.51348657960188842e-22,6.38084285011762255e-13
3.53554345860235866e-22,6.38084285011762255e-13
3.55773880573132985e-22,6.38084285011762255e-13
3.58007349026060302e-22,6.38084285011762255e-13
3.60254838691905689e-22,6.38084285011762255e-13
3.62516437592693774e-22,6.38084285011762255e-13
3.64792234303027139e-22,6.38084285011762255e-13
3.67082317953564276e-22,6.38084285011762255e-13
3.69386778234504357e-22,6.38084285011762255e-13
3.71705705399103158e-22,6.38084285011762255e-13
3.74039190267201347e-22,6.38084285011762255e-13
3.76387324228790844e-22,6.38084285011762255e-13
3.78750199247587842e-22,6.38084285011762255e-13
3.81127907864637639e-22,6.38084285011762255e-13
3.8352054320193264e-22,6.38084285011762255e-13
3.8592819896606899e-22,6.38084285011762255e-13
3.88350969451911732e-22,6.38084285011762255e-13
3.90788949546283148e-22,6.38084285011762255e-13
3.93242234731688445e-22,6.34434121768477686e-13
3.95710921090048931e-22,6.30631252570929673e-13
3.98195105306468146e-22,6.26851178197360808e-13
4.00694884673012338e-22,6.23093762013050097e-13
4.03210357092530063e-22,6.19358868202265325e-13
4.0574162108248052e-22,6.15646361763379132e-13
4.0828877577879506e-22,6.11956108503973893e-13
4.10851920939752976e-22,6.08287975036003933e-13
4.13431156949898748e-22,6.04641828770958872e-13
4.16026584823966659e-22,6.01017537915081281e-13
4.18638306210840746e-22,5.97414971464600497e-13
4.21266423397528442e-22,5.93833999200996632e-13
4.2391103931317738e-22,5.90274491686294774e-13
4.26572257533099462e-22,5.8673632025838513e-13
4.29250182282830887e-22,5.8321935702637125e-13
4.3194491844220701e-22,5.79723474865955608e-13
4.34656571549480627e-22,5.76248547414831338e-13
4.37385247805449851e-22,5.72794449068123353e-13
4.40131054077612239e-22,5.69361054973846424e-13
4.42894097904360827e-22,5.65948241028392136e-13
4.45674487499188747e-22,5.62555883872043012e-13
4.48472331754930897e-22,5.5918386088451127e-13
4.51287740248021419e-22,5.55832050180515647e-13
4.54120823242796313e-22,5.52500330605364283e-13
4.56971691695804273e-22,5.49188581730575673e-13
4.59840457260156204e-22,5.45896683849534759e-13
4.62727232289890537e-22,5.42624517973165674e-13
4.65632129844384793e-22,5.3937196582561975e-13
4.68555263692775931e-22,5.36138909840009146e-13
4.7149674831841987e-22,5.32925233154153115e-13
4.74456698923367376e-22,5.2973081960636435e-13
4.77435231432888005e-22,5.26555553731229067e-13
4.80432462500003647e-22,5.23399320755452222e-13
4.83448509510052152e-22,5.2026200659370727e-13
4.86483490585295693e-22,5.17143497844501475e-13
4.89537524589539729e-22,5.14043681786085237e-13
4.92610731132791957e-22,5.10962446372376176e-13
4.95703230575938622e-22,5.07899680228908243e-13
4.98815144035470725e-22,5.10004308104357694e-13
5.01946593388219402e-22,5.15569629806607982e-13
5.05097701276133015e-22,5.21195681987325868e-13
5.08268591111072521e-22,5.26883127355902129e-13
5.11459387079656917e-22,5.32632635853432904e-13
5.14670214148118888e-22,5.3844488473160377e-13
5.17901198067202865e-22,5.44320558632482885e-13
5.21152465377082263e-22,5.50260349669144739e-13
5.24424143412327214e-22,5.5626495750723166e-13
5.27716360306886023e-22,5.62335089447343001e-13
5.31029244999096522e-22,5.68471460508345415e-13
5.34362927236748812e-22,5.74674793511619669e-13
5.37717537582158409e-22,5.80945819166195009e-13
5.41093207417284022e-22,5.87285276154817355e-13
5.44490068948863806e-22,5.93693911220950273e-13
5.47908255213607152e-22,6.00172479256763189e-13
5.51347900083395364e-22,6.06721743392030583e-13
5.54809138270529891e-22,6.13342475084042948e-13
5.58292105332998944e-22,6.20035454208444086e-13
5.61796937679799842e-22,6.26801469151134992e-13
5.65323772576273075e-22,6.33641316901115286e-13
5.6887274814948191e-22,6.38084285011762255e-13
5.72444003393613697e-22,6.38084285011762255e-13
5.76037678175436924e-22,6.38084285011762255e-13
5.79653913239772094e-22,6.38084285011762255e-13
5.83292850214997248e-22,6.38084285011762255e-13
5.86954631618608307e-22,6.38084285011762255e-13
5.90639400862791841e-22,6.38084285011762255e-13
5.943473022600464e-22,6.38084285011762255e-13
5.98078481028824449e-22,6.38084285011762255e-13
6.01833083299234786e-22,6.38084285011762255e-13
6.05611256118755456e-22,6.38084285011762255e-13
6.09413147457998273e-22,6.38084285011762255e-13
6.13238906216493626e-22,6.38084285011762255e-13
6.17088682228537494e-22,6.38084285011762255e-13
6.20962626269048856e-22,6.38084285011762255e-13
6.24860890059480823e-22,6.38084285011762255e-13
6.28783626273751762e-22,6.38084285011762255e-13
6.32730988544240232e-22,6.38084285011762255e-13
6.36703131467794468e-22,6.38084285011762255e-13
6.40700210611779011e-22,6.38084285011762255e-13
6.44722382520183455e-22,6.38084285011762255e-13
6.48769804719742484e-22,6.38084285011762255e-13
6.52842635726110955e-22,6.38084285011762255e-13
6.56941035050061489e-22,6.38084285011762255e-13
6.61065163203747295e-22,6.38084285011762255e-13
6.65215181706978324e-22,6.38084285011762255e-13
6.69391253093552248e-22,6.38084285011762255e-13
6.73593540917609068e-22,6.38084285011762255e-13
6.77822209760053279e-22,6.38084285011762255e-13
6.82077425234988447e-22,6.38084285011762255e-13
6.86359353996209245e-22,6.38084285011762255e-13
6.90668163743716714e-22,6.36000839084757283e-13
6.95004023230303492e-22,6.28473109415526523e-13
6.99367102268151474e-22,6.21034478235625098e-13
7.03757571735487825e-22,6.13683890972000238e-13
7.08175603583266545e-22,6.06420305533580336e-13
7.12621370841919604e-22,5.99242692163515062e-13
7.1709504762812514e-22,5.92150033293187079e-13
7.21596809151617766e-22,5.85141323397976453e-13
7.26126831722068548e-22,5.78215568854673285e-13
7.30685292755977703e-22,5.71371787800640914e-13
7.35272370783629706e-22,5.6460900999459381e-13
7.39888245456072723e-22,5.57926276679072334e-13
7.44533097552173074e-22,5.51322640444499161e-13
7.49207108985683025e-22,5.4479716509486966e-13
7.53910462812371581e-22,5.38348925515027982e-13
7.58643343237181542e-22,5.31977007539526824e-13
7.63405935621462078e-22,5.25680507823008665e-13
7.68198426490216258e-22,5.19458533712143029e-13
7.73021003539412282e-22,5.13310203119073498e-13
7.77873855643322092e-22,5.07234644396387532e-13
7.82757172861937211e-22,5.01230996213504862e-13
7.87671146448403077e-22,4.98932822116681626e-13
7.92615968856499811e-22,4.98930549634609413e-13
7.97591833748198929e-22,4.98928277162887662e-13
8.02598936001234786e-22,4.9892600470151839e-13
8.07637471716743784e-22,4.98923732250497359e-13
8.12707638226931136e-22,4.98921459809826687e-13
8.17809634102819427e-22,4.98919187379508294e-13
8.22943659162012016e-22,4.98916914959538039e-13
8.28109914476525801e-22,4.98914642549918044e-13
8.33308602380652167e-22,4.98912370150650124e-13
8.38539926478902037e-22,4.98910097761730142e-13
8.43804091653966474e-22,4.98907825383160317e-13
8.49101304074747163e-22,4.98905553014940347e-13
8.5443177120441758e-22,4.98903280657072454e-13
8.59795701808568788e-22,4.98901008309552296e-13
8.65193305963375316e-22,4.98898735972381992e-13
8.70624795063812038e-22,4.98896463645563564e-13
8.76090381831954856e-22,4.98894191329092768e-13
8.81590280325297038e-22,4.98891919022971727e-13
8.87124705945140779e-22,4.98889646727202258e-13
8.92693875445018142e-22,4.98887374441780422e-13
8.98298006939201877e-22,4.98885102166708138e-13
9.03937319911233697e-22,4.98882829901987426e-13
9.09612035222527379e-22,4.98880557647614045e-13
9.15322375121003578e-22,4.98878285403590014e-13
9.21068563249817223e-22,4.98876013169917555e-13
9.26850824656099969e-22,4.98873740946592224e-13
9.3266938579978372e-22,4.98871468733616244e-13
9.38524474562452841e-22,4.98869196530989411e-13
9.44416320256292285e-22,4.98866924338713747e-13
9.50345153633058143e-22,4.98864652156785211e-13
9.5631120689310211e-22,4.98862379985205824e-13
9.62314713694488851e-22,4.98860107823977402e-13
9.68355909162132548e-22,4.98857835673096008e-13
9.74435029897012212e-22,4.9885556353256346e-13
9.80552313985423135e-22,4.98853291402381877e-13
9.86708001008324685e-22,4.9885101928254712e-13
9.92902332050707069e-22,4.98848747173061108e-13
9.99135549711042929e-22,4.9884647507392596e-13
1.00540789811077063e-21,4.98844202985137335e-13
1.01171962290388034e-21,4.98841930906697455e-13
1.01807097128651934e-21,4.98839658838608237e-13
1.02446219200668002e-21,4.98837386780865442e-13
1.0308935353739268e-21,4.98835114733471189e-13
1.0373652532692237e-21,4.98832842696425478e-13
1.04387759915478683e-21,4.98830570669730127e-13
1.05043082808399839e-21,4.98828298653381097e-13
1.05702519671142094e-21,4.98826026647380509e-13
1.06366096330283319e-21,4.98823754651730078e-13
1.07033838774535168e-21,4.98821482666425969e-13
1.07705773155759341e-21,4.98819210691469897e-13
1.0838192578999433e-21,4.98816938726864084e-13
1.09062323158484406e-21,4.9881466677260429e-13
1.09746991908717538e-21,4.98812394828692633e-13
1.10435958855467297e-21,4.98810122895130832e-13
1.1112925098184576e-21,4.98807850971915049e-13
1.11826895440358428e-21,4.98805579059047101e-13
1.12528919553968592e-21,4.9880330715652911e-13
1.132353508171656e-21,4.98801035264356833e-13
1.13946216897044415e-21,4.98798763382532392e-13
1.14661545634387775e-21,4.98796491511055585e-13
1.15381365044755216e-21,4.98794219649928431e-13
1.16105703319583052e-21,4.98791947799146891e-13
1.1683458882728664e-21,4.98789675958712985e-13
1.17568050114372359e-21,4.9878740412862853e-13
1.18306115906553668e-21,4.98785132308889588e-13
1.19048815109879055e-21,4.98782860499497977e-13
1.19796176811862217e-21,4.98780588700455918e-13
1.20548230282622184e-21,4.98778316911759069e-13
1.21305004976027776e-21,4.9877604513340945e-13
1.22066530530854043e-21,4.98773773365409182e-13
1.22832836771941085e-21,4.98771501607754022e-13
1.23603953711363192e-21,4.98769229860446092e-13
1.24379911549602163e-21,5.00439639825884489e-13
1.25160740676733147e-21,5.03284902745707049e-13
1.2594647167361287e-21,5.06146342483750392e-13
1.26737135313078335e-21,5.0902405101374387e-13
1.27532762561149874e-21,5.11918120832338262e-13
1.28333384578247177e-21,5.14828644962073914e-13
1.29139032720407989e-21,5.17755716954380075e-13
1.29949738540514669e-21,5.2069943089256858e-13
1.30765533789533037e-21,5.23659881394864492e-13
1.31586450417753834e-21,5.26637163617453702e-13
1.32412520576045043e-21,5.29631373257528714e-13
1.33243776617109001e-21,5.32642606556373209e-13
1.34080251096752628e-21,5.35670960302450844e-13
1.34921976775160355e-21,5.38716531834525451e-13
1.35768986618178208e-21,5.41779419044776401e-13
1.36621313798602787e-21,5.4485972038195374e-13
1.37478991697483668e-21,5.4795753485453828e-13
1.38342053905428599e-21,5.51072962033933088e-13
1.39210534223920202e-21,5.54206102057650233e-13
1.40084466666637463e-21,5.57357055632536206e-13
1.40963885460791379e-21,5.60525924038015813e-13
1.4184882504846361e-21,5.63712809129334057e-13
1.42739320087953802e-21,5.66917813340838807e-13
1.43635405455140274e-21,5.70141039689268721e-13
1.44537116244843772e-21,5.73382591777073981e-13
1.45444487772202986e-21,5.7664257379573229e-13
1.46357555574055324e-21,5.79921090529107068e-13
1.47276355410332263e-21,5.83218247356810806e-13
1.48200923265457492e-21,5.86534150257601732e-13
1.49131295349757481e-21,5.89868905812776042e-13
1.50067508100877064e-21,5.93222621209600516e-13
1.51009598185210358e-21,5.96595404244765537e-13
1.51957602499334136e-21,5.99987363327832445e-13
1.52911558171454342e-21,6.03398607484740575e-13
1.53871502562857455e-21,6.06829246361281682e-13
1.54837473269377661e-21,6.1027939022665887e-13
1.55809508122867322e-21,6.13749149977004035e-13
1.56787645192676774e-21,6.17238637138954266e-13
1.57771922787149088e-21,6.20747963873231889e-13
1.58762379455117837e-21,6.24277242978259639e-13
1.597590539874182e-21,6.25276097159862349e-13
1.60761985418403512e-21,6.2527324922391453e-13
1.6177121302747795e-21,6.25270401300935534e-13
1.62786776340632371e-21,6.25267553390927986e-13
1.6380871513199352e-21,6.25264705493891685e-13
1.64837069425379194e-21,6.25261857609829255e-13
1.65871879495869721e-21,6.25259009738735546e-13
1.66913185871382656e-21,6.25256161880612983e-13
1.67961029334261427e-21,6.25253314035463988e-13
1.69015450922869738e-21,6.25250466203283514e-13
1.70076491933203034e-21,6.25247618384074083e-13
1.71144193920503688e-21,6.2524477057783802e-13
1.72218598700886501e-21,6.25241922784570375e-13
1.73299748352980503e-21,6.25239075004273471e-13
1.74387685219574209e-21,6.25236227236949833e-13
1.75482451909275385e-21,6.25233379482594412e-13
1.76584091298176889e-21,6.2523053174120953e-13
1.77692646531540167e-21,6.25227684012795289e-13
1.78808161025482271e-21,6.25224836297354112e-13
1.7993067846867756e-21,6.25221988594880747e-13
1.81060242824065894e-21,6.25219140905377821e-13
1.82196898330578796e-21,6.25216293228847756e-13
1.83340689504869051e-21,6.25213445565285404e-13
1.8449166114305583e-21,6.25210597914693288e-13
1.85649858322476023e-21,6.25207750277073933e-13
1.86815326403454013e-21,6.25204902652422088e-13
1.87988111031076321e-21,6.25202055040740176e-13
1.89168258136976625e-21,6.25199207442030925e-13
1.90355813941139443e-21,6.25196359856288981e-13
1.91550824953707126e-21,6.2519351228351687e-13
1.92753337976803091e-21,6.25190664723717116e-13
1.93963400106361591e-21,6.2518781717688457e-13
1.95181058733976958e-21,6.25184969643021754e-13
1.96406361548756481e-21,6.25182122122128469e-13
1.97639356539189719e-21,6.25179274614207338e-13
1.98880091995024805e-21,6.25176427119253111e-13
2.00128616509164537e-21,6.24366501625312558e-13
2.01384978979566069e-21,6.20447925664540628e-13
2.02649228611157884e-21,6.16553943011572967e-13
2.03921414917763477e-21,6.12684399316779698e-13
2.05201587724045425e-21,6.08839141199224467e-13
2.06489797167453508e-21,6.05018016240614778e-13
2.07786093700190028e-21,6.01220872979235464e-13
2.0909052809118228e-21,5.97447560903975254e-13
2.10403151428076106e-21,5.93697930448325673e-13
2.11724015119234012e-21,5.89971832984479813e-13
2.13053170895746129e-21,5.8626912081742887e-13
2.14390670813461331e-21,5.82589647179112511e-13
2.1573656725502247e-21,5.78933266222594377e-13
2.17090912931919868e-21,5.75299833016282726e-13
2.18453760886551999e-21,5.71689203538203277e-13
2.19825164494308261e-21,5.68101234670258624e-13
2.21205177465655876e-21,5.64535784192584386e-13
2.22593853848245153e-21,5.60992710777888186e-13
2.23991248029022766e-21,5.57471873985875679e-13
2.25397414736367069e-21,5.53973134257651327e-13
2.26812409042228064e-21,5.50496352910213993e-13
2.28236286364285868e-21,5.47041392130937694e-13
2.29669102468117657e-21,5.43608114972135348e-13
2.3111091346938711e-21,5.40196385345599305e-13
2.32561775836039468e-21,5.36806068017231638e-13
2.34021746390510162e-21,5.33437028601672923e-13
2.35490882311955941e-21,5.30089133556979182e-13
2.36969241138490596e-21,5.26762250179322655e-13
2.38456880769440086e-21,5.2345624659773357e-13
2.39953859467606534e-21,5.20170991768888258e-13
2.41460235861555659e-21,5.16906355471886771e-13
2.42976068947909255e-21,5.13662208303117125e-13
2.44501418093657578e-21,5.10438421671104313e-13
2.46036343038480582e-21,5.07234867791439169e-13
2.4758090389709335e-21,5.04051419681682916e-13
2.4913516116159685e-21,5.00887951156360053e-13
2.5069917570384869e-21,4.98512589049020241e-13
2.52273008777843326e-21,4.98510318480977424e-13
2.53856722022117179e-21,4.98508047923278505e-13
2.55450377462159378e-21,4.98505777375919141e-13
2.57054037512838171e-21,4.98503506838901454e-13
2.58667764980851405e-21,4.98501236312227361e-13
2.60291623067182138e-21,4.98498965795892824e-13
2.61925675369576102e-21,4.98496695289899761e-13
2.63569985885028293e-21,4.9849442479425009e-13
2.65224619012295454e-21,4.98492154308939875e-13
2.66889639554414365e-21,4.98489883833970932e-13
2.68565112721241674e-21,4.98487613369345381e-13
2.70251104132003655e-21,4.98485342915058983e-13
2.71947679817872541e-21,4.98483072471113856e-13
2.73654906224548399e-21,4.98480802037511921e-13
2.75372850214863533e-21,4.98478531614249036e-13
2.77101579071396749e-21,4.98476261201327121e-13
2.78841160499115081e-21,4.98473990798746376e-13
2.80591662628022183e-21,4.9847172040650852e-13
2.8235315401582316e-21,4.98469450024609614e-13
2.84125703650616376e-21,4.98467179653051576e-13
2.8590938095359076e-21,4.98464909291836426e-13
2.8770425578174714e-21,4.98462638940960023e-13
2.89510398430629355e-21,4.98460368600424288e-13
2.9132787963708432e-21,4.98458098270231339e-13
2.93156770582027875e-21,4.98455827950376936e-13
2.94997142893234819e-21,4.98453557640863199e-13
2.96849068648139372e-21,4.98451287341691946e-13
2.9871262037666536e-21,4.9844901705285924e-13
3.00587871064062014e-21,4.98446746774366998e-13
3.02474894153764609e-21,4.98444476506217139e-13
3.04373763550266251e-21,4.98442206248405623e-13
3.06284553622019515e-21,4.98439936000934371e-13
3.08207339204345385e-21,4.98437665763803482e-13
3.10142195602360459e-21,4.98435395537014774e-13
3.12089198593933594e-21,4.98433125320564208e-13
3.14048424432648934e-21,4.98430855114453803e-13
3.16019949850794744e-21,5.02890779269574151e-13
3.18003852062363477e-21,5.09040155771614259e-13
3.20000208766083462e-21,5.15264727192558706e-13
3.22009098148456975e-21,5.21565413020066228e-13
3.24030598886824928e-21,5.27943143985354864e-13
3.26064790152442868e-21,5.34398862200654297e-13
3.28111751613589645e-21,5.40933521298416755e-13
3.30171563438682387e-21,5.47548086572152285e-13
3.32244306299418819e-21,5.54243535119047032e-13
3.34330061373931492e-21,5.61020855984263539e-13
3.36428910349974935e-21,5.67881050307086662e-13
3.3854093542811979e-21,5.7482513146877433e-13
3.40666219324974819e-21,5.81854125242280967e-13
3.42804845276420782e-21,5.88969069943746662e-13
3.44956897040878856e-21,5.96171016585922504e-13
3.47122458902586757e-21,6.0346102903339297e-13
3.49301615674895429e-21,6.10840184159732865e-13
3.51494452703599254e-21,6.18436607166629006e-13
3.53701055870272846e-21,6.26350173755010735e-13
3.55921511595637607e-21,6.3165485373826548e-13
3.5815590684294033e-21,6.3144872441718802e-13
3.6040432912136794e-21,6.31242662362746448e-13
3.62666866489468906e-21,6.31036667552989279e-13
3.64943607558604939e-21,6.30830739965972698e-13
3.67234641496415544e-21,6.30624879579759455e-13
3.69540058030319073e-21,6.30419086372420076e-13
3.71859947451020854e-21,6.3021336032203165e-13
3.74194400616052696e-21,6.30007701406678938e-13
3.76543508953324766e-21,6.29802109604453468e-13
3.78907364464715897e-21,6.29596584893454039e-13
3.81286059729671834e-21,6.29391127251786718e-13
3.83679687908826806e-21,6.29185736657564641e-13
3.86088342747661224e-21,6.28980413088908014e-13
3.88512118580166793e-21,6.28775156523944209e-13
3.909511103325446e-21,6.28569966940807769e-13
3.9340541352691627e-21,6.28364844317640406e-13
3.95875124285074479e-21,6.28159788632590901e-13
3.98360339332241613e-21,6.27954799863815203e-13
4.00861156000860663e-21,6.27749877989476429e-13
4.03377672234400901e-21,6.27545022987744666e-13
4.05909986591203628e-21,6.2734023483679727e-13
4.08458198248335748e-21,6.27135513514818665e-13
4.11022407005477115e-21,6.26930859000000443e-13
4.13602713288822338e-21,6.26726271270541367e-13
4.16199218155024351e-21,6.26521750304646965e-13
4.18812023295147019e-21,6.26317296080530337e-13
4.21441231038642644e-21,6.26112908576411451e-13
4.24086944357370003e-21,6.25908587770517442e-13
4.26749266869620312e-21,6.25704333641082414e-13
4.29428302844179057e-21,6.25500146166347841e-13
4.32124157204402199e-21,6.25296025324562063e-13
4.34836935532336325e-21,6.25091971093980693e-13
4.37566744072846716e-21,6.24887983452866206e-13
4.40313689737781684e-21,6.24684062379488451e-13
4.43077880110152744e-21,6.24480207852124142e-13
4.45859423448358806e-21,6.24276419849057163e-13
4.48658428690418934e-21,6.24072698348578567e-13
4.51475005458242262e-21,6.23869043328986373e-13
4.54309264061914228e-21,6.23190127577582601e-13
4.57161315504027718e-21,6.22470168074030738e-13
4.60031271484024881e-21,6.21751040325771196e-13
4.62919244402566318e-21,6.21032743371893237e-13
4.658253473659443e-21,6.20315276252596032e-13
4.68749694190505121e-21,6.19598638009187956e-13
4.71692399407110536e-21,6.18882827684084563e-13
4.74653578265615279e-21,6.18167844320807985e-13
4.77633346739392815e-21,6.17453686963985012e-13
4.80631821529869314e-21,6.16740354659346484e-13
4.83649120071098113e-21,6.16027846453723155e-13
4.86685360534351614e-21,6.15316161395054171e-13
4.89740661832760363e-21,6.14605298532371422e-13
4.92815143625963195e-21,6.13895256915807719e-13
4.9590892632479704e-21,6.13186035596593262e-13
4.99022131096005068e-21,6.12477633627054524e-13
5.02154879866994109e-21,6.11770050060612544e-13
5.05307295330603783e-21,6.11063283951782108e-13
5.08479500949905685e-21,6.10357334356170244e-13
5.1167162096305087e-21,6.09652200330475002e-13
5.14883780388127688e-21,6.08947880932484151e-13
5.18116105028062012e-21,6.0824437522107426e-13
5.2136872147553574e-21,6.07541682256208786e-13
5.24641757117957788e-21,6.06839801098937366e-13
5.27935340142444143e-21,6.06138730811394503e-13
5.31249599540843063e-21,6.05438470456795426e-13
5.34584665114778052e-21,6.04739019099445383e-13
5.37940667480744715e-21,5.93538835829669048e-13
5.41317738075217224e-21,5.81811459059723478e-13
5.44716009159800748e-21,5.70315796471899231e-13
5.48135613826402385e-21,5.59047269765085881e-13
5.51576686002457098e-21,5.48001391098058536e-13
5.55039360456166015e-21,5.37173761302138342e-13
5.58523772801768093e-21,5.26560068129202333e-13
5.62030059504864764e-21,5.16156084534217884e-13
5.6555835788775558e-21,5.05957666991798188e-13
5.69108806134820858e-21,4.95960753845982385e-13
5.72681543297924532e-21,4.86161363692635711e-13
5.76276709301873784e-21,4.76555593793782736e-13
5.79894444949890068e-21,4.67139618523299348e-13
5.8353489192912796e-21,4.57909687843301094e-13
5.87198192816215244e-21,4.48862125810668537e-13
5.9088449108285076e-21,4.39993329113006384e-13
5.9459393110141413e-21,4.31299765633614064e-13
5.98326658150624591e-21,4.22777973044749388e-13
6.0208281842122132e-21,4.14424557428736533e-13
6.05862559021703454e-21,4.06236191926266747e-13
6.09666027984081741e-21,3.98209615411442965e-13
6.13493374269680999e-21,3.90341631192988014e-13
6.17344747774964476e-21,3.82629105741143716e-13
6.21220299337419104e-21,3.75068967439660381e-13
6.2512018074145563e-21,3.67658205362512292e-13
6.29044544724345809e-21,3.60393868074757233e-13
6.32993544982218907e-21,3.53273062457072657e-13
6.36967336176071842e-21,3.53796208149489564e-13
6.40966073937830866e-21,3.61561271013389159e-13
6.44989914876436678e-21,3.69496760241080354e-13
6.49039016583993425e-21,3.77606416323275383e-13
6.53113537641930797e-21,3.85894061846375307e-13
6.57213637627219352e-21,3.94363603294305562e-13
6.61339477118610151e-21,4.03019032889859694e-13
6.65491217702939596e-21,4.11864430476522622e-13
6.69669021981447173e-21,4.20903965441523294e-13
6.73873053576149275e-21,4.30141898681149986e-13
6.78103477136236114e-21,4.39582584609141751e-13
6.8236045834453698e-21,4.49230473209238304e-13
6.86644163924000522e-21,4.59090112132714824e-13
6.90954761644216389e-21,4.6916614884195018e-13
6.95292420328002298e-21,4.79463332801112346e-13
6.99657309858004847e-21,4.8998651771483963e-13
7.04049601183358794e-21,5.00740663816121119e-13
7.084694663263701e-21,5.11730840204323387e-13
7.12917078389271185e-21,5.22962227234623979e-13
7.17392611560988132e-21,5.34440118959802933e-13
7.21896241123969214e-21,5.46169925625677054e-13
7.26428143461037322e-21,5.58157176221252507e-13
7.30988496062316232e-21,5.70407521084926469e-13
7.35577477532169631e-21,5.8292673456782149e-13
7.40195267596202429e-21,5.95720717755607049e-13
7.44842047108287425e-21,6.00504176602176552e-13
7.49517998057666303e-21,6.00643023033583357e-13
7.54223303576068555e-21,6.00893159694391664e-13
7.58958147944873859e-21,6.01426850550451733e-13
7.63722716602348946e-21,6.01961015410792404e-13
7.6851719615089641e-21,6.02495654696406402e-13
7.73341774364370577e-21,6.03030768828660762e-13
7.78196640195418083e-21,6.03566358229298751e-13
7.83081983782896974e-21,6.04102423320431281e-13
7.87997996459311964e-21,6.04638964524551149e-13
7.92944870758312532e-21,6.05175982264524354e-13
7.97922800422222043e-21,6.05713476963592012e-13
8.02931980409644098e-21,6.0625144904537147e-13
8.07972606903085518e-21,6.06789898933858627e-13
8.13044877316645891e-21,6.07328827053418746e-13
8.18148990303736202e-21,6.07868233828801196e-13
8.23285145764879214e-21,6.0840811968513016e-13
8.28453544855527772e-21,6.08948485047907469e-13
8.33654389993933851e-21,6.09489330343015319e-13
8.38887884869095299e-21,6.10030655996706686e-13
8.44154234448720688e-21,6.1057246243562067e-13
8.49453644987263301e-21,6.11114750086772704e-13
8.54786324033984851e-21,6.11657519377557477e-13
8.60152480441105152e-21,6.12199870013442535e-13
8.655523243719681e-21,6.12703309988812742e-13
8.7098606730927907e-21,6.13207163965918684e-13
8.76453922063373652e-21,6.13711432285210413e-13
8.81956102780573628e-21,6.14216115287425453e-13
8.87492824951560076e-21,6.14721213313574161e-13
8.93064305419819177e-21,6.15226726704949724e-13
8.98670762390120973e-21,6.15732655803125732e-13
9.04312415437087316e-21,6.16239000949957193e-13
9.09989485513780002e-21,6.16745762487577397e-13
9.15702194960343193e-21,6.17252940758408422e-13
9.2145076751273373e-21,6.17760536105146692e-13
9.27235428311469049e-21,6.18268548870772772e-13
9.33056403910451681e-21,6.18776979398549351e-13
9.38913922285827195e-21,6.19285828032021238e-13
9.44808212844935677e-21,6.19795095115013547e-13
9.50739506435281312e-21,6.2030478099164139e-13
9.5670803535358048e-21,6.20814886006295538e-13
9.62714033354844745e-21,6.21325410503652216e-13
9.68757735661558686e-21,6.21836354828671387e-13
9.7483937897287711e-21,6.2234771932659655e-13
9.80959201473902561e-21,6.22859504342952416e-13
9.87117442844998208e-21,6.23371710223555816e-13
9.93314344271198808e-21,6.23941306833319964e-13
9.99550148451640398e-21,6.25375492473834223e-13
1.005825099609074e-20,6.26812974720021004e-13
1.01213944349941344e-20,6.28253761149427241e-13
1.01849342742138552e-20,6.2969785935702014e-13
1.0248873002262031e-20,6.31145276955216861e-13
1.03132131232729798e-20,6.32596021573940059e-13
1.03779571571015434e-20,6.34050100860650496e-13
1.04431076394215981e-20,6.35507522480379652e-13
1.050866712182546e-20,6.36968294115785472e-13
1.05746381719236313e-20,6.38432423467185174e-13
1.06410233734456341e-20,6.39899918252587968e-13
1.07078253263410134e-20,6.41370786207751702e-13
1.07750466468812616e-20,6.42845035086212651e-13
1.08426899677620995e-20,6.44322672659332064e-13
1.09107579382068544e-20,6.45803706716326457e-13
1.09792532240700389e-20,6.47288145064324562e-13
1.10481785079418437e-20,6.48775995528400348e-13
1.11175364892530246e-20,6.50267265951606541e-13
1.11873298843808902e-20,6.51761964195031777e-13
1.12575614267555571e-20,6.53260098137834327e-13
1.13282338669668649e-20,6.54761675677275015e-13
1.13993499728723746e-20,6.56266704728775581e-13
1.14709125297055893e-20,6.57775193225949278e-13
1.15429243401851284e-20,6.59287149120648223e-13
1.16153882246243086e-20,6.60985788760162292e-13
1.16883070210418808e-20,6.6296355731097906e-13
1.17616835852729904e-20,6.64947243641734794e-13
1.18355207910811243e-20,6.66936865459316583e-13
1.19098215302704672e-20,6.68932440523585308e-13
1.19845887127994434e-20,6.7093398664755012e-13
1.20598252668944927e-20,6.72941521697516473e-13
1.21355341391648533e-20,6.74955063593251416e-13
1.22117182947177674e-20,6.76974630308132229e-13
1.22883807172748958e-20,6.79000239869323731e-13
1.23655244092890425e-20,6.81031910357930451e-13
1.24431523920615785e-20,6.83069659909150105e-13
1.25212677058610794e-20,6.85113506712452023e-13
1.25998734100421924e-20,6.87163469011728302e-13
1.26789725831655562e-20,6.89219565105462334e-13
1.2758568323118167e-20,6.91281813346880774e-13
1.2838663747235015e-20,6.93350232144134483e-13
1.29192619924209669e-20,6.95424839960451403e-13
1.30003662152737237e-20,6.97505655314306903e-13
1.30819795922072435e-20,6.99592696779578267e-13
1.31641053195764484e-20,7.01685982985726651e-13
1.32467466138022132e-20,7.03785532617952885e-13
1.33299067114974311e-20,7.04845260479775399e-13
1.34135888695935574e-20,7.03356978259057903e-13
1.34977963654684984e-20,7.01871838549314925e-13
1.35825324970748031e-20,7.00389834715134015e-13
1.36678005830686548e-20,6.98910960135104511e-13
1.37536039629401846e-20,6.97435208201799767e-13
1.38399459971440381e-20,6.95962572321744846e-13
1.3926830067231091e-20,6.94493045915383999e-13
1.40142595759806689e-20,6.93026622417062901e-13
1.41022379475341499e-20,6.91563295274981793e-13
1.4190768627528848e-20,6.9010305795117832e-13
1.42798550832330685e-20,6.88645903921491784e-13
1.43695008036816732e-20,6.87191826675546082e-13
1.44597092998130778e-20,6.85740819716703154e-13
1.45504841046065211e-20,6.84292876562045414e-13
1.46418287732205508e-20,6.82847990742343945e-13
1.47337468831320216e-20,6.81406155802027096e-13
1.48262420342765592e-20,6.79967365299162201e-13
1.49193178491893863e-20,6.80111978122788814e-13
1.50129779731469984e-20,6.82335391224354719e-13
1.51072260743102952e-20,6.84566073078683636e-13
1.52020658438680181e-20,6.86804047448683455e-13
1.52975009961814144e-20,6.89049338174958679e-13
1.53935352689294741e-20,6.91301969176036101e-13
1.54901724232556746e-20,6.93561964448648042e-13
1.55874162439150568e-20,6.95829348067973775e-13
1.56852705394225586e-20,6.98104144187898928e-13
1.57837391422019271e-20,7.00386377041272569e-13
1.58828259087361975e-20,7.02676070940165592e-13
1.59825347197184757e-20,7.0497325027612942e-13
1.60828694802040556e-20,7.0727793952045621e-13
1.61838341197630825e-20,7.09590163224439168e-13
1.62854325926348673e-20,7.11909946019634473e-13
1.63876688778824792e-20,7.09399746898405356e-13
1.64905469795487107e-20,7.06780499563128305e-13
1.65940709268126447e-20,7.04170923018735266e-13
1.66982447741478328e-20,7.0157098155870757e-13
1.68030726014809175e-20,6.98980639608362193e-13
1.69085585143511874e-20,6.96399861724373745e-13
1.70147066440717896e-20,6.93828612594272023e-13
1.71215211478912603e-20,6.91266857035970766e-13
1.72290062091564788e-20,6.88714559997280046e-13
1.73371660374762229e-20,6.86171686555438054e-13
1.74460048688864601e-20,6.83638201916613804e-13
1.75555269660159743e-20,6.81114071415453551e-13
1.76657366182534332e-20,6.78599260514586124e-13
1.77766381419151224e-20,6.76093734804159957e-13
1.78882358804143941e-20,6.73597460001379515e-13
1.80005342044315077e-20,6.71110401950020016e-13
1.81135375120849433e-20,6.68632526619968599e-13
1.82272502291033615e-20,6.66563517887019644e-13
1.83416768089993697e-20,6.67488775197960432e-13
1.84568217332437271e-20,6.68415316859259916e-13
1.857268951144064e-20,6.69343144653720215e-13
1.86892846815048162e-20,6.70272260366626604e-13
1.88066118098388996e-20,6.71202665785739441e-13
1.89246754915124568e-20,6.72134362701303751e-13
1.90434803504416407e-20,6.73067352906041258e-13
1.91630310395707404e-20,6.74001638195170172e-13
1.92833322410541092e-20,6.74937220366398219e-13
1.94043886664396855e-20,6.75874101219928402e-13
1.9526205056853215e-20,6.76812282558465358e-13
1.9648786183184399e-20,6.77751766187207686e-13
1.97721368462734358e-20,6.78692553913868144e-13
1.9896261877099202e-20,6.7963464754866617e-13
2.00211661369681235e-20,6.80578048904333544e-13
2.0146854517705064e-20,6.81522759796121654e-13
2.02733319418446623e-20,6.82468782041792714e-13
2.04006033628238808e-20,6.83416117461640964e-13
2.05286737651764905e-20,6.84364767878484395e-13
2.06575481647279552e-20,6.85314735117674138e-13
2.07872316087920621e-20,6.86790923682361337e-13
2.09177291763682366e-20,6.88486656235862316e-13
2.10490459783409796e-20,6.90186575666032412e-13
2.11811871576796806e-20,6.91890692310546286e-13
2.13141578896402395e-20,6.93599016532603056e-13
2.14479633819673736e-20,6.95311558720997691e-13
2.15826088750991187e-20,6.97028329290164323e-13
2.17180996423717116e-20,6.98749338680262685e-13
2.18544409902263074e-20,7.00474597357221226e-13
2.19916382584164274e-20,7.0220411581280951e-13
2.21296968202176366e-20,7.03937904564710409e-13
2.22686220826377218e-20,7.05675974156567264e-13
2.24084194866281687e-20,7.0741833515805638e-13
2.25490945072978136e-20,7.09164998164959727e-13
2.26906526541269026e-20,7.10915973799212503e-13
2.28330994711830496e-20,7.12671272708976033e-13
2.29764405373380036e-20,7.14430905568711585e-13
2.31206814664866959e-20,7.16194883079227319e-13
2.32658279077667312e-20,7.17963215967752708e-13
2.34118855457798321e-20,7.19735914988012147e-13
2.35588601008140799e-20,7.21512990920272815e-13
2.37067573290685294e-20,7.23294454571419194e-13
2.38555830228782601e-20,7.25080316775027385e-13
2.40053430109414343e-20,7.28213045367317452e-13
2.41560431585471724e-20,7.31813497829296006e-13
2.43076893678058481e-20,7.35431751754752121e-13
2.44602875778799755e-20,7.39067895158207639e-13
2.46138437652164852e-20,7.42722016489348348e-13
2.47683639437813979e-20,7.46394204635175744e-13
2.49238541652949636e-20,7.50084548922168992e-13
2.50803205194688781e-20,7.53793139118461017e-13
2.52377691342443626e-20,7.5752006543600945e-13
2.53962061760327922e-20,7.61265418532807158e-13
2.55556378499567773e-20,7.6502928951508691e-13
2.57160704000934029e-20,7.68811769939525347e-13
2.58775101097183472e-20,7.72612951815470162e-13
2.60399633015525982e-20,7.76432927607193851e-13
2.62034363380096604e-20,7.80271790236130186e-13
2.63679356214449473e-20,7.82424827760728795e-13
2.65334675944060969e-20,7.82424827760728795e-13
2.67000387398859369e-20,7.82424827760728795e-13
2.6867655581575958e-20,7.82424827760728795e-13
2.70363246841220346e-20,7.82424827760728795e-13
2.72060526533810748e-20,7.82424827760728795e-13
2.73768461366804084e-20,7.82424827760728795e-13
2.7548711823077784e-20,7.82424827760728795e-13
2.77216564436230292e-20,7.82424827760728795e-13
2.78956867716223154e-20,7.82424827760728795e-13
2.80708096229029948e-20,7.82424827760728795e-13
2.82470318560807793e-20,7.82424827760728795e-13
2.84243603728278638e-20,7.82424827760728795e-13
2.86028021181439536e-20,7.82424827760728795e-13
2.87823640806277767e-20,7.82424827760728795e-13
2.89630532927510295e-20,7.82424827760728795e-13
2.91448768311333398e-20,7.83411670012096109e-13
2.93278418168201024e-20,7.86896840203696581e-13
2.95119554155609293e-20,7.9039751490171671e-13
2.96972248380905223e-20,7.9391376308118682e-13
2.98836573404105703e-20,7.9744565402398045e-13
3.00712602240747005e-20,8.00993257320192246e-13
3.02600408364740299e-20,8.04556642869513128e-13
3.04500065711245912e-20,8.08135880882577593e-13
3.06411648679576152e-20,8.11731041882379771e-13
3.08335232136104265e-20,8.1534219670564688e-13
3.10270891417198929e-20,8.1896941650423802e-13
3.12218702332169919e-20,8.22612772746546201e-13
3.14178741166244664e-20,8.26272337218906528e-13
3.1615108468355062e-20,8.29948182027010546e-13
3.18135810130124788e-20,8.33640379597327051e-13
3.20132995236933182e-20,8.37349002678528953e-13
3.22142718222923576e-20,8.41074124342927008e-13
3.24165057798083164e-20,8.43987498891723778e-13
3.26200093166524205e-20,8.44737097058257496e-13
3.28247904029580582e-20,8.45487360989875625e-13
3.30308570588937135e-20,8.46238291277889113e-13
3.32382173549766996e-20,8.46989888514130948e-13
3.34468794123888131e-20,8.47742153290963018e-13
3.36568514032952048e-20,8.48495086201263088e-13
3.38681415511639174e-20,8.49248687838445704e-13
3.4080758131088202e-20,8.50002958796449165e-13
3.4294709470110074e-20,8.50757899669742588e-13
3.45100039475472766e-20,8.51513511053312991e-13
3.47266499953208696e-20,8.52269793542685784e-13
3.4944656098285772e-20,8.53026747733912149e-13
3.51640307945624685e-20,8.53784374223572678e-13
3.53847826758723077e-20,8.54542673608781105e-13
3.5606920387873351e-20,8.55301646487171081e-13
3.58304526304993352e-20,8.56061293456917781e-13
3.60553881582997667e-20,8.56821615116723769e-13
3.62817357807836994e-20,8.57582612065827175e-13
3.65095043627642999e-20,8.58344284903987662e-13
3.67387028247055857e-20,8.59106634231508234e-13
3.6969340143072703e-20,8.59870761867851942e-13
3.72014253506828783e-20,8.60700908140051534e-13
3.74349675370594704e-20,8.61531855861566331e-13
3.76699758487873805e-20,8.62363605806140694e-13
3.79064594898721716e-20,8.63196158748265992e-13
3.81444277220999237e-20,8.64029515463177671e-13
3.83838898654002894e-20,8.64863676726870506e-13
3.8624855298210879e-20,8.65698643316077592e-13
3.88673334578454859e-20,8.66534416008285394e-13
3.91113338408630927e-20,8.67370995581731222e-13
3.93568660034400897e-20,8.68208382815403532e-13
3.96039395617439342e-20,8.69046578489042936e-13
3.98525641923106813e-20,8.69885583383139277e-13
4.01027496324235283e-20,8.70725398278946466e-13
4.03545056804936415e-20,8.71566023958462094e-13
4.06078421964449046e-20,8.72407461204442264e-13
4.08627691020994238e-20,8.73249710800398776e-13
4.11192963815664451e-20,8.74092773530599723e-13
4.13774340816327054e-20,8.74936650180070707e-13
4.16371923121569078e-20,8.75781341534591204e-13
4.18985812464650102e-20,8.7644207561790042e-13
4.21616111217489976e-20,8.76884276697502793e-13
4.24262922394671339e-20,8.77326700885736126e-13
4.26926349657484276e-20,8.77769348295175137e-13
4.29606497317979502e-20,8.7821221903843695e-13
4.32303470343057154e-20,8.78655313228209779e-13
4.35017374358570579e-20,8.79098630977224448e-13
4.37748315653473799e-20,8.79542172398283067e-13
4.4049640118397907e-20,8.79985937604229954e-13
4.43261738577740277e-20,8.80429926707981222e-13
4.46044436138078992e-20,8.80874139822495188e-13
4.48844602848218793e-20,8.81318577060801761e-13
4.51662348375557336e-20,8.8176323853597336e-13
4.54497783075954116e-20,8.82208124361153895e-13
4.57351017998063217e-20,8.82653234649530087e-13
4.60222164887675559e-20,8.83098569514359946e-13
4.63111336192098816e-20,8.83544129068944395e-13
4.66018645064553947e-20,8.83989913426655748e-13
4.68944205368618063e-20,8.84435922700909432e-13
4.71888131682676268e-20,8.84842028664554155e-13
4.74850539304413194e-20,8.85234883271027859e-13
4.77831544255320223e-20,8.85627912298174333e-13
4.80831263285251704e-20,8.86021115823429474e-13
4.8384981387698918e-20,8.86414493924274824e-13
4.86887314250846914e-20,8.86808046678211711e-13
4.89943883369293624e-20,8.87201774162790338e-13
4.93019640941623473e-20,8.87595676455584435e-13
4.96114707428639077e-20,8.87989753634202161e-13
4.9922920404736242e-20,8.88384005776297117e-13
5.02363252775795158e-20,8.88778432959542895e-13
5.05516976357687051e-20,8.89173035261661857e-13
5.08690498307347829e-20,8.89567812760400197e-13
5.11883942914475989e-20,8.89962765533538641e-13
5.15097435249039031e-20,8.90357893658903151e-13
5.1833110116616358e-20,8.90753197214339783e-13
5.21585067311068618e-20,8.91148676277743971e-13
5.24859461124016801e-20,8.91544330927030735e-13
5.28154410845318647e-20,8.91940161240164473e-13
5.31470045520346282e-20,8.92336167295133415e-13
5.34806495004591911e-20,8.92732349169960118e-13
5.38163889968744828e-20,8.94648434707981631e-13
5.41542361903822009e-20,8.98159308528953255e-13
5.44942043126311556e-20,9.01683960091558953e-13
5.48363066783348072e-20,9.05222443463866746e-13
5.51805566857940569e-20,9.0877481292612436e-13
5.55269678174211107e-20,9.12341122971591752e-13
5.58755536402679574e-20,9.15921428307380517e-13
5.62263278065567916e-20,9.19515783855275104e-13
5.65793040542160982e-20,9.23124244752612408e-13
5.69344962074177308e-20,9.26746866353089356e-13
5.72919181771188521e-20,9.30383704227636136e-13
5.76515839616057584e-20,9.34034814165248223e-13
5.80135076470435554e-20,9.37700252173861826e-13
5.83777034080269044e-20,9.41380074481213379e-13
5.87441855081355909e-20,9.45106007882067047e-13
5.91129683004922639e-20,9.49778828939798195e-13
5.94840662283259592e-20,9.54474753497516718e-13
5.98574938255370509e-20,9.59193895784230291e-13
6.0233265717265744e-20,9.63936370593712838e-13
6.06113966204663447e-20,9.68702293287317265e-13
6.09919013444826163e-20,9.73491779796764978e-13
6.13747947916283045e-20,9.78304946626970731e-13
6.17600919577697834e-20,9.83141910858876575e-13
6.2147807932914891e-20,9.88002790152298921e-13
6.25379579018028258e-20,9.92887702748792371e-13
6.29305571444994844e-20,9.97796767474527685e-13
6.33256210369947755e-20,1.00273010374316854e-12
6.37231650518064112e-20,1.00768783155879432e-12
6.41232047585848075e-20,1.0126700715188207e-12
6.45257558247234413e-20,1.017676944816917e-12
6.4930834015971338e-20,1.0233834191622031e-12
6.53384551970521649e-20,1.02937806296610122e-12
6.57486353322847589e-20,1.0354078214236738e-12
6.616139048620757e-20,1.04147290022501116e-12
6.65767368242093998e-20,1.04757350626509438e-12
6.69946906131614447e-20,1.05370984765080976e-12
6.74152682220549748e-20,1.05988213370807033e-12
6.78384861226412487e-20,1.06609057498895108e-12
6.82643608900783036e-20,1.07233538327887211e-12
6.8692909203579065e-20,1.0786167716038182e-12
6.91241478470650255e-20,1.08493495423762864e-12
6.95580937098225483e-20,1.09129014670926123e-12
6.99947637871659946e-20,1.09768256581018505e-12
7.04341751811022082e-20,1.10411242960177176e-12
7.08763451010008419e-20,1.11057995742271519e-12
7.13212908642672688e-20,1.11708536989651049e-12
7.1769029897022512e-20,1.12549658319104317e-12
7.22195797347848545e-20,1.13540023473021392e-12
7.26729580231557138e-20,1.14539103208152575e-12
7.31291825185125738e-20,1.15546974207250556e-12
7.35882710887031185e-20,1.1656371382782643e-12
7.40502417137456862e-20,1.17589400108089851e-12
7.45151124865322049e-20,1.18624111772934096e-12
7.49829016135386368e-20,1.19667928239983123e-12
7.54536274155368062e-20,1.20720929625684845e-12
7.59273083283125346e-20,1.21783196751461282e-12
7.6403962903386412e-20,1.2285481114990985e-12
7.68836098087422458e-20,1.23935855071063786e-12
7.73662678295569574e-20,1.25026411488705131e-12
7.78519558689368891e-20,1.26126564106731297e-12
7.83406929486568642e-20,1.27236397365579446e-12
7.8832498209907131e-20,1.28355996448710272e-12
7.93273909140416642e-20,1.29401290428245127e-12
7.98253904433332511e-20,1.30333797747948703e-12
8.03265163017312155e-20,1.31273025015330947e-12
8.0830788115627309e-20,1.32219020656496796e-12
8.13382256346233477e-20,1.33171833446525261e-12
8.18488487323037082e-20,1.34131512511982648e-12
8.23626774070156563e-20,1.35098107333458168e-12
8.28797317826512528e-20,1.36071667748115186e-12
8.34000321094361986e-20,1.37052243952258594e-12
8.39235987647215119e-20,1.38039886503922921e-12
8.44504522537836445e-20,1.39034646325481746e-12
8.49806132106262776e-20,1.40036574706270607e-12
8.55141023987890466e-20,1.41045723305234724e-12
8.60509407121593543e-20,1.42062144153586882e-12
8.65911491757928043e-20,1.4308588965749579e-12
8.7134748946735238e-20,1.43932753061319843e-12
8.76817613148520086e-20,1.44775863835015982e-12
8.82322077036603841e-20,1.45623913274592096e-12
8.87861096711707372e-20,1.46476930309131898e-12
8.93434889107298052e-20,1.4733494403717385e-12
8.99043672518691828e-20,1.48197983727706636e-12
9.04687666611624236e-20,1.490660788211665e-12
9.10367092430839511e-20,1.49939258930443878e-12
9.1608217240875491e-20,1.50817553841890597e-12
9.21833130374156973e-20,1.51700993516335288e-12
9.2762019156099031e-20,1.52589608090110947e-12
9.33443582617164234e-20,1.5348342787607626e-12
9.39303531613436036e-20,1.54382483364655745e-12
9.45200268052328508e-20,1.55286805224872454e-12
9.51134022877141686e-20,1.56196424305402906e-12
9.5710502848098114e-20,1.57111371635621856e-12
9.63113518715868854e-20,1.57941110632641633e-12
9.6915972890188486e-20,1.58752119226638651e-12
9.75243895836407622e-20,1.5956729225215638e-12
9.81366257803376782e-20,1.60386651093050124e-12
9.87527054582612509e-20,1.61210217242977435e-12
9.93726527459231012e-20,1.62038012305963126e-12
9.9996491923307841e-20,1.62870057996967451e-12
1.00624247422824744e-19,1.63706376142455054e-12
1.01255943830263048e-19,1.6454698868096279e-12
1.01891605885757251e-19,1.65391917663683333e-12
1.02531258484754499e-19,1.66241185255038164e-12
1.03174926678990331e-19,1.67094813733261851e-12
1.0382263567746821e-19,1.67952825490980849e-12
1.04474410847449318e-19,1.68782466267168606e-12
1.05130277715444359e-19,1.68784313312785064e-12
1.05790261968214202e-19,1.68786160378614375e-12
1.06454389453774093e-19,1.68788007464657468e-12
1.07122686182408628e-19,1.68789854570913172e-12
1.07795178327689138e-19,1.68791701697383101e-12
1.08471892227497411e-19,1.68793548844066106e-12
1.09152854385059851e-19,1.68795396010963762e-12
1.09838091469983754e-19,1.68797243198074916e-12
1.10527630319302645e-19,1.68799090405400499e-12
1.11221497938525543e-19,1.68800937632941398e-12
1.11919721502697369e-19,1.68802784880696463e-12
1.12622328357461405e-19,1.68804632148667309e-12
1.13329346020131193e-19,1.68806479436852765e-12
1.14040802180766376e-19,1.6880832674525374e-12
1.14756724703260009e-19,1.68810174073871143e-12
1.15477141626427893e-19,1.68812021422703801e-12
1.16202081165107708e-19,1.68813868791753372e-12
1.16931571711262093e-19,1.68815716181018622e-12
1.17665641835093529e-19,1.6881756359050121e-12
1.18404320286161775e-19,1.68819411020199962e-12
1.19147635994508376e-19,1.68821258470115767e-12
1.19895618071792722e-19,1.68823105940249575e-12
1.20648295812430066e-19,1.68824953430600194e-12
1.21405698694740009e-19,1.6882680094116922e-12
1.22167856382098849e-19,1.68828648471955542e-12
1.22934798724104421e-19,1.68830496022960714e-12
1.2370655575774313e-19,1.68832343594183587e-12
1.24483157708567333e-19,1.68834191185625088e-12
1.25264634991877069e-19,1.68836038797286126e-12
1.26051018213914361e-19,1.6883788642916551e-12
1.26842338173059798e-19,1.68839734081264897e-12
1.2763862586103979e-19,1.68841581753583073e-12
1.28439912464138304e-19,1.68843429446120989e-12
1.29246229364421353e-19,1.68845277158879533e-12
1.30057608140963936e-19,1.68847124891857554e-12
1.30874080571088015e-19,1.68848972645056667e-12
1.31695678631604711e-19,1.68850820418475682e-12
1.32522434500070095e-19,1.68852668212116232e-12
1.3335438055604366e-19,1.68854516025977149e-12
1.34191549382354842e-19,1.6885636386005932e-12
1.35033973766382434e-19,1.68858211714363693e-12
1.35881686701336434e-19,1.68860059588889078e-12
1.36734721387551391e-19,1.68861907483637111e-12
1.37593111233784434e-19,1.688637553986066e-12
1.38456889858526971e-19,1.6886560333379916e-12
1.39326091091319212e-19,1.68867451289213641e-12
1.40200748974076215e-19,1.68869299264850931e-12
1.41080897762418794e-19,1.68871147260711959e-12
1.4196657192701854e-19,1.68872995276795574e-12
1.42857806154945661e-19,1.6887484331310335e-12
1.43754635351028531e-19,1.68876691369634158e-12
1.44657094639218434e-19,1.68878539446388886e-12
1.45565219363968705e-19,1.68880387543368462e-12
1.46479045091617212e-19,1.68882235660571716e-12
1.47398607611777514e-19,1.68884083798000243e-12
1.48323942938744115e-19,1.68885931955652911e-12
1.49255087312900555e-19,1.68887780133531297e-12
1.5019207720213994e-19,1.68889628331634248e-12
1.51134949303290844e-19,1.68891476549962695e-12
1.52083740543558081e-19,1.68893324788517525e-12
1.53038488081966518e-19,1.68895173047297567e-12
1.53999229310817715e-19,1.68897021326304457e-12
1.54966001857151739e-19,1.68898869625537024e-12
1.55938843584224707e-19,1.68900717944996863e-12
1.56917792592989113e-19,1.68902566284682823e-12
1.57902887223587267e-19,1.68904414644595813e-12
1.5889416605685036e-19,1.68906263024736741e-12
1.59891667915813315e-19,1.68908111425104436e-12
1.60895431867233357e-19,1.68909959845700535e-12
1.61905497223118055e-19,1.68911808286523845e-12
1.6292190354226886e-19,1.68913656747575295e-12
1.63944690631827911e-19,1.68915505228855775e-12
1.64973898548838228e-19,1.68917353730364172e-12
1.66009567601809974e-19,1.68919202252102023e-12
1.67051738352303088e-19,1.68921050794068237e-12
1.68100451616513144e-19,1.68922899356264368e-12
1.69155748466871402e-19,1.68924747938689266e-12
1.70217670233650445e-19,1.68926596541343859e-12
1.71286258506587181e-19,1.68928445164229056e-12
1.7236155513650875e-19,1.68930293807343666e-12
1.73443602236973179e-19,1.68932142470689345e-12
1.74532442185915762e-19,1.6893399115426488e-12
1.75628117627313056e-19,1.68935839858071909e-12
1.76730671472850998e-19,1.68937688582109239e-12
1.77840146903603232e-19,1.6893953732637784e-12
1.78956587371726666e-19,1.68941386090878559e-12
1.800800366021603e-19,1.68943234875610266e-12
1.812105385943393e-19,1.68945083680574577e-12
1.82348137623915142e-19,1.689469325057703e-12
1.83492878244494063e-19,1.68948781351198384e-12
1.8464480528937913e-19,1.68950630216859718e-12
1.85803963873327611e-19,1.6895247910275313e-12
1.86970399394314677e-19,1.68954328008880257e-12
1.88144157535316213e-19,1.68956176935239906e-12
1.8932528426609467e-19,1.68958025881833694e-12
1.90513825845001212e-19,1.68959874848660468e-12
1.91709828820784109e-19,1.68961723835721139e-12
1.92913340034416606e-19,1.68963572843016595e-12
1.94124406620929041e-19,1.68965421870545704e-12
1.95343076011252512e-19,1.68967270918310062e-12
1.96569395934081214e-19,1.68969119986308498e-12
1.97803414417738537e-19,1.68970969074542647e-12
1.9904517979205978e-19,1.68972818183011298e-12
2.00294740690281533e-19,1.689746673117154e-12
2.01552146050951459e-19,1.68976516460655862e-12
2.02817445119841535e-19,1.68978365629831513e-12
2.04090687451878512e-19,1.68980214819243947e-12
2.05371922913081273e-19,1.68982064028892034e-12
2.06661201682518926e-19,1.6898391325877735e-12
2.07958574254272596e-19,1.68985762508898762e-12
2.09264091439414807e-19,1.6898761177925714e-12
2.10577804367996017e-19,1.68989461069853454e-12
2.11899764491052132e-19,1.6899131038068649e-12
2.1323002358261721e-19,1.68993159711757865e-12
2.14568633741748411e-19,1.68995009063066449e-12
2.15915647394571631e-19,1.68996858434613108e-12
2.17271117296331362e-19,1.68998707826398793e-12
2.18635096533458619e-19,1.69000557238422332e-12
2.2000763852564631e-19,1.69002406670685321e-12
2.21388797027946912e-19,1.69004256123186608e-12
2.22778626132874132e-19,1.69006105595927769e-12
2.24177180272523256e-19,1.69007955088907693e-12
2.25584514220699225e-19,1.69009804602127248e-12
2.27000683095067433e-19,1.69011654135587384e-12
2.28425742359308612e-19,1.69013503689286909e-12
2.29859747825293023e-19,1.69015353263227438e-12
2.31302755655262379e-19,1.69017202857407821e-12
2.32754822364035237e-19,1.69019052471829652e-12
2.34216004821216524e-19,1.69020902106491762e-12
2.35686360253426693e-19,1.69022751761395057e-12
2.3716594624653921e-19,1.69024601436540488e-12
2.38654820747941532e-19,1.69026451131926863e-12
2.40153042068801863e-19,1.69028300847555798e-12
2.41660668886349947e-19,1.6903015058342612e-12
2.43177760246180718e-19,1.6903200033953874e-12
2.44704375564563322e-19,1.69033850115894586e-12
2.46240574630769732e-19,1.69035699912492507e-12
2.47786417609412622e-19,1.69037549729334078e-12
2.49341965042807584e-19,1.69039399566418148e-12
2.50907277853340162e-19,1.69041249423746332e-12
2.5248241734585402e-19,1.6904309930131746e-12
2.54067445210047911e-19,1.6904494919913244e-12
2.5566242352289745e-19,1.690467991171922e-12
2.57267414751082788e-19,1.69048649055495571e-12
2.58882481753436704e-19,1.69050499014044146e-12
2.60507687783402624e-19,1.69052348992836776e-12
2.62143096491517922e-19,1.69054198991875055e-12
2.63788771927903729e-19,1.69056049011157852e-12
2.65444778544770316e-19,1.69057899050686037e-12
2.67111181198947586e-19,1.69059749110460557e-12
2.6878804515442101e-19,1.69061599190480222e-12
2.7047543608488978e-19,1.69063449290746667e-12
2.72173420076334539e-19,1.69065299411258701e-12
2.73882063629612088e-19,1.69067149552017273e-12
2.75601433663055627e-19,1.69068999713023251e-12
2.77331597515097696e-19,1.69070849894275505e-12
2.79072622946903038e-19,1.6907270009577565e-12
2.80824578145029123e-19,1.69074550317522494e-12
2.82587531724092149e-19,1.69076400559517633e-12
2.84361552729456569e-19,1.69078250821759956e-12
2.86146710639934803e-19,1.69080101104250332e-12
2.87943075370514967e-19,1.6908195140698969e-12
2.89750717275095794e-19,1.69083801729976857e-12
2.91569707149238504e-19,1.69085652073213471e-12
2.93400116232946396e-19,1.69087502436698339e-12
2.95242016213450422e-19,1.69089352820433057e-12
2.97095479228018974e-19,1.69091203224416494e-12
2.98960577866778354e-19,1.69093053648649559e-12
3.00837385175563089e-19,1.69094904093133141e-12
3.02725974658771771e-19,1.69096754557866107e-12
3.04626420282248333e-19,1.69098605042850035e-12
3.06538796476173872e-19,1.69100455548083772e-12
3.08463178137989235e-19,1.69102306073568247e-12
3.10399640635323341e-19,1.6910415661930437e-12
3.12348259808947351e-19,1.69106007185290948e-12
3.14309111975739907e-19,1.69107857771529618e-12
3.16282273931683747e-19,1.69109708378019228e-12
3.18267822954869459e-19,1.69111559004761334e-12
3.20265836808518406e-19,1.69113409651754824e-12
3.222763937440356e-19,1.69115260319000588e-12
3.24299572504069744e-19,1.69117111006499534e-12
3.26335452325599349e-19,1.69118961714250531e-12
3.28384112943030931e-19,1.69120812442255154e-12
3.30445634591329687e-19,1.69122663190512233e-12
3.32520098009156577e-19,1.69124513959023402e-12
3.34607584442033063e-19,1.69126364747787491e-12
3.36708175645517591e-19,1.69128215556805408e-12
3.38821953888415871e-19,1.69130066386078062e-12
3.40949001955997121e-19,1.69131917235604302e-12
3.43089403153239395e-19,1.69133768105385724e-12
3.45243241308086461e-19,1.69135618995421175e-12
3.47410600774739252e-19,1.69137469905711566e-12
3.49591566436955435e-19,1.69139320836257804e-12
3.51786223711369567e-19,1.6914117178705872e-12
3.53994658550846942e-19,1.69143022758115947e-12
3.56216957447844172e-19,1.69144873749428295e-12
3.58453207437799437e-19,1.69146724760997399e-12
3.60703496102535662e-19,1.69148575792822069e-12
3.62967911573698898e-19,1.69150426844903212e-12
3.65246542536204671e-19,1.69152277917241779e-12
3.67539478231713737e-19,1.69154129009836577e-12
3.69846808462121549e-19,1.69155980122689222e-12
3.72168623593084162e-19,1.69157831255798542e-12
3.74505014557551487e-19,1.69159682409166175e-12
3.76856072859331351e-19,1.69161533582790927e-12
3.79221890576667622e-19,1.69163384776673708e-12
3.81602560365855042e-19,1.69165235990815447e-12
3.83998175464862378e-19,1.69167087225214993e-12
3.86408829696986859e-19,1.6916893847987392e-12
3.88834617474522614e-19,1.69170789754791079e-12
3.91275633802467685e-19,1.69172641049967417e-12
3.93731974282240134e-19,1.69174492365403783e-12
3.96203735115417419e-19,1.69176343701099067e-12
3.9869101310751371e-19,1.69178195057054864e-12
4.01193905671764864e-19,1.69180046433270002e-12
4.03712510832946639e-19,1.69181897829746077e-12
4.06246927231207485e-19,1.69183749246481958e-12
4.0879725412594151e-19,1.69185600683478533e-12
4.11363591399669296e-19,1.69187452140736712e-12
4.13946039561953005e-19,1.69189303618255363e-12
4.16544699753326356e-19,1.69191155116036062e-12
4.19159673749265564e-19,1.69193006634077657e-12
4.21791063964168803e-19,1.69194858172381744e-12
4.24438973455370403e-19,1.69196709730947192e-12
4.27103505927170416e-19,1.6919856130977489e-12
4.29784765734906359e-19,1.69200412908865746e-12
4.32482857889035037e-19,1.69202264528218609e-12
4.35197888059240119e-19,1.69204116167835075e-12
4.37929962578581067e-19,1.69205967827714012e-12
4.40679188447650547e-19,1.6920781950785629e-12
4.43445673338768803e-19,1.69209671208262856e-12
4.46229525600193176e-19,1.69211522928932521e-12
4.49030854260372508e-19,1.69213374669866919e-12
4.51849769032209959e-19,1.69215226431064879e-12
4.54686380317363416e-19,1.69217078212527997e-12
4.57540799210562037e-19,1.69218930014255121e-12
4.60413137503968226e-19,1.6922078183624714e-12
4.63303507691548668e-19,1.69222633678505004e-12
4.66212022973483817e-19,1.6922448554102752e-12
4.69138797260593525e-19,1.69226337423816325e-12
4.72083945178810065e-19,1.69228189326870227e-12
4.75047582073661562e-19,1.69230041250190862e-12
4.78029824014783531e-19,1.69231893193777038e-12
4.81030787800476444e-19,1.69233745157629684e-12
4.84050590962272276e-19,1.69235597141749709e-12
4.87089351769541596e-19,1.69237449146135942e-12
4.90147189234117505e-19,1.69239301170790019e-12
4.93224223114968585e-19,1.69241153215710748e-12
4.9632057392288126e-19,1.69243005280899037e-12
4.99436362925183824e-19,1.69244857366355836e-12
5.0257171215048722e-19,1.69246709472079954e-12
5.05726744393476791e-19,1.69248561598073026e-12
5.0890158321971345e-19,1.6925041374433384e-12
5.12096352970476711e-19,1.69252265910864053e-12
5.15311178767626759e-19,1.69254118097662474e-12
5.18546186518516762e-19,1.69255970304730009e-12
5.21801502920917804e-19,1.6925782253206761e-12
5.25077255467975244e-19,1.69259674779674064e-12
5.28373572453213577e-19,1.69261527047551028e-12
5.31690582975553383e-19,1.69263379335697309e-12
5.35028416944371299e-19,1.69265231644114523e-12
5.38387205084579525e-19,1.69267083972801499e-12
5.41767078941758169e-19,1.69268936321759146e-12
5.45168170887298658e-19,1.69270788690988394e-12
5.4859061412359285e-19,1.69272641080488089e-12
5.52034542689240339e-19,1.69274493490259808e-12
5.55500091464311602e-19,1.69276345920302421e-12
5.58987396175621685e-19,1.69278198370616815e-12
5.62496593402050426e-19,1.69280050841203899e-12
5.66027820579882319e-19,1.69281903332062543e-12
5.69581216008202624e-19,1.69283755843194321e-12
5.73156918854307541e-19,1.69285608374598102e-12
5.76755069159146859e-19,1.69287460926275463e-12
5.80375807842823457e-19,1.69289313498225251e-12
5.84019276710102127e-19,1.69291166090448396e-12
5.87685618455968842e-19,1.69293018702945787e-12
5.91374976671209374e-19,1.69294871335716271e-12
5.9508749584804714e-19,1.69296723988761466e-12
5.98823321385793268e-19,1.69298576662080198e-12
6.02582599596545038e-19,1.69300429355674065e-12
6.06365477710907183e-19,1.69302282069541935e-12
6.10172103883772333e-19,1.69304134803684675e-12
6.14002627200113857e-19,1.69305987558103237e-12
6.17857197680829489e-19,1.69307840332796447e-12
6.21735966288606858e-19,1.69309693127765923e-12
6.25639084933850967e-19,1.69311545943010471e-12
6.29566706480623965e-19,1.69313398778531042e-12
6.33518984752636319e-19,1.69315251634328524e-12
6.37496074539261961e-19,1.69317104510401766e-12
6.41498131601614865e-19,1.69318957406752363e-12
6.45525312678642886e-19,1.69320810323379165e-12
6.49577775493257579e-19,1.69322663260283786e-12
6.53655678758527408e-19,1.69324516217465035e-12
6.57759182183883043e-19,1.69326369194923862e-12
6.61888446481378193e-19,1.69328222192661155e-12
6.6604363337197214e-19,1.69330075210675762e-12
6.70224905591880319e-19,1.6933192824896928e-12
6.74432426898936885e-19,1.69333781307540538e-12
6.7866636207901343e-19,1.69335634386391169e-12
6.82926876952462202e-19,1.69337487485520004e-12
6.87214138380626431e-19,1.69339340604927952e-12
6.91528314272364505e-19,1.6934119374461592e-12
6.95869573590632163e-19,1.69343046904582759e-12
7.00238086359087528e-19,1.69344900084830062e-12
7.04634023668767903e-19,1.6934675328535668e-12
7.09057557684781558e-19,1.69348606506164208e-12
7.13508861653042119e-19,1.69350459747251494e-12
7.17988109907070576e-19,1.69352313008619427e-12
7.22495477874811875e-19,1.69354166290268956e-12
7.27031142085510852e-19,1.6935601959219891e-12
7.3159528017661485e-19,1.69357872914410884e-12
7.36188070900747475e-19,1.69359726256903708e-12
7.40809694132698682e-19,1.69361579619678309e-12
7.45460330876474735e-19,1.69363433002735597e-12
7.50140163272375148e-19,1.6936528640607442e-12
7.54849374604144592e-19,1.69367139829696375e-12
7.59588149306138765e-19,1.6936899327360031e-12
7.64356672970553943e-19,1.6937084673778782e-12
7.69155132354683018e-19,1.69372700222257734e-12
7.73983715388248857e-19,1.6937455372701098e-12
7.78842611180754639e-19,1.69376407252048489e-12
7.83732010028881116e-19,1.69378260797369068e-12
7.88652103423958128e-19,1.69380114362974313e-12
7.93603084059452238e-19,1.69381967948863113e-12
7.98585145838519204e-19,1.69383821555037023e-12
8.03598483881585709e-19,1.69385675181494913e-12
8.08643294534010188e-19,1.6938752882823769e-12
8.13719775373759894e-19,1.69389382495266264e-12
8.18828125219155482e-19,1.69391236182579464e-12
8.23968544136644433e-19,1.69393089890178904e-12
8.29141233448656276e-19,1.69394943618063435e-12
8.34346395741474348e-19,1.69396797366233944e-12
8.39584234873176209e-19,1.6939865113469138e-12
8.4485495598160477e-19,1.69400504923434553e-12
8.50158765492422136e-19,1.69402358732465057e-12
8.55495871127184648e-19,1.69404212561781782e-12
8.60866481911467241e-19,1.69406066411386283e-12
8.66270808183070837e-19,1.69407920281277429e-12
8.71709061600246585e-19,1.69409774171456108e-12
8.77181455149991971e-19,1.6941162808192325e-12
8.8268820315637814e-19,1.69413482012677703e-12
8.88229521288965433e-19,1.69415335963721063e-12
8.93805626571235663e-19,1.69417189935052158e-12
8.99416737389098837e-19,1.69419043926672604e-12
9.05063073499431837e-19,1.6942089793858123e-12
9.10744856038706429e-19,1.69422751970778965e-12
9.16462307531636193e-19,1.69424606023266717e-12
9.22215651899898318e-19,1.69426460096043315e-12
9.2800511447088879e-19,1.69428314189110375e-12
9.33830921986569815e-19,1.69430168302466726e-12
9.39693302612338227e-19,1.69432022436113295e-12
9.45592485945950767e-19,1.69433876590050993e-12
9.51528703026539008e-19,1.69435730764278668e-12
9.5750218634364196e-19,1.69437584958797896e-12
9.63513169846319947e-19,1.69439439173607524e-12
9.69561888952301155e-19,1.69441293408709169e-12
9.75648580557224552e-19,1.6944314766410168e-12
9.81773483043903684e-19,1.69445001939785945e-12
9.87936836291669272e-19,1.69446856235762894e-12
9.94138881685748404e-19,1.69448710552031374e-12
1.00037986212674258e-18,1.69450564888592961e-12
1.0066600220401289e-18,1.69452419245446505e-12
1.0129796073858161e-18,1.69454273622593641e-12
1.01933886566782295e-18,1.69456128020033157e-12
1.02573804594391761e-18,1.69457982437766002e-12
1.03217739883539737e-18,1.69459836875793085e-12
1.03865717653692819e-18,1.69461691334113256e-12
1.04517763282637306e-18,1.69463545812728089e-12
1.05173902307475453e-18,1.69465400311636433e-12
1.05834160425628326e-18,1.69467254830839217e-12
1.06498563495836134e-18,1.6946910937033735e-12
1.07167137539177911e-18,1.6947096393012964e-12
1.07839908740084652e-18,1.69472818510217744e-12
1.08516903447367183e-18,1.69474673110600469e-12
1.09198148175250989e-18,1.69476527731279432e-12
1.09883669604409215e-18,1.69478382372253462e-12
1.1057349458301027e-18,1.69480237033523486e-12
1.11267650127772009e-18,1.69482091715090394e-12
1.11966163425013573e-18,1.69483946416953055e-12
1.12669061831727355e-18,1.69485801139113044e-12
1.13376372876644033e-18,1.69487655881569229e-12
1.14088124261313452e-18,1.69489510644323188e-12
1.14804343861192385e-18,1.69491365427373787e-12
1.15525059726730597e-18,1.69493220230721916e-12
1.16250300084472345e-18,1.69495075054368505e-12
1.16980093338164549e-18,1.69496929898312381e-12
1.17714468069863684e-18,1.6949878476255516e-12
1.18453453041057891e-18,1.69500639647095671e-12
1.1919707719379637e-18,1.69502494551934842e-12
1.19945369651816164e-18,1.69504349477073564e-12
1.20698359721690452e-18,1.69506204422510704e-12
1.21456076893969581e-18,1.69508059388247857e-12
1.22218550844338873e-18,1.69509914374283833e-12
1.22985811434784016e-18,1.69511769380620288e-12
1.23757888714754479e-18,1.69513624407256029e-12
1.24534812922343373e-18,1.69515479454191966e-12
1.25316614485474876e-18,1.69517334521429027e-12
1.26103324023089764e-18,1.69519189608966042e-12
1.2689497234634762e-18,1.69521044716804626e-12
1.27691590459836621e-18,1.69522899844943628e-12
1.28493209562780708e-18,1.69524754993384622e-12
1.29299861050269668e-18,1.69526610162126458e-12
1.30111576514481451e-18,1.69528465351170066e-12
1.309283877459226e-18,1.69530320560516353e-12
1.31750326734676539e-18,1.69532175790164128e-12
1.32577425671649996e-18,1.69534031040115047e-12
1.33409716949836953e-18,1.69535886310367918e-12
1.34247233165590646e-18,1.69537741600923652e-12
1.35090007119892474e-18,1.69539596911783195e-12
1.35938071819645449e-18,1.69541452242945338e-12
1.36791460478959154e-18,1.69543307594411715e-12
1.37650206520453917e-18,1.69545162966181175e-12
1.38514343576573075e-18,1.69547018358255294e-12
1.39383905490893594e-18,1.69548873770632942e-12
1.40258926319454715e-18,1.69550729203315005e-12
1.41139440332095292e-18,1.69552584656302414e-12
1.42025482013789132e-18,1.69554440129593997e-12
1.42917086065998843e-18,1.69556295623191369e-12
1.43814287408038614e-18,1.6955815113709336e-12
1.44717121178433517e-18,1.69560006671301605e-12
1.45625622736305062e-18,1.69561862225814892e-12
1.46539827662747909e-18,1.69563717800634171e-12
1.47459771762226729e-18,1.6956557339576035e-12
1.48385491063982229e-18,1.69567429011192258e-12
1.49317021823434997e-18,1.69569284646931511e-12
1.50254400523608936e-18,1.69571140302976937e-12
1.5119766387656386e-18,1.69572995979329466e-12
1.52146848824824779e-18,1.69574851675990005e-12
1.53101992542838415e-18,1.69576707392957384e-12
1.54063132438420714e-18,1.69578563130233199e-12
1.55030306154225333e-18,1.69580418887816338e-12
1.56003551569221937e-18,1.69582274665708356e-12
1.56982906800171997e-18,1.69584130463908102e-12
1.57968410203125463e-18,1.69585986282416506e-12
1.58960100374926776e-18,1.69587842121234476e-12
1.59958016154718846e-18,1.69589697980360841e-12
1.60962196625467938e-18,1.69591553859797216e-12
1.61972681115498402e-18,1.6959340975954245e-12
1.62989509200023622e-18,1.69595265679598119e-12
1.64012720702706612e-18,1.69597121619963091e-12
1.65042355697210403e-18,1.69598977580638255e-12
1.66078454508771445e-18,1.6960083356162454e-12
1.67121057715783033e-18,1.69602689562920796e-12
1.68170206151376406e-18,1.69604545584528616e-12
1.69225940905024028e-18,1.69606401626446831e-12
1.70288303324152961e-18,1.69608257688676369e-12
1.71357335015755965e-18,1.69610113771218118e-12
1.72433077848025119e-18,1.69611969874070948e-12
1.73515573951995884e-18,1.69613825997236454e-12
1.74604865723187152e-18,1.69615682140713485e-12
1.75700995823273125e-18,1.69617538304503616e-12
1.76804007181744064e-18,1.69619394488605716e-12
1.77913942997591919e-18,1.69621250693020695e-12
1.79030846741006566e-18,1.6962310691774946e-12
1.80154762155069584e-18,1.6962496316279084e-12
1.81285733257471792e-18,1.69626819428146452e-12
1.82423804342241579e-18,1.69628675713815124e-12
1.83569019981469351e-18,1.6963053201979849e-12
1.8472142502706512e-18,1.69632388346095362e-12
1.85881064612504524e-18,1.69634244692706666e-12
1.87047984154601013e-18,1.69636101059633311e-12
1.88222229355289232e-18,1.69637957446874148e-12
1.89403846203405612e-18,1.6963981385443075e-12
1.90592880976494228e-18,1.69641670282301988e-12
1.91789380242623722e-18,1.69643526730488769e-12
1.92993390862202093e-18,1.69645383198992002e-12
1.94204959989816311e-18,1.69647239687810537e-12
1.9542413507608404e-18,1.69649096196945969e-12
1.96650963869500814e-18,1.69650952726397126e-12
1.97885494418323075e-18,1.69652809276165644e-12
1.99127775072438386e-18,1.69654665846250333e-12
2.00377854485264141e-18,1.6965652243665212e-12
2.01635781615657814e-18,1.69658379047371914e-12
2.02901605729824688e-18,1.69660235678408545e-12
2.04175376403252214e-18,1.69662092329763647e-12
2.05457143522656534e-18,1.69663949001436051e-12
2.06746957287926397e-18,1.6966580569342735e-12
2.08044868214094205e-18,1.69667662405736374e-12
2.09350927133319429e-18,1.69669519138364072e-12
2.10665185196867552e-18,1.69671375891311313e-12
2.11987693877127111e-18,1.69673232664576985e-12
2.13318504969613585e-18,1.69675089458162643e-12
2.1465767059500297e-18,1.69676946272067178e-12
2.1600524320117848e-18,1.69678803106291456e-12
2.1736127556527405e-18,1.69680659960836428e-12
2.1872582079574655e-18,1.69682516835700902e-12
2.20098932334461189e-18,1.69684373730886514e-12
2.21480663958772e-18,1.69686230646392072e-12
2.22871069783642398e-18,1.69688087582219212e-12
2.24270204263751968e-18,1.69689944538366762e-12
2.25678122195634397e-18,1.69691801514835612e-12
2.27094878719829386e-18,1.69693658511626711e-12
2.28520529323030875e-18,1.69695515528738886e-12
2.29955129840265839e-18,1.69697372566173754e-12
2.31398736457086608e-18,1.69699229623930123e-12
2.32851405711760121e-18,1.6970108670200963e-12
2.34313194497487877e-18,1.69702943800411081e-12
2.3578416006463977e-18,1.69704800919135428e-12
2.37264360022983099e-18,1.69706658058183557e-12
2.38753852343953882e-18,1.69708515217554319e-12
2.40252695362914144e-18,1.69710372397249308e-12
2.41760947781442013e-18,1.69712229597267394e-12
2.43278668669636902e-18,1.69714086817609465e-12
2.44805917468421188e-18,1.6971594405827643e-12
2.46342753991873886e-18,1.69717801319267138e-12
2.47889238429579393e-18,1.69719658600583204e-12
2.49445431348970685e-18,1.69721515902223458e-12
2.51011393697717671e-18,1.69723373224189493e-12
2.52587186806099842e-18,1.69725230566480181e-12
2.5417287238941448e-18,1.69727087929096388e-12
2.55768512550399679e-18,1.69728945312039085e-12
2.57374169781654466e-18,1.69730802715307059e-12
2.58989906968092305e-18,1.69732660138901947e-12
2.60615787389410312e-18,1.69734517582822597e-12
2.62251874722554996e-18,1.69736375047070585e-12
2.63898233044222415e-18,1.69738232531644759e-12
2.65554926833374128e-18,1.69740090036546028e-12
2.67222020973747521e-18,1.69741947561775321e-12
2.68899580756414156e-18,1.69743805107331488e-12
2.70587671882321774e-18,1.69745662673216102e-12
2.72286360464873783e-18,1.69747520259428014e-12
2.73995713032525481e-18,1.69749377865968152e-12
2.75715796531376031e-18,1.69751235492837425e-12
2.77446678327797156e-18,1.69753093140034661e-12
2.79188426211078422e-18,1.69754950807561476e-12
2.80941108396068343e-18,1.697568084954167e-12
2.82704793525853083e-18,1.69758666203601946e-12
2.84479550674451365e-18,1.69760523932116045e-12
2.86265449349504052e-18,1.69762381680959925e-12
2.88062559495014472e-18,1.69764239450134494e-12
2.89870951494071785e-18,1.69766097239638583e-12
2.91690696171614305e-18,1.69767955049473825e-12
2.93521864797210521e-18,1.69769812879639011e-12
2.95364529087836069e-18,1.69771670730135794e-12
2.97218761210689618e-18,1.69773528600962986e-12
2.99084633786026666e-18,1.69775386492121513e-12
3.00962219889986475e-18,1.69777244403612285e-12
3.02851593057473715e-18,1.6977910233543413e-12
3.04752827285021382e-18,1.69780960287588665e-12
3.06665997033695854e-18,1.69782818260074738e-12
3.08591177232021057e-18,1.69784676252893944e-12
3.10528443278897668e-18,1.69786534266045132e-12
3.12477871046563763e-18,1.69788392299529191e-12
3.14439536883573902e-18,1.69790250353347071e-12
3.16413517617774049e-18,1.69792108427497579e-12
3.18399890559318088e-18,1.69793966521982351e-12
3.20398733503703457e-18,1.69795824636800196e-12
3.22410124734799779e-18,1.69797682771952043e-12
3.24434143027935786e-18,1.69799540927438801e-12
3.26470867652966042e-18,1.69801399103259318e-12
3.28520378377383419e-18,1.6980325729941521e-12
3.3058275546945126e-18,1.69805115515905286e-12
3.32658079701330904e-18,1.6980697375273116e-12
3.34746432352253184e-18,1.69808832009891683e-12
3.36847895211709848e-18,1.69810690287387783e-12
3.38962550582640487e-18,1.69812548585220328e-12
3.41090481284663951e-18,1.69814406903388208e-12
3.43231770657330497e-18,1.69816265241892998e-12
3.45386502563366073e-18,1.69818123600733547e-12
3.47554761391979299e-18,1.69819981979911449e-12
3.49736632062146745e-18,1.69821840379425555e-12
3.51932200025947169e-18,1.69823698799276793e-12
3.54141551271916975e-18,1.69825557239466051e-12
3.56364772328400626e-18,1.69827415699992179e-12
3.58601950266947917e-18,1.69829274180856792e-12
3.60853172705733206e-18,1.69831132682058698e-12
3.63118527812966214e-18,1.69832991203598848e-12
3.65398104310368745e-18,1.69834849745478148e-12
3.67691991476628579e-18,1.69836708307695409e-12
3.70000279150905233e-18,1.69838566890252286e-12
3.72323057736357094e-18,1.69840425493147566e-12
3.74660418203664303e-18,1.69842284116382908e-12
3.77012452094600477e-18,1.69844142759957097e-12
3.79379251525627019e-18,1.69846001423871085e-12
3.81760909191482664e-18,1.69847860108125779e-12
3.84157518368822745e-18,1.69849718812720008e-12
3.86569172919881868e-18,1.69851577537655368e-12
3.88995967296128142e-18,1.69853436282930727e-12
3.91437996541987402e-18,1.69855295048547702e-12
3.93895356298543345e-18,1.6985715383450508e-12
3.96368142807293022e-18,1.69859012640803811e-12
3.9885645291392572e-18,1.69860871467444804e-12
4.0136038407209632e-18,1.69862730314426887e-12
4.03880034347251746e-18,1.69864589181751675e-12
4.0641550242048191e-18,1.69866448069418018e-12
4.08966887592360884e-18,1.69868306977426805e-12
4.11534289786863026e-18,1.69870165905778984e-12
4.14117809555252714e-18,1.69872024854473363e-12
4.1671754808003264e-18,1.6987388382351156e-12
4.19333607178916518e-18,1.69875742812892421e-12
4.21966089308796813e-18,1.69877601822617544e-12
4.24615097569767077e-18,1.69879460852685756e-12
4.27280735709170584e-18,1.69881319903097986e-12
4.29963108125642761e-18,1.69883178973855164e-12
4.3266231987320995e-18,1.69885038064956098e-12
4.35378476665414726e-18,1.69886897176402423e-12
4.38111684879431528e-18,1.69888756308192949e-12
4.40862051560260805e-18,1.6989061546032931e-12
4.43629684424896837e-18,1.69892474632810337e-12
4.46414691866556873e-18,1.69894333825636916e-12
4.49217182958937461e-18,1.69896193038809998e-12
4.52037267460464179e-18,1.69898052272328411e-12
4.54875055818601406e-18,1.69899911526193751e-12
4.57730659174188985e-18,1.69901770800404866e-12
4.60604189365772845e-18,1.69903630094962685e-12
4.63495758933996002e-18,1.69905489409868098e-12
4.66405481126017778e-18,1.69907348745119952e-12
4.693334698999225e-18,1.69909208100719843e-12
4.72279839929213003e-18,1.69911067476666641e-12
4.75244706607275163e-18,1.6991292687296192e-12
4.78228186051908372e-18,1.6991478628960453e-12
4.81230395109885365e-18,1.69916645726595398e-12
4.84251451361504862e-18,1.69918505183935415e-12
4.8729147312520806e-18,1.69920364661623449e-12
4.90350579462224827e-18,1.69922224159661075e-12
4.93428890181208801e-18,1.69924083678047143e-12
4.96526525842961181e-18,1.69925943216783287e-12
4.99643607765124968e-18,1.69927802775868296e-12
5.02780258026947876e-18,1.6992966235530312e-12
5.05936599474075924e-18,1.69931521955088687e-12
5.09112755723340331e-18,1.69933381575223786e-12
5.12308851167610834e-18,1.69935241215710072e-12
5.15525010980680104e-18,1.69937100876546334e-12
5.18761361122141468e-18,1.69938960557733542e-12
5.22018028342333873e-18,1.69940820259272583e-12
5.25295140187319369e-18,1.69942679981162287e-12
5.28592825003848419e-18,1.6994453972340427e-12
5.31911211944420595e-18,1.69946399485997379e-12
5.35250430972313173e-18,1.6994825926894321e-12
5.38610612866683182e-18,1.69950119072240593e-12
5.41991889227703369e-18,1.69951978895890456e-12
5.45394392481689478e-18,1.69953838739893727e-12
5.48818255886299661e-18,1.69955698604249237e-12
5.52263613535767302e-18,1.6995755848895856e-12
5.55730600366125822e-18,1.69959418394020584e-12
5.59219352160506443e-18,1.69961278319436886e-12
5.62730005554470271e-18,1.69963138265206295e-12
5.66262698041327319e-18,1.69964998231329758e-12
5.69817567977558182e-18,1.69966858217808166e-12
5.73394754588200465e-18,1.69968718224640366e-12
5.76994397972315214e-18,1.69970578251827975e-12
5.80616639108487908e-18,1.699724382993698e-12
5.84261619860321854e-18,1.69974298367266791e-12
5.87929482982008003e-18,1.69976158455519858e-12
5.91620372123930591e-18,1.69978018564127807e-12
5.95334431838259209e-18,1.69979878693092275e-12
5.99071807584648988e-18,1.69981738842412092e-12
6.0283264573590356e-18,1.69983599012088871e-12
6.06617093583721894e-18,1.69985459202121463e-12
6.10425299344481948e-18,1.69987319412510736e-12
6.14257412165016118e-18,1.69989179643257658e-12
6.18113582128466858e-18,1.69991039894361019e-12
6.21993960260180088e-18,1.69992900165822474e-12
6.25898698533589594e-18,1.69994760457640831e-12
6.29827949876184311e-18,1.69996620769817707e-12
6.33781868175512821e-18,1.6999848110235193e-12
6.37760608285174794e-18,1.7000034145524443e-12
6.41764326030926486e-18,1.70002201828496113e-12
6.45793178216747699e-18,1.70004062222105811e-12
6.49847322630998318e-18,1.70005922636075157e-12
6.53926918052613895e-18,1.70007783070402962e-12
6.58032124257292547e-18,1.70009643525090153e-12
6.62163102023768374e-18,1.70011504000137639e-12
6.66320013140124258e-18,1.7001336449554427e-12
6.70503020410090755e-18,1.70015225011311641e-12
6.74712287659465352e-18,1.700170855474386e-12
6.78947979742490605e-18,1.70018946103926744e-12
6.83210262548327078e-18,1.7002080668077492e-12
6.87499303007566729e-18,1.70022667277984038e-12
6.91815269098737606e-18,1.70024527895555027e-12
6.96158329854898963e-18,1.70026388533486695e-12
7.00528655370278886e-18,1.70028249191780678e-12
7.04926416806901581e-18,1.70030109870435785e-12
7.09351786401307802e-18,1.70031970569453671e-12
7.13804937471318214e-18,1.70033831288833125e-12
7.18286044422780205e-18,1.70035692028575095e-12
7.22795282756445648e-18,1.70037552788680471e-12
7.27332829074802747e-18,1.70039413569148122e-12
7.31898861089010547e-18,1.70041274369979623e-12
7.3649355762587669e-18,1.70043135191173822e-12
7.4111709863482526e-18,1.70044996032731649e-12
7.45769665194962476e-18,1.70046856894654012e-12
7.50451439522186639e-18,1.7004871777693974e-12
7.55162604976288153e-18,1.70050578679590449e-12
7.59903346068148978e-18,1.70052439602604968e-12
7.64673848466987488e-18,1.70054300545984931e-12
7.69474299007586707e-18,1.70056161509729128e-12
7.74304885697661841e-18,1.70058022493838528e-12
7.79165797725178677e-18,1.70059883498313999e-12
7.84057225465783318e-18,1.70061744523154411e-12
7.88979360490276093e-18,1.70063605568361378e-12
7.93932395572076195e-18,1.7006546663393369e-12
7.98916524694791878e-18,1.70067327719873022e-12
8.03931943059835314e-18,1.70069188826178142e-12
8.08978847094024053e-18,1.7007104995285002e-12
8.14057434457324756e-18,1.70072911099889545e-12
8.19167904050549447e-18,1.70074772267295565e-12
8.24310456023164598e-18,1.70076633455069675e-12
8.29485291781149841e-18,1.70078494663210746e-12
8.34692613994846749e-18,1.70080355891719644e-12
8.39932626606914996e-18,1.7008221714059732e-12
8.45205534840341448e-18,1.70084078409842602e-12
8.50511545206435856e-18,1.70085939699457086e-12
8.55850865512939706e-18,1.70087801009439639e-12
8.61223704872185367e-18,1.70089662339791839e-12
8.66630273709237862e-18,1.70091523690512533e-12
8.72070783770191489e-18,1.70093385061602651e-12
8.7754544813041334e-18,1.70095246453063101e-12
8.83054481202910228e-18,1.70097107864892692e-12
8.88598098746746912e-18,1.7009896929709308e-12
8.94176517875453386e-18,1.70100830749663072e-12
8.9978995706554981e-18,1.70102692222604286e-12
9.05438636165124535e-18,1.7010455371591555e-12
9.11122776402400717e-18,1.70106415229597792e-12
9.16842600394422703e-18,1.70108276763651942e-12
9.22598332155796855e-18,1.70110138318076787e-12
9.28390197107412841e-18,1.70111999892873984e-12
9.34218422085332518e-18,1.70113861488042342e-12
9.40083235349620419e-18,1.70115723103582788e-12
9.45984866593306419e-18,1.70117584739496254e-12
9.51923546951404978e-18,1.70119446395781545e-12
9.57899509009920827e-18,1.701213080724403e-12
9.63912986814981537e-18,1.70123169769471325e-12
9.69964215882026666e-18,1.70125031486876257e-12
9.76053433204977719e-18,1.70126893224653905e-12
9.82180877265582478e-18,1.70128754982805217e-12
9.88346788042699276e-18,1.70130616761331082e-12
9.94551407021720073e-18,1.70132478560230369e-12
1.00079497720405193e-17,1.70134340379504653e-12
1.00707774311658591e-17,1.70136202219152784e-12
1.01339995082129768e-17,1.70138064079176356e-12
1.01976184792490946e-17,1.70139925959574239e-12
1.02616368358853808e-17,1.70141787860347322e-12
1.03260570853747761e-17,1.70143649781496552e-12
1.03908817507104453e-17,1.7014551172302072e-12
1.04561133707240011e-17,1.7014737368492146e-12
1.05217545001856054e-17,1.70149235667197621e-12
1.05878077099034432e-17,1.701510976698508e-12
1.06542755868246482e-17,1.70152959692879823e-12
1.0721160734136889e-17,1.70154821736285602e-12
1.07884657713698033e-17,1.70156683800069083e-12
1.08561933344978439e-17,1.70158545884229097e-12
1.09243460760437826e-17,1.70160407988767238e-12
1.09929266651819788e-17,1.70162270113682335e-12
1.10619377878436281e-17,1.70164132258975318e-12
1.1131382146821326e-17,1.70165994424647115e-12
1.12012624618751941e-17,1.70167856610696534e-12
1.12715814698396653e-17,1.70169718817125212e-12
1.13423419247301374e-17,1.70171581043931977e-12
1.14135465978510905e-17,1.70173443291118425e-12
1.14851982779049126e-17,1.70175305558683404e-12
1.15572997711005578e-17,1.70177167846627843e-12
1.16298539012637305e-17,1.70179030154952631e-12
1.17028635099477602e-17,1.70180892483656618e-12
1.17763314565442291e-17,1.70182754832741417e-12
1.18502606183957199e-17,1.70184617202205859e-12
1.19246538909078373e-17,1.70186479592051538e-12
1.19995141876628912e-17,1.70188342002277324e-12
1.20748444405343008e-17,1.70190204432884126e-12
1.21506475998008274e-17,1.70192066883872851e-12
1.22269266342624238e-17,1.7019392935524231e-12
1.23036845313568016e-17,1.70195791846994177e-12
1.23809242972758287e-17,1.70197654359127221e-12
1.24586489570835751e-17,1.70199516891642391e-12
1.25368615548350838e-17,1.70201379444540616e-12
1.26155651536948866e-17,1.70203242017820685e-12
1.269476283605778e-17,1.70205104611484273e-12
1.2774457703668835e-17,1.70206967225530169e-12
1.28546528777451822e-17,1.70208829859959988e-12
1.29353514990985626e-17,1.7021069251477258e-12
1.30165567282577116e-17,1.70212555189968853e-12
1.30982717455924564e-17,1.70214417885549736e-12
1.31804997514385904e-17,1.70216280601514038e-12
1.32632439662224612e-17,1.70218143337863414e-12
1.334650763058797e-17,1.70220006094596653e-12
1.34302940055227189e-17,1.7022186887171539e-12
1.35146063724860596e-17,1.70223731669218435e-12
1.35994480335379391e-17,1.70225594487106756e-12
1.36848223114675616e-17,1.70227457325381223e-12
1.37707325499238544e-17,1.70229320184040683e-12
1.38571821135467582e-17,1.70231183063086772e-12
1.39441743880983285e-17,1.7023304596251828e-12
1.40317127805956719e-17,1.70234908882336154e-12
1.41198007194447276e-17,1.70236771822541324e-12
1.42084416545737379e-17,1.70238634783132599e-12
1.42976390575692799e-17,1.70240497764111594e-12
1.43873964218114217e-17,1.70242360765477138e-12
1.44777172626108869e-17,1.70244223787230866e-12
1.4568605117347082e-17,1.70246086829371588e-12
1.46600635456059353e-17,1.70247949891900252e-12
1.47520961293196463e-17,1.70249812974817746e-12
1.48447064729073491e-17,1.702516760781229e-12
1.4937898203415543e-17,1.70253539201817349e-12
1.50316749706605133e-17,1.70255402345899922e-12
1.51260404473716333e-17,1.70257265510372235e-12
1.52209983293343579e-17,1.70259128695233096e-12
1.53165523355359524e-17,1.70260991900483454e-12
1.54127062083102628e-17,1.70262855126124218e-12
1.55094637134846726e-17,1.70264718372154217e-12
1.56068286405279626e-17,1.70266581638575046e-12
1.57048048026979667e-17,1.70268444925385574e-12
1.58033960371912842e-17,1.7027030823258669e-12
1.59026062052939729e-17,1.70272171560179342e-12
1.60024391925318472e-17,1.7027403490816232e-12
1.61028989088237055e-17,1.70275898276537279e-12
1.6203989288633548e-17,1.70277761665303048e-12
1.6305714291125044e-17,1.70279625074461202e-12
1.64080779003170091e-17,1.70281488504010611e-12
1.65110841252386338e-17,1.70283351953952182e-12
1.66147370000868895e-17,1.70285215424286825e-12
1.67190405843849364e-17,1.70287078915013388e-12
1.68239989631402946e-17,1.70288942426133488e-12
1.69296162470052564e-17,1.70290805957645932e-12
1.70358965724382638e-17,1.70292669509552357e-12
1.71428441018649663e-17,1.70294533081851592e-12
1.72504630238423505e-17,1.70296396674544544e-12
1.73587575532217971e-17,1.70298260287632142e-12
1.74677319313145667e-17,1.70300123921113197e-12
1.75773904260583577e-17,1.70301987574989363e-12
1.76877373321835925e-17,1.70303851249259448e-12
1.77987769713820368e-17,1.70305714943924363e-12
1.7910513692476504e-17,1.70307578658985035e-12
1.8022951871590308e-17,1.70309442394440313e-12
1.8136095912319072e-17,1.70311306150291793e-12
1.82499502459036555e-17,1.70313169926538304e-12
1.8364519331402648e-17,1.70315033723181462e-12
1.84798076558682109e-17,1.70316897540220114e-12
1.85958197345207619e-17,1.7031876137765517e-12
1.87125601109262459e-17,1.70320625235487539e-12
1.88300333571745647e-17,1.70322489113716049e-12
1.89482440740577023e-17,1.70324353012342356e-12
1.90671968912503841e-17,1.70326216931365229e-12
1.91868964674918583e-17,1.70328080870786344e-12
1.93073474907672668e-17,1.70329944830604488e-12
1.94285546784925002e-17,1.70331808810820612e-12
1.95505227776978451e-17,1.70333672811435603e-12
1.96732565652143778e-17,1.7033553683244833e-12
1.97967608478615355e-17,1.7033740087386037e-12
1.99210404626343937e-17,1.70339264935670571e-12
2.00461002768935998e-17,1.70341129017879861e-12
2.01719451885564882e-17,1.7034299312048915e-12
2.02985801262879211e-17,1.70344857243497266e-12
2.04260100496938119e-17,1.70346721386905845e-12
2.05542399495158672e-17,1.70348585550713696e-12
2.06832748478258779e-17,1.70350449734922433e-12
2.08131197982237431e-17,1.70352313939530887e-12
2.09437798860342198e-17,1.70354178164539985e-12
2.10752602285065914e-17,1.70356042409950657e-12
2.12075659750155962e-17,1.70357906675761732e-12
2.13407023072620718e-17,1.70359770961974804e-12
2.14746744394764081e-17,1.70361635268588703e-12
2.16094876186232883e-17,1.70363499595605085e-12
2.17451471246059492e-17,1.70365363943022737e-12
2.18816582704743958e-17,1.70367228310842589e-12
2.20190264026322197e-17,1.7036909269906559e-12
2.21572569010465376e-17,1.70370957107690528e-12
2.229635517945923e-17,1.70372821536719059e-12
2.2436326685597892e-17,1.70374685986149972e-12
2.25771769013897158e-17,1.70376550455984216e-12
2.27189113431767663e-17,1.70378414946222699e-12
2.28615355619309023e-17,1.70380279456864271e-12
2.30050551434717385e-17,1.70382143987910506e-12
2.31494757086859643e-17,1.70384008539360273e-12
2.32948029137461862e-17,1.70385873111215189e-12
2.34410424503339517e-17,1.70387737703474062e-12
2.35882000458613218e-17,1.703896023161378e-12
2.37362814636957778e-17,1.70391466949207373e-12
2.38852925033864881e-17,1.70393331602681569e-12
2.40352390008903275e-17,1.70395196276562024e-12
2.41861268288009728e-17,1.70397060970847547e-12
2.43379618965795242e-17,1.70398925685539772e-12
2.44907501507847658e-17,1.7040079042063753e-12
2.46444975753066225e-17,1.70402655176141749e-12
2.47992101916011522e-17,1.70404519952053337e-12
2.49548940589249455e-17,1.70406384748371104e-12
2.51115552745740552e-17,1.70408249565096704e-12
2.52691999741213803e-17,1.70410114402228927e-12
2.54278343316575648e-17,1.70411979259768742e-12
2.55874645600334273e-17,1.70413844137717037e-12
2.57480969111020438e-17,1.70415709036072641e-12
2.59097376759642151e-17,1.7041757395483717e-12
2.60723931852154896e-17,1.70419438894009473e-12
2.62360698091926334e-17,1.70421303853591144e-12
2.64007739582247983e-17,1.70423168833581034e-12
2.65665120828830992e-17,1.7042503383398005e-12
2.67332906742338933e-17,1.70426898854789121e-12
2.69011162640936376e-17,1.70428763896007056e-12
2.70699954252834127e-17,1.70430628957635512e-12
2.72399347718869898e-17,1.70432494039673276e-12
2.74109409595105355e-17,1.70434359142121984e-12
2.75830206855419561e-17,1.70436224264980465e-12
2.77561806894138387e-17,1.70438089408249628e-12
2.79304277528681024e-17,1.70439954571930421e-12
2.81057687002200046e-17,1.70441819756021654e-12
2.82822103986272332e-17,1.70443684960524941e-12
2.84597597583572606e-17,1.70445550185439112e-12
2.86384237330586661e-17,1.70447415430765096e-12
2.88182093200341681e-17,1.70449280696503801e-12
2.89991235605132796e-17,1.70451145982654076e-12
2.91811735399287583e-17,1.70453011289217537e-12
2.9364366388194844e-17,1.70454876616192992e-12
2.95487092799850519e-17,1.70456741963582057e-12
2.97342094350138777e-17,1.70458607331383601e-12
2.99208741183202985e-17,1.70460472719598492e-12
3.01087106405505961e-17,1.704623381282277e-12
3.02977263582466191e-17,1.70464203557270013e-12
3.04879286741322063e-17,1.70466069006727087e-12
3.06793250374038176e-17,1.7046793447659771e-12
3.08719229440230588e-17,1.70469799966883518e-12
3.10657299370087356e-17,1.70471665477583361e-12
3.12607536067330173e-17,1.70473531008698126e-12
3.14570015912195197e-17,1.70475396560228762e-12
3.16544815764405939e-17,1.70477262132174079e-12
3.18532012966204514e-17,1.70479127724535691e-12
3.20531685345362381e-17,1.70480993337312428e-12
3.2254391121823628e-17,1.70482858970505238e-12
3.24568769392843355e-17,1.70484724624115011e-12
3.26606339171931785e-17,1.70486590298140595e-12
3.28656700356094557e-17,1.70488455992583606e-12
3.3071993324690282e-17,1.70490321707442852e-12
3.32796118650035148e-17,1.70492187442719988e-12
3.34885337878449547e-17,1.70494053198413805e-12
3.36987672755577094e-17,1.7049591897452523e-12
3.39103205618506785e-17,1.70497784771055212e-12
3.41232019321232385e-17,1.7049965058800254e-12
3.43374197237878167e-17,1.70501516425368871e-12
3.45529823265972426e-17,1.70503382283153011e-12
3.47698981829741583e-17,1.70505248161356598e-12
3.49881757883400043e-17,1.7050711405997842e-12
3.52078236914485589e-17,1.70508979979019445e-12
3.54288504947216078e-17,1.70510845918480562e-12
3.56512648545838729e-17,1.70512711878360621e-12
3.58750754818043074e-17,1.70514577858661216e-12
3.61002911418352525e-17,1.70516443859381198e-12
3.63269206551565715e-17,1.70518309880521473e-12
3.65549728976220196e-17,1.70520175922082972e-12
3.67844568008050787e-17,1.70522041984064523e-12
3.70153813523496157e-17,1.70523908066467721e-12
3.72477555963228367e-17,1.70525774169291436e-12
3.74815886335676466e-17,1.70527640292537262e-12
3.77168896220599911e-17,1.7052950643620403e-12
3.79536677772684682e-17,1.70531372600292646e-12
3.81919323725130666e-17,1.70533238784804061e-12
3.84316927393308393e-17,1.70535104989737104e-12
3.86729582678391945e-17,1.70536971215093348e-12
3.89157384071045933e-17,1.70538837460871665e-12
3.91600426655135498e-17,1.70540703727073668e-12
3.94058806111431492e-17,1.70542570013698167e-12
3.96532618721366992e-17,1.70544436320746091e-12
3.99021961370818056e-17,1.70546302648218388e-12
4.01526931553878703e-17,1.70548168996113847e-12
4.04047627376688975e-17,1.70550035364434084e-12
4.06584147561287084e-17,1.70551901753177967e-12
4.0913659144945276e-17,1.70553768162346386e-12
4.11705059006624441e-17,1.7055563459194029e-12
4.14289650825791002e-17,1.70557501041958466e-12
4.16890468131441567e-17,1.7055936751240257e-12
4.19507612783540015e-17,1.70561234003271392e-12
4.22141187281493862e-17,1.70563100514566607e-12
4.24791294768178987e-17,1.70564967046286983e-12
4.27458039033989312e-17,1.7056683359843349e-12
4.30141524520877678e-17,1.70568700171007016e-12
4.32841856326474013e-17,1.70570566764006411e-12
4.35559140208177029e-17,1.70572433377433289e-12
4.38293482587306474e-17,1.70574300011286459e-12
4.41044990553282113e-17,1.70576166665567557e-12
4.4381377186779609e-17,1.70578033340275412e-12
4.46599934969044259e-17,1.70579900035410933e-12
4.49403588975984111e-17,1.70581766750975068e-12
4.52224843692586284e-17,1.70583633486966606e-12
4.55063809612146224e-17,1.70585500243387203e-12
4.57920597921622452e-17,1.70587367020235667e-12
4.60795320505965298e-17,1.70589233817513614e-12
4.63688089952528751e-17,1.70591100635219894e-12
4.66599019555453526e-17,1.70592967473355414e-12
4.69528223320115505e-17,1.70594834331921083e-12
4.72475815967602177e-17,1.7059670121091573e-12
4.75441912939182722e-17,1.70598568110341012e-12
4.78426630400840496e-17,1.70600435030195716e-12
4.81430085247834635e-17,1.70602301970480772e-12
4.84452395109254577e-17,1.70604168931197128e-12
4.87493678352638908e-17,1.70606035912343572e-12
4.90554054088622725e-17,1.70607902913921742e-12
4.93633642175575011e-17,1.70609769935930485e-12
4.96732563224324812e-17,1.70611636978371377e-12
4.99850938602856649e-17,1.70613504041243286e-12
5.02988890441075867e-17,1.70615371124547122e-12
5.06146541635604301e-17,1.70617238228283794e-12
5.09324015854568923e-17,1.70619105352452129e-12
5.12521437542457063e-17,1.70620972497053765e-12
5.15738931925003453e-17,1.70622839662087508e-12
5.18976625014064776e-17,1.70624706847555017e-12
5.22234643612588832e-17,1.70626574053455057e-12
5.25513115319551156e-17,1.7062844127978862e-12
5.28812168534964885e-17,1.70630308526556572e-12
5.32131932464922324e-17,1.70632175793757764e-12
5.35472537126629964e-17,1.70634043081393811e-12
5.3883411335351278e-17,1.70635910389463542e-12
5.42216792800351814e-17,1.70637777717967885e-12
5.45620707948414157e-17,1.70639645066907749e-12
5.4904599211065419e-17,1.70641512436281983e-12
5.52492779436948843e-17,1.70643379826092163e-12
5.55961204919319424e-17,1.70645247236337177e-12
5.59451404397255284e-17,1.70647114667018602e-12
5.62963514563001752e-17,1.70648982118135264e-12
5.66497672966927215e-17,1.70650849589688115e-12
5.70054018022924341e-17,1.70652717081678041e-12
5.73632689013803297e-17,1.70654584594103893e-12
5.77233826096760077e-17,1.70656452126967306e-12
5.80857570308880359e-17,1.70658319680267068e-12
5.84504063572630133e-17,1.70660187254004815e-12
5.88173448701451548e-17,1.70662054848179376e-12
5.91865869405323214e-17,1.7066392246279168e-12
5.95581470296402638e-17,1.70665790097842655e-12
5.99320396894704388e-17,1.7066765775333109e-12
6.03082795633770643e-17,1.70669525429258661e-12
6.06868813866420171e-17,1.70671393125624137e-12
6.10678599870534419e-17,1.70673260842428486e-12
6.14512302854835339e-17,1.70675128579672597e-12
6.18370072964743548e-17,1.7067699633735534e-12
6.22252061288274073e-17,1.70678864115478289e-12
6.26158419861917936e-17,1.70680731914040274e-12
6.30089301676638087e-17,1.70682599733042949e-12
6.34044860683824315e-17,1.70684467572485124e-12
6.38025251801339207e-17,1.70686335432367728e-12
6.42030630919599975e-17,1.70688203312691649e-12
6.46061154907653408e-17,1.70690071213455756e-12
6.50116981619334855e-17,1.70691939134661644e-12
6.54198269899466393e-17,1.70693807076308164e-12
6.58305179590046253e-17,1.70695675038396909e-12
6.62437871536524937e-17,1.70697543020926729e-12
6.66596507594120511e-17,1.70699411023898533e-12
6.7078125063411987e-17,1.7070127904731325e-12
6.74992264550301495e-17,1.70703147091169687e-12
6.79229714265315465e-17,1.70705015155469502e-12
6.83493765737159156e-17,1.70706883240211482e-12
6.87784585965693704e-17,1.70708751345396576e-12
6.92102342999151074e-17,1.70710619471025694e-12
6.96447205940732041e-17,1.70712487617097663e-12
7.00819344955246542e-17,1.70714355783614121e-12
7.05218931275737862e-17,1.70716223970573874e-12
7.09646137210235081e-17,1.7071809217797854e-12
7.1410113614846104e-17,1.70719960405826966e-12
7.18584102568639843e-17,1.70721828654120062e-12
7.23095212044348824e-17,1.70723696922858737e-12
7.276346412513586e-17,1.70725565212041858e-12
7.32202567974570804e-17,1.70727433521671002e-12
7.36799171114998557e-17,1.70729301851745018e-12
7.41424630696737292e-17,1.70731170202265521e-12
7.46079127874033503e-17,1.70733038573231339e-12
7.50762844938397177e-17,1.70734906964643402e-12
7.55475965325699137e-17,1.70736775376502619e-12
7.60218673623403905e-17,1.70738643808807818e-12
7.64991155577756386e-17,1.70740512261560635e-12
7.69793598101074154e-17,1.70742380734759878e-12
7.74626189279087524e-17,1.70744249228406477e-12
7.79489118378267448e-17,1.7074611774250136e-12
7.84382575853257564e-17,1.70747986277043357e-12
7.89306753354351911e-17,1.70749854832034062e-12
7.94261843734962847e-17,1.70751723407472324e-12
7.99248041059192993e-17,1.70753592003359759e-12
8.04265540609455488e-17,1.70755460619695196e-12
8.09314538894076108e-17,1.70757329256479563e-12
8.14395233655042162e-17,1.7075919791371377e-12
8.19507823875701097e-17,1.70761066591396645e-12
8.24652509788572783e-17,1.70762935289529824e-12
8.29829492883211971e-17,1.70764804008112115e-12
8.35038975914059623e-17,1.70766672747145134e-12
8.40281162908403036e-17,1.70768541506627731e-12
8.45556259174387584e-17,1.70770410286560833e-12
8.5086447130900993e-17,1.70772279086945329e-12
8.56206007206263438e-17,1.70774147907780069e-12
8.61581076065232762e-17,1.70776016749066667e-12
8.66989888398306762e-17,1.70777885610803933e-12
8.72432656039445673e-17,1.70779754492992836e-12
8.77909592152433856e-17,1.70781623395634244e-12
8.83420911239250334e-17,1.70783492318727026e-12
8.88966829148490551e-17,1.70785361262272778e-12
8.94547563083777674e-17,1.70787230226270348e-12
9.00163331612289963e-17,1.70789099210721332e-12
9.05814354673343601e-17,1.70790968215624579e-12
9.11500853586954604e-17,1.70792837240980997e-12
9.17223051062566042e-17,1.70794706286791496e-12
9.22981171207718746e-17,1.70796575353054944e-12
9.2877543953684986e-17,1.70798444439772917e-12
9.34606082980148441e-17,1.70800313546944263e-12
9.40473329892397156e-17,1.70802182674570619e-12
9.46377410061939056e-17,1.70804051822650792e-12
9.523185547196994e-17,1.70805920991185692e-12
9.58296996548188692e-17,1.70807790180176268e-12
9.64312969690676972e-17,1.70809659389621328e-12
9.70366709760309346e-17,1.70811528619522487e-12
9.7645845384935744e-17,1.70813397869878616e-12
9.8258844053852869e-17,1.70815267140690582e-12
9.88756909906262922e-17,1.70817136431959334e-12
9.94964103538157716e-17,1.70819005743683701e-12
1.0012102645364557e-16,1.70837846089946303e-12
1.00749563752951597e-16,1.70927551965649706e-12
1.01382046868141957e-16,1.71017304945341367e-12
1.02018500570163494e-16,1.711071050537574e-12
1.02658949785466192e-16,1.71196952315644075e-12
1.03303419596985995e-16,1.71286846755761417e-12
1.03951935245121388e-16,1.71376788398883122e-12
1.04604522128724394e-16,1.71466777269793044e-12
1.05261205806097864e-16,1.71556813393293029e-12
1.05922011995991381e-16,1.71646896794193023e-12
1.06586966578611021e-16,1.71737027497318059e-12
1.07256095596635613e-16,1.71827205527508372e-12
1.07929425256231457e-16,1.71917430909612967e-12
1.08606981928081214e-16,1.72007703668496778e-12
1.09288792148419502e-16,1.72098023829037021e-12
1.09974882620065823e-16,1.72188391416124016e-12
1.1066528021347761e-16,1.72278806454661151e-12
1.11360011967796247e-16,1.72369268969564858e-12
1.120591050919088e-16,1.72459778985764718e-12
1.12762586965516322e-16,1.72550336528203336e-12
1.13470485140200743e-16,1.72640941621836444e-12
1.14182827340506628e-16,1.7273159429163288e-12
1.14899641465029781e-16,1.7282229456257459e-12
1.15620955587503371e-16,1.72913042459656605e-12
1.16346797957904935e-16,1.73003838007887163e-12
1.17077197003556185e-16,1.7309468123228753e-12
1.17812181330239132e-16,1.73185572157892196e-12
1.18551779723319372e-16,1.7327651080974876e-12
1.19296021148867664e-16,1.73367497212917948e-12
1.20044934754797187e-16,1.73458531392473712e-12
1.20798549872008191e-16,1.73549613373503092e-12
1.21556896015530694e-16,1.73640743181106373e-12
1.22320002885683491e-16,1.73731920840396969e-12
1.23087900369240222e-16,1.73823146376501522e-12
1.23860618540593067e-16,1.73914419814559799e-12
1.24638187662938433e-16,1.74005741179724876e-12
1.25420638189455283e-16,1.74097110497162915e-12
1.26208000764500745e-16,1.74188527792053388e-12
1.27000306224813407e-16,1.74279993089588952e-12
1.2779758560071494e-16,1.74371506414975472e-12
1.28599870117328335e-16,1.74463067793432083e-12
1.29407191195804021e-16,1.74554677250191165e-12
1.30219580454544292e-16,1.74646334810498306e-12
1.31037069710444487e-16,1.74738040499612385e-12
1.31859690980142644e-16,1.74829794342805524e-12
1.326874764812656e-16,1.74921596365363138e-12
1.33520458633699693e-16,1.75013446592583928e-12
1.34358670060852633e-16,1.75105345049779821e-12
1.35202143590934611e-16,1.75197291762276076e-12
1.36050912258247247e-16,1.75289286755411277e-12
1.36905009304470705e-16,1.7538133005453726e-12
1.37764468179969003e-16,1.75473421685019206e-12
1.38629322545103388e-16,1.75565561672235606e-12
1.39499606271542721e-16,1.7565775004157828e-12
1.4037535344359917e-16,1.75749986818452356e-12
1.41256598359555166e-16,1.7584227202827633e-12
1.42143375533009949e-16,1.75934605696482048e-12
1.43035719694234898e-16,1.76026987848514705e-12
1.43933665791526798e-16,1.76119418509832843e-12
1.44837248992579877e-16,1.76211897705908376e-12
1.45746504685866813e-16,1.76304425462226624e-12
1.466614684820177e-16,1.76397001804286237e-12
1.47582176215217977e-16,1.76489626757599297e-12
1.48508663944615846e-16,1.7658230034769125e-12
1.49440967955725731e-16,1.76675022600100996e-12
1.50379124761859337e-16,1.76767793540380762e-12
1.51323171105547051e-16,1.76860613194096285e-12
1.52273143959980522e-16,1.76953481586826672e-12
1.53229080530464601e-16,1.77046398744164458e-12
1.54191018255866915e-16,1.7713936469171565e-12
1.55158994810087856e-16,1.77232379455099662e-12
1.56133048103539879e-16,1.77325443059949381e-12
1.57113216284623453e-16,1.77418555531911161e-12
1.58099537741231181e-16,1.77511716896644828e-12
1.59092051102242441e-16,1.77604927179823656e-12
1.60090795239039975e-16,1.77698186407134391e-12
1.61095809267036266e-16,1.77791494604277328e-12
1.62107132547197617e-16,1.77884851796966191e-12
1.63124804687589639e-16,1.77978258010928218e-12
1.64148865544932436e-16,1.78071713271904214e-12
1.65179355226153684e-16,1.78165217605648436e-12
1.66216314089963275e-16,1.7825877103792867e-12
1.67259782748438081e-16,1.78352373594526254e-12
1.68309802068603104e-16,1.78446025301236076e-12
1.69366413174042691e-16,1.78558025786694372e-12
1.70429657446501743e-16,1.78794860817439235e-12
1.71499576527510485e-16,1.79032009980418745e-12
1.72576212320019421e-16,1.79269473692291027e-12
1.73659606990032207e-16,1.79507252370266817e-12
1.74749802968261172e-16,1.79745346432108049e-12
1.75846842951793356e-16,1.79983756296132963e-12
1.76950769905754238e-16,1.80222482381214635e-12
1.78061627064994737e-16,1.80461525106779518e-12
1.79179457935788775e-16,1.80700884892812613e-12
1.80304306297526989e-16,1.8094056215985523e-12
1.81436216204443128e-16,1.81180557329007207e-12
1.82575231987329102e-16,1.81420870821924689e-12
1.83721398255275503e-16,1.8166150306082536e-12
1.84874759897423274e-16,1.81902454468486884e-12
1.86035362084712851e-16,1.82143725468245497e-12
1.87203250271657567e-16,1.82385316484001071e-12
1.88378470198128609e-16,1.82627227940215884e-12
1.89561067891135641e-16,1.82869460261912825e-12
1.9075108966664176e-16,1.83112013874680842e-12
1.91948582131366564e-16,1.83354889204673411e-12
1.93153592184616164e-16,1.83598086678606917e-12
1.94366167020124714e-16,1.8384160672376599e-12
1.95586354127893295e-16,1.84085449768002006e-12
1.96814201296054445e-16,1.84329616239731675e-12
1.98049756612748787e-16,1.84574106567942093e-12
1.99293068467998559e-16,1.84818921182189322e-12
2.00544185555607697e-16,1.85064060512597103e-12
2.01803156875073848e-16,1.85309524989861699e-12
2.03070031733495789e-16,1.85555315045250082e-12
2.0434485974751797e-16,1.85801431110601906e-12
2.05627690845261861e-16,1.86047873618327411e-12
2.06918575268286458e-16,1.86294643001412473e-12
2.08217563573561129e-16,1.86541739693417507e-12
2.0952470663543534e-16,1.86789164128475577e-12
2.10840055647636351e-16,1.87036916741297802e-12
2.12163662125279202e-16,1.87284997967172064e-12
2.13495577906874206e-16,1.87533408241961156e-12
2.14835855156362053e-16,1.87782148002108306e-12
2.16184546365162224e-16,1.88031217684635733e-12
2.17541704354216514e-16,1.88280617727142902e-12
2.18907382276071753e-16,1.88530348567812021e-12
2.20281633616949264e-16,1.88780410645406505e-12
2.2166451219884474e-16,1.89030804399269484e-12
2.23056072181641721e-16,1.8928153026932905e-12
2.24456368065221874e-16,1.89532588696096845e-12
2.25865454691604887e-16,1.89783980120666447e-12
2.27283387247101784e-16,1.90035704984718859e-12
2.28710221264463481e-16,1.9028776373052009e-12
2.30146012625070497e-16,1.90540156800923577e-12
2.3159081756110845e-16,1.90792884639367759e-12
2.33044692657775957e-16,1.91045947689881695e-12
2.34507694855506506e-16,1.91299346397083284e-12
2.35979881452187127e-16,1.91553081206177813e-12
2.3746131010540806e-16,1.91807152562963489e-12
2.3895203883472671e-16,1.92122440293225943e-12
2.40452126023928517e-16,1.92563045437297917e-12
2.41961630423319076e-16,1.9300466104580363e-12
2.43480611152031138e-16,1.93447289436099222e-12
2.45009127700326157e-16,1.93890932930852277e-12
2.46547239931940044e-16,1.94335593858060281e-12
2.48095008086413773e-16,1.94781274551057247e-12
2.49652492781458676e-16,1.95227977348528256e-12
2.51219755015336438e-16,1.95675704594524318e-12
2.52796856169236089e-16,1.96124458638469806e-12
2.54383858009683914e-16,1.96574241835177074e-12
2.55980822690968725e-16,1.97025056544861366e-12
2.5758781275756178e-16,1.97476905133147516e-12
2.59204891146582703e-16,1.97929789971088812e-12
2.60832121190250063e-16,1.9838371343517293e-12
2.62469566618367729e-16,1.98838677907340966e-12
2.64117291560827375e-16,1.99294685774993362e-12
2.65775360550107286e-16,1.9975173943100906e-12
2.67443838523806197e-16,2.00209841273751354e-12
2.69122790827192921e-16,2.00668993707087155e-12
2.70812283215752683e-16,2.01129199140393902e-12
2.72512381857768829e-16,2.01590459988574502e-12
2.74223153336920992e-16,2.020527786720726e-12
2.75944664654877223e-16,2.02516157616879482e-12
2.77676983233935991e-16,2.02980599254553387e-12
2.7942017691965104e-16,2.03446106022226489e-12
2.81174313983495194e-16,2.03912680362620247e-12
2.82939463125541164e-16,2.04380324724060554e-12
2.84715693477138336e-16,2.04849041560485729e-12
2.86503074603627083e-16,2.05318833331461828e-12
2.88301676507070502e-16,2.05789702502198112e-12
2.9011156962898186e-16,2.06261651543554036e-12
2.91932824853090207e-16,2.06734682932059038e-12
2.93765513508124098e-16,2.07208799149918719e-12
2.95609707370588065e-16,2.07684002685034596e-12
2.97465478667593078e-16,2.0816029603101056e-12
2.99332900079668431e-16,2.08637681687172468e-12
3.01212044743615503e-16,2.09116162158574768e-12
3.03102986255379309e-16,2.09595739956020164e-12
3.05005798672916332e-16,2.10076417596067053e-12
3.06920556519102186e-16,2.10558197601045153e-12
3.08847334784658003e-16,2.11177979297939502e-12
3.10786208931069575e-16,2.11891661909765122e-12
3.12737254893563086e-16,2.12607756434386351e-12
3.1470054908406152e-16,2.13326271022939133e-12
3.1667616839418454e-16,2.14047213854103678e-12
3.18664190198267995e-16,2.14770593134203093e-12
3.20664692356378565e-16,2.15496417097293937e-12
3.22677753217370919e-16,2.16224694005257299e-12
3.24703451621964131e-16,2.1695543214789836e-12
3.26741866905813664e-16,2.17688639843037831e-12
3.28793078902626383e-16,2.18424325436604168e-12
3.30857167947295264e-16,2.19162497302733777e-12
3.32934214879026855e-16,2.19903163843862897e-12
3.35024301044528975e-16,2.20646333490824905e-12
3.37127508301177614e-16,2.21392014702942681e-12
3.39243919020230946e-16,2.22140215968130557e-12
3.41373616090063617e-16,2.22890945802987814e-12
3.43516682919396642e-16,2.23644212752893279e-12
3.4567320344057214e-16,2.24400025392107791e-12
3.47843262112849085e-16,2.25158392323869279e-12
3.5002694392569419e-16,2.25919322180487759e-12
3.52224334402118951e-16,2.26682823623449095e-12
3.54435519602037654e-16,2.27448905343511124e-12
3.56660586125617925e-16,2.28217576060798455e-12
3.58899621116695378e-16,2.28988844524912245e-12
3.61152712266166199e-16,2.29762719515017643e-12
3.6341994781543044e-16,2.30539209839949128e-12
3.65701416559856485e-16,2.3131832433831669e-12
3.67997207852241452e-16,2.32100071878594936e-12
3.70307411606318959e-16,2.32884461359229789e-12
3.72632118300289991e-16,2.33671501708745453e-12
3.74971418980345223e-16,2.34461201885832693e-12
3.77325405264255075e-16,2.35287336093968389e-12
3.79694169344936502e-16,2.36281334689600881e-12
3.820778039940728e-16,2.37279532547395336e-12
3.84476402565756424e-16,2.38281947407624023e-12
3.8689005900012652e-16,2.39288597085501937e-12
3.89318867827057172e-16,2.40299499471503694e-12
3.91762924169869362e-16,2.41314672531690125e-12
3.94222323749037325e-16,2.4233413430801887e-12
3.96697162885946938e-16,2.43357902918664831e-12
3.99187538506677671e-16,2.44385996558352296e-12
4.01693548145776274e-16,2.45418433498663234e-12
4.04215289950102417e-16,2.46455232088377092e-12
4.0675286268264997e-16,2.47496410753786805e-12
4.09306365726424508e-16,2.48541987999026275e-12
4.1187589908834586e-16,2.49591982406409364e-12
4.14461563403144827e-16,2.50646412636745977e-12
4.17063459937314223e-16,2.51705297429683808e-12
4.19681690593085587e-16,2.52768655604041466e-12
4.22316357912399333e-16,2.53836506058133659e-12
4.24967565080931173e-16,2.54908867770116237e-12
4.27635415932143692e-16,2.55985759798323652e-12
4.30320014951328646e-16,2.57067201281597243e-12
4.33021467279727042e-16,2.58153211439640871e-12
4.35739878718622425e-16,2.59243809573346977e-12
4.38475355733494829e-16,2.60339015065150001e-12
4.41228005458201524e-16,2.614388473793709e-12
4.43997935699151297e-16,2.62543326062553554e-12
4.46785254939537239e-16,2.63708634618378481e-12
4.49590072343596362e-16,2.65072429642091177e-12
4.52412497760859856e-16,2.66443277665295261e-12
4.55252641730484021e-16,2.67821215163273597e-12
4.58110615485554303e-16,2.69206278799936964e-12
4.60986530957452175e-16,2.70598505428808191e-12
4.63880500780250603e-16,2.71997932094005003e-12
4.66792638295102573e-16,2.73404596031219143e-12
4.69723057554691303e-16,2.74818534668710284e-12
4.72671873327708658e-16,2.7623978562830543e-12
4.75639201103327011e-16,2.77668386726393191e-12
4.78625157095733728e-16,2.79104375974933319e-12
4.81629858248694346e-16,2.80547791582471463e-12
4.84653422240105691e-16,2.81998671955148057e-12
4.87695967486635451e-16,2.83457055697729151e-12
4.90757613148332839e-16,2.84922981614625804e-12
4.93838479133306861e-16,2.86396488710928504e-12
4.96938686102434976e-16,2.87877616193454752e-12
5.00058355474064125e-16,2.89366403471773269e-12
5.03197609428778575e-16,2.90862890159266808e-12
5.06356570914196877e-16,2.92367116074189674e-12
5.09535363649758771e-16,2.93879121240707156e-12
5.12734112131603562e-16,2.9416870517414055e-12
5.15952941637416525e-16,2.94204369170473552e-12
5.19191978231348158e-16,2.94240037490584911e-12
5.22451348768964239e-16,2.94275710135001229e-12
5.25731180902188162e-16,2.9431138710424434e-12
5.29031603084313883e-16,2.94347068398841046e-12
5.3235274457504863e-16,2.94382754019313264e-12
5.35694735445550419e-16,2.94418443966187876e-12
5.39057706583534604e-16,2.94454138239986999e-12
5.42441789698413456e-16,2.94489836841237639e-12
5.45847117326423474e-16,2.94525539770462033e-12
5.49273822835851889e-16,2.94561247028187227e-12
5.5272204043222845e-16,2.94596958614935662e-12
5.56191905163595131e-16,2.94632674531234583e-12
5.59683552925808772e-16,2.94668394777606432e-12
5.63197120467836092e-16,2.94704119354578576e-12
5.66732745397123243e-16,2.94739848262673699e-12
5.70290566184998608e-16,2.94775581502419249e-12
5.73870722172068723e-16,2.9481131907433799e-12
5.77473353573689045e-16,2.94847060978957572e-12
5.81098601485469565e-16,2.948828072168008e-12
5.84746607888768026e-16,2.94918557788395485e-12
5.88417515656288072e-16,2.94954312694264594e-12
5.92111468557641922e-16,2.9499007193493606e-12
5.95828611264994893e-16,2.9502583551093293e-12
5.99569089358746239e-16,2.95061603422782086e-12
6.0333304933320173e-16,2.95097375671010371e-12
6.07120638602325325e-16,2.95133152256141075e-12
6.10932005505527473e-16,2.95168933178702413e-12
6.14767299313440507e-16,2.95204718439217835e-12
6.18626670233803823e-16,2.95240508038215721e-12
6.22510269417312649e-16,2.95276301976219518e-12
6.26418248963551823e-16,2.95312100253757809e-12
6.30350761926968648e-16,2.95347902871354244e-12
6.34307962322836641e-16,2.95383709829537403e-12
6.38290005133302285e-16,2.954195211288311e-12
6.4229704631347107e-16,2.95455336769764076e-12
6.46329242797483473e-16,2.95491156752860267e-12
6.50386752504677648e-16,2.95526981078648494e-12
6.54469734345789499e-16,2.95562809747652894e-12
6.58578348229139407e-16,2.95598642760402411e-12
6.62712755066938073e-16,2.95634480117421221e-12
6.66873116781550434e-16,2.9567032181923847e-12
6.71059596311853489e-16,2.95706167866378456e-12
6.75272357619634576e-16,2.95742018259370405e-12
6.79511565695979802e-16,2.95777872998738818e-12
6.83777386567751831e-16,2.95813732085013001e-12
6.88069987304109709e-16,2.95849595518717576e-12
6.92389536023018311e-16,2.95885463300382011e-12
6.96736201897849168e-16,2.95921335430531048e-12
7.01110155164023102e-16,2.95957211909694278e-12
7.05511567125638163e-16,2.95993092738396524e-12
7.0994061016222365e-16,2.96028977917167536e-12
7.14397457735451793e-16,2.96064867446532301e-12
7.18882284395947896e-16,2.96100761327020689e-12
7.23395265790144635e-16,2.96136659559157767e-12
7.27936578667125763e-16,2.96172562143473568e-12
7.32506400885565962e-16,2.9620846908049328e-12
7.3710491142071473e-16,2.96244380370745846e-12
7.41732290371363762e-16,2.96280296014760249e-12
7.46388718966948894e-16,2.96316216013061919e-12
7.51074379574605358e-16,2.96352140366181132e-12
7.55789455706327965e-16,2.96388069074643438e-12
7.60534132026177449e-16,2.96424002138979315e-12
7.65308594357475165e-16,2.96459939559714395e-12
7.70113029690099429e-16,2.96495881337379277e-12
7.74947626187828238e-16,2.96531827472499793e-12
7.7981257319567002e-16,2.96567777965606544e-12
7.84708061247298996e-16,2.96603732817225564e-12
7.89634282072535963e-16,2.96639692027887655e-12
7.94591428604812774e-16,2.96675655598118852e-12
7.99579694988779747e-16,2.96711623528450076e-12
8.04599276587864383e-16,2.96747595819407607e-12
8.09650369991941665e-16,2.96783572471522445e-12
8.14733173025053606e-16,2.96819553485320992e-12
8.19847884753116925e-16,2.96855538861334369e-12
8.24994705491739576e-16,2.96891528600089058e-12
8.3017383681408598e-16,2.96927522702116384e-12
8.35385481558724674e-16,2.96963521167942948e-12
8.40629843837626001e-16,2.96999523998100238e-12
8.45907129044109397e-16,2.97035531193114894e-12
8.5121754386090682e-16,2.97071542753518526e-12
8.56561296268279029e-16,2.97107558679837977e-12
8.61938595552119249e-16,2.97143578972604976e-12
8.67349652312170342e-16,2.97179603632346488e-12
8.72794678470294289e-16,2.97215632659594324e-12
8.78273887278729486e-16,2.97251666054875609e-12
8.8378749332846409e-16,2.97287703818722316e-12
8.89335712557661774e-16,2.97323745951661652e-12
8.94918762260068316e-16,2.9735979245422575e-12
9.00536861093580185e-16,2.97395843326941898e-12
9.06190229088757009e-16,2.9743189857034239e-12
9.11879087657460469e-16,2.97467958184954677e-12
9.17603659601548872e-16,2.97504022171309882e-12
9.23364169121557764e-16,2.97540090529939292e-12
9.29160841825503352e-16,2.97576163261370515e-12
9.34993904737740985e-16,2.97612240366136172e-12
9.40863586307811039e-16,2.97648321844763994e-12
9.46770116419408679e-16,2.97684407697786679e-12
9.52713726399410474e-16,2.97720497925732203e-12
9.58694649026879949e-16,2.97756592529133305e-12
9.64713118542246771e-16,2.97792691508518079e-12
9.707693706564257e-16,2.97828794864419469e-12
9.76863642560071264e-16,2.97864902597365648e-12
9.82996172932891845e-16,2.97901014707889682e-12
9.89167201952949461e-16,2.97937131196519866e-12
9.95376971306089789e-16,2.97973252063789425e-12
1.0016257241954321e-15,2.97918268369872034e-12
1.00791370535083805e-15,2.97603599946741082e-12
1.01424116103856063e-15,2.97289263883947418e-12
1.0206083390708328e-15,2.96975259830445244e-12
1.02701548881559652e-15,2.96661587435559619e-12
1.03346286120629487e-15,2.9634824634898234e-12
1.03995070875164975e-15,2.96035236220778851e-12
1.04647928554557539e-15,2.95722556701382946e-12
1.05304884727715699e-15,2.95410207441598877e-12
1.05965965124061162e-15,2.95098188092596137e-12
1.06631195634539232e-15,2.94786498305916211e-12
1.07300602312635325e-15,2.9447513773346748e-12
1.07974211375389299e-15,2.94164106027527167e-12
1.0865204920442921e-15,2.93853402840736202e-12
1.09334142346998364e-15,2.9354302782610597e-12
1.10020517516997759e-15,2.93232980637014352e-12
1.10711201596034861e-15,2.92923260927201725e-12
1.11406221634471171e-15,2.92613868350777831e-12
1.12105604852484297e-15,2.92304802562216566e-12
1.12809378641136701e-15,2.91996063216356704e-12
1.13517570563443045e-15,2.9168764996840287e-12
1.14230208355452398e-15,2.91379562473920209e-12
1.14947319927337273e-15,2.91071800388841288e-12
1.15668933364480259e-15,2.90764363369462102e-12
1.16395076928581457e-15,2.90457251072438033e-12
1.17125779058758665e-15,2.90150463154790796e-12
1.17861068372664133e-15,2.89843999273904243e-12
1.18600973667608106e-15,2.895378590875206e-12
1.19345523921681019e-15,2.89232042253747179e-12
1.20094748294891268e-15,2.8892654843105116e-12
1.20848676130310089e-15,2.88621377278260568e-12
1.2160733695521407e-15,2.88316528454564793e-12
1.2237076048224928e-15,2.88012001619509825e-12
1.23138976610588199e-15,2.87707796433004636e-12
1.23912015427103527e-15,2.87403912555317586e-12
1.24689907207549657e-15,2.87100349647072142e-12
1.25472682417742262e-15,2.86797107369253942e-12
1.26260371714754618e-15,2.8649418538320535e-12
1.2705300594812128e-15,2.8619158335062779e-12
1.27850616161040109e-15,2.85889300933576261e-12
1.28653233591591236e-15,2.85587337794466439e-12
1.29460889673963567e-15,2.85285693596069309e-12
1.30273616039678509e-15,2.84984368001513143e-12
1.31091444518837399e-15,2.84683360674278614e-12
1.3191440714136048e-15,2.84382671278205297e-12
1.32742536138244721e-15,2.84082299477487831e-12
1.33575863942829266e-15,2.83782244936672127e-12
1.34414423192059163e-15,2.83482507320661703e-12
1.35258246727766906e-15,2.83183086294713086e-12
1.36107367597961932e-15,2.82883981524437341e-12
1.36961819058117228e-15,2.8258519267579539e-12
1.37821634572480598e-15,2.82286719415104311e-12
1.38686847815377546e-15,2.81988561409032572e-12
1.39557492672533371e-15,2.81690718324601847e-12
1.40433603242403813e-15,2.81393189829182013e-12
1.41315213837503538e-15,2.81095975590497767e-12
1.42202358985753554e-15,2.80799075276624753e-12
1.43095073431836787e-15,2.80502488555985766e-12
1.43993392138552079e-15,2.8020621509735721e-12
1.44897350288186742e-15,2.79910254569864336e-12
1.45806983283898201e-15,2.79614606642982816e-12
1.46722326751092193e-15,2.79319270986534138e-12
1.47643416538827494e-15,2.79024247270691908e-12
1.48570288721211633e-15,2.78729535165977e-12
1.49502979598817242e-15,2.78435134343259379e-12
1.5044152570010748e-15,2.7814104447375325e-12
1.51385963782859287e-15,2.7784726522902348e-12
1.52336330835606659e-15,2.77553796280981967e-12
1.53292664079093061e-15,2.77260637301883515e-12
1.54255000967721627e-15,2.76967787964332703e-12
1.55223379191025825e-15,2.76675247941278674e-12
1.56197836675149347e-15,2.76383016906017157e-12
1.57178411584322575e-15,2.76091094532185535e-12
1.58165142322367504e-15,2.75799480493769431e-12
1.59158067534192838e-15,2.75508174465097498e-12
1.60157226107311261e-15,2.75217176120843601e-12
1.61162657173366509e-15,2.74926485136021805e-12
1.62174400109658031e-15,2.74636101185992882e-12
1.63192494540687054e-15,2.74346023946460428e-12
1.64216980339712565e-15,2.74056253093467156e-12
1.65247897630303538e-15,2.73766788303401429e-12
1.66285286787921068e-15,2.73477629252992179e-12
1.67329188441490292e-15,2.73188775619311043e-12
1.68379643474995562e-15,2.72900227079767276e-12
1.69436693029085833e-15,2.72611983312114253e-12
1.70500378502677667e-15,2.7232404399444454e-12
1.71570741554580712e-15,2.72036408805191957e-12
1.72647824105133428e-15,2.71749077423126488e-12
1.73731668337836573e-15,2.7146204952736078e-12
1.74822316701009401e-15,2.71175324797346514e-12
1.75919811909456454e-15,2.70888902912870484e-12
1.77024196946130483e-15,2.70602783554061097e-12
1.78135515063827315e-15,2.70316966401383411e-12
1.79253809786869774e-15,2.70031451135641272e-12
1.80379124912816573e-15,2.69746237437972183e-12
1.8151150451418211e-15,2.69461324989853812e-12
1.82650992940153652e-15,2.69176713473099181e-12
1.8379763481833265e-15,2.68892402569858444e-12
1.84951475056487184e-15,2.68608391962614244e-12
1.86112558844301658e-15,2.68324681334187728e-12
1.87280931655151121e-15,2.68041270367735322e-12
1.88456639247886836e-15,2.67758158746744521e-12
1.89639727668617761e-15,2.67475346155040642e-12
1.90830243252526116e-15,2.67192832276781813e-12
1.92028232625671293e-15,2.66910616796459618e-12
1.93233742706820652e-15,2.6662869939890015e-12
1.94446820709291713e-15,2.6634707976925908e-12
1.95667514142791911e-15,2.66065757593027881e-12
1.96895870815283804e-15,2.65784732556030147e-12
1.98131938834862522e-15,2.65504004344418166e-12
1.99375766611628559e-15,2.65223572644678935e-12
2.00627402859596516e-15,2.64943437143630524e-12
2.01886896598591864e-15,2.64663597528418684e-12
2.03154297156175402e-15,2.64384053486522748e-12
2.04429654169580338e-15,2.64104804705751058e-12
2.05713017587646231e-15,2.63825850874241782e-12
2.07004437672780133e-15,2.63547191680463475e-12
2.08303965002930421e-15,2.63268826813210555e-12
2.09611650473557302e-15,2.62990755961609321e-12
2.10927545299631167e-15,2.62712978815114524e-12
2.12251701017643705e-15,2.62435495063505605e-12
2.13584169487614229e-15,2.62158304396892878e-12
2.14925002895134495e-15,2.61881406505713046e-12
2.1627425375340044e-15,2.61604801080730615e-12
2.17631974905274028e-15,2.61328487813033733e-12
2.18998219525358186e-15,2.61052466394039886e-12
2.2037304112206873e-15,2.60776736515491493e-12
2.21756493539735175e-15,2.60501297869457568e-12
2.23148630960715061e-15,2.60226150148329228e-12
2.24549507907503481e-15,2.59951293044826768e-12
2.25959179244882562e-15,2.59676726251990735e-12
2.27377700182057973e-15,2.59402449463189071e-12
2.28805126274826062e-15,2.59128462372112595e-12
2.30241513427755811e-15,2.58854764672775606e-12
2.31686917896366769e-15,2.58581356059516653e-12
2.33141396289337991e-15,2.58308236226993967e-12
2.34605005570730857e-15,2.58035404870191484e-12
2.36077803062208603e-15,2.57762861684414194e-12
2.37559846445286839e-15,2.57490606365290007e-12
2.39051193763598687e-15,2.57218638608765222e-12
2.40551903425154369e-15,2.56946958111111314e-12
2.42062034204644287e-15,2.56675564568916538e-12
2.43581645245727159e-15,2.56404457679092707e-12
2.45110796063352368e-15,2.56133637138870675e-12
2.46649546546096759e-15,2.55863102645801141e-12
2.48197956958498173e-15,2.55592853897755294e-12
2.49756087943421629e-15,2.55322890592920255e-12
2.5132400052444051e-15,2.55053212429805168e-12
2.52901756108214474e-15,2.5478381910723644e-12
2.54489416486900242e-15,2.54514710324359718e-12
2.56087043840578049e-15,2.54245885780635284e-12
2.57694700739672376e-15,2.53977345175843913e-12
2.59312450147419196e-15,2.53709088210083599e-12
2.60940355422317193e-15,2.53441114583765882e-12
2.62578480320615337e-15,2.53173423997621906e-12
2.64226888998816537e-15,2.52906016152697814e-12
2.65885646016177323e-15,2.52638890750356604e-12
2.67554816337242721e-15,2.5237204749227357e-12
2.69234465334397089e-15,2.52105486080442194e-12
2.70924658790409157e-15,2.51839206217170716e-12
2.72625462901025938e-15,2.51573207605078818e-12
2.74336944277549781e-15,2.51307489947103205e-12
2.76059169949453886e-15,2.51042052946493437e-12
2.7779220736701399e-15,2.50776896306813468e-12
2.79536124403936922e-15,2.50512019731937284e-12
2.81290989360025243e-15,2.50247422926054839e-12
2.83056870963859248e-15,2.4998310559366733e-12
2.84833838375474946e-15,2.49719067439589175e-12
2.86621961189079392e-15,2.49455308168943533e-12
2.8842130943578347e-15,2.49191827487168034e-12
2.90231953586328324e-15,2.48928625100011432e-12
2.92053964553863922e-15,2.48665700713530249e-12
2.9388741369671e-15,2.48403054034094553e-12
2.95732372821157669e-15,2.48140684768383474e-12
2.97588914184289144e-15,2.47878592623386979e-12
2.99457110496793069e-15,2.47616777306401474e-12
3.01337034925819357e-15,2.47355238525035657e-12
3.03228761097852286e-15,2.47093975987205914e-12
3.05132363101579227e-15,2.46832989401138219e-12
3.07047915490799651e-15,2.46572278475363689e-12
3.08975493287352564e-15,2.4631184291872428e-12
3.10915171984037115e-15,2.46051682440369596e-12
3.12867027547589409e-15,2.45791796749753256e-12
3.14831136421640096e-15,2.45532185556638868e-12
3.16807575529715614e-15,2.45272848571095629e-12
3.18796422278258796e-15,2.45013785503499938e-12
3.2079775455964499e-15,2.44754996064530999e-12
3.22811650755240303e-15,2.44496479965176752e-12
3.24838189738479307e-15,2.44238236916729353e-12
3.2687745087793582e-15,2.43980266630786868e-12
3.28929514040452234e-15,2.43722568819248956e-12
3.30994459594249096e-15,2.43465143194322678e-12
3.33072368412080435e-15,2.43207989468518909e-12
3.35163321874409539e-15,2.42951107354649385e-12
3.37267401872579659e-15,2.42694496565831996e-12
3.39384690812029554e-15,2.42438156815486749e-12
3.41515271615529114e-15,2.42182087817337257e-12
3.43659227726410285e-15,2.41926289285406584e-12
3.45816643111843604e-15,2.41670760934022816e-12
3.47987602266135017e-15,2.41415502477814822e-12
3.50172190214015463e-15,2.41160513631713746e-12
3.52370492513993302e-15,2.4090579411094901e-12
3.5458259526168561e-15,2.40651343631053687e-12
3.56808585093198136e-15,2.40397161907861348e-12
3.59048549188527454e-15,2.40143248657502751e-12
3.61302575274957863e-15,2.39889603596411457e-12
3.63570751630505715e-15,2.39636226441319504e-12
3.65853167087385816e-15,2.39383116909258099e-12
3.68149911035469735e-15,2.39130274717558422e-12
3.70461073425810602e-15,2.38877699583847224e-12
3.72786744774144997e-15,2.38625391226052363e-12
3.75127016164446846e-15,2.38373349362399731e-12
3.77481979252504021e-15,2.38121573711409862e-12
3.79851726269489638e-15,2.37870063991903509e-12
3.82236350025583294e-15,2.37618819922998448e-12
3.84635943913615469e-15,2.37367841224106251e-12
3.87050601912706379e-15,2.37117127614937616e-12
3.89480418591956078e-15,2.36866678815498488e-12
3.91925489114157632e-15,2.36616494546090426e-12
3.94385909239501963e-15,2.36366574527311449e-12
3.96861775329353919e-15,2.36116918480051794e-12
3.99353184350003528e-15,2.35867526125499371e-12
4.01860233876473328e-15,2.35618397185136571e-12
4.04383022096349921e-15,2.35369531380737075e-12
4.06921647813609511e-15,2.35120928434371307e-12
4.094762104524974e-15,2.34872588068403284e-12
4.12046810061432133e-15,2.34624510005487384e-12
4.14633547316903458e-15,2.343766939685738e-12
4.17236523527425683e-15,2.34129139680904336e-12
4.19855840637515261e-15,2.3388184686601318e-12
4.22491601231659809e-15,2.33634815247727505e-12
4.25143908538362956e-15,2.33388044550163189e-12
4.27812866434163503e-15,2.33141534497730552e-12
4.30498579447713641e-15,2.3289528481513084e-12
4.33201152763883329e-15,2.32649295227353358e-12
4.35920692227859341e-15,2.32403565459680561e-12
4.38657304349300304e-15,2.32158095237684334e-12
4.4141109630651943e-15,2.31912884287227168e-12
4.44182175950656914e-15,2.31667932334458359e-12
4.4697065180993272e-15,2.31423239105819343e-12
4.49776633093871494e-15,2.31178804328039413e-12
4.5260022969759084e-15,2.30934627728137576e-12
4.55441552206116271e-15,2.30690709033418194e-12
4.58300711898690073e-15,2.30447047971476677e-12
4.61177820753140632e-15,2.30203644270195966e-12
4.64072991450279048e-15,2.29960497657743672e-12
4.66986337378290236e-15,2.29717607862577402e-12
4.69917972637184427e-15,2.29474974613440521e-12
4.72868012043277457e-15,2.29232597639363927e-12
4.75836571133661075e-15,2.28990476669661894e-12
4.78823766170758114e-15,2.28748611433937358e-12
4.81829714146849286e-15,2.28507001662077964e-12
4.8485453278866648e-15,2.28265647084257557e-12
4.87898340562015437e-15,2.28024547430932268e-12
4.9096125667639149e-15,2.27783702432845638e-12
4.94043401089660521e-15,2.27543111821025594e-12
4.97144894512769143e-15,2.27302775326781414e-12
5.00265858414447765e-15,2.27062692681708986e-12
5.03406415025980235e-15,2.26822863617686639e-12
5.06566687346003381e-15,2.26583287866876967e-12
5.09746799145295207e-15,2.26343965161722665e-12
5.12946874971655325e-15,2.26104895234951661e-12
5.16167040154754216e-15,2.25866077819573438e-12
5.19407420811053568e-15,2.2562751264888033e-12
5.22668143848758782e-15,2.25389199456443559e-12
5.25949336972763453e-15,2.25151137976118613e-12
5.29251128689663965e-15,2.24913327942041967e-12
5.32573648312805104e-15,2.24675769088628304e-12
5.35917025967314394e-15,2.24438461150575476e-12
5.39281392595233171e-15,2.24201403862860632e-12
5.42666879960614278e-15,2.23964596960741829e-12
5.46073620654695577e-15,2.23728040179753916e-12
5.49501748101106405e-15,2.23491733255713904e-12
5.52951396561066237e-15,2.23255675924716846e-12
5.56422701138656113e-15,2.23019867923137535e-12
5.59915797786123857e-15,2.22784308987626462e-12
5.63430823309181255e-15,2.22548998855114909e-12
5.66967915372375597e-15,2.22313937262812119e-12
5.70527212504495101e-15,2.22079123948202146e-12
5.74108854103962062e-15,2.21844558649049026e-12
5.7771298044432924e-15,2.21610241103392899e-12
5.81339732679741369e-15,2.21376171049551502e-12
5.84989252850477032e-15,2.21142348226116213e-12
5.88661683888525953e-15,2.2090877237195722e-12
5.92357169623158744e-15,2.20675443226219684e-12
5.960758547865734e-15,2.20442360528325151e-12
5.99817885019578887e-15,2.20209524017967679e-12
6.03583406877264927e-15,2.19976933435119003e-12
6.07372567834780798e-15,2.19744588520025427e-12
6.11185516293076858e-15,2.19512489013205078e-12
6.15022401584731033e-15,2.19280634655452672e-12
6.18883373979812742e-15,2.19049025187835918e-12
6.2276858469173818e-15,2.18817660351696853e-12
6.26678185883207172e-15,2.18586539888648083e-12
6.30612330672178146e-15,2.18355663540577712e-12
6.3457117313783429e-15,2.18125031049645708e-12
6.3855486832663315e-15,2.17894642158285194e-12
6.42563572258394846e-15,2.17664496609198651e-12
6.46597441932375639e-15,2.1743459414536301e-12
6.50656635333459402e-15,2.17204934510026738e-12
6.54741311438307162e-15,2.16975517446706736e-12
6.58851630221600076e-15,2.16746342699193502e-12
6.62987752662320263e-15,2.16517410011547298e-12
6.67149840750023588e-15,2.16288719128098672e-12
6.71338057491199954e-15,2.16060269793449068e-12
6.75552566915673645e-15,2.15832061752467146e-12
6.7979353408299513e-15,2.15604094750293592e-12
6.84061125088921279e-15,2.15376368532338369e-12
6.88355507071937524e-15,2.15148882844277527e-12
6.92676848219765019e-15,2.14921637432058617e-12
6.97025317775991971e-15,2.14694632041897376e-12
7.01401086046662717e-15,2.14467866420274982e-12
7.05804324406964704e-15,2.14241340313942982e-12
7.10235205307957747e-15,2.14015053469919657e-12
7.14693902283292944e-15,2.13789005635490424e-12
7.19180589956026891e-15,2.13563196558208403e-12
7.23695444045477985e-15,2.13337625985890864e-12
7.28238641374067323e-15,2.13112293666624919e-12
7.32810359874291302e-15,2.12887199348760172e-12
7.37410778595648741e-15,2.12662342780914781e-12
7.42040077711670493e-15,2.12437723711971412e-12
7.4669843852699505e-15,2.12213341891078012e-12
7.51386043484432033e-15,2.11989197067648415e-12
7.56103076172126062e-15,2.11765288991358461e-12
7.6084972133076551e-15,2.11541617412151006e-12
7.65626164860780678e-15,2.11318182080232166e-12
7.70432593829642589e-15,2.11094982746072733e-12
7.75269196479209225e-15,2.10872019160404493e-12
7.80136162233052695e-15,2.10649291074225969e-12
7.85033681703929902e-15,2.10426798238795185e-12
7.89961946701202038e-15,2.10204540405635568e-12
7.94921150238366406e-15,2.09982517326532066e-12
7.99911486540635498e-15,2.09760728753531798e-12
8.04933151052504048e-15,2.09539174438944658e-12
8.09986340445423494e-15,2.09317854135339598e-12
8.15071252625524371e-15,2.09096767595549397e-12
8.20188086741327366e-15,2.08875914572667186e-12
8.25337043191562952e-15,2.08655294820047576e-12
8.30518323633039651e-15,2.08434908091303313e-12
8.35732130988495516e-15,2.0821475414031056e-12
8.40978669454598531e-15,2.07994832721202281e-12
8.46258144509897878e-15,2.07775143588373526e-12
8.51570762922889719e-15,2.07555686496477962e-12
8.56916732760138048e-15,2.07336461200428395e-12
8.62296263394380619e-15,2.07117467455397337e-12
8.67709565512750421e-15,2.06898705016813331e-12
8.731568511250478e-15,2.06680173640365796e-12
8.786383335719948e-15,2.06461873082002241e-12
8.84154227533647209e-15,2.06243803097925397e-12
8.89704749037752069e-15,2.06025963444597945e-12
8.95290115468230201e-15,2.05808353878739038e-12
9.00910545573711756e-15,2.05590974157325678e-12
9.06566259476059569e-15,2.05373824037588877e-12
9.12257478679012115e-15,2.05156903277018748e-12
9.17984426076880671e-15,2.04940211633360585e-12
9.23747325963234625e-15,2.04723748864616479e-12
9.29546404039707907e-15,2.04507514729041565e-12
9.35381887424861326e-15,2.04291508985148822e-12
9.41254004663024406e-15,2.04075731391706373e-12
9.47162985733307312e-15,2.03860181707734493e-12
9.53109062058554325e-15,2.03644859692510619e-12
9.59092466514430132e-15,2.03429765105565511e-12
9.6511343343856406e-15,2.03214897706684828e-12
9.71172198639680915e-15,2.03000257255905454e-12
9.77268999406859396e-15,2.027858435135201e-12
9.83404074518849796e-15,2.02571656240073995e-12
9.89577664253369678e-15,2.02357695196366054e-12
9.95790010396578108e-15,2.02143960143445244e-12
1.00204135625248941e-14,1.34265502597507046e-11
1.00833194665252568e-14,1.34438804707012338e-11
1.01466202796512988e-14,1.34612330504810626e-11
1.02103184810536637e-14,1.34786080279626864e-11
1.02744165654465423e-14,1.34960054320556492e-11
1.03389170432056362e-14,1.35134252917069701e-11
1.04038224404659625e-14,1.35308676359010368e-11
1.04691352992210499e-14,1.35483324936594778e-11
1.05348581774227482e-14,1.35658198940415502e-11
1.06009936490808052e-14,1.35833298661439624e-11
1.06675443043643738e-14,1.36041810182444346e-11
1.07345127497028458e-14,1.36250877375424439e-11
1.08019016078881872e-14,1.36460265860006352e-11
1.0869713518177929e-14,1.366699761299477e-11
1.09379511363980021e-14,1.36880008679762708e-11
1.10066171350470169e-14,1.37090364004727271e-11
1.10757142034011943e-14,1.37301042600878354e-11
1.114524504761916e-14,1.37512044965014137e-11
1.12152123908481917e-14,1.37723371594696265e-11
1.12856189733311519e-14,1.37935022988252733e-11
1.13564675525131627e-14,1.38146999644775082e-11
1.14277609031503334e-14,1.38359302064123563e-11
1.14995018174177938e-14,1.38571930746926592e-11
1.15716931050193195e-14,1.38784886194580246e-11
1.16443375932976575e-14,1.38998168909253418e-11
1.17174381273446947e-14,1.39211779393885025e-11
1.17909975701131616e-14,1.39425718152186861e-11
1.18650188025290535e-14,1.39639985688646009e-11
1.19395047236037813e-14,1.3985458250852481e-11
1.20144582505484935e-14,1.40069509117860356e-11
1.20898823188876351e-14,1.40284766023469748e-11
1.21657798825742165e-14,1.40500353732946601e-11
1.22421539141057959e-14,1.40716272754666958e-11
1.23190074046403081e-14,1.40932523597786336e-11
1.23963433641134986e-14,1.41149106772242762e-11
1.24741648213571236e-14,1.41366022788759081e-11
1.25524748242169538e-14,1.41606178867732615e-11
1.26312764396724513e-14,1.41860390002007571e-11
1.2710572753957196e-14,1.42115057495612246e-11
1.27903668726790355e-14,1.42370182167800842e-11
1.28706619209425404e-14,1.42625764839300638e-11
1.29514610434706689e-14,1.42881806332311068e-11
1.30327674047282475e-14,1.43138307470505888e-11
1.31145841890462166e-14,1.43395269079040959e-11
1.31969146007457111e-14,1.43652691984551164e-11
1.32797618642638754e-14,1.43910577015155336e-11
1.33631292242804654e-14,1.44168925000460699e-11
1.3447019945844286e-14,1.44427736771562046e-11
1.35314373145013819e-14,1.44687013161046728e-11
1.36163846364240479e-14,1.44946755002996745e-11
1.37018652385395409e-14,1.45206963132990884e-11
1.37878824686612694e-14,1.45467638388109673e-11
1.38744396956191203e-14,1.45728781606934648e-11
1.39615403093917431e-14,1.45990393629553346e-11
1.40491877212396442e-14,1.46252475297561378e-11
1.41373853638381221e-14,1.46515027454065262e-11
1.42261366914120335e-14,1.46778050943684421e-11
1.43154451798714324e-14,1.47041546612556315e-11
1.44053143269468867e-14,1.47305515308335634e-11
1.44957476523274024e-14,1.47569957880199337e-11
1.45867486977974463e-14,1.47834875178848854e-11
1.46783210273760088e-14,1.4810026805651215e-11
1.4770468227456557e-14,1.48372802796675751e-11
1.48631939069467617e-14,1.48664727703699564e-11
1.49565016974102074e-14,1.48957226975766946e-11
1.50503952532089854e-14,1.49250301742946556e-11
1.51448782516460816e-14,1.495439531375312e-11
1.52399543931097634e-14,1.49838182294039573e-11
1.53356274012188767e-14,1.50132990349224375e-11
1.54319010229678064e-14,1.50428378442074276e-11
1.55287790288742371e-14,1.50724347713819542e-11
1.56262652131259315e-14,1.51020899307933972e-11
1.57243633937297064e-14,1.5131803437014301e-11
1.58230774126613582e-14,1.51615754048425745e-11
1.59224111360153533e-14,1.5191405949302044e-11
1.60223684541566302e-14,1.52212951856426696e-11
1.61229532818733569e-14,1.52512432293413526e-11
1.62241695585294679e-14,1.52812501961021883e-11
1.63260212482193358e-14,1.53113162018567463e-11
1.64285123399234289e-14,1.53414413627648724e-11
1.65316468476636059e-14,1.53716257952148918e-11
1.66354288106613795e-14,1.5401869615824133e-11
1.67398622934951966e-14,1.5432172941439428e-11
1.68449513862599986e-14,1.54625358891373197e-11
1.695070020472785e-14,1.54929585762248887e-11
1.70571128905082779e-14,1.55234411202400184e-11
1.7164193611210916e-14,1.55539836389516568e-11
1.72719465606091243e-14,1.55845862503606562e-11
1.738037595880327e-14,1.56152490726999742e-11
1.7489486052387132e-14,1.564734900517048e-11
1.75992811146132215e-14,1.56796762182971171e-11
1.77097654455605623e-14,1.57120702190123871e-11
1.78209433723035488e-14,1.57445311452985498e-11
1.79328192490805354e-14,1.57770591354230029e-11
1.80453974574648056e-14,1.58096543279385444e-11
1.81586824065366176e-14,1.58423168616846678e-11
1.82726785330550033e-14,1.58750468757872584e-11
1.83873903016319685e-14,1.59078445096598955e-11
1.85028222049077921e-14,1.59407099030041114e-11
1.86189787637259514e-14,1.59736431958100721e-11
1.87358645273113517e-14,1.6006644528357215e-11
1.88534840734474715e-14,1.60397140412146036e-11
1.89718420086560619e-14,1.60728518752419099e-11
1.9090942968378066e-14,1.61060581715897507e-11
1.92107916171542103e-14,1.61393330717004337e-11
1.93313926488081496e-14,1.61726767173082129e-11
1.94527507866307985e-14,1.62060892504406232e-11
1.95748707835641781e-14,1.6239570813418173e-11
1.96977574223888648e-14,1.627312154885566e-11
1.98214155159101675e-14,1.6306741599662458e-11
1.99458499071471012e-14,1.63404311090431895e-11
2.00710654695225626e-14,1.63741902204984074e-11
2.01970671070532076e-14,1.64080190778249277e-11
2.03238597545419993e-14,1.64419178251168472e-11
2.04514483777719952e-14,1.64758866067659057e-11
2.05798379736998062e-14,1.65117512073176526e-11
2.07090335706518307e-14,1.65493201044310664e-11
2.08390402285216602e-14,1.65869744813953179e-11
2.09698630389670962e-14,1.6624714532701213e-11
2.11015071256108935e-14,1.66625404532820734e-11
2.12339776442402568e-14,1.6700452438514748e-11
2.13672797830092475e-14,1.67384506842206275e-11
2.15014187626425327e-14,1.67765353866666491e-11
2.16363998366387745e-14,1.68147067425663145e-11
2.17722282914769303e-14,1.6852964949080698e-11
2.19089094468238024e-14,1.6891310203819477e-11
2.20464486557413482e-14,1.69297427048419502e-11
2.21848513048968287e-14,1.69682626506580458e-11
2.23241228147743434e-14,1.70068702402293708e-11
2.24642686398858394e-14,1.7045565672970146e-11
2.26052942689861973e-14,1.70843491487486041e-11
2.274720522528692e-14,1.71232208678873036e-11
2.28900070666729806e-14,1.71621810311648156e-11
2.30337053859210718e-14,1.72012298398166733e-11
2.31783058109175173e-14,1.72403674955361349e-11
2.33238140048792454e-14,1.72795942004751594e-11
2.34702356665761558e-14,1.73189101572460867e-11
2.36175765305529779e-14,1.73583155689219639e-11
2.37658423673554011e-14,1.7397810639037964e-11
2.39150389837547184e-14,1.74373955715923615e-11
2.40651722229758241e-14,1.74770705710475795e-11
2.42162479649266611e-14,1.75172230469036716e-11
2.43682721264273129e-14,1.75594523843689611e-11
2.45212506614423348e-14,1.76017835254669085e-11
2.46751895613145315e-14,1.76442167156191162e-11
2.4830094854998406e-14,1.7686752200838333e-11
2.49859726092968852e-14,1.77293902277306645e-11
2.51428289290995292e-14,1.7772131043496649e-11
2.53006699576202018e-14,1.78149748959327533e-11
2.54595018766393154e-14,1.7857922033432895e-11
2.56193309067444799e-14,1.79009727049895762e-11
2.5780163307574756e-14,1.79441271601957775e-11
2.59420053780664478e-14,1.79873856492461077e-11
2.61048634566985287e-14,1.80307484229384005e-11
2.62687439217415165e-14,1.80742157326748031e-11
2.6433653191507914e-14,1.81177878304640381e-11
2.65995977246023175e-14,1.81614649689218462e-11
2.67665840201749781e-14,1.82052474012732385e-11
2.69346186181770053e-14,1.82491353813536947e-11
2.71037080996149824e-14,1.82931291636103239e-11
2.72738590868104461e-14,1.83372290031041645e-11
2.74450782436577236e-14,1.83814351555106046e-11
2.76173722758855606e-14,1.84257478771217085e-11
2.7790747931320447e-14,1.84701674248473116e-11
2.79652120001495257e-14,1.85146940562166691e-11
2.81407713151872081e-14,1.85593280293796377e-11
2.83174327521434632e-14,1.86040696031086345e-11
2.84952032298915074e-14,1.86489190367998352e-11
2.86740897107406098e-14,1.86966246800226615e-11
2.88540992007071531e-14,1.87451511425007812e-11
2.90352387497897194e-14,1.87938035537851435e-11
2.92175154522459004e-14,1.88425822407718074e-11
2.94009364468687385e-14,1.88914875312050409e-11
2.95855089172669966e-14,1.89405197536797736e-11
2.97712400921472607e-14,1.89896792376440941e-11
2.9958137245595575e-14,1.90389663134006982e-11
3.01462076973630576e-14,1.90883813121098061e-11
3.03354588131533264e-14,1.91379245657913047e-11
3.05258980049092266e-14,1.9187596407326522e-11
3.07175327311051308e-14,1.9237397170461073e-11
3.09103704970372658e-14,1.92873271898066537e-11
3.11044188551184349e-14,1.9337386800843183e-11
3.12996854051745445e-14,1.93875763399217885e-11
3.14961777947407403e-14,1.94378961442662667e-11
3.16939037193616631e-14,1.94883465519756715e-11
3.18928709228936369e-14,1.95389279020268116e-11
3.20930871978061376e-14,1.958964053427607e-11
3.2294560385489063e-14,1.96404847894619887e-11
3.24972983765579895e-14,1.96914610092074851e-11
3.27013091111640105e-14,1.97425695360220723e-11
3.29066005793055051e-14,1.97938107133044663e-11
3.31131808211394739e-14,1.98451848853444344e-11
3.33210579272971905e-14,1.98966923973254059e-11
3.35302400392019205e-14,1.99483335953267338e-11
3.37407353493861451e-14,2.00018064592564446e-11
3.39525521018132039e-14,2.00576625769481705e-11
3.41656985922010302e-14,2.01136746758453896e-11
3.43801831683450811e-14,2.01698431915339904e-11
3.45960142304475347e-14,2.02261685608163341e-11
3.48132002314442996e-14,2.02826512217144206e-11
3.50317496773369091e-14,2.03392916134734336e-11
3.52516711275265232e-14,2.03960901765654404e-11
3.54729731951474364e-14,2.04530473526922864e-11
3.56956645474052601e-14,2.05101635847892984e-11
3.59197539059172608e-14,2.05674393170289749e-11
3.61452500470521628e-14,2.06248749948238547e-11
3.6372161802274768e-14,2.06824710648305663e-11
3.66004980584927115e-14,2.07402279749530486e-11
3.6830267758402464e-14,2.07981461743457862e-11
3.70614799008419147e-14,2.08562261134178927e-11
3.72941435411407375e-14,2.09144682438360129e-11
3.75282677914759284e-14,2.09728730185280999e-11
3.77638618212295922e-14,2.10314408916871794e-11
3.8000934857346248e-14,2.1090172318774306e-11
3.8239496184695088e-14,2.11490677565226834e-11
3.8479555146434548e-14,2.12081276629409696e-11
3.87211211443760833e-14,2.12673524973165757e-11
3.89642036393548583e-14,2.13267427202198444e-11
3.92088121515980767e-14,2.13862987935070256e-11
3.94549562610987942e-14,2.14460211803241276e-11
3.97026456079920822e-14,2.15060322987560778e-11
3.99518898929306229e-14,2.15679436812477493e-11
4.02026988774656298e-14,2.16300332936996855e-11
4.04550823844301272e-14,2.16923016491988632e-11
4.0709050298321673e-14,2.1754749262309067e-11
4.09646125656904899e-14,2.18173766490756723e-11
4.12217791955300019e-14,2.18801843270296317e-11
4.14805602596665096e-14,2.19431728151914112e-11
4.17409658931563272e-14,2.20063426340762599e-11
4.20030062946803371e-14,2.20696943056972443e-11
4.22666917269444667e-14,2.21332283535705635e-11
4.25320325170826328e-14,2.21969453027195073e-11
4.2799039057059129e-14,2.22608456796785306e-11
4.30677218040766794e-14,2.23249300124981331e-11
4.33380912809870118e-14,2.2389198830748978e-11
4.361015807670091e-14,2.24536526655259677e-11
4.38839328466039447e-14,2.25182920494531897e-11
4.41594263129748934e-14,2.258311751668805e-11
4.44366492654031184e-14,2.26481296029253114e-11
4.47156125612140887e-14,2.27133288454025389e-11
4.4996327125891995e-14,2.27787157829033364e-11
4.52788039535087757e-14,2.28442909557623461e-11
4.55630541071557919e-14,2.29100549058702917e-11
4.58490887193748855e-14,2.297600817667732e-11
4.61369189925954961e-14,2.30421513131980607e-11
4.64265561995745216e-14,2.3108484862016683e-11
4.67180116838351829e-14,2.31750093712902079e-11
4.70112968601143181e-14,2.32433245138340837e-11
4.73064232148067638e-14,2.33125282136966638e-11
4.76034023064163619e-14,2.33819379577534547e-11
4.79022457660097938e-14,2.3451554359472182e-11
4.82029652976698241e-14,2.35213780341464169e-11
4.85055726789547853e-14,2.35914095989020653e-11
4.88100797613610785e-14,2.36616496727023367e-11
4.91164984707849348e-14,2.37320988763534153e-11
4.94248408079906823e-14,2.38027578325094584e-11
4.9735118849081954e-14,2.38736271656791721e-11
5.00473447459718384e-14,2.39447075022298627e-11
5.03615307268620292e-14,2.40159994703945426e-11
5.06776890967188849e-14,2.40875037002760112e-11
5.09958322377565762e-14,2.4159220823853504e-11
5.13159726099232834e-14,2.42311514749878829e-11
5.16381227513866879e-14,2.43032962894269442e-11
5.19622952790262682e-14,2.43756559048116325e-11
5.22885028889286991e-14,2.44482309606812783e-11
5.26167583568821324e-14,2.45210220984793432e-11
5.29470745388799712e-14,2.45940299615591099e-11
5.3279464371621352e-14,2.46672551951894367e-11
5.36139408730191061e-14,2.47406984465599894e-11
5.39505171427108869e-14,2.48143603647880518e-11
5.4289206362569646e-14,2.48882416009228495e-11
5.46300217972211364e-14,2.4962342807952426e-11
5.49729767945648039e-14,2.50366646408089025e-11
5.53180847862938521e-14,2.51112077563744625e-11
5.56653592884226453e-14,2.51859728134866669e-11
5.60148139018174052e-14,2.52609604729453719e-11
5.63664623127257017e-14,2.53361713975170686e-11
5.67203182933161414e-14,2.54116062519423502e-11
5.70763957022145122e-14,2.54872657029402642e-11
5.7434708485047938e-14,2.55631504192153342e-11
5.7795270674992475e-14,2.56392610714629488e-11
5.81580963933198817e-14,2.57155983323755114e-11
5.85231998499520731e-14,2.57921628766478353e-11
5.88905953440191056e-14,2.58689553809842921e-11
5.92602972644163347e-14,2.59459765241034118e-11
5.96323200903693315e-14,2.60232269867445012e-11
6.0006678392002473e-14,2.61007074516743156e-11
6.03833868309061348e-14,2.61784186036916023e-11
6.07624601607148425e-14,2.62563611296348518e-11
6.11439132276816343e-14,2.63345357183867667e-11
6.15277609712609622e-14,2.64129430608815287e-11
6.1914018424695367e-14,2.64915838501103756e-11
6.23027007156011579e-14,2.65704587811279373e-11
6.26938230665624195e-14,2.66495685510578262e-11
6.30874007957287462e-14,2.67289138591000103e-11
6.34834493174115533e-14,2.68084954065353566e-11
6.38819841426919484e-14,2.68883138967335635e-11
6.42830208800245238e-14,2.69683700351577522e-11
6.46865752358502424e-14,2.70486645293718953e-11
6.50926630152131723e-14,2.7129198089046636e-11
6.5501300122376287e-14,2.72099714259652368e-11
6.59125025614459652e-14,2.7290985254030517e-11
6.63262864370003545e-14,2.73722402892707363e-11
6.67426679547169203e-14,2.74537372498461316e-11
6.71616634220087514e-14,2.75354768560547237e-11
6.75832892486647943e-14,2.76174598303398875e-11
6.80075619474888009e-14,2.7699686897295086e-11
6.84344981349504052e-14,2.77821587836720514e-11
6.88641145318320401e-14,2.78648762183855223e-11
6.9296427963885408e-14,2.79478399325209399e-11
6.97314553624922475e-14,2.80310506593403229e-11
7.01692137653239626e-14,2.81145091342888843e-11
7.0609720317010643e-14,2.81982160950015135e-11
7.10529922698142447e-14,2.82821722813093065e-11
7.14990469843007962e-14,2.83663784352462188e-11
7.19479019300220629e-14,2.84508353010550399e-11
7.23995746862014816e-14,2.8535543625195248e-11
7.28540829424185625e-14,2.86205041563478703e-11
7.33114444993063842e-14,2.8705717645423961e-11
7.37716772692445885e-14,2.87911848455694806e-11
7.42347992770627424e-14,2.88769065121732511e-11
7.47008286607480249e-14,2.89628834028730307e-11
7.51697836721520177e-14,2.9049116277562467e-11
7.5641682677707309e-14,2.91356058983971976e-11
7.61165441591486909e-14,2.92223530298029022e-11
7.65943867142326363e-14,2.93093584384802916e-11
7.70752290574706396e-14,2.93964053356240058e-11
7.75590900208578409e-14,2.94835667568194873e-11
7.80459885546123846e-14,2.95709866148291918e-11
7.85359437279195343e-14,2.96586656759277772e-11
7.90289747296747035e-14,2.9746604708662037e-11
7.95251008692368812e-14,2.98348044838570467e-11
8.00243415771867878e-14,2.99232657746242669e-11
8.05267164060840407e-14,3.00119893563666101e-11
8.1032245031234824e-14,3.01009760067864411e-11
8.15409472514644368e-14,3.01902265058924141e-11
8.20528429898880927e-14,3.02797416360050885e-11
8.25679522946965469e-14,3.03695221817656076e-11
8.30862953399365587e-14,3.04595689301407334e-11
8.36078924263029962e-14,3.05498826704311307e-11
8.41327639819359959e-14,3.06404641942776163e-11
8.46609305632169026e-14,3.07313142956682744e-11
8.51924128555754038e-14,3.08224337709453837e-11
8.57272316743017463e-14,3.09138234188124103e-11
8.62654079653570955e-14,3.10054840403410059e-11
8.68069628061994677e-14,3.10974164389780132e-11
8.73519174066042948e-14,3.11896214205526842e-11
8.79002931094972131e-14,3.12820997932830394e-11
8.84521113917921114e-14,3.13748523677844109e-11
8.90073938652279317e-14,3.1467879957074735e-11
8.95661622772172606e-14,3.15611833765830889e-11
9.01284385117002469e-14,3.16547634441561922e-11
9.06942445899973132e-14,3.17477906227347274e-11
9.12636026716737392e-14,3.18384036219505036e-11
9.18365350554098425e-14,3.19292752443798699e-11
9.24130641798690314e-14,3.20204062281720962e-11
9.2993212624582609e-14,3.21117973135842894e-11
9.35770031108288573e-14,3.22034492429854325e-11
9.41644585025250925e-14,3.22953627608638874e-11
9.47556018071254785e-14,3.23875386138327588e-11
9.53504561765175404e-14,3.24799775506360976e-11
9.59490449079310648e-14,3.2572680322154976e-11
9.65513914448530038e-14,3.26656476814136008e-11
9.71575193779409152e-14,3.27588803835855686e-11
9.77674524459491289e-14,3.2852379185999301e-11
9.83812145366609977e-14,3.29461448481457026e-11
9.89988296878187637e-14,3.30401781316822962e-11
9.96203220880714628e-14,3.31344798004414308e-11
1.00245716077916567e-13,3.32290506204351666e-11
1.00875036150655751e-13,3.33238913598614341e-11
1.0150830695335659e-13,3.34190027891117041e-11
1.0214555328781291e-13,3.35143856807752798e-11
1.02786800111518654e-13,3.36100408096471152e-11
1.03432072538647772e-13,3.37059689527334056e-11
1.04081395841032013e-13,3.38021708892580371e-11
1.04734795449157406e-13,3.38986474006689129e-11
1.05392296953154283e-13,3.39953992706443188e-11
1.06053926103802054e-13,3.40924272850992694e-11
1.06719708813540325e-13,3.41897322321918992e-11
1.07389671157478577e-13,3.42829142758015766e-11
1.08063839374419971e-13,3.43756949235806975e-11
1.08742239867891591e-13,3.44687266657836449e-11
1.09424899207173309e-13,3.45620101819529532e-11
1.10111844128340933e-13,3.46555461534702188e-11
1.1080310153531606e-13,3.47493352635614956e-11
1.11498698500913409e-13,3.48433781973013146e-11
1.12198662267908427e-13,3.49376756416189399e-11
1.12903020250097822e-13,3.50322282853018385e-11
1.13611800033375939e-13,3.51270368190019812e-11
1.14325029376817955e-13,3.52221019352407543e-11
1.15042736213761504e-13,3.53174243284133083e-11
1.15764948652903422e-13,3.54130046947940384e-11
1.16491694979403433e-13,3.55088437325421287e-11
1.1722300365598632e-13,3.56049421417057598e-11
1.17958903324059445e-13,3.57013006242276917e-11
1.18699422804837361e-13,3.57979198839509252e-11
1.19444591100463868e-13,3.58948006266222818e-11
1.20194437395155598e-13,3.5991943559899577e-11
1.209489910563382e-13,3.60893493933552007e-11
1.2170828163579942e-13,3.61870188384818682e-11
1.22472338870849447e-13,3.6284952608698262e-11
1.23241192685479641e-13,3.63831514193533749e-11
1.2401487319153745e-13,3.64816159877321509e-11
1.2479341068990878e-13,3.65803470330611986e-11
1.2557683567169755e-13,3.66793452765131336e-11
1.26365178819428151e-13,3.67740501437506502e-11
1.27158471008239862e-13,3.68645139946492569e-11
1.27956743307099092e-13,3.69552003858522802e-11
1.28760026980019436e-13,3.70461098648072881e-11
1.29568353487279748e-13,3.71372429803081047e-11
1.30381754486659453e-13,3.72286002824985708e-11
1.31200261834681585e-13,3.73201823228763571e-11
1.32023907587854066e-13,3.74119896542953355e-11
1.32852724003928351e-13,3.75040228309693921e-11
1.33686743543166104e-13,3.7596282408476253e-11
1.34525998869602784e-13,3.76887689437598882e-11
1.35370522852335754e-13,3.77814829951343435e-11
1.36220348566803886e-13,3.78744251222875797e-11
1.37075509296086191e-13,3.79675958862837662e-11
1.37936038532208744e-13,3.80609958495678954e-11
1.38801969977449626e-13,3.8154625575968122e-11
1.39673337545662282e-13,3.82484856306996018e-11
1.405501753636071e-13,3.83425765803683881e-11
1.41432517772280031e-13,3.84368989929739006e-11
1.42320399328266668e-13,3.85314534379128416e-11
1.43213854805087607e-13,3.86262404859831057e-11
1.44112919194563813e-13,3.87212607093862419e-11
1.45017627708190545e-13,3.88165146817314472e-11
1.45928015778509361e-13,3.89120029780394444e-11
1.46844119060499339e-13,3.90077261747450341e-11
1.47765973432977161e-13,3.91036848497010312e-11
1.48693614999994948e-13,3.91978057186699843e-11
1.49627080092258017e-13,3.92792703965380015e-11
1.50566405268551311e-13,3.93609043821929846e-11
1.51511627317162687e-13,3.94427080275067807e-11
1.52462783257333549e-13,3.95246816850825288e-11
1.53419910340700137e-13,3.96068257082563602e-11
1.54383046052755944e-13,3.9689140451098225e-11
1.5535222811432383e-13,3.97716262684144578e-11
1.56327494483025729e-13,3.9854283515748754e-11
1.57308883354772866e-13,3.99371125493832742e-11
1.58296433165265826e-13,4.00201137263411132e-11
1.59290182591491868e-13,4.01032874043873661e-11
1.60290170553243781e-13,4.01866339420300205e-11
1.61296436214647908e-13,4.02701536985232905e-11
1.62309018985688991e-13,4.03538470338668867e-11
1.63327958523764026e-13,4.04377143088093574e-11
1.643532947352263e-13,4.05217558848489997e-11
1.65385067776952144e-13,4.06059721242348996e-11
1.66423318057917828e-13,4.06903633899695241e-11
1.67468086240774033e-13,4.07749300458097545e-11
1.68519413243442345e-13,4.08596724562678043e-11
1.69577340240722091e-13,4.09445909866146121e-11
1.70641908665893093e-13,4.10296860028790982e-11
1.71713160212349667e-13,4.11149578718515574e-11
1.72791136835223619e-13,4.12004069610846027e-11
1.73875880753031635e-13,4.12860336388940372e-11
1.74967434449333056e-13,4.13718382743623251e-11
1.76065840674385129e-13,4.14538842762687047e-11
1.77171142446821674e-13,4.15349349359033219e-11
1.78283383055342058e-13,4.1616144065836899e-11
1.7940260606039813e-13,4.16975119759103167e-11
1.80528855295904362e-13,4.17790389765707726e-11
1.81662174870959181e-13,4.18607253788722789e-11
1.82802609171562046e-13,4.19425714944770192e-11
1.83950202862363679e-13,4.2024577635656719e-11
1.85105000888405069e-13,4.210674411529313e-11
1.8626704847688193e-13,4.21890712468802726e-11
1.87436391138920731e-13,4.22715593445249336e-11
1.88613074671352074e-13,4.23542087229482302e-11
1.89797145158508625e-13,4.24370196974859068e-11
1.90988648974034893e-13,4.25199925840914891e-11
1.92187632782693968e-13,4.26031276993350239e-11
1.93394143542199826e-13,4.26864253604062064e-11
1.94608228505061204e-13,4.27698858851147557e-11
1.95829935220421083e-13,4.28535095918917456e-11
1.97059311535931626e-13,4.29372967997910264e-11
1.98296405599617112e-13,4.3021247828489742e-11
1.99541265861764101e-13,4.31053629982905979e-11
2.00793941076824216e-13,4.31896426301223786e-11
2.02054480305313602e-13,4.32740870455415177e-11
2.0332293291573921e-13,4.33586965667324532e-11
2.04599348586537454e-13,4.3443471516510801e-11
2.05883777308008128e-13,4.35284122183221071e-11
2.07176269384285573e-13,4.36165732737829335e-11
2.0847687543529709e-13,4.37093692625358636e-11
2.09785646398750591e-13,4.38023626784337958e-11
2.11102633532134481e-13,4.38955539415106379e-11
2.12427888414715117e-13,4.39889434726941046e-11
2.13761462949561799e-13,4.40825316938072693e-11
2.15103409365584905e-13,4.41763190275712004e-11
2.16453780219570913e-13,4.42703058976057627e-11
2.17812628398245936e-13,4.43644927284321182e-11
2.19180007120352484e-13,4.44588799454751238e-11
2.20555969938721156e-13,4.45534679750640548e-11
2.21940570742382398e-13,4.46482572444359077e-11
2.23333863758664458e-13,4.47432481817361362e-11
2.24735903555322545e-13,4.48384412160212368e-11
2.26146745042681479e-13,4.49338367772603769e-11
2.27566443475775209e-13,4.50294352963380574e-11
2.28995054456516376e-13,4.51252372050549335e-11
2.30432633935879517e-13,4.52212429361305223e-11
2.31879238216079343e-13,4.53174529232047925e-11
2.33334923952790714e-13,4.54138676008408465e-11
2.34799748157354455e-13,4.55104874045257862e-11
2.36273768199015663e-13,4.56073127706732269e-11
2.37757041807176543e-13,4.57043441366258303e-11
2.39249627073645613e-13,4.5801581940656158e-11
2.40751582454918809e-13,4.58990266219692173e-11
2.42262966774474555e-13,4.5996678620705001e-11
2.43783839225066089e-13,4.60959288280982623e-11
2.45314259371045315e-13,4.62277586050477826e-11
2.46854287150701781e-13,4.63599654020624664e-11
2.48403982878596179e-13,4.64925502973822525e-11
2.49963407247938408e-13,4.66255143723307118e-11
2.51532621332950751e-13,4.67588587113239271e-11
2.53111686591265595e-13,4.68925844018792879e-11
2.54700664866338753e-13,4.70000000000000574e-11
2.5629961838985921e-13,4.70000000000000574e-11
2.57908609784192322e-13,4.70000000000000574e-11
2.59527702064839109e-13,4.70000000000000574e-11
2.6115695864289127e-13,4.70000000000000574e-11
2.62796443327520997e-13,4.70000000000000574e-11
2.64446220328486787e-13,4.70000000000000574e-11
2.6610635425863274e-13,4.70000000000000574e-11
2.67776910136436599e-13,4.70000000000000574e-11
2.69457953388541039e-13,4.70000000000000574e-11
2.71149549852322353e-13,4.70000000000000574e-11
2.72851765778475794e-13,4.70000000000000574e-11
2.74564667833596891e-13,4.70000000000000574e-11
2.76288323102799095e-13,4.70000000000000574e-11
2.78022799092347904e-13,4.70000000000000574e-11
2.79768163732288749e-13,4.70000000000000574e-11
2.81524485379126008e-13,4.70000000000000574e-11
2.83291832818483686e-13,4.70000000000000574e-11
2.85070275267806656e-13,4.70000000000000574e-11
2.86859882379078264e-13,4.70000000000000574e-11
2.88660724241534303e-13,4.70000000000000574e-11
2.90472871384414989e-13,4.70000000000000574e-11
2.92296394779734559e-13,4.70000000000000574e-11
2.94131365845046199e-13,4.70000000000000574e-11
2.95977856446246661e-13,4.70000000000000574e-11
2.97835938900397679e-13,4.70000000000000574e-11
2.99705685978541756e-13,4.70000000000000574e-11
3.01587170908571174e-13,4.70000000000000574e-11
3.03480467378079342e-13,4.70000000000000574e-11
3.05385649537253604e-13,4.70000000000000574e-11
3.0730279200178709e-13,4.70000000000000574e-11
3.0923196985578594e-13,4.70000000000000574e-11
3.1117325865471742e-13,4.70000000000000574e-11
3.13126734428376672e-13,4.70000000000000574e-11
3.15092473683849141e-13,4.70000000000000574e-11
3.17070553408514515e-13,4.70000000000000574e-11
3.19061051073069805e-13,4.70000000000000574e-11
3.21064044634545057e-13,4.70000000000000574e-11
3.23079612539377715e-13,4.70000000000000574e-11
3.25107833726466272e-13,4.70000000000000574e-11
3.27148787630269957e-13,4.70000000000000574e-11
3.29202554183927599e-13,4.70000000000000574e-11
3.31269213822372435e-13,4.70000000000000574e-11
3.33348847485489847e-13,4.70000000000000574e-11
3.35441536621296026e-13,4.70000000000000574e-11
3.37547363189108452e-13,4.70000000000000574e-11
3.39666409662777845e-13,4.70000000000000574e-11
3.41798759033898813e-13,4.70000000000000574e-11
3.43944494815068638e-13,4.70000000000000574e-11
3.46103701043166284e-13,4.70000000000000574e-11
3.48276462282626903e-13,4.70000000000000574e-11
3.50462863628762153e-13,4.70000000000000574e-11
3.52662990711101541e-13,4.70000000000000574e-11
3.5487692969672879e-13,4.70000000000000574e-11
3.57104767293665306e-13,4.70000000000000574e-11
3.59346590754274625e-13,4.70000000000000574e-11
3.61602487878659332e-13,4.70000000000000574e-11
3.63872547018123129e-13,4.70000000000000574e-11
3.66156857078610417e-13,4.70000000000000574e-11
3.68455507524197156e-13,4.70000000000000574e-11
3.70768588380603569e-13,4.70000000000000574e-11
3.73096190238702294e-13,4.70000000000000574e-11
3.75438404258074789e-13,4.70000000000000574e-11
3.77795322170591309e-13,4.70000000000000574e-11
3.80167036283984817e-13,4.70000000000000574e-11
3.82553639485475473e-13,4.70000000000000574e-11
3.84955225245417888e-13,4.70000000000000574e-11
3.87371887620940034e-13,4.70000000000000574e-11
3.89803721259651974e-13,4.70000000000000574e-11
3.92250821403330736e-13,4.70000000000000574e-11
3.94713283891659787e-13,4.70000000000000574e-11
3.97191205165992078e-13,4.70000000000000574e-11
3.99684682273108321e-13,4.70000000000000574e-11
4.02193812869026718e-13,4.70000000000000574e-11
4.04718695222838103e-13,4.70000000000000574e-11
4.07259428220531285e-13,4.70000000000000574e-11
4.09816111368892374e-13,4.70000000000000574e-11
4.1238884479937875e-13,4.70000000000000574e-11
4.1497772927205043e-13,4.70000000000000574e-11
4.17582866179526759e-13,4.70000000000000574e-11
4.2020435755093686e-13,4.70000000000000574e-11
4.22842306055925708e-13,4.70000000000000574e-11
4.25496815008685736e-13,4.70000000000000574e-11
4.28167988371982154e-13,4.70000000000000574e-11
4.30855930761235128e-13,4.70000000000000574e-11
4.33560747448627287e-13,4.70000000000000574e-11
4.36282544367202379e-13,4.70000000000000574e-11
4.39021428115042112e-13,4.70000000000000574e-11
4.41777505959416422e-13,4.70000000000000574e-11
4.44550885840994841e-13,4.70000000000000574e-11
4.47341676378085185e-13,4.70000000000000574e-11
4.5014998687086552e-13,4.70000000000000574e-11
4.52975927305676032e-13,4.70000000000000574e-11
4.55819608359337347e-13,4.70000000000000574e-11
4.58681141403459479e-13,4.70000000000000574e-11
4.6156063850883339e-13,4.70000000000000574e-11
4.64458212449793981e-13,4.70000000000000574e-11
4.67373976708648027e-13,4.70000000000000574e-11
4.70308045480130089e-13,4.70000000000000574e-11
4.73260533675852295e-13,4.70000000000000574e-11
4.76231556928815864e-13,4.70000000000000574e-11
4.79221231597951752e-13,4.70000000000000574e-11
4.82229674772654291e-13,4.70000000000000574e-11
4.85257004277378913e-13,4.70000000000000574e-11
4.88303338676268172e-13,4.70000000000000574e-11
4.91368797277767734e-13,4.70000000000000574e-11
4.9445350013933105e-13,4.70000000000000574e-11
4.97557568072093197e-13,4.70000000000000574e-11
5.0068112264561415e-13,4.70000000000000574e-11
5.03824286192652848e-13,4.70000000000000574e-11
5.06987181813933025e-13,4.70000000000000574e-11
5.10169933382977558e-13,4.70000000000000574e-11
5.13372665550971652e-13,4.70000000000000574e-11
5.16595503751620072e-13,4.70000000000000574e-11
5.19838574206072344e-13,4.70000000000000574e-11
5.23102003927878754e-13,4.70000000000000574e-11
5.26385920727934632e-13,4.70000000000000574e-11
5.29690453219521028e-13,4.70000000000000574e-11
5.33015730823311121e-13,4.70000000000000574e-11
5.36361883772451986e-13,4.70000000000000574e-11
5.39729043117678233e-13,4.70000000000000574e-11
5.43117340732418271e-13,4.70000000000000574e-11
5.46526909317972351e-13,4.70000000000000574e-11
5.49957882408723029e-13,4.70000000000000574e-11
5.53410394377333581e-13,4.70000000000000574e-11
5.56884580440046941e-13,4.70000000000000574e-11
5.60380576661949608e-13,4.70000000000000574e-11
5.63898519962313942e-13,4.70000000000000574e-11
5.674385481199744e-13,4.70000000000000574e-11
5.71000799778696613e-13,4.70000000000000574e-11
5.7458541445262008e-13,4.70000000000000574e-11
5.78192532531736966e-13,4.70000000000000574e-11
5.8182229528736223e-13,4.70000000000000574e-11
5.85474844877680077e-13,4.70000000000000574e-11
5.89150324353326623e-13,4.70000000000000574e-11
5.92848877662958029e-13,4.70000000000000574e-11
5.96570649658927392e-13,4.70000000000000574e-11
6.00315786102923778e-13,4.70000000000000574e-11
6.04084433671694975e-13,4.70000000000000574e-11
6.0787673996280764e-13,4.70000000000000574e-11
6.11692853500397796e-13,4.70000000000000574e-11
6.15532923741002433e-13,4.70000000000000574e-11
6.19397101079428403e-13,4.70000000000000574e-11
6.23285536854611879e-13,4.70000000000000574e-11
6.27198383355561089e-13,4.70000000000000574e-11
6.31135793827335796e-13,4.70000000000000574e-11
6.35097922477013011e-13,4.70000000000000574e-11
6.3908492447976807e-13,4.70000000000000574e-11
6.43096955984915372e-13,4.70000000000000574e-11
6.47134174122039651e-13,4.70000000000000574e-11
6.51196737007165628e-13,4.70000000000000574e-11
6.55284803748919318e-13,4.70000000000000574e-11
6.59398534454774333e-13,4.70000000000000574e-11
6.63538090237339603e-13,4.70000000000000574e-11
6.67703633220630946e-13,4.70000000000000574e-11
6.71895326546464284e-13,4.70000000000000574e-11
6.7611333438080646e-13,4.70000000000000574e-11
6.80357821920221585e-13,4.70000000000000574e-11
6.84628955398357167e-13,4.70000000000000574e-11
6.88926902092421673e-13,4.70000000000000574e-11
6.93251830329752092e-13,4.70000000000000574e-11
6.9760390949442344e-13,4.70000000000000574e-11
7.01983310033849279e-13,4.70000000000000574e-11
7.06390203465473085e-13,4.70000000000000574e-11
7.10824762383503966e-13,4.70000000000000574e-11
7.15287160465635568e-13,4.70000000000000574e-11
7.19777572479894114e-13,4.70000000000000574e-11
7.24296174291442856e-13,4.70000000000000574e-11
7.28843142869486926e-13,4.70000000000000574e-11
7.3341865629422188e-13,4.70000000000000574e-11
7.38022893763773348e-13,4.70000000000000574e-11
7.42656035601232099e-13,4.70000000000000574e-11
7.47318263261734965e-13,4.70000000000000574e-11
7.52009759339528961e-13,4.70000000000000574e-11
7.56730707575171361e-13,4.70000000000000574e-11
7.61481292862682831e-13,4.70000000000000574e-11
7.66261701256807141e-13,4.70000000000000574e-11
7.71072119980316622e-13,4.70000000000000574e-11
7.7591273743130712e-13,4.70000000000000574e-11
7.80783743190595608e-13,4.70000000000000574e-11
7.85685328029163779e-13,4.70000000000000574e-11
7.90617683915591555e-13,4.70000000000000574e-11
7.95581004023594132e-13,4.70000000000000574e-11
8.00575482739607821e-13,4.70000000000000574e-11
8.05601315670356689e-13,4.70000000000000574e-11
8.10658699650566557e-13,4.70000000000000574e-11
8.15747832750627266e-13,4.70000000000000574e-11
8.20868914284370206e-13,4.70000000000000574e-11
8.26022144816894303e-13,4.70000000000000574e-11
8.3120772617238073e-13,4.70000000000000574e-11
8.36425861442017561e-13,4.70000000000000574e-11
8.41676754991974182e-13,4.70000000000000574e-11
8.46960612471364324e-13,4.70000000000000574e-11
8.52277640820320662e-13,4.70000000000000574e-11
8.57628048278120036e-13,4.70000000000000574e-11
8.63012044391291123e-13,4.70000000000000574e-11
8.68429840021876483e-13,4.70000000000000574e-11
8.73881647355642037e-13,4.70000000000000574e-11
8.79367679910408179e-13,4.70000000000000574e-11
8.84888152544433698e-13,4.70000000000000574e-11
8.90443281464787769e-13,4.70000000000000574e-11
8.96033284235838714e-13,4.70000000000000574e-11
9.01658379787797083e-13,4.70000000000000574e-11
9.07318788425238673e-13,4.70000000000000574e-11
9.13014731835791373e-13,4.70000000000000574e-11
9.18746433098766176e-13,4.70000000000000574e-11
9.2451411669391536e-13,4.70000000000000574e-11
9.30318008510247593e-13,4.70000000000000574e-11
9.36158335854829059e-13,4.70000000000000574e-11
9.42035327461708712e-13,4.70000000000000574e-11
9.47949213500899374e-13,4.70000000000000574e-11
9.53900225587346476e-13,4.70000000000000574e-11
9.59888596790021693e-13,4.70000000000000574e-11
9.65914561641075127e-13,4.70000000000000574e-11
9.71978356144965268e-13,4.70000000000000574e-11
9.78080217787765348e-13,4.70000000000000574e-11
9.84220385546408878e-13,4.70000000000000574e-11
9.90399099898072984e-13,4.70000000000000574e-11
9.96616602829620071e-13,4.70000000000000574e-11
1.00287313784702833e-12,4.70000000000000574e-11
1.00916894998495069e-12,4.70000000000000574e-11
1.0155042858163378e-12,4.70000000000000574e-11
1.02187939346204512e-12,4.70000000000000574e-11
1.0282945226005747e-12,4.70000000000000574e-11
1.03474992447787962e-12,4.70000000000000574e-11
1.04124585191714435e-12,4.70000000000000574e-11
1.04778255932875511e-12,4.70000000000000574e-11
1.05436030272020313e-12,4.70000000000000574e-11
1.06097933970613722e-12,4.70000000000000574e-11
1.06763992951847933e-12,4.70000000000000574e-11
1.074342333016525e-12,4.70000000000000574e-11
1.08108681269718514e-12,4.70000000000000574e-11
1.08787363270529468e-12,4.70000000000000574e-11
1.09470305884389399e-12,4.70000000000000574e-11
1.10157535858471187e-12,4.70000000000000574e-11
1.10849080107857669e-12,4.70000000000000574e-11
1.1154496571659856e-12,4.70000000000000574e-11
1.12245219938773909e-12,4.70000000000000574e-11
1.1294987019955596e-12,4.70000000000000574e-11
1.13658944096286054e-12,4.70000000000000574e-11
1.14372469399558196e-12,4.70000000000000574e-11
1.15090474054301136e-12,4.70000000000000574e-11
1.15812986180875645e-12,4.70000000000000574e-11
1.16540034076178601e-12,4.70000000000000574e-11
1.17271646214744648e-12,4.70000000000000574e-11
1.18007851249868952e-12,4.70000000000000574e-11
1.18748678014722804e-12,4.70000000000000574e-11
1.19494155523485585e-12,4.70000000000000574e-11
1.20244312972484163e-12,4.70000000000000574e-11
1.20999179741330433e-12,4.70000000000000574e-11
1.21758785394074842e-12,4.70000000000000574e-11
1.22523159680367312e-12,4.70000000000000574e-11
1.23292332536615364e-12,4.70000000000000574e-11
1.24066334087164637e-12,4.70000000000000574e-11
1.2484519464547152e-12,4.70000000000000574e-11
1.25628944715293562e-12,4.70000000000000574e-11
1.26417614991887017e-12,4.70000000000000574e-11
1.27211236363203024e-12,4.70000000000000574e-11
1.28009839911100371e-12,4.70000000000000574e-11
1.28813456912565808e-12,4.70000000000000574e-11
1.2962211884093289e-12,4.70000000000000574e-11
1.304358573671177e-12,4.70000000000000574e-11
1.31254704360862329e-12,4.70000000000000574e-11
1.32078691891975735e-12,4.70000000000000574e-11
1.32907852231598216e-12,4.70000000000000574e-11
1.33742217853457775e-12,4.70000000000000574e-11
1.34581821435145188e-12,4.70000000000000574e-11
1.35426695859397093e-12,4.70000000000000574e-11
1.36276874215377234e-12,4.70000000000000574e-11
1.37132389799975683e-12,4.70000000000000574e-11
1.379932761191163e-12,4.70000000000000574e-11
1.38859566889062177e-12,4.70000000000000574e-11
1.39731296037739561e-12,4.70000000000000574e-11
1.40608497706069986e-12,4.70000000000000574e-11
1.41491206249299444e-12,4.70000000000000574e-11
1.42379456238353073e-12,4.70000000000000574e-11
1.43273282461180975e-12,4.70000000000000574e-11
1.4417271992412425e-12,4.70000000000000574e-11
1.4507780385328939e-12,4.70000000000000574e-11
1.45988569695921014e-12,4.70000000000000574e-11
1.46905053121793462e-12,4.70000000000000574e-11
1.47827290024611581e-12,4.70000000000000574e-11
1.48755316523407986e-12,4.70000000000000574e-11
1.4968916896396726e-12,4.70000000000000574e-11
1.50628883920241063e-12,4.70000000000000574e-11
1.51574498195784064e-12,4.70000000000000574e-11
1.52526048825199077e-12,4.70000000000000574e-11
1.53483573075580159e-12,4.70000000000000574e-11
1.54447108447975713e-12,4.70000000000000574e-11
1.55416692678861119e-12,4.70000000000000574e-11
1.5639236374160911e-12,4.70000000000000574e-11
1.57374159847980611e-12,4.70000000000000574e-11
1.58362119449625342e-12,4.70000000000000574e-11
1.59356281239578625e-12,4.70000000000000574e-11
1.60356684153787178e-12,4.70000000000000574e-11
1.61363367372624879e-12,4.70000000000000574e-11
1.6237637032243124e-12,4.70000000000000574e-11
1.63395732677059399e-12,4.70000000000000574e-11
1.64421494359422073e-12,4.70000000000000574e-11
1.65453695543059018e-12,4.70000000000000574e-11
1.66492376653714475e-12,4.70000000000000574e-11
1.67537578370912385e-12,4.70000000000000574e-11
1.68589341629553574e-12,4.70000000000000574e-11
1.69647707621523123e-12,4.70000000000000574e-11
1.70712717797293924e-12,4.70000000000000574e-11
1.71784413867561272e-12,4.70000000000000574e-11
1.72862837804866557e-12,4.70000000000000574e-11
1.73948031845245349e-12,4.70000000000000574e-11
1.75040038489885871e-12,4.70000000000000574e-11
1.76138900506784928e-12,4.70000000000000574e-11
1.77244660932427181e-12,4.70000000000000574e-11
1.78357363073475056e-12,4.70000000000000574e-11
1.7947705050845458e-12,4.70000000000000574e-11
1.80603767089473899e-12,4.70000000000000574e-11
1.81737556943930385e-12,4.70000000000000574e-11
1.82878464476243286e-12,4.70000000000000574e-11
1.84026534369597316e-12,4.70000000000000574e-11
1.85181811587683642e-12,4.70000000000000574e-11
1.86344341376465383e-12,4.70000000000000574e-11
1.87514169265954223e-12,4.70000000000000574e-11
1.88691341071984447e-12,4.70000000000000574e-11
1.89875902898011786e-12,4.70000000000000574e-11
1.91067901136923821e-12,4.70000000000000574e-11
1.92267382472845975e-12,4.70000000000000574e-11
1.93474393882982427e-12,4.70000000000000574e-11
1.94688982639444901e-12,4.70000000000000574e-11
1.95911196311108864e-12,4.70000000000000574e-11
1.97141082765481257e-12,4.70000000000000574e-11
1.98378690170565673e-12,4.70000000000000574e-11
1.99624066996753526e-12,4.70000000000000574e-11
2.00877262018727418e-12,4.70000000000000574e-11
2.02138324317359874e-12,4.70000000000000574e-11
2.0340730328164869e-12,4.70000000000000574e-11
2.04684248610639699e-12,4.70000000000000574e-11
2.05969210315378251e-12,4.70000000000000574e-11
2.07262238720872655e-12,4.70000000000000574e-11
2.08563384468055503e-12,4.70000000000000574e-11
2.09872698515771493e-12,4.70000000000000574e-11
2.1119023214277886e-12,4.70000000000000574e-11
2.12516036949747088e-12,4.70000000000000574e-11
2.13850164861283066e-12,4.70000000000000574e-11
2.15192668127969907e-12,4.70000000000000574e-11
2.16543599328401218e-12,4.70000000000000574e-11
2.17903011371254132e-12,4.70000000000000574e-11
2.19270957497349301e-12,4.70000000000000574e-11
2.20647491281741317e-12,4.70000000000000574e-11
2.22032666635822284e-12,4.70000000000000574e-11
2.23426537809422437e-12,4.70000000000000574e-11
2.24829159392940341e-12,4.70000000000000574e-11
2.26240586319486183e-12,4.70000000000000574e-11
2.27660873867022422e-12,4.70000000000000574e-11
2.29090077660534189e-12,4.70000000000000574e-11
2.30528253674213259e-12,4.70000000000000574e-11
2.31975458233637383e-12,4.70000000000000574e-11
2.33431748017991041e-12,4.70000000000000574e-11
2.34897180062272398e-12,4.70000000000000574e-11
2.363718117595324e-12,4.70000000000000574e-11
2.37855700863128351e-12,4.70000000000000574e-11
2.39348905488974591e-12,4.70000000000000574e-11
2.40851484117823823e-12,4.70000000000000574e-11
2.42363495597563852e-12,4.70000000000000574e-11
2.43884999145508284e-12,4.70000000000000574e-11
2.45416054350731765e-12,4.70000000000000574e-11
2.46956721176389699e-12,4.70000000000000574e-11
2.48507059962072658e-12,4.70000000000000574e-11
2.50067131426175756e-12,4.70000000000000574e-11
2.51636996668264373e-12,4.70000000000000574e-11
2.53216717171473281e-12,4.70000000000000574e-11
2.54806354804920686e-12,4.70000000000000574e-11
2.56405971826118972e-12,4.70000000000000574e-11
2.58015630883419314e-12,4.70000000000000574e-11
2.59635395018471306e-12,4.70000000000000574e-11
2.61265327668677456e-12,4.70000000000000574e-11
2.62905492669694533e-12,4.70000000000000574e-11
2.64555954257918863e-12,4.70000000000000574e-11
2.66216777073008263e-12,4.70000000000000574e-11
2.67888026160420425e-12,4.70000000000000574e-11
2.69569766973947215e-12,4.70000000000000574e-11
2.71262065378284753e-12,4.70000000000000574e-11
2.72964987651619405e-12,4.70000000000000574e-11
2.7467860048821062e-12,4.70000000000000574e-11
2.76402971001009183e-12,4.70000000000000574e-11
2.78138166724292875e-12,4.70000000000000574e-11
2.79884255616295267e-12,4.70000000000000574e-11
2.81641306061885654e-12,4.70000000000000574e-11
2.83409386875231291e-12,4.70000000000000574e-11
2.85188567302499226e-12,4.70000000000000574e-11
2.86978917024575432e-12,4.70000000000000574e-11
2.88780506159779784e-12,4.70000000000000574e-11
2.90593405266619193e-12,4.70000000000000574e-11
2.92417685346558131e-12,4.70000000000000574e-11
2.94253417846782744e-12,4.70000000000000574e-11
2.96100674663018169e-12,4.70000000000000574e-11
2.97959528142327599e-12,4.70000000000000574e-11
2.99830051085952631e-12,4.70000000000000574e-11
3.01712316752172135e-12,4.70000000000000574e-11
3.03606398859156698e-12,4.70000000000000574e-11
3.05512371587862794e-12,4.70000000000000574e-11
3.0743030958494599e-12,4.70000000000000574e-11
3.09360287965669035e-12,4.70000000000000574e-11
3.11302382316851591e-12,4.70000000000000574e-11
3.13256668699837858e-12,4.70000000000000574e-11
3.15223223653457929e-12,4.70000000000000574e-11
3.17202124197045682e-12,4.70000000000000574e-11
3.19193447833437428e-12,4.70000000000000574e-11
3.21197272552014744e-12,4.70000000000000574e-11
3.23213676831766864e-12,4.70000000000000574e-11
3.25242739644348656e-12,4.70000000000000574e-11
3.2728454045718126e-12,4.70000000000000574e-11
3.29339159236572343e-12,4.70000000000000574e-11
3.31406676450829441e-12,4.70000000000000574e-11
3.33487173073432775e-12,4.70000000000000574e-11
3.35580730586187851e-12,4.70000000000000574e-11
3.37687430982424458e-12,4.70000000000000574e-11
3.39807356770216451e-12,4.70000000000000574e-11
3.4194059097559645e-12,4.70000000000000574e-11
3.44087217145815864e-12,4.70000000000000574e-11
3.46247319352625425e-12,4.70000000000000574e-11
3.48420982195550956e-12,4.70000000000000574e-11
3.50608290805214974e-12,4.70000000000000574e-11
3.52809330846679632e-12,4.70000000000000574e-11
3.55024188522781421e-12,4.70000000000000574e-11
3.57252950577530625e-12,4.70000000000000574e-11
3.59495704299488041e-12,4.70000000000000574e-11
3.61752537525192493e-12,4.70000000000000574e-11
3.6402353864260972e-12,4.70000000000000574e-11
3.66308796594576325e-12,4.70000000000000574e-11
3.68608400882291945e-12,4.70000000000000574e-11
3.70922441568833847e-12,4.70000000000000574e-11
3.7325100928266579e-12,4.70000000000000574e-11
3.75594195221196775e-12,4.70000000000000574e-11
3.77952091154361725e-12,4.70000000000000574e-11
3.80324789428194369e-12,4.70000000000000574e-11
3.82712382968468422e-12,4.70000000000000574e-11
3.85114965284315399e-12,4.70000000000000574e-11
3.87532630471896069e-12,4.70000000000000574e-11
3.89965473218095238e-12,4.70000000000000574e-11
3.92413588804211254e-12,4.70000000000000574e-11
3.94877073109696844e-12,4.70000000000000574e-11
3.97356022615924162e-12,4.70000000000000574e-11
3.99850534409940811e-12,4.70000000000000574e-11
4.02360706188297987e-12,4.70000000000000574e-11
4.04886636260854207e-12,4.70000000000000574e-11
4.07428423554635072e-12,4.70000000000000574e-11
4.09986167617717567e-12,4.70000000000000574e-11
4.12559968623109601e-12,4.70000000000000574e-11
4.15149927372682193e-12,4.70000000000000574e-11
4.17756145301128364e-12,4.70000000000000574e-11
4.20378724479914846e-12,4.70000000000000574e-11
4.23017767621290414e-12,4.70000000000000574e-11
4.25673378082318341e-12,4.70000000000000574e-11
4.28345659868900434e-12,4.70000000000000574e-11
4.31034717639878356e-12,4.70000000000000574e-11
4.3374065671110771e-12,4.70000000000000574e-11
4.36463583059593444e-12,4.70000000000000574e-11
4.39203603327650936e-12,4.70000000000000574e-11
4.41960824827061435e-12,4.70000000000000574e-11
4.44735355543285273e-12,4.70000000000000574e-11
4.47527304139702306e-12,4.70000000000000574e-11
4.50336779961845509e-12,4.70000000000000574e-11
4.5316389304169459e-12,4.70000000000000574e-11
4.56008754101996493e-12,4.70000000000000574e-11
4.5887147456057575e-12,4.70000000000000574e-11
4.61752166534727757e-12,4.70000000000000574e-11
4.64650942845584117e-12,4.70000000000000574e-11
4.67567917022541739e-12,4.70000000000000574e-11
4.7050320330772142e-12,4.70000000000000574e-11
4.73456916660418541e-12,4.70000000000000574e-11
4.7642917276161708e-12,4.70000000000000574e-11
4.79420088018531979e-12,4.70000000000000574e-11
4.82429779569140942e-12,4.70000000000000574e-11
4.85458365286803133e-12,4.70000000000000574e-11
4.88505963784848472e-12,4.70000000000000574e-11
4.91572694421234593e-12,4.70000000000000574e-11
4.9465867730323354e-12,4.70000000000000574e-11
4.97764033292111795e-12,4.70000000000000574e-11
5.00888884007875696e-12,4.70000000000000574e-11
5.04033351834046878e-12,4.70000000000000574e-11
5.07197559922430933e-12,4.70000000000000574e-11
5.10381632197952698e-12,4.70000000000000574e-11
5.1358569336352241e-12,4.70000000000000574e-11
5.16809868904890418e-12,4.70000000000000574e-11
5.20054285095595138e-12,4.70000000000000574e-11
5.23319069001879338e-12,4.70000000000000574e-11
5.26604348487678866e-12,4.70000000000000574e-11
5.29910252219643711e-12,4.70000000000000574e-11
5.33236909672151101e-12,4.70000000000000574e-11
5.36584451132389364e-12,4.70000000000000574e-11
5.39953007705473546e-12,4.70000000000000574e-11
5.43342711319549573e-12,4.70000000000000574e-11
5.46753694730996251e-12,4.70000000000000574e-11
5.50186091529594051e-12,4.70000000000000574e-11
5.53640036143769609e-12,4.70000000000000574e-11
5.5711566384587484e-12,4.70000000000000574e-11
5.60613110757457282e-12,4.70000000000000574e-11
5.64132513854605135e-12,4.70000000000000574e-11
5.67674010973325417e-12,4.70000000000000574e-11
5.71237740814914581e-12,4.70000000000000574e-11
5.74823842951404772e-12,4.70000000000000574e-11
5.78432457831044161e-12,4.70000000000000574e-11
5.82063726783764272e-12,4.70000000000000574e-11
5.85717792026753566e-12,4.70000000000000574e-11
5.89394796669993285e-12,4.70000000000000574e-11
5.93094884721877356e-12,4.70000000000000574e-11
5.96818201094866194e-12,4.70000000000000574e-11
6.00564891611133841e-12,4.70000000000000574e-11
6.04335103008292723e-12,4.70000000000000574e-11
6.08128982945156226e-12,4.70000000000000574e-11
6.1194668000749148e-12,4.70000000000000574e-11
6.15788343713853659e-12,4.70000000000000574e-11
6.19654124521456899e-12,4.70000000000000574e-11
6.23544173832031763e-12,4.70000000000000574e-11
6.27458643997795031e-12,4.70000000000000574e-11
6.31397688327381412e-12,4.70000000000000574e-11
6.35361461091862433e-12,4.70000000000000574e-11
6.39350117530804347e-12,4.70000000000000574e-11
6.43363813858317118e-12,4.70000000000000574e-11
6.47402707269187534e-12,4.70000000000000574e-11
6.51466955945051614e-12,4.70000000000000574e-11
6.55556719060553308e-12,4.70000000000000574e-11
6.59672156789620299e-12,4.70000000000000574e-11
6.63813430311700064e-12,4.70000000000000574e-11
6.67980701818088503e-12,4.70000000000000574e-11
6.72174134518298272e-12,4.70000000000000574e-11
6.76393892646418374e-12,4.70000000000000574e-11
6.80640141467562382e-12,4.70000000000000574e-11
6.84913047284357694e-12,4.70000000000000574e-11
6.89212777443425594e-12,4.70000000000000574e-11
6.93539500341951685e-12,4.70000000000000574e-11
6.97893385434298491e-12,4.70000000000000574e-11
7.02274603238601906e-12,4.70000000000000574e-11
7.06683325343495251e-12,4.70000000000000574e-11
7.11119724414789774e-12,4.70000000000000574e-11
7.15583974202253521e-12,4.70000000000000574e-11
7.20076249546434e-12,4.70000000000000574e-11
7.24596726385471224e-12,4.70000000000000574e-11
7.29145581762004682e-12,4.70000000000000574e-11
7.33722993830126027e-12,4.70000000000000574e-11
7.38329141862320223e-12,4.70000000000000574e-11
7.42964206256504535e-12,4.70000000000000574e-11
7.47628368543111922e-12,4.70000000000000574e-11
7.52321811392158302e-12,4.70000000000000574e-11
7.57044718620445388e-12,4.70000000000000574e-11
7.61797275198717108e-12,4.70000000000000574e-11
7.66579667258921859e-12,4.70000000000000574e-11
7.71392082101521499e-12,4.70000000000000574e-11
7.76234708202789333e-12,4.70000000000000574e-11
7.81107735222210005e-12,4.70000000000000574e-11
7.86011354009927103e-12,4.70000000000000574e-11
7.90945756614172893e-12,4.70000000000000574e-11
7.95911136288840991e-12,4.70000000000000574e-11
8.00907687501010122e-12,4.70000000000000574e-11
8.05935605938579505e-12,4.70000000000000574e-11
8.10995088517952982e-12,4.70000000000000574e-11
8.16086333391711181e-12,4.70000000000000574e-11
8.212095399563921e-12,4.70000000000000574e-11
8.26364908860320775e-12,4.70000000000000574e-11
8.31552642011426819e-12,4.70000000000000574e-11
8.36772942585172451e-12,4.70000000000000574e-11
8.42026015032530488e-12,4.70000000000000574e-11
8.47312065087943086e-12,4.70000000000000574e-11
8.52631299777435216e-12,4.70000000000000574e-11
8.57983927426673662e-12,4.70000000000000574e-11
8.63370157669146251e-12,4.70000000000000574e-11
8.68790201454394846e-12,4.70000000000000574e-11
8.74244271056233251e-12,4.70000000000000574e-11
8.79732580081082731e-12,4.70000000000000574e-11
8.85255343476359056e-12,4.70000000000000574e-11
8.90812777538840979e-12,4.70000000000000574e-11
8.96405099923198306e-12,4.70000000000000574e-11
9.02032529650466895e-12,4.70000000000000574e-11
9.0769528711664646e-12,4.70000000000000574e-11
9.13393594101356149e-12,4.70000000000000574e-11
9.19127673776475029e-12,4.70000000000000574e-11
9.24897750714905216e-12,4.70000000000000574e-11
9.30704050899389644e-12,4.70000000000000574e-11
9.36546801731317352e-12,4.70000000000000574e-11
9.4242623203965193e-12,4.70000000000000574e-11
9.48342572089917041e-12,4.70000000000000574e-11
9.54296053593160776e-12,4.70000000000000574e-11
9.60286909715091924e-12,4.70000000000000574e-11
9.66315375085157781e-12,4.70000000000000574e-11
9.72381685805756742e-12,4.70000000000000574e-11
9.78486079461508666e-12,4.70000000000000574e-11
9.84628795128512056e-12,4.70000000000000574e-11
9.90810073383732032e-12,4.70000000000000574e-11
9.9703015631444538e-12,4.70000000000000574e-11
1.0032892875276745e-11,4.70000000000000574e-11
1.00958771215975164e-11,4.70000000000000574e-11
1.01592567688594468e-11,4.70000000000000574e-11
1.02230342993006023e-11,4.70000000000000574e-11
1.02872122107423129e-11,4.70000000000000574e-11
1.03517930166864228e-11,4.70000000000000574e-11
1.04167792464139718e-11,4.70000000000000574e-11
1.04821734450845118e-11,4.70000000000000574e-11
1.05479781738352825e-11,4.70000000000000574e-11
1.06141960098817614e-11,4.70000000000000574e-11
1.06808295466188693e-11,4.70000000000000574e-11
1.07478813937219274e-11,4.70000000000000574e-11
1.08153541772495632e-11,4.70000000000000574e-11
1.08832505397459464e-11,4.70000000000000574e-11
1.09515731403445424e-11,4.70000000000000574e-11
1.10203246548725275e-11,4.70000000000000574e-11
1.10895077759550521e-11,4.70000000000000574e-11
1.11591252131209608e-11,4.70000000000000574e-11
1.1229179692909182e-11,4.70000000000000574e-11
1.12996739589749703e-11,4.70000000000000574e-11
1.13706107721976337e-11,4.70000000000000574e-11
1.14419929107889319e-11,4.70000000000000574e-11
1.15138231704012446e-11,4.70000000000000574e-11
1.1586104364237803e-11,4.70000000000000574e-11
1.16588393231622147e-11,4.70000000000000574e-11
1.17320308958096097e-11,4.70000000000000574e-11
1.18056819486984967e-11,4.70000000000000574e-11
1.18797953663424567e-11,4.70000000000000574e-11
1.1954374051363393e-11,4.70000000000000574e-11
1.20294209246055179e-11,4.70000000000000574e-11
1.21049389252491438e-11,4.70000000000000574e-11
1.21809310109261045e-11,4.70000000000000574e-11
1.2257400157835871e-11,4.70000000000000574e-11
1.23343493608614359e-11,4.70000000000000574e-11
1.24117816336873858e-11,4.70000000000000574e-11
1.24897000089172483e-11,4.70000000000000574e-11
1.25681075381925446e-11,4.70000000000000574e-11
1.26470072923126325e-11,4.70000000000000574e-11
1.272640236135434e-11,4.70000000000000574e-11
1.28062958547933078e-11,4.70000000000000574e-11
1.28866909016260769e-11,4.70000000000000574e-11
1.29675906504919079e-11,4.70000000000000574e-11
1.30489982697969287e-11,4.70000000000000574e-11
1.31309169478374954e-11,4.70000000000000574e-11
1.32133498929253666e-11,4.70000000000000574e-11
1.32963003335136894e-11,4.70000000000000574e-11
1.33797715183227844e-11,4.70000000000000574e-11
1.34637667164677101e-11,4.70000000000000574e-11
1.35482892175866239e-11,4.70000000000000574e-11
1.36333423319689607e-11,4.70000000000000574e-11
1.37189293906854089e-11,4.70000000000000574e-11
1.38050537457187015e-11,4.70000000000000574e-11
1.38917187700941212e-11,4.70000000000000574e-11
1.39789278580124965e-11,4.70000000000000574e-11
1.40666844249823404e-11,4.70000000000000574e-11
1.41549919079539677e-11,4.70000000000000574e-11
1.42438537654544315e-11,4.70000000000000574e-11
1.43332734777223015e-11,4.70000000000000574e-11
1.44232545468442955e-11,4.70000000000000574e-11
1.45138004968928015e-11,4.70000000000000574e-11
1.46049148740631865e-11,4.70000000000000574e-11
1.46966012468130337e-11,4.70000000000000574e-11
1.4788863206002258e-11,4.70000000000000574e-11
1.48817043650329075e-11,4.70000000000000574e-11
1.49751283599916397e-11,4.70000000000000574e-11
1.50691388497912835e-11,4.70000000000000574e-11
1.51637395163144954e-11,4.70000000000000574e-11
1.52589340645583362e-11,4.70000000000000574e-11
1.53547262227786349e-11,4.70000000000000574e-11
1.54511197426363683e-11,4.70000000000000574e-11
1.55481183993449769e-11,4.70000000000000574e-11
1.56457259918173393e-11,4.70000000000000574e-11
1.57439463428155589e-11,4.70000000000000574e-11
1.58427832990997996e-11,4.70000000000000574e-11
1.59422407315793213e-11,4.70000000000000574e-11
1.60423225354644691e-11,4.70000000000000574e-11
1.61430326304184552e-11,4.70000000000000574e-11
1.62443749607112491e-11,4.70000000000000574e-11
1.63463534953744646e-11,4.70000000000000574e-11
1.64489722283560069e-11,4.70000000000000574e-11
1.65522351786768739e-11,4.70000000000000574e-11
1.66561463905889953e-11,4.70000000000000574e-11
1.67607099337326523e-11,4.70000000000000574e-11
1.68659299032969633e-11,4.70000000000000574e-11
1.69718104201793118e-11,4.70000000000000574e-11
1.70783556311471414e-11,4.70000000000000574e-11
1.71855697090007968e-11,4.70000000000000574e-11
1.72934568527361061e-11,4.70000000000000574e-11
1.74020212877092351e-11,4.70000000000000574e-11
1.75112672658026269e-11,4.70000000000000574e-11
1.76211990655905058e-11,4.70000000000000574e-11
1.77318209925076062e-11,4.70000000000000574e-11
1.78431373790167748e-11,4.70000000000000574e-11
1.79551525847790883e-11,4.70000000000000574e-11
1.8067870996825032e-11,4.70000000000000574e-11
1.81812970297254434e-11,4.70000000000000574e-11
1.82954351257648418e-11,4.70000000000000574e-11
1.84102897551158586e-11,4.70000000000000574e-11
1.85258654160134172e-11,4.70000000000000574e-11
1.86421666349313418e-11,4.70000000000000574e-11
1.87591979667601043e-11,4.70000000000000574e-11
1.88769639949841368e-11,4.70000000000000574e-11
1.89954693318625766e-11,4.70000000000000574e-11
1.91147186186088232e-11,4.70000000000000574e-11
1.92347165255727717e-11,4.70000000000000574e-11
1.93554677524241832e-11,4.70000000000000574e-11
1.94769770283358332e-11,4.70000000000000574e-11
1.95992491121691689e-11,4.70000000000000574e-11
1.97222887926611842e-11,4.70000000000000574e-11
1.98461008886109992e-11,4.70000000000000574e-11
1.99706902490690806e-11,4.70000000000000574e-11
2.00960617535276241e-11,4.70000000000000574e-11
2.02222203121105275e-11,4.70000000000000574e-11
2.03491708657670099e-11,4.70000000000000574e-11
2.04769183864639513e-11,4.70000000000000574e-11
2.06054678773811284e-11,4.70000000000000574e-11
2.07348243731076513e-11,4.70000000000000574e-11
2.08649929398381576e-11,4.70000000000000574e-11
2.09959786755716978e-11,4.70000000000000574e-11
2.11277867103119403e-11,4.70000000000000574e-11
2.12604222062668692e-11,4.70000000000000574e-11
2.13938903580523469e-11,4.70000000000000574e-11
2.15281963928943415e-11,4.70000000000000574e-11
2.16633455708341686e-11,4.70000000000000574e-11
2.17993431849350348e-11,4.70000000000000574e-11
2.19361945614882717e-11,4.70000000000000574e-11
2.20739050602224707e-11,4.70000000000000574e-11
2.22124800745139329e-11,4.70000000000000574e-11
2.23519250315968275e-11,4.70000000000000574e-11
2.24922453927762743e-11,4.70000000000000574e-11
2.26334466536427838e-11,4.70000000000000574e-11
2.27755343442862246e-11,4.70000000000000574e-11
2.29185140295138541e-11,4.70000000000000574e-11
2.30623913090669888e-11,4.70000000000000574e-11
2.32071718178408562e-11,4.70000000000000574e-11
2.33528612261058657e-11,4.70000000000000574e-11
2.34994652397285259e-11,4.70000000000000574e-11
2.36469896003955044e-11,4.70000000000000574e-11
2.37954400858390556e-11,4.70000000000000574e-11
2.39448225100621637e-11,4.70000000000000574e-11
2.40951427235668175e-11,4.70000000000000574e-11
2.42464066135837236e-11,4.70000000000000574e-11
2.43986201043015182e-11,4.70000000000000574e-11
2.45517891571003476e-11,4.70000000000000574e-11
2.47059197707839746e-11,4.70000000000000574e-11
2.48610179818152914e-11,4.70000000000000574e-11
2.50170898645533657e-11,4.70000000000000574e-11
2.5174141531490106e-11,4.70000000000000574e-11
2.53321791334902777e-11,4.70000000000000574e-11
2.54912088600330045e-11,4.70000000000000574e-11
2.56512369394527491e-11,4.70000000000000574e-11
2.58122696391848809e-11,4.70000000000000574e-11
2.59743132660096992e-11,4.70000000000000574e-11
2.61373741663000446e-11,4.70000000000000574e-11
2.63014587262705088e-11,4.70000000000000574e-11
2.646657337222625e-11,4.70000000000000574e-11
2.6632724570815329e-11,4.70000000000000574e-11
2.67999188292826242e-11,4.70000000000000574e-11
2.69681626957233751e-11,4.70000000000000574e-11
2.71374627593402931e-11,4.70000000000000574e-11
2.7307825650702288e-11,4.70000000000000574e-11
2.74792580420025953e-11,4.70000000000000574e-11
2.76517666473218848e-11,4.70000000000000574e-11
2.78253582228896283e-11,4.70000000000000574e-11
2.8000039567349401e-11,4.70000000000000574e-11
2.81758175220258034e-11,4.70000000000000574e-11
2.83526989711910572e-11,4.70000000000000574e-11
2.85306908423352927e-11,4.70000000000000574e-11
2.87098001064385669e-11,4.70000000000000574e-11
2.8890033778242237e-11,4.70000000000000574e-11
2.90713989165255898e-11,4.70000000000000574e-11
2.92539026243806115e-11,4.70000000000000574e-11
2.94375520494909171e-11,4.70000000000000574e-11
2.96223543844123874e-11,4.70000000000000574e-11
2.98083168668534237e-11,4.70000000000000574e-11
2.99954467799591409e-11,4.70000000000000574e-11
3.01837514525973294e-11,4.70000000000000574e-11
3.03732382596440358e-11,4.70000000000000574e-11
3.05639146222731091e-11,4.70000000000000574e-11
3.07557880082476101e-11,4.70000000000000574e-11
3.09488659322105404e-11,4.70000000000000574e-11
3.11431559559811437e-11,4.70000000000000574e-11
3.13386656888493126e-11,4.70000000000000574e-11
3.15354027878743393e-11,4.70000000000000574e-11
3.17333749581855881e-11,4.70000000000000574e-11
3.19325899532827279e-11,4.70000000000000574e-11
3.21330555753401442e-11,4.70000000000000574e-11
3.23347796755132991e-11,4.70000000000000574e-11
3.25377701542446801e-11,4.70000000000000574e-11
3.27420349615739487e-11,4.70000000000000574e-11
3.29475820974501413e-11,4.70000000000000574e-11
3.31544196120431012e-11,4.70000000000000574e-11
3.33625556060609049e-11,4.70000000000000574e-11
3.3571998231065249e-11,4.70000000000000574e-11
3.37827556897914924e-11,4.70000000000000574e-11
3.39948362364707393e-11,4.70000000000000574e-11
3.42082481771514985e-11,4.70000000000000574e-11
3.44229998700257625e-11,4.70000000000000574e-11
3.46390997257572178e-11,4.70000000000000574e-11
3.48565562078086769e-11,4.70000000000000574e-11
3.50753778327758184e-11,4.70000000000000574e-11
3.52955731707187276e-11,4.70000000000000574e-11
3.55171508454984047e-11,4.70000000000000574e-11
3.57401195351153625e-11,4.70000000000000574e-11
3.59644879720478067e-11,4.70000000000000574e-11
3.61902649435944523e-11,4.70000000000000574e-11
3.6417459292219595e-11,4.70000000000000574e-11
3.66460799158976405e-11,4.70000000000000574e-11
3.68761357684624924e-11,4.70000000000000574e-11
3.7107635859959083e-11,4.70000000000000574e-11
3.73405892569942041e-11,4.70000000000000574e-11
3.75750050830939569e-11,4.70000000000000574e-11
3.78108925190589959e-11,4.70000000000000574e-11
3.80482608033249625e-11,4.70000000000000574e-11
3.82871192323252438e-11,4.70000000000000574e-11
3.8527477160853224e-11,4.70000000000000574e-11
3.87693440024295816e-11,4.70000000000000574e-11
3.90127292296718886e-11,4.70000000000000574e-11
3.92576423746637468e-11,4.70000000000000574e-11
3.95040930293290224e-11,4.70000000000000574e-11
3.97520908458085104e-11,4.70000000000000574e-11
4.00016455368356477e-11,4.70000000000000574e-11
4.02527668761195612e-11,4.70000000000000574e-11
4.05054646987255407e-11,4.70000000000000574e-11
4.07597489014611819e-11,4.70000000000000574e-11
4.10156294432650267e-11,4.70000000000000574e-11
4.12731163455946071e-11,4.70000000000000574e-11
4.153221969281988e-11,4.70000000000000574e-11
4.17929496326192446e-11,4.70000000000000574e-11
4.20553163763745796e-11,4.70000000000000574e-11
4.23193301995739013e-11,4.70000000000000574e-11
4.25850014422113829e-11,4.70000000000000574e-11
4.28523405091933637e-11,4.70000000000000574e-11
4.31213578707468972e-11,4.70000000000000574e-11
4.33920640628277024e-11,4.70000000000000574e-11
4.36644696875338745e-11,4.70000000000000574e-11
4.39385854135221493e-11,4.70000000000000574e-11
4.42144219764236401e-11,4.70000000000000574e-11
4.4491990179265313e-11,4.70000000000000574e-11
4.47713008928942169e-11,4.70000000000000574e-11
4.50523650564006589e-11,4.70000000000000574e-11
4.53351936775495817e-11,4.70000000000000574e-11
4.56197978332090887e-11,4.70000000000000574e-11
4.59061886697853597e-11,4.70000000000000574e-11
4.619437740366035e-11,4.70000000000000574e-11
4.64843753216287875e-11,4.70000000000000574e-11
4.67761937813413742e-11,4.70000000000000574e-11
4.70698442117507346e-11,4.70000000000000574e-11
4.73653381135563448e-11,4.70000000000000574e-11
4.76626870596580446e-11,4.70000000000000574e-11
4.79619026956065592e-11,4.70000000000000574e-11
4.8262996740060779e-11,4.70000000000000574e-11
4.85659809852478572e-11,4.70000000000000574e-11
4.88708672974227376e-11,4.70000000000000574e-11
4.91776676173340324e-11,4.70000000000000574e-11
4.94863939606928829e-11,4.70000000000000574e-11
4.97970584186411686e-11,4.70000000000000574e-11
5.0109673158226245e-11,4.70000000000000574e-11
5.04242504228786526e-11,4.70000000000000574e-11
5.07408025328888249e-11,4.70000000000000574e-11
5.10593418858928394e-11,4.70000000000000574e-11
5.13798809573551285e-11,4.70000000000000574e-11
5.17024323010582473e-11,4.70000000000000574e-11
5.20270085495958684e-11,4.70000000000000574e-11
5.23536224148649643e-11,4.70000000000000574e-11
5.2682286688564943e-11,4.70000000000000574e-11
5.30130142426999129e-11,4.70000000000000574e-11
5.33458180300802332e-11,4.70000000000000574e-11
5.36807110848310995e-11,4.70000000000000574e-11
5.40177065229043227e-11,4.70000000000000574e-11
5.43568175425889546e-11,4.70000000000000574e-11
5.46980574250317056e-11,4.70000000000000574e-11
5.50414395347540095e-11,4.70000000000000574e-11
5.53869773201767571e-11,4.70000000000000574e-11
5.57346843141483597e-11,4.70000000000000574e-11
5.60845741344720428e-11,4.70000000000000574e-11
5.64366604844405498e-11,4.70000000000000574e-11
5.67909571533741706e-11,4.70000000000000574e-11
5.71474780171576172e-11,4.70000000000000574e-11
5.75062370387871558e-11,4.70000000000000574e-11
5.78672482689141926e-11,4.70000000000000574e-11
5.82305258463969438e-11,4.70000000000000574e-11
5.85960839988556581e-11,4.70000000000000574e-11
5.896393704322693e-11,4.70000000000000574e-11
5.93340993863258614e-11,4.70000000000000574e-11
5.97065855254117761e-11,4.70000000000000574e-11
6.0081410048753052e-11,4.70000000000000574e-11
6.04585876361999411e-11,4.70000000000000574e-11
6.08381330597609696e-11,4.70000000000000574e-11
6.12200611841780401e-11,4.70000000000000574e-11
6.16043869675125602e-11,4.70000000000000574e-11
6.19911254617277682e-11,4.70000000000000574e-11
6.23802918132797465e-11,4.70000000000000574e-11
6.27719012637121543e-11,4.70000000000000574e-11
6.31659691502501064e-11,4.70000000000000574e-11
6.35625109064023586e-11,4.70000000000000574e-11
6.39615420625673087e-11,4.70000000000000574e-11
6.43630782466381862e-11,4.70000000000000574e-11
6.47671351846165477e-11,4.70000000000000574e-11
6.51737287012299216e-11,4.70000000000000574e-11
6.5582874720547718e-11,4.70000000000000574e-11
6.59945892666092687e-11,4.70000000000000574e-11
6.64088884640475774e-11,4.70000000000000574e-11
6.68257885387224804e-11,4.70000000000000574e-11
6.72453058183577618e-11,4.70000000000000574e-11
6.76674567331773114e-11,4.70000000000000574e-11
6.8092257816550289e-11,4.70000000000000574e-11
6.85197257056402859e-11,4.70000000000000574e-11
6.89498771420530565e-11,4.70000000000000574e-11
6.93827289724966295e-11,4.70000000000000574e-11
6.9818298149437158e-11,4.70000000000000574e-11
7.02566017317645952e-11,4.70000000000000574e-11
7.06976568854624787e-11,4.70000000000000574e-11
7.11414808842768115e-11,4.70000000000000574e-11
7.15880911103942835e-11,4.70000000000000574e-11
7.20375050551248092e-11,4.70000000000000574e-11
7.24897403195830237e-11,4.70000000000000574e-11
7.29448146153794386e-11,4.70000000000000574e-11
7.340274576531583e-11,4.70000000000000574e-11
7.38635517040791278e-11,4.70000000000000574e-11
7.43272504789486421e-11,4.70000000000000574e-11
7.47938602504985839e-11,4.70000000000000574e-11
7.52633992933111895e-11,4.70000000000000574e-11
7.57358859966942299e-11,4.70000000000000574e-11
7.62113388653975904e-11,4.70000000000000574e-11
7.66897765203398141e-11,4.70000000000000574e-11
7.71712176993392673e-11,4.70000000000000574e-11
7.76556812578435701e-11,4.70000000000000574e-11
7.81431861696731816e-11,4.70000000000000574e-11
7.8633751527760018e-11,4.70000000000000574e-11
7.912739654489713e-11,4.70000000000000574e-11
7.96241405544931002e-11,4.70000000000000574e-11
8.01240030113253288e-11,4.70000000000000574e-11
8.06270034923039919e-11,4.70000000000000574e-11
8.11331616972406217e-11,4.70000000000000574e-11
8.16424974496158112e-11,4.70000000000000574e-11
8.21550306973574534e-11,4.70000000000000574e-11
8.26707815136240864e-11,4.70000000000000574e-11
8.3189770097586338e-11,4.70000000000000574e-11
8.37120167752233718e-11,4.70000000000000574e-11
8.42375420001142822e-11,4.70000000000000574e-11
8.47663663542410767e-11,4.70000000000000574e-11
8.52985105487969186e-11,4.70000000000000574e-11
8.58339954249931342e-11,4.70000000000000574e-11
8.63728419548774329e-11,4.70000000000000574e-11
8.69150712421574573e-11,4.70000000000000574e-11
8.74607045230230834e-11,4.70000000000000574e-11
8.80097631669801844e-11,4.70000000000000574e-11
8.85622686776897511e-11,4.70000000000000574e-11
8.91182426938050276e-11,4.70000000000000574e-11
8.96777069898247736e-11,4.70000000000000574e-11
9.02406834769409749e-11,4.70000000000000574e-11
9.08071942038991414e-11,4.70000000000000574e-11
9.1377261357864073e-11,4.70000000000000574e-11
9.19509072652843762e-11,4.70000000000000574e-11
9.25281543927690686e-11,4.70000000000000574e-11
9.31090253479697483e-11,4.70000000000000574e-11
9.36935428804607645e-11,4.70000000000000574e-11
9.42817298826362227e-11,4.70000000000000574e-11
9.48736093906012018e-11,4.70000000000000574e-11
9.54692045850763088e-11,4.70000000000000574e-11
9.60685387923077977e-11,4.70000000000000574e-11
9.66716354849765369e-11,4.70000000000000574e-11
9.72785182831196055e-11,4.70000000000000574e-11
9.78892109550577316e-11,4.70000000000000574e-11
9.85037374183214409e-11,4.70000000000000574e-11
9.91221217405900967e-11,4.70000000000000574e-11
9.97443881406370331e-11,4.70000000000000574e-11
1.003705609892723e-10,4.70000000000000574e-11
1.01000664810303717e-10,4.70000000000000574e-11
1.01634724281491548e-10,4.70000000000000574e-11
1.02272764235517524e-10,4.70000000000000574e-11
1.02914809660959866e-10,4.70000000000000574e-11
1.0356088570326695e-10,4.70000000000000574e-11
1.04211017665744615e-10,4.70000000000000574e-11
1.04865231010549717e-10,4.70000000000000574e-11
1.05523551359682277e-10,4.70000000000000574e-11
1.06186004495991429e-10,4.70000000000000574e-11
1.06852616364187858e-10,4.70000000000000574e-11
1.07523413071853813e-10,4.70000000000000574e-11
1.08198420890472616e-10,4.70000000000000574e-11
1.08877666256451372e-10,4.70000000000000574e-11
1.09561175772159014e-10,4.70000000000000574e-11
1.10248976206970856e-10,4.70000000000000574e-11
1.1094109449831166e-10,4.70000000000000574e-11
1.11637557752713237e-10,4.70000000000000574e-11
1.12338393246878873e-10,4.70000000000000574e-11
1.13043628428745199e-10,4.70000000000000574e-11
1.13753290918564495e-10,4.70000000000000574e-11
1.14467408509980023e-10,4.70000000000000574e-11
1.15186009171117265e-10,4.70000000000000574e-11
1.15909121045682129e-10,4.70000000000000574e-11
1.16636772454057555e-10,4.70000000000000574e-11
1.17368991894415478e-10,4.70000000000000574e-11
1.1810580804383583e-10,4.70000000000000574e-11
1.18847249759423887e-10,4.70000000000000574e-11
1.19593346079443386e-10,4.70000000000000574e-11
1.20344126224456657e-10,4.70000000000000574e-11
1.21099619598462216e-10,4.70000000000000574e-11
1.21859855790054247e-10,4.70000000000000574e-11
1.22624864573574507e-10,4.70000000000000574e-11
1.23394675910281346e-10,4.70000000000000574e-11
1.2416931994952618e-10,4.70000000000000574e-11
1.24948827029928267e-10,4.70000000000000574e-11
1.25733227680565884e-10,4.70000000000000574e-11
1.26522552622175044e-10,4.70000000000000574e-11
1.27316832768345545e-10,4.70000000000000574e-11
1.28116099226739916e-10,4.70000000000000574e-11
1.2892038330030442e-10,4.70000000000000574e-11
1.29729716488498237e-10,4.70000000000000574e-11
1.30544130488530169e-10,4.70000000000000574e-11
1.31363657196593875e-10,4.70000000000000574e-11
1.32188328709120062e-10,4.70000000000000574e-11
1.33018177324036896e-10,4.70000000000000574e-11
1.33853235542028382e-10,4.70000000000000574e-11
1.34693536067810565e-10,4.70000000000000574e-11
1.35539111811415619e-10,4.70000000000000574e-11
1.36389995889473037e-10,4.70000000000000574e-11
1.37246221626515591e-10,4.70000000000000574e-11
1.38107822556276599e-10,4.70000000000000574e-11
1.38974832423006595e-10,4.70000000000000574e-11
1.3984728518279832e-10,4.70000000000000574e-11
1.40725215004909893e-10,4.70000000000000574e-11
1.41608656273106259e-10,4.70000000000000574e-11
1.42497643587009421e-10,4.70000000000000574e-11
1.43392211763446548e-10,4.70000000000000574e-11
1.44292395837817028e-10,4.70000000000000574e-11
1.45198231065468114e-10,4.70000000000000574e-11
1.46109752923067493e-10,4.70000000000000574e-11
1.47026997110002139e-10,4.70000000000000574e-11
1.47949999549768202e-10,4.70000000000000574e-11
1.48878796391381407e-10,4.70000000000000574e-11
1.49813424010796531e-10,4.70000000000000574e-11
1.50753919012324822e-10,4.70000000000000574e-11
1.51700318230071074e-10,4.70000000000000574e-11
1.52652658729380081e-10,4.70000000000000574e-11
1.53610977808279536e-10,4.70000000000000574e-11
1.54575312998950748e-10,4.70000000000000574e-11
1.55545702069189912e-10,4.70000000000000574e-11
1.56522183023890926e-10,4.70000000000000574e-11
1.57504794106537671e-10,4.70000000000000574e-11
1.58493573800694232e-10,4.70000000000000574e-11
1.59488560831515774e-10,4.70000000000000574e-11
1.60489794167269273e-10,4.70000000000000574e-11
1.6149731302085174e-10,4.70000000000000574e-11
1.62511156851329941e-10,4.70000000000000574e-11
1.63531365365489789e-10,4.70000000000000574e-11
1.6455797851938217e-10,4.70000000000000574e-11
1.65591036519898371e-10,4.70000000000000574e-11
1.66630579826335501e-10,4.70000000000000574e-11
1.67676649151985047e-10,4.70000000000000574e-11
1.6872928546573146e-10,4.70000000000000574e-11
1.69788529993648574e-10,4.70000000000000574e-11
1.7085442422061814e-10,4.70000000000000574e-11
1.71927009891958943e-10,4.70000000000000574e-11
1.73006329015053278e-10,4.70000000000000574e-11
1.74092423860996298e-10,4.70000000000000574e-11
1.75185336966255906e-10,4.70000000000000574e-11
1.76285111134328598e-10,4.70000000000000574e-11
1.7739178943742745e-10,4.70000000000000574e-11
1.78505415218158797e-10,4.70000000000000574e-11
1.7962603209122413e-10,4.70000000000000574e-11
1.80753683945132637e-10,4.70000000000000574e-11
1.81888414943911281e-10,4.70000000000000574e-11
1.83030269528838885e-10,4.70000000000000574e-11
1.84179292420191015e-10,4.70000000000000574e-11
1.85335528618981144e-10,4.70000000000000574e-11
1.8649902340873506e-10,4.70000000000000574e-11
1.87669822357253741e-10,4.70000000000000574e-11
1.88847971318402558e-10,4.70000000000000574e-11
1.90033516433911809e-10,4.70000000000000574e-11
1.9122650413517453e-10,4.70000000000000574e-11
1.9242698114506962e-10,4.70000000000000574e-11
1.93634994479796374e-10,4.70000000000000574e-11
1.94850591450706545e-10,4.70000000000000574e-11
1.96073819666161886e-10,4.70000000000000574e-11
1.97304727033403515e-10,4.70000000000000574e-11
1.98543361760417064e-10,4.70000000000000574e-11
1.99789772357833489e-10,4.70000000000000574e-11
2.01044007640817701e-10,4.70000000000000574e-11
2.0230611673098528e-10,4.70000000000000574e-11
2.03576149058331185e-10,4.70000000000000574e-11
2.04854154363155822e-10,4.70000000000000574e-11
2.06140182698017954e-10,4.70000000000000574e-11
2.07434284429700161e-10,4.70000000000000574e-11
2.08736510241169598e-10,4.70000000000000574e-11
2.10046911133576486e-10,4.70000000000000574e-11
2.11365538428239685e-10,4.70000000000000574e-11
2.12692443768661699e-10,4.70000000000000574e-11
2.14027679122556602e-10,4.70000000000000574e-11
2.15371296783874844e-10,4.70000000000000574e-11
2.16723349374856544e-10,4.70000000000000574e-11
2.18083889848097651e-10,4.70000000000000574e-11
2.19452971488613396e-10,4.70000000000000574e-11
2.20830647915930267e-10,4.70000000000000574e-11
2.22216973086191483e-10,4.70000000000000574e-11
2.23612001294257651e-10,4.70000000000000574e-11
2.2501578717584747e-10,4.70000000000000574e-11
2.26428385709665031e-10,4.70000000000000574e-11
2.27849852219558252e-10,4.70000000000000574e-11
2.29280242376691368e-10,4.70000000000000574e-11
2.30719612201714081e-10,4.70000000000000574e-11
2.32168018066961079e-10,4.70000000000000574e-11
2.33625516698665603e-10,4.70000000000000574e-11
2.35092165179169754e-10,4.70000000000000574e-11
2.3656802094916568e-10,4.70000000000000574e-11
2.38053141809951158e-10,4.70000000000000574e-11
2.39547585925679624e-10,4.70000000000000574e-11
2.41051411825653955e-10,4.70000000000000574e-11
2.42564678406604839e-10,4.70000000000000574e-11
2.4408744493500345e-10,4.70000000000000574e-11
2.4561977104938848e-10,4.70000000000000574e-11
2.47161716762690026e-10,4.70000000000000574e-11
2.48713342464585763e-10,4.70000000000000574e-11
2.50274708923872324e-10,4.70000000000000574e-11
2.51845877290831077e-10,4.70000000000000574e-11
2.53426909099639275e-10,4.70000000000000574e-11
2.5501786627076567e-10,4.70000000000000574e-11
2.5661881111340179e-10,4.70000000000000574e-11
2.58229806327908706e-10,4.70000000000000574e-11
2.59850915008259797e-10,4.70000000000000574e-11
2.61482200644518159e-10,4.70000000000000574e-11
2.63123727125329831e-10,4.70000000000000574e-11
2.64775558740412809e-10,4.70000000000000574e-11
2.66437760183081573e-10,4.70000000000000574e-11
2.68110396552787122e-10,4.70000000000000574e-11
2.69793533357651605e-10,4.70000000000000574e-11
2.71487236517050978e-10,4.70000000000000574e-11
2.73191572364181845e-10,4.70000000000000574e-11
2.74906607648665535e-10,4.70000000000000574e-11
2.76632409539169233e-10,4.70000000000000574e-11
2.7836904562602327e-10,4.70000000000000574e-11
2.80116583923874785e-10,4.70000000000000574e-11
2.81875092874358413e-10,4.70000000000000574e-11
2.8364464134876316e-10,4.70000000000000574e-11
2.85425298650736459e-10,4.70000000000000574e-11
2.87217134519005435e-10,4.70000000000000574e-11
2.8902021913009196e-10,4.70000000000000574e-11
2.90834623101079714e-10,4.70000000000000574e-11
2.92660417492363489e-10,4.70000000000000574e-11
2.94497673810439231e-10,4.70000000000000574e-11
2.96346464010711685e-10,4.70000000000000574e-11
2.98206860500298432e-10,4.70000000000000574e-11
3.00078936140872499e-10,4.70000000000000574e-11
3.01962764251523519e-10,4.70000000000000574e-11
3.03858418611612002e-10,4.70000000000000574e-11
3.05765973463678675e-10,4.70000000000000574e-11
3.07685503516334669e-10,4.70000000000000574e-11
3.0961708394719506e-10,4.70000000000000574e-11
3.11560790405830679e-10,4.70000000000000574e-11
3.1351669901671575e-10,4.70000000000000574e-11
3.15484886382216667e-10,4.70000000000000574e-11
3.17465429585600145e-10,4.70000000000000574e-11
3.19458406194036593e-10,4.70000000000000574e-11
3.21463894261645566e-10,4.70000000000000574e-11
3.23481972332560652e-10,4.70000000000000574e-11
3.25512719443987519e-10,4.70000000000000574e-11
3.27556215129319983e-10,4.70000000000000574e-11
3.29612539421236916e-10,4.70000000000000574e-11
3.31681772854844126e-10,4.70000000000000574e-11
3.33763996470836932e-10,4.70000000000000574e-11
3.35859291818657757e-10,4.70000000000000574e-11
3.37967740959698004e-10,4.70000000000000574e-11
3.40089426470520428e-10,4.70000000000000574e-11
3.42224431446076505e-10,4.70000000000000574e-11
3.44372839502969208e-10,4.70000000000000574e-11
3.46534734782736054e-10,4.70000000000000574e-11
3.48710201955124921e-10,4.70000000000000574e-11
3.50899326221432883e-10,4.70000000000000574e-11
3.53102193317822832e-10,4.70000000000000574e-11
3.55318889518690118e-10,4.70000000000000574e-11
3.57549501640050005e-10,4.70000000000000574e-11
3.59794117042920469e-10,4.70000000000000574e-11
3.62052823636752286e-10,4.70000000000000574e-11
3.64325709882880877e-10,4.70000000000000574e-11
3.66612864797970173e-10,4.70000000000000574e-11
3.68914377957522577e-10,4.70000000000000574e-11
3.71230339499366568e-10,4.70000000000000574e-11
3.73560840127195371e-10,4.70000000000000574e-11
3.75905971114128934e-10,4.70000000000000574e-11
3.78265824306270093e-10,4.70000000000000574e-11
3.80640492126310848e-10,4.70000000000000574e-11
3.83030067577161404e-10,4.70000000000000574e-11
3.85434644245573998e-10,4.70000000000000574e-11
3.87854316305817404e-10,4.70000000000000574e-11
3.90289178523374802e-10,4.70000000000000574e-11
3.92739326258633004e-10,4.70000000000000574e-11
3.95204855470642824e-10,4.70000000000000574e-11
3.9768586272085471e-10,4.70000000000000574e-11
4.00182445176910095e-10,4.70000000000000574e-11
4.02694700616456847e-10,4.70000000000000574e-11
4.05222727430959273e-10,4.70000000000000574e-11
4.0776662462956087e-10,4.70000000000000574e-11
4.1032649184297243e-10,4.70000000000000574e-11
4.12902429327350551e-10,4.70000000000000574e-11
4.15494537968250976e-10,4.70000000000000574e-11
4.18102919284556007e-10,4.70000000000000574e-11
4.20727675432460757e-10,4.70000000000000574e-11
4.23368909209484168e-10,4.70000000000000574e-11
4.26026724058474637e-10,4.70000000000000574e-11
4.28701224071671494e-10,4.70000000000000574e-11
4.31392513994792226e-10,4.70000000000000574e-11
4.34100699231113773e-10,4.70000000000000574e-11
4.36825885845611328e-10,4.70000000000000574e-11
4.39568180569122557e-10,4.70000000000000574e-11
4.42327690802503337e-10,4.70000000000000574e-11
4.45104524620862141e-10,4.70000000000000574e-11
4.47898790777767897e-10,4.70000000000000574e-11
4.50710598709520072e-10,4.70000000000000574e-11
4.53540058539445457e-10,4.70000000000000574e-11
4.563872810821894e-10,4.70000000000000574e-11
4.59252377848066551e-10,4.70000000000000574e-11
4.62135461047439689e-10,4.70000000000000574e-11
4.65036643595091559e-10,4.70000000000000574e-11
4.67956039114658495e-10,4.70000000000000574e-11
4.70893761943092071e-10,4.70000000000000574e-11
4.73849927135110038e-10,4.70000000000000574e-11
4.76824650467733424e-10,4.70000000000000574e-11
4.79818048444793588e-10,4.70000000000000574e-11
4.82830238301506787e-10,4.70000000000000574e-11
4.85861338009077437e-10,4.70000000000000574e-11
4.88911466279294771e-10,4.70000000000000574e-11
4.91980742569193885e-10,4.70000000000000574e-11
4.95069287085746379e-10,4.70000000000000574e-11
4.98177220790540109e-10,4.70000000000000574e-11
5.01304665404548766e-10,4.70000000000000574e-11
5.0445174341287069e-10,4.70000000000000574e-11
5.07618578069538251e-10,4.70000000000000574e-11
5.1080529340235703e-10,4.70000000000000574e-11
5.14012014217739344e-10,4.70000000000000574e-11
5.17238866105603545e-10,4.70000000000000574e-11
5.20485975444306193e-10,4.70000000000000574e-11
5.23753469405566108e-10,4.70000000000000574e-11
5.27041475959457384e-10,4.70000000000000574e-11
5.30350123879434365e-10,4.70000000000000574e-11
5.33679542747345192e-10,4.70000000000000574e-11
5.37029862958540716e-10,4.70000000000000574e-11
5.40401215726951767e-10,4.70000000000000574e-11
5.43793733090240372e-10,4.70000000000000574e-11
5.47207547914984716e-10,4.70000000000000574e-11
5.50642793901856442e-10,4.70000000000000574e-11
5.54099605590869459e-10,4.70000000000000574e-11
5.575781183666636e-10,4.70000000000000574e-11
5.61078468463779068e-10,4.70000000000000574e-11
5.6460079297200616e-10,4.70000000000000574e-11
5.68145229841767629e-10,4.70000000000000574e-11
5.71711917889489718e-10,4.70000000000000574e-11
5.75300996803075337e-10,4.70000000000000574e-11
5.78912607147342939e-10,4.70000000000000574e-11
5.82546890369544879e-10,4.70000000000000574e-11
5.86203988804922194e-10,4.70000000000000574e-11
5.89884045682250169e-10,4.70000000000000574e-11
5.93587205129461837e-10,4.70000000000000574e-11
5.97313612179307896e-10,4.70000000000000574e-11
6.01063412775002304e-10,4.70000000000000574e-11
6.04836753775977565e-10,4.70000000000000574e-11
6.08633782963601711e-10,4.70000000000000574e-11
6.12454649046980992e-10,4.70000000000000574e-11
6.16299501668798988e-10,4.70000000000000574e-11
6.20168491411147493e-10,4.70000000000000574e-11
6.24061769801438682e-10,4.70000000000000574e-11
6.27979489318355011e-10,4.70000000000000574e-11
6.31921803397790471e-10,4.70000000000000574e-11
6.35888866438875211e-10,4.70000000000000574e-11
6.39880833810037797e-10,4.70000000000000574e-11
6.43897861855054265e-10,4.70000000000000574e-11
6.47940107899212414e-10,4.70000000000000574e-11
6.52007730255437235e-10,4.70000000000000574e-11
6.56100888230506607e-10,4.70000000000000574e-11
6.60219742131306519e-10,4.70000000000000574e-11
6.64364453271077626e-10,4.70000000000000574e-11
6.68535183975748404e-10,4.70000000000000574e-11
6.72732097590309941e-10,4.70000000000000574e-11
6.76955358485174075e-10,4.70000000000000574e-11
6.81205132062655538e-10,4.70000000000000574e-11
6.8548158476341059e-10,4.70000000000000574e-11
6.89784884072973004e-10,4.70000000000000574e-11
6.9411519852832948e-10,4.70000000000000574e-11
6.9847269772448739e-10,4.70000000000000574e-11
7.02857552321133228e-10,4.70000000000000574e-11
7.07269934049334026e-10,4.70000000000000574e-11
7.1171001571822845e-10,4.70000000000000574e-11
7.16177971221812037e-10,4.70000000000000574e-11
7.20673975545765289e-10,4.70000000000000574e-11
7.25198204774265998e-10,4.70000000000000574e-11
7.29750836096932698e-10,4.70000000000000574e-11
7.34332047815722255e-10,4.70000000000000574e-11
7.38942019351931489e-10,4.70000000000000574e-11
7.4358093125324165e-10,4.70000000000000574e-11
7.48248965200753791e-10,4.70000000000000574e-11
7.52946304016121726e-10,4.70000000000000574e-11
7.57673131668731403e-10,4.70000000000000574e-11
7.6242963328286828e-10,4.70000000000000574e-11
7.67215995144986618e-10,4.70000000000000574e-11
7.72032404711024078e-10,4.70000000000000574e-11
7.76879050613698996e-10,4.70000000000000574e-11
7.81756122669949205e-10,4.70000000000000574e-11
7.86663811888321574e-10,4.70000000000000574e-11
7.91602310476471227e-10,4.70000000000000574e-11
7.9657181184870951e-10,4.70000000000000574e-11
8.01572510633539737e-10,4.70000000000000574e-11
8.06604602681299077e-10,4.70000000000000574e-11
8.11668285071849072e-10,4.70000000000000574e-11
8.1676375612224783e-10,4.70000000000000574e-11
8.21891215394569663e-10,4.70000000000000574e-11
8.27050863703675088e-10,4.70000000000000574e-11
8.32242903125094968e-10,4.70000000000000574e-11
8.37467537002965168e-10,4.70000000000000574e-11
8.42724969957950099e-10,4.70000000000000574e-11
8.48015407895276518e-10,4.70000000000000574e-11
8.53339058012818841e-10,4.70000000000000574e-11
8.5869612880917201e-10,4.70000000000000574e-11
8.64086830091838509e-10,4.70000000000000574e-11
8.69511372985466213e-10,4.70000000000000574e-11
8.74969969940067704e-10,4.70000000000000574e-11
8.80462834739397571e-10,4.70000000000000574e-11
8.85990182509275415e-10,4.70000000000000574e-11
8.91552229726031986e-10,4.70000000000000574e-11
8.97149194225009716e-10,4.70000000000000574e-11
9.02781295209050705e-10,4.70000000000000574e-11
9.08448753257102837e-10,4.70000000000000574e-11
9.14151790332881409e-10,4.70000000000000574e-11
9.19890629793517878e-10,4.70000000000000574e-11
9.25665496398329068e-10,4.70000000000000574e-11
9.31476616317643447e-10,4.70000000000000574e-11
9.37324217141605298e-10,4.70000000000000574e-11
9.43208527889149328e-10,4.70000000000000574e-11
9.49129779016916642e-10,4.70000000000000574e-11
9.55088202428303057e-10,4.70000000000000574e-11
9.61084031482565382e-10,4.70000000000000574e-11
9.67117501003913915e-10,4.70000000000000574e-11
9.73188847290732406e-10,4.70000000000000574e-11
9.79298308124856742e-10,4.70000000000000574e-11
9.85446122780831435e-10,4.70000000000000574e-11
9.91632532035345293e-10,4.70000000000000574e-11
9.97857778176604815e-10,4.70000000000000574e-11
1.00412210501384713e-9,4.70000000000000574e-11
1.01042575788691358e-9,4.70000000000000574e-11
1.01676898367580959e-9,4.70000000000000574e-11
1.02315203081039696e-9,4.70000000000000574e-11
1.02957514928014993e-9,4.70000000000000574e-11
1.03603859064389558e-9,4.70000000000000574e-11
1.04254260803968979e-9,4.70000000000000574e-11
1.04908745619475852e-9,4.70000000000000574e-11
1.0556733914354135e-9,4.70000000000000574e-11
1.06230067169716014e-9,4.70000000000000574e-11
1.0689695565347388e-9,4.70000000000000574e-11
1.07568030713231577e-9,4.70000000000000574e-11
1.08243318631373975e-9,4.70000000000000574e-11
1.08922845855278183e-9,4.70000000000000574e-11
1.09606638998351991e-9,4.70000000000000574e-11
1.10294724841078851e-9,4.70000000000000574e-11
1.10987130332060513e-9,4.70000000000000574e-11
1.11683882589079531e-9,4.70000000000000574e-11
1.12385008900155192e-9,4.70000000000000574e-11
1.1309053672461471e-9,4.70000000000000574e-11
1.13800493694171623e-9,4.70000000000000574e-11
1.14514907614002381e-9,4.70000000000000574e-11
1.15233806463838029e-9,4.70000000000000574e-11
1.15957218399062922e-9,4.70000000000000574e-11
1.16685171751811767e-9,4.70000000000000574e-11
1.17417695032082014e-9,4.70000000000000574e-11
1.18154816928853346e-9,4.70000000000000574e-11
1.18896566311204577e-9,4.70000000000000574e-11
1.19642972229451971e-9,4.70000000000000574e-11
1.20394063916280225e-9,4.70000000000000574e-11
1.21149870787890279e-9,4.70000000000000574e-11
1.21910422445154309e-9,4.70000000000000574e-11
1.22675748674769136e-9,4.70000000000000574e-11
1.23445879450425755e-9,4.70000000000000574e-11
1.24220844933986307e-9,4.70000000000000574e-11
1.25000675476659273e-9,4.70000000000000574e-11
1.25785401620191206e-9,4.70000000000000574e-11
1.26575054098065887e-9,4.70000000000000574e-11
1.27369663836700986e-9,4.70000000000000574e-11
1.28169261956667357e-9,4.70000000000000574e-11
1.28973879773900668e-9,4.70000000000000574e-11
1.29783548800930992e-9,4.70000000000000574e-11
1.305983007481202e-9,4.70000000000000574e-11
1.31418167524897456e-9,4.70000000000000574e-11
1.32243181241012131e-9,4.70000000000000574e-11
1.33073374207794659e-9,4.70000000000000574e-11
1.33908778939414375e-9,4.70000000000000574e-11
1.34749428154161643e-9,4.70000000000000574e-11
1.35595354775721621e-9,4.70000000000000574e-11
1.3644659193446691e-9,4.70000000000000574e-11
1.37303172968758536e-9,4.70000000000000574e-11
1.38165131426244847e-9,4.70000000000000574e-11
1.3903250106517886e-9,4.70000000000000574e-11
1.39905315855743662e-9,4.70000000000000574e-11
1.4078360998137609e-9,4.70000000000000574e-11
1.41667417840108945e-9,4.70000000000000574e-11
1.42556774045921575e-9,4.70000000000000574e-11
1.43451713430087513e-9,4.70000000000000574e-11
1.4435227104254782e-9,4.70000000000000574e-11
1.45258482153275703e-9,4.70000000000000574e-11
1.46170382253661346e-9,4.70000000000000574e-11
1.47088007057905479e-9,4.70000000000000574e-11
1.4801139250441091e-9,4.70000000000000574e-11
1.48940574757193711e-9,4.70000000000000574e-11
1.49875590207303167e-9,4.70000000000000574e-11
1.50816475474239664e-9,4.70000000000000574e-11
1.51763267407392655e-9,4.70000000000000574e-11
1.52716003087487429e-9,4.70000000000000574e-11
1.53674719828028805e-9,4.70000000000000574e-11
1.54639455176772356e-9,4.70000000000000574e-11
1.55610246917186301e-9,4.70000000000000574e-11
1.56587133069934925e-9,4.70000000000000574e-11
1.57570151894371535e-9,4.70000000000000574e-11
1.58559341890029271e-9,4.70000000000000574e-11
1.59554741798132604e-9,4.70000000000000574e-11
1.60556390603118637e-9,4.70000000000000574e-11
1.61564327534154772e-9,4.70000000000000574e-11
1.62578592066685612e-9,4.70000000000000574e-11
1.63599223923969661e-9,4.70000000000000574e-11
1.64626263078639212e-9,4.70000000000000574e-11
1.65659749754269714e-9,4.70000000000000574e-11
1.66699724426947182e-9,4.70000000000000574e-11
1.67746227826857353e-9,4.70000000000000574e-11
1.68799300939885022e-9,4.70000000000000574e-11
1.69858985009211083e-9,4.70000000000000574e-11
1.70925321536931785e-9,4.70000000000000574e-11
1.71998352285688427e-9,4.70000000000000574e-11
1.73078119280293152e-9,4.70000000000000574e-11
1.7416466480938606e-9,4.70000000000000574e-11
1.75258031427081651e-9,4.70000000000000574e-11
1.76358261954639461e-9,4.70000000000000574e-11
1.7746539948214568e-9,4.70000000000000574e-11
1.78579487370192025e-9,4.70000000000000574e-11
1.79700569251578202e-9,4.70000000000000574e-11
1.80828689033025292e-9,4.70000000000000574e-11
1.81963890896884917e-9,4.70000000000000574e-11
1.83106219302881623e-9,4.70000000000000574e-11
1.8425571898984352e-9,4.70000000000000574e-11
1.85412434977459117e-9,4.70000000000000574e-11
1.86576412568044869e-9,4.70000000000000574e-11
1.87747697348310494e-9,4.70000000000000574e-11
1.88926335191148764e-9,4.70000000000000574e-11
1.90112372257436824e-9,4.70000000000000574e-11
1.91305854997834768e-9,4.70000000000000574e-11
1.92506830154609498e-9,4.70000000000000574e-11
1.93715344763470032e-9,4.70000000000000574e-11
1.94931446155398724e-9,4.70000000000000574e-11
1.96155181958517555e-9,4.70000000000000574e-11
1.97386600099942333e-9,4.70000000000000574e-11
1.98625748807664526e-9,4.70000000000000574e-11
1.99872676612444966e-9,4.70000000000000574e-11
2.01127432349704804e-9,4.70000000000000574e-11
2.02390065161442934e-9,4.70000000000000574e-11
2.03660624498165666e-9,4.70000000000000574e-11
2.04939160120813524e-9,4.70000000000000574e-11
2.06225722102715014e-9,4.70000000000000574e-11
2.07520360831552786e-9,4.70000000000000574e-11
2.08823127011325171e-9,4.70000000000000574e-11
2.10134071664345745e-9,4.70000000000000574e-11
2.11453246133229511e-9,4.70000000000000574e-11
2.1278070208290889e-9,4.70000000000000574e-11
2.14116491502662321e-9,4.70000000000000574e-11
2.15460666708140014e-9,4.70000000000000574e-11
2.16813280343418047e-9,4.70000000000000574e-11
2.18174385383065506e-9,4.70000000000000574e-11
2.19544035134206794e-9,4.70000000000000574e-11
2.20922283238623596e-9,4.70000000000000574e-11
2.22309183674843336e-9,4.70000000000000574e-11
2.23704790760258332e-9,4.70000000000000574e-11
2.25109159153258886e-9,4.70000000000000574e-11
2.26522343855362873e-9,4.70000000000000574e-11
2.27944400213375298e-9,4.70000000000000574e-11
2.29375383921561537e-9,4.70000000000000574e-11
2.30815351023817428e-9,4.70000000000000574e-11
2.32264357915869812e-9,4.70000000000000574e-11
2.33722461347490951e-9,4.70000000000000574e-11
2.35189718424707728e-9,4.70000000000000574e-11
2.36666186612053453e-9,4.70000000000000574e-11
2.38151923734805271e-9,4.70000000000000574e-11
2.39646987981254211e-9,4.70000000000000574e-11
2.41151437904990296e-9,4.70000000000000574e-11
2.42665332427183822e-9,4.70000000000000574e-11
2.44188730838899071e-9,4.70000000000000574e-11
2.45721692803422131e-9,4.70000000000000574e-11
2.47264278358585976e-9,4.70000000000000574e-11
2.48816547919127373e-9,4.70000000000000574e-11
2.50378562279059524e-9,4.70000000000000574e-11
2.51950382614038393e-9,4.70000000000000574e-11
2.53532070483775396e-9,4.70000000000000574e-11
2.5512368783443371e-9,4.70000000000000574e-11
2.5672529700106046e-9,4.70000000000000574e-11
2.58336960710034669e-9,4.70000000000000574e-11
2.59958742081510996e-9,4.70000000000000574e-11
2.61590704631898374e-9,4.70000000000000574e-11
2.63232912276353748e-9,4.70000000000000574e-11
2.64885429331270528e-9,4.70000000000000574e-11
2.66548320516814608e-9,4.70000000000000574e-11
2.6822165095944408e-9,4.70000000000000574e-11
2.6990548619446626e-9,4.70000000000000574e-11
2.71599892168610912e-9,4.70000000000000574e-11
2.73304935242599978e-9,4.70000000000000574e-11
2.75020682193753174e-9,4.70000000000000574e-11
2.76747200218609768e-9,4.70000000000000574e-11
2.78484556935547189e-9,4.70000000000000574e-11
2.80232820387435755e-9,4.70000000000000574e-11
2.81992059044310483e-9,4.70000000000000574e-11
2.837623418060367e-9,4.70000000000000574e-11
2.85543738005026926e-9,4.70000000000000574e-11
2.87336317408939879e-9,4.70000000000000574e-11
2.89140150223419967e-9,4.70000000000000574e-11
2.90955307094854065e-9,4.70000000000000574e-11
2.92781859113123932e-9,4.70000000000000574e-11
2.94619877814397624e-9,4.70000000000000574e-11
2.9646943518393849e-9,4.70000000000000574e-11
2.98330603658907378e-9,4.70000000000000574e-11
3.00203456131219237e-9,4.70000000000000574e-11
3.0208806595038058e-9,4.70000000000000574e-11
3.03984506926369713e-9,4.70000000000000574e-11
3.0589285333253482e-9,4.70000000000000574e-11
3.07813179908487999e-9,4.70000000000000574e-11
3.09745561863039809e-9,4.70000000000000574e-11
3.11690074877152368e-9,4.70000000000000574e-11
3.13646795106888376e-9,4.70000000000000574e-11
3.15615799186400947e-9,4.70000000000000574e-11
3.17597164230943152e-9,4.70000000000000574e-11
3.19590967839869666e-9,4.70000000000000574e-11
3.21597288099697165e-9,4.70000000000000574e-11
3.23616203587143891e-9,4.70000000000000574e-11
3.25647793372215055e-9,4.70000000000000574e-11
3.27692137021307639e-9,4.70000000000000574e-11
3.29749314600310539e-9,4.70000000000000574e-11
3.3181940667774823e-9,4.70000000000000574e-11
3.33902494327944455e-9,4.70000000000000574e-11
3.35998659134181254e-9,4.70000000000000574e-11
3.38107983191902006e-9,4.70000000000000574e-11
3.40230549111935154e-9,4.70000000000000574e-11
3.4236644002371035e-9,4.70000000000000574e-11
3.4451573957853614e-9,4.70000000000000574e-11
3.46678531952856916e-9,4.70000000000000574e-11
3.48854901851557742e-9,4.70000000000000574e-11
3.51044934511290441e-9,4.70000000000000574e-11
3.53248715703794947e-9,4.70000000000000574e-11
3.55466331739266694e-9,4.70000000000000574e-11
3.57697869469745955e-9,4.70000000000000574e-11
3.59943416292498819e-9,4.70000000000000574e-11
3.62203060153463641e-9,4.70000000000000574e-11
3.6447688955067461e-9,4.70000000000000574e-11
3.6676499353773675e-9,4.70000000000000574e-11
3.69067461727322632e-9,4.70000000000000574e-11
3.71384384294663894e-9,4.70000000000000574e-11
3.73715851981092051e-9,4.70000000000000574e-11
3.76061956097601513e-9,4.70000000000000574e-11
3.78422788528407272e-9,4.70000000000000574e-11
3.80798441734552862e-9,4.70000000000000574e-11
3.83189008757540739e-9,4.70000000000000574e-11
3.85594583222954501e-9,4.70000000000000574e-11
3.88015259344150643e-9,4.70000000000000574e-11
3.90451131925926642e-9,4.70000000000000574e-11
3.9290229636824292e-9,4.70000000000000574e-11
3.95368848669969131e-9,4.70000000000000574e-11
3.97850885432624679e-9,4.70000000000000574e-11
4.00348503864171512e-9,4.70000000000000574e-11
4.02861801782830931e-9,4.70000000000000574e-11
4.05390877620895562e-9,4.70000000000000574e-11
4.07935830428593515e-9,4.70000000000000574e-11
4.10496759877978068e-9,4.70000000000000574e-11
4.13073766266807851e-9,4.70000000000000574e-11
4.15666950522501821e-9,4.70000000000000574e-11
4.18276414206068292e-9,4.70000000000000574e-11
4.20902259516092769e-9,4.70000000000000574e-11
4.23544589292751006e-9,4.70000000000000574e-11
4.26203507021815664e-9,4.70000000000000574e-11
4.2887911683871982e-9,4.70000000000000574e-11
4.3157152353264614e-9,4.70000000000000574e-11
4.34280832550605833e-9,4.70000000000000574e-11
4.37007150001597111e-9,4.70000000000000574e-11
4.39750582660735834e-9,4.70000000000000574e-11
4.42511237973448246e-9,4.70000000000000574e-11
4.45289224059689293e-9,4.70000000000000574e-11
4.48084649718156047e-9,4.70000000000000574e-11
4.50897624430559407e-9,4.70000000000000574e-11
4.5372825836592261e-9,4.70000000000000574e-11
4.56576662384874421e-9,4.70000000000000574e-11
4.59442948044001564e-9,4.70000000000000574e-11
4.62327227600229218e-9,4.70000000000000574e-11
4.65229614015191295e-9,4.70000000000000574e-11
4.68150220959684393e-9,4.70000000000000574e-11
4.71089162818093676e-9,4.70000000000000574e-11
4.74046554692883504e-9,4.70000000000000574e-11
4.77022512409117549e-9,4.70000000000000574e-11
4.80017152518971191e-9,4.70000000000000574e-11
4.83030592306308293e-9,4.70000000000000574e-11
4.86062949791286414e-9,4.70000000000000574e-11
4.89114343734950996e-9,4.70000000000000574e-11
4.92184893643918819e-9,4.70000000000000574e-11
4.95274719775030281e-9,4.70000000000000574e-11
4.9838394314007104e-9,4.70000000000000574e-11
5.01512685510523859e-9,4.70000000000000574e-11
5.04661069422313258e-9,4.70000000000000574e-11
5.07829218180616682e-9,4.70000000000000574e-11
5.11017255864706144e-9,4.70000000000000574e-11
5.14225307332783021e-9,4.70000000000000574e-11
5.1745349822688036e-9,4.70000000000000574e-11
5.20701954977796344e-9,4.70000000000000574e-11
5.23970804810016233e-9,4.70000000000000574e-11
5.27260175746729232e-9,4.70000000000000574e-11
5.30570196614812417e-9,4.70000000000000574e-11
5.33900997049888915e-9,4.70000000000000574e-11
5.37252707501418225e-9,4.70000000000000574e-11
5.40625459237779449e-9,4.70000000000000574e-11
5.44019384351424495e-9,4.70000000000000574e-11
5.47434615764065757e-9,4.70000000000000574e-11
5.50871287231854634e-9,4.70000000000000574e-11
5.54329533350633685e-9,4.70000000000000574e-11
5.57809489561221383e-9,4.70000000000000574e-11
5.61311292154685049e-9,4.70000000000000574e-11
5.6483507827771513e-9,4.70000000000000574e-11
5.68380985937964311e-9,4.70000000000000574e-11
5.71949154009466021e-9,4.70000000000000574e-11
5.75539722238088025e-9,4.70000000000000574e-11
5.79152831246976874e-9,4.70000000000000574e-11
5.82788622542079882e-9,4.70000000000000574e-11
5.86447238517700864e-9,4.70000000000000574e-11
5.90128822462044145e-9,4.70000000000000574e-11
5.93833518562864437e-9,4.70000000000000574e-11
5.97561471913080133e-9,4.70000000000000574e-11
6.01312828516470344e-9,4.70000000000000574e-11
6.05087735293407913e-9,4.70000000000000574e-11
6.0888634008658391e-9,4.70000000000000574e-11
6.1270879166681258e-9,4.70000000000000574e-11
6.16555239738872807e-9,4.70000000000000574e-11
6.20425834947341581e-9,4.70000000000000574e-11
6.2432072888250838e-9,4.70000000000000574e-11
6.28240074086327915e-9,4.70000000000000574e-11
6.32184024058358496e-9,4.70000000000000574e-11
6.36152733261814607e-9,4.70000000000000574e-11
6.40146357129580856e-9,4.70000000000000574e-11
6.44165052070314203e-9,4.70000000000000574e-11
6.48208975474585891e-9,4.70000000000000574e-11
6.52278285721014051e-9,4.70000000000000574e-11
6.56373142182482017e-9,4.70000000000000574e-11
6.60493705232396344e-9,4.70000000000000574e-11
6.64640136250935854e-9,4.70000000000000574e-11
6.68812597631387451e-9,4.70000000000000574e-11
6.73011252786523162e-9,4.70000000000000574e-11
6.77236266154961886e-9,4.70000000000000574e-11
6.8148780320765292e-9,4.70000000000000574e-11
6.85766030454318809e-9,4.70000000000000574e-11
6.90071115449992245e-9,4.70000000000000574e-11
6.94403226801595785e-9,4.70000000000000574e-11
6.98762534174511529e-9,4.70000000000000574e-11
7.03149208299242456e-9,4.70000000000000574e-11
7.07563420978116664e-9,4.70000000000000574e-11
7.1200534509197535e-9,4.70000000000000574e-11
7.16475154606990383e-9,4.70000000000000574e-11
7.20973024581436128e-9,4.70000000000000574e-11
7.25499131172563949e-9,4.70000000000000574e-11
7.30053651643518098e-9,4.70000000000000574e-11
7.34636764370243611e-9,4.70000000000000574e-11
7.39248648848489243e-9,4.70000000000000574e-11
7.43889485700855957e-9,4.70000000000000574e-11
7.48559456683834679e-9,4.70000000000000574e-11
7.53258744694942539e-9,4.70000000000000574e-11
7.57987533779904776e-9,4.70000000000000574e-11
7.62746009139819403e-9,4.70000000000000574e-11
7.67534357138460432e-9,4.70000000000000574e-11
7.72352765309532785e-9,4.70000000000000574e-11
7.7720142236403591e-9,4.70000000000000574e-11
7.82080518197673413e-9,4.70000000000000574e-11
7.86990243898252562e-9,4.70000000000000574e-11
7.91930791753186636e-9,4.70000000000000574e-11
7.96902355257045514e-9,4.70000000000000574e-11
8.01905129119088578e-9,4.70000000000000574e-11
8.06939309270942395e-9,4.70000000000000574e-11
8.12005092874228218e-9,4.70000000000000574e-11
8.17102678328303966e-9,4.70000000000000574e-11
8.22232265278054086e-9,4.70000000000000574e-11
8.27394054621668218e-9,4.70000000000000574e-11
8.32588248518530349e-9,4.70000000000000574e-11
8.37815050397155225e-9,4.70000000000000574e-11
8.43074664963116405e-9,4.70000000000000574e-11
8.48367298207082321e-9,4.70000000000000574e-11
8.53693157412905812e-9,4.70000000000000574e-11
8.59052451165692688e-9,4.70000000000000574e-11
8.64445389360028038e-9,4.70000000000000574e-11
8.69872183208145877e-9,4.70000000000000574e-11
8.75333045248224018e-9,4.70000000000000574e-11
8.80828189352728152e-9,4.70000000000000574e-11
8.86357830736745633e-9,4.70000000000000574e-11
8.91922185966435776e-9,4.70000000000000574e-11
8.9752147296753364e-9,4.70000000000000574e-11
9.03155911033841008e-9,4.70000000000000574e-11
9.08825720835836748e-9,4.70000000000000574e-11
9.14531124429341347e-9,4.70000000000000574e-11
9.20272345264162794e-9,4.70000000000000574e-11
9.26049608192906071e-9,4.70000000000000574e-11
9.31863139479727742e-9,4.70000000000000574e-11
9.37713166809220233e-9,4.70000000000000574e-11
9.43599919295350986e-9,4.70000000000000574e-11
9.49523627490391142e-9,4.70000000000000574e-11
9.55484523393966434e-9,4.70000000000000574e-11
9.61482840462167943e-9,4.70000000000000574e-11
9.67518813616639939e-9,4.70000000000000574e-11
9.7359267925384394e-9,4.70000000000000574e-11
9.79704675254260948e-9,4.70000000000000574e-11
9.85855040991732601e-9,4.70000000000000574e-11
9.92044017342859696e-9,4.70000000000000574e-11
9.98271846696387932e-9,4.70000000000000574e-11
1.00453877296272491e-8,4.70000000000000574e-11
1.01084504158351756e-8,4.70000000000000574e-11
1.017190899541216e-8,4.70000000000000574e-11
1.02357659536877001e-8,4.70000000000000574e-11
1.03000237915938886e-8,4.70000000000000574e-11
1.03646850257627676e-8,4.70000000000000574e-11
1.04297521886255726e-8,4.70000000000000574e-11
1.04952278285113163e-8,4.70000000000000574e-11
1.05611145097468455e-8,4.70000000000000574e-11
1.06274148127575359e-8,4.70000000000000574e-11
1.06941313341678335e-8,4.70000000000000574e-11
1.07612666869032054e-8,4.70000000000000574e-11
1.0828823500292744e-8,4.70000000000000574e-11
1.08968044201716161e-8,4.70000000000000574e-11
1.09652121089849412e-8,4.70000000000000574e-11
1.10340492458923443e-8,4.70000000000000574e-11
1.1103318526872247e-8,4.70000000000000574e-11
1.11730226648281832e-8,4.70000000000000574e-11
1.12431643896944138e-8,4.70000000000000574e-11
1.13137464485431085e-8,4.70000000000000574e-11
1.13847716056922206e-8,4.70000000000000574e-11
1.14562426428131872e-8,4.70000000000000574e-11
1.15281623590401541e-8,4.70000000000000574e-11
1.16005335710798878e-8,4.70000000000000574e-11
1.16733591133214247e-8,4.70000000000000574e-11
1.17466418379478394e-8,4.70000000000000574e-11
1.18203846150472849e-8,4.70000000000000574e-11
1.18945903327256826e-8,4.70000000000000574e-11
1.19692618972201235e-8,4.70000000000000574e-11
1.20444022330121108e-8,4.70000000000000574e-11
1.21200142829423818e-8,4.70000000000000574e-11
1.21961010083264654e-8,4.70000000000000574e-11
1.22726653890700668e-8,4.70000000000000574e-11
1.23497104237860658e-8,4.70000000000000574e-11
1.24272391299122642e-8,4.70000000000000574e-11
1.25052545438288547e-8,4.70000000000000574e-11
1.25837597209781489e-8,4.70000000000000574e-11
1.26627577359835346e-8,4.70000000000000574e-11
1.27422516827701884e-8,4.70000000000000574e-11
1.28222446746865675e-8,4.70000000000000574e-11
1.29027398446257209e-8,4.70000000000000574e-11
1.29837403451482896e-8,4.70000000000000574e-11
1.30652493486063062e-8,4.70000000000000574e-11
1.31472700472667903e-8,4.70000000000000574e-11
1.32298056534371007e-8,4.70000000000000574e-11
1.33128593995910602e-8,4.70000000000000574e-11
1.33964345384948054e-8,4.70000000000000574e-11
1.34805343433350391e-8,4.70000000000000574e-11
1.35651621078464721e-8,4.70000000000000574e-11
1.36503211464411347e-8,4.70000000000000574e-11
1.37360147943385247e-8,4.70000000000000574e-11
1.38222464076955696e-8,4.70000000000000574e-11
1.39090193637383894e-8,4.70000000000000574e-11
1.39963370608949091e-8,4.70000000000000574e-11
1.40842029189271702e-8,4.70000000000000574e-11
1.41726203790661671e-8,4.70000000000000574e-11
1.42615929041458234e-8,4.70000000000000574e-11
1.43511239787389524e-8,4.70000000000000574e-11
1.44412171092940902e-8,4.70000000000000574e-11
1.45318758242721096e-8,4.70000000000000574e-11
1.46231036742847671e-8,4.70000000000000574e-11
1.47149042322341259e-8,4.70000000000000574e-11
1.4807281093451758e-8,4.70000000000000574e-11
1.49002378758399221e-8,4.70000000000000574e-11
1.49937782200136205e-8,4.70000000000000574e-11
1.50879057894423241e-8,4.70000000000000574e-11
1.51826242705944363e-8,4.70000000000000574e-11
1.52779373730808139e-8,4.70000000000000574e-11
1.53738488298004103e-8,4.70000000000000574e-11
1.54703623970868556e-8,4.70000000000000574e-11
1.55674818548548242e-8,4.70000000000000574e-11
1.56652110067484429e-8,4.70000000000000574e-11
1.57635536802906415e-8,4.70000000000000574e-11
1.58625137270321694e-8,4.70000000000000574e-11
1.59620950227034619e-8,4.70000000000000574e-11
1.60623014673655255e-8,4.70000000000000574e-11
1.61631369855630744e-8,4.70000000000000574e-11
1.62646055264786327e-8,4.70000000000000574e-11
1.63667110640863989e-8,4.70000000000000574e-11
1.64694575973082919e-8,4.70000000000000574e-11
1.65728491501709669e-8,4.70000000000000574e-11
1.66768897719626068e-8,4.70000000000000574e-11
1.67815835373919207e-8,4.70000000000000574e-11
1.6886934546748126e-8,4.70000000000000574e-11
1.69929469260605863e-8,4.70000000000000574e-11
1.70996248272615077e-8,4.70000000000000574e-11
1.72069724283475729e-8,4.70000000000000574e-11
1.73149939335439882e-8,4.70000000000000574e-11
1.74236935734695599e-8,4.70000000000000574e-11
1.75330756053015513e-8,4.70000000000000574e-11
1.76431443129428232e-8,4.70000000000000574e-11
1.77539040071900445e-8,4.70000000000000574e-11
1.78653590259016646e-8,4.70000000000000574e-11
1.79775137341682338e-8,4.70000000000000574e-11
1.80903725244838007e-8,4.70000000000000574e-11
1.82039398169169076e-8,4.70000000000000574e-11
1.83182200592848972e-8,4.70000000000000574e-11
1.84332177273270546e-8,4.70000000000000574e-11
1.85489373248803524e-8,4.70000000000000574e-11
1.86653833840562946e-8,4.70000000000000574e-11
1.87825604654175038e-8,4.70000000000000574e-11
1.89004731581567853e-8,4.70000000000000574e-11
1.9019126080277335e-8,4.70000000000000574e-11
1.91385238787725136e-8,4.70000000000000574e-11
1.92586712298090816e-8,4.70000000000000574e-11
1.93795728389092545e-8,4.70000000000000574e-11
1.95012334411354651e-8,4.70000000000000574e-11
1.96236578012762628e-8,4.70000000000000574e-11
1.97468507140320106e-8,4.70000000000000574e-11
1.98708170042031114e-8,4.70000000000000574e-11
1.99955615268794595e-8,4.70000000000000574e-11
2.01210891676296377e-8,4.70000000000000574e-11
2.0247404842692724e-8,4.70000000000000574e-11
2.03745134991713286e-8,4.70000000000000574e-11
2.05024201152242078e-8,4.70000000000000574e-11
2.06311297002625409e-8,4.70000000000000574e-11
2.07606472951449632e-8,4.70000000000000574e-11
2.08909779723754845e-8,4.70000000000000574e-11
2.1022126836302661e-8,4.70000000000000574e-11
2.11540990233185049e-8,4.70000000000000574e-11
2.12868997020601221e-8,4.70000000000000574e-11
2.14205340736126928e-8,4.70000000000000574e-11
2.15550073717121151e-8,4.70000000000000574e-11
2.16903248629505043e-8,4.70000000000000574e-11
2.18264918469829858e-8,4.70000000000000574e-11
2.19635136567340226e-8,4.70000000000000574e-11
2.21013956586076858e-8,4.70000000000000574e-11
2.22401432526965941e-8,4.70000000000000574e-11
2.23797618729939281e-8,4.70000000000000574e-11
2.25202569876068033e-8,4.70000000000000574e-11
2.2661634098969337e-8,4.70000000000000574e-11
2.28038987440586851e-8,4.70000000000000574e-11
2.29470564946124576e-8,4.70000000000000574e-11
2.30911129573456435e-8,4.70000000000000574e-11
2.32360737741716683e-8,4.70000000000000574e-11
2.33819446224220648e-8,4.70000000000000574e-11
2.35287312150693673e-8,4.70000000000000574e-11
2.36764393009514471e-8,4.70000000000000574e-11
2.38250746649955118e-8,4.70000000000000574e-11
2.39746431284452406e-8,4.70000000000000574e-11
2.41251505490893479e-8,4.70000000000000574e-11
2.42766028214898562e-8,4.70000000000000574e-11
2.44290058772135126e-8,4.70000000000000574e-11
2.45823656850647012e-8,4.70000000000000574e-11
2.47366882513178261e-8,4.70000000000000574e-11
2.48919796199541317e-8,4.70000000000000574e-11
2.50482458728970201e-8,4.70000000000000574e-11
2.52054931302508223e-8,4.70000000000000574e-11
2.53637275505411459e-8,4.70000000000000574e-11
2.55229553309548045e-8,4.70000000000000574e-11
2.56831827075831569e-8,4.70000000000000574e-11
2.58444159556669817e-8,4.70000000000000574e-11
2.6006661389840751e-8,4.70000000000000574e-11
2.61699253643816547e-8,4.70000000000000574e-11
2.63342142734569542e-8,4.70000000000000574e-11
2.64995345513750671e-8,4.70000000000000574e-11
2.666589267283819e-8,4.70000000000000574e-11
2.68332951531946016e-8,4.70000000000000574e-11
2.70017485486944686e-8,4.70000000000000574e-11
2.71712594567472792e-8,4.70000000000000574e-11
2.73418345161789169e-8,4.70000000000000574e-11
2.75134804074923238e-8,4.70000000000000574e-11
2.76862038531298005e-8,4.70000000000000574e-11
2.78600116177347346e-8,4.70000000000000574e-11
2.80349105084183314e-8,4.70000000000000574e-11
2.82109073750246253e-8,4.70000000000000574e-11
2.83880091103994303e-8,4.70000000000000574e-11
2.85662226506609898e-8,4.70000000000000574e-11
2.87455549754702453e-8,4.70000000000000574e-11
2.89260131083048755e-8,4.70000000000000574e-11
2.91076041167350787e-8,4.70000000000000574e-11
2.92903351126989726e-8,4.70000000000000574e-11
2.94742132527818015e-8,4.70000000000000574e-11
2.96592457384969848e-8,4.70000000000000574e-11
2.98454398165664436e-8,4.70000000000000574e-11
3.00328027792063672e-8,4.70000000000000574e-11
3.02213419644111134e-8,4.70000000000000574e-11
3.04110647562413021e-8,4.70000000000000574e-11
3.06019785851137875e-8,4.70000000000000574e-11
3.07940909280911512e-8,4.70000000000000574e-11
3.09874093091752947e-8,4.70000000000000574e-11
3.11819412996028689e-8,4.70000000000000574e-11
3.13776945181400357e-8,4.70000000000000574e-11
3.15746766313828751e-8,4.70000000000000574e-11
3.17728953540558692e-8,4.70000000000000574e-11
3.19723584493147968e-8,4.70000000000000574e-11
3.21730737290515734e-8,4.70000000000000574e-11
3.23750490541986267e-8,4.70000000000000574e-11
3.25782923350375526e-8,4.70000000000000574e-11
3.2782811531509708e-8,4.70000000000000574e-11
3.29886146535263762e-8,4.70000000000000574e-11
3.31957097612832612e-8,4.70000000000000574e-11
3.34041049655769768e-8,4.70000000000000574e-11
3.36138084281207981e-8,4.70000000000000574e-11
3.38248283618665155e-8,4.70000000000000574e-11
3.40371730313241443e-8,4.70000000000000574e-11
3.42508507528864285e-8,4.70000000000000574e-11
3.44658698951554143e-8,4.70000000000000574e-11
3.4682238879268489e-8,4.70000000000000574e-11
3.48999661792290681e-8,4.70000000000000574e-11
3.51190603222392781e-8,4.70000000000000574e-11
3.53395298890322849e-8,4.70000000000000574e-11
3.55613835142091261e-8,4.70000000000000574e-11
3.57846298865778252e-8,4.70000000000000574e-11
3.60092777494916092e-8,4.70000000000000574e-11
3.62353359011936931e-8,4.70000000000000574e-11
3.64628131951597894e-8,4.70000000000000574e-11
3.66917185404457413e-8,4.70000000000000574e-11
3.69220609020373516e-8,4.70000000000000574e-11
3.71538493011996778e-8,4.70000000000000574e-11
3.73870928158312452e-8,4.70000000000000574e-11
3.76218005808205191e-8,4.70000000000000574e-11
3.78579817884014815e-8,4.70000000000000574e-11
3.80956456885161643e-8,4.70000000000000574e-11
3.83348015891747096e-8,4.70000000000000574e-11
3.85754588568208447e-8,4.70000000000000574e-11
3.88176269166996804e-8,4.70000000000000574e-11
3.90613152532249544e-8,4.70000000000000574e-11
3.9306533410351399e-8,4.70000000000000574e-11
3.95532909919495381e-8,4.70000000000000574e-11
3.98015976621798444e-8,4.70000000000000574e-11
4.00514631458722406e-8,4.70000000000000574e-11
4.03028972289079022e-8,4.70000000000000574e-11
4.0555909758600265e-8,4.70000000000000574e-11
4.08105106440833154e-8,4.70000000000000574e-11
4.10667098566973365e-8,4.70000000000000574e-11
4.13245174303804745e-8,4.70000000000000574e-11
4.15839434620626562e-8,4.70000000000000574e-11
4.18449981120590877e-8,4.70000000000000574e-11
4.21076916044691174e-8,4.70000000000000574e-11
4.23720342275777355e-8,4.70000000000000574e-11
4.26380363342560926e-8,4.70000000000000574e-11
4.29057083423697279e-8,4.70000000000000574e-11
4.31750607351841538e-8,4.70000000000000574e-11
4.34461040617764454e-8,4.70000000000000574e-11
4.37188489374494935e-8,4.70000000000000574e-11
4.3993306044145605e-8,4.70000000000000574e-11
4.42694861308659213e-8,4.70000000000000574e-11
4.45474000140924673e-8,4.70000000000000574e-11
4.48270585782096305e-8,4.70000000000000574e-11
4.51084727759315172e-8,4.70000000000000574e-11
4.53916536287320014e-8,4.70000000000000574e-11
4.56766122272738357e-8,4.70000000000000574e-11
4.59633597318459337e-8,4.70000000000000574e-11
4.62519073727978665e-8,4.70000000000000574e-11
4.65422664509808328e-8,4.70000000000000574e-11
4.68344483381913648e-8,4.70000000000000574e-11
4.71284644776144219e-8,4.70000000000000574e-11
4.74243263842727174e-8,4.70000000000000574e-11
4.77220456454788433e-8,4.70000000000000574e-11
4.8021633921286778e-8,4.70000000000000574e-11
4.83231029449496887e-8,4.70000000000000574e-11
4.86264645233806476e-8,4.70000000000000574e-11
4.89317305376123031e-8,4.70000000000000574e-11
4.92389129432653263e-8,4.70000000000000574e-11
4.95480237710139164e-8,4.70000000000000574e-11
4.98590751270581123e-8,4.70000000000000574e-11
5.01720791935991883e-8,4.70000000000000574e-11
5.04870482293143112e-8,4.70000000000000574e-11
5.08039945698378688e-8,4.70000000000000574e-11
5.11229306282458182e-8,4.70000000000000574e-11
5.14438688955389765e-8,4.70000000000000574e-11
5.17668219411355039e-8,4.70000000000000574e-11
5.20918024133603055e-8,4.70000000000000574e-11
5.24188230399416071e-8,4.70000000000000574e-11
5.27478966285107305e-8,4.70000000000000574e-11
5.30790360671011641e-8,4.70000000000000574e-11
5.34122543246545405e-8,4.70000000000000574e-11
5.3747564451529918e-8,4.70000000000000574e-11
5.40849795800122663e-8,4.70000000000000574e-11
5.4424512924828079e-8,4.70000000000000574e-11
5.47661777836642472e-8,4.70000000000000574e-11
5.51099875376858037e-8,4.70000000000000574e-11
5.54559556520634871e-8,4.70000000000000574e-11
5.58040956764980223e-8,4.70000000000000574e-11
5.6154421245752097e-8,4.70000000000000574e-11
5.65069460801857417e-8,4.70000000000000574e-11
5.68616839862909629e-8,4.70000000000000574e-11
5.7218648857233795e-8,4.70000000000000574e-11
5.75778546733998553e-8,4.70000000000000574e-11
5.79393155029390883e-8,4.70000000000000574e-11
5.8303045502318092e-8,4.70000000000000574e-11
5.86690589168760184e-8,4.70000000000000574e-11
5.90373700813791515e-8,4.70000000000000574e-11
5.94079934205861377e-8,4.70000000000000574e-11
5.97809434498095555e-8,4.70000000000000574e-11
6.01562347754858564e-8,4.70000000000000574e-11
6.05338820957488863e-8,4.70000000000000574e-11
6.09139002010026047e-8,4.70000000000000574e-11
6.12963039745017824e-8,4.70000000000000574e-11
6.16811083929364301e-8,4.70000000000000574e-11
6.20683285270148346e-8,4.70000000000000574e-11
6.24579795420578279e-8,4.70000000000000574e-11
6.28500766985891914e-8,4.70000000000000574e-11
6.32446353529348499e-8,4.70000000000000574e-11
6.36416709578258235e-8,4.70000000000000574e-11
6.40411990630003629e-8,4.70000000000000574e-11
6.44432353158144622e-8,4.70000000000000574e-11
6.48477954618563075e-8,4.70000000000000574e-11
6.52548953455597029e-8,4.70000000000000574e-11
6.56645509108263212e-8,4.70000000000000574e-11
6.60767782016516207e-8,4.70000000000000574e-11
6.64915933627495122e-8,4.70000000000000574e-11
6.69090126401889762e-8,4.70000000000000574e-11
6.73290523820265037e-8,4.70000000000000574e-11
6.77517290389480138e-8,4.70000000000000574e-11
6.81770591649148088e-8,4.70000000000000574e-11
6.8605059417808576e-8,4.70000000000000574e-11
6.90357465600853999e-8,4.70000000000000574e-11
6.9469137459434009e-8,4.70000000000000574e-11
6.99052490894324308e-8,4.70000000000000574e-11
7.03440985302172805e-8,4.70000000000000574e-11
7.07857029691487014e-8,4.70000000000000574e-11
7.12300797014852236e-8,4.70000000000000574e-11
7.16772461310628586e-8,4.70000000000000574e-11
7.21272197709732552e-8,4.70000000000000574e-11
7.2580018244251292e-8,4.70000000000000574e-11
7.30356592845670889e-8,4.70000000000000574e-11
7.34941607369169674e-8,4.70000000000000574e-11
7.3955540558324131e-8,4.70000000000000574e-11
7.44198168185437368e-8,4.70000000000000574e-11
7.48870077007663753e-8,4.70000000000000574e-11
7.53571315023350934e-8,4.70000000000000574e-11
7.58302066354576709e-8,4.70000000000000574e-11
7.63062516279295835e-8,4.70000000000000574e-11
7.67852851238615415e-8,4.70000000000000574e-11
7.72673258844058779e-8,4.70000000000000574e-11
7.77523927884932533e-8,4.70000000000000574e-11
7.82405048335738797e-8,4.70000000000000574e-11
7.87316811363578211e-8,4.70000000000000574e-11
7.92259409335655249e-8,4.70000000000000574e-11
7.97233035826831582e-8,4.70000000000000574e-11
8.02237885627162797e-8,4.70000000000000574e-11
8.07274154749578798e-8,4.70000000000000574e-11
8.1234204043751447e-8,4.70000000000000574e-11
8.17441741172654872e-8,4.70000000000000574e-11
8.22573456682728619e-8,4.70000000000000574e-11
8.27737387949289882e-8,4.70000000000000574e-11
8.32933737215609824e-8,4.70000000000000574e-11
8.38162707994617619e-8,4.70000000000000574e-11
8.43424505076823721e-8,4.70000000000000574e-11
8.4871933453839489e-8,4.70000000000000574e-11
8.54047403749177079e-8,4.70000000000000574e-11
8.59408921380837256e-8,4.70000000000000574e-11
8.64804097415057242e-8,4.70000000000000574e-11
8.70233143151715893e-8,4.70000000000000574e-11
8.75696271217184829e-8,4.70000000000000574e-11
8.81193695572677598e-8,4.70000000000000574e-11
8.86725631522587037e-8,4.70000000000000574e-11
8.92292295722938036e-8,4.70000000000000574e-11
8.97893906189895574e-8,4.70000000000000574e-11
9.03530682308251585e-8,4.70000000000000574e-11
9.09202844840075954e-8,4.70000000000000574e-11
9.14910615933310964e-8,4.70000000000000574e-11
9.20654219130493914e-8,4.70000000000000574e-11
9.26433879377533884e-8,4.70000000000000574e-11
9.32249823032477991e-8,4.70000000000000574e-11
9.38102277874397572e-8,4.70000000000000574e-11
9.43991473112332926e-8,4.70000000000000574e-11
9.49917639394224267e-8,4.70000000000000574e-11
9.5588100881596759e-8,4.70000000000000574e-11
9.61881814930528094e-8,4.70000000000000574e-11
9.67920292757032712e-8,4.70000000000000574e-11
9.73996678790037294e-8,4.70000000000000574e-11
9.8011121100873325e-8,4.70000000000000574e-11
9.86264128886292184e-8,4.70000000000000574e-11
9.92455673399268363e-8,4.70000000000000574e-11
9.98686087036988397e-8,4.70000000000000574e-11
1.00495561381107251e-7,4.70000000000000574e-11
1.0112644992650155e-7,4.70000000000000574e-11
1.0176129904837461e-7,4.70000000000000574e-11
1.02400133610336994e-7,4.70000000000000574e-11
1.0304297863208491e-7,4.70000000000000574e-11
1.036898592903826e-7,4.70000000000000574e-11
1.0434080092005091e-7,4.70000000000000574e-11
1.04995829014954438e-7,4.70000000000000574e-11
1.05654969229002532e-7,4.70000000000000574e-11
1.06318247377156595e-7,4.70000000000000574e-11
1.06985689436436005e-7,4.70000000000000574e-11
1.0765732154693795e-7,4.70000000000000574e-11
1.0833317001286396e-7,4.70000000000000574e-11
1.09013261303543857e-7,4.70000000000000574e-11
1.09697622054479581e-7,4.70000000000000574e-11
1.10386279068382038e-7,4.70000000000000574e-11
1.11079259316223528e-7,4.70000000000000574e-11
1.1177658993829678e-7,4.70000000000000574e-11
1.1247829824527247e-7,4.70000000000000574e-11
1.13184411719271466e-7,4.70000000000000574e-11
1.13894958014944024e-7,4.70000000000000574e-11
1.14609964960546378e-7,4.70000000000000574e-11
1.15329460559037983e-7,4.70000000000000574e-11
1.16053472989171837e-7,4.70000000000000574e-11
1.16782030606600742e-7,4.70000000000000574e-11
1.17515161944990794e-7,4.70000000000000574e-11
1.18252895717133171e-7,4.70000000000000574e-11
1.18995260816071493e-7,4.70000000000000574e-11
1.19742286316236317e-7,4.70000000000000574e-11
1.20494001474578027e-7,4.70000000000000574e-11
1.21250435731715555e-7,4.70000000000000574e-11
1.22011618713092361e-7,4.70000000000000574e-11
1.22777580230129828e-7,4.70000000000000574e-11
1.23548350281402762e-7,4.70000000000000574e-11
1.24323959053807243e-7,4.70000000000000574e-11
1.25104436923745879e-7,4.70000000000000574e-11
1.25889814458320586e-7,4.70000000000000574e-11
1.26680122416523602e-7,4.70000000000000574e-11
1.27475391750445169e-7,4.70000000000000574e-11
1.28275653606488959e-7,4.70000000000000574e-11
1.29080939326585593e-7,4.70000000000000574e-11
1.29891280449423306e-7,4.70000000000000574e-11
1.30706708711686275e-7,4.70000000000000574e-11
1.31527256049290258e-7,4.70000000000000574e-11
1.32352954598641702e-7,4.70000000000000574e-11
1.33183836697889063e-7,4.70000000000000574e-11
1.34019934888192296e-7,4.70000000000000574e-11
1.34861281915000859e-7,4.70000000000000574e-11
1.3570791072932937e-7,4.70000000000000574e-11
1.3655985448905156e-7,4.70000000000000574e-11
1.37417146560202212e-7,4.70000000000000574e-11
1.38279820518275983e-7,4.70000000000000574e-11
1.39147910149551592e-7,4.70000000000000574e-11
1.40021449452406927e-7,4.70000000000000574e-11
1.40900472638654065e-7,4.70000000000000574e-11
1.41785014134882573e-7,4.70000000000000574e-11
1.42675108583801006e-7,4.70000000000000574e-11
1.43570790845597031e-7,4.70000000000000574e-11
1.44472095999306191e-7,4.70000000000000574e-11
1.45379059344178899e-7,4.70000000000000574e-11
1.46291716401066196e-7,4.70000000000000574e-11
1.47210102913814751e-7,4.70000000000000574e-11
1.48134254850658209e-7,4.70000000000000574e-11
1.49064208405635526e-7,4.70000000000000574e-11
1.50000000000000028e-7,4.70000000000000574e-11
1.82499324481615247e-7,4.01424249049930986e-11
1.84614694632454757e-7,4.01424249049930986e-11
1.86754584276107607e-7,4.01424249049930986e-11
1.88919277620766621e-7,4.01424249049930986e-11
1.91109062168913795e-7,3.87782841458944512e-11
1.93324228755504521e-7,3.87782841458944512e-11
1.95565071586594911e-7,3.87782841458944512e-11
1.97831888278416443e-7,3.87782841458944512e-11
2.0012497989690371e-7,3.37698031082508127e-11
2.02444650997680384e-7,3.37698031082508127e-11
2.04791209666508536e-7,3.37698031082508127e-11
2.0716496756020689e-7,3.37698031082508127e-11
2.0956623994804329e-7,3.26222200971166018e-11
2.11995345753607097e-7,3.26222200971166018e-11
2.14452607597166747e-7,3.26222200971166018e-11
2.16938351838518429e-7,3.26222200971166018e-11
2.19452908620331357e-7,3.26222200971166018e-11
2.21996611911995473e-7,3.15136348486646971e-11
2.2456979955397739e-7,3.15136348486646971e-11
2.27172813302690514e-7,3.15136348486646971e-11
2.29805998875885109e-7,3.15136348486646971e-11
2.32469705998564791e-7,3.15136348486646971e-11
2.35164288449434849e-7,3.04427221206429366e-11
2.37890104107889329e-7,3.04427221206429366e-11
2.40647515001542416e-7,3.04427221206429366e-11
2.4343688735431104e-7,3.04427221206429366e-11
2.46258591635054671e-7,3.04427221206429366e-11
2.49113002606778849e-7,2.94082017058705501e-11
2.52000499376409209e-7,2.94082017058705501e-11
2.54921465445142303e-7,2.94082017058705501e-11
2.57876288759380088e-7,2.30867799418716276e-11
2.60865361762254793e-7,2.23022329796593182e-11
2.6388908144575106e-7,2.23022329796593182e-11
2.66947849403432088e-7,2.23022329796593182e-11
2.70042071883777282e-7,2.23022329796593182e-11
2.73172159844137639e-7,2.23022329796593182e-11
2.76338529005316957e-7,2.15443469003187774e-11
2.7954159990678562e-7,2.15443469003187774e-11
2.82781797962534085e-7,2.15443469003187774e-11
2.86059553517574216e-7,2.15443469003187774e-11
2.89375301905095057e-7,2.15443469003187774e-11
2.92729483504281575e-7,2.08122156998633277e-11
2.96122543798803463e-7,2.08122156998633277e-11
2.99554933435981297e-7,2.08122156998633277e-11
3.03027108286639645e-7,2.08122156998633277e-11
3.06539529505652695e-7,2.08122156998633277e-11
3.1009266359319264e-7,2.01049641626049287e-11
3.13686982456687645e-7,2.01049641626049287e-11
3.17322963473497623e-7,2.01049641626049287e-11
3.21001089554317161e-7,2.01049641626049287e-11
3.24721849207312857e-7,2.01049641626049287e-11
3.28485736603004341e-7,1.94217468148902037e-11
3.32293251639897164e-7,1.94217468148902037e-11
3.36144900010876484e-7,1.94217468148902037e-11
3.40041193270370627e-7,1.94217468148902037e-11
3.43982648902292453e-7,1.94217468148902037e-11
3.47969790388769127e-7,1.94217468148902037e-11
3.52003147279667871e-7,1.87617469143911578e-11
3.56083255262927764e-7,1.87617469143911578e-11
3.60210656235707006e-7,1.87617469143911578e-11
3.64385898376354419e-7,1.87617469143911578e-11
3.68609536217215805e-7,1.87617469143911578e-11
3.72882130718283349e-7,1.81241754737423222e-11
3.77204249341699722e-7,1.81241754737423222e-11
3.81576466127124832e-7,1.81241754737423222e-11
3.85999361767976723e-7,1.81241754737423222e-11
3.90473523688555986e-7,1.81241754737423222e-11
3.94999546122064317e-7,1.81241754737423222e-11
3.99578030189526942e-7,1.75082703173571988e-11
4.04209583979630565e-7,1.75082703173571988e-11
4.08894822629486043e-7,1.75082703173571988e-11
4.13634368406327383e-7,1.75082703173571988e-11
4.18428850790158037e-7,1.75082703173571988e-11
4.23278906557354844e-7,1.75082703173571988e-11
4.28185179865241537e-7,1.6913295170296434e-11
4.33148322337640309e-7,1.6913295170296434e-11
4.38168993151418988e-7,1.6913295170296434e-11
4.43247859124039621e-7,1.6913295170296434e-11
4.48385594802119101e-7,1.6913295170296434e-11
4.53582882551019111e-7,1.6913295170296434e-11
4.58840412645476135e-7,1.63385387780985694e-11
4.64158883361277731e-7,1.63385387780985694e-11
4.69539001068005803e-7,1.63385387780985694e-11
4.74981480322849961e-7,1.63385387780985694e-11
4.80487043965513408e-7,1.63385387780985694e-11
4.86056423214213908e-7,1.63385387780985694e-11
4.91690357762803103e-7,1.63385387780985694e-11
4.97389595879006265e-7,1.57833140565211313e-11
5.03154894503805679e-7,1.57833140565211313e-11
5.08987019351968002e-7,1.57833140565211313e-11
5.1488674501374976e-7,1.57833140565211313e-11
5.20854855057766031e-7,1.57833140565211313e-11
5.26825488719404802e-7,7.04386722608744803e-12
5.34115162735511035e-7,6.9068339333689528e-12
5.35356283422083948e-7,6.88395206964548213e-12
5.41505703828854394e-7,6.77249292940652767e-12
5.48461818636168914e-7,6.65001803043110477e-12
5.48998507695215949e-7,6.64072826505453399e-12
5.56594989342592726e-7,6.51661423472670217e-12
5.62645787654484934e-7,6.42403365939417726e-12
5.64296583358418047e-7,6.3991840522222588e-12
5.72104744180485568e-7,6.28389571076307365e-12
5.77541714863211496e-7,6.20572880677648751e-12
5.80020946371615423e-7,6.17066164592146929e-12
5.88046684898125591e-7,6.0594838076953595e-12
5.92831760061276441e-7,5.99484250318942079e-12
5.96183475412151893e-7,5.95029691581237371e-12
6.04432854537881667e-7,5.84308286224305684e-12
6.08526330809135402e-7,5.79112264764174642e-12
6.12796380161738739e-7,5.73779820362338371e-12
6.21275631726592792e-7,5.63165245141689167e-12
6.24034331712179665e-7,5.59432570616936625e-12
6.2987221053003384e-7,5.51670896385788931e-12
6.38577310312534678e-7,5.40421642070590402e-12
6.38587740026772735e-7,5.40408398518067322e-12
6.47423866135236267e-7,5.29379445588190518e-12
6.53429485750737967e-7,5.22056752784696465e-12
6.56382257548387429e-7,5.18519194627958026e-12
6.65464606048864312e-7,5.07104401823536872e-12
6.67729014312434629e-7,5.04315948717134818e-12
6.74672626828466718e-7,4.9592104442690234e-12
6.82106579805451702e-7,4.8717802187946213e-12
6.840080588120735e-7,4.8498242653011216e-12
6.93472664986026871e-7,4.74944149751091626e-12
6.9827836920510083e-7,4.70622484984127188e-12
7.03068232731080911e-7,4.66384771375847216e-12
7.12796574159943702e-7,4.57979458789703704e-12
7.16760974316187799e-7,4.54629546953238981e-12
7.22659526459488234e-7,4.49725955839793452e-12
7.32658952237707581e-7,4.42120165666865571e-12
7.38468729483706966e-7,4.39180089259607723e-12
7.427967398754638e-7,4.370182342656526e-12
7.53074803883112168e-7,4.31977100290948305e-12
7.63495085262048519e-7,4.26993401862245531e-12
7.69333643522269199e-7,4.24255643071776846e-12
7.74059551871263011e-7,4.22068353662657418e-12
7.8477019879897864e-7,4.17438778446916609e-12
7.95629048739412042e-7,4.13058594770603849e-12
8.03783550047435369e-7,4.09838367175725313e-12
8.06638152374762285e-7,4.08725133435701088e-12
8.1779958876247224e-7,4.04440167079911092e-12
8.29115465727869719e-7,4.00199804583038024e-12
8.40216986638743492e-7,3.95911026646845052e-12
8.40587920262216358e-7,3.95769557331897135e-12
8.52219118926281908e-7,3.90544222130457388e-12
8.64011258259492365e-7,3.8538624016269981e-12
8.70851810279459869e-7,3.82456972246699118e-12
8.75966565194749819e-7,3.80297106278021683e-12
8.88087297478983601e-7,3.75338982469005721e-12
9.00375744099520375e-7,3.71141002060192334e-12
9.05414312105745239e-7,3.69460120519929454e-12
9.12834225716362653e-7,3.67016625443287802e-12
9.25465095100439157e-7,3.62939438196263231e-12
9.38270737577924251e-7,3.58906997347107837e-12
9.44704417940982808e-7,3.56904934567522233e-12
9.5125357148070475e-7,3.54893254287709581e-12
9.64416048603075978e-7,3.49802037034498525e-12
9.77549200144667452e-7,3.44776405473445725e-12
9.7776065466476598e-7,3.44696672078019054e-12
9.91289909780357107e-7,3.39669609822544437e-12
1.00500636893520937e-6,3.34713521497252391e-12
1.01022737670819652e-6,3.33060034362458193e-12
1.01891262246796089e-6,3.3034759821710873e-12
1.0330112965597225e-6,3.26449275706965332e-12
1.04730505373001597e-6,3.22596007105228513e-12
1.04795160704317595e-6,3.21741815067636472e-12
1.05642651914847011e-6,3.10808217386905736e-12
1.06179659333959376e-6,3.04120641638331174e-12
1.07330558442743381e-6,3.00246170908555544e-12
1.07648865210021381e-6,2.99191143869649529e-12
1.09138400459145919e-6,2.94213344572619979e-12
1.1040139036728558e-6,2.9004304938639858e-12
1.10648546378471747e-6,2.89239849478511497e-12
1.12179588157440685e-6,2.84297722040862585e-12
1.13487411621051797e-6,2.80186655645918974e-12
1.13731814931655117e-6,2.79430611400192716e-12
1.15305519837480983e-6,2.74740235125452313e-12
1.16705718467556812e-6,2.70665207003323558e-12
1.16901000067407222e-6,2.70105849523417926e-12
1.18518556926168162e-6,2.65479715486778012e-12
1.19975117541978557e-6,2.61467321180108655e-12
1.20158495887647041e-6,2.60970178690020712e-12
1.2182112665256268e-6,2.56591185659181298e-12
1.23360844973840312e-6,2.52582002696276898e-12
1.2350676320695693e-6,2.5220810098248901e-12
1.25215723881490021e-6,2.47859410147603452e-12
1.26813790538314265e-6,2.43998629725954525e-12
1.26948331411557729e-6,2.43678731367455832e-12
1.28704912998239024e-6,2.39583605858472128e-12
1.30386294223056166e-6,2.35706941399672297e-12
1.30485800370088009e-6,2.35481174959025594e-12
1.32291329845779887e-6,2.31467315159653338e-12
1.34066282729244313e-6,2.27697025538167532e-12
1.34121842397625232e-6,2.27580871260827891e-12
1.35977683715961848e-6,2.23716307776115422e-12
1.37808150998711062e-6,2.1995930680300793e-12
1.37859204274437548e-6,2.19856200688029468e-12
1.39766759396197631e-6,2.1616266736967883e-12
1.41700709320986653e-6,2.12583156830210183e-12
1.41755163664657198e-6,2.12484535249887862e-12
1.43661419273179854e-6,2.09086180829733934e-12
1.45649259530753943e-6,2.05649609337564336e-12
1.45877776138326431e-6,2.05263775270924788e-12
1.4766460549521596e-6,2.022938932630513e-12
1.49707837762496138e-6,1.98991519023058956e-12
1.50150909519188258e-6,1.98288394912706716e-12
1.5177934219482263e-6,1.95744512091465342e-12
1.53879509993591751e-6,1.92559297919258289e-12
1.54561005763684375e-6,1.91550055557352396e-12
1.5600873777324648e-6,1.89439430083746991e-12
1.56125866475995645e-6,1.85040701954229815e-12
1.56298634906622942e-6,1.7875255259042318e-12
1.56471816066465544e-6,1.72678090388435246e-12
1.56645396817495589e-6,1.66810053720005579e-12
1.56819364858386461e-6,1.61141427725301657e-12
1.56993708671828358e-6,1.55665435927105881e-12
1.57168417475213391e-6,1.50375532129973534e-12
1.57343481174466797e-6,1.4526539259467782e-12
1.57518890320820651e-6,1.40328908478587021e-12
1.57694636070331762e-6,1.35560178532936622e-12
1.57870710145969974e-6,1.30953502048266494e-12
1.58047104802107128e-6,1.26503372039590124e-12
1.58167427636175444e-6,1.23559591541762088e-12
1.59284150143388524e-6,1.22204468663148115e-12
1.60355987248650649e-6,1.20926913550957995e-12
1.62574829917814213e-6,1.19199027728635651e-12
1.6457567359625325e-6,1.18051652856880322e-12
1.64824374669731128e-6,1.17910820003678993e-12
1.67105046328521826e-6,1.16923312031383103e-12
1.69417275596590048e-6,1.16033960235515087e-12
1.71761499135959753e-6,1.14764300044774711e-12
1.72938498160603353e-6,1.14039960197003084e-12
1.74138159650739362e-6,1.13311612188502048e-12
1.76547705970725156e-6,1.11457434104602418e-12
1.78085179023929936e-6,1.10164594963365465e-12
1.78990593136162829e-6,1.09415654957892335e-12
1.81467282483680515e-6,1.07409039871106272e-12
1.82791756795947208e-6,1.06420924406472236e-12
1.83978241733412574e-6,1.05549738449523775e-12
1.86523945077328608e-6,1.04120474784681046e-12
1.89104873268781466e-6,1.02921943044441414e-12
1.89454277535462438e-6,1.02804473209330764e-12
1.91721513713300124e-6,1.02050915761367709e-12
1.94374360560634023e-6,1.01105098377923415e-12
1.97063914798073211e-6,9.99787369038121608e-13
1.98513864882444113e-6,9.93109181374978113e-13
1.99790684345058457e-6,9.87307316464940647e-13
2.02555184149102638e-6,9.69700902080354305e-13
2.04015193076662558e-6,9.59360828709312667e-13
2.05357936283037225e-6,9.50016125434759152e-13
2.08199470043604742e-6,9.27007605328334739e-13
2.0822667944098248e-6,9.26759330114686328e-13
2.11080322051416988e-6,9.0126953507773556e-13
2.11739710453516773e-6,8.95265712599638236e-13
2.14001036352294523e-6,8.75122724688940678e-13
2.15174696062794919e-6,8.64842327573170879e-13
2.1696216452000931e-6,8.49526959489492599e-13
2.18713283628213139e-6,8.35452805838285435e-13
2.19964265760449325e-6,8.25612147582866353e-13
2.22619258447937364e-6,8.07062014114952356e-13
2.23007907017221851e-6,8.04400949328541114e-13
2.26093663078723921e-6,7.87789730819265754e-13
2.27835462395423337e-6,7.79636013040522058e-13
2.29222116686687241e-6,7.73251149368293232e-13
2.32393858646229774e-6,7.67290210922200517e-13
2.35609487937428548e-6,7.62484734965435306e-13
2.38869611828435563e-6,7.65353005501052664e-13
2.42174845990160884e-6,7.70395682508863637e-13
2.45525814612541899e-6,7.74936776015192429e-13
2.48923150522417882e-6,7.79262392805494866e-13
2.52367495303042279e-6,7.7852725423803164e-13
2.55859499415243181e-6,7.74187703762498811e-13
2.59399822320262683e-6,7.66233973719905115e-13
2.62989132604294446e-6,7.54529007107353165e-13
2.6333122215846347e-6,7.53142016597436044e-13
2.6662810810474698e-6,7.40001252464039366e-13
2.69322442956210398e-6,7.2754835291962174e-13
2.70317436038251662e-6,7.2303595128314454e-13
2.73474342511194345e-6,7.02824426430833797e-13
2.74057813130443219e-6,6.99177958672365392e-13
2.76702418865382651e-6,6.78940681269609817e-13
2.77849945747534184e-6,6.70405025619195604e-13
2.79027939964360621e-6,6.55868565957144915e-13
2.80897019438968755e-6,6.33580499265824092e-13
2.81694550029714765e-6,6.2435151586403927e-13
2.82836839507445075e-6,6.12049837247669028e-13
2.84833462812320204e-6,5.91250841383186874e-13
2.85592352026391473e-6,5.83573305382069329e-13
2.87595453449210208e-6,5.71158647812642332e-13
2.8954408783330141e-6,5.59419358973037869e-13
2.90846533514159046e-6,5.5174923761291178e-13
2.93550503731526487e-6,5.36270300852103132e-13
2.94135023899441467e-6,5.32999408084408224e-13
2.97461333446146273e-6,5.14886745013748686e-13
2.97612356328423857e-6,5.14084187891379276e-13
3.00825970953273963e-6,4.97389595879005712e-13
3.01730412700512125e-6,4.92822333108966296e-13
3.04229274634778767e-6,4.80487043965512372e-13
3.05905450538333253e-6,4.72443711142502685e-13
3.07671619755781148e-6,4.6415888336127721e-13
3.10138258293317313e-6,4.52910721148613999e-13
3.11153439047784377e-6,4.48385594802118155e-13
3.14429635326681046e-6,4.34188557328789543e-13
3.15435238696078386e-6,4.33148322337639398e-13
3.1878039206038884e-6,4.2973030162987271e-13
3.21312717221341973e-6,4.33148322337639398e-13
3.23191350130195724e-6,4.35686939715645916e-13
3.27663342540815802e-6,4.38896173227737205e-13
3.32197213823233369e-6,4.38946374253796745e-13
3.36793820194189948e-6,4.35592901241389106e-13
3.38046436485680442e-6,4.33148322337639398e-13
3.41454029717884032e-6,4.2661429129650101e-13
3.45689203652793367e-6,4.18428850790157624e-13
3.46178722469898867e-6,4.1749963030355955e-13
3.50968790703407922e-6,4.08755268367194719e-13
3.54513265945240801e-6,4.04209583979630198e-13
3.55825139017674337e-6,4.02551951178529971e-13
3.60748684528882677e-6,3.98346130420891944e-13
3.6574035704333719e-6,4.01182971671136645e-13
3.67570186868554447e-6,4.04209583979630198e-13
3.70801099233053947e-6,4.09580393178561159e-13
3.73591456956907496e-6,4.18428850790157624e-13
3.75931866813782244e-6,4.25958202965320777e-13
3.81133628725492508e-6,4.33011074209328076e-13
3.86407367315358897e-6,4.31019628093322984e-13
3.91754078523272528e-6,4.23911395841334282e-13
3.95263455612774942e-6,4.18428850790157624e-13
3.97174772069928167e-6,4.15494404016431652e-13
3.97622665769328569e-6,4.04209583979630198e-13
3.98186345718118082e-6,3.90473523688555592e-13
3.98751375723772935e-6,3.77204249341700929e-13
3.9931772483262489e-6,3.64385898376354046e-13
3.99885364054880984e-6,3.52003147279667533e-13
4.00454266244355495e-6,3.40041193270370263e-13
4.01024405985684189e-6,3.28485736603004021e-13
4.01595759488520571e-6,3.1732296347349732e-13
4.02168304488288595e-6,3.06539529505652345e-13
4.02670471647503382e-6,2.97401328993261645e-13
4.05132007798003224e-6,3.06539529505653607e-13
4.07959244135493873e-6,3.1732296347349732e-13
4.08242215112986059e-6,3.18419852215441999e-13
4.10707546636741427e-6,3.28485736603004021e-13
4.13459982063339612e-6,3.40041193270370263e-13
4.13891054684171013e-6,3.41882578758152412e-13
4.17096678353279003e-6,3.52003147279667533e-13
4.19618057138368931e-6,3.60130535045766339e-13
4.25341716954542881e-6,3.64385898376354046e-13
4.25424304013868459e-6,3.64447357014970931e-13
4.25504197384074541e-6,3.64385898376354046e-13
4.31310891814182742e-6,3.59979074237150268e-13
4.37278932215120585e-6,3.53778169800543345e-13
4.38841425246972722e-6,3.52003147279668947e-13
4.43329552274730668e-6,3.4699073199823862e-13
4.4797196445143627e-6,3.40041193270370263e-13
4.49463894646138669e-6,3.37853591174876008e-13
4.55016666977500154e-6,3.28485736603004021e-13
4.55683117793340989e-6,3.27387068794273152e-13
4.60048411884157486e-6,3.17322963473498582e-13
4.61988396209977873e-6,3.12981916421783583e-13
4.6392445824819315e-6,3.06539529505652345e-13
4.67162536025734789e-6,2.9612254379880316e-13
4.68380920641133889e-6,2.92315689729343986e-13
4.70372161904098175e-6,2.8605955351757388e-13
4.73573557410405829e-6,2.76338529005315577e-13
4.74861898308211312e-6,2.72540381089318839e-13
4.7914824671883498e-6,2.66947849403431788e-13
4.81432553136911611e-6,2.64035490151577561e-13
4.88094125988370251e-6,2.64703961000523486e-13
4.92118042966182111e-6,2.66947849403431788e-13
4.94847874893497465e-6,2.68472784018415694e-13
5.01695075290549357e-6,2.76094393805601289e-13
5.0251659732759681e-6,2.66947849403431788e-13
5.03361825502739157e-6,2.57876288759379842e-13
5.04209183155638766e-6,2.49113002606777559e-13
5.05058632702019076e-6,2.40647515001542168e-13
5.05910138952513808e-6,2.32469705998564559e-13
5.06763668969871833e-6,2.24569799553977168e-13
5.07619191934789796e-6,2.16938351838518205e-13
5.08476679019841868e-6,2.09566239948043076e-13
5.08637020265998126e-6,2.08217955115348394e-13
5.13806939929463988e-6,2.02444650997679356e-13
5.15675020798728383e-6,2.00412603189651975e-13
5.17135853824746664e-6,2.02444650997680189e-13
5.22168577048023508e-6,2.09566239948043076e-13
5.22810406007612437e-6,2.10488213468431419e-13
5.23337508499582327e-6,2.09566239948043076e-13
5.27509377274155122e-6,2.02444650997680189e-13
5.30044523402516097e-6,1.98263482600550186e-13
5.31490672967319006e-6,1.95565071586594701e-13
5.35158173087433079e-6,1.8891927762076645e-13
5.37378739138772926e-6,1.85028237325978054e-13
5.41207599696495436e-6,1.8891927762076645e-13
5.44814438275179054e-6,1.92637539606549768e-13
5.52353025035565861e-6,1.93994725820353637e-13
5.57085707595419899e-6,1.88919277620765667e-13
5.59995923073978793e-6,1.8588604598140681e-13
5.61685135545818685e-6,1.82499324481615057e-13
5.64876487943362736e-6,1.76297537528720402e-13
5.67744575743538735e-6,1.70934210863653221e-13
5.6790110568273758e-6,1.70306502925284258e-13
5.6937500127378571e-6,1.64519058775366078e-13
5.70853377687077682e-6,1.58928286562297633e-13
5.72336212180738312e-6,1.5352750287804274e-13
5.73823483802528881e-6,1.48310251433610296e-13
5.75315173298211539e-6,1.43270295340982951e-13
5.75600446369015572e-6,1.42327954124445938e-13
5.77365971225142766e-6,1.38401609657313013e-13
5.79556114301092293e-6,1.3369837418249453e-13
5.81755154687345021e-6,1.2915496650148775e-13
5.83565018523173876e-6,1.25544924826957849e-13
5.9163979630694721e-6,1.24783152201548521e-13
5.91757333931283756e-6,1.24765955263086838e-13
5.99826304633484506e-6,1.23599225087632935e-13
6.0812608951612583e-6,1.20928076492157963e-13
6.0959651339859056e-6,1.24765955263086334e-13
6.11226979600628783e-6,1.2915496650148828e-13
6.12860925937764568e-6,1.3369837418249453e-13
6.1449828775207061e-6,1.38401609657313013e-13
6.16138994255523176e-6,1.43270295340982951e-13
6.16540718360372011e-6,1.44486997242737072e-13
6.20054296590728609e-6,1.48310251433610296e-13
6.24731905963732152e-6,1.53527502878042109e-13
6.25071780259879324e-6,1.53912448354764998e-13
6.25341548900386351e-6,1.53527502878042109e-13
6.29079736780745043e-6,1.48310251433610296e-13
6.32841414763832836e-6,1.4327029534098237e-13
6.33720886296562185e-6,1.42121562495858743e-13
6.34854678135899849e-6,1.38401609657313013e-13
6.36336326741118046e-6,1.3369837418249506e-13
6.37822058831432241e-6,1.2915496650148828e-13
6.39311850060863162e-6,1.24765955263086334e-13
6.40805677910510167e-6,1.20526093687084149e-13
6.42303521590187847e-6,1.16430313292087554e-13
6.42489669844847867e-6,1.15931955895532822e-13
6.4312868881110162e-6,1.16430313292088034e-13
6.4829942635866073e-6,1.20526093687084149e-13
6.51379786880128995e-6,1.23019903097001152e-13
6.52374753703082752e-6,1.24765955263086838e-13
6.54820494265339676e-6,1.2915496650148828e-13
6.57273651261521536e-6,1.33698374182493974e-13
6.59734097921409284e-6,1.38401609657313013e-13
6.60392916291500296e-6,1.39686729998750777e-13
6.65002116841605857e-6,1.43270295340982951e-13
6.69530760198812095e-6,1.46859748880535491e-13
6.78795044274111115e-6,1.47014572288409649e-13
6.81807172569262184e-6,1.4327029534098237e-13
6.85866430181046144e-6,1.38401609657313013e-13
6.8818751806753944e-6,1.35705998325034458e-13
6.89037316189088415e-6,1.3369837418249453e-13
6.91013700285989944e-6,1.2915496650148828e-13
6.9299669414038699e-6,1.24765955263086334e-13
6.94986269055826415e-6,1.20526093687084149e-13
6.96982398723652568e-6,1.16430313292087554e-13
6.97709955337726933e-6,1.14975794042159244e-13
6.99942060641370335e-6,1.12473717836475078e-13
7.03465087596267585e-6,1.08651577465253283e-13
7.07006793655642832e-6,1.04959323055822666e-13
7.07364154386763948e-6,1.04594942496131757e-13
7.13618031025186428e-6,1.01392540755881428e-13
7.17151938399820665e-6,9.96387780713168355e-14
7.27075155789437577e-6,9.91994248037188786e-14
7.30563041788446571e-6,1.01392540755881844e-13
7.36107792930305277e-6,1.04959323055822666e-13
7.37135680544604202e-6,1.05631633651368624e-13
7.43086680001139575e-6,1.08651577465253725e-13
7.47335412584663573e-6,1.10847044495272894e-13
7.52119641996005339e-6,1.08651577465253725e-13
7.57676278118100345e-6,1.06173641862535703e-13
7.58508829345398499e-6,1.04959323055822666e-13
7.61017770976430984e-6,1.01392540755881428e-13
7.63535943831932127e-6,9.79469667069538613e-14
7.66063334183820643e-6,9.46184819472199173e-14
7.68160230006311667e-6,9.19518107054785769e-14
7.78789248132399553e-6,9.40010952461838635e-14
7.79716516612280429e-6,9.46184819472199173e-14
7.84628818725437122e-6,9.79469667069538613e-14
7.89565339775066877e-6,1.01390658774532622e-13
7.89567054418606131e-6,1.01392540755881428e-13
7.92765075939993585e-6,1.04959323055823096e-13
7.9597330473350039e-6,1.08651577465253725e-13
7.99191536915374945e-6,1.12473717836475078e-13
8.0049053998769823e-6,1.14051272338270197e-13
8.03479343499652714e-6,1.16430313292088034e-13
8.08503745722112035e-6,1.20526093687084149e-13
8.11566911982666807e-6,1.23083801510970106e-13
8.18072055217999787e-6,1.20526093687084149e-13
8.22796547520979038e-6,1.18714946258800435e-13
8.24088213311058462e-6,1.16430313292087554e-13
8.26392956072266316e-6,1.12473717836475078e-13
8.28705583773338731e-6,1.08651577465253283e-13
8.31026044757457021e-6,1.04959323055822666e-13
8.33354291101045237e-6,1.01392540755881428e-13
8.34181567307294244e-6,1.00157618456145729e-13
8.36626915647442729e-6,9.79469667069538613e-14
8.40430722313816841e-6,9.46184819472203086e-14
8.44253242647694788e-6,9.14031074875622316e-14
8.45724121390423716e-6,9.01994341234449786e-14
8.51565636189239194e-6,9.14031074875622316e-14
8.57426389569360799e-6,9.26196096566657294e-14
8.59899570672168557e-6,9.46184819472199173e-14
8.63915800199917976e-6,9.79469667069538613e-14
8.67946750551556397e-6,1.01392540755881428e-13
8.69290581804936482e-6,1.02565443040676652e-13
8.813189386371625e-6,1.03577084810451883e-13
8.93513731608365924e-6,1.04517734374695119e-13
9.05877263692154884e-6,1.02527496408799676e-13
9.06904745948274103e-6,1.01392540755881428e-13
9.10105705816267618e-6,9.79469667069538613e-14
9.13319820224537398e-6,9.46184819472199173e-14
9.16547050331802166e-6,9.14031074875625977e-14
9.1841186972833857e-6,8.96011633841462972e-14
9.26273805883446403e-6,8.82969995549411838e-14
9.31119916863864637e-6,8.75082237181751521e-14
9.32255462341187922e-6,8.82969995549408304e-14
9.36639511078075702e-6,9.14031074875622316e-14
9.41039263455583023e-6,9.46184819472195386e-14
9.44003804999841304e-6,9.68422979918486153e-14
9.57065967244761669e-6,9.61525206595329531e-14
9.61098245968523952e-6,9.46184819472195386e-14
9.69827488657009781e-6,9.14031074875622316e-14
9.70308870374000253e-6,9.12299216944285512e-14
9.82604251377014043e-6,8.82969995549408304e-14
9.83735015295643461e-6,8.80339487380324267e-14
9.89570578005416974e-6,8.5296444997410166e-14
9.95999401884329382e-6,8.23978568452847705e-14
9.97346937522804365e-6,8.18055038879128703e-14
0.0000101114720765243746,8.06843492143350189e-14
0.0000101223261315550444,8.13615117621630431e-14
0.0000101387843875387971,8.23978568452851112e-14
0.0000101838304815752308,8.5296444997410166e-14
0.0000102273547009180529,8.81847216422063475e-14
0.0000102299816941595054,8.82969995549408304e-14
0.0000103015283503475203,9.14031074875622316e-14
0.0000103334730395928836,9.28199670532020436e-14
0.0000104201338635832126,9.46184819472195386e-14
0.0000104406924549520008,9.50487319783857514e-14
0.0000105490243716924178,9.48133848435191069e-14
0.0000105596711348012304,9.46184819472199173e-14
0.0000106584803330529667,9.28389914945528275e-14
0.0000106977918362959645,9.14031074875622316e-14
0.0000107690720020444041,8.88705154054253999e-14
0.000010776949015463857,8.82969995549408304e-14
0.000010819148848150533,8.5296444997410166e-14
0.000010861543799276873,8.2397856845285452e-14
0.0000108808111626920963,8.1117863241709126e-14
0.0000108971402177618638,7.95977700231497801e-14
0.000010927070056458364,7.68928372075830562e-14
0.0000109571024864202482,7.42798248256491056e-14
0.0000109872367356866344,7.17556091893692065e-14
0.0000109937097212915942,7.12259241760318419e-14
0.0000110703269288371903,6.93171727615542825e-14
0.0000111077797076774277,6.84078640804892595e-14
0.0000112230332765048497,6.74619031935174647e-14
0.0000112791575313635112,6.93171727615540048e-14
0.0000113394827085449979,7.13599119976731143e-14
0.0000113447022600206292,7.17556091893692065e-14
0.000011377357934314954,7.42798248256491056e-14
0.0000114100691877670924,7.68928372075830562e-14
0.0000114428329311648758,7.95977700231497801e-14
0.0000114571404119934523,8.08076932486870535e-14
0.0000114912400825989243,8.23978568452851112e-14
0.0000115518889809586781,8.5296444997410166e-14
0.0000115760189237924151,8.64755044985439137e-14
0.0000116661665544291918,8.82969995549408304e-14
0.000011696130910966478,8.89090061043721028e-14
0.0000118174891719724928,9.04230046009081901e-14
0.0000118992739269189533,9.14031074875622316e-14
0.0000119401066380632074,9.18950302568259268e-14
0.0000120639963746651956,9.31241170968808617e-14
0.0000121555561186682062,9.14031074875622316e-14
0.0000121891715827709377,9.07830568166613334e-14
0.000012283693367250582,8.82969995549408304e-14
0.0000123156456003455896,8.74770801155259204e-14
0.0000124091573732348388,8.5296444997410166e-14
0.0000124434319037481073,8.45155868546221571e-14
0.0000125725441091672274,8.41549641001931375e-14
0.000012628298635634359,8.23978568452851112e-14
0.0000127029959740723443,8.01147703001856678e-14
0.0000127230274865850315,7.95977700231497801e-14
0.0000128306297324150582,7.68928372075830562e-14
0.0000128348013986794413,7.67903803675365321e-14
0.0000129679744274321256,7.47080865313714758e-14
0.0000129812960871047926,7.42798248256491056e-14
0.0000130617777450888461,7.17556091893692065e-14
0.0000131025292504982754,7.05170774994983709e-14
0.0000131519801493880059,6.93171727615540048e-14
0.000013238480205281965,6.72789770943631434e-14
0.0000132571386020345108,6.69616005485321476e-14
0.0000133758417779512238,6.49886277011832412e-14
0.0000134062159900649749,6.46860766154632069e-14
0.0000135146286049814989,6.36237859156484645e-14
0.0000136548554747153958,6.32634387214505695e-14
0.0000137965373289383315,6.38858014451381522e-14
0.0000138742912542355862,6.46860766154632069e-14
0.000013939689264470675,6.53646909294313368e-14
0.0000140508205370231935,6.69616005485321476e-14
0.000014084326534776379,6.74491671329579215e-14
0.0000142304645515883367,6.89317898073206315e-14
0.0000143386867920612403,6.93171727615540048e-14
0.0000143781188865504428,6.94577345595370387e-14
0.0000145273052728770072,6.96404236305625602e-14
0.0000146780396070290663,6.96529323492237884e-14
0.0000148303379504082968,6.94959919473253555e-14
0.0000149842165310682958,6.93223051447256932e-14
0.0000151396917454439317,6.943190917835994e-14
0.0000152967801600983439,6.99939252359396574e-14
0.0000154554985134882045,7.13799180954674135e-14
0.0000154940936974980396,7.17556091893692065e-14
0.0000156158637177472756,7.29516865712848952e-14
0.0000157778928604885059,7.42473579957123027e-14
0.0000158105023208754665,7.42798248256491056e-14
0.0000159416032066246607,7.44103124123388345e-14
0.0000159473433488701448,7.42798248256491056e-14
0.0000160610411813427254,7.17556091893695094e-14
0.0000161070122002081644,7.07658326436317297e-14
0.0000162140420443003823,6.93171727615540048e-14
0.000016274137466289716,6.85219564077607717e-14
0.0000164392863745759096,6.69616005485321476e-14
0.0000164429968127963766,6.69271769265875396e-14
0.0000166136082324289491,6.56615870242653672e-14
0.0000167304676309489332,6.46860766154632069e-14
0.0000167859899045793827,6.4230609445279321e-14
0.0000169434175337328597,6.24878807200688742e-14
0.0000169601601972677308,6.23065010091878634e-14
0.0000171361376690993748,6.04101593479562661e-14
0.0000171420228314927299,6.03643850607586416e-14
0.0000173139410712425306,5.90507270146481372e-14
0.0000174935893494262964,5.95903627499725233e-14
0.0000176506355289773419,5.8313051135262186e-14
0.0000176751016459592611,5.81177820001277619e-14
0.0000178584973017694174,5.64375889637826597e-14
0.0000178705992560987506,5.63314267060135152e-14
0.0000180437958584649241,5.48431534956605013e-14
0.0000180892628781321109,5.44171428686586541e-14
0.0000182310170604162195,5.31181996334299633e-14
0.0000182768332905242969,5.25679112201841936e-14
0.0000184201808568601045,5.08930940625528609e-14
0.000018430996852571534,5.07815211232764958e-14
0.0000186024109369168073,4.90558370636504536e-14
0.0000186113074040252723,4.89684081042200757e-14
0.0000188044170672800792,4.746467695171947e-14
0.0000188178920775084553,4.73887960971763193e-14
0.0000189995304233025599,4.63838358818879058e-14
0.0000191966682622729604,4.67106006090458834e-14
0.0000192799385029925397,4.73887960971763193e-14
0.0000193958515900890779,4.83469232560779403e-14
0.0000194428768478566599,4.90558370636504536e-14
0.0000195547068086905347,5.07815211232764958e-14
0.000019597101630604353,5.14508605540578586e-14
0.0000196438772462426095,5.25679112201841936e-14
0.000019719166855941432,5.44171428686586541e-14
0.0000197944749963103168,5.63314267060135152e-14
0.0000198004398278896078,5.6486107219624393e-14
0.0000199690528798363885,5.8313051135262186e-14
0.0000200058878485178975,5.87197461782640575e-14
0.0000202134675838730364,5.97477884405510903e-14
0.0000204232011524824848,5.98946036764279135e-14
0.0000206351109023739991,5.92487028785513295e-14
0.0000207464790711335736,5.8313051135262186e-14
0.0000208492194134569545,5.74690165772586679e-14
0.000021004312470367051,5.63314267060135152e-14
0.0000210655494999283364,5.58916018963328327e-14
0.0000212841242127036894,5.49982273722908532e-14
0.0000215049668418733381,5.55695155620751292e-14
0.0000216142613672362931,5.44171428686586541e-14
0.0000217281009191838748,5.32505099460741722e-14
0.0000217769942227941756,5.25679112201841936e-14
0.00002190885099427147,5.07815211232764958e-14
0.0000219535502205458288,5.01934129121473215e-14
0.0000220465249545528532,4.90558370636504536e-14
0.0000221813387685669659,4.74627764841908259e-14
0.0000222013836782402941,4.73887960971763193e-14
0.0000224114908351118611,4.66254170731084456e-14
0.0000226440309438884542,4.57843695820042185e-14
0.0000226450951709362344,4.57784053837661623e-14
0.0000228789838730609626,4.4494917166024764e-14
0.0000229229117458538531,4.42227398050587872e-14
0.0000231163746578901555,4.30515135075604988e-14
0.0000232077922801548811,4.27199396630677678e-14
0.0000233562285934009778,4.21905043648418566e-14
0.0000235985712370778238,4.14792971348793404e-14
0.0000236733803616741752,4.12682084570293466e-14
0.0000238434284115878218,4.07955060452513856e-14
0.0000240908262075323946,4.01987854664840984e-14
0.0000243353638428873928,3.9865810735804388e-14
0.000024340790986227119,3.98585008766345412e-14
0.0000245933493825109945,3.959616035062743e-14
0.0000248485283075841107,3.94018352343278682e-14
0.000025106354951875488,3.96588178364129956e-14
0.0000251407227949034132,3.9865810735804388e-14
0.0000253668567879401453,4.12539006967188963e-14
0.0000253693840223982261,4.12682084570293466e-14
0.0000256213980086248521,4.27199396630677678e-14
0.0000256300615733864688,4.27707510173571054e-14
0.0000258959973538339073,4.36926251413536714e-14
0.0000261646924659014039,4.39859803177377883e-14
0.0000264361755402265844,4.3750373195936084e-14
0.0000266582157193078492,4.27199396630677678e-14
0.0000267104755045167876,4.2482729096592446e-14
0.0000268613150107219044,4.12682084570293466e-14
0.0000269876215866312232,4.02851369984129344e-14
0.0000270290556017073395,3.9865810735804388e-14
0.0000271667861352409564,3.85110700232555324e-14
0.0000272676433176954488,3.75545630111587156e-14
0.0000273026374267609572,3.72023668141306619e-14
0.0000274317468944578395,3.59381366380461088e-14
0.0000275505705352477998,3.48197498962406308e-14
0.0000276649952224466433,3.47168681892655957e-14
0.000027836433386419063,3.45643370444003813e-14
0.0000278601410615124223,3.47168681892657345e-14
0.000028046214033081229,3.59381366380461088e-14
0.0000281252623311445495,3.64698987731995306e-14
0.0000281790304018132119,3.72023668141306619e-14
0.0000282723309022886679,3.85110700232555324e-14
0.0000283654546562554133,3.9865810735804388e-14
0.0000284170881454097907,4.06395705899805823e-14
0.0000284465531888285041,4.12682084570293466e-14
0.0000285126654489992689,4.27199396630677678e-14
0.0000285785199360892002,4.42227398050587872e-14
0.0000286440828002168346,4.57784053837661623e-14
0.000028709317607543202,4.73887960971763193e-14
0.0000287119419245298632,4.74551557526350196e-14
0.0000290098550864627796,4.85243867366491841e-14
0.0000293108593751569715,4.76259874721372067e-14
0.0000293452506253951979,4.73887960971763193e-14
0.0000295855445655417498,4.57784053837661623e-14
0.0000296149868639341075,4.55865505875623652e-14
0.000029780131881415844,4.42227398050587872e-14
0.0000299222699589064105,4.30914150450462991e-14
0.0000300222221618099502,4.27199396630677678e-14
0.0000302327414024297868,4.19544934007769768e-14
0.0000304249310451555939,4.12682084570293466e-14
0.0000305464342765924121,4.08437096587346834e-14
0.0000308580486071553532,3.9865810735804552e-14
0.0000308633820067401648,3.98494155151929276e-14
0.0000311836183650379717,3.9266879588905239e-14
0.0000315071774740684559,3.92831634988412194e-14
0.0000318340938104678462,3.94925821412468259e-14
0.0000321199064945504179,3.9865810735804388e-14
0.000032164402208599673,3.99244796868451006e-14
0.0000324981378642661984,4.06869533896477602e-14
0.0000325548651908890788,4.12682084570291826e-14
0.0000326922455231175481,4.27199396630677678e-14
0.0000328286836668247997,4.42227398050587872e-14
0.0000328353363384593977,4.4297976370079676e-14
0.0000329960341759213043,4.57784053837661623e-14
0.0000331635184687786241,4.73887960971763193e-14
0.0000331760335611493065,4.75126754585802448e-14
0.0000335202658351129285,4.84111028224334458e-14
0.0000336111918237238278,4.73887960971763193e-14
0.0000337601662406604373,4.57784053837661623e-14
0.0000338680698398025852,4.46583963213273318e-14
0.000033895805867324736,4.42227398050587872e-14
0.0000339946246886814988,4.27199396630677678e-14
0.0000340944177338880108,4.12682084570291826e-14
0.0000341951513466295801,3.9865810735804388e-14
0.0000342194826352540258,3.95371128103624866e-14
0.0000343360916880363438,3.85110700232555324e-14
0.000034490793449664503,3.72023668141306619e-14
0.0000345745416660354094,3.65182944569997092e-14
0.0000347346003838685065,3.59381366380461088e-14
0.0000349332847652372075,3.52369923749239122e-14
0.0000352957501585034624,3.54906771822971156e-14
0.0000355135527326491065,3.47168681892655957e-14
0.0000356619764681049928,3.42037683088172517e-14
0.0000357864929760443047,3.35371015200291495e-14
0.0000360070820071857888,3.23974262952819545e-14
0.0000360320027170544418,3.2272094131017092e-14
0.0000362819938089501011,3.12964801067073775e-14
0.0000364058683332648216,3.08279235192373998e-14
0.0000367836131537504843,3.11537638697014423e-14
0.0000368007926945209838,3.12964801067073775e-14
0.0000369300771778487469,3.23974262952819545e-14
0.0000370587017524323819,3.35371015200291495e-14
0.0000371652774288717192,3.4517669458150286e-14
0.0000371953643790434507,3.47168681892655957e-14
0.0000373748624772382609,3.59381366380461088e-14
0.0000375509018266240601,3.71870166342569202e-14
0.0000375544610984479004,3.72023668141306619e-14
0.0000378499724337845182,3.85110700232555324e-14
0.0000379405274369713079,3.89253802921305254e-14
0.0000383341957762239617,3.97997715686149306e-14
0.0000385703927033095388,3.85110700232555324e-14
0.0000387319487914629353,3.76632837558759324e-14
0.0000391338288650091999,3.75035990830741657e-14
0.0000395398788189399056,3.80098238906977622e-14
0.0000399501419196509232,3.74253067613907402e-14
0.0000403646618824675606,3.77969013842124161e-14
0.0000405408254333400328,3.85110700232555324e-14
0.0000407834828763023688,3.95317052443669435e-14
0.0000408532368882931551,3.9865810735804388e-14
0.0000411350902176771851,4.12682084570293466e-14
0.0000412066495283612967,4.16388698275884866e-14
0.0000416342069288994098,4.25810800851560087e-14
0.0000416591246621586106,4.27199396630677678e-14
0.0000419180262306851655,4.42227398050587872e-14
0.0000420662006360250962,4.51296438996664604e-14
0.0000422009376770701929,4.57784053837661623e-14
0.0000425026766805546213,4.73116914969913578e-14
0.0000429436815709168441,4.72596666543711418e-14
0.0000430999795802787558,4.57784053837661623e-14
0.0000432733550390602832,4.42227398050589702e-14
0.0000433892622981089516,4.3232787661414638e-14
0.0000434085033488826375,4.27199396630677678e-14
0.0000434654714585143665,4.12682084570293466e-14
0.0000435235671966406153,3.9865810735804388e-14
0.0000435827255289817622,3.85110700232555324e-14
0.000043642885974548677,3.72023668141306619e-14
0.0000437039922478771841,3.59381366380461088e-14
0.0000437659919342021021,3.47168681892655957e-14
0.0000438288361939958995,3.35371015200291495e-14
0.0000438394663407035987,3.33439998111867157e-14
0.0000440980757792327786,3.35371015200291495e-14
0.0000442943416699076479,3.36864361914973202e-14
0.0000443839560764547423,3.47168681892655957e-14
0.000044485242517961371,3.59381366380461088e-14
0.0000445848414412690254,3.72023668141306619e-14
0.0000446826012732771778,3.85110700232555324e-14
0.0000447539367546741923,3.95156163040501149e-14
0.0000447765566561260202,3.9865810735804388e-14
0.0000448632333007211782,4.12682084570293466e-14
0.0000449477324717591182,4.27199396630677678e-14
0.0000450298760425966175,4.42227398050587872e-14
0.0000451094749245418134,4.57784053837661623e-14
0.0000451863286783558724,4.73887960971763193e-14
0.0000452183005668669139,4.81022460974010766e-14
0.000045263518179717008,4.73887960971763193e-14
0.0000453715929582424433,4.57784053837661623e-14
0.0000454827747677814623,4.42227398050587872e-14
0.0000455968924943346792,4.27199396630675911e-14
0.0000456874825864779414,4.15909514863651877e-14
0.0000457580576586659008,4.12682084570293466e-14
0.0000460777363627708546,3.9865810735804552e-14
0.0000461615328069007373,3.95128844695604215e-14
0.0000465896000376313896,3.85110700232555324e-14
0.0000466405017402567246,3.83956796130934952e-14
0.0000468526622596558518,3.72023668141306619e-14
0.0000470890205840290582,3.59381366380461088e-14
0.0000471244404227776613,3.57556551570808267e-14
0.0000471489624588216029,3.59381366380459636e-14
0.0000473119715051919629,3.72023668141306619e-14
0.0000474709309594057049,3.85110700232555324e-14
0.0000476134004202438082,3.97580589810672262e-14
0.0000476411056635281493,3.9865810735804388e-14
0.0000479834684406430461,4.12682084570293466e-14
0.0000481074338334784406,4.18088341738791831e-14
0.0000486065933038995499,4.1749465759916299e-14
0.0000487445883711570277,4.12682084570293466e-14
0.000049110932019128617,4.00463005728778835e-14
0.0000495621095088103102,4.12682084570293466e-14
0.000049620503718658576,4.14366332203174203e-14
0.0000501353626995796876,4.2152193117526825e-14
0.0000506555638223648275,4.16429413401054458e-14
0.0000507432090462445194,4.12682084570293466e-14
0.0000510885736194171914,3.9865810735804388e-14
0.0000511811625167157472,3.95078986909702847e-14
0.0000512403307237139452,3.85110700232555324e-14
0.0000513229105301669988,3.72023668141306619e-14
0.000051407836620048758,3.59381366380461088e-14
0.0000514949709553841239,3.47168681892655957e-14
0.0000515841859521279548,3.35371015200291495e-14
0.000051675363540215003,3.23974262952819545e-14
0.0000517122147874688963,3.19569486499660938e-14
0.000051777712777779976,3.12964801067073775e-14
0.0000518881911106428743,3.02329468440577622e-14
0.0000520005756146089334,2.92055551218273313e-14
0.0000521147705196328025,2.82130767593947089e-14
0.0000522306867909325083,2.72543253128101652e-14
0.000052248777220563119,2.71097319899131149e-14
0.0000523725133109052767,2.63281546564802013e-14
0.0000525206766946431017,2.54334576130463782e-14
0.0000526706820266828363,2.45691646298279023e-14
0.0000527909069890691244,2.39054238504990156e-14
0.0000528349475202082976,2.37342425002385642e-14
0.0000530491893601443371,2.29276931286564881e-14
0.0000532657406160416504,2.21485523372635939e-14
0.0000533386618592817467,2.1894740792465776e-14
0.0000538400336993293022,2.13958887134342138e-14
0.0000538921001968741984,2.13452560984342696e-14
0.0000539125742344703249,2.13958887134342138e-14
0.0000542087187435993037,2.21485523372635024e-14
0.0000544512809731188463,2.2790964035730243e-14
0.0000544816180892456105,2.29276931286564881e-14
0.0000546550038431033026,2.37342425002385642e-14
0.0000548262221591063644,2.45691646298279023e-14
0.0000549950477952508372,2.54334576130463782e-14
0.0000550162637711698699,2.5545910419746009e-14
0.0000551554708904063882,2.63281546564802013e-14
0.0000553122653029378853,2.72543253128101652e-14
0.0000554660134089881103,2.82130767593947089e-14
0.0000555871087924117746,2.90091802552596592e-14
0.0000556221514551662913,2.92055551218273313e-14
0.0000557974798620808724,3.02329468440577622e-14
0.0000559679620489013105,3.12964801067073775e-14
0.0000561331802773489617,3.23974262952819545e-14
0.0000561638768628746402,3.26132562425342188e-14
0.0000566271181817055913,3.35371015200291495e-14
0.000056746629439715558,3.37908576596572374e-14
0.0000568058815422653352,3.35371015200291495e-14
0.0000570857892043745451,3.23974262952819545e-14
0.0000573354286177667818,3.1436903533904259e-14
0.0000573504517431913409,3.12964801067073775e-14
0.0000574698164546049593,3.02329468440577622e-14
0.0000575921661987775733,2.92055551218273313e-14
0.0000577173369787428019,2.82130767593945922e-14
0.0000578451772975859203,2.72543253128101652e-14
0.0000579303371361523459,2.6645890452411739e-14
0.0000580233944930861617,2.72543253128101652e-14
0.0000581625758684043321,2.82130767593947089e-14
0.0000582980985405541578,2.92055551218273313e-14
0.0000584296569678390079,3.02329468440577622e-14
0.0000585314183849731708,3.10800384360540021e-14
0.0000586095679844523547,3.12964801067073775e-14
0.0000589832190947100098,3.23974262952819545e-14
0.0000591387364120616912,3.28902173954409183e-14
0.0000597523559298060645,3.29983765062219071e-14
0.0000600245857533627932,3.23974262952819545e-14
0.0000603723423220456752,3.16662394542252961e-14
0.0000603798307452669396,3.12964801067073775e-14
0.0000604027155080850862,3.02329468440577622e-14
0.0000604263808993344501,2.92055551218273313e-14
0.0000604507759051571265,2.82130767593947089e-14
0.0000604758530501394052,2.72543253128101652e-14
0.0000605015681369637459,2.63281546564802013e-14
0.000060527880007094609,2.54334576130463782e-14
0.0000605547503205705216,2.45691646298279023e-14
0.0000605821433531779912,2.37342425002385642e-14
0.000060610025809462546,2.29276931286564881e-14
0.0000606383666501889529,2.21485523372635024e-14
0.0000606671369330003581,2.13958887134342138e-14
0.0000606963096651534288,2.06688024962907347e-14
0.0000607258596673106658,1.99664245010979326e-14
0.0000607557634474744627,1.92879150802076997e-14
0.0000607859990842282496,1.8632463119315597e-14
0.0000608165461185313543,1.79992850678246908e-14
0.0000608473854533828126,1.73876240021625052e-14
0.0000608784992607295571,1.67967487209264636e-14
0.0000609098708950511063,1.62259528707808701e-14
0.0000609414848131036706,1.56745541020558866e-14
0.0000609733264993499397,1.51418932530435806e-14
0.0000609987616510389198,1.4732146488169569e-14
0.0000610204523474729285,1.46273335620112391e-14
0.0000611261702074020795,1.4130259905995336e-14
0.0000612325768951168575,1.36500780654600825e-14
0.0000613396438800515825,1.31862140139474854e-14
0.000061447344428068558,1.27381132318647331e-14
0.0000615556534840532986,1.23052400435926165e-14
0.0000616316806645008473,1.20117190990315601e-14
0.0000622484117785205963,1.18870769771189849e-14
0.0000622711668027167689,1.18825366758690098e-14
0.0000629172882057276947,1.17579178424663763e-14
0.0000635701137205910927,1.16405392049906549e-14
0.0000642297129087167996,1.152416014816912e-14
0.0000644654479093978007,1.14831241454351108e-14
0.0000648961560532791555,1.14090829677038672e-14
0.000065569514166706067,1.12951713537958202e-14
0.0000662498589982451522,1.11823153962303752e-14
0.000066798325371122628,1.10928986489521816e-14
0.0000669372630416098109,1.10705314038859519e-14
0.0000676317995427032583,1.09606244324216241e-14
0.000068333542507422826,1.08530873641620998e-14
0.0000690425667095464451,1.07567035348664608e-14
0.000069348462774192536,1.07159339982267107e-14
0.0000697589476986996888,1.06618861443043218e-14
0.0000704827618084053538,1.05634890513548065e-14
0.0000712140861642185337,1.04571255721308699e-14
0.0000718191999243151658,1.03517795563017203e-14
0.0000719529986919432995,1.03288093006051573e-14
0.0000726995781259370269,1.02023386949304803e-14
0.0000734539040174983529,1.00771455332179002e-14
0.0000739235211221866339,9.99999999999999999e-15
0.0000742160567433460528,9.95261697903240545e-15
0.0000749861175141822314,9.818877433250837e-15
0.000075763520265833431,9.66017479952260669e-15
0.0000757641683833445568,9.6600445906533092e-15
0.0000765502922555516125,9.49480966135214488e-15
0.0000773436306205858855,9.33189771573327743e-15
0.0000773445728957354004,9.33170738815061974e-15
0.0000781470949379672093,9.16896932468952061e-15
0.000078828353193230505,9.01477631452488012e-15
0.0000789579438944756839,8.98596546596308832e-15
0.0000797772061647585506,8.7988971342536855e-15
0.0000801781909791292128,8.70843149769072479e-15
0.0000806049690447890462,8.61390418263443239e-15
0.0000814413207363170077,8.41680907397701756e-15
0.0000814596348800047563,8.41249704973608409e-15
0.000082286350356268129,8.22160345230434188e-15
0.0000826865290451012406,8.12661920009194534e-15
0.0000831401479462392745,8.02108379293869371e-15
0.0000838417366954615136,7.85045620020447675e-15
0.0000840028044820923533,7.81209017578789403e-15
0.0000848744118836490961,7.59398862531917274e-15
0.0000849230245486547356,7.58367791499719065e-15
0.0000857550630244849308,7.41065303982265073e-15
0.0000862085427483582898,7.32596542821520007e-15
0.0000866448517418251868,7.24599308308415689e-15
0.0000875438728465439199,7.09196757810863931e-15
0.0000876325173860194191,7.07701066118188962e-15
0.0000884522221332663175,6.94119197699053581e-15
0.0000890816225322006794,6.8365160045102105e-15
0.0000893699963905763434,6.78943069610017011e-15
0.0000902972934113289666,6.63985037485659607e-15
0.0000905278576339467109,6.60419396233030518e-15
0.00009123421200307252,6.49692820519318175e-15
0.0000921808519985746097,6.38557580796350418e-15
0.0000922346255608993233,6.37976680860625604e-15
0.0000931373142664610641,6.28373640504910076e-15
0.0000941037007219640946,6.18555426096313973e-15
0.0000943294487069329625,6.16296625513294192e-15
0.0000950801143377812841,6.08898632570124078e-15
0.0000960666591550479352,5.99386747623628405e-15
0.0000964925013707249891,5.95353313081434561e-15
0.0000970634402944230969,5.90026841675555573e-15
0.0000980705639672908437,5.77423304814764829e-15
0.0000982133248960882484,5.75121707184161406e-15
0.000099088137487076805,5.61316474769121142e-15
0.0000995429691200344532,5.55577622239885542e-15
0.000100116269280684006,5.48478310915630319e-15
0.000101155068900045459,5.37625984060231852e-15
0.000101249581123682408,5.36697694554047627e-15
0.000102204647033797824,5.27472395815030491e-15
0.000103165615549693815,5.18459354389289156e-15
0.000103265115519074927,5.17541499161238999e-15
0.000104336587353425697,5.08126406337457431e-15
0.000105196630233454998,5.00840798984821215e-15
0.000105419176706853832,4.98985759446937254e-15
0.000106512998933983152,4.90047162107359654e-15
0.000107291744547128488,4.83820966492593724e-15
0.000107618170586349312,4.81252873634116408e-15
0.000108734809424818959,4.7257138896817476e-15
0.000109384223517879058,4.67379510799246381e-15
0.000109863034432136876,4.6361460248302775e-15
0.000111002965825605381,4.5471735168614201e-15
0.000111429260171828908,4.51496777203608361e-15
0.000112154725069893146,4.46106204651773878e-15
0.000113318434889978249,4.384090588331424e-15
0.000113725003046210564,4.36153778920800561e-15
0.00011449421928422412,4.31947986091474393e-15
0.000115682203537593465,4.25853707244890164e-15
0.000116581659128610932,4.21332174384727156e-15
0.000116882514234997085,4.19840987476949597e-15
0.000118095279274782195,4.13921667431214489e-15
0.000119320627882360568,4.08078638837188383e-15
0.000119546000398418313,4.07014245321943904e-15
0.000120558690623978124,4.02298819641221628e-15
0.000121809599420627535,3.96384722635605783e-15
0.000122390410480818668,3.93182875570575447e-15
0.000123073487562103983,3.89476374483656333e-15
0.000124350489721209276,3.82582302293220127e-15
0.000124869735322222768,3.79821530619073631e-15
0.00012564074196810108,3.75787150130045553e-15
0.00012694438178479104,3.69110066721356366e-15
0.000127381024068799757,3.66914237840247922e-15
0.000128261548079795597,3.62556276621816452e-15
0.000129592381202936231,3.5619190909422039e-15
0.000129968633465268344,3.54445567397043555e-15
0.000130937022960294722,3.50021000962482104e-15
0.000132295616629323078,3.44016302541640666e-15
0.000132667521300289402,3.42400613797141154e-15
0.000133668306974110747,3.38120206916278687e-15
0.0001350552402608087,3.32326184286971302e-15
0.000135446066597423051,3.30764978074424259e-15
0.000136456564273216383,3.26789941526248579e-15
0.000137872428328527982,3.21512687723610277e-15
0.000138423020828062552,3.19524750575920058e-15
0.000139302983293241879,3.16394819908412026e-15
0.000140748381599237822,3.11358938462248577e-15
0.000141536301671215799,3.08666494333727433e-15
0.000142208777260018163,3.06402662816355906e-15
0.000143684325887118932,3.01548113955969219e-15
0.000144755712450282008,2.98177229001966109e-15
0.000145175184706690576,2.96876750572619653e-15
0.000146681512576252571,2.9255783842936358e-15
0.000148203470001617825,2.88351355039859913e-15
0.000148316061127152061,2.88044415339629781e-15
0.000149741219153996906,2.8421398708290653e-15
0.000151294923887278477,2.80133357167048106e-15
0.000152022635637169209,2.78255940220711459e-15
0.000152864749755488068,2.76113954657515468e-15
0.00015445086403042762,2.72254899623294011e-15
0.00015597798116571756,2.68800102153759651e-15
0.000156053435719500849,2.68631714898425556e-15
0.000157672635583720548,2.65470963204757818e-15
0.000159308636155904125,2.62345640935115805e-15
0.000160739801331792813,2.5966559729348724e-15
0.000160961611759057909,2.59255556235106945e-15
0.000162631738524951856,2.56097443197765247e-15
0.000164319194412887533,2.52494498481622011e-15
0.000165052943586738838,2.50841505927754101e-15
0.000166024159228659206,2.48685314516504745e-15
0.00016774681464371481,2.44890320372430486e-15
0.000168939309547525685,2.42317279423759096e-15
0.000169487344214512967,2.41152060300779418e-15
0.000171245933402080613,2.37475172645605724e-15
0.000172928116897368571,2.34082727617828477e-15
0.000173022769591776683,2.33894608656403368e-15
0.000174818042113257659,2.30500149859299431e-15
0.000176631942260651616,2.27257684207472481e-15
0.000177276452552244067,2.26128006633727023e-15
0.000178464663312941586,2.24074512399320647e-15
0.000180316400554560503,2.20939050576146347e-15
0.00018182161085957085,2.18443607114942829e-15
0.000182187351296198292,2.17845738478382882e-15
0.000184077714895828307,2.14800484551782142e-15
0.000185987692779948353,2.11795815449655227e-15
0.000186488672700301162,2.11020342856858785e-15
0.00018791748846504424,2.08839633803623337e-15
0.000189867307579273969,2.0592395329590421e-15
0.000191369715757824277,2.03849339825246434e-15
0.000191837357884380443,2.03212379527024805e-15
0.000193827849297827954,2.0115544002877888e-15
0.000195838993915170198,1.99216054238620988e-15
0.000197871006032649864,1.97308149529439168e-15
0.000198287720616528561,1.96922025547916558e-15
0.000199924102170033439,1.95423831283559749e-15
0.000201998501093680912,1.9356050076058127e-15
0.000204094423839856841,1.91715884516505493e-15
0.000205813833530973439,1.90230118866893798e-15
0.000206212093738285039,1.8989008690716602e-15
0.000208351736435942294,1.88087259623994859e-15
0.000210513579921102122,1.86302126523556315e-15
0.000212697854547630268,1.8453495077327041e-15
0.000213674747638576664,1.83765620038816479e-15
0.000214904793059528107,1.8280853117439452e-15
0.000217134630615732982,1.81140480423172061e-15
0.000219387604815175437,1.79566684981949208e-15
0.000221663955722096813,1.78008629399124725e-15
0.000222386588865692989,1.77520801171763602e-15
0.000223963925891627441,1.76468510209212596e-15
0.000226287760395634978,1.74943685056519267e-15
0.000228635706848833943,1.73432279444097691e-15
0.000231008015435175534,1.71939683676932042e-15
0.000231796797856976569,1.71488196987053393e-15
0.000233404938934499369,1.70578337066502361e-15
0.000235826732749473449,1.69327060286887145e-15
0.000238273654932806094,1.68124786619182727e-15
0.000240745966214742919,1.66934179898725139e-15
0.000243243930030848976,1.65752381661275913e-15
0.000243440242708084959,1.65660595894991515e-15
0.000245767812550079369,1.64584682994005711e-15
0.000248317882703138661,1.63427429987564953e-15
0.000250894412211139716,1.62281048625150273e-15
0.00025349767561455525,1.60869726113599105e-15
0.000254766197760374111,1.60031031373869514e-15
0.000256127950302469719,1.59142704651884424e-15
0.000258785516542139521,1.57033928161856994e-15
0.000261470657508854463,1.54950848661057144e-15
0.000261938670150276477,1.54592773641947855e-15
0.000264183659316112113,1.52900297815962345e-15
0.000266924811046104122,1.50874964352459776e-15
0.000269044651712684601,1.4933932161242473e-15
0.000269694404780518904,1.48875525138450889e-15
0.000272492735631667369,1.46908536613076646e-15
0.000275320101773920876,1.44896081179124085e-15
0.000276138438587067474,1.4426439512181588e-15
0.000278176804475491517,1.42715518221386297e-15
0.00028106314813052956,1.40146527032360942e-15
0.00028195144833654043,1.39361927422413783e-15
0.00028397944029155653,1.37601366777746583e-15
0.000286925991702239844,1.35097958662783715e-15
0.00028749214656489878,1.34626057929891112e-15
0.000289903116330501449,1.32650827483176225e-15
0.000292911131401973194,1.30262945806384339e-15
0.000293207227089328226,1.30051125217340456e-15
0.000295950357433798665,1.28120586655481518e-15
0.000299021118268785474,1.26030755657962771e-15
0.000299618247050311067,1.25631660247412151e-15
0.000302123741109912866,1.23984082712927511e-15
0.000305258556555194198,1.21967974642995749e-15
0.000306216850083725643,1.21362379834423686e-15
0.00030842589863290725,1.19988807712672878e-15
0.000311626104837184597,1.18040010237358208e-15
0.000313079536482757423,1.17238180328659984e-15
0.000314859516163973603,1.1627136970459102e-15
0.000318126477147371974,1.14899100153398103e-15
0.000321427335896343051,1.13859010883918468e-15
0.000323407646119448706,1.1325413151528081e-15
0.000324762444131802535,1.12845476606055757e-15
0.000328132157224099094,1.11843780366656128e-15
0.000331536834230880893,1.10851290815058168e-15
0.000334976837935351592,1.0986886525130915e-15
0.000336720523577033193,1.09405470720574348e-15
0.000338452534884930996,1.08950878028093393e-15
0.000341964295430309372,1.08202407994434314e-15
0.000345512493764911371,1.07763675799657935e-15
0.000349097507964764896,1.07331419219858287e-15
0.000352719720028791518,1.06903961529537041e-15
0.000356379515919506783,1.06481108284107964e-15
0.000360077285604147066,1.06062831366934563e-15
0.000363481547617665143,1.05687597118480071e-15
0.000363813423096222628,1.05651406768162452e-15
0.000367588326497501636,1.0524778988395638e-15
0.000371402398040426313,1.0484910233936962e-15
0.000375256044130980736,1.04454969338866171e-15
0.00037914967539198458,1.04068926075807077e-15
0.000383083706706855795,1.03688083088207138e-15
0.000387058557263811526,1.03308485409104422e-15
0.000391074650600539695,1.02925629298736217e-15
0.00039513241464932583,1.02496914803416368e-15
0.000398997931554813986,1.02096066230604751e-15
0.000399232281782651029,1.02072050225779846e-15
0.000403374688859267102,1.01655383639224328e-15
0.000407560077270738606,1.01243928208411792e-15
0.000411788892988479813,1.00841037610594481e-15
0.000416061586611275794,1.00225436318309938e-15
0.000420378613413293322,9.94392706505302879e-16
0.000424274443477843073,9.86265846131283049e-16
0.00042474043339259288,9.85308261616322301e-16
0.000429147511320144637,9.76402087882465867e-16
0.000433600316789348144,9.675646513538165e-16
0.000438099324266074866,9.58794568411605011e-16
0.00044125116741334158,9.52750047242729919e-16
0.000442645013139221002,9.50117593986892745e-16
0.000447237867771789548,9.4159494463350674e-16
0.000451878377552501974,9.33136084681662408e-16
0.000456567036947942222,9.24630435012610454e-16
0.000458881587063624582,9.20373199661819294e-16
0.000461304345555244887,9.15986922395193994e-16
0.000466090808155335253,9.0280931276272529e-16
0.000470926934766708524,8.89239529768868404e-16
0.000470977574146048923,8.89096598952916731e-16
0.000475813240699775284,8.75704005125538614e-16
0.000480750246611774724,8.62304747105537266e-16
0.000482031818643252482,8.58882855954622318e-16
0.000485738478562249395,8.49170843476119127e-16
0.000490778468069099996,8.36205482889239313e-16
0.000493632845742126752,8.2969585208349151e-16
0.000495870752165220853,8.24683779396401335e-16
0.000501015873455724155,8.15631291833737612e-16
0.000506214380175752973,8.0689836423491946e-16
0.000509477416223592707,8.01500696156538009e-16
0.000511466826248904108,7.98264383130922154e-16
0.000516773771346247871,7.89752268298911733e-16
0.000522135780945960723,7.81299957648726118e-16
0.000526686453519181931,7.74263682681130954e-16
0.000527553426393585396,7.72945588286192754e-16
0.000533027284962906036,7.6473313630210173e-16
0.00053855793991746055,7.56578181151914703e-16
0.000544145980572689907,7.48477831142251049e-16
0.000544514185971597675,7.47952251562179815e-16
0.000549792002358731697,7.40547416071754852e-16
0.000555496606883867877,7.32681207727263417e-16
0.000561260401998624438,7.25162914402484211e-16
0.000563464225479608052,7.22534949178722162e-16
0.000567084001860542106,7.1829092889462208e-16
0.000572968026999625843,7.12576185948126233e-16
0.000578913104384449311,7.06902228456838188e-16
0.000584919867488974473,7.0126411560082509e-16
0.00058847066741915443,6.97981390783063862e-16
0.000590988956360045006,6.9569158787167436e-16
0.000597121017685587052,6.90224271842370861e-16
0.000603316704863516963,6.84797228603861457e-16
0.00060957667807136348,6.79404205657181273e-16
0.000615642252426323714,6.74262224177834895e-16
0.000615901604336613906,6.74046088785424284e-16
0.000622292157607783563,6.68820671496294964e-16
0.000628749018826235901,6.63868856980587244e-16
0.000635272875998735777,6.59093428017016776e-16
0.000641864424270755378,6.5443109276713095e-16
0.000646313757041444071,6.51349094627278298e-16
0.00064852436600055336,6.49844351324490291e-16
0.000655253410834008595,6.45340094807263466e-16
0.000662052275780237513,6.40864557351719485e-16
0.000668921685287994565,6.36416178185616953e-16
0.000675862371322866529,6.32012831359655286e-16
0.000680349765740516712,6.29214610961035005e-16
0.000682875073445261573,6.27668604105017045e-16
0.000689960538889218937,6.23439059529553531e-16
0.000697119522642032127,6.1929356151690951e-16
0.000704352787524684332,6.1520422634469481e-16
0.000711661104273139034,6.11146805737235347e-16
0.000717721646145226899,6.07832312829721116e-16
0.000719045251620466588,6.07122351287223549e-16
0.000726506016379817272,6.03181531090078165e-16
0.000734044193528261734,5.99290539122167835e-16
0.000741660586291498272,5.95429790652957755e-16
0.000749356006229442312,5.91909310825852382e-16
0.000757131273322695401,5.88920826701764135e-16
0.000763021591435567243,5.87176639073326102e-16
0.000764987216059926548,5.86606032182255707e-16
0.000772924671526144026,5.84372584365459019e-16
0.000780944485491901403,5.82176084979897596e-16
0.000789047512503395672,5.80018903145993271e-16
0.000797234615973548382,5.7793680383576433e-16
0.000805506668273991789,5.75718870765593474e-16
0.000813864550828027073,5.72945576166000098e-16
0.000822309154204543913,5.69466299661723169e-16
0.00082778136290543247,5.67222897164452636e-16
0.000830841378212915966,5.65998744496763694e-16
0.000839462131998872734,5.62634591041423397e-16
0.000848172334141383297,5.5929927034172495e-16
0.00085697291275052831,5.55992069178175467e-16
0.00086586480556639703,5.52740452395666836e-16
0.00087484896005900146,5.49534276352800208e-16
0.000878512454358083429,5.4794723369002928e-16
0.000883926333529243246,5.45666766353385586e-16
0.000893097893210911192,5.40481000300269427e-16
0.000902364616373746889,5.31716994927232156e-16
0.000904916586205617641,5.29326605836054494e-16
0.000911727490427576122,5.23155726767590164e-16
0.000921187513027523877,5.14651368920094919e-16
0.000924903074494251632,5.11338753841433091e-16
0.00093074569218031154,5.0630000907868586e-16
0.000940403046351673664,4.98078838197280477e-16
0.000945291628829806461,4.93962174387830573e-16
0.000950160604574883822,4.89994754672142143e-16
0.000960019406560377567,4.8180592838989592e-16
0.000965081152072333382,4.77176094893875044e-16
0.000969980502806569217,4.72844638327739778e-16
0.000979018990646311548,4.60960448682841922e-16
0.000980044954711769125,4.59661277515494436e-16
0.000990213834687285009,4.46374638597674752e-16
0.000991039552910491941,4.45295850994266002e-16
0.00100048822627169115,4.33411674593753318e-16
0.00100312050860379147,4.30163575810678204e-16
0.00101086922424628469,4.20948754466230673e-16
0.00101569299450608168,4.15545533471887959e-16
0.00102135793475173949,4.09419915638182724e-16
0.00102950697697051335,4.01424249049930978e-16
0.00103195547540597175,3.99100463245979198e-16
0.00104266297542321938,3.89294111539952098e-16
0.00104433370002844953,3.87782841458946124e-16
0.00105348157573437877,3.79774998376780532e-16
0.0010594824534579902,3.74605003274898165e-16
0.00106441242910855985,3.70491236610786428e-16
0.00107167766753432411,3.61874981241126934e-16
0.00107545670027593244,3.57554345765208113e-16
0.00108164525122069078,3.4957755743632645e-16
0.00108661556605182588,3.43412148267019221e-16
0.00109117905186236161,3.37698031082509501e-16
0.0010978902154621256,3.29608597869289063e-16
0.00110173024997964944,3.26222200971165972e-16
0.0011092818498699686,3.19772757764396952e-16
0.00111790645726530207,3.15136348486648249e-16
0.00112079168310375465,3.13625173113982583e-16
0.00113242094158648699,3.08424147768313616e-16
0.00114149058957502525,3.04427221206429345e-16
0.00114417086446644319,3.03274866547499077e-16
0.00115604270374922734,2.98242383155527394e-16
0.00116602550734717352,2.94082017058706693e-16
0.00116803772443116526,2.93263747777091951e-16
0.00118015720463410229,2.89790143951228551e-16
0.00119240243574158126,2.87867492903735846e-16
0.00120477472253646096,2.86120478674313988e-16
0.00121727538333993568,2.8439444880067106e-16
0.00121953280164923356,2.84088369018329553e-16
0.00122990575015201164,2.82710344537081383e-16
0.00124266716879343567,2.81128772292951542e-16
0.00125556099904910335,2.80030659163313827e-16
0.00126858861481293477,2.79629460993355758e-16
0.00128175140423430153,2.79403337472630919e-16
0.00129505076986589213,2.7921244993035774e-16
0.00130848812881320552,2.79072315576422285e-16
0.00132206491288552596,2.78793015415481738e-16
0.00133578256874849368,2.78263294276668151e-16
0.00134964255807825294,2.77513842981407688e-16
0.00136364635771720135,2.76808327878003076e-16
0.00137779545983135258,2.76145295888843079e-16
0.0013920913720693395,2.75517190151221826e-16
0.0014065356177230347,2.74806376319116624e-16
0.00141094233630962414,2.74434330322836803e-16
0.00142112973588991584,2.7359796198970577e-16
0.00143587528163699666,2.72272924339068126e-16
0.00145077382616659021,2.70938787240223462e-16
0.0014658269569836827,2.69625811941554784e-16
0.00148103627806510846,2.68343748781637664e-16
0.00149640341003045603,2.6556701188120872e-16
0.00149845858671471686,2.65108360190853095e-16
0.00151192999031475279,2.62209208964987986e-16
0.00152761767334294133,2.58469402508684418e-16
0.00153763624613494938,2.56099310025846176e-16
0.00154346813070617104,2.54769637218022273e-16
0.00155948305133988592,2.51167112659800268e-16
0.00157479602054937347,2.47396410088680679e-16
0.00157566414170384128,2.4719048248580932e-16
0.00159201312596387742,2.42961215125400175e-16
0.00160635162979073473,2.38989256623105274e-16
0.00160853174617567519,2.38408193178185044e-16
0.00162522176247036434,2.34013634649121292e-16
0.00163721770805127197,2.3086779941871625e-16
0.0016420849532420754,2.29639316522257883e-16
0.00165912311533743586,2.25392741789212066e-16
0.00166893113161537331,2.23022329796594087e-16
0.0016763380642470317,2.21298506780344668e-16
0.00169373163429885986,2.17376933088400186e-16
0.00170238563331987313,2.1544346900318779e-16
0.00171130567885376629,2.13523373065072358e-16
0.00172906207050296781,2.09727493722130127e-16
0.00173664242525263829,2.0812215699863415e-16
0.00174700270126753929,2.06007758851959634e-16
0.00176512948280004179,2.02411649490970065e-16
0.00177366100549710263,2.01049641626049302e-16
0.00178344434658822068,1.99541337257193189e-16
0.0018019492441608035,1.97275635615737511e-16
0.00182064614729544753,1.9505544935481898e-16
0.00182781763371820841,1.94217468148902846e-16
0.00183953704822884174,1.92894010810316278e-16
0.00185862395986898709,1.90759369518858704e-16
0.00187790891600968572,1.88643559889953307e-16
0.00188788500413639168,1.87617469143910807e-16
0.00189739397154723457,1.86672908527955676e-16
0.00191708120269940724,1.86447598163664036e-16
0.00193697270722667547,1.86538875567738066e-16
0.001957070604655704,1.86728389121805378e-16
0.00197737703650525841,1.86991314629564248e-16
0.0019978941665143331,1.87368737793287718e-16
0.00200100176903780247,1.87617469143911571e-16
0.00201862418087275256,1.8915828016954311e-16
0.00203956928845407371,1.92294406751247406e-16
0.00205088371553180343,1.94217468148902846e-16
0.00206073172105099191,1.96104974261363392e-16
0.00208211373361313297,2.00682633725390851e-16
0.00208366866273406404,2.01049641626050115e-16
0.00210371760448731342,2.0664120078562322e-16
0.00210856605392784486,2.08122156998633287e-16
0.00212554563566033496,2.145994339695467e-16
0.00212767111338891555,2.1544346900318779e-16
0.00214203534144219803,2.23022329796594087e-16
0.00214760015300425887,2.27478343068346281e-16
0.00215179952595097851,2.3086779941871625e-16
0.00215719825664504012,2.38989256623105274e-16
0.00215839958731581364,2.47396410088680679e-16
0.00215599711501732469,2.56099310025846176e-16
0.00215052879626995139,2.65108360190853095e-16
0.00214760015300425887,2.68302917919337117e-16
0.00214268444792841421,2.74434330322836803e-16
0.00213281395257283887,2.84088369018329553e-16
0.00212554563566033496,2.90096564098895328e-16
0.00212115546762091201,2.94082017058706693e-16
0.00210800576450841455,3.04427221206430577e-16
0.00210371760448731342,3.07420883407044016e-16
0.00209334959040687908,3.15136348486648249e-16
0.00208211373361313297,3.22815461346852167e-16
0.00207738154440996284,3.26222200971165972e-16
0.00206073172105099191,3.3729515539948662e-16
0.00206015495576749113,3.37698031082509501e-16
0.00204163205603415775,3.4957755743632645e-16
0.00203956928845407371,3.50813058271492768e-16
0.00202191865765701607,3.61874981241128413e-16
0.00201862418087275256,3.63814141952381962e-16
0.001999570390460792,3.74605003274898165e-16
0.00199789416651433706,3.75498100023076434e-16
0.00197737703650525841,3.8554892254558558e-16
0.00197306028644787846,3.87782841458946124e-16
0.001957070604655704,3.95548404756263161e-16
0.00194580699214317324,4.01424249049932605e-16
0.00193697270722667151,4.05763048481594321e-16
0.00191842732895201468,4.15545533471887959e-16
0.00191708120269940724,4.16216120687145028e-16
0.00189739397154723457,4.26154619343727521e-16
0.00188778979280709661,4.30163575810678204e-16
0.00187790891600968176,4.3404646705505678e-16
0.00185862395986898709,4.41943292978738273e-16
0.00185087056254320592,4.45295850994266002e-16
0.00183953704822884174,4.49911307527860012e-16
0.00182064614729544753,4.58179117698132418e-16
0.00181453696414690255,4.60960448682841922e-16
0.0018019492441608035,4.66359367066578189e-16
0.00178344434658822068,4.74795889699101723e-16
0.00177796804405433638,4.77176094893875044e-16
0.00176512948280004179,4.82431660483990254e-16
0.00174700270126753929,4.89451051239773211e-16
0.00173570671202436718,4.93962174387830573e-16
0.00172906207050296781,4.96460158009224758e-16
0.00171130567885376979,5.03328393915739607e-16
0.00169373163429885986,5.10738630137565847e-16
0.00169233516416037804,5.11338753841433091e-16
0.0016763380642470317,5.17800304021900038e-16
0.00165912311533743586,5.2508368450309777e-16
0.00164934571500398894,5.29326605836054494e-16
0.0016420849532420754,5.32288198928429832e-16
0.00162522176247036434,5.39429448046932818e-16
0.00160853174617567519,5.47126045710572969e-16
0.00160675731661350955,5.4794723369002928e-16
0.00159201312596387742,5.54349266047275723e-16
0.00157566414170384128,5.62368667807867413e-16
0.0015668964164867748,5.67222897164452636e-16
0.00155948305133988592,5.7108045882487702e-16
0.00154346813070616778,5.80347954334342826e-16
0.00153236418884182605,5.87176639073326102e-16
0.00152761767334294133,5.89922683641544976e-16
0.00151192999031475279,5.99305146714889986e-16
0.0014994737832968703,6.07832312829723581e-16
0.00149640341003045603,6.09811779302163603e-16
0.00148103627806510846,6.21045301310117968e-16
0.00147214527497675456,6.29214610961035005e-16
0.0014658269569836827,6.3469630497976938e-16
0.00145077382616659021,6.48575417453150455e-16
0.00144791928267067764,6.51349094627278298e-16
0.00143587528163699666,6.62401649726047219e-16
0.00142400893323897827,6.74262224177834895e-16
0.00142112973588991305,6.76988055610408969e-16
0.0014065356177230347,6.91616614144271007e-16
0.00140084507043345482,6.97981390783063862e-16
0.00139209137206933671,7.07258381811787959e-16
0.00137888451781022735,7.22534949178722162e-16
0.00137779545983135258,7.23731713431027756e-16
0.00136364635771720135,7.39965060345497089e-16
0.0013571110451692387,7.47952251562179815e-16
0.00134964255807825294,7.56623664167495155e-16
0.00133578256874849368,7.73825922705761882e-16
0.00133545058774592425,7.74263682681127799e-16
0.00132206491288552596,7.91036596229737667e-16
0.00131449238477361738,8.01500696156538009e-16
0.00130848812881320552,8.09404750534614616e-16
0.00129505076986589213,8.28488135114539763e-16
0.00129422943277110392,8.2969585208349151e-16
0.00128175140423430153,8.47168984356486819e-16
0.00127397558669400541,8.58882855954622318e-16
0.00126858861481293477,8.6662685246859655e-16
0.00125556099904910335,8.86375427404821618e-16
0.00125373889554506633,8.89096598952916731e-16
0.00124266716879343567,9.04863847531639212e-16
0.00123210768948232173,9.20373199661819294e-16
0.00122990575015201164,9.23460731862376833e-16
0.00121727538333993568,9.41799710099419048e-16
0.00121022551311880397,9.52750047242729919e-16
0.00120477472253646096,9.60836458655465962e-16
0.00119240243574158126,9.80145910173584216e-16
0.00118859166879423801,9.86265846131279105e-16
0.00118015720463410229,9.99197270675941821e-16
0.00116803772443116759,1.01665108640611169e-15
0.00116473586670243624,1.02096066230604751e-15
0.00115604270374922501,1.03177483320899852e-15
0.00114417086446644319,1.04731675952741928e-15
0.0011371638776923581,1.05687597118480071e-15
0.00113242094158648699,1.06304292235529972e-15
0.00112079168310375465,1.07879708731844488e-15
0.00110944352654343471,1.09405470720574802e-15
0.0011092818498699686,1.094261935620928e-15
0.00109789021546212328,1.10344319185590164e-15
0.00108661556605182588,1.10720880708924458e-15
0.00107545670027593244,1.11116070698587802e-15
0.00106441242910855985,1.11763897256392331e-15
0.00105348157573437877,1.13035396255028771e-15
0.00105158101952704717,1.1325413151528081e-15
0.00104266297542321728,1.1422590971169545e-15
0.00103195547540597175,1.15449292771690107e-15
0.00102135793475174159,1.16699416442394566e-15
0.00101627884571660066,1.17238180328659984e-15
0.00101086922424628469,1.17780679429745752e-15
0.00100048822627169115,1.18732681810275648e-15
0.000990213834687285009,1.19698337979085361e-15
0.000980044954711769125,1.20712334471358587e-15
0.000974028676235772087,1.21362379834423193e-15
0.000969980502806569217,1.21774644889807961e-15
0.000960019406560377567,1.23400650786222496e-15
0.000950160604574883822,1.25278648689054897e-15
0.000948393800072024693,1.25631660247412151e-15
0.000940403046351677505,1.27139104801016359e-15
0.00093074569218031154,1.29083401733483716e-15
0.000926105085802622139,1.30051125217340456e-15
0.000921187513027523877,1.31019453821284101e-15
0.000911727490427576122,1.32983122682123541e-15
0.000904371104791358462,1.34626057929890559e-15
0.000902364616373746889,1.35049651320609598e-15
0.000893097893210911192,1.37054347508282916e-15
0.000885093256092258496,1.39361927422413783e-15
0.000883926333529243246,1.3968048765307588e-15
0.00087484896005900146,1.42452625576654598e-15
0.000869544836815833696,1.4426439512181588e-15
0.00086586480556639703,1.45456806455852883e-15
0.00085697291275052831,1.48508619018108039e-15
0.000854649763512191945,1.4933932161242473e-15
0.000848172334141381551,1.51535725772854832e-15
0.000839865822295213467,1.54592773641948486e-15
0.000839462131998872734,1.54734010532840693e-15
0.000830841378212915966,1.57859714266125557e-15
0.000825275613382618874,1.60031031373869514e-15
0.000822309154204543913,1.61131531709885947e-15
0.000813864550828027073,1.64415008552152747e-15
0.000810933638699819334,1.65660595894991515e-15
0.000805506668273991789,1.67854460557831118e-15
0.000797390508731561014,1.71488196987053393e-15
0.000797234615973548382,1.71554748678033176e-15
0.000789047512503395672,1.75186470840873855e-15
0.000784108250689141802,1.77520801171763602e-15
0.000780944485491901403,1.78946057719080674e-15
0.000772924671526145656,1.82782814090680104e-15
0.000770971866951811477,1.83765620038816479e-15
0.000764987216059926548,1.86638030049654664e-15
0.000758025095555110485,1.90230118866894587e-15
0.000757131273322695401,1.90670684232256857e-15
0.000749356006229442312,1.94517128322736346e-15
0.000744734955581226619,1.96922025547916558e-15
0.000741660586291498272,1.98449658941689061e-15
0.000734044193528261734,2.02403364872238613e-15
0.000731392332169095054,2.03849339825246434e-15
0.000726506016379817272,2.06393746019891821e-15
0.000719045251620466588,2.10511562815198306e-15
0.000718157791398139903,2.11020342856858785e-15
0.000711661104273139034,2.14576830260138881e-15
0.000705133123736560927,2.18443607114942829e-15
0.000704352787524685846,2.18885790953885698e-15
0.000697119522642032127,2.23117171262045986e-15
0.000692264190407147049,2.26128006633727023e-15
0.000689960538889220334,2.27494153833363228e-15
0.000682875073445261573,2.3189669878330934e-15
0.000679551855417123297,2.34082727617829423e-15
0.000675862371322866529,2.36404850041755759e-15
0.000668921685287994565,2.41034351281261788e-15
0.000667059190290539176,2.42317279423759096e-15
0.000662052275780237513,2.45616155541632664e-15
0.000655253410834008595,2.50436574873685155e-15
0.000654701103061055299,2.50841505927754101e-15
0.00064852436600055336,2.55175340377633225e-15
0.0006425871001952074,2.5966559729348511e-15
0.000641864424270755378,2.60189447195943439e-15
0.000635272875998735777,2.65062576273870242e-15
0.000630553409363571671,2.68800102153760755e-15
0.000628749018826235901,2.70169477335872662e-15
0.000622292157607783563,2.7526437159144884e-15
0.000618688939379147487,2.78255940220711459e-15
0.000615901604336613906,2.80474176359667243e-15
0.000609576678071366041,2.8570373934004473e-15
0.000606890171650238451,2.88044415339629781e-15
0.000603316704863516963,2.91028338173897308e-15
0.000597121017685587052,2.96525574728140819e-15
0.000595335493002370349,2.98177229001966109e-15
0.000590988956360045006,3.02032106535661517e-15
0.000584919867488974473,3.07713014169903712e-15
0.000583937304561362369,3.08666494333727433e-15
0.000578913104384449311,3.1334019288934333e-15
0.000572968026999625843,3.19307188955592268e-15
0.000572756921707123634,3.19524750575920058e-15
0.000567084001860542106,3.25131458760361287e-15
0.000561564747657053522,3.307649780744256e-15
0.000561260401998623274,3.31063058803930339e-15
0.000555496606883867877,3.36764384786794694e-15
0.000550179505065673031,3.42400613797141154e-15
0.000549792002358731697,3.42794885343090658e-15
0.000544145980572689907,3.4868378291192633e-15
0.000538951540436766227,3.54445567397043555e-15
0.00053855793991746055,3.54864537968809015e-15
0.000533027284962906036,3.60910604292301987e-15
0.000527943777238044306,3.66914237840247922e-15
0.000527553426393585396,3.67356879674798292e-15
0.000522135780945960723,3.73656933508277361e-15
0.000517147857155094563,3.79821530619073631e-15
0.000516773771346247871,3.80265349003414322e-15
0.000511466826248904108,3.86730253093421867e-15
0.000506563138167595258,3.93182875570575447e-15
0.000506214380175752973,3.93623655551305942e-15
0.000501015873455724155,4.0036068030393069e-15
0.000496155414222319785,4.0701424532194556e-15
0.000495870752165220853,4.07388417758596403e-15
0.000490778468069099996,4.13822035181733235e-15
0.000485738478562249395,4.20452080707874057e-15
0.000485085944047019118,4.21332174384727156e-15
0.000480750246611774724,4.26940654990092688e-15
0.000475813240699775284,4.33645588546752652e-15
0.000474036748627767491,4.36153778920800561e-15
0.000470926934766708524,4.40364532331915408e-15
0.000466090808155335253,4.47323553362955465e-15
0.000463371229449215112,4.51496777203608361e-15
0.000461304345555244887,4.54540782559672617e-15
0.000456567036947941291,4.62583360973617475e-15
0.000453912461530008237,4.67379510799246381e-15
0.000451878377552501974,4.7090949662333762e-15
0.000447237867771789548,4.79388032555601564e-15
0.000444937060679499758,4.83820966492593724e-15
0.000442645013139221002,4.88064821417534262e-15
0.000438099324266074866,4.96788397588544179e-15
0.000436089924745958531,5.00840798984821215e-15
0.000433600316789348144,5.05664683356735564e-15
0.000429147511320144637,5.14786268397154656e-15
0.000427435521178110852,5.18459354389289156e-15
0.000424740433392593754,5.24017537363172069e-15
0.000420378613413293322,5.33400058219867307e-15
0.000418947447436535847,5.36697694554047627e-15
0.000416061586611275794,5.4308928949655643e-15
0.000411788892988479813,5.53521654584171052e-15
0.000411009165851555299,5.55577622239885542e-15
0.000407560077270739421,5.64329158357321721e-15
0.000403544394090785878,5.75121707184161406e-15
0.000403374688859267917,5.75560843327297911e-15
0.000399232281782651844,5.8659065425412047e-15
0.000396163924554913014,5.95353313081434561e-15
0.00039513241464932583,5.98190579242815743e-15
0.000391074650600539695,6.09824148094280316e-15
0.000388932238037777192,6.16296625513294192e-15
0.000387058557263812283,6.21747421230216164e-15
0.000383083706706855795,6.3395608275053369e-15
0.000381833274248506466,6.37976680860625604e-15
0.00037914967539198458,6.46288603341344641e-15
0.000375256044130980736,6.59170178738578978e-15
0.000374885450288498192,6.60419396233030518e-15
0.000371402398040426313,6.71725634213996791e-15
0.000367980015142584161,6.8365160045102105e-15
0.000367588326497501636,6.84967466688522204e-15
0.000363813423096222628,6.98060812996690017e-15
0.000361210457444820553,7.07701066118188962e-15
0.000360077285604147066,7.1174848246445201e-15
0.000356379515919506783,7.25350499869322422e-15
0.000354512137255490816,7.32596542821520007e-15
0.000352719720028791518,7.39301941308712007e-15
0.000349097507964764896,7.5359757253995484e-15
0.000347940922220506938,7.58367791499719065e-15
0.000345512493764911371,7.6802743426800552e-15
0.000341964295430309372,7.82871083892687465e-15
0.000341436942753810494,7.85045620020447675e-15
0.000338452534884930996,7.96905260987437855e-15
0.000334976837935351592,8.11357608060342131e-15
0.000334669202499134932,8.12661920009194534e-15
0.000331536834230880893,8.254623158908354e-15
0.000328132157224099094,8.40211664555119048e-15
0.000327898324112932722,8.41249704973608409e-15
0.000324762444131802535,8.5466391910726139e-15
0.000321427335896343051,8.70015429747976847e-15
0.000321251625762592244,8.70843149769072479e-15
0.000318126477147371974,8.85035026479064172e-15
0.000314859516163972963,9.00025225759052519e-15
0.000314531136329094646,9.01477631452488012e-15
0.000311626104837184597,9.13850416828282862e-15
0.00030842589863290725,9.28048353244692567e-15
0.000307307583530387725,9.33189771573323956e-15
0.000305258556555193558,9.42264444541203349e-15
0.000302123741109912866,9.56651371082963579e-15
0.000300177069610772014,9.66017479952260669e-15
0.000299021118268785474,9.71374391369386331e-15
0.000295950357433798665,9.86118615637446895e-15
0.000293231147704202798,1.0000000000000041e-14
0.000292911131401973194,1.00157433762420014e-14
0.000289903116330501449,1.01600804330430175e-14
0.000286925991702239844,1.03120254011021007e-14
0.000286168285487591114,1.03517795563017203e-14
0.00028397944029155653,1.04623340935277353e-14
0.00028106314813052956,1.06178986394758377e-14
0.000279291206655322923,1.07159339982267107e-14
0.000278176804475491517,1.07752923430730025e-14
0.000275320101773920876,1.09421656518710219e-14
0.00027296064321744733,1.10928986489521816e-14
0.000272492735631667369,1.11217073979639511e-14
0.000269694404780519428,1.13003601066910753e-14
0.000266994154295360553,1.14831241454351108e-14
0.000266924811046104122,1.14876476223408446e-14
0.000264183659316112113,1.16693923782830171e-14
0.000261470657508854463,1.18628946305173939e-14
0.000261140289416221873,1.18870769771189849e-14
0.000258785516542139521,1.20531444591729946e-14
0.000256127950302469719,1.22507986990462621e-14
0.00025544956280362251,1.23052400435926165e-14
0.00025349767561455525,1.24561875151055123e-14
0.000250894412211139716,1.2678182320552422e-14
0.000250235816741918534,1.27381132318647331e-14
0.000248317882703138661,1.29064662252841366e-14
0.000245767812550079863,1.31424271047125838e-14
0.000245308419566976809,1.31862140139474854e-14
0.000243243930030848976,1.33759750841461135e-14
0.000240745966214742919,1.36217617485732358e-14
0.000240466613357498747,1.36500780654600825e-14
0.000238273654932806094,1.38645291200536889e-14
0.000235826732749473449,1.41187113373555654e-14
0.000235717553497870918,1.4130259905995336e-14
0.000233404938934499369,1.43661836223926739e-14
0.000231008015435175534,1.46272659897264971e-14
0.000231007402485697268,1.46273335620112391e-14
0.000228635706848833477,1.48795597291864328e-14
0.000226321473923504702,1.51418932530435206e-14
0.000226287760395634512,1.5145582179397617e-14
0.000223963925891627441,1.54044401452183984e-14
0.000221713711578814458,1.56745541020558866e-14
0.000221663955722096813,1.56803206834395265e-14
0.000219387604815175437,1.5950234055572581e-14
0.000217204791953034437,1.62259528707808701e-14
0.000217134630615732982,1.62345089970600793e-14
0.000214904793059528107,1.65094909346744953e-14
0.000212734631467835774,1.67967487209264636e-14
0.000212697854547629831,1.68014492291561123e-14
0.000210513579921102122,1.70863103711707892e-14
0.000208351736435942294,1.73869609745099638e-14
0.000208347047462729941,1.73876240021625052e-14
0.000206212093738285039,1.76788574814947123e-14
0.000204094423839856841,1.79900882064544228e-14
0.000204033272261637379,1.79992850678246908e-14
0.000201998501093680505,1.82946360322404251e-14
0.000199924102170033439,1.8615233066091963e-14
0.000199814694198324578,1.8632463119315597e-14
0.000197871006032649864,1.89278231553092518e-14
0.000195838993915170198,1.92595127704029462e-14
0.000195669257363528333,1.92879150802076997e-14
0.000193827849297827954,1.95853577647883364e-14
0.000191837357884380443,1.99240612089328648e-14
0.00019158135646244188,1.99664245010979326e-14
0.000189867307579273969,2.0240041990004324e-14
0.00018791748846504424,2.05675203117358136e-14
0.00018733470609894683,2.06688024962907347e-14
0.000185987692779948731,2.0894715216561822e-14
0.000184077714895828307,2.12295366034437088e-14
0.000183163295063586469,2.13958887134342138e-14
0.000182187351296198292,2.1567194826022972e-14
0.000180316400554560503,2.19107974868201315e-14
0.000179088706150252314,2.21485523372635024e-14
0.000178464663312941586,2.2265215463828376e-14
0.000176631942260651616,2.26166386149371555e-14
0.000175096602266481146,2.29276931286564881e-14
0.000174818042113257659,2.2982162390454334e-14
0.000173022769591776683,2.33395756885387114e-14
0.000171245933402080613,2.37155922009112831e-14
0.00017115843859304316,2.37342425002385642e-14
0.000169487344214512967,2.40778154944434615e-14
0.00016774681464371481,2.44575987402668502e-14
0.000167251805669331748,2.45691646298279023e-14
0.000166024159228659206,2.48361028169635853e-14
0.000164319194412887533,2.52288205007398895e-14
0.000163475670700268936,2.54334576130463782e-14
0.000162631738524951856,2.56310352615374175e-14
0.000160961611759057909,2.60498001549368933e-14
0.000159915861961032875,2.63281546564802013e-14
0.000159308636155904125,2.64842093049365249e-14
0.000157672635583720548,2.69213794240788382e-14
0.000156486892981358309,2.72543253128101652e-14
0.000156053435719500849,2.73718491299357278e-14
0.00015445086403042762,2.78067202549130722e-14
0.00015303222966970547,2.82130767593947089e-14
0.000152864749755488068,2.82593947698204184e-14
0.000151294923887278477,2.87010816904538911e-14
0.000149741219153996906,2.91659402443468657e-14
0.000149610728065950563,2.92055551218273313e-14
0.000148203470001618116,2.96176918652241398e-14
0.000146681512576252571,3.00936195188369534e-14
0.000146249056832799834,3.02329468440577622e-14
0.000145175184706690867,3.05668688018857166e-14
0.000143684325887118932,3.10447747191498017e-14
0.000142921796552194486,3.12964801067073775e-14
0.000142208777260018163,3.15235674663263924e-14
0.000140748381599237822,3.20080197458104598e-14
0.000139639445291035692,3.23974262952819545e-14
0.000139302983293241879,3.25114799914102801e-14
0.000137872428328527982,3.30062782158460106e-14
0.000136456564273216383,3.35242651200868702e-14
0.000136421793079198891,3.35371015200291495e-14
0.0001350552402608087,3.40236860083764174e-14
0.000133668306974110747,3.45473358482782134e-14
0.000133230001760202518,3.47168681892655957e-14
0.000132295616629323078,3.50655083663710205e-14
0.000130937022960294722,3.55939587267176398e-14
0.000130091391572888388,3.59381366380461088e-14
0.000129592381202936493,3.61340925842619296e-14
0.000128261548079795597,3.6673151722402369e-14
0.000127022261243118424,3.72023668141306619e-14
0.000126944381784791301,3.72344595843165377e-14
0.00012564074196810108,3.77760134484616653e-14
0.000124350489721209276,3.83492606005444554e-14
0.00012399743082983268,3.85110700232555324e-14
0.000123073487562103983,3.89195269763941544e-14
0.000121809599420627535,3.95070579523979934e-14
0.000121099983436902039,3.9865810735804388e-14
0.000120558690623978124,4.01298462728532588e-14
0.000119320627882360568,4.07643493720661647e-14
0.000118393790036595572,4.12682084570293466e-14
0.000118095279274782428,4.14248743499492192e-14
0.000116882514234997085,4.20766248506080059e-14
0.000115752436108247741,4.27199396630677678e-14
0.000115682203537593465,4.27585306534263543e-14
0.00011449421928422412,4.34251284897278642e-14
0.000113318434889978249,4.41254840339027009e-14
0.000113150962401096578,4.42227398050587872e-14
0.000112154725069893146,4.47807288437649815e-14
0.000111002965825605381,4.54374842766440139e-14
0.000110426249531987996,4.57784053837661623e-14
0.000109863034432136876,4.60994858084234867e-14
0.000108734809424818959,4.67718109550805889e-14
0.000107769078756706425,4.73887960971765086e-14
0.000107618170586349312,4.74818162158011849e-14
0.000106512998933983152,4.81715738635431992e-14
0.000105419176706853832,4.89019291400450108e-14
0.000105194397820175247,4.90558370636504536e-14
0.000104336587353425697,4.96222587037446167e-14
0.000103265115519074927,5.03629203921196368e-14
0.000102672122427125651,5.07815211232764958e-14
0.000102204647033797824,5.10996867796567012e-14
0.000101155068900045459,5.18400322677305848e-14
0.000100170661481017218,5.25679112201841936e-14
0.000100116269280684006,5.26067045699849306e-14
0.0000990881374870770087,5.33023846650385687e-14
0.0000980705639672908437,5.3948731386326107e-14
0.0000974550693372179812,5.44171428686586541e-14
0.0000970634402944230969,5.47043855288768836e-14
0.0000960666591550479352,5.55479490957290004e-14
0.0000951933152555526321,5.63314267060135152e-14
0.0000950801143377812841,5.64294077811527735e-14
0.0000941037007219640946,5.72836376371252817e-14
0.0000931373142664610641,5.8190116277047048e-14
0.0000930085930210866645,5.8313051135262186e-14
0.0000921808519985746097,5.90753163855862206e-14
0.00009123421200307252,5.99784792399578966e-14
0.0000908048760330443329,6.03643850607586416e-14
0.0000902972934113291558,6.08039171463139688e-14
0.0000893699963905763434,6.16310583969051381e-14
0.0000884710423218883952,6.24878807200691392e-14
0.0000884522221332663175,6.25051720226055744e-14
0.0000875438728465439199,6.33557615627284809e-14
0.0000866448517418251868,6.42412462195179293e-14
0.0000862011569152665324,6.46860766154632069e-14
0.0000857550630244849308,6.51168651188256203e-14
0.0000848744118836490961,6.59629058776774464e-14
0.0000840028044820923533,6.67733141643298607e-14
0.000083809384706524841,6.69616005485318825e-14
0.0000831401479462392745,6.75883680305755381e-14
0.000082286350356268129,6.84598756055279614e-14
0.0000815139143353354739,6.93171727615540048e-14
0.0000814413207363170077,6.93947709823855067e-14
0.0000806049690447892062,7.03040639490707752e-14
0.0000797772061647585506,7.12869371824309325e-14
0.000079398313878333327,7.17556091893692065e-14
0.0000789579438944756839,7.22800534439057313e-14
0.0000781470949379672093,7.3305042168564898e-14
0.0000774538998585663067,7.42798248256491056e-14
0.0000773445728957354004,7.44279792385236775e-14
0.0000765502922555516125,7.55197882893476703e-14
0.0000757641683833445568,7.66781483136086743e-14
0.0000756248633535233239,7.68928372075830562e-14
0.0000749861175141822314,7.78410612187567625e-14
0.0000742160567433461984,7.9115961906115609e-14
0.0000739380406619717105,7.95977700231497801e-14
0.0000734539040174984984,8.04062754135304191e-14
0.0000726995781259368669,8.17378711949110067e-14
0.0000723424195429650863,8.23978568452851112e-14
0.0000719529986919432995,8.30916447081466105e-14
0.0000712140861642185337,8.44683544483062304e-14
0.0000708021985710786248,8.5296444997410166e-14
0.0000704827618084053538,8.59156951733847862e-14
0.0000697589476986995578,8.74046922200673651e-14
0.0000693504750967108848,8.82969995549411838e-14
0.0000690425667095464451,8.89459774371674409e-14
0.000068333542507422826,9.05044251652001941e-14
0.0000679343548661668756,9.14031074875622316e-14
0.0000676317995427032583,9.20600410148063385e-14
0.0000669372630416098109,9.36334794591080973e-14
0.000066524890421765449,9.46184819472195386e-14
0.0000662498589982451522,9.52523596225474014e-14
0.000065569514166706067,9.68850956175854298e-14
0.0000651451172150918355,9.79469667069538613e-14
0.0000648961560532791555,9.85478699576331574e-14
0.0000642297129087167996,1.00223926561707714e-13
0.000063790819941170339,1.01392540755881011e-13
0.0000635701137205910927,1.01959691994794434e-13
0.0000629172882057276947,1.03700637839583735e-13
0.0000624622208178304718,1.04959323055822666e-13
0.0000622711668027167689,1.05469166909572808e-13
0.0000616316806645008473,1.07232062657267151e-13
0.0000612670324672359493,1.04959323055822666e-13
0.0000609987616510389198,1.03079530754796399e-13
0.0000609397617170339581,1.01392540755881428e-13
0.0000608409553010049131,9.79469667069538613e-14
0.0000607486823909098966,9.46184819472203086e-14
0.0000606662665960864542,9.14031074875622316e-14
0.0000605928266157629187,8.82969995549404644e-14
0.0000605275755994283609,8.5296444997410166e-14
0.000060469808946257981,8.2397856845285452e-14
0.0000604188939597533536,7.95977700231497801e-14
0.0000603742610356116929,7.68928372075830562e-14
0.0000603723423220456752,7.67622198814729015e-14
0.0000597523559298059481,7.68240544325112772e-14
0.0000597324227808933865,7.68928372075830562e-14
0.0000591387364120616912,7.88284327021286607e-14
0.0000590395771903481291,7.95977700231497801e-14
0.0000586571820546921445,8.23978568452847705e-14
0.0000585314183849731708,8.32737038308254439e-14
0.0000583994052091121557,8.5296444997410166e-14
0.0000581920851319123467,8.82969995549408304e-14
0.0000579688989015469779,9.14031074875622316e-14
0.0000579303371361523459,9.19055011528678695e-14
0.0000578622728450602881,9.14031074875622316e-14
0.000057493238629767533,8.82969995549408304e-14
0.0000573354286177667818,8.67667704460024236e-14
0.000056746629439715558,8.55305024045000796e-14
0.0000563162063026317701,8.82969995549408304e-14
0.0000561638768628746402,8.92368493882748001e-14
0.0000560048807400871083,9.14031074875622316e-14
0.0000557572770855288109,9.46184819472195386e-14
0.0000555871087924117746,9.67326322256911118e-14
0.00005550357850683375,9.79469667069538613e-14
0.0000552531495815453018,1.01392540755881011e-13
0.0000550162637711698699,1.04559431627745714e-13
0.0000549865063550798732,1.04959323055822666e-13
0.0000546960466029968738,1.08651577465253283e-13
0.0000544512809731189554,1.11695028137879714e-13
0.0000543689400555134343,1.12473717836475078e-13
0.0000539366753428319935,1.16430313292087554e-13
0.0000538921001968743076,1.16823869453732527e-13
0.0000533386618592816376,1.18213911407687271e-13
0.0000527909069890690225,1.16961953730997197e-13
0.0000526895804901614974,1.16430313292088034e-13
0.000052248777220563119,1.13779735827787719e-13
0.0000521039964181927717,1.12473717836474624e-13
0.0000517328020477997197,1.08651577465253725e-13
0.0000517122147874688963,1.08409968345212406e-13
0.0000514785712456514593,1.04959323055822666e-13
0.0000512666358941039361,1.01392540755881428e-13
0.0000511811625167157472,9.97518531112617296e-14
0.0000506555638223648275,9.92228953850564832e-14
0.0000501353626995796876,1.00990301938234403e-13
0.000050077965109727651,1.01392540755881011e-13
0.000049620503718658576,1.04439621660413921e-13
0.000049564480847255516,1.04959323055822666e-13
0.0000491462273204923767,1.08651577465253725e-13
0.0000491109320191285151,1.08948192313426721e-13
0.0000486065933038995499,1.09108653428514278e-13
0.0000481074338334784406,1.11625608485792847e-13
0.0000480367334760749873,1.12473717836475078e-13
0.0000476896814413892207,1.16430313292087074e-13
0.0000476134004202438082,1.17260240084918672e-13
0.0000474388373783731004,1.20526093687084149e-13
0.0000472039741898118809,1.24765955263086838e-13
0.0000471244404227776613,1.26129446435605205e-13
0.0000466405017402567246,1.24893895689797038e-13
0.0000461615328069007373,1.26008813827796016e-13
0.0000456874825864779414,1.25794683044254878e-13
0.0000456000199518596346,1.24765955263086838e-13
0.0000452886109462927925,1.20526093687084149e-13
0.0000452183005668669139,1.19410290616897209e-13
0.0000451891795387066304,1.20526093687084149e-13
0.0000450686823726038638,1.24765955263086838e-13
0.0000449369958277868864,1.2915496650148828e-13
0.0000447940719642986005,1.3369837418249453e-13
0.0000447539367546741923,1.34890947735779837e-13
0.0000446322197673103656,1.38401609657313013e-13
0.0000444559772374344975,1.43270295340982951e-13
0.0000442943416699076479,1.475867203631708e-13
0.0000442102492650004133,1.48310251433610296e-13
0.0000438394663407035987,1.51380185137680051e-13
0.0000437178972460956211,1.48310251433610296e-13
0.0000435391380801334017,1.43270295340982951e-13
0.0000433892622981089516,1.38538780504113421e-13
0.0000433646943256982631,1.38401609657313013e-13
0.0000429436815709168441,1.35643787046424196e-13
0.0000425607995517585878,1.38401609657313013e-13
0.0000425026766805546213,1.38800719525708219e-13
0.0000422053271280828994,1.4327029534098237e-13
0.0000420662006360250962,1.4529027594616531e-13
0.0000418923754984015977,1.48310251433610296e-13
0.0000416342069288994098,1.52658191532282653e-13
0.0000415613384245835405,1.53527502878041478e-13
0.0000412066495283612967,1.57596936089746851e-13
0.0000411292221027919077,1.58928286562297633e-13
0.0000407930859778354134,1.64519058775366078e-13
0.0000407834828763023688,1.64672040696261716e-13
0.0000404277473991692095,1.70306502925284258e-13
0.0000403646618824675606,1.71275428657822166e-13
0.0000399501419196509232,1.75685102645173001e-13
0.0000398595501357723188,1.76297537528720402e-13
0.0000395398788189399056,1.78367893940507912e-13
0.0000391920484395416061,1.82499324481615789e-13
0.0000391338288650091999,1.83166265894583312e-13
0.0000387319487914629353,1.86768704527348468e-13
0.0000383341957762239617,1.86898225580493207e-13
0.0000381952035299305499,1.88919277620765667e-13
0.0000379405274369713079,1.92493832914971882e-13
0.0000377811481130133834,1.95565071586594701e-13
0.0000375509018266240601,1.99869496267331506e-13
0.0000374489086167002533,2.02444650997680189e-13
0.0000371652774288717192,2.09431012047262024e-13
0.0000371609740331480134,2.09566239948043076e-13
0.0000369152827235356745,2.16938351838518205e-13
0.0000367836131537504843,2.20809616995678261e-13
0.0000365154049827449489,2.24569799553977168e-13
0.0000364058683332648216,2.2605427990859863e-13
0.0000360320027170545145,2.27430974512475912e-13
0.0000356619764681049928,2.27925600121396332e-13
0.0000352957501585034624,2.29936729377003498e-13
0.0000351243629542529015,2.32469705998564559e-13
0.0000349332847652372075,2.35195860829036024e-13
0.0000345745416660354094,2.3731485923758311e-13
0.0000342194826352540258,2.36020373441279314e-13
0.0000339585032933725597,2.32469705998565518e-13
0.0000338680698398025852,2.31061826635202604e-13
0.0000335202658351129285,2.2901451391252326e-13
0.000033342058069776358,2.324697059985636e-13
0.0000331760335611493065,2.35576109427004051e-13
0.0000330231740678612332,2.40647515001542168e-13
0.0000328353363384593977,2.46722059431627702e-13
0.0000327726879021296336,2.49113002606779629e-13
0.00003253582896839147,2.57876288759379842e-13
0.0000324981378642662639,2.59222469281226902e-13
0.000032164402208599673,2.6618798966207907e-13
0.0000321258710106085164,2.66947849403432899e-13
0.0000318340938104678462,2.72505100235083746e-13
0.0000316303194986488925,2.76338529005316688e-13
0.0000315071774740684559,2.78576058525957068e-13
0.0000311836183650379717,2.84344292087923622e-13
0.0000310631804328195212,2.8605955351757388e-13
0.0000308633820067401648,2.88798918144273442e-13
0.0000305464342765924121,2.9246303476889719e-13
0.0000302327414024297868,2.9610866844678522e-13
0.0000302315571752557371,2.9612254379880316e-13
0.0000299222699589063523,2.99604284944883574e-13
0.0000296149868639341075,3.00372939345111418e-13
0.0000293108593751569715,3.02284692856701013e-13
0.0000290276693072294474,3.06539529505652345e-13
0.0000290098550864627796,3.06807202300336758e-13
0.0000287119419245298632,3.1535153823208124e-13
0.0000286864425513363531,3.1732296347349732e-13
0.000028576511694416251,3.28485736603004021e-13
0.0000284170881454097907,3.37068333110223167e-13
0.0000283677150721412836,3.40041193270370263e-13
0.0000283173088124561982,3.52003147279667533e-13
0.0000284170881454097907,3.56150627751562246e-13
0.0000287119419245298632,3.52486507695408151e-13
0.0000287512770472664015,3.52003147279666069e-13
0.0000290098550864627796,3.48858735160765002e-13
0.0000293108593751569715,3.45267518204732308e-13
0.0000296149868639341075,3.41710738301516896e-13
0.0000297599261436674824,3.40041193270370263e-13
0.0000299222699589064105,3.38190637923982631e-13
0.0000302327414024297868,3.34704201627165016e-13
0.0000305464342765924121,3.31253526374417227e-13
0.0000308025913467704959,3.28485736603004021e-13
0.0000308633820067400993,3.27835736520579489e-13
0.0000311836183650379717,3.24453386760675452e-13
0.0000315071774740684559,3.21103628446477393e-13
0.0000318340938104678462,3.17787505156655321e-13
0.0000318804128870834902,3.1732296347349732e-13
0.000032164402208599673,3.14504504895064928e-13
0.0000324981378642662639,3.11254140636192009e-13
0.0000328353363384593977,3.08036049856683042e-13
0.0000329944645161316803,3.06539529505652345e-13
0.0000331760335611493065,3.04849795302384346e-13
0.0000335202658351129285,3.01696028367218664e-13
0.0000338680698398025852,2.98572597494290135e-13
0.0000341459768271053545,2.9612254379880316e-13
0.0000342194826352540258,2.95481281517196455e-13
0.0000345745416660354094,2.92419860050479252e-13
0.0000349332847652372075,2.8938998411582083e-13
0.0000352957501585034624,2.86383469647509413e-13
0.0000353345287644813288,2.86059553517572719e-13
0.0000356619764681049928,2.83353301521509916e-13
0.0000360320027170544418,2.80353096990520016e-13
0.0000364058683332648216,2.77383772883530704e-13
0.0000365392878778219601,2.76338529005316688e-13
0.0000367836131537504843,2.74444667918665167e-13
0.0000371652774288717192,2.71535670566006015e-13
0.0000375509018266240601,2.68656236212996064e-13
0.0000377834322763676173,2.66947849403432899e-13
0.0000379405274369713079,2.65805900653647027e-13
0.0000383341957762239617,2.62985442145125136e-13
0.0000387319487914629353,2.60192762782275035e-13
0.0000390682631049183838,2.57876288759380903e-13
0.0000391338288650091999,2.57429468164377978e-13
0.0000395398788189398256,2.54693597844002813e-13
0.0000399501419196509232,2.5198662248695592e-13
0.0000403646618824675606,2.49305909436742577e-13
0.0000403948280719812246,2.49113002606778569e-13
0.0000407834828763023688,2.46653998771500628e-13
0.0000412066495283612967,2.44028307976588171e-13
0.0000416342069288994098,2.41429754145369766e-13
0.0000417646190711330855,2.40647515001542168e-13
0.0000420662006360250962,2.38857776161361764e-13
0.0000425026766805546213,2.36312227430473837e-13
0.0000429436815709168441,2.33792629075718612e-13
0.000043178853157922189,2.324697059985636e-13
0.0000433892622981089516,2.31298661565703304e-13
0.0000438394663407036933,2.28830920822445914e-13
0.0000442943416699076479,2.26387582941458312e-13
0.000044639011747689874,2.24569799553977168e-13
0.0000447539367546741923,2.23970134813442864e-13
0.0000452183005668669139,2.21576774540915045e-13
0.0000456874825864779414,2.1920881451412156e-13
0.0000461463345772178363,2.16938351838518205e-13
0.0000461615328069007373,2.16863949794043796e-13
0.0000466405017402567246,2.14544494927303267e-13
0.0000471244404227776613,2.12248030456816418e-13
0.0000476134004202438082,2.0997543009767159e-13
0.000047702495726869849,2.09566239948043076e-13
0.0000481074338334784406,2.0772630073469615e-13
0.0000486065933038995499,2.05500342448952438e-13
0.0000491109320191287188,2.03297176636570089e-13
0.0000493088619684960358,2.02444650997680189e-13
0.000049620503718658576,2.01116670716933589e-13
0.0000501353626995796876,1.98959128019369146e-13
0.0000506555638223648275,1.96814795268508838e-13
0.0000509624289161630877,1.95565071586594701e-13
0.0000511811625167157472,1.94683822953287301e-13
0.0000517122147874688963,1.92574365258242992e-13
0.000052248777220563119,1.90487588728850612e-13
0.0000526592547346831998,1.8891927762076645e-13
0.0000527909069890691244,1.8842167542862529e-13
0.0000533386618592816376,1.86378366863832391e-13
0.0000538921001968741984,1.84355687690405974e-13
0.0000544103798891688712,1.82499324481615789e-13
0.0000544512809731189554,1.82354400210173589e-13
0.0000550162637711697607,1.80374272656360906e-13
0.0000555871087924117746,1.78414789287445954e-13
0.0000561638768628746402,1.76475720620545892e-13
0.0000562174721129510435,1.76297537528720402e-13
0.000056746629439715558,1.74557227989428996e-13
0.0000573354286177667818,1.72659080924958301e-13
0.0000579303371361523459,1.70780266650974502e-13
0.0000580823550640627727,1.70306502925284258e-13
0.0000585314183849731708,1.68922067912296598e-13
0.0000591387364120616912,1.6708276603083444e-13
0.0000597523559298059481,1.6526332080713335e-13
0.0000600069768772579919,1.64519058775366078e-13
0.0000603723423220456752,1.63462600448020895e-13
0.0000609987616510389198,1.61681504706639214e-13
0.0000616316806645008473,1.59918638817299222e-13
0.0000619931488867929875,1.58928286562297633e-13
0.0000622711668027166379,1.58174788429852218e-13
0.0000629172882057276947,1.56449398219806334e-13
0.0000635701137205910927,1.54742165993245413e-13
0.0000640429902786829407,1.5352750287804274e-13
0.0000642297129087166686,1.53053052361282563e-13
0.0000648961560532791555,1.51381991025938891e-13
0.000065569514166706067,1.49728708719596484e-13
0.0000661584856707096042,1.4831025143360969e-13
0.0000662498589982451522,1.48092569067532742e-13
0.0000669372630416098109,1.46474568139933667e-13
0.0000676317995427032583,1.44873118551144802e-13
0.000068333542507422826,1.4328901267770123e-13
0.000068341919400871775,1.43270295340982951e-13
0.0000690425667095464451,1.41721703239761288e-13
0.0000697589476986995578,1.40171324013725914e-13
0.0000704827618084053538,1.38636988673946631e-13
0.0000705951641567940969,1.38401609657313013e-13
0.0000712140861642185337,1.37119569453042814e-13
0.0000719529986919432995,1.35618133796875513e-13
0.0000726995781259368669,1.3412941067169971e-13
0.0000729185890035392658,1.33698374182493974e-13
0.0000734539040174983529,1.32656245827290725e-13
0.0000742160567433461984,1.31198786841123751e-13
0.0000749861175141822314,1.29756952539607226e-13
0.0000753124055173619417,1.2915496650148828e-13
0.0000757641683833445568,1.28330533280674381e-13
0.0000765502922555516125,1.26919801080817634e-13
0.0000773445728957354004,1.25523714410935977e-13
0.0000777828660657279106,1.24765955263087369e-13
0.0000781470949379672093,1.24143085096634257e-13
0.0000789579438944756839,1.22777094939478296e-13
0.0000797772061647585506,1.21425940277548295e-13
0.0000803324041978145979,1.20526093687084149e-13
0.0000806049690447890462,1.20089132231302677e-13
0.0000814413207363170077,1.18767113207015748e-13
0.000082286350356268129,1.17459092890181592e-13
0.0000829636722979123006,1.16430313292088034e-13
0.0000831401479462392745,1.16165181655574943e-13
0.0000840028044820923533,1.14885539408992729e-13
0.0000848744118836490961,1.13619505813640585e-13
0.000085679375372225928,1.12473717836475078e-13
0.0000857550630244849308,1.12367156533393475e-13
0.0000866448517418251868,1.11128549202512375e-13
0.0000875438728465439199,1.09903390632653218e-13
0.0000884522221332663175,1.08691115814999713e-13
0.0000884821795124590863,1.08651577465253725e-13
0.0000893699963905763434,1.07492586388731828e-13
0.0000902972934113291558,1.06306680396271801e-13
0.00009123421200307252,1.05133685509295506e-13
0.0000913751704020573961,1.04959323055822666e-13
0.0000921808519985746097,1.03973579548936223e-13
0.0000931373142664610641,1.0282611651717988e-13
0.0000941037007219640946,1.01690912280230739e-13
0.0000943611346166118019,1.01392540755881428e-13
0.0000950801143377812841,1.00568319383043e-13
0.0000960666591550479352,9.94579447761296281e-14
0.0000970634402944230969,9.83594774686195102e-14
0.0000974432981803944276,9.79469667069538613e-14
0.0000980705639672908437,9.72732172221583328e-14
0.000099088137487076805,9.61987605724829653e-14
0.000100116269280684006,9.51359965359200275e-14
0.000100624837426558763,9.46184819472199173e-14
0.000101155068900045459,9.40848171638307831e-14
0.000102204647033797824,9.30453664856920856e-14
0.000103265115519074927,9.20189958042079794e-14
0.000103917441182535215,9.14031074875622316e-14
0.000104336587353425697,9.10116783561415386e-14
0.000105419176706853832,9.00154029187283108e-14
0.000106512998933983152,8.9029863155631837e-14
0.000107341568886762587,8.82969995549408304e-14
0.000107618170586349312,8.80550101556644281e-14
0.000108734809424818959,8.70910131965415377e-14
0.000109863034432136876,8.61373999069708331e-14
0.000110878071836474206,8.5296444997410166e-14
0.000111002965825605381,8.51940974580955305e-14
0.000112154725069893146,8.4261409724132234e-14
0.000113318434889978249,8.33387758333417434e-14
0.00011449421928422412,8.24261154769707812e-14
0.000114531030698887233,8.23978568452851112e-14
0.000115682203537593465,8.15237770370578306e-14
0.000116882514234997085,8.06312108561768069e-14
0.000118095279274782195,7.97483305862522798e-14
0.000118304708468435332,7.95977700231497801e-14
0.000119320627882360568,7.88753774391923704e-14
0.000120558690623978371,7.80120063270548324e-14
0.000121809599420627535,7.71579795209371482e-14
0.000122203477362668942,7.68928372075830562e-14
0.000123073487562103983,7.63135684375100015e-14
0.000124350489721209276,7.54784687758064393e-14
0.00012564074196810108,7.46524594925317133e-14
0.000126231959632870843,7.42798248256491056e-14
0.00012694438178479104,7.38356947966115928e-14
0.000128261548079795597,7.3028007355677419e-14
0.000129592381202936231,7.22291622065426148e-14
0.000130394835339898767,7.17556091893689162e-14
0.000130937022960294722,7.14391386208103591e-14
0.000132295616629323078,7.065807722139164e-14
0.000133668306974110747,6.98854405992660815e-14
0.000134697029626723175,6.93171727615540048e-14
0.0001350552402608087,6.91214561872430679e-14
0.000136456564273216674,6.83660397642156314e-14
0.000137872428328527982,6.76189566999922581e-14
0.000139143489023040835,6.69616005485324252e-14
0.000139302983293242141,6.68800151465409019e-14
0.000140748381599237822,6.61495775509997861e-14
0.000142208777260018163,6.54271003987240869e-14
0.000143684325887118932,6.47125272785424585e-14
0.000143739568249367672,6.46860766154632069e-14
0.000145175184706690867,6.4006194304151646e-14
0.000146681512576252571,6.33075670524476128e-14
0.000148203470001618116,6.26263991319455617e-14
0.000148520381934105681,6.24878807200688742e-14
0.000149741219153996906,6.19600247649808525e-14
0.000151294923887278477,6.13009878704199787e-14
0.000152864749755488068,6.06488611414443844e-14
0.000153560322523829178,6.03643850607586416e-14
0.000154450864030427328,6.00041004363854993e-14
0.000156053435719500849,5.93662826166124616e-14
0.000157672635583720548,5.87354274541197776e-14
0.00015877602733689209,5.8313051135262186e-14
0.000159308636155904125,5.81113699300029683e-14
0.000160961611759057909,5.74943798072997308e-14
0.000162631738524952176,5.68839946950290371e-14
0.000164174745958001935,5.63314267060135152e-14
0.000164319194412887882,5.62802564210481459e-14
0.000166024159228659206,5.56834387397775713e-14
0.00016774681464371481,5.50930309719017326e-14
0.000169487344214512967,5.45091691294826042e-14
0.00016976510076066677,5.44171428686586541e-14
0.000171245933402080613,5.3931809901461522e-14
0.000173022769591776683,5.33610659057792075e-14
0.000174818042113257659,5.2796269030481998e-14
0.000175555581528923096,5.25679112201841936e-14
0.000176631942260651616,5.22382429767992545e-14
0.000178464663312941586,5.16861944989039683e-14
0.000180316400554560503,5.11404903629007587e-14
0.000181556122858599934,5.07815211232764958e-14
0.000182187351296198292,5.0600716909984064e-14
0.000184077714895828307,5.00673124000045496e-14
0.000185987692779948353,4.95397224157161877e-14
0.000187776245020033937,4.90558370636504536e-14
0.00018791748846504424,4.90180362741427227e-14
0.000189867307579273969,4.85025303362355783e-14
0.000191837357884380443,4.79926458035561875e-14
0.000193827849297827954,4.74886447665770166e-14
0.000194227302365344803,4.73887960971763193e-14
0.000195838993915170198,4.69902744586766841e-14
0.000197871006032649864,4.64979041469939139e-14
0.000199924102170033439,4.60106081804330771e-14
0.000200919423903878895,4.57784053837661623e-14
0.000201998501093680505,4.55293735873598879e-14
0.000204094423839857249,4.50532751036320118e-14
0.000206212093738285039,4.45827401643823652e-14
0.00020786281601938422,4.42227398050587872e-14
0.000208351736435942701,4.41172606713915712e-14
0.000210513579921102122,4.3657324617283787e-14
0.000212697854547630268,4.32100295243459364e-14
0.000214904793059528107,4.27681197732849175e-14
0.000215148408830121509,4.27199396630677678e-14
0.000217134630615732982,4.23313128928641045e-14
0.000219387604815175437,4.18991441172582093e-14
0.000221663955722096813,4.1471754957971326e-14
0.000222764964082413615,4.12682084570293466e-14
0.000223963925891627878,4.1048916959027939e-14
0.000226287760395634512,4.06309871515589533e-14
0.000228635706848833943,4.02172413239222693e-14
0.00023067095276714745,3.9865810735804388e-14
0.000231008015435175534,3.98082297180176995e-14
0.000233404938934499369,3.9403593860556615e-14
0.000235826732749473449,3.90034224330212128e-14
0.000238273654932806094,3.86073319386819426e-14
0.000238876508578341163,3.85110700232555324e-14
0.000240745966214742424,3.82157432138591468e-14
0.000243243930030848976,3.78282962744562315e-14
0.000245767812550079369,3.74449184968750227e-14
0.000247392485052301374,3.72023668141306619e-14
0.000248317882703139156,3.70656847317049611e-14
0.000250894412211139716,3.66905596983797708e-14
0.00025349767561455525,3.63194315240824608e-14
0.000256127950302469719,3.59520482160586754e-14
0.000256228720884416689,3.59381366380461088e-14
0.000258785516542139521,3.55889306437145816e-14
0.000261470657508854463,3.52294285301065772e-14
0.000264183659316112113,3.48738416807714397e-14
0.000265399185316407937,3.47168681892655957e-14
0.000266924811046104122,3.45219502362699343e-14
0.000269694404780519428,3.41739598904898192e-14
0.000272492735631667369,3.38294684228646227e-14
0.000274914321476231154,3.35371015200291495e-14
0.000275320101773920876,3.34886328624472369e-14
0.000278176804475492099,3.3151534653648238e-14
0.00028106314813052956,3.28179130618568645e-14
0.00028397944029155653,3.24877282019103633e-14
0.000284787781716464553,3.23974262952819545e-14
0.000286925991702239844,3.21611117169237396e-14
0.000289903116330501449,3.18379822769289616e-14
0.000292911131401973194,3.15180787951332771e-14
0.000295032506061712105,3.12964801067073775e-14
0.000295950357433798665,3.12016252624741547e-14
0.000299021118268785474,3.08931541418394074e-14
0.000302123741109912866,3.05893173390695783e-14
0.000305258556555194198,3.02884098904339779e-14
0.00030584379909298406,3.02329468440577622e-14
0.00030842589863290725,2.99908346879994233e-14
0.000311626104837184597,2.96962207898261566e-14
0.000314859516163972963,2.94046313125990573e-14
0.000317105575884229911,2.92055551218273313e-14
0.000318126477147371974,2.9116027722289251e-14
0.000321427335896343051,2.8830575192817143e-14
0.000324762444131802535,2.85480358881517564e-14
0.000328132157224099094,2.82683459664619638e-14
0.000328806904348307231,2.82130767593947089e-14
0.000331536834230880195,2.79918356642822053e-14
0.000334976837935351592,2.77181158749531006e-14
0.000338452534884930996,2.74473995353426476e-14
0.000340974517765729048,2.72543253128101652e-14
0.000341964295430309372,2.71793546277373057e-14
0.000345512493764911371,2.69145930774278169e-14
0.000349097507964764896,2.66523593259106602e-14
0.000352719720028791518,2.63931080262142492e-14
0.00035363919239352853,2.63281546564802013e-14
0.000356379515919506026,2.61366245230927653e-14
0.000360077285604147066,2.58830770946110867e-14
0.000363813423096222628,2.56321382769934021e-14
0.000366829239258924674,2.54334576130463782e-14
0.000367588326497502392,2.5383978884752273e-14
0.00037140239804042707,2.51387213744437218e-14
0.000375256044130980736,2.48960345171651849e-14
0.00037914967539198458,2.46561085518781903e-14
0.000380581018874827889,2.45691646298279023e-14
0.000383083706706855795,2.4418753589063165e-14
0.000387058557263811526,2.41843514459087038e-14
0.000391074650600539695,2.39521611175959721e-14
0.000394928690472019429,2.37342425002385642e-14
0.00039513241464932583,2.37228451043446272e-14
0.000399232281782651844,2.34959350128841818e-14
0.000403374688859267102,2.32716581649918293e-14
0.000407560077270738606,2.3049565049373917e-14
0.000410013161887876573,2.29276931286564881e-14
0.000411788892988479813,2.28403856299947166e-14
0.000416061586611276667,2.26339333549966236e-14
0.000420378613413293322,2.24295337052771899e-14
0.000424740433392593754,2.22271481441007225e-14
0.000426458645218370657,2.21485523372635024e-14
0.000429147511320145568,2.20268280140232381e-14
0.000433600316789348144,2.18286009053627865e-14
0.000438099324266074866,2.16321741564062225e-14
0.000442645013139221002,2.14376907480065885e-14
0.000443633923168376321,2.13958887134342138e-14
0.000447237867771789548,2.12451242808940019e-14
0.000451878377552501042,2.10544900266993305e-14
0.000456567036947941291,2.08655348170762097e-14
0.000461304345555244887,2.06783322689037725e-14
0.000461548084738538717,2.06688024962907347e-14
0.000466090808155335253,2.04930319923474241e-14
0.000470926934766708524,2.03094000902981009e-14
0.000475813240699775284,2.01273928220079328e-14
0.000480213526718716777,1.99664245010979326e-14
0.000480750246611774724,1.99469944176712616e-14
0.000485738478562249395,1.97683926444715694e-14
0.000490778468069099996,1.95913445552891934e-14
0.000495870752165220853,1.94145228751382937e-14
0.000499486791853676841,1.92879150802076997e-14
0.000501015873455724155,1.92349427112632649e-14
0.00050621438017575402,1.90571397083550407e-14
0.000511466826248904108,1.88809425476060626e-14
0.000516773771346247871,1.8706307827852557e-14
0.000519049761009112175,1.8632463119315597e-14
0.000522135780945960723,1.85333965610085318e-14
0.000527553426393585396,1.8362141300259639e-14
0.000533027284962906036,1.81924282730118449e-14
0.00053855793991746055,1.80242359915666726e-14
0.000539387970752979512,1.79992850678246908e-14
0.000544145980572689907,1.78577758826542949e-14
0.000549792002358731697,1.76928545218503761e-14
0.000555496606883869041,1.75294169179168548e-14
0.000560536760895545594,1.73876240021625052e-14
0.000561260401998623274,1.73674823723122459e-14
0.000567084001860540942,1.72072346151972469e-14
0.000572968026999625843,1.7048432129380672e-14
0.000578913104384449311,1.68910666044235675e-14
0.000582532887520327698,1.67967487209264636e-14
0.000584919867488975753,1.67352156751713286e-14
0.000590988956360045006,1.6580940489467361e-14
0.000597121017685587052,1.64280512339431857e-14
0.000603316704863516963,1.62765529462125542e-14
0.000605413857517901575,1.62259528707808701e-14
0.00060957667807136476,1.61265853848439744e-14
0.000615901604336613906,1.59780423145040037e-14
0.000622292157607784844,1.58308273299701225e-14
0.000628749018826235901,1.56848906742908833e-14
0.000629211283432994038,1.56745541020558866e-14
0.000635272875998735777,1.55404650679215274e-14
0.000641864424270755378,1.53973046175446976e-14
0.00064852436600055336,1.52553438661271221e-14
0.00065407279343068134,1.51418932530435206e-14
0.000655253410834008595,1.511800935074447e-14
0.000662052275780236232,1.49820639603411449e-14
0.000668921685287994565,1.48473021687590138e-14
0.000675862371322866529,1.47134890800335686e-14
0.000680403230689218035,1.46273335620112391e-14
0.000682875073445261573,1.4580934780200713e-14
0.000689960538889221847,1.44494507271360156e-14
0.000697119522642032127,1.43190843383823366e-14
0.000704352787524684332,1.41896184308896662e-14
0.00070771453555080574,1.4130259905995336e-14
0.000711661104273139034,1.40613227316337142e-14
0.000719045251620466588,1.39340598458649109e-14
0.000726506016379817272,1.38077383850783474e-14
0.000734044193528261734,1.36823625708312248e-14
0.000736005629305549199,1.36500780654600825e-14
0.000741660586291498272,1.35580041936936951e-14
0.000749356006229442312,1.34347086187763052e-14
0.000757131273322695401,1.33121234253080983e-14
0.000764987216059926548,1.31905983731690259e-14
0.00076527259624960972,1.31862140139474854e-14
0.000772924671526147169,1.30699309395942537e-14
0.000780944485491901403,1.29503434073332517e-14
0.000789047512503395672,1.28314197038348412e-14
0.000795513495079799788,1.27381132318647331e-14
0.000797234615973548382,1.27135476351171108e-14
0.000805506668273991789,1.25966243778918654e-14
0.000813864550828027073,1.2481926109589945e-14
0.000822309154204543913,1.2370356532335496e-14
0.000827306470037257881,1.23052400435926165e-14
0.00083084137821291422,1.22596780026990537e-14
0.00083946213199887448,1.2149967837616479e-14
0.000848172334141383297,1.20409887707839087e-14
0.00085697291275052831,1.1932883125708555e-14
0.000860745524593567825,1.18870769771189849e-14
0.00086586480556639703,1.1825597405731345e-14
0.00087484896005900146,1.17193367807688718e-14
0.000883926333529243246,1.16137117908438851e-14
0.000893097893210911192,1.15090048771961649e-14
0.00089538808654938871,1.14831241454351108e-14
0.000902364616373748751,1.14051492356469784e-14
0.000911727490427576122,1.13022302984076044e-14
0.000921187513027523877,1.12000265594337609e-14
0.00093074569218031154,1.10986411600136124e-14
0.000931292347527896287,1.10928986489521816e-14
0.000940403046351675643,1.09982480509986288e-14
0.000950160604574883822,1.08986452476529832e-14
0.000960019406560377567,1.07998286459628225e-14
0.0009685286618489885,1.07159339982266681e-14
0.000969980502806569217,1.07017783936409635e-14
0.000980044954711769125,1.060597643839662e-14
0.000990213834687285009,1.05125800547604933e-14
0.00100048822627169115,1.04199674052808819e-14
0.00100816428502701677,1.03517795563017629e-14
0.00101086922424628679,1.03280152846230052e-14
0.00102135793475174159,1.02370278441199044e-14
0.00103195547540597175,1.01466438896040877e-14
0.00104266297542321938,1.00570082815669058e-14
0.00104957102032327955,9.99999999999999999e-15
0.00105348157573437877,9.96808531092528324e-15
0.00106441242910855985,9.88002630590715731e-15
0.00107545670027593244,9.79261644840403737e-15
0.00108661556605182588,9.70587027239207794e-15
0.00109257737901908648,9.66017479952260669e-15
0.0010978902154621256,9.61990669530819806e-15
0.0011092818498699686,9.53470012611630926e-15
0.00112079168310375465,9.45018168330831121e-15
0.00113242094158648699,9.36624938806052118e-15
0.00113724698704081168,9.33189771573323956e-15
0.00114417086446644552,9.28316557679219864e-15
0.00115604270374922501,9.20073636572122274e-15
0.00116803772443116759,9.11833255593384677e-15
0.00118015720463410229,9.03549042632777157e-15
0.00118322587885536114,9.01477631452488012e-15
0.00119240243574158126,8.95353665927886413e-15
0.00120477472253646096,8.87223696064928196e-15
0.00121727538333993568,8.79159746796506306e-15
0.00122990575015201164,8.71155252531401443e-15
0.0012304031910241039,8.70843149769072479e-15
0.00124266716879343567,8.63236543243812483e-15
0.00125556099904910335,8.55379865298742544e-15
0.00126858861481293756,8.47579615743482795e-15
0.00127934026904787193,8.41249704973608409e-15
0.00128175140423430153,8.3984647991209876e-15
0.00129505076986589213,8.32185240510130994e-15
0.00130848812881320552,8.24589084184625895e-15
0.00132206491288552596,8.17038124033816004e-15
0.00133005695680205128,8.12661920009194534e-15
0.00133578256874849368,8.0956301661909892e-15
0.00134964255807825294,8.02146676653446418e-15
0.00136364635771720135,7.94792541390692809e-15
0.00137779545983135258,7.87112178397587362e-15
0.00138149912450231728,7.85045620020447675e-15
0.00139209137206933671,7.7920684560945949e-15
0.0014065356177230347,7.71367965963322504e-15
0.00142112973588991305,7.63591230636314321e-15
0.00143108503122331831,7.58367791499719065e-15
0.00143587528163699666,7.5588492752466763e-15
0.00145077382616659021,7.48253601323366966e-15
0.0014658269569836827,7.4068698159856908e-15
0.00148103627806510846,7.33169876484565288e-15
0.00148220969690315751,7.32596542821520007e-15
0.00149640341003045603,7.25746382700804731e-15
0.00151192999031475279,7.1836888953218931e-15
0.00152761767334294133,7.11060368720708307e-15
0.00153491349922666326,7.07701066118188962e-15
0.00154346813070617104,7.03810656313052994e-15
0.00155948305133988592,6.96639286001155313e-15
0.00157566414170384128,6.89516287446322205e-15
0.0015892197188539179,6.8365160045102105e-15
0.00159201312596387742,6.82458009116163963e-15
0.00160853174617567519,6.75474723546893133e-15
0.00162522176247036434,6.68546940848633237e-15
0.0016420849532420754,6.61674555354617047e-15
0.00164519819554218859,6.60419396233030518e-15
0.00165912311533743586,6.54875348051554893e-15
0.0016763380642470317,6.48139807256666182e-15
0.00169373163429885986,6.41451100540158226e-15
0.00170290707629033341,6.37976680860625604e-15
0.00171130567885376629,6.34836274046435822e-15
0.00172906207050296781,6.28278956781634679e-15
0.00174700270126753929,6.21783320880455123e-15
0.00176239622547723073,6.16296625513296716e-15
0.00176512948280004179,6.15334688075271319e-15
0.00178344434658822068,6.0896792254709698e-15
0.0018019492441608035,6.02647300149610916e-15
0.00182064614729544753,5.96381346430830816e-15
0.00182374771325599914,5.95353313081434561e-15
0.00183953704822884174,5.90186303523831041e-15
0.00185862395986898709,5.8404686634059869e-15
0.00187790891600968572,5.77600364383467112e-15
0.00188523843858845252,5.75121707184161406e-15
0.00189739397154723457,5.71065291152515141e-15
0.00191708120269940724,5.64603161448210144e-15
0.00193697270722667151,5.58194686596753207e-15
0.00194521872414280451,5.55577622239885542e-15
0.001957070604655704,5.51866020449539052e-15
0.00197737703650525841,5.45600061797695772e-15
0.00199789416651433706,5.39397153016643869e-15
0.0020069444204311457,5.36697694554047627e-15
0.00201862418087275256,5.33260325714092681e-15
0.00203956928845407371,5.27196627926957025e-15
0.00206073172105099191,5.21184981899314025e-15
0.00207047285552978259,5.18459354389289156e-15
0.00208211373361313297,5.15245726001882519e-15
0.00210371760448731342,5.09372564360940234e-15
0.00212554563566033496,5.03554042015337951e-15
0.00213587823139428673,5.00840798984821215e-15
0.00214760015300426306,4.97804068335108645e-15
0.00216988350652422337,4.92119152999567026e-15
0.00219239807060887339,4.8648905766705415e-15
0.00220322489501008764,4.83820966492593724e-15
0.00221514624428334599,4.80922768217311919e-15
0.00223813045146490028,4.75424527186937272e-15
0.00226135314122119499,4.69974270530612894e-15
0.00227258543796272296,4.67379510799246381e-15
0.0022848167880312507,4.64592212525746919e-15
0.00230852389204911841,4.59270365517928047e-15
0.00233247697937026294,4.54001334622120517e-15
0.00234403360520911217,4.51496777203608361e-15
0.0023566786023007594,4.48793602206478035e-15
0.00238113133962923801,4.43649040148792771e-15
0.0024058377969016498,4.38552363571067104e-15
0.00241764437785619823,4.36153778920800561e-15
0.00243080060669892794,4.33517481535613965e-15
0.00245602242891748343,4.28542655079172578e-15
0.00248150595105263079,4.23614236663268472e-15
0.00249348919416049542,4.21332174384727156e-15
0.0025072538884849539,4.18746772745377689e-15
0.00253326898476964142,4.13935644218799735e-15
0.00255955401192882983,4.0917195279727981e-15
0.00257163498696170514,4.07014245321943904e-15
0.00258611177074695332,4.04464213519493364e-15
0.00261294509106921777,3.99814742314749286e-15
0.00264005683210308757,3.95206781360007397e-15
0.00265210799793058587,3.93182875570575447e-15
0.00266744988272298174,3.9064195832867055e-15
0.00269512716177810077,3.85903626148807366e-15
0.00272309161840339331,3.8121335804445973e-15
0.00273150633692908985,3.79821530619073631e-15
0.00275134623233384872,3.76586457534483949e-15
0.00277989401422200166,3.7201336155583527e-15
0.00280873800595867867,3.67485660043001492e-15
0.00281242392648038827,3.66914237840247922e-15
0.00283788128099718876,3.63023793029660773e-15
0.0028673269446807541,3.58610253777055757e-15
0.00289566154301455058,3.54445567397043555e-15
0.00289707813457347453,3.54240318471603606e-15
0.00292713802079454437,3.49938149389167193e-15
0.00295750980635613902,3.45676975508758763e-15
0.00298130351327452622,3.42400613797141154e-15
0.00298819672750466084,3.41464994239828545e-15
0.0030192020540655842,3.37311539383332433e-15
0.00305052908979187207,3.33200795139990414e-15
0.00306940150332831638,3.30764978074424259e-15
0.00308218117271600338,3.29139206072793328e-15
0.00311416167550565489,3.25132708169802118e-15
0.00314647400582308182,3.21165836468714339e-15
0.00316004754977510404,3.19524750575920058e-15
0.00317912160668819258,3.17251851469264244e-15
0.00321210795684546186,3.13386686655984696e-15
0.00324543657113455562,3.09559926340804851e-15
0.0032533263060791078,3.08666494333727433e-15
0.00327911100086489692,3.05788855541715353e-15
0.00331313483419404831,3.02060461992775905e-15
0.00334751169651005091,2.98370032473323001e-15
0.00334932946282160236,2.98177229001966109e-15
0.00338224525081772823,2.94736647358968419e-15
0.00341733919812899083,2.91141706888912806e-15
0.00344815932681670366,2.88044415339629781e-15
0.00345279727785720723,2.87585087614956383e-15
0.00348862326821562322,2.84083305499965714e-15
0.00352482098661998939,2.80616700381615225e-15
0.00354991443339281855,2.78255940220711459e-15
0.00356139429009530461,2.77191666123491727e-15
0.00359834707568677515,2.7381563236647537e-15
0.00363568328087510588,2.7047378770907597e-15
0.00365468887548291963,2.68800102153760755e-15
0.00367340688399602799,2.67175848205908999e-15
0.00371152190466421237,2.63921734869542838e-15
0.00375003240420158114,2.60700707363980172e-15
0.00376259293236936256,2.59665597293486175e-15
0.00378894248607005645,2.57526008081347055e-15
0.00382825629630881036,2.54271406253544067e-15
0.00386797802397601306,2.50911961399526702e-15
0.00386882150671853731,2.50841505927754101e-15
0.00390811190159525024,2.47609588232431998e-15
0.00394866220560645219,2.44344825823451452e-15
0.00397429910951654008,2.4231727942375807e-15
0.00398963325682162494,2.4112301120727493e-15
0.00403102942088521831,2.37950454885691341e-15
0.0040728551087393132,2.34812514639579653e-15
0.00408272744280211302,2.34082727617829423e-15
0.00411511477709362563,2.31725130248636582e-15
0.00415781292890038993,2.28676660054805766e-15
0.00419423689566752687,2.26128006633727023e-15
0.00420095411383416783,2.25665163759185753e-15
0.00424454292877664231,2.22704028481092971e-15
0.00428858401830640622,2.19775610164261307e-15
0.0043089610575299412,2.18443607114942829e-15
0.00433308207519391645,2.16890996541514237e-15
0.00437804184090146515,2.14046480413809491e-15
0.00442346810608845949,2.11235405694358737e-15
0.00442698866606889945,2.11020342856858785e-15
0.00446936571112185903,2.08471354885042501e-15
0.00451573954659193661,2.05741975061479427e-15
0.00454849439037884865,2.03849339825246434e-15
0.00456259455383340456,2.03047101331141508e-15
0.00460993572545192391,2.00396816320593154e-15
0.00465776810585609637,1.97775511475577824e-15
0.00467359536059453804,1.96922025547916558e-15
0.00470609679179497343,1.95196325624484073e-15
0.00475492693290109001,1.92651826252290804e-15
0.00480240395990216266,1.90230118866894587e-15
0.00480426373223929852,1.9013671296573556e-15
0.0048541124468609998,1.87666780499200271e-15
0.00490447838836447243,1.85224144341727251e-15
0.00493511894518793188,1.83765620038816479e-15
0.0049553669234607704,1.82816636492364788e-15
0.00500678347454553563,1.80386028338714986e-15
0.00505873352027687989,1.77978634654899775e-15
0.00506875245338579826,1.77520801171763602e-15
0.00511122259615906049,1.75610365426664158e-15
0.00516425629513236042,1.73274694579539165e-15
0.00520560295854396373,1.71488196987053393e-15
0.00521784026816904452,1.70967701853504758e-15
0.00527198022487544827,1.68701081596440457e-15
0.00532668193410043884,1.66459436684749656e-15
0.00534650200582292583,1.65660595894991515e-15
0.00538195122455002461,1.64254175635115992e-15
0.00543779398540850449,1.62079513062542442e-15
0.00549153563781643007,1.60031031373868863e-15
0.00549421616696594469,1.59930453953233283e-15
0.00555122378125221655,1.5782077432569415e-15
0.00560882290267760586,1.55734636814785144e-15
0.00564093632354867086,1.54592773641947855e-15
0.00566701966868006624,1.53679851680649948e-15
0.0057258202803791929,1.51655445647325685e-15
0.00578523100323700067,1.49655753838651306e-15
0.00579476145238010026,1.4933932161242473e-15
0.00584525816772542987,1.47689055956255505e-15
0.00590590817000108678,1.45749092060646618e-15
0.00595321131888557784,1.4426439512181588e-15
0.00596718747258657124,1.43832612252991592e-15
0.00602910260505922418,1.41955568987934542e-15
0.00609166016474682838,1.40128123145555264e-15
0.00611834013630969264,1.39361927422413783e-15
0.00615486681743059214,1.38329328643997707e-15
0.00621872929805541597,1.36555904410189016e-15
0.00628325441144753341,1.34802176186827845e-15
0.00628982684151880909,1.34626057929891112e-15
0.00634844903303959221,1.33079778182265075e-15
0.00641432010960327648,1.31377275682443327e-15
0.00646667307643165719,1.30051125217340456e-15
0.0064808746599894641,1.29697012228914402e-15
0.00654811977587620448,1.28044162183274522e-15
0.00661606262252426427,1.26410869385470944e-15
0.00664900450087258778,1.25631660247412151e-15
0.00668471043954071123,1.24800322587756868e-15
0.00675407054165027104,1.23215083281294641e-15
0.00682415031947475672,1.21645770914337147e-15
0.00683700158549145237,1.21362379834423686e-15
0.0068949572403205717,1.20104471394749352e-15
0.0069664988489743853,1.18581384973173733e-15
0.00703091216246711649,1.17238180328659984e-15
0.00703878276850707456,1.17076635698027295e-15
0.00711181670108594093,1.15598344127115456e-15
0.00718560842879547924,1.14136176055829062e-15
0.0072309393746048389,1.1325413151528081e-15
0.00726016581446662452,1.12694415420569711e-15
0.00733549680251437891,1.1123596152076251e-15
0.00741160941978455987,1.09780928369135422e-15
0.0074315433722054502,1.09405470720574348e-15
0.00748851177640896291,1.08349690076764126e-15
0.0075662120666695619,1.06939350338005122e-15
0.00763653917761644814,1.05687597118480071e-15
0.0076447185698716417,1.05544346400049866e-15
0.00772403965122600179,1.04177853208946634e-15
0.00780418376274029631,1.02825201490538001e-15
0.00784824898983469978,1.02096066230604751e-15
0.00788515944411967415,1.01495127727085802e-15
0.00796697532367657125,1.0018522779131717e-15
0.00804964011925036833,9.88920053348128316e-16
0.00806687119901115447,9.86265846131279105e-16
0.00813316263913602754,9.76218941043272401e-16
0.00821755178302284796,9.63695416346684861e-16
0.00829293337608538195,9.52750047242729919e-16
0.00830281654294268321,9.51338068689904325e-16
0.00838896600422810204,9.39213640319695611e-16
0.00847600934648046456,9.27252863065665834e-16
0.00852267851157242618,9.20373199661819294e-16
0.0085639558445480559,9.14389801771852483e-16
0.00865281486951437034,8.98650857378798387e-16
0.00870782323354004882,8.89096598952916731e-16
0.00874259588969656266,8.8316768032650838e-16
0.00883330847165450826,8.68038108854316842e-16
0.00888928722457908839,8.58882855954625868e-16
0.00892496228121002391,8.53154750195420865e-16
0.00901756708447675034,8.38603185636588049e-16
0.00907542704053919017,8.2969585208349151e-16
0.00911113274890096486,8.24299038326896109e-16
0.00920566924431286566,8.10304310589882166e-16
0.00927797278250113688,8.01500696156534755e-16
0.00930118664398893155,7.98721624997195198e-16
0.00939769512572527118,7.87693015235108984e-16
0.00949520497292212397,7.76819605654229999e-16
0.00951851438143623248,7.74263682681127799e-16
0.00959372657567960396,7.66153249876508501e-16
0.00969327043190474436,7.55671773344803555e-16
0.00976805114627069421,7.47952251562182872e-16
0.00979384714843022637,7.45333385413492888e-16
0.00989546744214443304,7.3523120798434028e-16
0.00999814214113350585,7.25233447622496711e-16
0.0100264852239973433,7.22534949178722162e-16
0.0101018821858350616,7.15474991709723836e-16
0.010206698630203953,7.06023929298069658e-16
0.0103080072615428157,6.97981390783061003e-16
0.0103126026428901162,6.97622308529843971e-16
0.0104196055084286444,6.89379261590042839e-16
0.0105277186284422018,6.81263303080977269e-16
0.010623031785823578,6.74262224177837656e-16
0.0106369535228559356,6.73255698391242334e-16
0.0107473218311248682,6.6541953268581792e-16
0.0108588353134743944,6.57693311540685224e-16
0.0109523886597046889,6.51349094627278298e-16
0.0109715058521529883,6.50073067967789557e-16
0.0110853454526986852,6.42628512287148686e-16
0.0112003662452181224,6.35263073790460115e-16
0.0112974053210688122,6.29214610961035005e-16
0.0113165804856791012,6.28038194589076315e-16
0.0114340005572165362,6.20930857070237313e-16
0.0115526389714518171,6.13961471684874516e-16
0.0116588938494021017,6.07832312829721116e-16
0.0116725083698262125,6.07059337578922248e-16
0.0117936215249476749,6.00331775287388053e-16
0.0119159913419517316,5.93674085241814952e-16
0.012038504267515054,5.87176639073328567e-16
0.0120396308598769624,5.87117830541449039e-16
0.0121645532530539278,5.80699629197730547e-16
0.0122907718325092513,5.74367144553160512e-16
0.0124183000473838374,5.68616455614537244e-16
0.0124500541611549873,5.67222897164452636e-16
0.0125471514863659684,5.63027131268443592e-16
0.0126773398791392315,5.57534311320057674e-16
0.0128088790978454817,5.52094152408869709e-16
0.0129117083430449702,5.4794723369002928e-16
0.0129417831585630253,5.46753026662946603e-16
0.0130760662227998674,5.41495241729193352e-16
0.0132117425990031213,5.36328503399158997e-16
0.0133488267440831643,5.31201793023622801e-16
0.0134001016640951634,5.29326605836054494e-16
0.0134873332649543751,5.26185926854585582e-16
0.0136272769200915676,5.21235978046207389e-16
0.0137686726211023275,5.16352917558228946e-16
0.0139115354343161732,5.11520819760845208e-16
0.01391701219377953,5.11338753841433091e-16
0.0140558805823898166,5.06794647526800315e-16
0.0142017234459292162,5.02126170547820448e-16
0.0143490795651284885,4.97506975258098549e-16
0.0144647427762144022,4.93962174387830573e-16
0.014497964641425658,4.92960026848987235e-16
0.0146483945391758978,4.88495148446478899e-16
0.0148003852873418517,4.84103420889609578e-16
0.0149539530812015049,4.79745174217208528e-16
0.0150471155072154496,4.77176094893875044e-16
0.0151091142840740364,4.754935443109239e-16
0.0152658854290632848,4.71303742464160277e-16
0.0154242832208194546,4.6719829861848534e-16
0.0155843245373190679,4.63133093054873351e-16
0.0156778727991380189,4.60960448682841922e-16
0.0157460264316633865,4.59402559053774718e-16
0.015909406133895522,4.55761567880668033e-16
0.0160744810528362542,4.52188093473110025e-16
0.0162412687779392004,4.48679309059256403e-16
0.016406383070890097,4.45295850994266002e-16
0.0164097870811649561,4.45227206822149227e-16
0.0165800539188746736,4.4189920590109805e-16
0.0167520874337435588,4.38614287786441221e-16
0.0169259059566940889,4.35429788759686271e-16
0.0171015280088489428,4.3227205984237967e-16
0.0172246712255057581,4.30163575810678204e-16
0.017278972303504847,4.29248777129160183e-16
0.0174582577481263578,4.26279452169751958e-16
0.0176394034463607781,4.23424307458312694e-16
0.0178224287000732459,4.20609593895878051e-16
0.0180073530114040151,4.17895222277287723e-16
0.0181726625425162502,4.15545533471887959e-16
0.0181941960848460533,4.15244459152518155e-16
0.0183829778293449208,4.1271184979727578e-16
0.0185737183604199998,4.10259054762886168e-16
0.0187664380023079514,4.07872728894380686e-16
0.0189611572901283279,4.05587626899211899e-16
0.0191578969720716924,4.03350287263008616e-16
0.0193390998027369306,4.01424249049930978e-16
0.0193566780116104633,4.01240520498001424e-16
0.0195575215897325538,3.99190915240024506e-16
0.0197604491071982794,3.9729039383556372e-16
0.0199654821868212111,3.95417368973303255e-16
0.0201726426757712215,3.93683160976428848e-16
0.0203819526479032822,3.91996526956077885e-16
0.0205934344061090909,3.90432289117495978e-16
0.020807110484693639,3.88940651625710287e-16
0.0209874568642356694,3.87782841458946124e-16
0.0210230036517763399,3.87558610528609416e-16
0.0212411369117170684,3.86298066737587371e-16
0.021461533507567428,3.85124331322373692e-16
0.0216842169235472083,3.84080018336147366e-16
0.0219092108875470012,3.83103903157338653e-16
0.0221365393736563958,3.82446451859348635e-16
0.0223662266047183573,3.81860835415187951e-16
0.0225982970549105704,3.81475136026839658e-16
0.0228327754523530863,3.81144167215368933e-16
0.0230696867817432471,3.81002826439473653e-16
0.0233090562870179154,3.80946239757426104e-16
0.0235509094740433358,3.81062519415212198e-16
0.0237952721133329943,3.81299293588828107e-16
0.0240421702427930757,3.81695276907362804e-16
0.024291630170498006,3.82249645900120431e-16
0.0245436784774923101,3.82953131292458041e-16
0.0247983420206240378,3.83855884135891616e-16
0.0250556479354059547,3.8490187580609723e-16
0.0253156236389070861,3.86192101679380675e-16
0.0255782968326740861,3.87624822455294262e-16
0.0256028618687225468,3.87782841458946124e-16
0.0258436955056829937,3.89412793349800746e-16
0.0261118479373215586,3.91386667191302205e-16
0.0263827827004025951,3.93694109686849972e-16
0.0266565286642082632,3.96245937461520865e-16
0.026933114997566767,3.99156182773244466e-16
0.0271300144203054905,4.01424249049930978e-16
0.0272125711719599925,4.02444718832992482e-16
0.0274949269646636322,4.0628317078259221e-16
0.0277802124619207084,4.10599142278595796e-16
0.0280684580621470138,4.15435451282106079e-16
0.0280744841805572659,4.15545533471887959e-16
0.0283596944791700058,4.21288445661062157e-16
0.0286539527455021366,4.27894837540844756e-16
0.028744870501124844,4.30163575810678204e-16
0.0289512642156466357,4.35994955932851692e-16
0.0292462252065941133,4.45295850994266002e-16
0.0292516605694394074,4.45495397865951866e-16
0.0295551738154237606,4.58082802147848478e-16
0.0296177654819183722,4.60960448682841922e-16
0.0298618362942617238,4.74845791419019546e-16
0.0298978975359792821,4.77176094893875044e-16
0.0300975643968127556,4.93962174387830573e-16
0.0301716806821798459,5.02913101233900784e-16
0.0302345853356643952,5.11338753841433091e-16
0.0303167944094550647,5.29326605836056663e-16
0.0303521245802496597,5.4794723369002928e-16
0.0303458947145517096,5.67222897164452636e-16
0.030302991734819483,5.87176639073326102e-16
0.0302278865954507552,6.07832312829721116e-16
0.0301716806821798459,6.19080127519520334e-16
0.0301233792085521519,6.29214610961035005e-16
0.0299923289243483767,6.51349094627278298e-16
0.0298618362942616642,6.70728870044280203e-16
0.0298388877440146096,6.74262224177834895e-16
0.0296614526943951882,6.97981390783063862e-16
0.0295551738154237606,7.11026926730040991e-16
0.0294660579654912166,7.22534949178722162e-16
0.0292546205139309689,7.47952251562176758e-16
0.0292516605694394074,7.48277420649348856e-16
0.0290242141519535817,7.74263682681127799e-16
0.0289512642156466357,7.82138567202608793e-16
0.0287808234113920145,8.01500696156538009e-16
0.028653952745502077,8.15161358551248831e-16
0.0285246842367699221,8.2969585208349151e-16
0.0283596944791700058,8.47326611534400453e-16
0.0282568117271603718,8.58882855954622318e-16
0.028068458062146958,8.79042062314107102e-16
0.0279787793088276349,8.89096598952916731e-16
0.0277802124619207084,9.10358127783058683e-16
0.0276911626646130122,9.20373199661819294e-16
0.0274949269646636322,9.41495315352771566e-16
0.0273953192692838125,9.52750047242729919e-16
0.0272125711719599925,9.72550454602963657e-16
0.0270919443354519419,9.86265846131279105e-16
0.0269331149975668229,1.00361363159356676e-15
0.0267820952153172679,1.02096066230604751e-15
0.0266565286642083712,1.03483901135659863e-15
0.0264663365610160381,1.05687597118480071e-15
0.0263827827004025951,1.06620521566333213e-15
0.0261460342907224894,1.09405470720574348e-15
0.0261118479373215586,1.09793562869020893e-15
0.0258436955056829937,1.12963471877148099e-15
0.0258202015254385695,1.1325413151528081e-15
0.0255782968326740861,1.1614105373233963e-15
0.0254904359139130339,1.17238180328659984e-15
0.0253156236389070861,1.19346599230315867e-15
0.02515722653119931,1.21362379834423686e-15
0.0250556479354059547,1.22612616979097569e-15
0.0248216485116999969,1.25631660247412151e-15
0.0247983420206240378,1.25922812453309423e-15
0.0245436784774923101,1.29228496551909065e-15
0.024482989418755725,1.30051125217340456e-15
0.024291630170498006,1.32561828163422432e-15
0.0241421742845438384,1.34626057929891112e-15
0.0240421702427931726,1.35964532812429502e-15
0.0238008286379078142,1.39361927422413783e-15
0.0237952721133329458,1.39437806682132733e-15
0.0235509094740433358,1.42870253522646802e-15
0.0234565853147419542,1.4426439512181588e-15
0.0233090562870179154,1.46379142762606866e-15
0.0231123926817902848,1.4933932161242473e-15
0.0230696867817432471,1.49963354904860084e-15
0.0228327754523530863,1.53561956639801868e-15
0.0227674133498905934,1.54592773641947855e-15
0.0225982970549105704,1.5718136576652655e-15
0.0224221882287232615,1.60031031373869514e-15
0.0223662266047183573,1.60910799379732928e-15
0.0221365393736563958,1.6464138488189606e-15
0.022076331800647404,1.65660595894991515e-15
0.0219092108875470012,1.68408570015052088e-15
0.0217291518165955208,1.71488196987053393e-15
0.0216842169235472083,1.72235298588629561e-15
0.0214615335075673834,1.76072256255136813e-15
0.0213808035408436284,1.77520801171763602e-15
0.0212411369117170684,1.7995658207323786e-15
0.0210341483479418606,1.83765620038816479e-15
0.0210230036517763399,1.83965137286195736e-15
0.020807110484693639,1.87925231965311054e-15
0.0206875902217817865,1.90230118866894587e-15
0.0205934344061090909,1.91996314345322754e-15
0.0203819526479032822,1.96147653937149589e-15
0.0203436393509996012,1.96922025547916558e-15
0.0201726426757712215,2.00283400625647193e-15
0.0200011768455232121,2.03849339825246434e-15
0.0199654821868211702,2.04571974751646677e-15
0.0197604491071983203,2.08833326882920928e-15
0.0196602574717406109,2.11020342856858785e-15
0.0195575215897324718,2.1320318445098619e-15
0.0193566780116104223,2.17653327662561049e-15
0.0193221516175775528,2.18443607114942829e-15
0.0191578969720716924,2.2210281288838171e-15
0.0189864076974392682,2.26128006633727969e-15
0.0189611572901283279,2.26705320301525066e-15
0.0187664380023079514,2.31283292861470899e-15
0.0186528882296760865,2.34082727617829423e-15
0.0185737183604199998,2.35983854740590425e-15
0.0183829778293449208,2.40752770508587255e-15
0.0183225663645998388,2.42317279423759096e-15
0.0181941960848460533,2.45555210508144067e-15
0.0180073530114040151,2.50519748820223276e-15
0.0179955266755945943,2.50841505927754101e-15
0.0178224287000732459,2.55428152650550109e-15
0.0176709828604534864,2.59665597293486175e-15
0.0176394034463607781,2.60526835133617391e-15
0.0174582577481263913,2.65612016985099189e-15
0.0173497555532411635,2.6880010215376186e-15
0.017278972303504847,2.70827212600496002e-15
0.0171015280088489428,2.76117114851822857e-15
0.0170322435583749153,2.78255940220711459e-15
0.0169259059566940889,2.81455348673482436e-15
0.0167520874337435942,2.86951754775335548e-15
0.0167184352967248093,2.88044415339629781e-15
0.0165800539188746736,2.92423550996843726e-15
0.0164097870811649561,2.98133202478122195e-15
0.0164084982476290874,2.98177229001966109e-15
0.0162412687779392004,3.03744809996810796e-15
0.0161017444509917945,3.08666494333727433e-15
0.0160744810528362542,3.0960453792075367e-15
0.015909406133895522,3.15432829312055668e-15
0.0157991344335747622,3.19524750575920058e-15
0.0157460264316633865,3.21446964531517085e-15
0.0155843245373190679,3.27498102439053754e-15
0.0154996035651345961,3.30764978074424259e-15
0.0154242832208194546,3.33597576841153923e-15
0.0152658854290632848,3.39801856766109664e-15
0.0152018656860267799,3.42400613797141154e-15
0.0151091142840740364,3.46072701114550953e-15
0.0149539530812015049,3.52508267031461468e-15
0.0149086375252206288,3.54445567397043555e-15
0.0148003852873418219,3.58959341824543943e-15
0.0146483945391759276,3.65631662862257238e-15
0.014619929848878473,3.66914237840247922e-15
0.0144979646414256282,3.72274452317860714e-15
0.0143490795651284885,3.7919268943147495e-15
0.0143358414042861368,3.79821530619073631e-15
0.0142017234459292162,3.86035778716998663e-15
0.0140563981843137257,3.93182875570577025e-15
0.0140558805823898166,3.93207724209611415e-15
0.0139115354343161732,4.00260781131069335e-15
0.0137812694273564853,4.07014245321943904e-15
0.0137686726211023275,4.07651762270229732e-15
0.0136272769200915676,4.14964676375805415e-15
0.0135107520534823816,4.21332174384727156e-15
0.013487333264954403,4.2258147855170264e-15
0.0133488267440831643,4.30161076966096253e-15
0.0132447697389974762,4.36153778920800561e-15
0.0132117425990030933,4.38010701627918828e-15
0.0130760662227998674,4.45863773237091102e-15
0.012983247104747029,4.51496777203608361e-15
0.0129417831585630253,4.5395353823589596e-15
0.0128088790978454817,4.62083920693815128e-15
0.0127260930970509238,4.67379510799246381e-15
0.0126773398791392315,4.70424390936710418e-15
0.0125471514863659684,4.78838443912996522e-15
0.0124732467201995608,4.83820966492593724e-15
0.0124183000473838374,4.87437960985631945e-15
0.0122907718325092513,4.96122201798321183e-15
0.0122228635094225574,5.00840798984821215e-15
0.0121645532530539278,5.04796304772559364e-15
0.0120396308598769624,5.13583087660365829e-15
0.0119730299214148186,5.18459354389289156e-15
0.0119159913419517316,5.22536634533427252e-15
0.0117936215249476507,5.31600414409558719e-15
0.0117275449363497831,5.36697694554047627e-15
0.0116725083698262125,5.40843079274551448e-15
0.0115526389714518171,5.50188899354713686e-15
0.0114863342826436832,5.55577622239885542e-15
0.011434000557216512,5.59730738333010838e-15
0.0113165804856791012,5.6936359035853814e-15
0.0112492938988077231,5.75121707184161406e-15
0.0112003662452181224,5.79210394925557214e-15
0.0110853454526986852,5.89140712072135072e-15
0.0110163981847536061,5.95353313081434561e-15
0.0109715058521529883,5.9930364412338462e-15
0.0108588353134743944,6.0953837317274257e-15
0.0107876094455987606,6.16296625513294192e-15
0.010747321831124913,6.20029998222594084e-15
0.0106369535228559356,6.30576210309744001e-15
0.0105628932656404208,6.37976680860625604e-15
0.0105277186284422018,6.41409618935981071e-15
0.0104196055084286444,6.52274578522446219e-15
0.010342214135592211,6.60419396233030518e-15
0.0103126026428901162,6.63463372365745381e-15
0.010206698630203953,6.74654540240236543e-15
0.0101231159528263826,6.8365160045102105e-15
0.0101018821858350616,6.85883784869540198e-15
0.00999814214113350585,6.96977804768132144e-15
0.00990298580394184217,7.07701066118188962e-15
0.00989546744214443304,7.08528532276485222e-15
0.00979384714843022637,7.19909944217845978e-15
0.00969327043190474436,7.31820931700717332e-15
0.00968683262793814391,7.32596542821520007e-15
0.00959372657567960396,7.43545982804715231e-15
0.00949520497292212397,7.55766042002681313e-15
0.00947470424045642093,7.58367791499719065e-15
0.00939769512572527118,7.67908722350538746e-15
0.00930118664398893155,7.80444271730508289e-15
0.00926643265822567977,7.85045620020447675e-15
0.00920566924431286566,7.92899549293981962e-15
0.00911113274890096486,8.04763744901536474e-15
0.00905050916445796378,8.12661920009194534e-15
0.00901756708447675034,8.16850177378294913e-15
0.00892496228121002391,8.28929851087609658e-15
0.00883522726491527259,8.41249704973608409e-15
0.00883330847165452503,8.41506824767425031e-15
0.00874259588969656266,8.53805329814398795e-15
0.00865281486951437034,8.66620191647685405e-15
0.00862396126302804798,8.70843149769072479e-15
0.0085639558445480559,8.79410936799014151e-15
0.00847600934648046456,8.93678457094765309e-15
0.00843096071147745848,9.01477631452488012e-15
0.00838896600422810204,9.08577770965966678e-15
0.00830281654294268321,9.23663202510726931e-15
0.00825062088603381999,9.33189771573323956e-15
0.00821755178302284796,9.39084582355646333e-15
0.00813316263913602754,9.54604263147442868e-15
0.00807385672619268112,9.66017479952260669e-15
0.00804964011925036833,9.70569553608832506e-15
0.00796697532367655449,9.86535703660840887e-15
0.00790063254785527103,9.99999999999999999e-15
0.00788515944411965832,1.00306757071627741e-14
0.00780418376274031214,1.01949296182458126e-14
0.00773091090749184508,1.03517795563017203e-14
0.00772403965122598596,1.03661492084269829e-14
0.0076447185698716417,1.05351290555188581e-14
0.0075662120666695619,1.07122557369832573e-14
0.00756460799863572605,1.07159339982267107e-14
0.00748851177640896291,1.08863167799740405e-14
0.00741160941978455987,1.10685307305561847e-14
0.00740153697328800801,1.10928986489521816e-14
0.00733549680251437891,1.12489183367527536e-14
0.00726016581446662452,1.14369271177710632e-14
0.00724226769283619151,1.14831241454351108e-14
0.00718560842879547924,1.16259638634318315e-14
0.00711181670108592697,1.18211160408377164e-14
0.0070876006978529254,1.18870769771189849e-14
0.0070387827685070606,1.20169675339831139e-14
0.0069664988489743853,1.22179329525741403e-14
0.00693612623907987215,1.23052400435926165e-14
0.00689495724032055773,1.2420849630823469e-14
0.00682415031947475672,1.26277908407208744e-14
0.0067877830445546275,1.27381132318647331e-14
0.00675407054165028501,1.28380308649915709e-14
0.00668471043954071123,1.30511141522579377e-14
0.00664251028411497362,1.31862140139474854e-14
0.00661606262252426427,1.32689450181593308e-14
0.00654811977587620448,1.34883223127821202e-14
0.00650024655703132041,1.36500780654600257e-14
0.00648087465998947713,1.37140399844040754e-14
0.00641432010960326344,1.393988172729565e-14
0.00636093567039749399,1.4130259905995336e-14
0.00634844903303960524,1.41737782299915821e-14
0.00628325441144753341,1.44062629401096858e-14
0.00622452023761048354,1.46273335620112391e-14
0.00621872929805541597,1.46486372681957996e-14
0.00615486681743059214,1.48879481994041927e-14
0.00609166016474682838,1.51389201901301804e-14
0.00609092292616553325,1.51418932530435206e-14
0.00602910260505922418,1.53854354125542285e-14
0.00596718747258657124,1.56424930812673864e-14
0.00595961076324739307,1.56745541020558866e-14
0.00590590817000108678,1.58965590702282899e-14
0.00584525816772542987,1.61607533444603623e-14
0.00583065767316437326,1.62259528707808701e-14
0.00578523100323700067,1.64241525905266652e-14
0.0057258202803791929,1.66958848367702269e-14
0.00570441905149218813,1.67967487209264636e-14
0.00566701966868006624,1.69689836827690966e-14
0.00560882290267760586,1.72484529830257706e-14
0.00558084491942031495,1.73876240021625052e-14
0.00555122378125221655,1.75316160719337219e-14
0.00549421616696594469,1.78190350030310026e-14
0.00545988402967388648,1.79992850678246908e-14
0.00543779398540850449,1.81126346570464576e-14
0.00538195122455002461,1.84082221314193978e-14
0.00534148511422622297,1.8632463119315597e-14
0.00532668193410043884,1.87126441239298876e-14
0.00527198022487544827,1.90166253268844577e-14
0.00522559771972020902,1.92879150802076208e-14
0.00521784026816905569,1.93322693221534039e-14
0.00516425629513236042,1.96448759023435746e-14
0.00511217219899563957,1.99664245010979326e-14
0.00511122259615906049,1.99721559466017614e-14
0.00505873352027687989,2.02936262125660256e-14
0.00500678347454553563,2.06305286699346861e-14
0.00500099868197193183,2.06688024962907347e-14
0.00495536692346076015,2.09638247449156785e-14
0.00490447838836447243,2.13131066701069225e-14
0.00489271143363476638,2.13958887134342138e-14
0.0048541124468609998,2.16612829351723404e-14
0.00480426373223929852,2.20206469856517316e-14
0.00478703910878247209,2.21485523372635024e-14
0.00475492693290110957,2.23816271715641791e-14
0.00470609679179497343,2.27513562426818964e-14
0.00468359946893304307,2.29276931286564881e-14
0.00465776810585609637,2.31256129584505188e-14
0.00460993572545192391,2.35059982044614029e-14
0.00458234856641986407,2.37342425002385642e-14
0.00456259455383340456,2.38940218861112563e-14
0.00451573954659193661,2.42853669769919828e-14
0.00448324386963995174,2.45691646298279023e-14
0.00446936571112185903,2.46876678538124025e-14
0.00442346810608845949,2.50902954431014326e-14
0.00438624356276293099,2.54334576130463782e-14
0.00437804184090146515,2.5507389628111948e-14
0.00433308207519390807,2.59216529280318446e-14
0.00429130963830725942,2.63281546564802013e-14
0.00428858401830640622,2.63540927234840872e-14
0.00424454292877663393,2.67803407751591226e-14
0.00420095411383416783,2.72269885389937296e-14
0.00419833237301051896,2.72543253128101652e-14
0.00415781292890038993,2.76672924524809805e-14
0.00411511477709362563,2.81267775921981833e-14
0.00410727525577895669,2.82130767593947089e-14
0.0040728551087393132,2.85834747333145542e-14
0.00403102942088521831,2.90561841805947195e-14
0.0040181773501271191,2.92055551218273313e-14
0.00398963325682163332,2.95298889215605082e-14
0.00394866220560645219,3.00162234555263156e-14
0.0039310009886510605,3.02329468440577622e-14
0.00390811190159525024,3.05075721232599796e-14
0.00386797802397601306,3.10079469207942905e-14
0.00384570873531527259,3.12964801067073775e-14
0.00382825629630881036,3.15175940570552977e-14
0.00378894248607005645,3.20388012152616972e-14
0.00376329433618363179,3.23974262952819545e-14
0.00375003240420157369,3.2578802663013628e-14
0.00371152190466421237,3.31214086628731361e-14
0.00368336752547863452,3.35371015200291495e-14
0.00367340688399602054,3.36809617649895691e-14
0.00363568328087510588,3.42403620544692099e-14
0.00360512134536628844,3.47168681892655957e-14
0.00359834707568677515,3.48201953524381937e-14
0.00356139429009530461,3.53969157860498209e-14
0.00352852326840430778,3.59381366380461088e-14
0.00352482098661998939,3.59977759365913108e-14
0.00348862326821562322,3.65923574773791297e-14
0.00345354079704597965,3.72023668141306619e-14
0.00345279727785721468,3.72150164323985734e-14
0.00341733919812899083,3.78280174355565408e-14
0.00338224525081772823,3.84707698219148709e-14
0.00338008471270758007,3.85110700232555324e-14
0.00334751169651005091,3.91052800312999508e-14
0.00331313483419404831,3.97678849439603116e-14
0.00330816368970214156,3.9865810735804388e-14
0.00327911100086489692,4.04255713278336286e-14
0.00324543657113455562,4.11086480598316775e-14
0.00323776688323604828,4.12682084570293466e-14
0.00321210795684546186,4.17903636103524254e-14
0.00317912160668819258,4.24945553706852701e-14
0.00316886370848985575,4.27199396630677678e-14
0.00314647400582308834,4.32011837998532558e-14
0.00311416167550565489,4.39271554923631698e-14
0.00310142408443704387,4.42227398050587872e-14
0.00308218117271600338,4.46596123235581819e-14
0.00305052908979187207,4.540805132487936e-14
0.00303541843121704692,4.57784053837661623e-14
0.00301920205406559072,4.61672850230646048e-14
0.00298819672750466084,4.69389019895779251e-14
0.00297081766721435543,4.73887960971763193e-14
0.00295750980635613902,4.77258951315356483e-14
0.00292713802079454437,4.85214450942709258e-14
0.00290759341454353137,4.90558370636504536e-14
0.00289707813457347453,4.93371931800410254e-14
0.00286732694468076015,5.01574520557038562e-14
0.00284571699477880308,5.07815211232764958e-14
0.00283788128099718876,5.10029819629117266e-14
0.00280873800595867867,5.18487303605366615e-14
0.00278515978864275385,5.25679112201844081e-14
0.00277989401422200166,5.27251159361364862e-14
0.00275134623233385431,5.35971571430355722e-14
0.0027258938358954615,5.44171428686586541e-14
0.00272309161840339331,5.45055102588688965e-14
0.00269512716177810077,5.54046733727663826e-14
0.00266789175242322777,5.63314267060135152e-14
0.00266744988272298733,5.63461455325636393e-14
0.00264005683210308757,5.72845317552024522e-14
0.00261294509106921777,5.82692380652254925e-14
0.00261176042799094087,5.8313051135262186e-14
0.0025861117707469482,5.92413155497898475e-14
0.00255955401192882983,6.025763137883012e-14
0.00255682114463249175,6.03643850607586416e-14
0.00253326898476964142,6.1264767969009084e-14
0.0025072538884849539,6.2313727410727416e-14
0.0025030328664732175,6.24878807200688742e-14
0.00248150595105263079,6.33571648625185774e-14
0.00245602242891748343,6.4439817428406871e-14
0.00245037141214704653,6.46860766154632069e-14
0.00243080060669892794,6.55208600342173445e-14
0.0024058377969016498,6.66382893535191599e-14
0.00239881352603560081,6.69616005485318825e-14
0.00238113133962923801,6.77582879218205888e-14
0.0023566786023007594,6.89116128639282716e-14
0.00234833642068306263,6.93171727615540048e-14
0.00233247697937026294,7.00719672388714152e-14
0.00230852389204911329,7.12623469054805458e-14
0.00229891787481185235,7.17556091893692065e-14
0.0022848167880312507,7.24645098454495239e-14
0.00226135314122119499,7.36931620999051803e-14
0.00225053694457108667,7.42798248256491056e-14
0.00223813045146490447,7.4938685996058804e-14
0.00221514624428334599,7.6206841472196252e-14
0.00220317317014936497,7.68928372075830562e-14
0.00219239807060887339,7.74973432440570452e-14
0.00216988350652422337,7.88062724385393354e-14
0.00215680616764164064,7.95977700231497801e-14
0.00214760015300425887,8.0143399716199735e-14
0.00212554563566033496,8.14944455991244113e-14
0.00211141608545917505,8.23978568452847705e-14
0.00210371760448731342,8.28799052874504574e-14
0.00208211373361312854,8.42744584976954082e-14
0.0020669833906242128,8.5296444997410166e-14
0.00206073172105098772,8.57100188811354467e-14
0.00203956928845407371,8.7149519524140773e-14
0.0020234888676986692,8.82969995549408304e-14
0.00201862418087275256,8.86370124460212457e-14
0.00199789416651433706,9.01229519618612231e-14
0.00198091361749156075,9.14031074875622316e-14
0.00197737703650525841,9.16642750807948605e-14
0.001957070604655704,9.31982632497540443e-14
0.00193923914837696636,9.46184819472199173e-14
0.00193697270722667151,9.47953173114615979e-14
0.00191708120269940724,9.63790320513485713e-14
0.00189844704380340967,9.79469667069542525e-14
0.00189739397154723457,9.80337755274066987e-14
0.00187790891600968572,9.96688975767591252e-14
0.00185862395986898709,1.01392063407934311e-13
0.00185861876516932808,1.01392540755881428e-13
0.00183953704822884174,1.03109877734645277e-13
0.00182064614729544753,1.0491144940960564e-13
0.00182015306610704656,1.04959323055822666e-13
0.0018019492441608035,1.06690463111335293e-13
0.00178344434658822068,1.08552944390181271e-13
0.00178248288187996088,1.08651577465253725e-13
0.00176512948280004179,1.10395363857812419e-13
0.00174700270126753929,1.12320840050900986e-13
0.00174559232036330691,1.12473717836475078e-13
0.00172906207050296781,1.14228950473001235e-13
0.00171130567885376979,1.1621967724899902e-13
0.00170946652073706477,1.16430313292087554e-13
0.00169373163429885986,1.18195749388614054e-13
0.0016763380642470317,1.202540860692787e-13
0.00167409015690123895,1.20526093687084149e-13
0.00165912311533743586,1.22300448611856941e-13
0.0016420849532420754,1.24428737824232696e-13
0.00163944732712126546,1.24765955263086334e-13
0.00162522176247036434,1.26547903565856371e-13
0.00160853174617567519,1.2874857251310685e-13
0.0016055232371242973,1.2915496650148828e-13
0.00159201312596387742,1.30943143143305902e-13
0.00157566414170384128,1.33218706762393781e-13
0.0015723033613319064,1.3369837418249453e-13
0.00155948305133988592,1.35491375981174917e-13
0.00154346813070616778,1.378444402210305e-13
0.00153977343955037324,1.38401609657313013e-13
0.00152761767334294133,1.40197996964604328e-13
0.00151192999031475279,1.4263126218943873e-13
0.00150791967610459775,1.43270295340982951e-13
0.00149640341003045603,1.45068717151267832e-13
0.00148103627806510846,1.47584850071795896e-13
0.00147672838175367564,1.48310251433610296e-13
0.0014658269569836827,1.5010936138354691e-13
0.00145077382616659021,1.52711010244070631e-13
0.00144618522649794817,1.53527502878042109e-13
0.00143587528163699666,1.55325611403966298e-13
0.00142112973588991305,1.58015639437136556e-13
0.00141627585987903574,1.58928286562297633e-13
0.0014065356177230347,1.60723421937693416e-13
0.00139209137206933671,1.63504775741968276e-13
0.00138698609211272188,1.64519058775366078e-13
0.00137779545983135258,1.66308937761170104e-13
0.00136364635771720135,1.69204727960930264e-13
0.00135847526714385557,1.70306502925284258e-13
0.00134964255807825294,1.72151613716460448e-13
0.00133578256874849368,1.75173019860767576e-13
0.00133078731970171724,1.76297537528720402e-13
0.00132206491288552596,1.78222774502290372e-13
0.00130848812881320552,1.81350406373340472e-13
0.0013036574188949212,1.82499324481615057e-13
0.00129505076986589213,1.84506436032189436e-13
0.00128175140423430153,1.87743996762518735e-13
0.00127707377185302018,1.8891927762076645e-13
0.00126858861481293756,1.91009800721920715e-13
0.00125556099904910335,1.94360949953980414e-13
0.00125102442674144334,1.95565071586594701e-13
0.00124266716879343567,1.97740305013070416e-13
0.00122990575015201164,2.01208811058902415e-13
0.00122549813995282096,2.02444650997680189e-13
0.00121727538333993568,2.04705626624636761e-13
0.00120477472253646096,2.08295369162640425e-13
0.00120048394536062051,2.09566239948043076e-13
0.00119240243574158126,2.11913693589950462e-13
0.00118015720463410229,2.15628672561039843e-13
0.00117597117826763005,2.16938351838517322e-13
0.00116803772443117015,2.19372707039184149e-13
0.00115604270374922734,2.2322422648401942e-13
0.00115198362155588926,2.24569799553977168e-13
0.00114417086446644319,2.27110028977564586e-13
0.00113242094158648699,2.31101286972593631e-13
0.001128513232997393,2.32469705998564559e-13
0.00112079168310375465,2.35121925155492449e-13
0.0011092818498699686,2.39252814189028972e-13
0.00110551163780393917,2.40647515001542168e-13
0.0010978902154621256,2.43413043028739814e-13
0.00108661556605182588,2.47688310517767749e-13
0.00108296981881466159,2.49113002606778569e-13
0.00107545670027593244,2.51993053649557025e-13
0.00106441242910855985,2.56417606389003464e-13
0.00106087891965394397,2.57876288759379842e-13
0.00105348157573437877,2.6087196210287803e-13
0.00104266297542321938,2.65450871591501509e-13
0.00103923024232927768,2.66947849403431788e-13
0.00103195547540597175,2.70060119031442125e-13
0.00102135793475174159,2.74798626975462363e-13
0.00101801524484723643,2.76338529005316688e-13
0.00101086922424628469,2.79568232558462584e-13
0.00100048822627169115,2.84471841434962292e-13
0.000997225658206007909,2.8605955351757388e-13
0.000990213834687285009,2.89407380621573691e-13
0.000980044954711769125,2.94481872145618714e-13
0.000976845042314861435,2.9612254379880316e-13
0.000969980502806569217,2.99575758188632107e-13
0.000960019406560377567,3.04802788441296264e-13
0.000956806919966904912,3.06539529505652345e-13
0.000950160604574883822,3.10064988539811766e-13
0.000940403046351675643,3.15471945403090393e-13
0.000937161784329653368,3.1732296347349732e-13
0.00093074569218031154,3.20918199624643957e-13
0.00092118751302752574,3.26511231840828892e-13
0.00091791446054048324,3.28485736603002658e-13
0.000911727490427576122,3.32148111971316301e-13
0.000902364616373746889,3.37933650488155602e-13
0.000899057460195728461,3.40041193270370263e-13
0.000893097893210911192,3.4376798665414129e-13
0.000883926333529243246,3.4975269864925833e-13
0.000880583502201190102,3.52003147279667533e-13
0.00087484896005900146,3.55791685330154556e-13
0.00086586480556639703,3.61982360964370635e-13
0.000862485458081501187,3.64385898376354046e-13
0.00085697291275052831,3.68233658504692227e-13
0.000848172334141383297,3.74637126058235284e-13
0.000844756049641286605,3.77204249341699364e-13
0.000839462131998872734,3.81108405426377988e-13
0.000830841378212915966,3.87732005049761337e-13
0.00082738824986911274,3.90473523688555592e-13
0.000822309154204543913,3.94431212840608136e-13
0.000813864550828027073,4.01282550751972851e-13
0.000810365182037385646,4.04209583979630198e-13
0.000805506668273991789,4.08198245644635598e-13
0.000797234615973548382,4.15252389621684129e-13
0.000793634759856760036,4.18428850790157624e-13
0.000789047512503395672,4.22401781418029257e-13
0.000780944485491901403,4.29695990137419019e-13
0.000777241623364478815,4.33148322337639398e-13
0.000772924671526145656,4.3709901457652097e-13
0.000764987216059926548,4.44641759322291084e-13
0.000761186851520619006,4.48385594802118155e-13
0.000757131273322696914,4.52307396590623929e-13
0.000749356006229442312,4.60107844102102587e-13
0.000745463829468583572,4.64158883361279128e-13
0.000741660586291498272,4.680447627905881e-13
0.000734044193528261734,4.76111593115999775e-13
0.000730065116703035659,4.80487043965512372e-13
0.000726506016379817272,4.84329082748629018e-13
0.000719045251620466588,4.92670882559190492e-13
0.000714983312191077508,4.97389595879003692e-13
0.000711661104273139034,5.01178533218341751e-13
0.000704352787524684332,5.09804099983125448e-13
0.000700211199071684852,5.14886745013748686e-13
0.000697119522642032127,5.18611832879777437e-13
0.000689960538889220334,5.27530196236432811e-13
0.000685741767023580847,5.32999408084406003e-13
0.000682875073445262969,5.36648279608382484e-13
0.000675862371322865132,5.45868705246248876e-13
0.000671568244110428263,5.5174923761291178e-13
0.000668921685287994565,5.55307849614531567e-13
0.000662052275780237513,5.64839760356288043e-13
0.000657684057636112557,5.71158647812644654e-13
0.000655253410834008595,5.7461115126611733e-13
0.00064852436600055336,5.8446287966507334e-13
0.00064406713148207264,5.91250841383186874e-13
0.000641864424270753982,5.94544760629923896e-13
0.000635272875998735777,6.04693003960886141e-13
0.000630699120098717278,6.12049837247669028e-13
0.000628749018826235901,6.15130018525470078e-13
0.000622292157607783563,6.25615924054702383e-13
0.000617603758035617648,6.33580499265824092e-13
0.000615901604336613906,6.36420095609652349e-13
0.00060957667807136476,6.47254178837642939e-13
0.000604775035964523326,6.55868565957142189e-13
0.000603316704863516963,6.58437949834641019e-13
0.000597121017685587052,6.6963103394950245e-13
0.000592207247008122387,6.78940681269609817e-13
0.000590988956360045006,6.81207547038404602e-13
0.000584919867488974473,6.92770877547873893e-13
0.000579895110413646675,7.02824426430833797e-13
0.000578913104384449311,7.04754142073133111e-13
0.000572968026999625843,7.1669957459360221e-13
0.000567833659138893941,7.2754835291962174e-13
0.000567084001860542106,7.29104138544650514e-13
0.000561260401998623274,7.41443972526477424e-13
0.000556018032166279503,7.53142016597436044e-13
0.000555496606883867877,7.54284866288268165e-13
0.000549792002358731697,7.67031796566352419e-13
0.000544443449318812578,7.79636013040522058e-13
0.000544145980572689907,7.80324587023730238e-13
0.00053855793991746055,7.93491716667263491e-13
0.000533105213942647213,8.07062014114949125e-13
0.000533027284962906036,8.07252526267152308e-13
0.000527553426393585396,8.20853379852667696e-13
0.000522135780945960723,8.35078037120213219e-13
0.000521995460965165636,8.35452805838285435e-13
0.000516773771346247871,8.49147443662672376e-13
0.000511466826248904108,8.63839210691297124e-13
0.000511111183378017566,8.64842327573170879e-13
0.000506214380175752973,8.78405610751652783e-13
0.000501015873455724155,8.93579520748228688e-13
0.000500449797682073724,8.95265712599638236e-13
0.000495870752165220853,9.08660664676049928e-13
0.000490778468069099996,9.24382394624832268e-13
0.000490025952451140911,9.26759330114686328e-13
0.000485738478562249395,9.4005991165294553e-13
0.000480750246611774724,9.5631676096451333e-13
0.000479837700874358241,9.59360828709312667e-13
0.000475813240699775284,9.72546205905866978e-13
0.000470926934766708524,9.89340614717852828e-13
0.000469857175431518874,9.93109181374978113e-13
0.000466090808155335253,1.00614132737565823e-12
0.000461304345555244887,1.02348976755321585e-12
0.000460079963717154809,1.02804473209330764e-12
0.000456567036947941291,1.04088157272622388e-12
0.000451878377552501974,1.05880087669188484e-12
0.000450501693967228057,1.06420924406472236e-12
0.000447237867771789548,1.07680422912931392e-12
0.000442645013139221002,1.09531169014175827e-12
0.000441118066431679705,1.10164594963365465e-12
0.000438099324266074866,1.11394733503353219e-12
0.000433600316789348144,1.1330611080111938e-12
0.000431924932714579918,1.14039960197003084e-12
0.000429147511320144637,1.1523506960019326e-12
0.000424740433392593754,1.17208921516540136e-12
0.000422918237302256923,1.18051652856880322e-12
0.000420378613413293322,1.19205514984071189e-12
0.000416061586611275794,1.21243731474430811e-12
0.000414094026632582012,1.2220446866314862e-12
0.000411788892988480628,1.23310277940544262e-12
0.000407560077270738606,1.25414102012331281e-12
0.000405433678397156997,1.26503372039590124e-12
0.000403374688859267102,1.27539578986902527e-12
0.000399232281782651844,1.29697765512892698e-12
0.000396910260951081524,1.30953502048265969e-12
0.00039513241464932583,1.31898098802899095e-12
0.000391074650600539695,1.34124995417752658e-12
0.000388560743825431098,1.35560178532936622e-12
0.000387058557263811526,1.36402775728119606e-12
0.000383083706706855795,1.38700234921227222e-12
0.000380381415412693226,1.40328908478587021e-12
0.000379149675391983765,1.41058327833171135e-12
0.000375256044130980736,1.4342841331553455e-12
0.000372369019545290386,1.4526539259467782e-12
0.00037140239804042707,1.45869737736725191e-12
0.000367588326497501636,1.48314691524408811e-12
0.000364520513638628763,1.5037553212997414e-12
0.000363813423096222628,1.50842281718992258e-12
0.000360077285604147066,1.53364437175322806e-12
0.000356832927935262211,1.55665435927105881e-12
0.000356379515919506783,1.55981440037677886e-12
0.000352719720028791518,1.5858320885940842e-12
0.000349303328522908851,1.61141427725301657e-12
0.000349097507964764896,1.61292884824633309e-12
0.000345512493764911371,1.63976759913725589e-12
0.000341964295430309372,1.66780884819675786e-12
0.000341927961891319021,1.66810053720005579e-12
0.000364154077292887203,1.98042630177647998e-12
0.000378835647491232259,2.20524679387715568e-12
0.000392695554568560445,2.43963862288580785e-12
0.000402698106573364872,2.72368010944718779e-12
0.000409998399104012176,3.0417828638431608e-12
0.000417431034623521555,3.39371827154129817e-12
0.000424998412305162754,3.79007580489360448e-12
0.000432702974815497641,4.22858898394306084e-12
0.000440547209102849418,4.72245234122029415e-12
0.0004485336472000574,5.26884183200151948e-12
0.000456664867041792662,5.88419790609517799e-12
0.000464943493296686327,6.55858749938121882e-12
0.000473372198214543925,7.31026907549835651e-12
0.00048195370248891809,8.16404655113726728e-12
0.000490690776135317923,9.10862977093053271e-12
0.000501384590557081334,1.02752352570840198e-11
0.000550130979058880825,1.80502885904473792e-11
0.000677281527744141291,1.63133650255386848e-11
0.00124019827874684637,1.20748441244130498e-11
0.00271843858979011886,8.24852522034529461e-12
0.00646622612027734611,5.3056509608446293e-12
0.0139437214442578684,3.62437769878900984e-12
0.0243107757102070972,2.73704684166632793e-12
0.0371889743709975332,2.23961937549960512e-12
0.0507370770236395821,2.02591028415038054e-12
0.0659075110671699792,1.8325937542448192e-12
0.078893535743620202,1.72557483230729076e-12
0.0884597203583085537,1.65772388558932118e-12
0.0991858464969727695,1.59254089095568323e-12
0.11121256211835888,1.56091692949502468e-12
0.120685975379017457,1.52992094245194314e-12
0.133125225070058063,1.56091692949502468e-12
0.143289054757067204,1.62480554950890824e-12
0.156771196224780381,1.76053474014301521e-12
0.17292979334494099,1.90760215718566558e-12
0.183114144996341497,2.06695494677021455e-12
0.193898283512418568,2.23961937549960512e-12
0.203645932251558036,2.42670743982638126e-12
0.213883614498063445,2.62942402755157251e-12
0.224635965201834858,2.90679653713213698e-12
0.232102850088258117,3.14961768052509063e-12
0.243771117661492109,3.55240643493242388e-12
0.251874053772269756,4.00670581606762231e-12
0.260246330952837288,4.34140859800248017e-12
0.268896902082856953,5.09702863168892348e-12
0.277835017635122836,5.98416396102641579e-12
0.284733043188522279,6.74944857411927809e-12
0.289426612471675158,8.24852522034529461e-12
0.291802331374475002,9.68417698270840476e-12
0.289426612471675158,1.18350672951947144e-11
0.284733043188522279,1.38949549437314176e-11
0.277835017635122836,1.59894215526952921e-11
0.268896902082856953,1.83995991800705505e-11
0.260246330952837288,2.03405348931304552e-11
0.251874053772269756,2.34065809015304169e-11
0.232102850088258117,2.97760850189233476e-11
0.217409294383812249,3.35839986809712075e-11
0.203645932251558036,3.94292771526442744e-11
0.19075387664610368,5.01589494711320063e-11
0.176753662298766971,5.20794832859544393e-11
0.194748303990874529,5.20794832859546526e-11
0.209436625397266686,5.20794832859546526e-11
0.229364560818916619,5.51653866759558609e-11
0.24816289228368187,5.95662143529010918e-11
0.260489051082641721,6.81292069057962154e-11
0.270133812113298833,7.94328234724282175e-11
0.285274634684245646,9.62350626398090702e-11
0.29583709659273088,1.16591440117983109e-10
0.320083404659975112,1.64689786548286893e-10
0.329929426887120187,1.99526231496888283e-10
0.348421754353838444,2.81838293126444893e-10
0.361322275679624736,4.13682040238851143e-10
0.339322177189531565,8.90677887489999922e-10
0.385483533191592932,1.24844298985415851e-9
0.413635758177920878,1.64090636219649043e-9
0.442356684931810796,2.33730336219578098e-9
0.460537825582239807,3.72588160330882508e-9
0.454395898155662298,4.89715820213343933e-9
0.432084326693146229,7.32023696056224753e-9
0.39597488238662523,1.07676989562616927e-8
0.343908689072639346,1.68909326904862241e-8
0.292733417695465028,2.69257368949693121e-8
0.247506156346185684,3.9606399440690896e-8
0.220812331623302668,5.46298700693172507e-8
0.193069772888324559,7.41500984262077855e-8
0.171094540443424135,1.02276659829095612e-7
0.140827687096705526,2.14291816659318579e-7
0.123963680104772851,3.25514120348913912e-7
0.109119124952794522,5.27311252617604085e-7
0.099330940628558144,7.88221078798337386e-7
0.0801290672756764144,1.81876478301635758e-6
0.0608494363589333296,3.872476819918955e-6
0.0446833548362971097,7.48689385483793263e-6
0.0367788095225511789,0.0000103268169863569307
0.0275570824833913147,0.0000144748651057860246
0.0217867484880238995,0.0000175555082728962111
0.0159985871960605085,0.0000209521719830702703
0.011513953993264433,0.0000242146509021929528
0.00834224228232505545,0.000027099476030568465
0.00642066742246990372,0.000031319156421720184
0.0043208432669314621,0.0000431991160560122982
0.00328121724521661969,0.0000567792882443559754
0.00257678816540234676,0.0000746285541897557359
0.00197659807170162257,0.000096524346835993722
0.00197659807170162257,0.00009748959030435358
0.00197659807170162257,0.00010105593689855039
0.00197659807170162257,0.00010475274694007764
0.00197659807170162257,0.00010858479301921501
0.00197659807170162257,0.0001125570223162782
0.00197659807170162257,0.00011667456298844028
0.00197659807170162257,0.00012094273079019422
0.00197659807170162257,0.00012536703593600432
0.00197659807170162257,0.00012995319021400574
0.00197659807170162257,0.00013470711435993615
0.00197659807170162257,0.00013963494570081917
0.00197659807170162257,0.0001447430460782677
0.00197659807170162257,0.0001500380100616362
0.00197659807170162257,0.00015552667346162473
0.00197659807170162257,0.00016121612215532649
0.00197659807170162257,0.00016711370123411137
0.00197659807170162257,0.00017322702448615586
0.00197659807170162257,0.00017956398422586112
0.00197659807170162257,0.00018613276148284907
0.00197659807170162257,0.00019294183656369039
0.00197659807170162257,0.00020000000000000004
0.001956832090984605,"1/5000"
0.000053357067470597554,"1/5000"
1.454890617431262e-6,"1/5000"
3.967059677438104e-8,"1/5000"
1.0817007337734688e-9,"1/5000"
2.949480402577879e-11,"1/5000"
8.04236733282351e-13,"1/5000"
2.1929175138623054e-14,"1/5000"
5.979442399972712e-16,"1/5000"
1.6304184351932e-17,"1/5000"
4.44567251593552e-19,"1/5000"
1.2122044066928623e-20,"1/5000"
3.305325613477741e-22,"1/5000"
9.012652776043164e-24,"1/5000"
2.457485874623173e-25,"1/5000"
6.700842664243728e-27,"1/5000"
1.827123112877875e-28,"1/5000"
4.982028435656924e-30,"1/5000"
1.3584529229997862e-31,"1/5000"
3.70410239090365e-33,"1/5000"
1.0100000000000053e-34,"1/5000"
1.00000000000000004e-34,0.00020000000000000004
1.00000000000000004e-34,0.00010341297778877221
1.00000000000000004e-34,0.00005347121987570546
1.00000000000000004e-34,0.00002764809036672436
1.00000000000000004e-34,0.000014295856774980164
1.00000000000000004e-34,7.3918855957124604e-6
1.00000000000000004e-34,3.822084504632789e-6
1.00000000000000004e-34,1.976265699922005e-6
1.00000000000000004e-34,1.021857604653733e-6
1.00000000000000004e-34,5.283666888667223e-7
1.00000000000000004e-34,2.7319986330050677e-7
1.00000000000000004e-34,1.4126205697695452e-7
1.00000000000000004e-34,7.304164980277035e-8
1.00000000000000004e-34,3.776727254354583e-8
1.00000000000000004e-34,1.9528130583441055e-8
1.00000000000000004e-34,1.0097310671408164e-8
1.00000000000000004e-34,5.220964820943325e-9
1.00000000000000004e-34,2.699577595320865e-9
1.00000000000000004e-34,1.3958567895199184e-9
1.00000000000000004e-34,7.217485358546509e-10
1.00000000000000004e-34,3.731908265370778e-10
1.00000000000000004e-34,1.929638732782626e-10
1.00000000000000004e-34,9.977484370680171e-11
1.00000000000000004e-34,5.159006848064872e-11
1.00000000000000004e-34,2.6675413029552705e-11
1.00000000000000004e-34,1.3792919475657291e-11
1.00000000000000004e-34,7.131834376892354e-12
1.00000000000000004e-34,3.687621150053855e-12
1.00000000000000004e-34,1.9067394204196292e-12
1.00000000000000004e-34,9.859080066641574e-13
1.00000000000000004e-34,5.097784139746659e-13
