mass_GeV,seed,truth_model,truth_lifetime_index,truth_ctau_m,number_of_events,number_of_pseudoexperiments,correct_fraction,selected_photon_fraction,selected_su2_fraction,tie_fraction,mean_profile_statistic_T,std_profile_statistic_T
0.5,73241,photon,0,4.999999999999999,1,100000,0.85089,0.85089,0.14911,0.0,-7.744844144520011,5.965273661139883
0.5,73241,photon,0,4.999999999999999,2,100000,0.94502,0.94502,0.05498,0.0,-15.385067146163154,8.463925117596856
0.5,73241,photon,0,4.999999999999999,3,100000,0.9799,0.9799,0.0201,0.0,-23.002814625509433,10.339598581174023
0.5,73241,photon,0,4.999999999999999,4,100000,0.99118,0.99118,0.00882,0.0,-30.6307496788152,11.932013825148157
0.5,73241,photon,0,4.999999999999999,5,100000,0.99603,0.99603,0.00397,0.0,-38.2611384167357,13.346731403678863
0.5,73241,photon,0,4.999999999999999,6,100000,0.99828,0.99828,0.00172,0.0,-45.856075316139645,14.606305858748481
0.5,73241,photon,0,4.999999999999999,7,100000,0.99921,0.99921,0.00079,0.0,-53.473782558116,15.791702189951451
0.5,73241,photon,0,4.999999999999999,8,100000,0.99958,0.99958,0.00042,0.0,-61.07581402861287,16.90281222898831
0.5,73241,photon,0,4.999999999999999,9,100000,0.99986,0.99986,0.00014,0.0,-68.71335397168274,17.901776604290177
0.5,73241,photon,0,4.999999999999999,10,100000,0.99993,0.99993,7e-05,0.0,-76.3407850481333,18.866577342895894
0.5,73241,photon,0,4.999999999999999,11,100000,0.99998,0.99998,2e-05,0.0,-83.95244688670846,19.78125752125651
0.5,73241,photon,0,4.999999999999999,12,100000,0.99999,0.99999,1e-05,0.0,-91.5733127753012,20.625958658479753
0.5,73241,photon,1,5.802590372463091,1,100000,0.85829,0.85829,0.14171,0.0,-7.921906775800726,5.8922377264812
0.5,73241,photon,1,5.802590372463091,2,100000,0.95017,0.95017,0.04983,0.0,-15.717476044992132,8.368598108960782
0.5,73241,photon,1,5.802590372463091,3,100000,0.9822,0.9822,0.0178,0.0,-23.48529959298813,10.240598454366799
0.5,73241,photon,1,5.802590372463091,4,100000,0.99282,0.99282,0.00718,0.0,-31.29330417676006,11.847763916918279
0.5,73241,photon,1,5.802590372463091,5,100000,0.99674,0.99674,0.00326,0.0,-39.083747761894934,13.23927356709282
0.5,73241,photon,1,5.802590372463091,6,100000,0.99851,0.99851,0.00149,0.0,-46.831579836813425,14.496301025420049
0.5,73241,photon,1,5.802590372463091,7,100000,0.99938,0.99938,0.00062,0.0,-54.605502132060934,15.664417767584832
0.5,73241,photon,1,5.802590372463091,8,100000,0.99975,0.99975,0.00025,0.0,-62.366411867261355,16.7391520948138
0.5,73241,photon,1,5.802590372463091,9,100000,0.99987,0.99987,0.00013,0.0,-70.12224305596763,17.73360530794621
0.5,73241,photon,1,5.802590372463091,10,100000,0.99995,0.99995,5e-05,0.0,-77.88397890787287,18.699540358616286
0.5,73241,photon,1,5.802590372463091,11,100000,0.99998,0.99998,2e-05,0.0,-85.63864800079158,19.625862726835813
0.5,73241,photon,1,5.802590372463091,12,100000,0.99998,0.99998,2e-05,0.0,-93.39185014548453,20.540181423582744
0.5,73241,photon,2,6.734011006120271,1,100000,0.86473,0.86473,0.13527,0.0,-8.051715662974765,5.828400617784364
0.5,73241,photon,2,6.734011006120271,2,100000,0.95311,0.95311,0.04689,0.0,-15.975720390184229,8.295287103205228
0.5,73241,photon,2,6.734011006120271,3,100000,0.98417,0.98417,0.01583,0.0,-23.857764603663856,10.14354139291693
0.5,73241,photon,2,6.734011006120271,4,100000,0.9937,0.9937,0.0063,0.0,-31.788927065298534,11.703121386165153
0.5,73241,photon,2,6.734011006120271,5,100000,0.9972,0.9972,0.0028,0.0,-39.68347151930229,13.094314718812008
0.5,73241,photon,2,6.734011006120271,6,100000,0.99879,0.99879,0.00121,0.0,-47.56280995744516,14.350711560245035
0.5,73241,photon,2,6.734011006120271,7,100000,0.99951,0.99951,0.00049,0.0,-55.46461271973152,15.51627839261522
0.5,73241,photon,2,6.734011006120271,8,100000,0.99983,0.99983,0.00017,0.0,-63.34214077587525,16.593027822229786
0.5,73241,photon,2,6.734011006120271,9,100000,0.9999,0.9999,0.0001,0.0,-71.22251089954787,17.61854089300489
0.5,73241,photon,2,6.734011006120271,10,100000,0.99996,0.99996,4e-05,0.0,-79.10436360132026,18.57418380746461
0.5,73241,photon,2,6.734011006120271,11,100000,0.99999,0.99999,1e-05,0.0,-86.96639759604389,19.45017687360555
0.5,73241,photon,2,6.734011006120271,12,100000,0.99999,0.99999,1e-05,0.0,-94.86463481855068,20.2756396856553
0.5,73241,photon,3,7.814941486434795,1,100000,0.86888,0.86888,0.13112,0.0,-8.16335092329022,5.7912784565443465
0.5,73241,photon,3,7.814941486434795,2,100000,0.95519,0.95519,0.04481,0.0,-16.21577349288193,8.224817105203813
0.5,73241,photon,3,7.814941486434795,3,100000,0.98444,0.98444,0.01556,0.0,-24.223702787427957,10.098266498983282
0.5,73241,photon,3,7.814941486434795,4,100000,0.99422,0.99422,0.00578,0.0,-32.22901271915299,11.65241183027126
0.5,73241,photon,3,7.814941486434795,5,100000,0.99772,0.99772,0.00228,0.0,-40.245591814257146,13.034645665109286
0.5,73241,photon,3,7.814941486434795,6,100000,0.99895,0.99895,0.00105,0.0,-48.23702587025393,14.277315287358931
0.5,73241,photon,3,7.814941486434795,7,100000,0.99967,0.99967,0.00033,0.0,-56.263334547660065,15.411071891394037
0.5,73241,photon,3,7.814941486434795,8,100000,0.99986,0.99986,0.00014,0.0,-64.29304404532203,16.470234563344544
0.5,73241,photon,3,7.814941486434795,9,100000,0.99993,0.99993,7e-05,0.0,-72.2850107212419,17.463540233743313
0.5,73241,photon,3,7.814941486434795,10,100000,0.99999,0.99999,1e-05,0.0,-80.28067466360676,18.416653621948367
0.5,73241,photon,3,7.814941486434795,11,100000,1.0,1.0,0.0,0.0,-88.29075534877194,19.313108188503588
0.5,73241,photon,3,7.814941486434795,12,100000,1.0,1.0,0.0,0.0,-96.27023657867375,20.17751376653013
0.5,73241,photon,4,9.069380846109791,1,100000,0.87053,0.87053,0.12947,0.0,-8.22785048082814,5.757375726675756
0.5,73241,photon,4,9.069380846109791,2,100000,0.95819,0.95819,0.04181,0.0,-16.374088153967143,8.171265291780427
0.5,73241,photon,4,9.069380846109791,3,100000,0.98576,0.98576,0.01424,0.0,-24.46784265612218,10.017603321326868
0.5,73241,photon,4,9.069380846109791,4,100000,0.99462,0.99462,0.00538,0.0,-32.608670135303896,11.567271162234134
0.5,73241,photon,4,9.069380846109791,5,100000,0.99783,0.99783,0.00217,0.0,-40.74729912446558,12.925781651614612
0.5,73241,photon,4,9.069380846109791,6,100000,0.99917,0.99917,0.00083,0.0,-48.880823369454276,14.166858134880945
0.5,73241,photon,4,9.069380846109791,7,100000,0.99963,0.99963,0.00037,0.0,-57.00202518954705,15.279715340071569
0.5,73241,photon,4,9.069380846109791,8,100000,0.9998,0.9998,0.0002,0.0,-65.1080325557948,16.377135089444486
0.5,73241,photon,4,9.069380846109791,9,100000,0.99993,0.99993,7e-05,0.0,-73.21958757365215,17.369484146605828
0.5,73241,photon,4,9.069380846109791,10,100000,0.99998,0.99998,2e-05,0.0,-81.31792914583723,18.31701842504232
0.5,73241,photon,4,9.069380846109791,11,100000,1.0,1.0,0.0,0.0,-89.4218409346161,19.22306392924666
0.5,73241,photon,4,9.069380846109791,12,100000,1.0,1.0,0.0,0.0,-97.55906611526774,20.062672132616925
0.5,73241,photon,5,10.525180396367567,1,100000,0.87497,0.87497,0.12503,0.0,-8.33650424609839,5.7087513472624165
0.5,73241,photon,5,10.525180396367567,2,100000,0.9595,0.9595,0.0405,0.0,-16.573753214484384,8.122055384637083
0.5,73241,photon,5,10.525180396367567,3,100000,0.98731,0.98731,0.01269,0.0,-24.796277728143963,9.938630557571747
0.5,73241,photon,5,10.525180396367567,4,100000,0.99488,0.99488,0.00512,0.0,-32.98592593781968,11.484150069335456
0.5,73241,photon,5,10.525180396367567,5,100000,0.99791,0.99791,0.00209,0.0,-41.18057472203574,12.871291967792299
0.5,73241,photon,5,10.525180396367567,6,100000,0.99907,0.99907,0.00093,0.0,-49.36071561559272,14.122635763805128
0.5,73241,photon,5,10.525180396367567,7,100000,0.99963,0.99963,0.00037,0.0,-57.57679397156783,15.234571139811212
0.5,73241,photon,5,10.525180396367567,8,100000,0.99982,0.99982,0.00018,0.0,-65.79496409507749,16.279509073915428
0.5,73241,photon,5,10.525180396367567,9,100000,0.99997,0.99997,3e-05,0.0,-74.02692519927614,17.302848547740155
0.5,73241,photon,5,10.525180396367567,10,100000,0.99997,0.99997,3e-05,0.0,-82.21757485240163,18.250078381240936
0.5,73241,photon,5,10.525180396367567,11,100000,0.99996,0.99996,4e-05,0.0,-90.3928304646837,19.14764538624311
0.5,73241,photon,5,10.525180396367567,12,100000,1.0,1.0,0.0,0.0,-98.58216482523471,20.012650307619133
0.5,73241,photon,6,12.214662087279939,1,100000,0.87761,0.87761,0.12239,0.0,-8.405990231558391,5.676550874289397
0.5,73241,photon,6,12.214662087279939,2,100000,0.96147,0.96147,0.03853,0.0,-16.73415771994841,8.061863019379167
0.5,73241,photon,6,12.214662087279939,3,100000,0.98785,0.98785,0.01215,0.0,-25.020169102738052,9.872916311892796
0.5,73241,photon,6,12.214662087279939,4,100000,0.99547,0.99547,0.00453,0.0,-33.318222474928426,11.39586607343561
0.5,73241,photon,6,12.214662087279939,5,100000,0.99838,0.99838,0.00162,0.0,-41.595602582878044,12.729008127950669
0.5,73241,photon,6,12.214662087279939,6,100000,0.9994,0.9994,0.0006,0.0,-49.86268254507929,13.937488670440418
0.5,73241,photon,6,12.214662087279939,7,100000,0.99974,0.99974,0.00026,0.0,-58.159580760193606,15.062555476618028
0.5,73241,photon,6,12.214662087279939,8,100000,0.99988,0.99988,0.00012,0.0,-66.41207768472748,16.12174153160043
0.5,73241,photon,6,12.214662087279939,9,100000,0.99993,0.99993,7e-05,0.0,-74.65001639727879,17.12968636975594
0.5,73241,photon,6,12.214662087279939,10,100000,0.99999,0.99999,1e-05,0.0,-82.92115081817819,18.03471110412226
0.5,73241,photon,6,12.214662087279939,11,100000,1.0,1.0,0.0,0.0,-91.19497623510007,18.899868322263966
0.5,73241,photon,6,12.214662087279939,12,100000,1.0,1.0,0.0,0.0,-99.42350438548394,19.75358482809109
0.5,73241,photon,7,14.175336126108105,1,100000,0.8786,0.8786,0.1214,0.0,-8.449485249901432,5.659024681020565
0.5,73241,photon,7,14.175336126108105,2,100000,0.9622,0.9622,0.0378,0.0,-16.834012599387517,8.032764395674967
0.5,73241,photon,7,14.175336126108105,3,100000,0.98872,0.98872,0.01128,0.0,-25.1726068114782,9.83256823405875
0.5,73241,photon,7,14.175336126108105,4,100000,0.99582,0.99582,0.00418,0.0,-33.546394231725536,11.371633680739816
0.5,73241,photon,7,14.175336126108105,5,100000,0.99849,0.99849,0.00151,0.0,-41.872322672988695,12.724660924379972
0.5,73241,photon,7,14.175336126108105,6,100000,0.99938,0.99938,0.00062,0.0,-50.242755369388355,13.952764359089672
0.5,73241,photon,7,14.175336126108105,7,100000,0.9998,0.9998,0.0002,0.0,-58.56252651853296,15.10396620378566
0.5,73241,photon,7,14.175336126108105,8,100000,0.99993,0.99993,7e-05,0.0,-66.89433705860988,16.150327543047883
0.5,73241,photon,7,14.175336126108105,9,100000,0.99996,0.99996,4e-05,0.0,-75.19902437031028,17.129436063736062
0.5,73241,photon,7,14.175336126108105,10,100000,0.99999,0.99999,1e-05,0.0,-83.54420588917931,18.06424325034195
0.5,73241,photon,7,14.175336126108105,11,100000,1.0,1.0,0.0,0.0,-91.8672424013417,18.962827280719072
0.5,73241,photon,7,14.175336126108105,12,100000,1.0,1.0,0.0,0.0,-100.21343051028204,19.801394760880928
0.5,73241,photon,8,16.450733786356633,1,100000,0.88392,0.88392,0.11608,0.0,-8.566433126416072,5.592102140002304
0.5,73241,photon,8,16.450733786356633,2,100000,0.96447,0.96447,0.03553,0.0,-16.986990736259227,7.980845963461504
0.5,73241,photon,8,16.450733786356633,3,100000,0.98882,0.98882,0.01118,0.0,-25.3883352292988,9.78139150278996
0.5,73241,photon,8,16.450733786356633,4,100000,0.9958,0.9958,0.0042,0.0,-33.8201861660376,11.302398694461436
0.5,73241,photon,8,16.450733786356633,5,100000,0.99847,0.99847,0.00153,0.0,-42.19981509831855,12.64716549262683
0.5,73241,photon,8,16.450733786356633,6,100000,0.99945,0.99945,0.00055,0.0,-50.5913325261484,13.85824087622996
0.5,73241,photon,8,16.450733786356633,7,100000,0.99983,0.99983,0.00017,0.0,-59.00361011905745,14.959842845119791
0.5,73241,photon,8,16.450733786356633,8,100000,0.99996,0.99996,4e-05,0.0,-67.41834470901154,16.020059524806367
0.5,73241,photon,8,16.450733786356633,9,100000,0.99997,0.99997,3e-05,0.0,-75.8100541964633,16.983325625651627
0.5,73241,photon,8,16.450733786356633,10,100000,1.0,1.0,0.0,0.0,-84.21421498708327,17.84779625905669
0.5,73241,photon,8,16.450733786356633,11,100000,1.0,1.0,0.0,0.0,-92.64022421021797,18.71737052240901
0.5,73241,photon,8,16.450733786356633,12,100000,1.0,1.0,0.0,0.0,-101.04410607028309,19.555849921542023
0.5,73241,photon,9,19.091373897733256,1,100000,0.88345,0.88345,0.11655,0.0,-8.59020521914864,5.57932410180622
0.5,73241,photon,9,19.091373897733256,2,100000,0.96478,0.96478,0.03522,0.0,-17.1032608960733,7.960872947044666
0.5,73241,photon,9,19.091373897733256,3,100000,0.989,0.989,0.011,0.0,-25.534082921411265,9.79297851387649
0.5,73241,photon,9,19.091373897733256,4,100000,0.99634,0.99634,0.00366,0.0,-34.00735882844845,11.306275384593933
0.5,73241,photon,9,19.091373897733256,5,100000,0.9986,0.9986,0.0014,0.0,-42.47180113863415,12.65147259306547
0.5,73241,photon,9,19.091373897733256,6,100000,0.99949,0.99949,0.00051,0.0,-50.89859496941425,13.88150827977059
0.5,73241,photon,9,19.091373897733256,7,100000,0.99978,0.99978,0.00022,0.0,-59.3536457697949,15.00044320791151
0.5,73241,photon,9,19.091373897733256,8,100000,0.99991,0.99991,9e-05,0.0,-67.77194204026178,16.026425158601686
0.5,73241,photon,9,19.091373897733256,9,100000,0.99997,0.99997,3e-05,0.0,-76.19849779398145,16.96821604159674
0.5,73241,photon,9,19.091373897733256,10,100000,0.99997,0.99997,3e-05,0.0,-84.63528863850775,17.856568809322543
0.5,73241,photon,9,19.091373897733256,11,100000,0.99997,0.99997,3e-05,0.0,-93.06808162788492,18.708604007212212
0.5,73241,photon,9,19.091373897733256,12,100000,1.0,1.0,0.0,0.0,-101.49715171213603,19.547870581110327
0.5,73241,photon,10,22.155884475216027,1,100000,0.88463,0.88463,0.11537,0.0,-8.632208184355358,5.56279481391411
0.5,73241,photon,10,22.155884475216027,2,100000,0.96613,0.96613,0.03387,0.0,-17.134407852047797,7.9143228806991806
0.5,73241,photon,10,22.155884475216027,3,100000,0.98983,0.98983,0.01017,0.0,-25.66252945143975,9.691496785301194
0.5,73241,photon,10,22.155884475216027,4,100000,0.99667,0.99667,0.00333,0.0,-34.223550570058016,11.201149576080034
0.5,73241,photon,10,22.155884475216027,5,100000,0.99869,0.99869,0.00131,0.0,-42.705538435523685,12.547240003582697
0.5,73241,photon,10,22.155884475216027,6,100000,0.99944,0.99944,0.00056,0.0,-51.23121223650195,13.737808460220686
0.5,73241,photon,10,22.155884475216027,7,100000,0.99984,0.99984,0.00016,0.0,-59.72628182731643,14.847346649385093
0.5,73241,photon,10,22.155884475216027,8,100000,0.99996,0.99996,4e-05,0.0,-68.1985577144338,15.88038552667629
0.5,73241,photon,10,22.155884475216027,9,100000,0.99998,0.99998,2e-05,0.0,-76.69236099871983,16.850226158324347
0.5,73241,photon,10,22.155884475216027,10,100000,1.0,1.0,0.0,0.0,-85.16180219905723,17.753769781333688
0.5,73241,photon,10,22.155884475216027,11,100000,1.0,1.0,0.0,0.0,-93.64423478942746,18.62852497504375
0.5,73241,photon,10,22.155884475216027,12,100000,1.0,1.0,0.0,0.0,-102.1189198656328,19.464392644605894
0.5,73241,photon,11,25.71230438985861,1,100000,0.88766,0.88766,0.11234,0.0,-8.672651471697634,5.5306098552765235
0.5,73241,photon,11,25.71230438985861,2,100000,0.96706,0.96706,0.03294,0.0,-17.222261730882522,7.879836781920878
0.5,73241,photon,11,25.71230438985861,3,100000,0.99038,0.99038,0.00962,0.0,-25.717806052344013,9.682980997208501
0.5,73241,photon,11,25.71230438985861,4,100000,0.99699,0.99699,0.00301,0.0,-34.30958814319989,11.172865747389192
0.5,73241,photon,11,25.71230438985861,5,100000,0.99881,0.99881,0.00119,0.0,-42.827950685580575,12.490833428817524
0.5,73241,photon,11,25.71230438985861,6,100000,0.99957,0.99957,0.00043,0.0,-51.33650276774167,13.726301633832705
0.5,73241,photon,11,25.71230438985861,7,100000,0.99986,0.99986,0.00014,0.0,-59.88641815271737,14.826722811812546
0.5,73241,photon,11,25.71230438985861,8,100000,0.99997,0.99997,3e-05,0.0,-68.40171107696531,15.88365354342452
0.5,73241,photon,11,25.71230438985861,9,100000,0.99998,0.99998,2e-05,0.0,-76.90582017508184,16.881558469238694
0.5,73241,photon,11,25.71230438985861,10,100000,1.0,1.0,0.0,0.0,-85.46045126784719,17.817800389192268
0.5,73241,photon,11,25.71230438985861,11,100000,1.0,1.0,0.0,0.0,-94.01878403723958,18.711753638429666
0.5,73241,photon,11,25.71230438985861,12,100000,1.0,1.0,0.0,0.0,-102.54053429032786,19.557041224313533
0.5,73241,photon,12,29.839593981286804,1,100000,0.88871,0.88871,0.11129,0.0,-8.687371395171107,5.528709222390564
0.5,73241,photon,12,29.839593981286804,2,100000,0.96759,0.96759,0.03241,0.0,-17.318451112029123,7.8633143720816046
0.5,73241,photon,12,29.839593981286804,3,100000,0.99097,0.99097,0.00903,0.0,-25.878246088229655,9.633549298416225
0.5,73241,photon,12,29.839593981286804,4,100000,0.99691,0.99691,0.00309,0.0,-34.46940771724223,11.131381054862164
0.5,73241,photon,12,29.839593981286804,5,100000,0.99886,0.99886,0.00114,0.0,-43.05127099861278,12.448308321666124
0.5,73241,photon,12,29.839593981286804,6,100000,0.99964,0.99964,0.00036,0.0,-51.60298214610744,13.671689282151542
0.5,73241,photon,12,29.839593981286804,7,100000,0.99987,0.99987,0.00013,0.0,-60.183418831060884,14.772313831897337
0.5,73241,photon,12,29.839593981286804,8,100000,0.99996,0.99996,4e-05,0.0,-68.75527765107913,15.79574703534686
0.5,73241,photon,12,29.839593981286804,9,100000,0.99998,0.99998,2e-05,0.0,-77.29513347195262,16.752548529035312
0.5,73241,photon,12,29.839593981286804,10,100000,1.0,1.0,0.0,0.0,-85.84165084338926,17.69207512029575
0.5,73241,photon,12,29.839593981286804,11,100000,1.0,1.0,0.0,0.0,-94.40403403854093,18.54805901711453
0.5,73241,photon,12,29.839593981286804,12,100000,1.0,1.0,0.0,0.0,-102.98320635047966,19.349316717524594
0.5,73241,photon,13,34.62938815080447,1,100000,0.88791,0.88791,0.11209,0.0,-8.712937967977012,5.520990044921042
0.5,73241,photon,13,34.62938815080447,2,100000,0.96669,0.96669,0.03331,0.0,-17.32378031362905,7.887602581611214
0.5,73241,photon,13,34.62938815080447,3,100000,0.99145,0.99145,0.00855,0.0,-25.924156712805942,9.600006871840183
0.5,73241,photon,13,34.62938815080447,4,100000,0.99714,0.99714,0.00286,0.0,-34.55157215258061,11.099638132576024
0.5,73241,photon,13,34.62938815080447,5,100000,0.99901,0.99901,0.00099,0.0,-43.148259433225256,12.415449525174862
0.5,73241,photon,13,34.62938815080447,6,100000,0.99965,0.99965,0.00035,0.0,-51.71486979952327,13.608560067647769
0.5,73241,photon,13,34.62938815080447,7,100000,0.99985,0.99985,0.00015,0.0,-60.288687739953325,14.697196615855576
0.5,73241,photon,13,34.62938815080447,8,100000,0.99997,0.99997,3e-05,0.0,-68.87352193249562,15.7605260828993
0.5,73241,photon,13,34.62938815080447,9,100000,0.99999,0.99999,1e-05,0.0,-77.44565239710502,16.736866488471684
0.5,73241,photon,13,34.62938815080447,10,100000,0.99999,0.99999,1e-05,0.0,-86.01560228470036,17.643290434360175
0.5,73241,photon,13,34.62938815080447,11,100000,1.0,1.0,0.0,0.0,-94.59281760301677,18.514323624705185
0.5,73241,photon,13,34.62938815080447,12,100000,1.0,1.0,0.0,0.0,-103.18347328736589,19.347083556112963
0.5,73241,photon,14,40.188030857629116,1,100000,0.88803,0.88803,0.11197,0.0,-8.72526822977228,5.51543469036081
0.5,73241,photon,14,40.188030857629116,2,100000,0.96867,0.96867,0.03133,0.0,-17.36199372195835,7.840140513569922
0.5,73241,photon,14,40.188030857629116,3,100000,0.99146,0.99146,0.00854,0.0,-25.974956865088814,9.58732505338433
0.5,73241,photon,14,40.188030857629116,4,100000,0.99709,0.99709,0.00291,0.0,-34.615386970731414,11.065741304920786
0.5,73241,photon,14,40.188030857629116,5,100000,0.99904,0.99904,0.00096,0.0,-43.22230299856234,12.402983531146393
0.5,73241,photon,14,40.188030857629116,6,100000,0.9996,0.9996,0.0004,0.0,-51.82501770895412,13.59111348476678
0.5,73241,photon,14,40.188030857629116,7,100000,0.99983,0.99983,0.00017,0.0,-60.46014960947379,14.691054388376863
0.5,73241,photon,14,40.188030857629116,8,100000,0.99992,0.99992,8e-05,0.0,-69.07313664096512,15.730738454771734
0.5,73241,photon,14,40.188030857629116,9,100000,0.99998,0.99998,2e-05,0.0,-77.68952382432629,16.671450596906816
0.5,73241,photon,14,40.188030857629116,10,100000,0.99999,0.99999,1e-05,0.0,-86.29886462510817,17.59103391682169
0.5,73241,photon,14,40.188030857629116,11,100000,1.0,1.0,0.0,0.0,-94.9491987667766,18.46652133580273
0.5,73241,photon,14,40.188030857629116,12,100000,1.0,1.0,0.0,0.0,-103.53423348815089,19.28520896420148
0.5,73241,photon,15,46.63893618854568,1,100000,0.88955,0.88955,0.11045,0.0,-8.75224148401602,5.502082666810475
0.5,73241,photon,15,46.63893618854568,2,100000,0.96788,0.96788,0.03212,0.0,-17.396685222548047,7.840111588578446
0.5,73241,photon,15,46.63893618854568,3,100000,0.99088,0.99088,0.00912,0.0,-26.045109633503294,9.627430847269837
0.5,73241,photon,15,46.63893618854568,4,100000,0.99699,0.99699,0.00301,0.0,-34.6961177093708,11.125310835619173
0.5,73241,photon,15,46.63893618854568,5,100000,0.99896,0.99896,0.00104,0.0,-43.368378893828684,12.44975324055266
0.5,73241,photon,15,46.63893618854568,6,100000,0.99965,0.99965,0.00035,0.0,-51.99328741876835,13.655398552779115
0.5,73241,photon,15,46.63893618854568,7,100000,0.99991,0.99991,9e-05,0.0,-60.66335701747891,14.733058620139477
0.5,73241,photon,15,46.63893618854568,8,100000,0.99998,0.99998,2e-05,0.0,-69.30952989521855,15.768364614926645
0.5,73241,photon,15,46.63893618854568,9,100000,0.99998,0.99998,2e-05,0.0,-77.95328951368572,16.74789628360115
0.5,73241,photon,15,46.63893618854568,10,100000,1.0,1.0,0.0,0.0,-86.56778174887813,17.661175581505752
0.5,73241,photon,15,46.63893618854568,11,100000,1.0,1.0,0.0,0.0,-95.19162575023202,18.539173884457117
0.5,73241,photon,15,46.63893618854568,12,100000,1.0,1.0,0.0,0.0,-103.8193854998225,19.364575388285502
0.5,73241,photon,16,54.125328421915114,1,100000,0.89121,0.89121,0.10879,0.0,-8.774632210344668,5.479496260163439
0.5,73241,photon,16,54.125328421915114,2,100000,0.96901,0.96901,0.03099,0.0,-17.451443270070893,7.800044038434479
0.5,73241,photon,16,54.125328421915114,3,100000,0.99094,0.99094,0.00906,0.0,-26.068884922419382,9.588084925438345
0.5,73241,photon,16,54.125328421915114,4,100000,0.99681,0.99681,0.00319,0.0,-34.73243547739119,11.072153293428556
0.5,73241,photon,16,54.125328421915114,5,100000,0.99884,0.99884,0.00116,0.0,-43.375443049695846,12.384163878608515
0.5,73241,photon,16,54.125328421915114,6,100000,0.99957,0.99957,0.00043,0.0,-52.02692315068501,13.585791184433726
0.5,73241,photon,16,54.125328421915114,7,100000,0.9999,0.9999,0.0001,0.0,-60.64545693948225,14.693072017947511
0.5,73241,photon,16,54.125328421915114,8,100000,0.99993,0.99993,7e-05,0.0,-69.31251482425039,15.71062640694495
0.5,73241,photon,16,54.125328421915114,9,100000,0.99996,0.99996,4e-05,0.0,-77.93997820746574,16.668755011218355
0.5,73241,photon,16,54.125328421915114,10,100000,0.99999,0.99999,1e-05,0.0,-86.57472481136608,17.567363378550255
0.5,73241,photon,16,54.125328421915114,11,100000,1.0,1.0,0.0,0.0,-95.23649682595499,18.40391341909792
0.5,73241,photon,16,54.125328421915114,12,100000,1.0,1.0,0.0,0.0,-103.8868569172176,19.21141405823378
0.5,73241,photon,17,62.813421921481506,1,100000,0.89265,0.89265,0.10735,0.0,-8.80315125422846,5.460597954518603
0.5,73241,photon,17,62.813421921481506,2,100000,0.96861,0.96861,0.03139,0.0,-17.461803244454835,7.811456710447847
0.5,73241,photon,17,62.813421921481506,3,100000,0.99111,0.99111,0.00889,0.0,-26.1083042965416,9.56874033602685
0.5,73241,photon,17,62.813421921481506,4,100000,0.99715,0.99715,0.00285,0.0,-34.82623645665335,11.024615878860478
0.5,73241,photon,17,62.813421921481506,5,100000,0.99889,0.99889,0.00111,0.0,-43.50019291720372,12.371128216136887
0.5,73241,photon,17,62.813421921481506,6,100000,0.99968,0.99968,0.00032,0.0,-52.16813219378274,13.561485084686383
0.5,73241,photon,17,62.813421921481506,7,100000,0.9999,0.9999,0.0001,0.0,-60.8065379103697,14.672077957839555
0.5,73241,photon,17,62.813421921481506,8,100000,0.99996,0.99996,4e-05,0.0,-69.47913432136721,15.702559909158035
0.5,73241,photon,17,62.813421921481506,9,100000,0.99998,0.99998,2e-05,0.0,-78.14193879087921,16.670973769791313
0.5,73241,photon,17,62.813421921481506,10,100000,1.0,1.0,0.0,0.0,-86.80885403549317,17.59455977116979
0.5,73241,photon,17,62.813421921481506,11,100000,1.0,1.0,0.0,0.0,-95.47373893606985,18.48204514093865
0.5,73241,photon,17,62.813421921481506,12,100000,1.0,1.0,0.0,0.0,-104.10877171723858,19.27905665861211
0.5,73241,photon,18,72.89611146061016,1,100000,0.89241,0.89241,0.10759,0.0,-8.81715623874541,5.45294923580685
0.5,73241,photon,18,72.89611146061016,2,100000,0.96973,0.96973,0.03027,0.0,-17.52520494027441,7.784432321700681
0.5,73241,photon,18,72.89611146061016,3,100000,0.99133,0.99133,0.00867,0.0,-26.195312271102974,9.540245212206267
0.5,73241,photon,18,72.89611146061016,4,100000,0.99739,0.99739,0.00261,0.0,-34.93333764281902,11.015806400404655
0.5,73241,photon,18,72.89611146061016,5,100000,0.999,0.999,0.001,0.0,-43.62594251743695,12.322207921752764
0.5,73241,photon,18,72.89611146061016,6,100000,0.99969,0.99969,0.00031,0.0,-52.29312144033677,13.52128023844267
0.5,73241,photon,18,72.89611146061016,7,100000,0.99992,0.99992,8e-05,0.0,-60.991165743858794,14.60185454827389
0.5,73241,photon,18,72.89611146061016,8,100000,0.99995,0.99995,5e-05,0.0,-69.67985525379471,15.638608202249946
0.5,73241,photon,18,72.89611146061016,9,100000,0.99999,0.99999,1e-05,0.0,-78.35436422060307,16.611265180281205
0.5,73241,photon,18,72.89611146061016,10,100000,1.0,1.0,0.0,0.0,-87.0318453614702,17.51403662532175
0.5,73241,photon,18,72.89611146061016,11,100000,1.0,1.0,0.0,0.0,-95.7140845942541,18.38881045675184
0.5,73241,photon,18,72.89611146061016,12,100000,1.0,1.0,0.0,0.0,-104.39376600803037,19.215048964661836
0.5,73241,photon,19,84.59725491026656,1,100000,0.89322,0.89322,0.10678,0.0,-8.839789183768536,5.43786184225057
0.5,73241,photon,19,84.59725491026656,2,100000,0.97064,0.97064,0.02936,0.0,-17.54578828012768,7.751903384584589
0.5,73241,photon,19,84.59725491026656,3,100000,0.99131,0.99131,0.00869,0.0,-26.20776053853605,9.536534446624476
0.5,73241,photon,19,84.59725491026656,4,100000,0.99695,0.99695,0.00305,0.0,-34.88896348437096,11.020670663277636
0.5,73241,photon,19,84.59725491026656,5,100000,0.99892,0.99892,0.00108,0.0,-43.557001432166324,12.340096617676465
0.5,73241,photon,19,84.59725491026656,6,100000,0.99955,0.99955,0.00045,0.0,-52.25322396374008,13.51915427905065
0.5,73241,photon,19,84.59725491026656,7,100000,0.99981,0.99981,0.00019,0.0,-60.953751076172814,14.609004098169539
0.5,73241,photon,19,84.59725491026656,8,100000,0.99994,0.99994,6e-05,0.0,-69.6230297768119,15.638690455433707
0.5,73241,photon,19,84.59725491026656,9,100000,0.99995,0.99995,5e-05,0.0,-78.30897662471988,16.606621781493768
0.5,73241,photon,19,84.59725491026656,10,100000,0.99999,0.99999,1e-05,0.0,-86.98560537107946,17.499387872859668
0.5,73241,photon,19,84.59725491026656,11,100000,1.0,1.0,0.0,0.0,-95.67026599661779,18.33873663152761
0.5,73241,photon,19,84.59725491026656,12,100000,1.0,1.0,0.0,0.0,-104.31571842664303,19.151448288001554
0.5,73241,su2,0,4.999999999999999,1,100000,0.92452,0.07548,0.92452,0.0,3.898662407640415,2.1498689892354643
0.5,73241,su2,0,4.999999999999999,2,100000,0.97892,0.02108,0.97892,0.0,7.777600908686424,3.0547823365701348
0.5,73241,su2,0,4.999999999999999,3,100000,0.99095,0.00905,0.99095,0.0,11.634943827801873,3.7617637734041494
0.5,73241,su2,0,4.999999999999999,4,100000,0.99591,0.00409,0.99591,0.0,15.504735444106599,4.355186431383063
0.5,73241,su2,0,4.999999999999999,5,100000,0.99847,0.00153,0.99847,0.0,19.37957732717459,4.8561039009611315
0.5,73241,su2,0,4.999999999999999,6,100000,0.99932,0.00068,0.99932,0.0,23.241414489359386,5.326554695572236
0.5,73241,su2,0,4.999999999999999,7,100000,0.99969,0.00031,0.99969,0.0,27.11638857173162,5.746799617252893
0.5,73241,su2,0,4.999999999999999,8,100000,0.99984,0.00016,0.99984,0.0,30.98349620357757,6.150985874055246
0.5,73241,su2,0,4.999999999999999,9,100000,0.9999,0.0001,0.9999,0.0,34.86179764775216,6.524856638478949
0.5,73241,su2,0,4.999999999999999,10,100000,0.99997,3e-05,0.99997,0.0,38.73824107260382,6.8711010327339705
0.5,73241,su2,0,4.999999999999999,11,100000,0.99998,2e-05,0.99998,0.0,42.62039353093757,7.2246127972943475
0.5,73241,su2,0,4.999999999999999,12,100000,0.99998,2e-05,0.99998,0.0,46.48231314963984,7.544225397523712
0.5,73241,su2,1,6.215947142787869,1,100000,0.92358,0.07642,0.92358,0.0,3.881132069224738,2.170474600593947
0.5,73241,su2,1,6.215947142787869,2,100000,0.97782,0.02218,0.97782,0.0,7.736487510642286,3.0811061141647738
0.5,73241,su2,1,6.215947142787869,3,100000,0.99072,0.00928,0.99072,0.0,11.587628081176684,3.768165679118719
0.5,73241,su2,1,6.215947142787869,4,100000,0.99566,0.00434,0.99566,0.0,15.43585295718502,4.369577000659351
0.5,73241,su2,1,6.215947142787869,5,100000,0.99813,0.00187,0.99813,0.0,19.277730345807583,4.89974506659339
0.5,73241,su2,1,6.215947142787869,6,100000,0.99926,0.00074,0.99926,0.0,23.142843879682697,5.357104236364019
0.5,73241,su2,1,6.215947142787869,7,100000,0.99959,0.00041,0.99959,0.0,26.99362282532141,5.790307236314924
0.5,73241,su2,1,6.215947142787869,8,100000,0.99985,0.00015,0.99985,0.0,30.849110489610474,6.188386472481441
0.5,73241,su2,1,6.215947142787869,9,100000,0.99995,5e-05,0.99995,0.0,34.70029979220076,6.563729556731438
0.5,73241,su2,1,6.215947142787869,10,100000,0.99997,3e-05,0.99997,0.0,38.539341358788505,6.933407680274786
0.5,73241,su2,1,6.215947142787869,11,100000,0.99999,1e-05,0.99999,0.0,42.38639083892934,7.260275507209483
0.5,73241,su2,1,6.215947142787869,12,100000,0.99998,2e-05,0.99998,0.0,46.23436130259713,7.576567485086279
0.5,73241,su2,2,7.727599776386536,1,100000,0.92054,0.07946,0.92054,0.0,3.867532004526264,2.18865211943931
0.5,73241,su2,2,7.727599776386536,2,100000,0.97666,0.02334,0.97666,0.0,7.707409687165668,3.0978705163172253
0.5,73241,su2,2,7.727599776386536,3,100000,0.99025,0.00975,0.99025,0.0,11.553848032750507,3.792975897696754
0.5,73241,su2,2,7.727599776386536,4,100000,0.9959,0.0041,0.9959,0.0,15.394482232658065,4.3727211649828215
0.5,73241,su2,2,7.727599776386536,5,100000,0.99811,0.00189,0.99811,0.0,19.237915249695114,4.888133396924057
0.5,73241,su2,2,7.727599776386536,6,100000,0.99922,0.00078,0.99922,0.0,23.06939841633336,5.358480199906723
0.5,73241,su2,2,7.727599776386536,7,100000,0.99971,0.00029,0.99971,0.0,26.91028744878839,5.786834950132931
0.5,73241,su2,2,7.727599776386536,8,100000,0.99987,0.00013,0.99987,0.0,30.75034052262077,6.195169969423393
0.5,73241,su2,2,7.727599776386536,9,100000,0.99995,5e-05,0.99995,0.0,34.59807419304703,6.578067424625382
0.5,73241,su2,2,7.727599776386536,10,100000,0.99997,3e-05,0.99997,0.0,38.447062108238654,6.941949219938749
0.5,73241,su2,2,7.727599776386536,11,100000,0.99998,2e-05,0.99998,0.0,42.286825585567456,7.288407531203243
0.5,73241,su2,2,7.727599776386536,12,100000,1.0,0.0,1.0,0.0,46.135132486081964,7.605630222400839
0.5,73241,su2,3,9.606870350127615,1,100000,0.92045,0.07955,0.92045,0.0,3.85621400344779,2.1871777716738805
0.5,73241,su2,3,9.606870350127615,2,100000,0.97651,0.02349,0.97651,0.0,7.6793921409869785,3.1061127513375153
0.5,73241,su2,3,9.606870350127615,3,100000,0.99063,0.00937,0.99063,0.0,11.526409693534244,3.796892189187125
0.5,73241,su2,3,9.606870350127615,4,100000,0.99547,0.00453,0.99547,0.0,15.362925845027107,4.390118846913093
0.5,73241,su2,3,9.606870350127615,5,100000,0.99789,0.00211,0.99789,0.0,19.182141005385105,4.917493619790767
0.5,73241,su2,3,9.606870350127615,6,100000,0.99911,0.00089,0.99911,0.0,23.001108501162907,5.380848195836798
0.5,73241,su2,3,9.606870350127615,7,100000,0.99961,0.00039,0.99961,0.0,26.83476691826254,5.804202358492778
0.5,73241,su2,3,9.606870350127615,8,100000,0.99988,0.00012,0.99988,0.0,30.675455521409862,6.203671848543556
0.5,73241,su2,3,9.606870350127615,9,100000,0.99996,4e-05,0.99996,0.0,34.49184312028262,6.588918616585465
0.5,73241,su2,3,9.606870350127615,10,100000,0.99996,4e-05,0.99996,0.0,38.31244391230437,6.93644194297735
0.5,73241,su2,3,9.606870350127615,11,100000,0.99998,2e-05,0.99998,0.0,42.14023491537467,7.281713582653745
0.5,73241,su2,3,9.606870350127615,12,100000,0.99999,1e-05,0.99999,0.0,45.98327959711604,7.6092663152899505
0.5,73241,su2,4,11.943159660801848,1,100000,0.91964,0.08036,0.91964,0.0,3.8417209115869797,2.203198786705657
0.5,73241,su2,4,11.943159660801848,2,100000,0.97657,0.02343,0.97657,0.0,7.66874354605481,3.1018000796908534
0.5,73241,su2,4,11.943159660801848,3,100000,0.98997,0.01003,0.98997,0.0,11.498682717280651,3.805011162002533
0.5,73241,su2,4,11.943159660801848,4,100000,0.99572,0.00428,0.99572,0.0,15.315029544843142,4.394788857726357
0.5,73241,su2,4,11.943159660801848,5,100000,0.99817,0.00183,0.99817,0.0,19.14183271079677,4.911688772656474
0.5,73241,su2,4,11.943159660801848,6,100000,0.99914,0.00086,0.99914,0.0,22.95341096272989,5.394914232445655
0.5,73241,su2,4,11.943159660801848,7,100000,0.99961,0.00039,0.99961,0.0,26.768855941077756,5.8252891501545285
0.5,73241,su2,4,11.943159660801848,8,100000,0.99984,0.00016,0.99984,0.0,30.593935167656884,6.224499839971917
0.5,73241,su2,4,11.943159660801848,9,100000,0.99995,5e-05,0.99995,0.0,34.41745461417211,6.610939136313798
0.5,73241,su2,4,11.943159660801848,10,100000,0.99997,3e-05,0.99997,0.0,38.234118160366144,6.961938096822361
0.5,73241,su2,4,11.943159660801848,11,100000,1.0,0.0,1.0,0.0,42.05965420305535,7.29248364701231
0.5,73241,su2,4,11.943159660801848,12,100000,1.0,0.0,1.0,0.0,45.87677468630181,7.632640809041689
0.5,73241,su2,5,14.84760983388412,1,100000,0.91892,0.08108,0.91892,0.0,3.8393136386199815,2.2172590766809064
0.5,73241,su2,5,14.84760983388412,2,100000,0.97567,0.02433,0.97567,0.0,7.668099671887254,3.129693669444785
0.5,73241,su2,5,14.84760983388412,3,100000,0.98936,0.01064,0.98936,0.0,11.479234707484036,3.855206677622709
0.5,73241,su2,5,14.84760983388412,4,100000,0.99509,0.00491,0.99509,0.0,15.299807424337144,4.438467888299499
0.5,73241,su2,5,14.84760983388412,5,100000,0.99771,0.00229,0.99771,0.0,19.112797423373706,4.960609954381002
0.5,73241,su2,5,14.84760983388412,6,100000,0.999,0.001,0.999,0.0,22.920919721167206,5.4337404859686576
0.5,73241,su2,5,14.84760983388412,7,100000,0.99956,0.00044,0.99956,0.0,26.73223128740931,5.8752362869123465
0.5,73241,su2,5,14.84760983388412,8,100000,0.99984,0.00016,0.99984,0.0,30.551447213345806,6.282369865389477
0.5,73241,su2,5,14.84760983388412,9,100000,0.99991,9e-05,0.99991,0.0,34.365626890016365,6.652095306696076
0.5,73241,su2,5,14.84760983388412,10,100000,0.99999,1e-05,0.99999,0.0,38.18429969551949,7.027105948804839
0.5,73241,su2,5,14.84760983388412,11,100000,1.0,0.0,1.0,0.0,42.00299888631079,7.3807703570008405
0.5,73241,su2,5,14.84760983388412,12,100000,1.0,0.0,1.0,0.0,45.81672775780555,7.720393911605756
0.5,73241,su2,6,18.458391584832217,1,100000,0.91793,0.08207,0.91793,0.0,3.828892123792831,2.214716472104693
0.5,73241,su2,6,18.458391584832217,2,100000,0.97532,0.02468,0.97532,0.0,7.64447174418713,3.1346005792234855
0.5,73241,su2,6,18.458391584832217,3,100000,0.98937,0.01063,0.98937,0.0,11.457759043914978,3.8410850450125595
0.5,73241,su2,6,18.458391584832217,4,100000,0.99492,0.00508,0.99492,0.0,15.271606963795042,4.429186795857181
0.5,73241,su2,6,18.458391584832217,5,100000,0.99796,0.00204,0.99796,0.0,19.076129059357395,4.954160121216923
0.5,73241,su2,6,18.458391584832217,6,100000,0.99909,0.00091,0.99909,0.0,22.88351285441193,5.42495816311364
0.5,73241,su2,6,18.458391584832217,7,100000,0.99962,0.00038,0.99962,0.0,26.674558317376142,5.866293780227944
0.5,73241,su2,6,18.458391584832217,8,100000,0.99981,0.00019,0.99981,0.0,30.497496849581847,6.2542771454499055
0.5,73241,su2,6,18.458391584832217,9,100000,0.9999,0.0001,0.9999,0.0,34.31264546599424,6.646784782673276
0.5,73241,su2,6,18.458391584832217,10,100000,0.99994,6e-05,0.99994,0.0,38.1104433739071,7.007514432263766
0.5,73241,su2,6,18.458391584832217,11,100000,0.99998,2e-05,0.99998,0.0,41.922523725524684,7.334903273147203
0.5,73241,su2,6,18.458391584832217,12,100000,0.99999,1e-05,0.99999,0.0,45.72663058598147,7.66484213693203
0.5,73241,su2,7,22.947277286439505,1,100000,0.91934,0.08066,0.91934,0.0,3.832447175318487,2.2109098046180686
0.5,73241,su2,7,22.947277286439505,2,100000,0.97576,0.02424,0.97576,0.0,7.642831388416704,3.1298043442505104
0.5,73241,su2,7,22.947277286439505,3,100000,0.98961,0.01039,0.98961,0.0,11.436842623391447,3.8408497123160403
0.5,73241,su2,7,22.947277286439505,4,100000,0.99526,0.00474,0.99526,0.0,15.251593079745513,4.4349903715041465
0.5,73241,su2,7,22.947277286439505,5,100000,0.99809,0.00191,0.99809,0.0,19.06044371604701,4.950214477877377
0.5,73241,su2,7,22.947277286439505,6,100000,0.99917,0.00083,0.99917,0.0,22.86847675554956,5.4311998534251
0.5,73241,su2,7,22.947277286439505,7,100000,0.99966,0.00034,0.99966,0.0,26.6812845402908,5.86429365723144
0.5,73241,su2,7,22.947277286439505,8,100000,0.99984,0.00016,0.99984,0.0,30.48734172527242,6.272581986453188
0.5,73241,su2,7,22.947277286439505,9,100000,0.99992,8e-05,0.99992,0.0,34.308050753091464,6.654148583745583
0.5,73241,su2,7,22.947277286439505,10,100000,0.99997,3e-05,0.99997,0.0,38.11154266065388,7.024416767597223
0.5,73241,su2,7,22.947277286439505,11,100000,1.0,0.0,1.0,0.0,41.927260630850775,7.358882360640356
0.5,73241,su2,7,22.947277286439505,12,100000,1.0,0.0,1.0,0.0,45.72945325854813,7.693380842555735
0.5,73241,su2,8,28.527812536680912,1,100000,0.91821,0.08179,0.91821,0.0,3.8330650392446364,2.2146269206791196
0.5,73241,su2,8,28.527812536680912,2,100000,0.97511,0.02489,0.97511,0.0,7.638032485858587,3.147896366043966
0.5,73241,su2,8,28.527812536680912,3,100000,0.98897,0.01103,0.98897,0.0,11.438190334808482,3.8580018789379262
0.5,73241,su2,8,28.527812536680912,4,100000,0.99507,0.00493,0.99507,0.0,15.23481046461643,4.450065055824576
0.5,73241,su2,8,28.527812536680912,5,100000,0.9978,0.0022,0.9978,0.0,19.033026179542567,4.972384161060928
0.5,73241,su2,8,28.527812536680912,6,100000,0.99909,0.00091,0.99909,0.0,22.831559526106968,5.452987585749295
0.5,73241,su2,8,28.527812536680912,7,100000,0.99956,0.00044,0.99956,0.0,26.642754534586125,5.886148224597297
0.5,73241,su2,8,28.527812536680912,8,100000,0.99975,0.00025,0.99975,0.0,30.44571641564472,6.298697070227674
0.5,73241,su2,8,28.527812536680912,9,100000,0.99987,0.00013,0.99987,0.0,34.24467504699953,6.690884329930791
0.5,73241,su2,8,28.527812536680912,10,100000,0.99997,3e-05,0.99997,0.0,38.05185199515745,7.054706916945657
0.5,73241,su2,8,28.527812536680912,11,100000,0.99999,1e-05,0.99999,0.0,41.8544613419831,7.396036311111465
0.5,73241,su2,8,28.527812536680912,12,100000,1.0,0.0,1.0,0.0,45.64862004366971,7.7211537387200595
0.5,73241,su2,9,35.46547496547396,1,100000,0.91851,0.08149,0.91851,0.0,3.8247945508765966,2.2064640992998172
0.5,73241,su2,9,35.46547496547396,2,100000,0.9761,0.0239,0.9761,0.0,7.640611580048947,3.128800857078021
0.5,73241,su2,9,35.46547496547396,3,100000,0.98875,0.01125,0.98875,0.0,11.44304673402003,3.854865312590177
0.5,73241,su2,9,35.46547496547396,4,100000,0.99503,0.00497,0.99503,0.0,15.24225333907299,4.45045083358263
0.5,73241,su2,9,35.46547496547396,5,100000,0.99792,0.00208,0.99792,0.0,19.030413450465687,4.989840179957557
0.5,73241,su2,9,35.46547496547396,6,100000,0.99888,0.00112,0.99888,0.0,22.82409694269795,5.476531902030886
0.5,73241,su2,9,35.46547496547396,7,100000,0.99956,0.00044,0.99956,0.0,26.620413937232495,5.914609367924144
0.5,73241,su2,9,35.46547496547396,8,100000,0.99985,0.00015,0.99985,0.0,30.419682906539954,6.325032301350285
0.5,73241,su2,9,35.46547496547396,9,100000,0.99995,5e-05,0.99995,0.0,34.215198919771,6.701274154930886
0.5,73241,su2,9,35.46547496547396,10,100000,0.99996,4e-05,0.99996,0.0,38.01519092567152,7.058572135540268
0.5,73241,su2,9,35.46547496547396,11,100000,0.99998,2e-05,0.99998,0.0,41.81173469303204,7.407942894151098
0.5,73241,su2,9,35.46547496547396,12,100000,0.99999,1e-05,0.99999,0.0,45.6157979471689,7.725371852370719
0.5,73241,su2,10,44.09030355585049,1,100000,0.91839,0.08161,0.91839,0.0,3.8338101588018167,2.209516522321797
0.5,73241,su2,10,44.09030355585049,2,100000,0.97585,0.02415,0.97585,0.0,7.65430323887184,3.1233323249617935
0.5,73241,su2,10,44.09030355585049,3,100000,0.98933,0.01067,0.98933,0.0,11.449172474055253,3.8393340539699525
0.5,73241,su2,10,44.09030355585049,4,100000,0.99498,0.00502,0.99498,0.0,15.246987177051313,4.440725817516644
0.5,73241,su2,10,44.09030355585049,5,100000,0.99775,0.00225,0.99775,0.0,19.056179881711387,4.9640287468603725
0.5,73241,su2,10,44.09030355585049,6,100000,0.99894,0.00106,0.99894,0.0,22.844464704693312,5.450402940444438
0.5,73241,su2,10,44.09030355585049,7,100000,0.9995,0.0005,0.9995,0.0,26.64788535162933,5.890997340423907
0.5,73241,su2,10,44.09030355585049,8,100000,0.99979,0.00021,0.99979,0.0,30.45581954619222,6.293974624049256
0.5,73241,su2,10,44.09030355585049,9,100000,0.99991,9e-05,0.99991,0.0,34.254588212227716,6.674533554050479
0.5,73241,su2,10,44.09030355585049,10,100000,0.99999,1e-05,0.99999,0.0,38.0600838132789,7.0421167730914265
0.5,73241,su2,10,44.09030355585049,11,100000,1.0,0.0,1.0,0.0,41.86740814152964,7.371528336187096
0.5,73241,su2,10,44.09030355585049,12,100000,1.0,0.0,1.0,0.0,45.66787044273841,7.687763271852504
0.5,73241,su2,11,54.81259928252777,1,100000,0.91536,0.08464,0.91536,0.0,3.81177912990539,2.2365199400952087
0.5,73241,su2,11,54.81259928252777,2,100000,0.97567,0.02433,0.97567,0.0,7.629347154414135,3.136072909553367
0.5,73241,su2,11,54.81259928252777,3,100000,0.98947,0.01053,0.98947,0.0,11.434180157399162,3.841555270489573
0.5,73241,su2,11,54.81259928252777,4,100000,0.99495,0.00505,0.99495,0.0,15.240347154959988,4.43958788976894
0.5,73241,su2,11,54.81259928252777,5,100000,0.99772,0.00228,0.99772,0.0,19.031277225500624,4.967634315927095
0.5,73241,su2,11,54.81259928252777,6,100000,0.99882,0.00118,0.99882,0.0,22.838240165648664,5.442951627091118
0.5,73241,su2,11,54.81259928252777,7,100000,0.9995,0.0005,0.9995,0.0,26.63936398072613,5.877679421680245
0.5,73241,su2,11,54.81259928252777,8,100000,0.99974,0.00026,0.99974,0.0,30.436329384830277,6.287422376323088
0.5,73241,su2,11,54.81259928252777,9,100000,0.99994,6e-05,0.99994,0.0,34.226092092427734,6.677042420462749
0.5,73241,su2,11,54.81259928252777,10,100000,0.99995,5e-05,0.99995,0.0,38.02177247934837,7.045183888745841
0.5,73241,su2,11,54.81259928252777,11,100000,0.99997,3e-05,0.99997,0.0,41.82160412552905,7.396341888020716
0.5,73241,su2,11,54.81259928252777,12,100000,0.99999,1e-05,0.99999,0.0,45.608230532439954,7.724812389835757
0.5,73241,su2,12,68.14244397980099,1,100000,0.91813,0.08187,0.91813,0.0,3.8334562839620006,2.210884560915815
0.5,73241,su2,12,68.14244397980099,2,100000,0.97542,0.02458,0.97542,0.0,7.64187003704348,3.1245660531103034
0.5,73241,su2,12,68.14244397980099,3,100000,0.98954,0.01046,0.98954,0.0,11.455906184382224,3.8381767679044567
0.5,73241,su2,12,68.14244397980099,4,100000,0.99509,0.00491,0.99509,0.0,15.2661876316071,4.4389314124715185
0.5,73241,su2,12,68.14244397980099,5,100000,0.9979,0.0021,0.9979,0.0,19.069455785715068,4.964059275400158
0.5,73241,su2,12,68.14244397980099,6,100000,0.99905,0.00095,0.99905,0.0,22.88014140045134,5.431838166131082
0.5,73241,su2,12,68.14244397980099,7,100000,0.99952,0.00048,0.99952,0.0,26.684183911901638,5.863391054851125
0.5,73241,su2,12,68.14244397980099,8,100000,0.99981,0.00019,0.99981,0.0,30.471905950156977,6.2792805481415055
0.5,73241,su2,12,68.14244397980099,9,100000,0.99997,3e-05,0.99997,0.0,34.26955334371796,6.6548729383302145
0.5,73241,su2,12,68.14244397980099,10,100000,0.99995,5e-05,0.99995,0.0,38.0707368115261,7.018300269983306
0.5,73241,su2,12,68.14244397980099,11,100000,0.99995,5e-05,0.99995,0.0,41.862675912762114,7.3649314856661245
0.5,73241,su2,12,68.14244397980099,12,100000,1.0,0.0,1.0,0.0,45.66932108493084,7.6808677069191305
0.5,73241,su2,13,84.71396599176529,1,100000,0.91849,0.08151,0.91849,0.0,3.823548336758741,2.243123650717404
0.5,73241,su2,13,84.71396599176529,2,100000,0.97378,0.02622,0.97378,0.0,7.623166316779143,3.177769488668525
0.5,73241,su2,13,84.71396599176529,3,100000,0.98779,0.01221,0.98779,0.0,11.410983464732842,3.8947995708246403
0.5,73241,su2,13,84.71396599176529,4,100000,0.99408,0.00592,0.99408,0.0,15.20723853693267,4.497344003633103
0.5,73241,su2,13,84.71396599176529,5,100000,0.99717,0.00283,0.99717,0.0,18.992833794413798,5.033682015090607
0.5,73241,su2,13,84.71396599176529,6,100000,0.99889,0.00111,0.99889,0.0,22.77802860556649,5.498933260268646
0.5,73241,su2,13,84.71396599176529,7,100000,0.99942,0.00058,0.99942,0.0,26.570887058859036,5.934914127423809
0.5,73241,su2,13,84.71396599176529,8,100000,0.99976,0.00024,0.99976,0.0,30.37662513854422,6.330826479796347
0.5,73241,su2,13,84.71396599176529,9,100000,0.9999,0.0001,0.9999,0.0,34.17370913818085,6.717337481575586
0.5,73241,su2,13,84.71396599176529,10,100000,0.99994,6e-05,0.99994,0.0,37.97692956922818,7.076303006782099
0.5,73241,su2,13,84.71396599176529,11,100000,0.99998,2e-05,0.99998,0.0,41.77070093938832,7.421626936456686
0.5,73241,su2,13,84.71396599176529,12,100000,0.99998,2e-05,0.99998,0.0,45.56671081377109,7.748775340317038
0.5,73241,su2,14,105.31550697214851,1,100000,0.91677,0.08323,0.91677,0.0,3.8165333424003913,2.224393168747682
0.5,73241,su2,14,105.31550697214851,2,100000,0.97461,0.02539,0.97461,0.0,7.6134844356781946,3.1489692226023327
0.5,73241,su2,14,105.31550697214851,3,100000,0.98907,0.01093,0.98907,0.0,11.419441837893032,3.8623709658001917
0.5,73241,su2,14,105.31550697214851,4,100000,0.99533,0.00467,0.99533,0.0,15.205691073684727,4.4582506743022705
0.5,73241,su2,14,105.31550697214851,5,100000,0.99767,0.00233,0.99767,0.0,18.998262044329042,4.984784119281518
0.5,73241,su2,14,105.31550697214851,6,100000,0.99898,0.00102,0.99898,0.0,22.794626165458588,5.455357135717677
0.5,73241,su2,14,105.31550697214851,7,100000,0.99958,0.00042,0.99958,0.0,26.59717947349193,5.89686311800078
0.5,73241,su2,14,105.31550697214851,8,100000,0.99978,0.00022,0.99978,0.0,30.391679981842437,6.313532555822998
0.5,73241,su2,14,105.31550697214851,9,100000,0.99993,7e-05,0.99993,0.0,34.184596674451925,6.6946402570737495
0.5,73241,su2,14,105.31550697214851,10,100000,0.99997,3e-05,0.99997,0.0,37.96752822767309,7.052287852667613
0.5,73241,su2,14,105.31550697214851,11,100000,0.99999,1e-05,0.99999,0.0,41.75236217459147,7.399764167656381
0.5,73241,su2,14,105.31550697214851,12,100000,0.99999,1e-05,0.99999,0.0,45.532169744073435,7.737523506221378
0.5,73241,su2,15,130.92712493095644,1,100000,0.91692,0.08308,0.91692,0.0,3.8237954060721804,2.2336845983724567
0.5,73241,su2,15,130.92712493095644,2,100000,0.97482,0.02518,0.97482,0.0,7.62402909490454,3.1523472420189678
0.5,73241,su2,15,130.92712493095644,3,100000,0.98927,0.01073,0.98927,0.0,11.42959912231324,3.855145787853581
0.5,73241,su2,15,130.92712493095644,4,100000,0.99503,0.00497,0.99503,0.0,15.23412107893726,4.441777878938796
0.5,73241,su2,15,130.92712493095644,5,100000,0.99779,0.00221,0.99779,0.0,19.041033207064025,4.957913232065313
0.5,73241,su2,15,130.92712493095644,6,100000,0.99906,0.00094,0.99906,0.0,22.817197128444914,5.444944252506264
0.5,73241,su2,15,130.92712493095644,7,100000,0.99952,0.00048,0.99952,0.0,26.62435820299271,5.89248090563392
0.5,73241,su2,15,130.92712493095644,8,100000,0.99983,0.00017,0.99983,0.0,30.417927544663442,6.287454743946549
0.5,73241,su2,15,130.92712493095644,9,100000,0.99994,6e-05,0.99994,0.0,34.21214334561576,6.673495803059555
0.5,73241,su2,15,130.92712493095644,10,100000,0.99999,1e-05,0.99999,0.0,38.002904966269966,7.035874563594784
0.5,73241,su2,15,130.92712493095644,11,100000,1.0,0.0,1.0,0.0,41.792702957500474,7.396783611536684
0.5,73241,su2,15,130.92712493095644,12,100000,1.0,0.0,1.0,0.0,45.577130928471995,7.727803949227997
0.5,73241,su2,16,162.76721762560175,1,100000,0.91649,0.08351,0.91649,0.0,3.811323972432091,2.222646606278448
0.5,73241,su2,16,162.76721762560175,2,100000,0.97471,0.02529,0.97471,0.0,7.61547547935223,3.1422710301368193
0.5,73241,su2,16,162.76721762560175,3,100000,0.98874,0.01126,0.98874,0.0,11.407280463350023,3.8734223410885695
0.5,73241,su2,16,162.76721762560175,4,100000,0.99524,0.00476,0.99524,0.0,15.199649910135433,4.460099624577833
0.5,73241,su2,16,162.76721762560175,5,100000,0.9978,0.0022,0.9978,0.0,19.005947374110235,4.981668694743227
0.5,73241,su2,16,162.76721762560175,6,100000,0.99903,0.00097,0.99903,0.0,22.795252548745196,5.464823782071599
0.5,73241,su2,16,162.76721762560175,7,100000,0.99959,0.00041,0.99959,0.0,26.57767153936707,5.912765975105693
0.5,73241,su2,16,162.76721762560175,8,100000,0.99972,0.00028,0.99972,0.0,30.35864800852037,6.324964920237659
0.5,73241,su2,16,162.76721762560175,9,100000,0.99993,7e-05,0.99993,0.0,34.16551386232729,6.710570701418971
0.5,73241,su2,16,162.76721762560175,10,100000,0.99996,4e-05,0.99996,0.0,37.95033506232298,7.080647298835457
0.5,73241,su2,16,162.76721762560175,11,100000,0.99998,2e-05,0.99998,0.0,41.74657072028767,7.410975689236413
0.5,73241,su2,16,162.76721762560175,12,100000,0.99999,1e-05,0.99999,0.0,45.5360934091217,7.744924595287031
0.5,73241,su2,17,202.35048426787822,1,100000,0.91743,0.08257,0.91743,0.0,3.824895715340455,2.1952837302218775
0.5,73241,su2,17,202.35048426787822,2,100000,0.97693,0.02307,0.97693,0.0,7.648739494072836,3.103960321624822
0.5,73241,su2,17,202.35048426787822,3,100000,0.99018,0.00982,0.99018,0.0,11.45502501482158,3.81431763064815
0.5,73241,su2,17,202.35048426787822,4,100000,0.99515,0.00485,0.99515,0.0,15.26826402368042,4.417053542413669
0.5,73241,su2,17,202.35048426787822,5,100000,0.99769,0.00231,0.99769,0.0,19.0608089905409,4.952810909994546
0.5,73241,su2,17,202.35048426787822,6,100000,0.99903,0.00097,0.99903,0.0,22.854785183177068,5.4239264161337255
0.5,73241,su2,17,202.35048426787822,7,100000,0.99962,0.00038,0.99962,0.0,26.662916870389672,5.855644184451134
0.5,73241,su2,17,202.35048426787822,8,100000,0.99976,0.00024,0.99976,0.0,30.45783396882629,6.273364367820481
0.5,73241,su2,17,202.35048426787822,9,100000,0.99989,0.00011,0.99989,0.0,34.25653460883757,6.64554590032864
0.5,73241,su2,17,202.35048426787822,10,100000,0.99994,6e-05,0.99994,0.0,38.05026450534086,7.0108054981849115
0.5,73241,su2,17,202.35048426787822,11,100000,0.99997,3e-05,0.99997,0.0,41.844782185198916,7.3568004365745745
0.5,73241,su2,17,202.35048426787822,12,100000,0.99999,1e-05,0.99999,0.0,45.64499457085054,7.68100957231323
0.5,73241,su2,18,251.55998290533202,1,100000,0.91654,0.08346,0.91654,0.0,3.817145784983817,2.2103569853637275
0.5,73241,su2,18,251.55998290533202,2,100000,0.97519,0.02481,0.97519,0.0,7.624805786599132,3.143014642071515
0.5,73241,su2,18,251.55998290533202,3,100000,0.98936,0.01064,0.98936,0.0,11.423689892519063,3.840693292997893
0.5,73241,su2,18,251.55998290533202,4,100000,0.99516,0.00484,0.99516,0.0,15.221307988405108,4.449936718822935
0.5,73241,su2,18,251.55998290533202,5,100000,0.9978,0.0022,0.9978,0.0,19.00805197728257,4.969487187228623
0.5,73241,su2,18,251.55998290533202,6,100000,0.99908,0.00092,0.99908,0.0,22.788182351671374,5.468481290043209
0.5,73241,su2,18,251.55998290533202,7,100000,0.99958,0.00042,0.99958,0.0,26.57433204439067,5.90990943106778
0.5,73241,su2,18,251.55998290533202,8,100000,0.99984,0.00016,0.99984,0.0,30.379211720383093,6.310827059692895
0.5,73241,su2,18,251.55998290533202,9,100000,0.99989,0.00011,0.99989,0.0,34.16917469653625,6.689343565712707
0.5,73241,su2,18,251.55998290533202,10,100000,0.99993,7e-05,0.99993,0.0,37.944352292158754,7.054289545372819
0.5,73241,su2,18,251.55998290533202,11,100000,0.99994,6e-05,0.99994,0.0,41.74874282730193,7.388824833249851
0.5,73241,su2,18,251.55998290533202,12,100000,0.99998,2e-05,0.99998,0.0,45.55858206133127,7.711124612244161
0.5,73241,su2,19,312.7367113960327,1,100000,0.91711,0.08289,0.91711,0.0,3.816968283781341,2.2140782286867107
0.5,73241,su2,19,312.7367113960327,2,100000,0.97488,0.02512,0.97488,0.0,7.609640282058085,3.155263353470898
0.5,73241,su2,19,312.7367113960327,3,100000,0.98886,0.01114,0.98886,0.0,11.407069221642546,3.875197737676666
0.5,73241,su2,19,312.7367113960327,4,100000,0.99455,0.00545,0.99455,0.0,15.188310019308823,4.480997747194441
0.5,73241,su2,19,312.7367113960327,5,100000,0.99744,0.00256,0.99744,0.0,18.971455652882486,5.013648630945539
0.5,73241,su2,19,312.7367113960327,6,100000,0.99884,0.00116,0.99884,0.0,22.761572793515743,5.496542570241679
0.5,73241,su2,19,312.7367113960327,7,100000,0.99959,0.00041,0.99959,0.0,26.542433024472782,5.925341347185099
0.5,73241,su2,19,312.7367113960327,8,100000,0.99979,0.00021,0.99979,0.0,30.34274255307706,6.326405260622601
0.5,73241,su2,19,312.7367113960327,9,100000,0.99992,8e-05,0.99992,0.0,34.136347559959894,6.699053650730818
0.5,73241,su2,19,312.7367113960327,10,100000,0.99996,4e-05,0.99996,0.0,37.92963756074644,7.064603293191883
0.5,73241,su2,19,312.7367113960327,11,100000,0.99997,3e-05,0.99997,0.0,41.73400356940077,7.40525733064652
0.5,73241,su2,19,312.7367113960327,12,100000,0.99998,2e-05,0.99998,0.0,45.52910528662343,7.740701741219094
0.5,83244,photon,0,4.999999999999999,1,100000,0.85102,0.85102,0.14898,0.0,-7.7475011904012066,5.963956282699872
0.5,83244,photon,0,4.999999999999999,2,100000,0.94443,0.94443,0.05557,0.0,-15.375822726820266,8.465199096622397
0.5,83244,photon,0,4.999999999999999,3,100000,0.97931,0.97931,0.02069,0.0,-22.971990075603443,10.387116374686705
0.5,83244,photon,0,4.999999999999999,4,100000,0.9911,0.9911,0.0089,0.0,-30.62356342605984,11.964453319855924
0.5,83244,photon,0,4.999999999999999,5,100000,0.99601,0.99601,0.00399,0.0,-38.242985744446266,13.372889874210895
0.5,83244,photon,0,4.999999999999999,6,100000,0.99812,0.99812,0.00188,0.0,-45.88153087676986,14.62332063639858
0.5,83244,photon,0,4.999999999999999,7,100000,0.99927,0.99927,0.00073,0.0,-53.526717397367015,15.771565386221557
0.5,83244,photon,0,4.999999999999999,8,100000,0.99972,0.99972,0.00028,0.0,-61.145257325656765,16.845075973612495
0.5,83244,photon,0,4.999999999999999,9,100000,0.99987,0.99987,0.00013,0.0,-68.72983702149244,17.86588656535059
0.5,83244,photon,0,4.999999999999999,10,100000,0.99995,0.99995,5e-05,0.0,-76.33827903945352,18.84186145805692
0.5,83244,photon,0,4.999999999999999,11,100000,0.99998,0.99998,2e-05,0.0,-83.93506461385275,19.720309602935302
0.5,83244,photon,0,4.999999999999999,12,100000,1.0,1.0,0.0,0.0,-91.53434907841262,20.59655379916786
0.5,83244,photon,1,5.802590372463091,1,100000,0.85696,0.85696,0.14304,0.0,-7.884811602826446,5.9073671201939915
0.5,83244,photon,1,5.802590372463091,2,100000,0.94844,0.94844,0.05156,0.0,-15.717737629706008,8.38131509724372
0.5,83244,photon,1,5.802590372463091,3,100000,0.98182,0.98182,0.01818,0.0,-23.514379100359143,10.231870208290234
0.5,83244,photon,1,5.802590372463091,4,100000,0.99245,0.99245,0.00755,0.0,-31.332398358571474,11.811541269718566
0.5,83244,photon,1,5.802590372463091,5,100000,0.99688,0.99688,0.00312,0.0,-39.14084616170704,13.181305142172176
0.5,83244,photon,1,5.802590372463091,6,100000,0.9988,0.9988,0.0012,0.0,-46.91454568728933,14.418895283154606
0.5,83244,photon,1,5.802590372463091,7,100000,0.99937,0.99937,0.00063,0.0,-54.69848426543402,15.56257508283964
0.5,83244,photon,1,5.802590372463091,8,100000,0.99976,0.99976,0.00024,0.0,-62.46378314570859,16.669650798316134
0.5,83244,photon,1,5.802590372463091,9,100000,0.99992,0.99992,8e-05,0.0,-70.21523219216229,17.704042638990067
0.5,83244,photon,1,5.802590372463091,10,100000,0.99998,0.99998,2e-05,0.0,-77.96306358817192,18.680484791580813
0.5,83244,photon,1,5.802590372463091,11,100000,0.99999,0.99999,1e-05,0.0,-85.73479703268664,19.567833541240496
0.5,83244,photon,1,5.802590372463091,12,100000,0.99998,0.99998,2e-05,0.0,-93.43318942262502,20.402405382693058
0.5,83244,photon,2,6.734011006120271,1,100000,0.8636,0.8636,0.1364,0.0,-8.051640152493608,5.835823738424174
0.5,83244,photon,2,6.734011006120271,2,100000,0.95254,0.95254,0.04746,0.0,-15.980447911201848,8.296680266692684
0.5,83244,photon,2,6.734011006120271,3,100000,0.98372,0.98372,0.01628,0.0,-23.878358221284056,10.149324821966053
0.5,83244,photon,2,6.734011006120271,4,100000,0.99354,0.99354,0.00646,0.0,-31.79350462490167,11.720068059311183
0.5,83244,photon,2,6.734011006120271,5,100000,0.99728,0.99728,0.00272,0.0,-39.690403615631496,13.115176535701123
0.5,83244,photon,2,6.734011006120271,6,100000,0.9989,0.9989,0.0011,0.0,-47.57878473675337,14.366833741777334
0.5,83244,photon,2,6.734011006120271,7,100000,0.99956,0.99956,0.00044,0.0,-55.41624669843452,15.539440244676163
0.5,83244,photon,2,6.734011006120271,8,100000,0.99984,0.99984,0.00016,0.0,-63.33234798511031,16.618286143025216
0.5,83244,photon,2,6.734011006120271,9,100000,0.99992,0.99992,8e-05,0.0,-71.2166701816191,17.630622767509855
0.5,83244,photon,2,6.734011006120271,10,100000,0.99993,0.99993,7e-05,0.0,-79.11916148152562,18.5871409982379
0.5,83244,photon,2,6.734011006120271,11,100000,0.99993,0.99993,7e-05,0.0,-86.9965563820853,19.499318154555333
0.5,83244,photon,2,6.734011006120271,12,100000,0.99998,0.99998,2e-05,0.0,-94.88304967760773,20.364978082486793
0.5,83244,photon,3,7.814941486434795,1,100000,0.86548,0.86548,0.13452,0.0,-8.144695687958093,5.807129290217297
0.5,83244,photon,3,7.814941486434795,2,100000,0.95523,0.95523,0.04477,0.0,-16.22329958572835,8.246823752155457
0.5,83244,photon,3,7.814941486434795,3,100000,0.98486,0.98486,0.01514,0.0,-24.229750407331935,10.082552879863181
0.5,83244,photon,3,7.814941486434795,4,100000,0.99421,0.99421,0.00579,0.0,-32.3063327434567,11.648432854450537
0.5,83244,photon,3,7.814941486434795,5,100000,0.99788,0.99788,0.00212,0.0,-40.33656893246892,13.005744661397813
0.5,83244,photon,3,7.814941486434795,6,100000,0.99907,0.99907,0.00093,0.0,-48.38112637678949,14.242466871279856
0.5,83244,photon,3,7.814941486434795,7,100000,0.9995,0.9995,0.0005,0.0,-56.412164868144245,15.405519431601437
0.5,83244,photon,3,7.814941486434795,8,100000,0.99982,0.99982,0.00018,0.0,-64.43946340537182,16.46929716533751
0.5,83244,photon,3,7.814941486434795,9,100000,0.99994,0.99994,6e-05,0.0,-72.4709255323976,17.470717136130677
0.5,83244,photon,3,7.814941486434795,10,100000,0.99997,0.99997,3e-05,0.0,-80.47803122611444,18.456562876474365
0.5,83244,photon,3,7.814941486434795,11,100000,0.99996,0.99996,4e-05,0.0,-88.45678081635559,19.34098241689861
0.5,83244,photon,3,7.814941486434795,12,100000,0.99998,0.99998,2e-05,0.0,-96.46241146274073,20.208779358216052
0.5,83244,photon,4,9.069380846109791,1,100000,0.8715,0.8715,0.1285,0.0,-8.260375423354292,5.748569319312904
0.5,83244,photon,4,9.069380846109791,2,100000,0.95721,0.95721,0.04279,0.0,-16.40767311035512,8.180334918427798
0.5,83244,photon,4,9.069380846109791,3,100000,0.98566,0.98566,0.01434,0.0,-24.521124512843162,10.03961694659474
0.5,83244,photon,4,9.069380846109791,4,100000,0.99473,0.99473,0.00527,0.0,-32.65854968942267,11.589892102501455
0.5,83244,photon,4,9.069380846109791,5,100000,0.99781,0.99781,0.00219,0.0,-40.79044522512281,12.959734529986063
0.5,83244,photon,4,9.069380846109791,6,100000,0.99918,0.99918,0.00082,0.0,-48.922664153722344,14.177800888829196
0.5,83244,photon,4,9.069380846109791,7,100000,0.99964,0.99964,0.00036,0.0,-57.05921812665727,15.323062912915294
0.5,83244,photon,4,9.069380846109791,8,100000,0.99981,0.99981,0.00019,0.0,-65.17557466286131,16.388159472829003
0.5,83244,photon,4,9.069380846109791,9,100000,0.99992,0.99992,8e-05,0.0,-73.28682760985853,17.397758734074316
0.5,83244,photon,4,9.069380846109791,10,100000,0.99993,0.99993,7e-05,0.0,-81.38827193802639,18.348383896602222
0.5,83244,photon,4,9.069380846109791,11,100000,0.99996,0.99996,4e-05,0.0,-89.47725374886613,19.278381963260706
0.5,83244,photon,4,9.069380846109791,12,100000,0.99999,0.99999,1e-05,0.0,-97.60862063788919,20.140192830684224
0.5,83244,photon,5,10.525180396367567,1,100000,0.87642,0.87642,0.12358,0.0,-8.372969627971464,5.684540233601918
0.5,83244,photon,5,10.525180396367567,2,100000,0.95992,0.95992,0.04008,0.0,-16.60469081564233,8.09224501473132
0.5,83244,photon,5,10.525180396367567,3,100000,0.988,0.988,0.012,0.0,-24.82374762973822,9.91429803057002
0.5,83244,photon,5,10.525180396367567,4,100000,0.99549,0.99549,0.00451,0.0,-33.071863013424476,11.451184711149187
0.5,83244,photon,5,10.525180396367567,5,100000,0.99836,0.99836,0.00164,0.0,-41.28085986463723,12.795335027740933
0.5,83244,photon,5,10.525180396367567,6,100000,0.99927,0.99927,0.00073,0.0,-49.47705947485615,14.048659397106931
0.5,83244,photon,5,10.525180396367567,7,100000,0.99963,0.99963,0.00037,0.0,-57.677111078762486,15.18073385001471
0.5,83244,photon,5,10.525180396367567,8,100000,0.99984,0.99984,0.00016,0.0,-65.87929531467883,16.21464944621071
0.5,83244,photon,5,10.525180396367567,9,100000,0.99993,0.99993,7e-05,0.0,-74.09884326905765,17.199714764604064
0.5,83244,photon,5,10.525180396367567,10,100000,0.99996,0.99996,4e-05,0.0,-82.30341385977836,18.144200633825356
0.5,83244,photon,5,10.525180396367567,11,100000,0.99997,0.99997,3e-05,0.0,-90.46497514858048,19.045868930365245
0.5,83244,photon,5,10.525180396367567,12,100000,0.99999,0.99999,1e-05,0.0,-98.68385908001761,19.894357173746997
0.5,83244,photon,6,12.214662087279939,1,100000,0.87869,0.87869,0.12131,0.0,-8.40414639351237,5.672145549090151
0.5,83244,photon,6,12.214662087279939,2,100000,0.96089,0.96089,0.03911,0.0,-16.70671463419567,8.083966999466625
0.5,83244,photon,6,12.214662087279939,3,100000,0.98786,0.98786,0.01214,0.0,-24.974693680513628,9.895854004919531
0.5,83244,photon,6,12.214662087279939,4,100000,0.99523,0.99523,0.00477,0.0,-33.29455033085389,11.422696546627709
0.5,83244,photon,6,12.214662087279939,5,100000,0.9982,0.9982,0.0018,0.0,-41.58467329283752,12.767661658517085
0.5,83244,photon,6,12.214662087279939,6,100000,0.99939,0.99939,0.00061,0.0,-49.844793488267705,13.983034877716284
0.5,83244,photon,6,12.214662087279939,7,100000,0.99972,0.99972,0.00028,0.0,-58.129796786628326,15.110827610013724
0.5,83244,photon,6,12.214662087279939,8,100000,0.99991,0.99991,9e-05,0.0,-66.35709518003407,16.17202661652427
0.5,83244,photon,6,12.214662087279939,9,100000,0.99995,0.99995,5e-05,0.0,-74.59990672009951,17.141355118509857
0.5,83244,photon,6,12.214662087279939,10,100000,0.99998,0.99998,2e-05,0.0,-82.86551893686202,18.06348468047708
0.5,83244,photon,6,12.214662087279939,11,100000,0.99999,0.99999,1e-05,0.0,-91.1027058446002,18.955938421083342
0.5,83244,photon,6,12.214662087279939,12,100000,1.0,1.0,0.0,0.0,-99.37865820394393,19.80090622409906
0.5,83244,photon,7,14.175336126108105,1,100000,0.88193,0.88193,0.11807,0.0,-8.480883726059037,5.621940434928008
0.5,83244,photon,7,14.175336126108105,2,100000,0.96306,0.96306,0.03694,0.0,-16.85661267123253,8.031755490745399
0.5,83244,photon,7,14.175336126108105,3,100000,0.98784,0.98784,0.01216,0.0,-25.190863982839385,9.837393786535326
0.5,83244,photon,7,14.175336126108105,4,100000,0.99574,0.99574,0.00426,0.0,-33.56416360265453,11.369943556611373
0.5,83244,photon,7,14.175336126108105,5,100000,0.99843,0.99843,0.00157,0.0,-41.89462441266531,12.710702194001213
0.5,83244,photon,7,14.175336126108105,6,100000,0.99919,0.99919,0.00081,0.0,-50.202530794721774,13.931848656946006
0.5,83244,photon,7,14.175336126108105,7,100000,0.99977,0.99977,0.00023,0.0,-58.5426542876528,15.0601655764817
0.5,83244,photon,7,14.175336126108105,8,100000,0.99994,0.99994,6e-05,0.0,-66.90064797205773,16.1284719560855
0.5,83244,photon,7,14.175336126108105,9,100000,0.99997,0.99997,3e-05,0.0,-75.23260387758627,17.096066251102
0.5,83244,photon,7,14.175336126108105,10,100000,0.99999,0.99999,1e-05,0.0,-83.585751386903,18.044895819720693
0.5,83244,photon,7,14.175336126108105,11,100000,0.99999,0.99999,1e-05,0.0,-91.9019017130683,18.91664266160111
0.5,83244,photon,7,14.175336126108105,12,100000,0.99999,0.99999,1e-05,0.0,-100.26115820366107,19.784931212660265
0.5,83244,photon,8,16.450733786356633,1,100000,0.88297,0.88297,0.11703,0.0,-8.561590345867048,5.593431305086447
0.5,83244,photon,8,16.450733786356633,2,100000,0.96431,0.96431,0.03569,0.0,-16.982869885013034,7.9875841317318415
0.5,83244,photon,8,16.450733786356633,3,100000,0.9892,0.9892,0.0108,0.0,-25.40541861750888,9.763349123518621
0.5,83244,photon,8,16.450733786356633,4,100000,0.99622,0.99622,0.00378,0.0,-33.866791864164966,11.2596729360951
0.5,83244,photon,8,16.450733786356633,5,100000,0.99868,0.99868,0.00132,0.0,-42.26700352689775,12.625451223732602
0.5,83244,photon,8,16.450733786356633,6,100000,0.99941,0.99941,0.00059,0.0,-50.67698379361841,13.86027055010166
0.5,83244,photon,8,16.450733786356633,7,100000,0.99983,0.99983,0.00017,0.0,-59.09187705581451,14.998706641196447
0.5,83244,photon,8,16.450733786356633,8,100000,0.99992,0.99992,8e-05,0.0,-67.48914589595226,16.056241108353817
0.5,83244,photon,8,16.450733786356633,9,100000,0.99998,0.99998,2e-05,0.0,-75.87073166349244,17.030463469016887
0.5,83244,photon,8,16.450733786356633,10,100000,1.0,1.0,0.0,0.0,-84.28335508565688,17.97719658581944
0.5,83244,photon,8,16.450733786356633,11,100000,1.0,1.0,0.0,0.0,-92.67799848810499,18.85956277186338
0.5,83244,photon,8,16.450733786356633,12,100000,1.0,1.0,0.0,0.0,-101.10486287130624,19.695925044078844
0.5,83244,photon,9,19.091373897733256,1,100000,0.88246,0.88246,0.11754,0.0,-8.578868641166114,5.589597735738658
0.5,83244,photon,9,19.091373897733256,2,100000,0.96442,0.96442,0.03558,0.0,-17.065568111571277,7.969847482606036
0.5,83244,photon,9,19.091373897733256,3,100000,0.98941,0.98941,0.01059,0.0,-25.5178065005595,9.772584832747517
0.5,83244,photon,9,19.091373897733256,4,100000,0.99616,0.99616,0.00384,0.0,-33.97991346590733,11.286558109994772
0.5,83244,photon,9,19.091373897733256,5,100000,0.99856,0.99856,0.00144,0.0,-42.42736477181942,12.606403832686738
0.5,83244,photon,9,19.091373897733256,6,100000,0.99953,0.99953,0.00047,0.0,-50.88056374386219,13.801275396163968
0.5,83244,photon,9,19.091373897733256,7,100000,0.9998,0.9998,0.0002,0.0,-59.3471003677633,14.909854649285755
0.5,83244,photon,9,19.091373897733256,8,100000,0.99993,0.99993,7e-05,0.0,-67.78150827961699,15.9413536218338
0.5,83244,photon,9,19.091373897733256,9,100000,0.99998,0.99998,2e-05,0.0,-76.23612836687485,16.927139833850728
0.5,83244,photon,9,19.091373897733256,10,100000,1.0,1.0,0.0,0.0,-84.7111299354678,17.831112615215275
0.5,83244,photon,9,19.091373897733256,11,100000,1.0,1.0,0.0,0.0,-93.16586890045174,18.706456411155397
0.5,83244,photon,9,19.091373897733256,12,100000,1.0,1.0,0.0,0.0,-101.60461349715574,19.551952183417434
0.5,83244,photon,10,22.155884475216027,1,100000,0.88555,0.88555,0.11445,0.0,-8.628991406959065,5.5586811806576275
0.5,83244,photon,10,22.155884475216027,2,100000,0.96643,0.96643,0.03357,0.0,-17.151738860214103,7.912198398950345
0.5,83244,photon,10,22.155884475216027,3,100000,0.98992,0.98992,0.01008,0.0,-25.631029929980052,9.708016071665277
0.5,83244,photon,10,22.155884475216027,4,100000,0.99638,0.99638,0.00362,0.0,-34.15985772371465,11.215019321452619
0.5,83244,photon,10,22.155884475216027,5,100000,0.99862,0.99862,0.00138,0.0,-42.651320546074295,12.537323341744376
0.5,83244,photon,10,22.155884475216027,6,100000,0.99941,0.99941,0.00059,0.0,-51.17018720669853,13.730440017644371
0.5,83244,photon,10,22.155884475216027,7,100000,0.99983,0.99983,0.00017,0.0,-59.69288836182187,14.834384768287492
0.5,83244,photon,10,22.155884475216027,8,100000,0.99992,0.99992,8e-05,0.0,-68.19953728078585,15.851312376037791
0.5,83244,photon,10,22.155884475216027,9,100000,0.99999,0.99999,1e-05,0.0,-76.68732516862563,16.814538177693446
0.5,83244,photon,10,22.155884475216027,10,100000,0.99999,0.99999,1e-05,0.0,-85.18569839895589,17.734882267281613
0.5,83244,photon,10,22.155884475216027,11,100000,1.0,1.0,0.0,0.0,-93.67589378022194,18.612594188808576
0.5,83244,photon,10,22.155884475216027,12,100000,1.0,1.0,0.0,0.0,-102.1483782321673,19.458019167311225
0.5,83244,photon,11,25.71230438985861,1,100000,0.88743,0.88743,0.11257,0.0,-8.673806666766591,5.535471690568302
0.5,83244,photon,11,25.71230438985861,2,100000,0.96684,0.96684,0.03316,0.0,-17.254285241788413,7.881756114378249
0.5,83244,photon,11,25.71230438985861,3,100000,0.99059,0.99059,0.00941,0.0,-25.778001350285226,9.654196321124974
0.5,83244,photon,11,25.71230438985861,4,100000,0.99641,0.99641,0.00359,0.0,-34.34559944728773,11.168409350361333
0.5,83244,photon,11,25.71230438985861,5,100000,0.99888,0.99888,0.00112,0.0,-42.927144921801975,12.481652339794973
0.5,83244,photon,11,25.71230438985861,6,100000,0.99954,0.99954,0.00046,0.0,-51.46652944899696,13.682261979742513
0.5,83244,photon,11,25.71230438985861,7,100000,0.99981,0.99981,0.00019,0.0,-60.01695279218665,14.763666137245218
0.5,83244,photon,11,25.71230438985861,8,100000,0.9999,0.9999,0.0001,0.0,-68.54846777064802,15.816984857436807
0.5,83244,photon,11,25.71230438985861,9,100000,0.99994,0.99994,6e-05,0.0,-77.09264240497275,16.785174426831645
0.5,83244,photon,11,25.71230438985861,10,100000,0.99999,0.99999,1e-05,0.0,-85.6308878614216,17.713291908501922
0.5,83244,photon,11,25.71230438985861,11,100000,0.99999,0.99999,1e-05,0.0,-94.14083823254342,18.60326185315391
0.5,83244,photon,11,25.71230438985861,12,100000,0.99999,0.99999,1e-05,0.0,-102.67130643263506,19.44330118340622
0.5,83244,photon,12,29.839593981286804,1,100000,0.88775,0.88775,0.11225,0.0,-8.684410503754535,5.5240366698950805
0.5,83244,photon,12,29.839593981286804,2,100000,0.96641,0.96641,0.03359,0.0,-17.270591714174735,7.876917605930692
0.5,83244,photon,12,29.839593981286804,3,100000,0.99056,0.99056,0.00944,0.0,-25.823460290186038,9.6584824046468
0.5,83244,photon,12,29.839593981286804,4,100000,0.99675,0.99675,0.00325,0.0,-34.42851414550432,11.156668292653523
0.5,83244,photon,12,29.839593981286804,5,100000,0.99883,0.99883,0.00117,0.0,-42.992374401415645,12.49154376140032
0.5,83244,photon,12,29.839593981286804,6,100000,0.99948,0.99948,0.00052,0.0,-51.52947571321687,13.70597083367167
0.5,83244,photon,12,29.839593981286804,7,100000,0.99984,0.99984,0.00016,0.0,-60.11571378902927,14.799339443630707
0.5,83244,photon,12,29.839593981286804,8,100000,0.99999,0.99999,1e-05,0.0,-68.67416057415707,15.840643329632927
0.5,83244,photon,12,29.839593981286804,9,100000,1.0,1.0,0.0,0.0,-77.19358689395474,16.772590449366007
0.5,83244,photon,12,29.839593981286804,10,100000,1.0,1.0,0.0,0.0,-85.73913878259467,17.71376640905365
0.5,83244,photon,12,29.839593981286804,11,100000,1.0,1.0,0.0,0.0,-94.28612156697079,18.595340899273815
0.5,83244,photon,12,29.839593981286804,12,100000,1.0,1.0,0.0,0.0,-102.83974541564429,19.416843733392056
0.5,83244,photon,13,34.62938815080447,1,100000,0.8914,0.8914,0.1086,0.0,-8.746954158223224,5.487956092469095
0.5,83244,photon,13,34.62938815080447,2,100000,0.96838,0.96838,0.03162,0.0,-17.364496706534872,7.830637748290777
0.5,83244,photon,13,34.62938815080447,3,100000,0.99083,0.99083,0.00917,0.0,-25.927493261199725,9.645851219933068
0.5,83244,photon,13,34.62938815080447,4,100000,0.997,0.997,0.003,0.0,-34.53554306255488,11.133694569406497
0.5,83244,photon,13,34.62938815080447,5,100000,0.99882,0.99882,0.00118,0.0,-43.10811362702888,12.496770065021819
0.5,83244,photon,13,34.62938815080447,6,100000,0.99963,0.99963,0.00037,0.0,-51.67518450560175,13.679411120892944
0.5,83244,photon,13,34.62938815080447,7,100000,0.99992,0.99992,8e-05,0.0,-60.24015087689554,14.788304977248252
0.5,83244,photon,13,34.62938815080447,8,100000,0.99998,0.99998,2e-05,0.0,-68.82267208914733,15.819556797988863
0.5,83244,photon,13,34.62938815080447,9,100000,0.99999,0.99999,1e-05,0.0,-77.41343677244927,16.764025802126845
0.5,83244,photon,13,34.62938815080447,10,100000,1.0,1.0,0.0,0.0,-85.99338718291143,17.664637840520527
0.5,83244,photon,13,34.62938815080447,11,100000,1.0,1.0,0.0,0.0,-94.59456604108655,18.524743804570463
0.5,83244,photon,13,34.62938815080447,12,100000,1.0,1.0,0.0,0.0,-103.15783776099373,19.38390683941337
0.5,83244,photon,14,40.188030857629116,1,100000,0.8903,0.8903,0.1097,0.0,-8.737461932863793,5.496703266226619
0.5,83244,photon,14,40.188030857629116,2,100000,0.96859,0.96859,0.03141,0.0,-17.38589115046,7.8305427817505535
0.5,83244,photon,14,40.188030857629116,3,100000,0.99074,0.99074,0.00926,0.0,-25.979370080328692,9.613076170038884
0.5,83244,photon,14,40.188030857629116,4,100000,0.99671,0.99671,0.00329,0.0,-34.59373985345185,11.108525619429368
0.5,83244,photon,14,40.188030857629116,5,100000,0.99877,0.99877,0.00123,0.0,-43.23187288670415,12.413326090342574
0.5,83244,photon,14,40.188030857629116,6,100000,0.99959,0.99959,0.00041,0.0,-51.84493708763014,13.566864469748781
0.5,83244,photon,14,40.188030857629116,7,100000,0.99993,0.99993,7e-05,0.0,-60.47399157508162,14.66793430717278
0.5,83244,photon,14,40.188030857629116,8,100000,0.99997,0.99997,3e-05,0.0,-69.10623562799253,15.685114446341863
0.5,83244,photon,14,40.188030857629116,9,100000,0.99997,0.99997,3e-05,0.0,-77.68636361663229,16.690005824271445
0.5,83244,photon,14,40.188030857629116,10,100000,1.0,1.0,0.0,0.0,-86.28814113753369,17.622794814733894
0.5,83244,photon,14,40.188030857629116,11,100000,1.0,1.0,0.0,0.0,-94.89958055798552,18.489682993463184
0.5,83244,photon,14,40.188030857629116,12,100000,1.0,1.0,0.0,0.0,-103.52294555047172,19.339056107713517
0.5,83244,photon,15,46.63893618854568,1,100000,0.89134,0.89134,0.10866,0.0,-8.784739630910321,5.471386887131261
0.5,83244,photon,15,46.63893618854568,2,100000,0.96885,0.96885,0.03115,0.0,-17.465040450208672,7.805322392073238
0.5,83244,photon,15,46.63893618854568,3,100000,0.9906,0.9906,0.0094,0.0,-26.0919748832368,9.613292325929576
0.5,83244,photon,15,46.63893618854568,4,100000,0.99687,0.99687,0.00313,0.0,-34.77137063472132,11.1000454703973
0.5,83244,photon,15,46.63893618854568,5,100000,0.99885,0.99885,0.00115,0.0,-43.40381677268451,12.411240872925056
0.5,83244,photon,15,46.63893618854568,6,100000,0.99965,0.99965,0.00035,0.0,-52.033872447249664,13.59864933942472
0.5,83244,photon,15,46.63893618854568,7,100000,0.99988,0.99988,0.00012,0.0,-60.683979518832665,14.682991213083634
0.5,83244,photon,15,46.63893618854568,8,100000,0.99997,0.99997,3e-05,0.0,-69.34274795512968,15.724131074159978
0.5,83244,photon,15,46.63893618854568,9,100000,1.0,1.0,0.0,0.0,-77.94538219815973,16.697449762697854
0.5,83244,photon,15,46.63893618854568,10,100000,1.0,1.0,0.0,0.0,-86.53630637340531,17.59867541759119
0.5,83244,photon,15,46.63893618854568,11,100000,1.0,1.0,0.0,0.0,-95.17867129574105,18.475693573399216
0.5,83244,photon,15,46.63893618854568,12,100000,1.0,1.0,0.0,0.0,-103.81719101684436,19.312561838775395
0.5,83244,photon,16,54.125328421915114,1,100000,0.89176,0.89176,0.10824,0.0,-8.803247243978824,5.468049488834298
0.5,83244,photon,16,54.125328421915114,2,100000,0.96966,0.96966,0.03034,0.0,-17.477456614674956,7.796168283540693
0.5,83244,photon,16,54.125328421915114,3,100000,0.99112,0.99112,0.00888,0.0,-26.088374080417,9.611639136639061
0.5,83244,photon,16,54.125328421915114,4,100000,0.99695,0.99695,0.00305,0.0,-34.77101135360409,11.08837630333376
0.5,83244,photon,16,54.125328421915114,5,100000,0.9988,0.9988,0.0012,0.0,-43.40185655039904,12.409780914589723
0.5,83244,photon,16,54.125328421915114,6,100000,0.9995,0.9995,0.0005,0.0,-52.06589425216135,13.591147399718029
0.5,83244,photon,16,54.125328421915114,7,100000,0.99985,0.99985,0.00015,0.0,-60.721428542877625,14.701912683767361
0.5,83244,photon,16,54.125328421915114,8,100000,0.99995,0.99995,5e-05,0.0,-69.35054417007935,15.73108860950599
0.5,83244,photon,16,54.125328421915114,9,100000,0.99997,0.99997,3e-05,0.0,-78.00519102806575,16.653960305268875
0.5,83244,photon,16,54.125328421915114,10,100000,1.0,1.0,0.0,0.0,-86.6573605868382,17.606942115673554
0.5,83244,photon,16,54.125328421915114,11,100000,1.0,1.0,0.0,0.0,-95.31564292721498,18.46233322964192
0.5,83244,photon,16,54.125328421915114,12,100000,1.0,1.0,0.0,0.0,-103.98407162229424,19.30807165912953
0.5,83244,photon,17,62.813421921481506,1,100000,0.89209,0.89209,0.10791,0.0,-8.806910678721152,5.466922057420688
0.5,83244,photon,17,62.813421921481506,2,100000,0.96988,0.96988,0.03012,0.0,-17.5268880496007,7.788053960824315
0.5,83244,photon,17,62.813421921481506,3,100000,0.99123,0.99123,0.00877,0.0,-26.189805884051744,9.543641441955154
0.5,83244,photon,17,62.813421921481506,4,100000,0.99734,0.99734,0.00266,0.0,-34.899475607728625,11.01394353790627
0.5,83244,photon,17,62.813421921481506,5,100000,0.99899,0.99899,0.00101,0.0,-43.59118044817691,12.299991791386185
0.5,83244,photon,17,62.813421921481506,6,100000,0.99961,0.99961,0.00039,0.0,-52.29911211713267,13.481536138328682
0.5,83244,photon,17,62.813421921481506,7,100000,0.99984,0.99984,0.00016,0.0,-60.991218749586764,14.58708205972238
0.5,83244,photon,17,62.813421921481506,8,100000,0.99997,0.99997,3e-05,0.0,-69.67274315189883,15.59790376044697
0.5,83244,photon,17,62.813421921481506,9,100000,0.99998,0.99998,2e-05,0.0,-78.33424770819198,16.553875127669627
0.5,83244,photon,17,62.813421921481506,10,100000,0.99999,0.99999,1e-05,0.0,-86.99270464334046,17.456032570836953
0.5,83244,photon,17,62.813421921481506,11,100000,1.0,1.0,0.0,0.0,-95.6627063653385,18.309984149335286
0.5,83244,photon,17,62.813421921481506,12,100000,1.0,1.0,0.0,0.0,-104.35923438299356,19.116868565536272
0.5,83244,photon,18,72.89611146061016,1,100000,0.89191,0.89191,0.10809,0.0,-8.81505082631769,5.465802410768702
0.5,83244,photon,18,72.89611146061016,2,100000,0.96944,0.96944,0.03056,0.0,-17.51340044646091,7.787815120299718
0.5,83244,photon,18,72.89611146061016,3,100000,0.99151,0.99151,0.00849,0.0,-26.168905502466174,9.552588999858433
0.5,83244,photon,18,72.89611146061016,4,100000,0.99703,0.99703,0.00297,0.0,-34.882904682422556,11.050150676749695
0.5,83244,photon,18,72.89611146061016,5,100000,0.99889,0.99889,0.00111,0.0,-43.56873925107187,12.355846871183495
0.5,83244,photon,18,72.89611146061016,6,100000,0.9996,0.9996,0.0004,0.0,-52.25412833719315,13.540668355443822
0.5,83244,photon,18,72.89611146061016,7,100000,0.99987,0.99987,0.00013,0.0,-60.98306219659091,14.61122495147647
0.5,83244,photon,18,72.89611146061016,8,100000,0.99995,0.99995,5e-05,0.0,-69.66850936736382,15.639149830216894
0.5,83244,photon,18,72.89611146061016,9,100000,0.99999,0.99999,1e-05,0.0,-78.36580816371581,16.58863904772631
0.5,83244,photon,18,72.89611146061016,10,100000,0.99999,0.99999,1e-05,0.0,-87.04095459441942,17.510517279510537
0.5,83244,photon,18,72.89611146061016,11,100000,0.99999,0.99999,1e-05,0.0,-95.75268302571824,18.36946101793181
0.5,83244,photon,18,72.89611146061016,12,100000,1.0,1.0,0.0,0.0,-104.47761023289466,19.206586140377464
0.5,83244,photon,19,84.59725491026656,1,100000,0.89175,0.89175,0.10825,0.0,-8.791273893934097,5.472217318469479
0.5,83244,photon,19,84.59725491026656,2,100000,0.96873,0.96873,0.03127,0.0,-17.494291877187333,7.806890294765843
0.5,83244,photon,19,84.59725491026656,3,100000,0.99182,0.99182,0.00818,0.0,-26.15601263266922,9.571080471716238
0.5,83244,photon,19,84.59725491026656,4,100000,0.99716,0.99716,0.00284,0.0,-34.866989477630604,11.060727828312714
0.5,83244,photon,19,84.59725491026656,5,100000,0.99912,0.99912,0.00088,0.0,-43.52378199048939,12.37832119095553
0.5,83244,photon,19,84.59725491026656,6,100000,0.99959,0.99959,0.00041,0.0,-52.1982132988034,13.540111516083162
0.5,83244,photon,19,84.59725491026656,7,100000,0.99986,0.99986,0.00014,0.0,-60.88918878287382,14.61341613336183
0.5,83244,photon,19,84.59725491026656,8,100000,0.99998,0.99998,2e-05,0.0,-69.54772688863429,15.621017454034629
0.5,83244,photon,19,84.59725491026656,9,100000,0.99999,0.99999,1e-05,0.0,-78.21825994642407,16.5909222147965
0.5,83244,photon,19,84.59725491026656,10,100000,0.99999,0.99999,1e-05,0.0,-86.91411759027498,17.458613785896482
0.5,83244,photon,19,84.59725491026656,11,100000,1.0,1.0,0.0,0.0,-95.592594374342,18.30384281270343
0.5,83244,photon,19,84.59725491026656,12,100000,1.0,1.0,0.0,0.0,-104.27810662160357,19.133797469952732
0.5,83244,su2,0,4.999999999999999,1,100000,0.92366,0.07634,0.92366,0.0,3.8920870150692504,2.1706244466668974
0.5,83244,su2,0,4.999999999999999,2,100000,0.97861,0.02139,0.97861,0.0,7.773911972128404,3.0594559337276506
0.5,83244,su2,0,4.999999999999999,3,100000,0.99095,0.00905,0.99095,0.0,11.646099877796178,3.75224689830382
0.5,83244,su2,0,4.999999999999999,4,100000,0.99607,0.00393,0.99607,0.0,15.50391967484116,4.342070379463634
0.5,83244,su2,0,4.999999999999999,5,100000,0.99857,0.00143,0.99857,0.0,19.38682265508219,4.850563362570693
0.5,83244,su2,0,4.999999999999999,6,100000,0.99943,0.00057,0.99943,0.0,23.257936649780543,5.312779647320504
0.5,83244,su2,0,4.999999999999999,7,100000,0.99969,0.00031,0.99969,0.0,27.131904325845934,5.738188359669406
0.5,83244,su2,0,4.999999999999999,8,100000,0.99991,9e-05,0.99991,0.0,31.003129846667377,6.129451594257937
0.5,83244,su2,0,4.999999999999999,9,100000,0.99998,2e-05,0.99998,0.0,34.8754681025035,6.503466142630079
0.5,83244,su2,0,4.999999999999999,10,100000,0.99999,1e-05,0.99999,0.0,38.74891861508558,6.862155876177982
0.5,83244,su2,0,4.999999999999999,11,100000,1.0,0.0,1.0,0.0,42.62541782554302,7.194082970283509
0.5,83244,su2,0,4.999999999999999,12,100000,1.0,0.0,1.0,0.0,46.48624112803927,7.506415530924562
0.5,83244,su2,1,6.215947142787869,1,100000,0.91986,0.08014,0.91986,0.0,3.8627701417723497,2.1985410922744517
0.5,83244,su2,1,6.215947142787869,2,100000,0.97721,0.02279,0.97721,0.0,7.736049173080667,3.0935196521901998
0.5,83244,su2,1,6.215947142787869,3,100000,0.99026,0.00974,0.99026,0.0,11.588482985739251,3.7904317301264356
0.5,83244,su2,1,6.215947142787869,4,100000,0.99562,0.00438,0.99562,0.0,15.447981378434754,4.382008122626919
0.5,83244,su2,1,6.215947142787869,5,100000,0.99829,0.00171,0.99829,0.0,19.30518146348385,4.889795902475109
0.5,83244,su2,1,6.215947142787869,6,100000,0.99929,0.00071,0.99929,0.0,23.162757074214184,5.348419666112316
0.5,83244,su2,1,6.215947142787869,7,100000,0.99967,0.00033,0.99967,0.0,27.02108094309219,5.774886455818222
0.5,83244,su2,1,6.215947142787869,8,100000,0.99985,0.00015,0.99985,0.0,30.874847987505053,6.173991800184666
0.5,83244,su2,1,6.215947142787869,9,100000,0.99997,3e-05,0.99997,0.0,34.7237044543065,6.548081114288565
0.5,83244,su2,1,6.215947142787869,10,100000,0.99998,2e-05,0.99998,0.0,38.57413783100471,6.90608742100941
0.5,83244,su2,1,6.215947142787869,11,100000,1.0,0.0,1.0,0.0,42.417660090178494,7.248633453030416
0.5,83244,su2,1,6.215947142787869,12,100000,1.0,0.0,1.0,0.0,46.256210208462655,7.575169539263253
0.5,83244,su2,2,7.727599776386536,1,100000,0.92008,0.07992,0.92008,0.0,3.855573302492207,2.188808180462154
0.5,83244,su2,2,7.727599776386536,2,100000,0.97698,0.02302,0.97698,0.0,7.705902883081928,3.103991111844598
0.5,83244,su2,2,7.727599776386536,3,100000,0.98999,0.01001,0.98999,0.0,11.53476025629952,3.7971409032107757
0.5,83244,su2,2,7.727599776386536,4,100000,0.99579,0.00421,0.99579,0.0,15.373930621245858,4.386442742817717
0.5,83244,su2,2,7.727599776386536,5,100000,0.99833,0.00167,0.99833,0.0,19.20726042096249,4.907647305955956
0.5,83244,su2,2,7.727599776386536,6,100000,0.99934,0.00066,0.99934,0.0,23.03321440996867,5.3847109228347785
0.5,83244,su2,2,7.727599776386536,7,100000,0.99969,0.00031,0.99969,0.0,26.876334617095157,5.818251072789469
0.5,83244,su2,2,7.727599776386536,8,100000,0.99986,0.00014,0.99986,0.0,30.710542189210233,6.216060131081794
0.5,83244,su2,2,7.727599776386536,9,100000,0.99992,8e-05,0.99992,0.0,34.55555902590272,6.588099892753101
0.5,83244,su2,2,7.727599776386536,10,100000,0.99998,2e-05,0.99998,0.0,38.39234179377109,6.940389020112912
0.5,83244,su2,2,7.727599776386536,11,100000,0.99999,1e-05,0.99999,0.0,42.219814391077676,7.274162572216863
0.5,83244,su2,2,7.727599776386536,12,100000,1.0,0.0,1.0,0.0,46.04142456081546,7.5942462795521735
0.5,83244,su2,3,9.606870350127615,1,100000,0.91974,0.08026,0.91974,0.0,3.8396246949245483,2.20922869442382
0.5,83244,su2,3,9.606870350127615,2,100000,0.97602,0.02398,0.97602,0.0,7.6714683536282395,3.1171558363102028
0.5,83244,su2,3,9.606870350127615,3,100000,0.98941,0.01059,0.98941,0.0,11.498882745910757,3.824718806366608
0.5,83244,su2,3,9.606870350127615,4,100000,0.99554,0.00446,0.99554,0.0,15.327911052055311,4.409330046091852
0.5,83244,su2,3,9.606870350127615,5,100000,0.99804,0.00196,0.99804,0.0,19.160824151900435,4.931224161416369
0.5,83244,su2,3,9.606870350127615,6,100000,0.99924,0.00076,0.99924,0.0,22.982353082728693,5.40738124459964
0.5,83244,su2,3,9.606870350127615,7,100000,0.99971,0.00029,0.99971,0.0,26.81259909422278,5.8399095977816735
0.5,83244,su2,3,9.606870350127615,8,100000,0.99989,0.00011,0.99989,0.0,30.633317960352798,6.242593070921178
0.5,83244,su2,3,9.606870350127615,9,100000,0.99996,4e-05,0.99996,0.0,34.47147676713038,6.61840690979956
0.5,83244,su2,3,9.606870350127615,10,100000,0.99997,3e-05,0.99997,0.0,38.295236916701846,6.977058488457264
0.5,83244,su2,3,9.606870350127615,11,100000,0.99999,1e-05,0.99999,0.0,42.11323603236806,7.322144544593991
0.5,83244,su2,3,9.606870350127615,12,100000,1.0,0.0,1.0,0.0,45.93132560355789,7.639251815298557
0.5,83244,su2,4,11.943159660801848,1,100000,0.91952,0.08048,0.91952,0.0,3.854412380785117,2.197426347062498
0.5,83244,su2,4,11.943159660801848,2,100000,0.97583,0.02417,0.97583,0.0,7.675380766605102,3.12846610579425
0.5,83244,su2,4,11.943159660801848,3,100000,0.9897,0.0103,0.9897,0.0,11.502080724872124,3.8398185219485685
0.5,83244,su2,4,11.943159660801848,4,100000,0.99538,0.00462,0.99538,0.0,15.324140894614604,4.4410632840304345
0.5,83244,su2,4,11.943159660801848,5,100000,0.99758,0.00242,0.99758,0.0,19.148995847963455,4.954417227005011
0.5,83244,su2,4,11.943159660801848,6,100000,0.99908,0.00092,0.99908,0.0,22.979683407882852,5.410696764846626
0.5,83244,su2,4,11.943159660801848,7,100000,0.99968,0.00032,0.99968,0.0,26.80276558041915,5.833303968204413
0.5,83244,su2,4,11.943159660801848,8,100000,0.99986,0.00014,0.99986,0.0,30.618078461906965,6.242465294201276
0.5,83244,su2,4,11.943159660801848,9,100000,0.99993,7e-05,0.99993,0.0,34.4330500431083,6.6151519525178495
0.5,83244,su2,4,11.943159660801848,10,100000,0.99997,3e-05,0.99997,0.0,38.250290836484794,6.9838962580095805
0.5,83244,su2,4,11.943159660801848,11,100000,0.99999,1e-05,0.99999,0.0,42.0760924519907,7.314349444784412
0.5,83244,su2,4,11.943159660801848,12,100000,1.0,0.0,1.0,0.0,45.885901431117716,7.64282090272415
0.5,83244,su2,5,14.84760983388412,1,100000,0.91825,0.08175,0.91825,0.0,3.8277198587457706,2.2064265902684292
0.5,83244,su2,5,14.84760983388412,2,100000,0.97541,0.02459,0.97541,0.0,7.651546546333039,3.1379681951028315
0.5,83244,su2,5,14.84760983388412,3,100000,0.98956,0.01044,0.98956,0.0,11.4632969657456,3.8423923069437254
0.5,83244,su2,5,14.84760983388412,4,100000,0.99527,0.00473,0.99527,0.0,15.271994107164133,4.441421600819632
0.5,83244,su2,5,14.84760983388412,5,100000,0.99792,0.00208,0.99792,0.0,19.090311881835827,4.96898637537344
0.5,83244,su2,5,14.84760983388412,6,100000,0.99909,0.00091,0.99909,0.0,22.904703831666236,5.438938746236842
0.5,83244,su2,5,14.84760983388412,7,100000,0.99962,0.00038,0.99962,0.0,26.719423903548847,5.881439583589999
0.5,83244,su2,5,14.84760983388412,8,100000,0.99979,0.00021,0.99979,0.0,30.528631845687915,6.2863877392846135
0.5,83244,su2,5,14.84760983388412,9,100000,0.99994,6e-05,0.99994,0.0,34.3476411153527,6.657975171184775
0.5,83244,su2,5,14.84760983388412,10,100000,0.99997,3e-05,0.99997,0.0,38.164229642268594,7.009584527646857
0.5,83244,su2,5,14.84760983388412,11,100000,1.0,0.0,1.0,0.0,41.9782914719751,7.3467007076439526
0.5,83244,su2,5,14.84760983388412,12,100000,1.0,0.0,1.0,0.0,45.783775510663006,7.67130927070312
0.5,83244,su2,6,18.458391584832217,1,100000,0.91802,0.08198,0.91802,0.0,3.8350249821959563,2.2124243113623323
0.5,83244,su2,6,18.458391584832217,2,100000,0.9756,0.0244,0.9756,0.0,7.657699693983662,3.1354911497398996
0.5,83244,su2,6,18.458391584832217,3,100000,0.98963,0.01037,0.98963,0.0,11.456953443871363,3.848079345249067
0.5,83244,su2,6,18.458391584832217,4,100000,0.99532,0.00468,0.99532,0.0,15.271044224478324,4.432887715026822
0.5,83244,su2,6,18.458391584832217,5,100000,0.998,0.002,0.998,0.0,19.079398668125307,4.950136099075032
0.5,83244,su2,6,18.458391584832217,6,100000,0.99892,0.00108,0.99892,0.0,22.891177425070115,5.42987368467054
0.5,83244,su2,6,18.458391584832217,7,100000,0.99968,0.00032,0.99968,0.0,26.691963747094594,5.864461558167303
0.5,83244,su2,6,18.458391584832217,8,100000,0.99986,0.00014,0.99986,0.0,30.489549948622948,6.2756068306254145
0.5,83244,su2,6,18.458391584832217,9,100000,0.99996,4e-05,0.99996,0.0,34.30586815088734,6.66448621325652
0.5,83244,su2,6,18.458391584832217,10,100000,0.99998,2e-05,0.99998,0.0,38.11840376687807,7.019960414035157
0.5,83244,su2,6,18.458391584832217,11,100000,0.99999,1e-05,0.99999,0.0,41.932227729236686,7.355630966896786
0.5,83244,su2,6,18.458391584832217,12,100000,1.0,0.0,1.0,0.0,45.741161230306936,7.683311264119641
0.5,83244,su2,7,22.947277286439505,1,100000,0.91838,0.08162,0.91838,0.0,3.8395345599654935,2.2071005154669687
0.5,83244,su2,7,22.947277286439505,2,100000,0.97594,0.02406,0.97594,0.0,7.656188680088865,3.1268896147110854
0.5,83244,su2,7,22.947277286439505,3,100000,0.98959,0.01041,0.98959,0.0,11.465141341465323,3.8413182796361562
0.5,83244,su2,7,22.947277286439505,4,100000,0.99489,0.00511,0.99489,0.0,15.268080176414303,4.452682070162618
0.5,83244,su2,7,22.947277286439505,5,100000,0.99782,0.00218,0.99782,0.0,19.070745184864965,4.959593968355219
0.5,83244,su2,7,22.947277286439505,6,100000,0.99896,0.00104,0.99896,0.0,22.865826492042906,5.441179312699551
0.5,83244,su2,7,22.947277286439505,7,100000,0.99953,0.00047,0.99953,0.0,26.687295221898548,5.8726414116561125
0.5,83244,su2,7,22.947277286439505,8,100000,0.9998,0.0002,0.9998,0.0,30.48598941827898,6.289656705604256
0.5,83244,su2,7,22.947277286439505,9,100000,0.99996,4e-05,0.99996,0.0,34.29343290232648,6.664620702082475
0.5,83244,su2,7,22.947277286439505,10,100000,0.99998,2e-05,0.99998,0.0,38.092871722402265,7.028731437083414
0.5,83244,su2,7,22.947277286439505,11,100000,1.0,0.0,1.0,0.0,41.8991479304778,7.377871377917412
0.5,83244,su2,7,22.947277286439505,12,100000,1.0,0.0,1.0,0.0,45.7073782213041,7.700429803129433
0.5,83244,su2,8,28.527812536680912,1,100000,0.91735,0.08265,0.91735,0.0,3.8273895178754405,2.219803865703609
0.5,83244,su2,8,28.527812536680912,2,100000,0.97535,0.02465,0.97535,0.0,7.64412289021435,3.143701752122443
0.5,83244,su2,8,28.527812536680912,3,100000,0.98951,0.01049,0.98951,0.0,11.45196535355859,3.84177577019807
0.5,83244,su2,8,28.527812536680912,4,100000,0.99509,0.00491,0.99509,0.0,15.255381492581312,4.4325611277441705
0.5,83244,su2,8,28.527812536680912,5,100000,0.99771,0.00229,0.99771,0.0,19.062278489138702,4.964236276344998
0.5,83244,su2,8,28.527812536680912,6,100000,0.99899,0.00101,0.99899,0.0,22.873512163514352,5.4333498887302945
0.5,83244,su2,8,28.527812536680912,7,100000,0.99955,0.00045,0.99955,0.0,26.672819769431747,5.872332374049675
0.5,83244,su2,8,28.527812536680912,8,100000,0.99985,0.00015,0.99985,0.0,30.466170363307675,6.29029706693646
0.5,83244,su2,8,28.527812536680912,9,100000,0.99993,7e-05,0.99993,0.0,34.25813204785864,6.675425724506384
0.5,83244,su2,8,28.527812536680912,10,100000,0.99996,4e-05,0.99996,0.0,38.05522305550804,7.034010855366178
0.5,83244,su2,8,28.527812536680912,11,100000,0.99998,2e-05,0.99998,0.0,41.85747129521368,7.38445710718034
0.5,83244,su2,8,28.527812536680912,12,100000,1.0,0.0,1.0,0.0,45.654872807724864,7.718889163937159
0.5,83244,su2,9,35.46547496547396,1,100000,0.91783,0.08217,0.91783,0.0,3.8223654039992563,2.225289034551249
0.5,83244,su2,9,35.46547496547396,2,100000,0.97499,0.02501,0.97499,0.0,7.624210868585604,3.145603471985506
0.5,83244,su2,9,35.46547496547396,3,100000,0.98852,0.01148,0.98852,0.0,11.416664182509939,3.868838164894607
0.5,83244,su2,9,35.46547496547396,4,100000,0.99501,0.00499,0.99501,0.0,15.211273242447323,4.464147157957296
0.5,83244,su2,9,35.46547496547396,5,100000,0.99774,0.00226,0.99774,0.0,19.030069805396707,4.98746103738078
0.5,83244,su2,9,35.46547496547396,6,100000,0.99906,0.00094,0.99906,0.0,22.835085251785205,5.454439859630003
0.5,83244,su2,9,35.46547496547396,7,100000,0.99956,0.00044,0.99956,0.0,26.639574117246834,5.912160355657737
0.5,83244,su2,9,35.46547496547396,8,100000,0.99984,0.00016,0.99984,0.0,30.442869695046586,6.311234010072318
0.5,83244,su2,9,35.46547496547396,9,100000,0.99993,7e-05,0.99993,0.0,34.24406593201398,6.694660656659655
0.5,83244,su2,9,35.46547496547396,10,100000,0.99998,2e-05,0.99998,0.0,38.04891194781539,7.054028246010227
0.5,83244,su2,9,35.46547496547396,11,100000,0.99999,1e-05,0.99999,0.0,41.842109079918636,7.405278220961503
0.5,83244,su2,9,35.46547496547396,12,100000,0.99999,1e-05,0.99999,0.0,45.643287515844435,7.721589580545765
0.5,83244,su2,10,44.09030355585049,1,100000,0.91739,0.08261,0.91739,0.0,3.824092352193327,2.2131816267532702
0.5,83244,su2,10,44.09030355585049,2,100000,0.9752,0.0248,0.9752,0.0,7.635342446589264,3.137089971536601
0.5,83244,su2,10,44.09030355585049,3,100000,0.98945,0.01055,0.98945,0.0,11.44554351722,3.838197193709333
0.5,83244,su2,10,44.09030355585049,4,100000,0.99506,0.00494,0.99506,0.0,15.25264128329573,4.424116310077498
0.5,83244,su2,10,44.09030355585049,5,100000,0.99795,0.00205,0.99795,0.0,19.055680078491765,4.947295791741373
0.5,83244,su2,10,44.09030355585049,6,100000,0.99911,0.00089,0.99911,0.0,22.854041629284232,5.420619842892105
0.5,83244,su2,10,44.09030355585049,7,100000,0.99969,0.00031,0.99969,0.0,26.66179999449227,5.855591522531349
0.5,83244,su2,10,44.09030355585049,8,100000,0.99987,0.00013,0.99987,0.0,30.461911633306993,6.264278479002713
0.5,83244,su2,10,44.09030355585049,9,100000,0.99992,8e-05,0.99992,0.0,34.259021318658455,6.658763659884396
0.5,83244,su2,10,44.09030355585049,10,100000,0.99996,4e-05,0.99996,0.0,38.06078740287625,7.020101040464553
0.5,83244,su2,10,44.09030355585049,11,100000,0.99997,3e-05,0.99997,0.0,41.84380725961036,7.375213945562445
0.5,83244,su2,10,44.09030355585049,12,100000,0.99999,1e-05,0.99999,0.0,45.63544289798923,7.705879838469068
0.5,83244,su2,11,54.81259928252777,1,100000,0.91821,0.08179,0.91821,0.0,3.8373785719889355,2.2025476772824097
0.5,83244,su2,11,54.81259928252777,2,100000,0.97544,0.02456,0.97544,0.0,7.647211561677821,3.1342835465872625
0.5,83244,su2,11,54.81259928252777,3,100000,0.98932,0.01068,0.98932,0.0,11.442047088391137,3.8514144894335423
0.5,83244,su2,11,54.81259928252777,4,100000,0.99495,0.00505,0.99495,0.0,15.237463138142587,4.456888189845189
0.5,83244,su2,11,54.81259928252777,5,100000,0.99775,0.00225,0.99775,0.0,19.018469740964445,4.991275508912147
0.5,83244,su2,11,54.81259928252777,6,100000,0.99901,0.00099,0.99901,0.0,22.82867124298353,5.456175087912634
0.5,83244,su2,11,54.81259928252777,7,100000,0.9996,0.0004,0.9996,0.0,26.629064738142453,5.888388295182909
0.5,83244,su2,11,54.81259928252777,8,100000,0.99986,0.00014,0.99986,0.0,30.426756620042664,6.276518073747335
0.5,83244,su2,11,54.81259928252777,9,100000,0.99992,8e-05,0.99992,0.0,34.23521849241235,6.657731419436827
0.5,83244,su2,11,54.81259928252777,10,100000,0.99996,4e-05,0.99996,0.0,38.031166207017094,7.0232688921024335
0.5,83244,su2,11,54.81259928252777,11,100000,0.99997,3e-05,0.99997,0.0,41.83711163868824,7.359474777749978
0.5,83244,su2,11,54.81259928252777,12,100000,1.0,0.0,1.0,0.0,45.6272411700071,7.694018507606797
0.5,83244,su2,12,68.14244397980099,1,100000,0.91782,0.08218,0.91782,0.0,3.824400003137832,2.2156061208798925
0.5,83244,su2,12,68.14244397980099,2,100000,0.97527,0.02473,0.97527,0.0,7.633055482955127,3.1311612005336005
0.5,83244,su2,12,68.14244397980099,3,100000,0.98959,0.01041,0.98959,0.0,11.422441185384162,3.839619860300412
0.5,83244,su2,12,68.14244397980099,4,100000,0.99484,0.00516,0.99484,0.0,15.213571474520133,4.451159433592728
0.5,83244,su2,12,68.14244397980099,5,100000,0.99773,0.00227,0.99773,0.0,19.002947606606718,4.9793019519382975
0.5,83244,su2,12,68.14244397980099,6,100000,0.99909,0.00091,0.99909,0.0,22.804284662549744,5.445752755473273
0.5,83244,su2,12,68.14244397980099,7,100000,0.99959,0.00041,0.99959,0.0,26.601209654296966,5.898637399126941
0.5,83244,su2,12,68.14244397980099,8,100000,0.99981,0.00019,0.99981,0.0,30.411248555222265,6.303470766130542
0.5,83244,su2,12,68.14244397980099,9,100000,0.99992,8e-05,0.99992,0.0,34.20950174484595,6.669906002854009
0.5,83244,su2,12,68.14244397980099,10,100000,0.99998,2e-05,0.99998,0.0,37.99962022105256,7.040579525192658
0.5,83244,su2,12,68.14244397980099,11,100000,0.99998,2e-05,0.99998,0.0,41.79469479989239,7.390262771326085
0.5,83244,su2,12,68.14244397980099,12,100000,1.0,0.0,1.0,0.0,45.58890704184865,7.707057174357321
0.5,83244,su2,13,84.71396599176529,1,100000,0.91745,0.08255,0.91745,0.0,3.8163169897878078,2.233559680885192
0.5,83244,su2,13,84.71396599176529,2,100000,0.97424,0.02576,0.97424,0.0,7.622886451646678,3.1577994535325833
0.5,83244,su2,13,84.71396599176529,3,100000,0.98864,0.01136,0.98864,0.0,11.414780840754027,3.8730019779872484
0.5,83244,su2,13,84.71396599176529,4,100000,0.99507,0.00493,0.99507,0.0,15.21661629331044,4.470516115746634
0.5,83244,su2,13,84.71396599176529,5,100000,0.99758,0.00242,0.99758,0.0,19.019427640914298,4.998718537930876
0.5,83244,su2,13,84.71396599176529,6,100000,0.99888,0.00112,0.99888,0.0,22.802719920781996,5.491104930390493
0.5,83244,su2,13,84.71396599176529,7,100000,0.99954,0.00046,0.99954,0.0,26.609422892609,5.93351836515071
0.5,83244,su2,13,84.71396599176529,8,100000,0.99977,0.00023,0.99977,0.0,30.41155596752105,6.346252318256504
0.5,83244,su2,13,84.71396599176529,9,100000,0.99993,7e-05,0.99993,0.0,34.210416224315686,6.720351021226323
0.5,83244,su2,13,84.71396599176529,10,100000,0.99997,3e-05,0.99997,0.0,37.99755188084732,7.08237899300042
0.5,83244,su2,13,84.71396599176529,11,100000,0.99999,1e-05,0.99999,0.0,41.776354974939295,7.435871979795839
0.5,83244,su2,13,84.71396599176529,12,100000,1.0,0.0,1.0,0.0,45.578068430443516,7.763892888052958
0.5,83244,su2,14,105.31550697214851,1,100000,0.91756,0.08244,0.91756,0.0,3.825719716391801,2.2173555386997004
0.5,83244,su2,14,105.31550697214851,2,100000,0.97521,0.02479,0.97521,0.0,7.628095034406894,3.147119937874132
0.5,83244,su2,14,105.31550697214851,3,100000,0.98927,0.01073,0.98927,0.0,11.410684419255894,3.863180161121294
0.5,83244,su2,14,105.31550697214851,4,100000,0.99528,0.00472,0.99528,0.0,15.201101814972482,4.4614120559188395
0.5,83244,su2,14,105.31550697214851,5,100000,0.99777,0.00223,0.99777,0.0,18.99360589751752,4.986625760748864
0.5,83244,su2,14,105.31550697214851,6,100000,0.99908,0.00092,0.99908,0.0,22.787613900314668,5.466356632933882
0.5,83244,su2,14,105.31550697214851,7,100000,0.99954,0.00046,0.99954,0.0,26.574881123204246,5.8983350604983436
0.5,83244,su2,14,105.31550697214851,8,100000,0.99979,0.00021,0.99979,0.0,30.356058877304996,6.2996498394152844
0.5,83244,su2,14,105.31550697214851,9,100000,0.99996,4e-05,0.99996,0.0,34.15157767131099,6.687781511774379
0.5,83244,su2,14,105.31550697214851,10,100000,0.99997,3e-05,0.99997,0.0,37.93698465015783,7.050491021028745
0.5,83244,su2,14,105.31550697214851,11,100000,0.99997,3e-05,0.99997,0.0,41.73359545372873,7.406796803642645
0.5,83244,su2,14,105.31550697214851,12,100000,1.0,0.0,1.0,0.0,45.520616045807714,7.737006235940961
0.5,83244,su2,15,130.92712493095644,1,100000,0.91764,0.08236,0.91764,0.0,3.823753145438724,2.2137631148545065
0.5,83244,su2,15,130.92712493095644,2,100000,0.97526,0.02474,0.97526,0.0,7.627482633858267,3.1419095871396854
0.5,83244,su2,15,130.92712493095644,3,100000,0.98945,0.01055,0.98945,0.0,11.422304095431757,3.850871788385455
0.5,83244,su2,15,130.92712493095644,4,100000,0.99515,0.00485,0.99515,0.0,15.225473243127654,4.435255773217747
0.5,83244,su2,15,130.92712493095644,5,100000,0.99788,0.00212,0.99788,0.0,19.017799396483774,4.968962577911044
0.5,83244,su2,15,130.92712493095644,6,100000,0.99902,0.00098,0.99902,0.0,22.805360670786033,5.451080263601609
0.5,83244,su2,15,130.92712493095644,7,100000,0.99961,0.00039,0.99961,0.0,26.591746610661893,5.892678012328544
0.5,83244,su2,15,130.92712493095644,8,100000,0.99976,0.00024,0.99976,0.0,30.37874266819844,6.305514684227676
0.5,83244,su2,15,130.92712493095644,9,100000,0.99988,0.00012,0.99988,0.0,34.167417310869915,6.681685141690693
0.5,83244,su2,15,130.92712493095644,10,100000,0.99997,3e-05,0.99997,0.0,37.94560772650459,7.038823520425462
0.5,83244,su2,15,130.92712493095644,11,100000,1.0,0.0,1.0,0.0,41.7478923687045,7.384013107810634
0.5,83244,su2,15,130.92712493095644,12,100000,1.0,0.0,1.0,0.0,45.541302712689756,7.71947049160363
0.5,83244,su2,16,162.76721762560175,1,100000,0.91646,0.08354,0.91646,0.0,3.813628583656838,2.217297165633364
0.5,83244,su2,16,162.76721762560175,2,100000,0.97534,0.02466,0.97534,0.0,7.60700741760423,3.1476473372981464
0.5,83244,su2,16,162.76721762560175,3,100000,0.98934,0.01066,0.98934,0.0,11.389633997496135,3.859146025765931
0.5,83244,su2,16,162.76721762560175,4,100000,0.99508,0.00492,0.99508,0.0,15.177280048731724,4.461778887187832
0.5,83244,su2,16,162.76721762560175,5,100000,0.99797,0.00203,0.99797,0.0,18.954718471793676,4.995591832070524
0.5,83244,su2,16,162.76721762560175,6,100000,0.99895,0.00105,0.99895,0.0,22.740486964656004,5.472727184564236
0.5,83244,su2,16,162.76721762560175,7,100000,0.99952,0.00048,0.99952,0.0,26.531295521343303,5.907479502067065
0.5,83244,su2,16,162.76721762560175,8,100000,0.99981,0.00019,0.99981,0.0,30.319922555046492,6.333777595359894
0.5,83244,su2,16,162.76721762560175,9,100000,0.99995,5e-05,0.99995,0.0,34.11159642821295,6.710570465591833
0.5,83244,su2,16,162.76721762560175,10,100000,0.99999,1e-05,0.99999,0.0,37.893613400639474,7.074785023096429
0.5,83244,su2,16,162.76721762560175,11,100000,0.99998,2e-05,0.99998,0.0,41.69346794747986,7.42066374400199
0.5,83244,su2,16,162.76721762560175,12,100000,0.99999,1e-05,0.99999,0.0,45.49090552817832,7.740441373939127
0.5,83244,su2,17,202.35048426787822,1,100000,0.91668,0.08332,0.91668,0.0,3.819089961844658,2.214569664257463
0.5,83244,su2,17,202.35048426787822,2,100000,0.97578,0.02422,0.97578,0.0,7.62833726082016,3.13150557591576
0.5,83244,su2,17,202.35048426787822,3,100000,0.9895,0.0105,0.9895,0.0,11.428397858183548,3.8475518812394314
0.5,83244,su2,17,202.35048426787822,4,100000,0.99522,0.00478,0.99522,0.0,15.23401140767943,4.43781512157278
0.5,83244,su2,17,202.35048426787822,5,100000,0.99781,0.00219,0.99781,0.0,19.033387666607695,4.957738127679691
0.5,83244,su2,17,202.35048426787822,6,100000,0.99918,0.00082,0.99918,0.0,22.82562202810695,5.4301068940987784
0.5,83244,su2,17,202.35048426787822,7,100000,0.99964,0.00036,0.99964,0.0,26.615425971039432,5.862478463725852
0.5,83244,su2,17,202.35048426787822,8,100000,0.99976,0.00024,0.99976,0.0,30.408640987276755,6.270388812020733
0.5,83244,su2,17,202.35048426787822,9,100000,0.9999,0.0001,0.9999,0.0,34.20652771169823,6.66389688457708
0.5,83244,su2,17,202.35048426787822,10,100000,0.99996,4e-05,0.99996,0.0,37.9880389341894,7.029717610699292
0.5,83244,su2,17,202.35048426787822,11,100000,0.99997,3e-05,0.99997,0.0,41.78724454825458,7.372887437017397
0.5,83244,su2,17,202.35048426787822,12,100000,1.0,0.0,1.0,0.0,45.587383698934836,7.702896587045588
0.5,83244,su2,18,251.55998290533202,1,100000,0.91526,0.08474,0.91526,0.0,3.79788056318586,2.2359746816610073
0.5,83244,su2,18,251.55998290533202,2,100000,0.97481,0.02519,0.97481,0.0,7.5921050294202965,3.150645724982761
0.5,83244,su2,18,251.55998290533202,3,100000,0.98915,0.01085,0.98915,0.0,11.377572298739636,3.859737151517924
0.5,83244,su2,18,251.55998290533202,4,100000,0.99514,0.00486,0.99514,0.0,15.176555048648021,4.450545650294878
0.5,83244,su2,18,251.55998290533202,5,100000,0.99794,0.00206,0.99794,0.0,18.96968553270231,4.971298908854697
0.5,83244,su2,18,251.55998290533202,6,100000,0.99898,0.00102,0.99898,0.0,22.751096364839373,5.459478172242511
0.5,83244,su2,18,251.55998290533202,7,100000,0.99962,0.00038,0.99962,0.0,26.557826832112138,5.882051659390938
0.5,83244,su2,18,251.55998290533202,8,100000,0.99983,0.00017,0.99983,0.0,30.346680069757177,6.300939433055761
0.5,83244,su2,18,251.55998290533202,9,100000,0.99995,5e-05,0.99995,0.0,34.14741963060735,6.668412504417369
0.5,83244,su2,18,251.55998290533202,10,100000,0.99998,2e-05,0.99998,0.0,37.94479175355372,7.039194986543549
0.5,83244,su2,18,251.55998290533202,11,100000,0.99997,3e-05,0.99997,0.0,41.727400323481326,7.393215844359268
0.5,83244,su2,18,251.55998290533202,12,100000,1.0,0.0,1.0,0.0,45.518049904354115,7.717513877033838
0.5,83244,su2,19,312.7367113960327,1,100000,0.91581,0.08419,0.91581,0.0,3.810410343104027,2.240910936195497
0.5,83244,su2,19,312.7367113960327,2,100000,0.97397,0.02603,0.97397,0.0,7.613899104509305,3.155158914986535
0.5,83244,su2,19,312.7367113960327,3,100000,0.98909,0.01091,0.98909,0.0,11.412446322001777,3.8724833899823468
0.5,83244,su2,19,312.7367113960327,4,100000,0.99522,0.00478,0.99522,0.0,15.200412141847252,4.4770305938215795
0.5,83244,su2,19,312.7367113960327,5,100000,0.99776,0.00224,0.99776,0.0,18.988022219014834,4.998235742781614
0.5,83244,su2,19,312.7367113960327,6,100000,0.99896,0.00104,0.99896,0.0,22.773570691188123,5.475358001845712
0.5,83244,su2,19,312.7367113960327,7,100000,0.99956,0.00044,0.99956,0.0,26.575407224595068,5.900893080199414
0.5,83244,su2,19,312.7367113960327,8,100000,0.99978,0.00022,0.99978,0.0,30.36866337229893,6.312293323342824
0.5,83244,su2,19,312.7367113960327,9,100000,0.99986,0.00014,0.99986,0.0,34.15931777788331,6.695625443538367
0.5,83244,su2,19,312.7367113960327,10,100000,0.99997,3e-05,0.99997,0.0,37.95377183348639,7.0588495197523935
0.5,83244,su2,19,312.7367113960327,11,100000,1.0,0.0,1.0,0.0,41.739220496033234,7.408570007033454
0.5,83244,su2,19,312.7367113960327,12,100000,1.0,0.0,1.0,0.0,45.523090598889624,7.740382849158778
0.5,93247,photon,0,4.999999999999999,1,100000,0.85321,0.85321,0.14679,0.0,-7.77434085512128,5.937121309566673
0.5,93247,photon,0,4.999999999999999,2,100000,0.94482,0.94482,0.05518,0.0,-15.407428630351477,8.44546582491
0.5,93247,photon,0,4.999999999999999,3,100000,0.9802,0.9802,0.0198,0.0,-23.050311471362026,10.324746234504216
0.5,93247,photon,0,4.999999999999999,4,100000,0.99192,0.99192,0.00808,0.0,-30.72021283502826,11.896302848067563
0.5,93247,photon,0,4.999999999999999,5,100000,0.99657,0.99657,0.00343,0.0,-38.335064585534774,13.259842389157184
0.5,93247,photon,0,4.999999999999999,6,100000,0.99848,0.99848,0.00152,0.0,-45.976243883461024,14.543641946772818
0.5,93247,photon,0,4.999999999999999,7,100000,0.99925,0.99925,0.00075,0.0,-53.58064058979762,15.707807890896115
0.5,93247,photon,0,4.999999999999999,8,100000,0.99965,0.99965,0.00035,0.0,-61.20105199868099,16.77449438465902
0.5,93247,photon,0,4.999999999999999,9,100000,0.99988,0.99988,0.00012,0.0,-68.82775263378643,17.801489019288617
0.5,93247,photon,0,4.999999999999999,10,100000,0.99991,0.99991,9e-05,0.0,-76.41892015975831,18.774311975602824
0.5,93247,photon,0,4.999999999999999,11,100000,0.99997,0.99997,3e-05,0.0,-84.06037457217317,19.68103535415348
0.5,93247,photon,0,4.999999999999999,12,100000,0.99997,0.99997,3e-05,0.0,-91.66019985640692,20.578559609605723
0.5,93247,photon,1,5.802590372463091,1,100000,0.8578,0.8578,0.1422,0.0,-7.908411062339663,5.897243864891513
0.5,93247,photon,1,5.802590372463091,2,100000,0.94933,0.94933,0.05067,0.0,-15.704644604435599,8.380999825741247
0.5,93247,photon,1,5.802590372463091,3,100000,0.98175,0.98175,0.01825,0.0,-23.509077686437863,10.242951084802508
0.5,93247,photon,1,5.802590372463091,4,100000,0.99278,0.99278,0.00722,0.0,-31.299240404972082,11.812146581713328
0.5,93247,photon,1,5.802590372463091,5,100000,0.99687,0.99687,0.00313,0.0,-39.07022155489973,13.213100732325932
0.5,93247,photon,1,5.802590372463091,6,100000,0.99858,0.99858,0.00142,0.0,-46.815208229917445,14.45756310663824
0.5,93247,photon,1,5.802590372463091,7,100000,0.99947,0.99947,0.00053,0.0,-54.57073029187734,15.597711530502325
0.5,93247,photon,1,5.802590372463091,8,100000,0.99975,0.99975,0.00025,0.0,-62.36582047214915,16.64806497019201
0.5,93247,photon,1,5.802590372463091,9,100000,0.99987,0.99987,0.00013,0.0,-70.18599426303027,17.68277392286092
0.5,93247,photon,1,5.802590372463091,10,100000,0.99989,0.99989,0.00011,0.0,-77.93753757919767,18.63935815878815
0.5,93247,photon,1,5.802590372463091,11,100000,0.99998,0.99998,2e-05,0.0,-85.70135474393956,19.53931446388101
0.5,93247,photon,1,5.802590372463091,12,100000,0.99999,0.99999,1e-05,0.0,-93.45483958653303,20.406213132773168
0.5,93247,photon,2,6.734011006120271,1,100000,0.86203,0.86203,0.13797,0.0,-8.010700497288854,5.852667470209503
0.5,93247,photon,2,6.734011006120271,2,100000,0.95258,0.95258,0.04742,0.0,-15.958279658336773,8.29269980273966
0.5,93247,photon,2,6.734011006120271,3,100000,0.98398,0.98398,0.01602,0.0,-23.842743837148294,10.14627076106169
0.5,93247,photon,2,6.734011006120271,4,100000,0.99366,0.99366,0.00634,0.0,-31.788419141248582,11.717874475472707
0.5,93247,photon,2,6.734011006120271,5,100000,0.99726,0.99726,0.00274,0.0,-39.69540233469639,13.094684912221613
0.5,93247,photon,2,6.734011006120271,6,100000,0.99898,0.99898,0.00102,0.0,-47.56297048125602,14.351225032680107
0.5,93247,photon,2,6.734011006120271,7,100000,0.99952,0.99952,0.00048,0.0,-55.44856693033368,15.531869581373325
0.5,93247,photon,2,6.734011006120271,8,100000,0.99976,0.99976,0.00024,0.0,-63.312315640419015,16.59866623542605
0.5,93247,photon,2,6.734011006120271,9,100000,0.99994,0.99994,6e-05,0.0,-71.19615325810568,17.619842089257258
0.5,93247,photon,2,6.734011006120271,10,100000,0.99996,0.99996,4e-05,0.0,-79.08571546739921,18.598685200134415
0.5,93247,photon,2,6.734011006120271,11,100000,0.99999,0.99999,1e-05,0.0,-86.97183105905368,19.492917074620014
0.5,93247,photon,2,6.734011006120271,12,100000,0.99999,0.99999,1e-05,0.0,-94.8444471447354,20.36475835737611
0.5,93247,photon,3,7.814941486434795,1,100000,0.868,0.868,0.132,0.0,-8.172477515898043,5.789219418142463
0.5,93247,photon,3,7.814941486434795,2,100000,0.95574,0.95574,0.04426,0.0,-16.24308022994373,8.238073277005528
0.5,93247,photon,3,7.814941486434795,3,100000,0.98484,0.98484,0.01516,0.0,-24.252293799011614,10.10112203598564
0.5,93247,photon,3,7.814941486434795,4,100000,0.9943,0.9943,0.0057,0.0,-32.29467384689049,11.642496102171796
0.5,93247,photon,3,7.814941486434795,5,100000,0.99773,0.99773,0.00227,0.0,-40.31308879184503,13.006811428503859
0.5,93247,photon,3,7.814941486434795,6,100000,0.99906,0.99906,0.00094,0.0,-48.30288904591942,14.252917420531539
0.5,93247,photon,3,7.814941486434795,7,100000,0.99963,0.99963,0.00037,0.0,-56.33460008383156,15.385278968320883
0.5,93247,photon,3,7.814941486434795,8,100000,0.99988,0.99988,0.00012,0.0,-64.35364310186716,16.49339807175954
0.5,93247,photon,3,7.814941486434795,9,100000,0.99993,0.99993,7e-05,0.0,-72.37170024993931,17.51641586854187
0.5,93247,photon,3,7.814941486434795,10,100000,0.99998,0.99998,2e-05,0.0,-80.34244194898416,18.474477759504133
0.5,93247,photon,3,7.814941486434795,11,100000,0.99998,0.99998,2e-05,0.0,-88.35393905691856,19.372572694545212
0.5,93247,photon,3,7.814941486434795,12,100000,1.0,1.0,0.0,0.0,-96.35861039667128,20.23223991039066
0.5,93247,photon,4,9.069380846109791,1,100000,0.87176,0.87176,0.12824,0.0,-8.264420351267674,5.733473773745766
0.5,93247,photon,4,9.069380846109791,2,100000,0.95778,0.95778,0.04222,0.0,-16.385604626173695,8.163026664264093
0.5,93247,photon,4,9.069380846109791,3,100000,0.98641,0.98641,0.01359,0.0,-24.481024314638837,9.995770750481098
0.5,93247,photon,4,9.069380846109791,4,100000,0.99434,0.99434,0.00566,0.0,-32.6506176055236,11.545069085471837
0.5,93247,photon,4,9.069380846109791,5,100000,0.99775,0.99775,0.00225,0.0,-40.78263730699262,12.94765604530696
0.5,93247,photon,4,9.069380846109791,6,100000,0.99916,0.99916,0.00084,0.0,-48.90540133812474,14.174276815556341
0.5,93247,photon,4,9.069380846109791,7,100000,0.99972,0.99972,0.00028,0.0,-57.040930015399155,15.33945490632891
0.5,93247,photon,4,9.069380846109791,8,100000,0.99989,0.99989,0.00011,0.0,-65.09826037638061,16.416692658332682
0.5,93247,photon,4,9.069380846109791,9,100000,0.99995,0.99995,5e-05,0.0,-73.22264920077299,17.393292860817915
0.5,93247,photon,4,9.069380846109791,10,100000,0.99999,0.99999,1e-05,0.0,-81.32880695612596,18.314135106102608
0.5,93247,photon,4,9.069380846109791,11,100000,1.0,1.0,0.0,0.0,-89.42545600343115,19.200381708095374
0.5,93247,photon,4,9.069380846109791,12,100000,1.0,1.0,0.0,0.0,-97.49708039139502,20.046991608985277
0.5,93247,photon,5,10.525180396367567,1,100000,0.87379,0.87379,0.12621,0.0,-8.330502134475696,5.715779253443628
0.5,93247,photon,5,10.525180396367567,2,100000,0.95953,0.95953,0.04047,0.0,-16.566478976623728,8.139827872653976
0.5,93247,photon,5,10.525180396367567,3,100000,0.98624,0.98624,0.01376,0.0,-24.747792257966324,9.987642287601775
0.5,93247,photon,5,10.525180396367567,4,100000,0.99501,0.99501,0.00499,0.0,-32.97883860961553,11.522270074932225
0.5,93247,photon,5,10.525180396367567,5,100000,0.99775,0.99775,0.00225,0.0,-41.183465665202995,12.897395926737072
0.5,93247,photon,5,10.525180396367567,6,100000,0.99913,0.99913,0.00087,0.0,-49.36696043244649,14.117224774721285
0.5,93247,photon,5,10.525180396367567,7,100000,0.99965,0.99965,0.00035,0.0,-57.577316910371316,15.265057650650487
0.5,93247,photon,5,10.525180396367567,8,100000,0.99988,0.99988,0.00012,0.0,-65.76035290144053,16.331481134958096
0.5,93247,photon,5,10.525180396367567,9,100000,0.99993,0.99993,7e-05,0.0,-73.95186388127934,17.307732371734755
0.5,93247,photon,5,10.525180396367567,10,100000,0.99998,0.99998,2e-05,0.0,-82.17120802781794,18.267071314508872
0.5,93247,photon,5,10.525180396367567,11,100000,1.0,1.0,0.0,0.0,-90.3582470461784,19.17586566234283
0.5,93247,photon,5,10.525180396367567,12,100000,1.0,1.0,0.0,0.0,-98.52890105987532,20.052215181791322
0.5,93247,photon,6,12.214662087279939,1,100000,0.87723,0.87723,0.12277,0.0,-8.382791205673177,5.680599929115748
0.5,93247,photon,6,12.214662087279939,2,100000,0.96124,0.96124,0.03876,0.0,-16.695435812609944,8.053257674170236
0.5,93247,photon,6,12.214662087279939,3,100000,0.9878,0.9878,0.0122,0.0,-24.985524472400485,9.865326652824278
0.5,93247,photon,6,12.214662087279939,4,100000,0.99573,0.99573,0.00427,0.0,-33.31625073026429,11.383448397145653
0.5,93247,photon,6,12.214662087279939,5,100000,0.99843,0.99843,0.00157,0.0,-41.580606705341914,12.73466566590152
0.5,93247,photon,6,12.214662087279939,6,100000,0.99941,0.99941,0.00059,0.0,-49.84666029942909,13.961616163700798
0.5,93247,photon,6,12.214662087279939,7,100000,0.9998,0.9998,0.0002,0.0,-58.14912209375173,15.05892347811557
0.5,93247,photon,6,12.214662087279939,8,100000,0.99995,0.99995,5e-05,0.0,-66.42023348349241,16.115787442390417
0.5,93247,photon,6,12.214662087279939,9,100000,0.99997,0.99997,3e-05,0.0,-74.69553700343297,17.11749727468189
0.5,93247,photon,6,12.214662087279939,10,100000,1.0,1.0,0.0,0.0,-82.97132841745339,18.05997901672986
0.5,93247,photon,6,12.214662087279939,11,100000,0.99999,0.99999,1e-05,0.0,-91.20275013896239,18.9813085773102
0.5,93247,photon,6,12.214662087279939,12,100000,0.99999,0.99999,1e-05,0.0,-99.4918564042856,19.810412919461132
0.5,93247,photon,7,14.175336126108105,1,100000,0.88066,0.88066,0.11934,0.0,-8.47945022639577,5.631372218098595
0.5,93247,photon,7,14.175336126108105,2,100000,0.96336,0.96336,0.03664,0.0,-16.88245501727292,8.011996223073382
0.5,93247,photon,7,14.175336126108105,3,100000,0.98864,0.98864,0.01136,0.0,-25.230245662611214,9.830915959900327
0.5,93247,photon,7,14.175336126108105,4,100000,0.99593,0.99593,0.00407,0.0,-33.568379483180735,11.391330009206659
0.5,93247,photon,7,14.175336126108105,5,100000,0.99817,0.99817,0.00183,0.0,-41.92407940754397,12.744915814571522
0.5,93247,photon,7,14.175336126108105,6,100000,0.99938,0.99938,0.00062,0.0,-50.28082989033835,13.984613427395054
0.5,93247,photon,7,14.175336126108105,7,100000,0.99979,0.99979,0.00021,0.0,-58.65904904572353,15.091608133802133
0.5,93247,photon,7,14.175336126108105,8,100000,0.9999,0.9999,0.0001,0.0,-67.01978752102332,16.159482446948598
0.5,93247,photon,7,14.175336126108105,9,100000,0.99996,0.99996,4e-05,0.0,-75.36693175223567,17.134273702109073
0.5,93247,photon,7,14.175336126108105,10,100000,0.99999,0.99999,1e-05,0.0,-83.70935001015425,18.039817943597107
0.5,93247,photon,7,14.175336126108105,11,100000,0.99998,0.99998,2e-05,0.0,-92.03386953135595,18.92733638859031
0.5,93247,photon,7,14.175336126108105,12,100000,0.99999,0.99999,1e-05,0.0,-100.36600013228927,19.739967233743396
0.5,93247,photon,8,16.450733786356633,1,100000,0.88147,0.88147,0.11853,0.0,-8.522955843008177,5.621842898098618
0.5,93247,photon,8,16.450733786356633,2,100000,0.96385,0.96385,0.03615,0.0,-16.96599591288509,7.998265713829744
0.5,93247,photon,8,16.450733786356633,3,100000,0.98894,0.98894,0.01106,0.0,-25.36111232093797,9.794222249411643
0.5,93247,photon,8,16.450733786356633,4,100000,0.99592,0.99592,0.00408,0.0,-33.7642368419864,11.329048235227264
0.5,93247,photon,8,16.450733786356633,5,100000,0.99841,0.99841,0.00159,0.0,-42.172652459002116,12.684643566074874
0.5,93247,photon,8,16.450733786356633,6,100000,0.99944,0.99944,0.00056,0.0,-50.566916567775756,13.900001765955839
0.5,93247,photon,8,16.450733786356633,7,100000,0.99978,0.99978,0.00022,0.0,-58.97221448904067,15.036003928235393
0.5,93247,photon,8,16.450733786356633,8,100000,0.9999,0.9999,0.0001,0.0,-67.39176892278766,16.11735791487775
0.5,93247,photon,8,16.450733786356633,9,100000,0.99999,0.99999,1e-05,0.0,-75.76336814166544,17.111476154181
0.5,93247,photon,8,16.450733786356633,10,100000,0.99998,0.99998,2e-05,0.0,-84.16071925077964,18.038684912356644
0.5,93247,photon,8,16.450733786356633,11,100000,1.0,1.0,0.0,0.0,-92.54249289567431,18.924807230751757
0.5,93247,photon,8,16.450733786356633,12,100000,1.0,1.0,0.0,0.0,-100.92974574298995,19.787645066816335
0.5,93247,photon,9,19.091373897733256,1,100000,0.88453,0.88453,0.11547,0.0,-8.595911258171471,5.579378041784255
0.5,93247,photon,9,19.091373897733256,2,100000,0.96518,0.96518,0.03482,0.0,-17.089673369533383,7.923314505468879
0.5,93247,photon,9,19.091373897733256,3,100000,0.98917,0.98917,0.01083,0.0,-25.517723677675733,9.73833313705074
0.5,93247,photon,9,19.091373897733256,4,100000,0.99611,0.99611,0.00389,0.0,-34.01654685127173,11.22350691099323
0.5,93247,photon,9,19.091373897733256,5,100000,0.99848,0.99848,0.00152,0.0,-42.48371187207905,12.590456462429302
0.5,93247,photon,9,19.091373897733256,6,100000,0.99949,0.99949,0.00051,0.0,-50.915608756675894,13.817975710408382
0.5,93247,photon,9,19.091373897733256,7,100000,0.99976,0.99976,0.00024,0.0,-59.351624267973925,14.910703356568538
0.5,93247,photon,9,19.091373897733256,8,100000,0.99991,0.99991,9e-05,0.0,-67.77275616411713,15.95315356044661
0.5,93247,photon,9,19.091373897733256,9,100000,0.99995,0.99995,5e-05,0.0,-76.18765494802713,16.921844538555472
0.5,93247,photon,9,19.091373897733256,10,100000,0.99999,0.99999,1e-05,0.0,-84.64446296005377,17.83407229540898
0.5,93247,photon,9,19.091373897733256,11,100000,0.99999,0.99999,1e-05,0.0,-93.07218154980995,18.696170335792846
0.5,93247,photon,9,19.091373897733256,12,100000,1.0,1.0,0.0,0.0,-101.51183888780167,19.544287444538597
0.5,93247,photon,10,22.155884475216027,1,100000,0.88808,0.88808,0.11192,0.0,-8.651139546370725,5.5403144030801466
0.5,93247,photon,10,22.155884475216027,2,100000,0.967,0.967,0.033,0.0,-17.216863465388343,7.882898388082231
0.5,93247,photon,10,22.155884475216027,3,100000,0.99036,0.99036,0.00964,0.0,-25.733467327750212,9.676777202717032
0.5,93247,photon,10,22.155884475216027,4,100000,0.99642,0.99642,0.00358,0.0,-34.27575514455044,11.184684139139636
0.5,93247,photon,10,22.155884475216027,5,100000,0.9987,0.9987,0.0013,0.0,-42.76244344316698,12.554791476529529
0.5,93247,photon,10,22.155884475216027,6,100000,0.99942,0.99942,0.00058,0.0,-51.2685194178912,13.753940088070033
0.5,93247,photon,10,22.155884475216027,7,100000,0.99977,0.99977,0.00023,0.0,-59.747439249206735,14.875090737419757
0.5,93247,photon,10,22.155884475216027,8,100000,0.99994,0.99994,6e-05,0.0,-68.24422779507242,15.943841823610011
0.5,93247,photon,10,22.155884475216027,9,100000,0.99998,0.99998,2e-05,0.0,-76.73737886078837,16.900530241533815
0.5,93247,photon,10,22.155884475216027,10,100000,1.0,1.0,0.0,0.0,-85.2323798684013,17.813565344245607
0.5,93247,photon,10,22.155884475216027,11,100000,1.0,1.0,0.0,0.0,-93.70028100826538,18.674159844000695
0.5,93247,photon,10,22.155884475216027,12,100000,1.0,1.0,0.0,0.0,-102.19296816579538,19.50323330682932
0.5,93247,photon,11,25.71230438985861,1,100000,0.88709,0.88709,0.11291,0.0,-8.657583659880363,5.547087966264435
0.5,93247,photon,11,25.71230438985861,2,100000,0.96617,0.96617,0.03383,0.0,-17.199004411402782,7.916529405790505
0.5,93247,photon,11,25.71230438985861,3,100000,0.98962,0.98962,0.01038,0.0,-25.734408417333587,9.696730421747544
0.5,93247,photon,11,25.71230438985861,4,100000,0.99632,0.99632,0.00368,0.0,-34.29247946660669,11.219843080196437
0.5,93247,photon,11,25.71230438985861,5,100000,0.99873,0.99873,0.00127,0.0,-42.83207569514504,12.55300791596516
0.5,93247,photon,11,25.71230438985861,6,100000,0.99959,0.99959,0.00041,0.0,-51.35533682214709,13.790555745945976
0.5,93247,photon,11,25.71230438985861,7,100000,0.99988,0.99988,0.00012,0.0,-59.904916349968836,14.930640627002518
0.5,93247,photon,11,25.71230438985861,8,100000,0.99994,0.99994,6e-05,0.0,-68.40991281220593,15.981060182473286
0.5,93247,photon,11,25.71230438985861,9,100000,0.99997,0.99997,3e-05,0.0,-76.92685204622013,16.95022709450588
0.5,93247,photon,11,25.71230438985861,10,100000,1.0,1.0,0.0,0.0,-85.43435895947812,17.85767891178451
0.5,93247,photon,11,25.71230438985861,11,100000,1.0,1.0,0.0,0.0,-93.9706802034127,18.764442249545557
0.5,93247,photon,11,25.71230438985861,12,100000,1.0,1.0,0.0,0.0,-102.5029852785713,19.587280095964594
0.5,93247,photon,12,29.839593981286804,1,100000,0.88804,0.88804,0.11196,0.0,-8.695661399518155,5.527205011579814
0.5,93247,photon,12,29.839593981286804,2,100000,0.96719,0.96719,0.03281,0.0,-17.292182294825786,7.884337012666657
0.5,93247,photon,12,29.839593981286804,3,100000,0.99052,0.99052,0.00948,0.0,-25.848818431721963,9.653572704252221
0.5,93247,photon,12,29.839593981286804,4,100000,0.99649,0.99649,0.00351,0.0,-34.43603387699628,11.149885284547917
0.5,93247,photon,12,29.839593981286804,5,100000,0.99882,0.99882,0.00118,0.0,-43.01357497069614,12.451412250181841
0.5,93247,photon,12,29.839593981286804,6,100000,0.99955,0.99955,0.00045,0.0,-51.555844316743695,13.67538896688253
0.5,93247,photon,12,29.839593981286804,7,100000,0.99987,0.99987,0.00013,0.0,-60.11509336851867,14.7627333155864
0.5,93247,photon,12,29.839593981286804,8,100000,0.99993,0.99993,7e-05,0.0,-68.69169762012076,15.766022415470127
0.5,93247,photon,12,29.839593981286804,9,100000,0.99999,0.99999,1e-05,0.0,-77.2283427357647,16.722022630113567
0.5,93247,photon,12,29.839593981286804,10,100000,1.0,1.0,0.0,0.0,-85.78853451022225,17.653200456173845
0.5,93247,photon,12,29.839593981286804,11,100000,1.0,1.0,0.0,0.0,-94.31947030860604,18.535321694329042
0.5,93247,photon,12,29.839593981286804,12,100000,1.0,1.0,0.0,0.0,-102.88358612379592,19.37793466083743
0.5,93247,photon,13,34.62938815080447,1,100000,0.89138,0.89138,0.10862,0.0,-8.746148499843517,5.492465968167829
0.5,93247,photon,13,34.62938815080447,2,100000,0.96861,0.96861,0.03139,0.0,-17.39235994948228,7.816400531673166
0.5,93247,photon,13,34.62938815080447,3,100000,0.99066,0.99066,0.00934,0.0,-25.978118199064923,9.605307412884486
0.5,93247,photon,13,34.62938815080447,4,100000,0.99672,0.99672,0.00328,0.0,-34.60554064950148,11.115158000439685
0.5,93247,photon,13,34.62938815080447,5,100000,0.99874,0.99874,0.00126,0.0,-43.2094698684394,12.434237595685902
0.5,93247,photon,13,34.62938815080447,6,100000,0.99963,0.99963,0.00037,0.0,-51.78987828357889,13.621824790329306
0.5,93247,photon,13,34.62938815080447,7,100000,0.99991,0.99991,9e-05,0.0,-60.407165113581335,14.702396673571354
0.5,93247,photon,13,34.62938815080447,8,100000,0.99994,0.99994,6e-05,0.0,-68.99178603981063,15.764783662617276
0.5,93247,photon,13,34.62938815080447,9,100000,0.99998,0.99998,2e-05,0.0,-77.58105078248792,16.745702509279063
0.5,93247,photon,13,34.62938815080447,10,100000,0.99999,0.99999,1e-05,0.0,-86.17550529047546,17.653590654227873
0.5,93247,photon,13,34.62938815080447,11,100000,1.0,1.0,0.0,0.0,-94.75692423794835,18.554309808206586
0.5,93247,photon,13,34.62938815080447,12,100000,1.0,1.0,0.0,0.0,-103.35159364181844,19.379807080463998
0.5,93247,photon,14,40.188030857629116,1,100000,0.88979,0.88979,0.11021,0.0,-8.749681239390666,5.494538955587493
0.5,93247,photon,14,40.188030857629116,2,100000,0.96774,0.96774,0.03226,0.0,-17.384407738358878,7.836891361329609
0.5,93247,photon,14,40.188030857629116,3,100000,0.99112,0.99112,0.00888,0.0,-25.969849918728773,9.600789694437793
0.5,93247,photon,14,40.188030857629116,4,100000,0.99705,0.99705,0.00295,0.0,-34.6229328831472,11.093189722158193
0.5,93247,photon,14,40.188030857629116,5,100000,0.99914,0.99914,0.00086,0.0,-43.2392408641169,12.39646238487209
0.5,93247,photon,14,40.188030857629116,6,100000,0.99965,0.99965,0.00035,0.0,-51.81813325532035,13.610254401707522
0.5,93247,photon,14,40.188030857629116,7,100000,0.99988,0.99988,0.00012,0.0,-60.42719441033708,14.656892256242575
0.5,93247,photon,14,40.188030857629116,8,100000,0.99997,0.99997,3e-05,0.0,-69.04255171304493,15.702907969785292
0.5,93247,photon,14,40.188030857629116,9,100000,0.99998,0.99998,2e-05,0.0,-77.6623063634763,16.68536606276784
0.5,93247,photon,14,40.188030857629116,10,100000,0.99998,0.99998,2e-05,0.0,-86.25544991569627,17.58124429725178
0.5,93247,photon,14,40.188030857629116,11,100000,1.0,1.0,0.0,0.0,-94.8797844992905,18.451891124859632
0.5,93247,photon,14,40.188030857629116,12,100000,1.0,1.0,0.0,0.0,-103.45136488931178,19.287245181042405
0.5,93247,photon,15,46.63893618854568,1,100000,0.89036,0.89036,0.10964,0.0,-8.765433887070929,5.487245222246367
0.5,93247,photon,15,46.63893618854568,2,100000,0.96939,0.96939,0.03061,0.0,-17.464733312641698,7.802526836493418
0.5,93247,photon,15,46.63893618854568,3,100000,0.9913,0.9913,0.0087,0.0,-26.090227678113898,9.588526392775005
0.5,93247,photon,15,46.63893618854568,4,100000,0.99692,0.99692,0.00308,0.0,-34.717040758148826,11.085694002942416
0.5,93247,photon,15,46.63893618854568,5,100000,0.99884,0.99884,0.00116,0.0,-43.34042664058227,12.45081984696336
0.5,93247,photon,15,46.63893618854568,6,100000,0.99959,0.99959,0.00041,0.0,-51.99138623647502,13.646696266999188
0.5,93247,photon,15,46.63893618854568,7,100000,0.99989,0.99989,0.00011,0.0,-60.64547756910161,14.748710214628957
0.5,93247,photon,15,46.63893618854568,8,100000,0.99995,0.99995,5e-05,0.0,-69.29382498858622,15.77062492623041
0.5,93247,photon,15,46.63893618854568,9,100000,0.99998,0.99998,2e-05,0.0,-77.94479609944958,16.71494277898501
0.5,93247,photon,15,46.63893618854568,10,100000,0.99999,0.99999,1e-05,0.0,-86.58051422691099,17.640908246077533
0.5,93247,photon,15,46.63893618854568,11,100000,1.0,1.0,0.0,0.0,-95.2123244585246,18.499246242837405
0.5,93247,photon,15,46.63893618854568,12,100000,1.0,1.0,0.0,0.0,-103.86227130174622,19.336287165003668
0.5,93247,photon,16,54.125328421915114,1,100000,0.89282,0.89282,0.10718,0.0,-8.776010437741249,5.460857453396896
0.5,93247,photon,16,54.125328421915114,2,100000,0.96955,0.96955,0.03045,0.0,-17.485717583527233,7.781872962370169
0.5,93247,photon,16,54.125328421915114,3,100000,0.99193,0.99193,0.00807,0.0,-26.171913794980956,9.545918814874879
0.5,93247,photon,16,54.125328421915114,4,100000,0.99703,0.99703,0.00297,0.0,-34.82008464281949,11.01243923904087
0.5,93247,photon,16,54.125328421915114,5,100000,0.99895,0.99895,0.00105,0.0,-43.47968683448003,12.347513489012975
0.5,93247,photon,16,54.125328421915114,6,100000,0.99959,0.99959,0.00041,0.0,-52.12683233789996,13.534174737819827
0.5,93247,photon,16,54.125328421915114,7,100000,0.9999,0.9999,0.0001,0.0,-60.81005473065502,14.628594916132043
0.5,93247,photon,16,54.125328421915114,8,100000,0.99996,0.99996,4e-05,0.0,-69.45531052095143,15.669992590652347
0.5,93247,photon,16,54.125328421915114,9,100000,0.99999,0.99999,1e-05,0.0,-78.08109517922466,16.630690770648428
0.5,93247,photon,16,54.125328421915114,10,100000,0.99999,0.99999,1e-05,0.0,-86.7365187288208,17.548431544540232
0.5,93247,photon,16,54.125328421915114,11,100000,0.99999,0.99999,1e-05,0.0,-95.37312260460449,18.408265942320487
0.5,93247,photon,16,54.125328421915114,12,100000,1.0,1.0,0.0,0.0,-104.03252086635202,19.24309731368933
0.5,93247,photon,17,62.813421921481506,1,100000,0.89175,0.89175,0.10825,0.0,-8.787516955809703,5.471261382834607
0.5,93247,photon,17,62.813421921481506,2,100000,0.9697,0.9697,0.0303,0.0,-17.49734677795175,7.776305676812247
0.5,93247,photon,17,62.813421921481506,3,100000,0.99159,0.99159,0.00841,0.0,-26.118917196869432,9.545366476803748
0.5,93247,photon,17,62.813421921481506,4,100000,0.9974,0.9974,0.0026,0.0,-34.816734015378735,11.016331735696209
0.5,93247,photon,17,62.813421921481506,5,100000,0.99921,0.99921,0.00079,0.0,-43.493127642929004,12.291269215714053
0.5,93247,photon,17,62.813421921481506,6,100000,0.99974,0.99974,0.00026,0.0,-52.13228960267614,13.468875399191214
0.5,93247,photon,17,62.813421921481506,7,100000,0.99988,0.99988,0.00012,0.0,-60.795420185335054,14.553300568856463
0.5,93247,photon,17,62.813421921481506,8,100000,0.99998,0.99998,2e-05,0.0,-69.46809865919032,15.581354210598375
0.5,93247,photon,17,62.813421921481506,9,100000,0.99999,0.99999,1e-05,0.0,-78.09833040087729,16.523604657683855
0.5,93247,photon,17,62.813421921481506,10,100000,1.0,1.0,0.0,0.0,-86.76416657147529,17.44146421924299
0.5,93247,photon,17,62.813421921481506,11,100000,1.0,1.0,0.0,0.0,-95.42026574498666,18.32277502525222
0.5,93247,photon,17,62.813421921481506,12,100000,1.0,1.0,0.0,0.0,-104.08633219729118,19.167623470948147
0.5,93247,photon,18,72.89611146061016,1,100000,0.89318,0.89318,0.10682,0.0,-8.816069647819377,5.453248525405553
0.5,93247,photon,18,72.89611146061016,2,100000,0.97044,0.97044,0.02956,0.0,-17.561209033314842,7.753310908128905
0.5,93247,photon,18,72.89611146061016,3,100000,0.99177,0.99177,0.00823,0.0,-26.234183546297167,9.543336327836743
0.5,93247,photon,18,72.89611146061016,4,100000,0.99729,0.99729,0.00271,0.0,-34.93981827780767,11.00943007848245
0.5,93247,photon,18,72.89611146061016,5,100000,0.99913,0.99913,0.00087,0.0,-43.61546899837946,12.33727988767578
0.5,93247,photon,18,72.89611146061016,6,100000,0.99971,0.99971,0.00029,0.0,-52.29439052898484,13.541477490232067
0.5,93247,photon,18,72.89611146061016,7,100000,0.9999,0.9999,0.0001,0.0,-60.99846378441714,14.624307729408363
0.5,93247,photon,18,72.89611146061016,8,100000,0.99997,0.99997,3e-05,0.0,-69.68030548768887,15.645412938724643
0.5,93247,photon,18,72.89611146061016,9,100000,0.99997,0.99997,3e-05,0.0,-78.37061695788606,16.61723333336366
0.5,93247,photon,18,72.89611146061016,10,100000,1.0,1.0,0.0,0.0,-87.01076299957457,17.509275555329292
0.5,93247,photon,18,72.89611146061016,11,100000,1.0,1.0,0.0,0.0,-95.65736665218523,18.36154394304187
0.5,93247,photon,18,72.89611146061016,12,100000,1.0,1.0,0.0,0.0,-104.33746911703828,19.168861747428405
0.5,93247,photon,19,84.59725491026656,1,100000,0.89247,0.89247,0.10753,0.0,-8.813938530674967,5.454998143108638
0.5,93247,photon,19,84.59725491026656,2,100000,0.97004,0.97004,0.02996,0.0,-17.52612575988235,7.760484163818937
0.5,93247,photon,19,84.59725491026656,3,100000,0.99211,0.99211,0.00789,0.0,-26.198451829351253,9.499282286091466
0.5,93247,photon,19,84.59725491026656,4,100000,0.99745,0.99745,0.00255,0.0,-34.8934138184061,10.974085856024123
0.5,93247,photon,19,84.59725491026656,5,100000,0.99913,0.99913,0.00087,0.0,-43.58579112264955,12.294037569024189
0.5,93247,photon,19,84.59725491026656,6,100000,0.99975,0.99975,0.00025,0.0,-52.274767861512416,13.491340925733903
0.5,93247,photon,19,84.59725491026656,7,100000,0.99993,0.99993,7e-05,0.0,-60.989097595755865,14.546650263385184
0.5,93247,photon,19,84.59725491026656,8,100000,0.99998,0.99998,2e-05,0.0,-69.67030952867329,15.602575269566428
0.5,93247,photon,19,84.59725491026656,9,100000,1.0,1.0,0.0,0.0,-78.34816832930117,16.596418629834176
0.5,93247,photon,19,84.59725491026656,10,100000,1.0,1.0,0.0,0.0,-87.00118741393175,17.50733524265971
0.5,93247,photon,19,84.59725491026656,11,100000,1.0,1.0,0.0,0.0,-95.68142575557549,18.366365670307164
0.5,93247,photon,19,84.59725491026656,12,100000,1.0,1.0,0.0,0.0,-104.35532409904022,19.152501064140363
0.5,93247,su2,0,4.999999999999999,1,100000,0.92434,0.07566,0.92434,0.0,3.896912189880546,2.1494829728588347
0.5,93247,su2,0,4.999999999999999,2,100000,0.97921,0.02079,0.97921,0.0,7.771864710060415,3.0451413442631887
0.5,93247,su2,0,4.999999999999999,3,100000,0.991,0.009,0.991,0.0,11.65496304488377,3.746222303852732
0.5,93247,su2,0,4.999999999999999,4,100000,0.99622,0.00378,0.99622,0.0,15.524389277118246,4.3289347429910245
0.5,93247,su2,0,4.999999999999999,5,100000,0.99855,0.00145,0.99855,0.0,19.383416553711722,4.843835240572104
0.5,93247,su2,0,4.999999999999999,6,100000,0.99945,0.00055,0.99945,0.0,23.260754309657248,5.31343913518728
0.5,93247,su2,0,4.999999999999999,7,100000,0.99975,0.00025,0.99975,0.0,27.130566482491982,5.73166403443694
0.5,93247,su2,0,4.999999999999999,8,100000,0.99984,0.00016,0.99984,0.0,31.006708601406068,6.127415353603481
0.5,93247,su2,0,4.999999999999999,9,100000,0.99996,4e-05,0.99996,0.0,34.86944776868482,6.50847880965499
0.5,93247,su2,0,4.999999999999999,10,100000,0.99997,3e-05,0.99997,0.0,38.742936736773814,6.851000485180939
0.5,93247,su2,0,4.999999999999999,11,100000,1.0,0.0,1.0,0.0,42.610939405486135,7.185508651210291
0.5,93247,su2,0,4.999999999999999,12,100000,1.0,0.0,1.0,0.0,46.486901282271,7.498539260948724
0.5,93247,su2,1,6.215947142787869,1,100000,0.92373,0.07627,0.92373,0.0,3.885039465082774,2.1729647960890457
0.5,93247,su2,1,6.215947142787869,2,100000,0.97829,0.02171,0.97829,0.0,7.7463609200039665,3.074713802389322
0.5,93247,su2,1,6.215947142787869,3,100000,0.99045,0.00955,0.99045,0.0,11.590014195614774,3.787686971510403
0.5,93247,su2,1,6.215947142787869,4,100000,0.99561,0.00439,0.99561,0.0,15.437847409673804,4.374541888573867
0.5,93247,su2,1,6.215947142787869,5,100000,0.99805,0.00195,0.99805,0.0,19.296759317141174,4.885946551938556
0.5,93247,su2,1,6.215947142787869,6,100000,0.99904,0.00096,0.99904,0.0,23.15563932883603,5.344926792581797
0.5,93247,su2,1,6.215947142787869,7,100000,0.99954,0.00046,0.99954,0.0,27.00275933486384,5.7626513771922685
0.5,93247,su2,1,6.215947142787869,8,100000,0.99983,0.00017,0.99983,0.0,30.858664617224097,6.170088312673558
0.5,93247,su2,1,6.215947142787869,9,100000,0.99991,9e-05,0.99991,0.0,34.710722742039366,6.555621407308714
0.5,93247,su2,1,6.215947142787869,10,100000,0.99996,4e-05,0.99996,0.0,38.5607846764247,6.903994432404947
0.5,93247,su2,1,6.215947142787869,11,100000,0.99999,1e-05,0.99999,0.0,42.4139977270689,7.233802250014944
0.5,93247,su2,1,6.215947142787869,12,100000,1.0,0.0,1.0,0.0,46.26267876785404,7.5593804480126305
0.5,93247,su2,2,7.727599776386536,1,100000,0.9198,0.0802,0.9198,0.0,3.8573543930076855,2.1970897469202204
0.5,93247,su2,2,7.727599776386536,2,100000,0.97744,0.02256,0.97744,0.0,7.699268084260922,3.1010483297050975
0.5,93247,su2,2,7.727599776386536,3,100000,0.99072,0.00928,0.99072,0.0,11.531974096053387,3.7895951763848847
0.5,93247,su2,2,7.727599776386536,4,100000,0.99597,0.00403,0.99597,0.0,15.374391209582484,4.3737449660431515
0.5,93247,su2,2,7.727599776386536,5,100000,0.99825,0.00175,0.99825,0.0,19.20609059533407,4.899652111602447
0.5,93247,su2,2,7.727599776386536,6,100000,0.99926,0.00074,0.99926,0.0,23.037468397280158,5.367222933491716
0.5,93247,su2,2,7.727599776386536,7,100000,0.99971,0.00029,0.99971,0.0,26.86609139411978,5.790472221744461
0.5,93247,su2,2,7.727599776386536,8,100000,0.99987,0.00013,0.99987,0.0,30.710675327244005,6.197658735489894
0.5,93247,su2,2,7.727599776386536,9,100000,0.99995,5e-05,0.99995,0.0,34.55325834395935,6.565870252470585
0.5,93247,su2,2,7.727599776386536,10,100000,0.99998,2e-05,0.99998,0.0,38.39471873831507,6.927765859676541
0.5,93247,su2,2,7.727599776386536,11,100000,0.99999,1e-05,0.99999,0.0,42.23723943996558,7.268744466043264
0.5,93247,su2,2,7.727599776386536,12,100000,1.0,0.0,1.0,0.0,46.08363875013518,7.603468939664826
0.5,93247,su2,3,9.606870350127615,1,100000,0.91964,0.08036,0.91964,0.0,3.848544932842622,2.210485874306697
0.5,93247,su2,3,9.606870350127615,2,100000,0.97571,0.02429,0.97571,0.0,7.686253609672242,3.1306137674268086
0.5,93247,su2,3,9.606870350127615,3,100000,0.9898,0.0102,0.9898,0.0,11.513779647280499,3.8337709222815635
0.5,93247,su2,3,9.606870350127615,4,100000,0.99533,0.00467,0.99533,0.0,15.358287185516357,4.415221471083469
0.5,93247,su2,3,9.606870350127615,5,100000,0.99801,0.00199,0.99801,0.0,19.1914368317358,4.929435616514595
0.5,93247,su2,3,9.606870350127615,6,100000,0.99923,0.00077,0.99923,0.0,23.023724885140304,5.406635163096249
0.5,93247,su2,3,9.606870350127615,7,100000,0.99969,0.00031,0.99969,0.0,26.84406053336678,5.833787791858481
0.5,93247,su2,3,9.606870350127615,8,100000,0.99988,0.00012,0.99988,0.0,30.66859994377319,6.24673890825554
0.5,93247,su2,3,9.606870350127615,9,100000,0.9999,0.0001,0.9999,0.0,34.492445819292314,6.630604986797423
0.5,93247,su2,3,9.606870350127615,10,100000,0.99997,3e-05,0.99997,0.0,38.323575342253825,6.983789921729169
0.5,93247,su2,3,9.606870350127615,11,100000,0.99998,2e-05,0.99998,0.0,42.15924691143899,7.317929032594896
0.5,93247,su2,3,9.606870350127615,12,100000,0.99999,1e-05,0.99999,0.0,45.98126272117011,7.646280505478284
0.5,93247,su2,4,11.943159660801848,1,100000,0.92005,0.07995,0.92005,0.0,3.8517369948659104,2.1971566022808577
0.5,93247,su2,4,11.943159660801848,2,100000,0.97662,0.02338,0.97662,0.0,7.678884666467531,3.1140160386911555
0.5,93247,su2,4,11.943159660801848,3,100000,0.98968,0.01032,0.98968,0.0,11.495191976894922,3.8275892354066157
0.5,93247,su2,4,11.943159660801848,4,100000,0.9954,0.0046,0.9954,0.0,15.331731298400738,4.4087838606091925
0.5,93247,su2,4,11.943159660801848,5,100000,0.99786,0.00214,0.99786,0.0,19.150995514068658,4.935593852453386
0.5,93247,su2,4,11.943159660801848,6,100000,0.99919,0.00081,0.99919,0.0,22.976901753840615,5.399644110202304
0.5,93247,su2,4,11.943159660801848,7,100000,0.99958,0.00042,0.99958,0.0,26.815460972695156,5.822653328791806
0.5,93247,su2,4,11.943159660801848,8,100000,0.99985,0.00015,0.99985,0.0,30.64055145713775,6.2177394813636475
0.5,93247,su2,4,11.943159660801848,9,100000,0.9999,0.0001,0.9999,0.0,34.47225064102593,6.59284756233625
0.5,93247,su2,4,11.943159660801848,10,100000,0.99995,5e-05,0.99995,0.0,38.30439193297718,6.944816542359297
0.5,93247,su2,4,11.943159660801848,11,100000,1.0,0.0,1.0,0.0,42.12766275233486,7.293186200937759
0.5,93247,su2,4,11.943159660801848,12,100000,1.0,0.0,1.0,0.0,45.95818704880488,7.614083949582825
0.5,93247,su2,5,14.84760983388412,1,100000,0.91948,0.08052,0.91948,0.0,3.836578107203964,2.206058851777418
0.5,93247,su2,5,14.84760983388412,2,100000,0.97592,0.02408,0.97592,0.0,7.649869494379477,3.116916391794066
0.5,93247,su2,5,14.84760983388412,3,100000,0.98981,0.01019,0.98981,0.0,11.465683923701485,3.8224440422189176
0.5,93247,su2,5,14.84760983388412,4,100000,0.99555,0.00445,0.99555,0.0,15.291048070288666,4.415726236696769
0.5,93247,su2,5,14.84760983388412,5,100000,0.99796,0.00204,0.99796,0.0,19.1190894996668,4.941197925829987
0.5,93247,su2,5,14.84760983388412,6,100000,0.99916,0.00084,0.99916,0.0,22.93201244067909,5.42301396472961
0.5,93247,su2,5,14.84760983388412,7,100000,0.99956,0.00044,0.99956,0.0,26.74350996141672,5.873542719897319
0.5,93247,su2,5,14.84760983388412,8,100000,0.99985,0.00015,0.99985,0.0,30.556491566569697,6.2556552675847374
0.5,93247,su2,5,14.84760983388412,9,100000,0.99993,7e-05,0.99993,0.0,34.362798359427494,6.630953474861759
0.5,93247,su2,5,14.84760983388412,10,100000,0.99998,2e-05,0.99998,0.0,38.17499092179026,6.995888194314069
0.5,93247,su2,5,14.84760983388412,11,100000,1.0,0.0,1.0,0.0,41.983531116132966,7.350596173445035
0.5,93247,su2,5,14.84760983388412,12,100000,0.99999,1e-05,0.99999,0.0,45.79416351527435,7.679043252871711
0.5,93247,su2,6,18.458391584832217,1,100000,0.91886,0.08114,0.91886,0.0,3.8393397913162386,2.198240299429737
0.5,93247,su2,6,18.458391584832217,2,100000,0.97661,0.02339,0.97661,0.0,7.658140483962866,3.109519039154571
0.5,93247,su2,6,18.458391584832217,3,100000,0.98928,0.01072,0.98928,0.0,11.466830533998722,3.8259042576515663
0.5,93247,su2,6,18.458391584832217,4,100000,0.99535,0.00465,0.99535,0.0,15.28322934374889,4.419453247365211
0.5,93247,su2,6,18.458391584832217,5,100000,0.99776,0.00224,0.99776,0.0,19.098129570031727,4.94174545902182
0.5,93247,su2,6,18.458391584832217,6,100000,0.99908,0.00092,0.99908,0.0,22.901069111715607,5.417828416870671
0.5,93247,su2,6,18.458391584832217,7,100000,0.99961,0.00039,0.99961,0.0,26.714271563298876,5.855461326547874
0.5,93247,su2,6,18.458391584832217,8,100000,0.99987,0.00013,0.99987,0.0,30.52523663198684,6.263010579411612
0.5,93247,su2,6,18.458391584832217,9,100000,0.99994,6e-05,0.99994,0.0,34.32097397738906,6.644055948712962
0.5,93247,su2,6,18.458391584832217,10,100000,0.99998,2e-05,0.99998,0.0,38.1365890371182,7.0087387057580814
0.5,93247,su2,6,18.458391584832217,11,100000,0.99999,1e-05,0.99999,0.0,41.955049978467265,7.347693383165984
0.5,93247,su2,6,18.458391584832217,12,100000,1.0,0.0,1.0,0.0,45.757907232371714,7.682995689482495
0.5,93247,su2,7,22.947277286439505,1,100000,0.91825,0.08175,0.91825,0.0,3.8313361449352525,2.2087493654519483
0.5,93247,su2,7,22.947277286439505,2,100000,0.97537,0.02463,0.97537,0.0,7.64089881417432,3.131929119839899
0.5,93247,su2,7,22.947277286439505,3,100000,0.98941,0.01059,0.98941,0.0,11.444357548384389,3.8517006695445093
0.5,93247,su2,7,22.947277286439505,4,100000,0.99545,0.00455,0.99545,0.0,15.266218410810295,4.434575564426824
0.5,93247,su2,7,22.947277286439505,5,100000,0.99786,0.00214,0.99786,0.0,19.073555761493484,4.956190726021543
0.5,93247,su2,7,22.947277286439505,6,100000,0.99908,0.00092,0.99908,0.0,22.875012976589716,5.443912167337513
0.5,93247,su2,7,22.947277286439505,7,100000,0.99965,0.00035,0.99965,0.0,26.685982558267522,5.875996451777293
0.5,93247,su2,7,22.947277286439505,8,100000,0.99982,0.00018,0.99982,0.0,30.494663293385102,6.2834224689926295
0.5,93247,su2,7,22.947277286439505,9,100000,0.9999,0.0001,0.9999,0.0,34.296083775378946,6.663296247643578
0.5,93247,su2,7,22.947277286439505,10,100000,0.99996,4e-05,0.99996,0.0,38.09283307299453,7.014246043802706
0.5,93247,su2,7,22.947277286439505,11,100000,0.99998,2e-05,0.99998,0.0,41.898403137378715,7.349825871797189
0.5,93247,su2,7,22.947277286439505,12,100000,0.99999,1e-05,0.99999,0.0,45.69377922114918,7.6969802367378595
0.5,93247,su2,8,28.527812536680912,1,100000,0.91586,0.08414,0.91586,0.0,3.819668260304717,2.2279550732768225
0.5,93247,su2,8,28.527812536680912,2,100000,0.97489,0.02511,0.97489,0.0,7.626767214006728,3.1556262829745196
0.5,93247,su2,8,28.527812536680912,3,100000,0.98893,0.01107,0.98893,0.0,11.436699462186452,3.855459154807405
0.5,93247,su2,8,28.527812536680912,4,100000,0.99509,0.00491,0.99509,0.0,15.23210335520247,4.449843001434706
0.5,93247,su2,8,28.527812536680912,5,100000,0.99792,0.00208,0.99792,0.0,19.036729139401483,4.973378766753863
0.5,93247,su2,8,28.527812536680912,6,100000,0.99903,0.00097,0.99903,0.0,22.84404607930821,5.441140582102436
0.5,93247,su2,8,28.527812536680912,7,100000,0.99957,0.00043,0.99957,0.0,26.6452514904588,5.879539231132505
0.5,93247,su2,8,28.527812536680912,8,100000,0.99979,0.00021,0.99979,0.0,30.45658693317288,6.281713376957833
0.5,93247,su2,8,28.527812536680912,9,100000,0.9999,0.0001,0.9999,0.0,34.26566736178082,6.654494307916909
0.5,93247,su2,8,28.527812536680912,10,100000,0.99997,3e-05,0.99997,0.0,38.07562043002828,7.018688464535032
0.5,93247,su2,8,28.527812536680912,11,100000,1.0,0.0,1.0,0.0,41.86680557883443,7.3646195166455275
0.5,93247,su2,8,28.527812536680912,12,100000,0.99999,1e-05,0.99999,0.0,45.66420998102905,7.703542369083148
0.5,93247,su2,9,35.46547496547396,1,100000,0.91763,0.08237,0.91763,0.0,3.833778917566724,2.213676491939776
0.5,93247,su2,9,35.46547496547396,2,100000,0.97449,0.02551,0.97449,0.0,7.630270643505802,3.1564464210710055
0.5,93247,su2,9,35.46547496547396,3,100000,0.98871,0.01129,0.98871,0.0,11.448449541291286,3.8726143887877664
0.5,93247,su2,9,35.46547496547396,4,100000,0.99459,0.00541,0.99459,0.0,15.260696816772665,4.458419241353975
0.5,93247,su2,9,35.46547496547396,5,100000,0.99743,0.00257,0.99743,0.0,19.06227939891862,4.995822394569692
0.5,93247,su2,9,35.46547496547396,6,100000,0.99895,0.00105,0.99895,0.0,22.854769364333368,5.460559553378853
0.5,93247,su2,9,35.46547496547396,7,100000,0.99948,0.00052,0.99948,0.0,26.65426939516819,5.902843186835021
0.5,93247,su2,9,35.46547496547396,8,100000,0.99979,0.00021,0.99979,0.0,30.46112515410805,6.312152596128397
0.5,93247,su2,9,35.46547496547396,9,100000,0.99994,6e-05,0.99994,0.0,34.27254155134413,6.690042073168027
0.5,93247,su2,9,35.46547496547396,10,100000,0.99998,2e-05,0.99998,0.0,38.06440360275759,7.0354720423426444
0.5,93247,su2,9,35.46547496547396,11,100000,0.99998,2e-05,0.99998,0.0,41.85083621619952,7.387475691001926
0.5,93247,su2,9,35.46547496547396,12,100000,1.0,0.0,1.0,0.0,45.65417712514145,7.71753404976833
0.5,93247,su2,10,44.09030355585049,1,100000,0.91904,0.08096,0.91904,0.0,3.8282814597271972,2.210468188032475
0.5,93247,su2,10,44.09030355585049,2,100000,0.97539,0.02461,0.97539,0.0,7.644017395141508,3.1325704945812545
0.5,93247,su2,10,44.09030355585049,3,100000,0.98972,0.01028,0.98972,0.0,11.437523525307055,3.8443807114290784
0.5,93247,su2,10,44.09030355585049,4,100000,0.99549,0.00451,0.99549,0.0,15.243506503965314,4.434406553932207
0.5,93247,su2,10,44.09030355585049,5,100000,0.99792,0.00208,0.99792,0.0,19.05053667714443,4.958098399983297
0.5,93247,su2,10,44.09030355585049,6,100000,0.99899,0.00101,0.99899,0.0,22.843758562356232,5.440943826278078
0.5,93247,su2,10,44.09030355585049,7,100000,0.99958,0.00042,0.99958,0.0,26.650535272681772,5.890921563388151
0.5,93247,su2,10,44.09030355585049,8,100000,0.99975,0.00025,0.99975,0.0,30.45148075033942,6.2919024668362065
0.5,93247,su2,10,44.09030355585049,9,100000,0.9999,0.0001,0.9999,0.0,34.25544923093642,6.667706364133042
0.5,93247,su2,10,44.09030355585049,10,100000,0.99996,4e-05,0.99996,0.0,38.06373502675575,7.033811338305298
0.5,93247,su2,10,44.09030355585049,11,100000,0.99997,3e-05,0.99997,0.0,41.864994775852516,7.386336232461639
0.5,93247,su2,10,44.09030355585049,12,100000,0.99998,2e-05,0.99998,0.0,45.669963884276086,7.717189103486877
0.5,93247,su2,11,54.81259928252777,1,100000,0.91668,0.08332,0.91668,0.0,3.814436105634281,2.224149628219268
0.5,93247,su2,11,54.81259928252777,2,100000,0.97521,0.02479,0.97521,0.0,7.615089354503242,3.1349353325868945
0.5,93247,su2,11,54.81259928252777,3,100000,0.98932,0.01068,0.98932,0.0,11.407100302330539,3.850825118369321
0.5,93247,su2,11,54.81259928252777,4,100000,0.99499,0.00501,0.99499,0.0,15.20607355420386,4.453710574546864
0.5,93247,su2,11,54.81259928252777,5,100000,0.99774,0.00226,0.99774,0.0,18.990369977706028,4.981958312354011
0.5,93247,su2,11,54.81259928252777,6,100000,0.99906,0.00094,0.99906,0.0,22.79082223059854,5.4599945937440095
0.5,93247,su2,11,54.81259928252777,7,100000,0.99957,0.00043,0.99957,0.0,26.586624070564298,5.886687394563307
0.5,93247,su2,11,54.81259928252777,8,100000,0.99987,0.00013,0.99987,0.0,30.381889248329145,6.291185442217374
0.5,93247,su2,11,54.81259928252777,9,100000,0.99994,6e-05,0.99994,0.0,34.17836434869517,6.677778878173834
0.5,93247,su2,11,54.81259928252777,10,100000,0.99999,1e-05,0.99999,0.0,37.97324232140718,7.034634257415461
0.5,93247,su2,11,54.81259928252777,11,100000,0.99998,2e-05,0.99998,0.0,41.76427029344205,7.381888449534152
0.5,93247,su2,11,54.81259928252777,12,100000,1.0,0.0,1.0,0.0,45.56440448139393,7.71071444663587
0.5,93247,su2,12,68.14244397980099,1,100000,0.91832,0.08168,0.91832,0.0,3.827749721657089,2.2087787729656947
0.5,93247,su2,12,68.14244397980099,2,100000,0.97611,0.02389,0.97611,0.0,7.634460826324754,3.1338028618239435
0.5,93247,su2,12,68.14244397980099,3,100000,0.98946,0.01054,0.98946,0.0,11.422662906146613,3.8426337938364767
0.5,93247,su2,12,68.14244397980099,4,100000,0.99511,0.00489,0.99511,0.0,15.240887844843904,4.441871982091715
0.5,93247,su2,12,68.14244397980099,5,100000,0.998,0.002,0.998,0.0,19.038670536351813,4.963471112592382
0.5,93247,su2,12,68.14244397980099,6,100000,0.99903,0.00097,0.99903,0.0,22.83931974223888,5.44100935400706
0.5,93247,su2,12,68.14244397980099,7,100000,0.99942,0.00058,0.99942,0.0,26.624177111749646,5.879826287777243
0.5,93247,su2,12,68.14244397980099,8,100000,0.99975,0.00025,0.99975,0.0,30.430218055755315,6.286681432657679
0.5,93247,su2,12,68.14244397980099,9,100000,0.99986,0.00014,0.99986,0.0,34.228696947087975,6.672710366519324
0.5,93247,su2,12,68.14244397980099,10,100000,0.99991,9e-05,0.99991,0.0,38.028220173953066,7.028155783745176
0.5,93247,su2,12,68.14244397980099,11,100000,0.99998,2e-05,0.99998,0.0,41.805557669693556,7.3735778338645686
0.5,93247,su2,12,68.14244397980099,12,100000,1.0,0.0,1.0,0.0,45.61308756437611,7.70029147471569
0.5,93247,su2,13,84.71396599176529,1,100000,0.9161,0.0839,0.9161,0.0,3.812914747994984,2.2296650565303273
0.5,93247,su2,13,84.71396599176529,2,100000,0.97451,0.02549,0.97451,0.0,7.607205059708287,3.16602122994805
0.5,93247,su2,13,84.71396599176529,3,100000,0.98861,0.01139,0.98861,0.0,11.401191710233718,3.8931823678873343
0.5,93247,su2,13,84.71396599176529,4,100000,0.99473,0.00527,0.99473,0.0,15.201792668443469,4.485611356872872
0.5,93247,su2,13,84.71396599176529,5,100000,0.99752,0.00248,0.99752,0.0,18.996175977779558,5.022471612844788
0.5,93247,su2,13,84.71396599176529,6,100000,0.99897,0.00103,0.99897,0.0,22.781354550605887,5.499688284415072
0.5,93247,su2,13,84.71396599176529,7,100000,0.9995,0.0005,0.9995,0.0,26.581581936260097,5.9349596098820045
0.5,93247,su2,13,84.71396599176529,8,100000,0.99972,0.00028,0.99972,0.0,30.3814198680045,6.339079344679748
0.5,93247,su2,13,84.71396599176529,9,100000,0.99992,8e-05,0.99992,0.0,34.16924972816042,6.7296780976969774
0.5,93247,su2,13,84.71396599176529,10,100000,0.99995,5e-05,0.99995,0.0,37.96834838100214,7.084652410323035
0.5,93247,su2,13,84.71396599176529,11,100000,0.99997,3e-05,0.99997,0.0,41.76298619521343,7.426299411111734
0.5,93247,su2,13,84.71396599176529,12,100000,0.99999,1e-05,0.99999,0.0,45.5570423082751,7.75495428150139
0.5,93247,su2,14,105.31550697214851,1,100000,0.91543,0.08457,0.91543,0.0,3.814862340843207,2.227772900732391
0.5,93247,su2,14,105.31550697214851,2,100000,0.97434,0.02566,0.97434,0.0,7.613926150235523,3.1449416383407907
0.5,93247,su2,14,105.31550697214851,3,100000,0.98963,0.01037,0.98963,0.0,11.414858295870006,3.854143873192346
0.5,93247,su2,14,105.31550697214851,4,100000,0.99476,0.00524,0.99476,0.0,15.19314192256481,4.471940200645917
0.5,93247,su2,14,105.31550697214851,5,100000,0.99763,0.00237,0.99763,0.0,18.970360326269308,5.010773309075471
0.5,93247,su2,14,105.31550697214851,6,100000,0.99908,0.00092,0.99908,0.0,22.759956162319984,5.485484172794196
0.5,93247,su2,14,105.31550697214851,7,100000,0.99963,0.00037,0.99963,0.0,26.542523309179092,5.923174718292846
0.5,93247,su2,14,105.31550697214851,8,100000,0.99981,0.00019,0.99981,0.0,30.329942243003142,6.326656222561656
0.5,93247,su2,14,105.31550697214851,9,100000,0.99989,0.00011,0.99989,0.0,34.116233566916854,6.709893515193339
0.5,93247,su2,14,105.31550697214851,10,100000,0.99993,7e-05,0.99993,0.0,37.90916554912537,7.075210339935983
0.5,93247,su2,14,105.31550697214851,11,100000,0.99997,3e-05,0.99997,0.0,41.697397229044405,7.418628024109741
0.5,93247,su2,14,105.31550697214851,12,100000,0.99998,2e-05,0.99998,0.0,45.476395990622414,7.743465667757355
0.5,93247,su2,15,130.92712493095644,1,100000,0.91655,0.08345,0.91655,0.0,3.817893748908058,2.231421788015744
0.5,93247,su2,15,130.92712493095644,2,100000,0.97531,0.02469,0.97531,0.0,7.623629719686754,3.1430333111113034
0.5,93247,su2,15,130.92712493095644,3,100000,0.98915,0.01085,0.98915,0.0,11.426061509342915,3.855628796276673
0.5,93247,su2,15,130.92712493095644,4,100000,0.99519,0.00481,0.99519,0.0,15.232709346227052,4.44758150889826
0.5,93247,su2,15,130.92712493095644,5,100000,0.99771,0.00229,0.99771,0.0,19.04531869143383,4.972652534769751
0.5,93247,su2,15,130.92712493095644,6,100000,0.99903,0.00097,0.99903,0.0,22.851740722720955,5.434037626995307
0.5,93247,su2,15,130.92712493095644,7,100000,0.99964,0.00036,0.99964,0.0,26.64896966234524,5.871704096009068
0.5,93247,su2,15,130.92712493095644,8,100000,0.99982,0.00018,0.99982,0.0,30.44457821944205,6.274797051264828
0.5,93247,su2,15,130.92712493095644,9,100000,0.99995,5e-05,0.99995,0.0,34.241297838521646,6.665632972118937
0.5,93247,su2,15,130.92712493095644,10,100000,0.99996,4e-05,0.99996,0.0,38.045203409430485,7.023064661797911
0.5,93247,su2,15,130.92712493095644,11,100000,0.99999,1e-05,0.99999,0.0,41.831941370521655,7.372363725102874
0.5,93247,su2,15,130.92712493095644,12,100000,0.99999,1e-05,0.99999,0.0,45.62999646112166,7.679085176766411
0.5,93247,su2,16,162.76721762560175,1,100000,0.91599,0.08401,0.91599,0.0,3.8118015146345803,2.233521911884412
0.5,93247,su2,16,162.76721762560175,2,100000,0.97489,0.02511,0.97489,0.0,7.608820190031277,3.152223525696003
0.5,93247,su2,16,162.76721762560175,3,100000,0.98937,0.01063,0.98937,0.0,11.39538062433075,3.8534339206912622
0.5,93247,su2,16,162.76721762560175,4,100000,0.99515,0.00485,0.99515,0.0,15.185969296828262,4.439804408902316
0.5,93247,su2,16,162.76721762560175,5,100000,0.9979,0.0021,0.9979,0.0,18.983208478380604,4.957564569931822
0.5,93247,su2,16,162.76721762560175,6,100000,0.99908,0.00092,0.99908,0.0,22.781048353872308,5.435593598263277
0.5,93247,su2,16,162.76721762560175,7,100000,0.99968,0.00032,0.99968,0.0,26.578295492994688,5.8856080582589545
0.5,93247,su2,16,162.76721762560175,8,100000,0.99985,0.00015,0.99985,0.0,30.361199491676754,6.293236390966992
0.5,93247,su2,16,162.76721762560175,9,100000,0.99988,0.00012,0.99988,0.0,34.14840220684833,6.67423314888418
0.5,93247,su2,16,162.76721762560175,10,100000,0.99994,6e-05,0.99994,0.0,37.93641824011588,7.030555785640103
0.5,93247,su2,16,162.76721762560175,11,100000,0.99996,4e-05,0.99996,0.0,41.722141094334546,7.367423705445082
0.5,93247,su2,16,162.76721762560175,12,100000,0.99996,4e-05,0.99996,0.0,45.5087638517797,7.696335893033683
0.5,93247,su2,17,202.35048426787822,1,100000,0.91742,0.08258,0.91742,0.0,3.82181495930853,2.2099384388537073
0.5,93247,su2,17,202.35048426787822,2,100000,0.97585,0.02415,0.97585,0.0,7.619103944513656,3.1249122122863797
0.5,93247,su2,17,202.35048426787822,3,100000,0.98968,0.01032,0.98968,0.0,11.410875363839365,3.832495187393589
0.5,93247,su2,17,202.35048426787822,4,100000,0.99496,0.00504,0.99496,0.0,15.2050881024593,4.44197329450978
0.5,93247,su2,17,202.35048426787822,5,100000,0.99772,0.00228,0.99772,0.0,18.997945934226998,4.975533339840093
0.5,93247,su2,17,202.35048426787822,6,100000,0.99908,0.00092,0.99908,0.0,22.789263393792883,5.4476453689866355
0.5,93247,su2,17,202.35048426787822,7,100000,0.99962,0.00038,0.99962,0.0,26.582291285913236,5.888055341122523
0.5,93247,su2,17,202.35048426787822,8,100000,0.99977,0.00023,0.99977,0.0,30.379713366116352,6.29253566615115
0.5,93247,su2,17,202.35048426787822,9,100000,0.99984,0.00016,0.99984,0.0,34.180871620908775,6.674503031089399
0.5,93247,su2,17,202.35048426787822,10,100000,0.99994,6e-05,0.99994,0.0,37.9862664848754,7.043503505357102
0.5,93247,su2,17,202.35048426787822,11,100000,0.99998,2e-05,0.99998,0.0,41.770234009455436,7.39928505235553
0.5,93247,su2,17,202.35048426787822,12,100000,0.99998,2e-05,0.99998,0.0,45.57121953521404,7.723586419493998
0.5,93247,su2,18,251.55998290533202,1,100000,0.91555,0.08445,0.91555,0.0,3.811003124156385,2.2253944029897363
0.5,93247,su2,18,251.55998290533202,2,100000,0.97476,0.02524,0.97476,0.0,7.606253955926242,3.1579882921811193
0.5,93247,su2,18,251.55998290533202,3,100000,0.98881,0.01119,0.98881,0.0,11.393510141656732,3.8612707991751365
0.5,93247,su2,18,251.55998290533202,4,100000,0.99493,0.00507,0.99493,0.0,15.177307036525072,4.473293816057138
0.5,93247,su2,18,251.55998290533202,5,100000,0.99784,0.00216,0.99784,0.0,18.98059346330564,4.984772634843691
0.5,93247,su2,18,251.55998290533202,6,100000,0.99897,0.00103,0.99897,0.0,22.781126397536788,5.468809156871438
0.5,93247,su2,18,251.55998290533202,7,100000,0.99955,0.00045,0.99955,0.0,26.559348453433785,5.914105979924504
0.5,93247,su2,18,251.55998290533202,8,100000,0.99976,0.00024,0.99976,0.0,30.340762713977984,6.327718989708593
0.5,93247,su2,18,251.55998290533202,9,100000,0.99991,9e-05,0.99991,0.0,34.13590839497501,6.706021362919108
0.5,93247,su2,18,251.55998290533202,10,100000,0.99995,5e-05,0.99995,0.0,37.92475401297949,7.063304300622521
0.5,93247,su2,18,251.55998290533202,11,100000,0.99998,2e-05,0.99998,0.0,41.709861209442955,7.4031279491710125
0.5,93247,su2,18,251.55998290533202,12,100000,0.99999,1e-05,0.99999,0.0,45.49234901451095,7.735263033798288
0.5,93247,su2,19,312.7367113960327,1,100000,0.91835,0.08165,0.91835,0.0,3.825463064452891,2.2207435534953706
0.5,93247,su2,19,312.7367113960327,2,100000,0.97545,0.02455,0.97545,0.0,7.638441228445812,3.135226170514825
0.5,93247,su2,19,312.7367113960327,3,100000,0.98895,0.01105,0.98895,0.0,11.435837333899029,3.8559670816316607
0.5,93247,su2,19,312.7367113960327,4,100000,0.995,0.005,0.995,0.0,15.21997642616969,4.483379230449034
0.5,93247,su2,19,312.7367113960327,5,100000,0.99768,0.00232,0.99768,0.0,19.006972908395028,5.005554220666571
0.5,93247,su2,19,312.7367113960327,6,100000,0.99879,0.00121,0.99879,0.0,22.793004649688495,5.481741052107358
0.5,93247,su2,19,312.7367113960327,7,100000,0.99949,0.00051,0.99949,0.0,26.57338602615007,5.924143849165453
0.5,93247,su2,19,312.7367113960327,8,100000,0.9998,0.0002,0.9998,0.0,30.353652317300728,6.328818286551028
0.5,93247,su2,19,312.7367113960327,9,100000,0.99986,0.00014,0.99986,0.0,34.1321942008293,6.713204359174759
0.5,93247,su2,19,312.7367113960327,10,100000,0.99994,6e-05,0.99994,0.0,37.92012659027826,7.074886896230269
0.5,93247,su2,19,312.7367113960327,11,100000,0.99999,1e-05,0.99999,0.0,41.71990179001783,7.412541790429557
0.5,93247,su2,19,312.7367113960327,12,100000,1.0,0.0,1.0,0.0,45.50320929539873,7.7390180792772245
0.5,103250,photon,0,4.999999999999999,1,100000,0.85453,0.85453,0.14547,0.0,-7.7668335205393975,5.932450946165864
0.5,103250,photon,0,4.999999999999999,2,100000,0.94517,0.94517,0.05483,0.0,-15.439086825171502,8.446215937837465
0.5,103250,photon,0,4.999999999999999,3,100000,0.97966,0.97966,0.02034,0.0,-23.077678535145395,10.337238982653346
0.5,103250,photon,0,4.999999999999999,4,100000,0.99187,0.99187,0.00813,0.0,-30.772964034808037,11.912768558973964
0.5,103250,photon,0,4.999999999999999,5,100000,0.99603,0.99603,0.00397,0.0,-38.37702779822549,13.303291308590666
0.5,103250,photon,0,4.999999999999999,6,100000,0.99827,0.99827,0.00173,0.0,-45.98544934839435,14.56749621826697
0.5,103250,photon,0,4.999999999999999,7,100000,0.99943,0.99943,0.00057,0.0,-53.61137737036925,15.731787408078809
0.5,103250,photon,0,4.999999999999999,8,100000,0.99972,0.99972,0.00028,0.0,-61.18823463710444,16.783924241933867
0.5,103250,photon,0,4.999999999999999,9,100000,0.99992,0.99992,8e-05,0.0,-68.81886594858418,17.786463631332953
0.5,103250,photon,0,4.999999999999999,10,100000,0.99997,0.99997,3e-05,0.0,-76.43943412856423,18.731961223181354
0.5,103250,photon,0,4.999999999999999,11,100000,0.99998,0.99998,2e-05,0.0,-84.03676284995836,19.644637453010283
0.5,103250,photon,0,4.999999999999999,12,100000,0.99999,0.99999,1e-05,0.0,-91.63665659139978,20.52207818338629
0.5,103250,photon,1,5.802590372463091,1,100000,0.86038,0.86038,0.13962,0.0,-7.948488454074793,5.8790304545089915
0.5,103250,photon,1,5.802590372463091,2,100000,0.94953,0.94953,0.05047,0.0,-15.770130631208918,8.35684813350658
0.5,103250,photon,1,5.802590372463091,3,100000,0.98208,0.98208,0.01792,0.0,-23.558568764249607,10.2276903795306
0.5,103250,photon,1,5.802590372463091,4,100000,0.99273,0.99273,0.00727,0.0,-31.351988622734314,11.812097123341339
0.5,103250,photon,1,5.802590372463091,5,100000,0.99694,0.99694,0.00306,0.0,-39.13177712309811,13.22722562037036
0.5,103250,photon,1,5.802590372463091,6,100000,0.99864,0.99864,0.00136,0.0,-46.884593169025386,14.472898365021054
0.5,103250,photon,1,5.802590372463091,7,100000,0.9993,0.9993,0.0007,0.0,-54.65832100335949,15.635915279378358
0.5,103250,photon,1,5.802590372463091,8,100000,0.99964,0.99964,0.00036,0.0,-62.40695468187894,16.74167434898347
0.5,103250,photon,1,5.802590372463091,9,100000,0.99989,0.99989,0.00011,0.0,-70.15342339681585,17.746633365301438
0.5,103250,photon,1,5.802590372463091,10,100000,0.99994,0.99994,6e-05,0.0,-77.94679608515598,18.69512844241102
0.5,103250,photon,1,5.802590372463091,11,100000,0.99996,0.99996,4e-05,0.0,-85.69849006767271,19.57550535047544
0.5,103250,photon,1,5.802590372463091,12,100000,1.0,1.0,0.0,0.0,-93.47371379099445,20.422374270960706
0.5,103250,photon,2,6.734011006120271,1,100000,0.8623,0.8623,0.1377,0.0,-8.039598651217227,5.84357956708407
0.5,103250,photon,2,6.734011006120271,2,100000,0.95187,0.95187,0.04813,0.0,-15.971396814786138,8.301450702903741
0.5,103250,photon,2,6.734011006120271,3,100000,0.9832,0.9832,0.0168,0.0,-23.88090814646898,10.159439149091787
0.5,103250,photon,2,6.734011006120271,4,100000,0.99348,0.99348,0.00652,0.0,-31.799203695933613,11.74308368038889
0.5,103250,photon,2,6.734011006120271,5,100000,0.99693,0.99693,0.00307,0.0,-39.69102822694342,13.150418736343253
0.5,103250,photon,2,6.734011006120271,6,100000,0.99861,0.99861,0.00139,0.0,-47.572964654985576,14.406616142659109
0.5,103250,photon,2,6.734011006120271,7,100000,0.99944,0.99944,0.00056,0.0,-55.484992899544785,15.576117768535866
0.5,103250,photon,2,6.734011006120271,8,100000,0.99971,0.99971,0.00029,0.0,-63.39582353556183,16.677225305019274
0.5,103250,photon,2,6.734011006120271,9,100000,0.99982,0.99982,0.00018,0.0,-71.26257299833212,17.672157877818428
0.5,103250,photon,2,6.734011006120271,10,100000,0.99991,0.99991,9e-05,0.0,-79.15429953494689,18.59925434686702
0.5,103250,photon,2,6.734011006120271,11,100000,0.99996,0.99996,4e-05,0.0,-87.04584891314921,19.476982487800594
0.5,103250,photon,2,6.734011006120271,12,100000,0.99998,0.99998,2e-05,0.0,-94.95993038282467,20.328027480004305
0.5,103250,photon,3,7.814941486434795,1,100000,0.86609,0.86609,0.13391,0.0,-8.136849402646257,5.810843032835759
0.5,103250,photon,3,7.814941486434795,2,100000,0.95493,0.95493,0.04507,0.0,-16.194221627470995,8.240967486619805
0.5,103250,photon,3,7.814941486434795,3,100000,0.98477,0.98477,0.01523,0.0,-24.214029610867595,10.089007246434369
0.5,103250,photon,3,7.814941486434795,4,100000,0.99401,0.99401,0.00599,0.0,-32.276765132986256,11.677067028936923
0.5,103250,photon,3,7.814941486434795,5,100000,0.99736,0.99736,0.00264,0.0,-40.30812806777271,13.046586190583168
0.5,103250,photon,3,7.814941486434795,6,100000,0.99887,0.99887,0.00113,0.0,-48.31220767454859,14.275225233427182
0.5,103250,photon,3,7.814941486434795,7,100000,0.99961,0.99961,0.00039,0.0,-56.329107923553366,15.408541759294234
0.5,103250,photon,3,7.814941486434795,8,100000,0.99988,0.99988,0.00012,0.0,-64.35200695264807,16.503486102977448
0.5,103250,photon,3,7.814941486434795,9,100000,0.99997,0.99997,3e-05,0.0,-72.36579778741661,17.486703588554764
0.5,103250,photon,3,7.814941486434795,10,100000,0.99997,0.99997,3e-05,0.0,-80.37695052208417,18.43393800541322
0.5,103250,photon,3,7.814941486434795,11,100000,1.0,1.0,0.0,0.0,-88.37461639300672,19.323123822009187
0.5,103250,photon,3,7.814941486434795,12,100000,1.0,1.0,0.0,0.0,-96.38335644421443,20.190268312898745
0.5,103250,photon,4,9.069380846109791,1,100000,0.87175,0.87175,0.12825,0.0,-8.249508190397371,5.755321256654265
0.5,103250,photon,4,9.069380846109791,2,100000,0.95748,0.95748,0.04252,0.0,-16.389706986856154,8.174285618634359
0.5,103250,photon,4,9.069380846109791,3,100000,0.98618,0.98618,0.01382,0.0,-24.506624692094846,10.023181332081501
0.5,103250,photon,4,9.069380846109791,4,100000,0.99467,0.99467,0.00533,0.0,-32.652418942144756,11.58171741309535
0.5,103250,photon,4,9.069380846109791,5,100000,0.99763,0.99763,0.00237,0.0,-40.76709019899055,12.976189108693601
0.5,103250,photon,4,9.069380846109791,6,100000,0.9992,0.9992,0.0008,0.0,-48.886149979783994,14.193428588300899
0.5,103250,photon,4,9.069380846109791,7,100000,0.99958,0.99958,0.00042,0.0,-56.97513542653181,15.320354123010393
0.5,103250,photon,4,9.069380846109791,8,100000,0.99978,0.99978,0.00022,0.0,-65.07234716768566,16.363862383999262
0.5,103250,photon,4,9.069380846109791,9,100000,0.99991,0.99991,9e-05,0.0,-73.1909213800536,17.361801170873857
0.5,103250,photon,4,9.069380846109791,10,100000,0.99997,0.99997,3e-05,0.0,-81.29696280788896,18.305691443467477
0.5,103250,photon,4,9.069380846109791,11,100000,0.99997,0.99997,3e-05,0.0,-89.39261064311478,19.16060281643044
0.5,103250,photon,4,9.069380846109791,12,100000,0.99999,0.99999,1e-05,0.0,-97.48473968210304,19.997566023508796
0.5,103250,photon,5,10.525180396367567,1,100000,0.87394,0.87394,0.12606,0.0,-8.328887900616662,5.723560282270279
0.5,103250,photon,5,10.525180396367567,2,100000,0.95888,0.95888,0.04112,0.0,-16.585084309701344,8.128678850832113
0.5,103250,photon,5,10.525180396367567,3,100000,0.98631,0.98631,0.01369,0.0,-24.791377636629218,9.999155272355294
0.5,103250,photon,5,10.525180396367567,4,100000,0.99518,0.99518,0.00482,0.0,-33.006077496888636,11.514509705097868
0.5,103250,photon,5,10.525180396367567,5,100000,0.99807,0.99807,0.00193,0.0,-41.196007021659675,12.869451045934046
0.5,103250,photon,5,10.525180396367567,6,100000,0.99922,0.99922,0.00078,0.0,-49.415919361072675,14.0788609184897
0.5,103250,photon,5,10.525180396367567,7,100000,0.99969,0.99969,0.00031,0.0,-57.634034242849985,15.211775943025787
0.5,103250,photon,5,10.525180396367567,8,100000,0.99988,0.99988,0.00012,0.0,-65.8217423985773,16.26374470370719
0.5,103250,photon,5,10.525180396367567,9,100000,0.99998,0.99998,2e-05,0.0,-74.04239191703111,17.238856482385987
0.5,103250,photon,5,10.525180396367567,10,100000,0.99999,0.99999,1e-05,0.0,-82.26495654975393,18.142648248428504
0.5,103250,photon,5,10.525180396367567,11,100000,0.99999,0.99999,1e-05,0.0,-90.46742856614853,19.060664732996017
0.5,103250,photon,5,10.525180396367567,12,100000,0.99999,0.99999,1e-05,0.0,-98.68118039323898,19.911771975618798
0.5,103250,photon,6,12.214662087279939,1,100000,0.87721,0.87721,0.12279,0.0,-8.422356792748417,5.671331860095853
0.5,103250,photon,6,12.214662087279939,2,100000,0.96183,0.96183,0.03817,0.0,-16.749286490225508,8.069061494190787
0.5,103250,photon,6,12.214662087279939,3,100000,0.98772,0.98772,0.01228,0.0,-24.98743580020801,9.910265606957768
0.5,103250,photon,6,12.214662087279939,4,100000,0.99562,0.99562,0.00438,0.0,-33.294521834279756,11.420520400834189
0.5,103250,photon,6,12.214662087279939,5,100000,0.99849,0.99849,0.00151,0.0,-41.57404633387239,12.735091723323295
0.5,103250,photon,6,12.214662087279939,6,100000,0.99946,0.99946,0.00054,0.0,-49.819262260417986,13.986658190832896
0.5,103250,photon,6,12.214662087279939,7,100000,0.99978,0.99978,0.00022,0.0,-58.08881585303439,15.110522167235626
0.5,103250,photon,6,12.214662087279939,8,100000,0.99991,0.99991,9e-05,0.0,-66.37817630213824,16.136899388068205
0.5,103250,photon,6,12.214662087279939,9,100000,0.99996,0.99996,4e-05,0.0,-74.62861793510467,17.139233567607327
0.5,103250,photon,6,12.214662087279939,10,100000,1.0,1.0,0.0,0.0,-82.89943996222547,18.103460949671263
0.5,103250,photon,6,12.214662087279939,11,100000,1.0,1.0,0.0,0.0,-91.17321507218067,18.9947846823358
0.5,103250,photon,6,12.214662087279939,12,100000,1.0,1.0,0.0,0.0,-99.4554191547893,19.8662303751825
0.5,103250,photon,7,14.175336126108105,1,100000,0.88172,0.88172,0.11828,0.0,-8.493586102290898,5.623897542252189
0.5,103250,photon,7,14.175336126108105,2,100000,0.96242,0.96242,0.03758,0.0,-16.857809214444945,8.029924824985267
0.5,103250,photon,7,14.175336126108105,3,100000,0.98839,0.98839,0.01161,0.0,-25.191307640804933,9.845280979368178
0.5,103250,photon,7,14.175336126108105,4,100000,0.99566,0.99566,0.00434,0.0,-33.5793777820687,11.356565359492368
0.5,103250,photon,7,14.175336126108105,5,100000,0.99872,0.99872,0.00128,0.0,-41.93544106730886,12.701006361472286
0.5,103250,photon,7,14.175336126108105,6,100000,0.99938,0.99938,0.00062,0.0,-50.268543621083126,13.91587154884445
0.5,103250,photon,7,14.175336126108105,7,100000,0.99977,0.99977,0.00023,0.0,-58.63683538929994,15.04369997314373
0.5,103250,photon,7,14.175336126108105,8,100000,0.9999,0.9999,0.0001,0.0,-66.98147026098687,16.075500118564573
0.5,103250,photon,7,14.175336126108105,9,100000,0.99998,0.99998,2e-05,0.0,-75.33085363907779,17.073062326914993
0.5,103250,photon,7,14.175336126108105,10,100000,1.0,1.0,0.0,0.0,-83.62766295489327,17.98440866601217
0.5,103250,photon,7,14.175336126108105,11,100000,0.99999,0.99999,1e-05,0.0,-91.96189701474589,18.871230689838786
0.5,103250,photon,7,14.175336126108105,12,100000,1.0,1.0,0.0,0.0,-100.29978925818378,19.69995241110205
0.5,103250,photon,8,16.450733786356633,1,100000,0.88178,0.88178,0.11822,0.0,-8.517529722345367,5.627353500373486
0.5,103250,photon,8,16.450733786356633,2,100000,0.96388,0.96388,0.03612,0.0,-16.975793500613186,7.9790258389919755
0.5,103250,photon,8,16.450733786356633,3,100000,0.98916,0.98916,0.01084,0.0,-25.392753867941984,9.757259745167104
0.5,103250,photon,8,16.450733786356633,4,100000,0.99602,0.99602,0.00398,0.0,-33.81183866549582,11.315477501378984
0.5,103250,photon,8,16.450733786356633,5,100000,0.99844,0.99844,0.00156,0.0,-42.19758152265911,12.660097069761878
0.5,103250,photon,8,16.450733786356633,6,100000,0.99941,0.99941,0.00059,0.0,-50.58413879863013,13.89690076413345
0.5,103250,photon,8,16.450733786356633,7,100000,0.99972,0.99972,0.00028,0.0,-58.98733843077839,15.003777788216187
0.5,103250,photon,8,16.450733786356633,8,100000,0.99994,0.99994,6e-05,0.0,-67.37285209974009,16.046373062116214
0.5,103250,photon,8,16.450733786356633,9,100000,0.99997,0.99997,3e-05,0.0,-75.7565985409916,17.049294919632555
0.5,103250,photon,8,16.450733786356633,10,100000,0.99999,0.99999,1e-05,0.0,-84.17500641446168,17.95182142626579
0.5,103250,photon,8,16.450733786356633,11,100000,0.99999,0.99999,1e-05,0.0,-92.5879333574711,18.835605833495634
0.5,103250,photon,8,16.450733786356633,12,100000,1.0,1.0,0.0,0.0,-100.98465685826594,19.67762741587255
0.5,103250,photon,9,19.091373897733256,1,100000,0.88562,0.88562,0.11438,0.0,-8.599462414923314,5.566675821635959
0.5,103250,photon,9,19.091373897733256,2,100000,0.96465,0.96465,0.03535,0.0,-17.04821199102292,7.946431213482286
0.5,103250,photon,9,19.091373897733256,3,100000,0.98958,0.98958,0.01042,0.0,-25.54061081431223,9.748538134885749
0.5,103250,photon,9,19.091373897733256,4,100000,0.99619,0.99619,0.00381,0.0,-34.03922056582375,11.241654669761212
0.5,103250,photon,9,19.091373897733256,5,100000,0.99884,0.99884,0.00116,0.0,-42.52554803742607,12.56374648542107
0.5,103250,photon,9,19.091373897733256,6,100000,0.99946,0.99946,0.00054,0.0,-50.97063737282633,13.796918918970588
0.5,103250,photon,9,19.091373897733256,7,100000,0.99981,0.99981,0.00019,0.0,-59.40538066306305,14.90479008496434
0.5,103250,photon,9,19.091373897733256,8,100000,0.99993,0.99993,7e-05,0.0,-67.85280274565315,15.897990459299017
0.5,103250,photon,9,19.091373897733256,9,100000,0.99997,0.99997,3e-05,0.0,-76.27419627713684,16.85782453139395
0.5,103250,photon,9,19.091373897733256,10,100000,0.99998,0.99998,2e-05,0.0,-84.73017311253808,17.77322103153437
0.5,103250,photon,9,19.091373897733256,11,100000,0.99999,0.99999,1e-05,0.0,-93.14462474694466,18.6730836319245
0.5,103250,photon,9,19.091373897733256,12,100000,0.99999,0.99999,1e-05,0.0,-101.59857230311077,19.519428034922534
0.5,103250,photon,10,22.155884475216027,1,100000,0.88557,0.88557,0.11443,0.0,-8.634383865688164,5.565886225568127
0.5,103250,photon,10,22.155884475216027,2,100000,0.96637,0.96637,0.03363,0.0,-17.174929135496527,7.910124854693095
0.5,103250,photon,10,22.155884475216027,3,100000,0.99001,0.99001,0.00999,0.0,-25.665419231344504,9.696721067474904
0.5,103250,photon,10,22.155884475216027,4,100000,0.99616,0.99616,0.00384,0.0,-34.183739053842885,11.226635973046278
0.5,103250,photon,10,22.155884475216027,5,100000,0.99859,0.99859,0.00141,0.0,-42.68478552726675,12.553900313159177
0.5,103250,photon,10,22.155884475216027,6,100000,0.9994,0.9994,0.0006,0.0,-51.1506406322884,13.753822546918444
0.5,103250,photon,10,22.155884475216027,7,100000,0.99974,0.99974,0.00026,0.0,-59.63236160825024,14.868264861870417
0.5,103250,photon,10,22.155884475216027,8,100000,0.99988,0.99988,0.00012,0.0,-68.0999149198688,15.932225815933869
0.5,103250,photon,10,22.155884475216027,9,100000,0.99996,0.99996,4e-05,0.0,-76.61349819740236,16.903024407517695
0.5,103250,photon,10,22.155884475216027,10,100000,1.0,1.0,0.0,0.0,-85.08638000947475,17.820023794438303
0.5,103250,photon,10,22.155884475216027,11,100000,1.0,1.0,0.0,0.0,-93.56606587121311,18.66259057600169
0.5,103250,photon,10,22.155884475216027,12,100000,1.0,1.0,0.0,0.0,-102.0571389009579,19.497617877963965
0.5,103250,photon,11,25.71230438985861,1,100000,0.88762,0.88762,0.11238,0.0,-8.654957403352888,5.544229438117471
0.5,103250,photon,11,25.71230438985861,2,100000,0.96645,0.96645,0.03355,0.0,-17.217201021094738,7.902796128990362
0.5,103250,photon,11,25.71230438985861,3,100000,0.99029,0.99029,0.00971,0.0,-25.721869231112414,9.679208798155493
0.5,103250,photon,11,25.71230438985861,4,100000,0.99671,0.99671,0.00329,0.0,-34.30013275901828,11.17032691524567
0.5,103250,photon,11,25.71230438985861,5,100000,0.99887,0.99887,0.00113,0.0,-42.82600075565188,12.498885168147241
0.5,103250,photon,11,25.71230438985861,6,100000,0.99955,0.99955,0.00045,0.0,-51.358352504056406,13.704435998152727
0.5,103250,photon,11,25.71230438985861,7,100000,0.99983,0.99983,0.00017,0.0,-59.93556156272815,14.821024310494522
0.5,103250,photon,11,25.71230438985861,8,100000,0.99993,0.99993,7e-05,0.0,-68.45872507257364,15.833375550750358
0.5,103250,photon,11,25.71230438985861,9,100000,0.99996,0.99996,4e-05,0.0,-76.9887044619853,16.773418452714523
0.5,103250,photon,11,25.71230438985861,10,100000,0.99998,0.99998,2e-05,0.0,-85.52799637725101,17.684549022267316
0.5,103250,photon,11,25.71230438985861,11,100000,0.99999,0.99999,1e-05,0.0,-94.06929173307218,18.538443969584847
0.5,103250,photon,11,25.71230438985861,12,100000,1.0,1.0,0.0,0.0,-102.5991890043707,19.38033407949516
0.5,103250,photon,12,29.839593981286804,1,100000,0.88778,0.88778,0.11222,0.0,-8.681083521688352,5.53113198503711
0.5,103250,photon,12,29.839593981286804,2,100000,0.96669,0.96669,0.03331,0.0,-17.292384137864367,7.8822321747054245
0.5,103250,photon,12,29.839593981286804,3,100000,0.99069,0.99069,0.00931,0.0,-25.882000787673945,9.661913539217506
0.5,103250,photon,12,29.839593981286804,4,100000,0.99655,0.99655,0.00345,0.0,-34.486020159001114,11.14701857020766
0.5,103250,photon,12,29.839593981286804,5,100000,0.99869,0.99869,0.00131,0.0,-43.04872028736389,12.464376216143641
0.5,103250,photon,12,29.839593981286804,6,100000,0.9995,0.9995,0.0005,0.0,-51.63776198576707,13.662288075420795
0.5,103250,photon,12,29.839593981286804,7,100000,0.99985,0.99985,0.00015,0.0,-60.21184194908417,14.76415246911863
0.5,103250,photon,12,29.839593981286804,8,100000,0.99994,0.99994,6e-05,0.0,-68.766903168342,15.795424817584292
0.5,103250,photon,12,29.839593981286804,9,100000,1.0,1.0,0.0,0.0,-77.34804121990673,16.7532791420413
0.5,103250,photon,12,29.839593981286804,10,100000,0.99999,0.99999,1e-05,0.0,-85.91866654545467,17.65954795909909
0.5,103250,photon,12,29.839593981286804,11,100000,1.0,1.0,0.0,0.0,-94.48900152030429,18.545590975929887
0.5,103250,photon,12,29.839593981286804,12,100000,1.0,1.0,0.0,0.0,-103.03414981631057,19.37382165009182
0.5,103250,photon,13,34.62938815080447,1,100000,0.88874,0.88874,0.11126,0.0,-8.717692932127695,5.510167816246896
0.5,103250,photon,13,34.62938815080447,2,100000,0.96825,0.96825,0.03175,0.0,-17.329796296360012,7.8463289384078925
0.5,103250,photon,13,34.62938815080447,3,100000,0.99114,0.99114,0.00886,0.0,-25.89534940985695,9.631033806275164
0.5,103250,photon,13,34.62938815080447,4,100000,0.9968,0.9968,0.0032,0.0,-34.507278984723186,11.126379327290268
0.5,103250,photon,13,34.62938815080447,5,100000,0.99878,0.99878,0.00122,0.0,-43.13078393667949,12.480786576249299
0.5,103250,photon,13,34.62938815080447,6,100000,0.99953,0.99953,0.00047,0.0,-51.72261325156489,13.685644484984833
0.5,103250,photon,13,34.62938815080447,7,100000,0.99989,0.99989,0.00011,0.0,-60.31511993978356,14.753017544746937
0.5,103250,photon,13,34.62938815080447,8,100000,0.99992,0.99992,8e-05,0.0,-68.91313990817022,15.764454998218538
0.5,103250,photon,13,34.62938815080447,9,100000,0.99998,0.99998,2e-05,0.0,-77.50001056067974,16.73107332617052
0.5,103250,photon,13,34.62938815080447,10,100000,1.0,1.0,0.0,0.0,-86.10396012832372,17.661890674645957
0.5,103250,photon,13,34.62938815080447,11,100000,1.0,1.0,0.0,0.0,-94.69230539562632,18.54309090731677
0.5,103250,photon,13,34.62938815080447,12,100000,1.0,1.0,0.0,0.0,-103.28438496456293,19.365174224013593
0.5,103250,photon,14,40.188030857629116,1,100000,0.89001,0.89001,0.10999,0.0,-8.747951983576524,5.495388709264078
0.5,103250,photon,14,40.188030857629116,2,100000,0.9695,0.9695,0.0305,0.0,-17.41838045803268,7.7925702865029525
0.5,103250,photon,14,40.188030857629116,3,100000,0.99123,0.99123,0.00877,0.0,-26.040052508492614,9.572036726401725
0.5,103250,photon,14,40.188030857629116,4,100000,0.99725,0.99725,0.00275,0.0,-34.661601766642214,11.04349621406079
0.5,103250,photon,14,40.188030857629116,5,100000,0.99898,0.99898,0.00102,0.0,-43.277727853489274,12.35850020549407
0.5,103250,photon,14,40.188030857629116,6,100000,0.9997,0.9997,0.0003,0.0,-51.88568338669327,13.556038672036328
0.5,103250,photon,14,40.188030857629116,7,100000,0.99983,0.99983,0.00017,0.0,-60.4998640663868,14.6401183345015
0.5,103250,photon,14,40.188030857629116,8,100000,0.99995,0.99995,5e-05,0.0,-69.06855527287021,15.673158134120156
0.5,103250,photon,14,40.188030857629116,9,100000,0.99999,0.99999,1e-05,0.0,-77.63393374616459,16.655752689887564
0.5,103250,photon,14,40.188030857629116,10,100000,0.99999,0.99999,1e-05,0.0,-86.2098945302631,17.565089431273233
0.5,103250,photon,14,40.188030857629116,11,100000,1.0,1.0,0.0,0.0,-94.7840687488523,18.42339504401276
0.5,103250,photon,14,40.188030857629116,12,100000,1.0,1.0,0.0,0.0,-103.40410301677065,19.230478667819387
0.5,103250,photon,15,46.63893618854568,1,100000,0.88927,0.88927,0.11073,0.0,-8.744150485852604,5.5063262376954585
0.5,103250,photon,15,46.63893618854568,2,100000,0.96817,0.96817,0.03183,0.0,-17.39890970798411,7.838009226777668
0.5,103250,photon,15,46.63893618854568,3,100000,0.99147,0.99147,0.00853,0.0,-26.01961249472308,9.567241235673475
0.5,103250,photon,15,46.63893618854568,4,100000,0.99713,0.99713,0.00287,0.0,-34.68912721148289,11.055596045759582
0.5,103250,photon,15,46.63893618854568,5,100000,0.99911,0.99911,0.00089,0.0,-43.319553128513235,12.381608448034187
0.5,103250,photon,15,46.63893618854568,6,100000,0.99962,0.99962,0.00038,0.0,-51.95188812969652,13.599128885452469
0.5,103250,photon,15,46.63893618854568,7,100000,0.99986,0.99986,0.00014,0.0,-60.58291272347698,14.713269897947185
0.5,103250,photon,15,46.63893618854568,8,100000,0.99997,0.99997,3e-05,0.0,-69.18532672882606,15.731230054217791
0.5,103250,photon,15,46.63893618854568,9,100000,0.99996,0.99996,4e-05,0.0,-77.83654524009405,16.697920909465758
0.5,103250,photon,15,46.63893618854568,10,100000,0.99999,0.99999,1e-05,0.0,-86.48530100433307,17.59970750914987
0.5,103250,photon,15,46.63893618854568,11,100000,0.99999,0.99999,1e-05,0.0,-95.12506094674023,18.448908291879473
0.5,103250,photon,15,46.63893618854568,12,100000,1.0,1.0,0.0,0.0,-103.76189732047067,19.27947003755315
0.5,103250,photon,16,54.125328421915114,1,100000,0.8917,0.8917,0.1083,0.0,-8.777818721799775,5.472295955808657
0.5,103250,photon,16,54.125328421915114,2,100000,0.96957,0.96957,0.03043,0.0,-17.498972852573303,7.790391462747436
0.5,103250,photon,16,54.125328421915114,3,100000,0.99135,0.99135,0.00865,0.0,-26.134126453047124,9.557904929921463
0.5,103250,photon,16,54.125328421915114,4,100000,0.99723,0.99723,0.00277,0.0,-34.80831696033242,11.053218639289112
0.5,103250,photon,16,54.125328421915114,5,100000,0.99897,0.99897,0.00103,0.0,-43.450683568862246,12.381028747530463
0.5,103250,photon,16,54.125328421915114,6,100000,0.9996,0.9996,0.0004,0.0,-52.08307849615569,13.581003736122657
0.5,103250,photon,16,54.125328421915114,7,100000,0.99985,0.99985,0.00015,0.0,-60.71901471548695,14.676473978932423
0.5,103250,photon,16,54.125328421915114,8,100000,0.99997,0.99997,3e-05,0.0,-69.35537357638393,15.702756095718447
0.5,103250,photon,16,54.125328421915114,9,100000,1.0,1.0,0.0,0.0,-77.9964693777054,16.649743794232062
0.5,103250,photon,16,54.125328421915114,10,100000,1.0,1.0,0.0,0.0,-86.65707227656297,17.56516778393681
0.5,103250,photon,16,54.125328421915114,11,100000,1.0,1.0,0.0,0.0,-95.2817188827279,18.450727326411837
0.5,103250,photon,16,54.125328421915114,12,100000,1.0,1.0,0.0,0.0,-103.93045455809197,19.27840994917732
0.5,103250,photon,17,62.813421921481506,1,100000,0.89267,0.89267,0.10733,0.0,-8.801911726407042,5.459327534842185
0.5,103250,photon,17,62.813421921481506,2,100000,0.96993,0.96993,0.03007,0.0,-17.507599961007354,7.767297789110819
0.5,103250,photon,17,62.813421921481506,3,100000,0.99077,0.99077,0.00923,0.0,-26.1704704171744,9.550206334190499
0.5,103250,photon,17,62.813421921481506,4,100000,0.997,0.997,0.003,0.0,-34.8826831654448,11.017430723807355
0.5,103250,photon,17,62.813421921481506,5,100000,0.9991,0.9991,0.0009,0.0,-43.573564204482075,12.315261290467328
0.5,103250,photon,17,62.813421921481506,6,100000,0.99972,0.99972,0.00028,0.0,-52.26625150754277,13.530434861753339
0.5,103250,photon,17,62.813421921481506,7,100000,0.99993,0.99993,7e-05,0.0,-60.95963040098807,14.626795713206823
0.5,103250,photon,17,62.813421921481506,8,100000,0.99998,0.99998,2e-05,0.0,-69.62492051610825,15.614640687646611
0.5,103250,photon,17,62.813421921481506,9,100000,0.99998,0.99998,2e-05,0.0,-78.31325820417918,16.565865673964844
0.5,103250,photon,17,62.813421921481506,10,100000,0.99998,0.99998,2e-05,0.0,-86.96188923279443,17.472156913429213
0.5,103250,photon,17,62.813421921481506,11,100000,1.0,1.0,0.0,0.0,-95.60565666645391,18.33835642525219
0.5,103250,photon,17,62.813421921481506,12,100000,1.0,1.0,0.0,0.0,-104.26779255741985,19.14665948954809
0.5,103250,photon,18,72.89611146061016,1,100000,0.89119,0.89119,0.10881,0.0,-8.796932499584337,5.473986795117332
0.5,103250,photon,18,72.89611146061016,2,100000,0.96925,0.96925,0.03075,0.0,-17.504276509005827,7.791025621655208
0.5,103250,photon,18,72.89611146061016,3,100000,0.99148,0.99148,0.00852,0.0,-26.217831734043237,9.550468508035665
0.5,103250,photon,18,72.89611146061016,4,100000,0.99718,0.99718,0.00282,0.0,-34.92924431932502,11.011220651024502
0.5,103250,photon,18,72.89611146061016,5,100000,0.99913,0.99913,0.00087,0.0,-43.60760703886896,12.32884012844685
0.5,103250,photon,18,72.89611146061016,6,100000,0.99968,0.99968,0.00032,0.0,-52.25797694616012,13.550848417318782
0.5,103250,photon,18,72.89611146061016,7,100000,0.99991,0.99991,9e-05,0.0,-60.93137155545596,14.653616121583
0.5,103250,photon,18,72.89611146061016,8,100000,0.99997,0.99997,3e-05,0.0,-69.62431594156253,15.656344572882457
0.5,103250,photon,18,72.89611146061016,9,100000,1.0,1.0,0.0,0.0,-78.29068598121641,16.5955367833345
0.5,103250,photon,18,72.89611146061016,10,100000,1.0,1.0,0.0,0.0,-86.9670095124316,17.512497561199023
0.5,103250,photon,18,72.89611146061016,11,100000,1.0,1.0,0.0,0.0,-95.6453278776024,18.389833597369666
0.5,103250,photon,18,72.89611146061016,12,100000,1.0,1.0,0.0,0.0,-104.34728940795465,19.223131964885816
0.5,103250,photon,19,84.59725491026656,1,100000,0.89294,0.89294,0.10706,0.0,-8.82098304261993,5.449544997875053
0.5,103250,photon,19,84.59725491026656,2,100000,0.96961,0.96961,0.03039,0.0,-17.517428361943498,7.786641502107706
0.5,103250,photon,19,84.59725491026656,3,100000,0.99078,0.99078,0.00922,0.0,-26.192023960418627,9.596001510476343
0.5,103250,photon,19,84.59725491026656,4,100000,0.99666,0.99666,0.00334,0.0,-34.88926109003439,11.084725187778998
0.5,103250,photon,19,84.59725491026656,5,100000,0.9988,0.9988,0.0012,0.0,-43.5742906844584,12.401337863560752
0.5,103250,photon,19,84.59725491026656,6,100000,0.99948,0.99948,0.00052,0.0,-52.238842011678585,13.575803647220102
0.5,103250,photon,19,84.59725491026656,7,100000,0.99984,0.99984,0.00016,0.0,-60.9263082548394,14.67701743857091
0.5,103250,photon,19,84.59725491026656,8,100000,0.99996,0.99996,4e-05,0.0,-69.62457972839795,15.707527738530434
0.5,103250,photon,19,84.59725491026656,9,100000,0.99998,0.99998,2e-05,0.0,-78.32360884012455,16.651764094889582
0.5,103250,photon,19,84.59725491026656,10,100000,0.99999,0.99999,1e-05,0.0,-87.00982850335889,17.528497460755304
0.5,103250,photon,19,84.59725491026656,11,100000,1.0,1.0,0.0,0.0,-95.68283556936869,18.37466624878055
0.5,103250,photon,19,84.59725491026656,12,100000,1.0,1.0,0.0,0.0,-104.36081966728064,19.199975576194078
0.5,103250,su2,0,4.999999999999999,1,100000,0.92374,0.07626,0.92374,0.0,3.896405060013286,2.162249359160705
0.5,103250,su2,0,4.999999999999999,2,100000,0.9784,0.0216,0.9784,0.0,7.772951290449249,3.059763944476858
0.5,103250,su2,0,4.999999999999999,3,100000,0.99117,0.00883,0.99117,0.0,11.644470248380017,3.751274739762919
0.5,103250,su2,0,4.999999999999999,4,100000,0.99613,0.00387,0.99613,0.0,15.52107656992551,4.329998129137257
0.5,103250,su2,0,4.999999999999999,5,100000,0.99824,0.00176,0.99824,0.0,19.39386923259126,4.842454924507472
0.5,103250,su2,0,4.999999999999999,6,100000,0.99933,0.00067,0.99933,0.0,23.26664768945734,5.309844254004203
0.5,103250,su2,0,4.999999999999999,7,100000,0.99977,0.00023,0.99977,0.0,27.13505353320547,5.735560321085674
0.5,103250,su2,0,4.999999999999999,8,100000,0.99992,8e-05,0.99992,0.0,31.00173838617963,6.142007616722096
0.5,103250,su2,0,4.999999999999999,9,100000,0.99996,4e-05,0.99996,0.0,34.862250339844415,6.514406218608309
0.5,103250,su2,0,4.999999999999999,10,100000,1.0,0.0,1.0,0.0,38.720868697197595,6.8856477659346025
0.5,103250,su2,0,4.999999999999999,11,100000,0.99999,1e-05,0.99999,0.0,42.5937780772297,7.222861339359262
0.5,103250,su2,0,4.999999999999999,12,100000,1.0,0.0,1.0,0.0,46.470346700633684,7.55198817938781
0.5,103250,su2,1,6.215947142787869,1,100000,0.92089,0.07911,0.92089,0.0,3.8698686110454377,2.182172623839457
0.5,103250,su2,1,6.215947142787869,2,100000,0.97734,0.02266,0.97734,0.0,7.717000275295498,3.0870602704410155
0.5,103250,su2,1,6.215947142787869,3,100000,0.99061,0.00939,0.99061,0.0,11.572723849982628,3.775250898164903
0.5,103250,su2,1,6.215947142787869,4,100000,0.99609,0.00391,0.99609,0.0,15.430072491055446,4.353852414166381
0.5,103250,su2,1,6.215947142787869,5,100000,0.99829,0.00171,0.99829,0.0,19.280728515816502,4.871881794274541
0.5,103250,su2,1,6.215947142787869,6,100000,0.99926,0.00074,0.99926,0.0,23.138962742583637,5.345503035512601
0.5,103250,su2,1,6.215947142787869,7,100000,0.99972,0.00028,0.99972,0.0,26.988192167062966,5.777601824334632
0.5,103250,su2,1,6.215947142787869,8,100000,0.99993,7e-05,0.99993,0.0,30.846489494612886,6.176922324095841
0.5,103250,su2,1,6.215947142787869,9,100000,0.99996,4e-05,0.99996,0.0,34.69612175641931,6.554243722628429
0.5,103250,su2,1,6.215947142787869,10,100000,0.99998,2e-05,0.99998,0.0,38.553099089753644,6.924494133568439
0.5,103250,su2,1,6.215947142787869,11,100000,0.99999,1e-05,0.99999,0.0,42.411944613794276,7.250181010312475
0.5,103250,su2,1,6.215947142787869,12,100000,1.0,0.0,1.0,0.0,46.243539506048094,7.5686393759172965
0.5,103250,su2,2,7.727599776386536,1,100000,0.92237,0.07763,0.92237,0.0,3.877655302372287,2.172731523474842
0.5,103250,su2,2,7.727599776386536,2,100000,0.977,0.023,0.977,0.0,7.7233490077966,3.091918752790913
0.5,103250,su2,2,7.727599776386536,3,100000,0.9905,0.0095,0.9905,0.0,11.57913268453745,3.789770443977073
0.5,103250,su2,2,7.727599776386536,4,100000,0.9957,0.0043,0.9957,0.0,15.414776762515041,4.395193951020649
0.5,103250,su2,2,7.727599776386536,5,100000,0.99818,0.00182,0.99818,0.0,19.256267254608353,4.912588584242894
0.5,103250,su2,2,7.727599776386536,6,100000,0.9993,0.0007,0.9993,0.0,23.093555355218484,5.376710915357875
0.5,103250,su2,2,7.727599776386536,7,100000,0.99967,0.00033,0.99967,0.0,26.926157614608687,5.797270898905496
0.5,103250,su2,2,7.727599776386536,8,100000,0.99985,0.00015,0.99985,0.0,30.7745757743709,6.193509165886257
0.5,103250,su2,2,7.727599776386536,9,100000,0.9999,0.0001,0.9999,0.0,34.614397560766,6.562303915105722
0.5,103250,su2,2,7.727599776386536,10,100000,0.99994,6e-05,0.99994,0.0,38.4497433637085,6.914633578642646
0.5,103250,su2,2,7.727599776386536,11,100000,0.99997,3e-05,0.99997,0.0,42.27551470351657,7.258191924749712
0.5,103250,su2,2,7.727599776386536,12,100000,0.99999,1e-05,0.99999,0.0,46.11160542660058,7.581633340535184
0.5,103250,su2,3,9.606870350127615,1,100000,0.92166,0.07834,0.92166,0.0,3.8553919695300523,2.1890176936242414
0.5,103250,su2,3,9.606870350127615,2,100000,0.9766,0.0234,0.9766,0.0,7.692646583605755,3.0964570967586487
0.5,103250,su2,3,9.606870350127615,3,100000,0.99086,0.00914,0.99086,0.0,11.531028770655897,3.788681529789662
0.5,103250,su2,3,9.606870350127615,4,100000,0.99581,0.00419,0.99581,0.0,15.358334645048874,4.3836777784091705
0.5,103250,su2,3,9.606870350127615,5,100000,0.99812,0.00188,0.99812,0.0,19.196170635976184,4.89982467609196
0.5,103250,su2,3,9.606870350127615,6,100000,0.99904,0.00096,0.99904,0.0,23.03511353262441,5.37627327300978
0.5,103250,su2,3,9.606870350127615,7,100000,0.99959,0.00041,0.99959,0.0,26.86156168801696,5.812819257552153
0.5,103250,su2,3,9.606870350127615,8,100000,0.99977,0.00023,0.99977,0.0,30.6933855017209,6.224814070633862
0.5,103250,su2,3,9.606870350127615,9,100000,0.99992,8e-05,0.99992,0.0,34.51121039589533,6.603547314717522
0.5,103250,su2,3,9.606870350127615,10,100000,0.99993,7e-05,0.99993,0.0,38.34273684247142,6.96158785046505
0.5,103250,su2,3,9.606870350127615,11,100000,0.99996,4e-05,0.99996,0.0,42.15640650809491,7.313473914056498
0.5,103250,su2,3,9.606870350127615,12,100000,0.99997,3e-05,0.99997,0.0,45.975881239179365,7.634230352831528
0.5,103250,su2,4,11.943159660801848,1,100000,0.92052,0.07948,0.92052,0.0,3.8552991880702683,2.186177796260142
0.5,103250,su2,4,11.943159660801848,2,100000,0.97686,0.02314,0.97686,0.0,7.692576132010339,3.102142998382911
0.5,103250,su2,4,11.943159660801848,3,100000,0.99044,0.00956,0.99044,0.0,11.519865724888696,3.801479242793289
0.5,103250,su2,4,11.943159660801848,4,100000,0.99559,0.00441,0.99559,0.0,15.34466606676443,4.405501695201383
0.5,103250,su2,4,11.943159660801848,5,100000,0.99799,0.00201,0.99799,0.0,19.157972403765505,4.941800285856922
0.5,103250,su2,4,11.943159660801848,6,100000,0.99908,0.00092,0.99908,0.0,22.986786180940737,5.410396133034024
0.5,103250,su2,4,11.943159660801848,7,100000,0.99962,0.00038,0.99962,0.0,26.81202075172398,5.850373975970207
0.5,103250,su2,4,11.943159660801848,8,100000,0.99987,0.00013,0.99987,0.0,30.634864600927067,6.255734085225992
0.5,103250,su2,4,11.943159660801848,9,100000,0.99992,8e-05,0.99992,0.0,34.458551980069984,6.631784077492107
0.5,103250,su2,4,11.943159660801848,10,100000,0.99995,5e-05,0.99995,0.0,38.280949904694346,6.985384834945292
0.5,103250,su2,4,11.943159660801848,11,100000,0.99997,3e-05,0.99997,0.0,42.11327732726565,7.320000677490788
0.5,103250,su2,4,11.943159660801848,12,100000,1.0,0.0,1.0,0.0,45.93012822111139,7.6281854474617825
0.5,103250,su2,5,14.84760983388412,1,100000,0.91881,0.08119,0.91881,0.0,3.839735123692185,2.2019222576526607
0.5,103250,su2,5,14.84760983388412,2,100000,0.97612,0.02388,0.97612,0.0,7.654842444220532,3.120985520960259
0.5,103250,su2,5,14.84760983388412,3,100000,0.98969,0.01031,0.98969,0.0,11.474645747622512,3.8279387302434777
0.5,103250,su2,5,14.84760983388412,4,100000,0.99572,0.00428,0.99572,0.0,15.292930768701009,4.414826690775719
0.5,103250,su2,5,14.84760983388412,5,100000,0.99801,0.00199,0.99801,0.0,19.1007726227849,4.939794855410762
0.5,103250,su2,5,14.84760983388412,6,100000,0.99912,0.00088,0.99912,0.0,22.926092510358643,5.402708741503482
0.5,103250,su2,5,14.84760983388412,7,100000,0.99964,0.00036,0.99964,0.0,26.74012190384973,5.8370368756595346
0.5,103250,su2,5,14.84760983388412,8,100000,0.99981,0.00019,0.99981,0.0,30.549018620882798,6.257613007869418
0.5,103250,su2,5,14.84760983388412,9,100000,0.99996,4e-05,0.99996,0.0,34.3635567590031,6.647332338396835
0.5,103250,su2,5,14.84760983388412,10,100000,0.99997,3e-05,0.99997,0.0,38.180626923983894,7.017576352198549
0.5,103250,su2,5,14.84760983388412,11,100000,0.99999,1e-05,0.99999,0.0,41.99816433567405,7.356368249533312
0.5,103250,su2,5,14.84760983388412,12,100000,1.0,0.0,1.0,0.0,45.81220714964979,7.680420706877489
0.5,103250,su2,6,18.458391584832217,1,100000,0.91766,0.08234,0.91766,0.0,3.8208466168133066,2.2218304891294567
0.5,103250,su2,6,18.458391584832217,2,100000,0.97574,0.02426,0.97574,0.0,7.635300017990531,3.139168210839864
0.5,103250,su2,6,18.458391584832217,3,100000,0.9892,0.0108,0.9892,0.0,11.437466376087727,3.8476523324388543
0.5,103250,su2,6,18.458391584832217,4,100000,0.99472,0.00528,0.99472,0.0,15.250038103929302,4.463514645786995
0.5,103250,su2,6,18.458391584832217,5,100000,0.99753,0.00247,0.99753,0.0,19.052195629641098,4.994745498286507
0.5,103250,su2,6,18.458391584832217,6,100000,0.99889,0.00111,0.99889,0.0,22.866936480985782,5.473454371298584
0.5,103250,su2,6,18.458391584832217,7,100000,0.99955,0.00045,0.99955,0.0,26.675784301129294,5.909815401884873
0.5,103250,su2,6,18.458391584832217,8,100000,0.99973,0.00027,0.99973,0.0,30.484460256080222,6.318628282943519
0.5,103250,su2,6,18.458391584832217,9,100000,0.99985,0.00015,0.99985,0.0,34.297847576138956,6.6958871687782375
0.5,103250,su2,6,18.458391584832217,10,100000,0.99994,6e-05,0.99994,0.0,38.11433321817008,7.049214188339321
0.5,103250,su2,6,18.458391584832217,11,100000,0.99996,4e-05,0.99996,0.0,41.913273581694085,7.396674973591593
0.5,103250,su2,6,18.458391584832217,12,100000,0.99999,1e-05,0.99999,0.0,45.70735417239146,7.721111126151941
0.5,103250,su2,7,22.947277286439505,1,100000,0.91867,0.08133,0.91867,0.0,3.83481998435665,2.2165046987166392
0.5,103250,su2,7,22.947277286439505,2,100000,0.97571,0.02429,0.97571,0.0,7.641188727306456,3.1376830606733237
0.5,103250,su2,7,22.947277286439505,3,100000,0.98991,0.01009,0.98991,0.0,11.450120581059105,3.837385429986193
0.5,103250,su2,7,22.947277286439505,4,100000,0.99487,0.00513,0.99487,0.0,15.242734154802411,4.440560603578507
0.5,103250,su2,7,22.947277286439505,5,100000,0.99764,0.00236,0.99764,0.0,19.05180377914067,4.979097567681751
0.5,103250,su2,7,22.947277286439505,6,100000,0.99903,0.00097,0.99903,0.0,22.86151014506844,5.456642166902853
0.5,103250,su2,7,22.947277286439505,7,100000,0.99963,0.00037,0.99963,0.0,26.656695893968884,5.903600730134302
0.5,103250,su2,7,22.947277286439505,8,100000,0.99989,0.00011,0.99989,0.0,30.467173337076854,6.298267718938151
0.5,103250,su2,7,22.947277286439505,9,100000,0.99996,4e-05,0.99996,0.0,34.259905103306394,6.686297588859988
0.5,103250,su2,7,22.947277286439505,10,100000,0.99998,2e-05,0.99998,0.0,38.06305568933143,7.056543581659279
0.5,103250,su2,7,22.947277286439505,11,100000,0.99999,1e-05,0.99999,0.0,41.88132330250461,7.385734879286939
0.5,103250,su2,7,22.947277286439505,12,100000,1.0,0.0,1.0,0.0,45.6933189353159,7.722110674003842
0.5,103250,su2,8,28.527812536680912,1,100000,0.91618,0.08382,0.91618,0.0,3.8172297654313105,2.2350904785683996
0.5,103250,su2,8,28.527812536680912,2,100000,0.97602,0.02398,0.97602,0.0,7.629325083859308,3.133730777165352
0.5,103250,su2,8,28.527812536680912,3,100000,0.98927,0.01073,0.98927,0.0,11.438845097104986,3.838851803651812
0.5,103250,su2,8,28.527812536680912,4,100000,0.9949,0.0051,0.9949,0.0,15.252156521916747,4.444493536351004
0.5,103250,su2,8,28.527812536680912,5,100000,0.99769,0.00231,0.99769,0.0,19.04569705085534,4.976957024350085
0.5,103250,su2,8,28.527812536680912,6,100000,0.99903,0.00097,0.99903,0.0,22.85125521143366,5.453827560569494
0.5,103250,su2,8,28.527812536680912,7,100000,0.9995,0.0005,0.9995,0.0,26.645663126490117,5.898198381258504
0.5,103250,su2,8,28.527812536680912,8,100000,0.99978,0.00022,0.99978,0.0,30.448301059009097,6.297206122981793
0.5,103250,su2,8,28.527812536680912,9,100000,0.99991,9e-05,0.99991,0.0,34.2505485454627,6.67462516796367
0.5,103250,su2,8,28.527812536680912,10,100000,0.99997,3e-05,0.99997,0.0,38.05010967078512,7.026155513744622
0.5,103250,su2,8,28.527812536680912,11,100000,0.99999,1e-05,0.99999,0.0,41.840719019454305,7.380458833289977
0.5,103250,su2,8,28.527812536680912,12,100000,1.0,0.0,1.0,0.0,45.645951519422404,7.7101403965578825
0.5,103250,su2,9,35.46547496547396,1,100000,0.91824,0.08176,0.91824,0.0,3.8344468126752176,2.2190216380531216
0.5,103250,su2,9,35.46547496547396,2,100000,0.97464,0.02536,0.97464,0.0,7.6356722768011425,3.148671544371665
0.5,103250,su2,9,35.46547496547396,3,100000,0.98939,0.01061,0.98939,0.0,11.444742411685374,3.846175825475513
0.5,103250,su2,9,35.46547496547396,4,100000,0.99523,0.00477,0.99523,0.0,15.264725681391896,4.433808519344916
0.5,103250,su2,9,35.46547496547396,5,100000,0.99802,0.00198,0.99802,0.0,19.068920553904533,4.954871249029
0.5,103250,su2,9,35.46547496547396,6,100000,0.99931,0.00069,0.99931,0.0,22.881991915470934,5.420515775272582
0.5,103250,su2,9,35.46547496547396,7,100000,0.99977,0.00023,0.99977,0.0,26.67347541550251,5.848822451338005
0.5,103250,su2,9,35.46547496547396,8,100000,0.99989,0.00011,0.99989,0.0,30.482012018260033,6.253790639988827
0.5,103250,su2,9,35.46547496547396,9,100000,0.99994,6e-05,0.99994,0.0,34.28020844427453,6.642028876697074
0.5,103250,su2,9,35.46547496547396,10,100000,0.99998,2e-05,0.99998,0.0,38.09144417239286,7.014648269914737
0.5,103250,su2,9,35.46547496547396,11,100000,1.0,0.0,1.0,0.0,41.87957626090132,7.360799490260164
0.5,103250,su2,9,35.46547496547396,12,100000,1.0,0.0,1.0,0.0,45.67027967179491,7.690022880704031
0.5,103250,su2,10,44.09030355585049,1,100000,0.9185,0.0815,0.9185,0.0,3.82169382958242,2.2285073204063277
0.5,103250,su2,10,44.09030355585049,2,100000,0.97438,0.02562,0.97438,0.0,7.632896425946491,3.1423927554191393
0.5,103250,su2,10,44.09030355585049,3,100000,0.98924,0.01076,0.98924,0.0,11.452825457415187,3.840012825143442
0.5,103250,su2,10,44.09030355585049,4,100000,0.99518,0.00482,0.99518,0.0,15.251564550800857,4.440332544309944
0.5,103250,su2,10,44.09030355585049,5,100000,0.99789,0.00211,0.99789,0.0,19.05474953678985,4.972317930453451
0.5,103250,su2,10,44.09030355585049,6,100000,0.99896,0.00104,0.99896,0.0,22.866581230832978,5.434205419013112
0.5,103250,su2,10,44.09030355585049,7,100000,0.99962,0.00038,0.99962,0.0,26.681462540928727,5.8642318887310925
0.5,103250,su2,10,44.09030355585049,8,100000,0.99985,0.00015,0.99985,0.0,30.482863582661814,6.2612922501025245
0.5,103250,su2,10,44.09030355585049,9,100000,0.99997,3e-05,0.99997,0.0,34.281977179148484,6.638923987863634
0.5,103250,su2,10,44.09030355585049,10,100000,0.99999,1e-05,0.99999,0.0,38.0896778276385,7.006230801745757
0.5,103250,su2,10,44.09030355585049,11,100000,0.99998,2e-05,0.99998,0.0,41.8937585387776,7.348522496017491
0.5,103250,su2,10,44.09030355585049,12,100000,1.0,0.0,1.0,0.0,45.69351695876776,7.671884155819922
0.5,103250,su2,11,54.81259928252777,1,100000,0.91723,0.08277,0.91723,0.0,3.815429062958053,2.2320003141434337
0.5,103250,su2,11,54.81259928252777,2,100000,0.97502,0.02498,0.97502,0.0,7.626482575672091,3.149356576945856
0.5,103250,su2,11,54.81259928252777,3,100000,0.98902,0.01098,0.98902,0.0,11.426461771429965,3.8625275614235557
0.5,103250,su2,11,54.81259928252777,4,100000,0.9949,0.0051,0.9949,0.0,15.224248028048072,4.453713741945766
0.5,103250,su2,11,54.81259928252777,5,100000,0.99782,0.00218,0.99782,0.0,19.020106414022116,4.971806422658086
0.5,103250,su2,11,54.81259928252777,6,100000,0.99911,0.00089,0.99911,0.0,22.81826439067603,5.443183854344272
0.5,103250,su2,11,54.81259928252777,7,100000,0.99965,0.00035,0.99965,0.0,26.619048931489473,5.886041556890609
0.5,103250,su2,11,54.81259928252777,8,100000,0.99984,0.00016,0.99984,0.0,30.412753570244828,6.296470067115075
0.5,103250,su2,11,54.81259928252777,9,100000,0.99997,3e-05,0.99997,0.0,34.21392491105961,6.675061597978868
0.5,103250,su2,11,54.81259928252777,10,100000,0.99998,2e-05,0.99998,0.0,38.01468027654177,7.043817333284064
0.5,103250,su2,11,54.81259928252777,11,100000,1.0,0.0,1.0,0.0,41.80321244177803,7.390694091103959
0.5,103250,su2,11,54.81259928252777,12,100000,1.0,0.0,1.0,0.0,45.6012359291849,7.697640269387154
0.5,103250,su2,12,68.14244397980099,1,100000,0.91583,0.08417,0.91583,0.0,3.81312663197093,2.2343273561789765
0.5,103250,su2,12,68.14244397980099,2,100000,0.97421,0.02579,0.97421,0.0,7.626600304437769,3.15158172668946
0.5,103250,su2,12,68.14244397980099,3,100000,0.98896,0.01104,0.98896,0.0,11.42120168832714,3.8639455890980763
0.5,103250,su2,12,68.14244397980099,4,100000,0.99523,0.00477,0.99523,0.0,15.218702160865279,4.445244973093158
0.5,103250,su2,12,68.14244397980099,5,100000,0.99792,0.00208,0.99792,0.0,19.02336897206962,4.959620610147791
0.5,103250,su2,12,68.14244397980099,6,100000,0.99911,0.00089,0.99911,0.0,22.804328604000847,5.446058098431224
0.5,103250,su2,12,68.14244397980099,7,100000,0.99966,0.00034,0.99966,0.0,26.598695328941638,5.880919164856811
0.5,103250,su2,12,68.14244397980099,8,100000,0.9998,0.0002,0.9998,0.0,30.391812192894918,6.289898935675123
0.5,103250,su2,12,68.14244397980099,9,100000,0.99994,6e-05,0.99994,0.0,34.18420609526546,6.6694028761789115
0.5,103250,su2,12,68.14244397980099,10,100000,0.99997,3e-05,0.99997,0.0,37.98569258761927,7.024095548457754
0.5,103250,su2,12,68.14244397980099,11,100000,0.99999,1e-05,0.99999,0.0,41.77735915304982,7.359071218587429
0.5,103250,su2,12,68.14244397980099,12,100000,0.99999,1e-05,0.99999,0.0,45.57837118679779,7.673386579015531
0.5,103250,su2,13,84.71396599176529,1,100000,0.91701,0.08299,0.91701,0.0,3.818505410451474,2.2291262627553037
0.5,103250,su2,13,84.71396599176529,2,100000,0.97435,0.02565,0.97435,0.0,7.616402728156846,3.169034987565417
0.5,103250,su2,13,84.71396599176529,3,100000,0.98848,0.01152,0.98848,0.0,11.422313303729343,3.8780270416672606
0.5,103250,su2,13,84.71396599176529,4,100000,0.99444,0.00556,0.99444,0.0,15.218474713843097,4.472190586496962
0.5,103250,su2,13,84.71396599176529,5,100000,0.99752,0.00248,0.99752,0.0,19.008707313497286,4.997657324673854
0.5,103250,su2,13,84.71396599176529,6,100000,0.99889,0.00111,0.99889,0.0,22.8045398144095,5.481407042125538
0.5,103250,su2,13,84.71396599176529,7,100000,0.99945,0.00055,0.99945,0.0,26.59569251633747,5.926501783139725
0.5,103250,su2,13,84.71396599176529,8,100000,0.99975,0.00025,0.99975,0.0,30.385453540425225,6.338146652631327
0.5,103250,su2,13,84.71396599176529,9,100000,0.99994,6e-05,0.99994,0.0,34.17391579863726,6.730707636320208
0.5,103250,su2,13,84.71396599176529,10,100000,0.99997,3e-05,0.99997,0.0,37.96061856763054,7.094923169271448
0.5,103250,su2,13,84.71396599176529,11,100000,1.0,0.0,1.0,0.0,41.75294821746212,7.438976687476533
0.5,103250,su2,13,84.71396599176529,12,100000,1.0,0.0,1.0,0.0,45.54116873498426,7.769770821764665
0.5,103250,su2,14,105.31550697214851,1,100000,0.91636,0.08364,0.91636,0.0,3.8121319381849097,2.2229161750038986
0.5,103250,su2,14,105.31550697214851,2,100000,0.97447,0.02553,0.97447,0.0,7.609023747251739,3.1451674980577087
0.5,103250,su2,14,105.31550697214851,3,100000,0.98901,0.01099,0.98901,0.0,11.3978373318814,3.853193865885336
0.5,103250,su2,14,105.31550697214851,4,100000,0.9952,0.0048,0.9952,0.0,15.201339487991255,4.449938346236437
0.5,103250,su2,14,105.31550697214851,5,100000,0.99779,0.00221,0.99779,0.0,18.99039406366059,4.981337323054972
0.5,103250,su2,14,105.31550697214851,6,100000,0.99903,0.00097,0.99903,0.0,22.774816672810715,5.4620510846549655
0.5,103250,su2,14,105.31550697214851,7,100000,0.99958,0.00042,0.99958,0.0,26.57052970317671,5.904215248259412
0.5,103250,su2,14,105.31550697214851,8,100000,0.99975,0.00025,0.99975,0.0,30.355089200884887,6.309426719745402
0.5,103250,su2,14,105.31550697214851,9,100000,0.99986,0.00014,0.99986,0.0,34.151435699100006,6.679053804139297
0.5,103250,su2,14,105.31550697214851,10,100000,0.99996,4e-05,0.99996,0.0,37.94987359305942,7.042803159250014
0.5,103250,su2,14,105.31550697214851,11,100000,0.99998,2e-05,0.99998,0.0,41.73443296009009,7.393003403150184
0.5,103250,su2,14,105.31550697214851,12,100000,1.0,0.0,1.0,0.0,45.51205421913411,7.727257488534559
0.5,103250,su2,15,130.92712493095644,1,100000,0.91755,0.08245,0.91755,0.0,3.823338888398159,2.216275968450411
0.5,103250,su2,15,130.92712493095644,2,100000,0.9744,0.0256,0.9744,0.0,7.6320965227704365,3.1455267821344606
0.5,103250,su2,15,130.92712493095644,3,100000,0.98869,0.01131,0.98869,0.0,11.430286427127204,3.8504537651394806
0.5,103250,su2,15,130.92712493095644,4,100000,0.99513,0.00487,0.99513,0.0,15.230204774128453,4.437520534555944
0.5,103250,su2,15,130.92712493095644,5,100000,0.99785,0.00215,0.99785,0.0,19.01408215853296,4.952982549526891
0.5,103250,su2,15,130.92712493095644,6,100000,0.99896,0.00104,0.99896,0.0,22.80449233685919,5.429695220811135
0.5,103250,su2,15,130.92712493095644,7,100000,0.9996,0.0004,0.9996,0.0,26.60898143939503,5.85371740775696
0.5,103250,su2,15,130.92712493095644,8,100000,0.99985,0.00015,0.99985,0.0,30.411796433059248,6.260835934345985
0.5,103250,su2,15,130.92712493095644,9,100000,0.99994,6e-05,0.99994,0.0,34.216444990638934,6.640574277896153
0.5,103250,su2,15,130.92712493095644,10,100000,0.99998,2e-05,0.99998,0.0,38.019533215418946,6.998929544851013
0.5,103250,su2,15,130.92712493095644,11,100000,1.0,0.0,1.0,0.0,41.8262232674149,7.351419985717202
0.5,103250,su2,15,130.92712493095644,12,100000,1.0,0.0,1.0,0.0,45.61914533429491,7.678989270068237
0.5,103250,su2,16,162.76721762560175,1,100000,0.91648,0.08352,0.91648,0.0,3.8185840495990973,2.2212551660804234
0.5,103250,su2,16,162.76721762560175,2,100000,0.97515,0.02485,0.97515,0.0,7.629646508850126,3.1405220498494377
0.5,103250,su2,16,162.76721762560175,3,100000,0.98941,0.01059,0.98941,0.0,11.4301523024265,3.848076283703421
0.5,103250,su2,16,162.76721762560175,4,100000,0.99538,0.00462,0.99538,0.0,15.224523266338412,4.445115915697563
0.5,103250,su2,16,162.76721762560175,5,100000,0.99791,0.00209,0.99791,0.0,19.00422367465093,4.978344141367247
0.5,103250,su2,16,162.76721762560175,6,100000,0.99902,0.00098,0.99902,0.0,22.80611335032986,5.438680903883861
0.5,103250,su2,16,162.76721762560175,7,100000,0.99965,0.00035,0.99965,0.0,26.603620764484145,5.873083597893833
0.5,103250,su2,16,162.76721762560175,8,100000,0.99989,0.00011,0.99989,0.0,30.38319258073996,6.2845909371101625
0.5,103250,su2,16,162.76721762560175,9,100000,0.99992,8e-05,0.99992,0.0,34.16968105140069,6.669467400821836
0.5,103250,su2,16,162.76721762560175,10,100000,0.99994,6e-05,0.99994,0.0,37.96922630133172,7.02770597578263
0.5,103250,su2,16,162.76721762560175,11,100000,0.99999,1e-05,0.99999,0.0,41.774506900457006,7.3761697846740395
0.5,103250,su2,16,162.76721762560175,12,100000,0.99999,1e-05,0.99999,0.0,45.55462999870984,7.704517503841639
0.5,103250,su2,17,202.35048426787822,1,100000,0.91673,0.08327,0.91673,0.0,3.8236411720359476,2.217194762761512
0.5,103250,su2,17,202.35048426787822,2,100000,0.97535,0.02465,0.97535,0.0,7.631711094410329,3.132348249313408
0.5,103250,su2,17,202.35048426787822,3,100000,0.98912,0.01088,0.98912,0.0,11.430787759382541,3.8391211771450875
0.5,103250,su2,17,202.35048426787822,4,100000,0.99503,0.00497,0.99503,0.0,15.218295217325913,4.448954527714752
0.5,103250,su2,17,202.35048426787822,5,100000,0.99777,0.00223,0.99777,0.0,19.032139650347162,4.963970456667786
0.5,103250,su2,17,202.35048426787822,6,100000,0.999,0.001,0.999,0.0,22.818505456042146,5.437622373978335
0.5,103250,su2,17,202.35048426787822,7,100000,0.99966,0.00034,0.99966,0.0,26.62149203772532,5.874431387999011
0.5,103250,su2,17,202.35048426787822,8,100000,0.99987,0.00013,0.99987,0.0,30.42360841618633,6.291733894426454
0.5,103250,su2,17,202.35048426787822,9,100000,0.99991,9e-05,0.99991,0.0,34.21672153083866,6.679425243228071
0.5,103250,su2,17,202.35048426787822,10,100000,0.99995,5e-05,0.99995,0.0,38.013010055733304,7.037075796852632
0.5,103250,su2,17,202.35048426787822,11,100000,0.99999,1e-05,0.99999,0.0,41.80879386111572,7.379790808103128
0.5,103250,su2,17,202.35048426787822,12,100000,1.0,0.0,1.0,0.0,45.60345074032371,7.702741218497083
0.5,103250,su2,18,251.55998290533202,1,100000,0.91671,0.08329,0.91671,0.0,3.8060657294308116,2.227803771666745
0.5,103250,su2,18,251.55998290533202,2,100000,0.97486,0.02514,0.97486,0.0,7.602566879411384,3.1514180534375753
0.5,103250,su2,18,251.55998290533202,3,100000,0.9893,0.0107,0.9893,0.0,11.399345985487427,3.853146739516333
0.5,103250,su2,18,251.55998290533202,4,100000,0.99501,0.00499,0.99501,0.0,15.196157146272187,4.452839555260902
0.5,103250,su2,18,251.55998290533202,5,100000,0.99772,0.00228,0.99772,0.0,18.98267589149681,4.9843284516525355
0.5,103250,su2,18,251.55998290533202,6,100000,0.99882,0.00118,0.99882,0.0,22.765862963754483,5.471339878404569
0.5,103250,su2,18,251.55998290533202,7,100000,0.99955,0.00045,0.99955,0.0,26.562795661553764,5.899746784661946
0.5,103250,su2,18,251.55998290533202,8,100000,0.9998,0.0002,0.9998,0.0,30.352035434275805,6.3056089630386145
0.5,103250,su2,18,251.55998290533202,9,100000,0.99993,7e-05,0.99993,0.0,34.143560067613535,6.700580697506413
0.5,103250,su2,18,251.55998290533202,10,100000,0.99997,3e-05,0.99997,0.0,37.9334762668373,7.060288878567757
0.5,103250,su2,18,251.55998290533202,11,100000,0.99999,1e-05,0.99999,0.0,41.729176326302,7.407421552464413
0.5,103250,su2,18,251.55998290533202,12,100000,1.0,0.0,1.0,0.0,45.50701511267425,7.742293257682419
0.5,103250,su2,19,312.7367113960327,1,100000,0.91501,0.08499,0.91501,0.0,3.809926784113327,2.2344142733212955
0.5,103250,su2,19,312.7367113960327,2,100000,0.97477,0.02523,0.97477,0.0,7.613678002889416,3.149997563245267
0.5,103250,su2,19,312.7367113960327,3,100000,0.98906,0.01094,0.98906,0.0,11.39991209657873,3.863070324385499
0.5,103250,su2,19,312.7367113960327,4,100000,0.99485,0.00515,0.99485,0.0,15.197888638072149,4.462573568447171
0.5,103250,su2,19,312.7367113960327,5,100000,0.99774,0.00226,0.99774,0.0,18.99140732989602,4.990384206675642
0.5,103250,su2,19,312.7367113960327,6,100000,0.999,0.001,0.999,0.0,22.77931220245929,5.456550954329945
0.5,103250,su2,19,312.7367113960327,7,100000,0.99956,0.00044,0.99956,0.0,26.567729845250092,5.887242990364003
0.5,103250,su2,19,312.7367113960327,8,100000,0.99982,0.00018,0.99982,0.0,30.35276260709222,6.303423722484389
0.5,103250,su2,19,312.7367113960327,9,100000,0.99995,5e-05,0.99995,0.0,34.141591280313506,6.690927858939151
0.5,103250,su2,19,312.7367113960327,10,100000,0.99996,4e-05,0.99996,0.0,37.93605805238295,7.061409872829399
0.5,103250,su2,19,312.7367113960327,11,100000,0.99996,4e-05,0.99996,0.0,41.72858067574815,7.406478014924469
0.5,103250,su2,19,312.7367113960327,12,100000,0.99998,2e-05,0.99998,0.0,45.527316901032904,7.7334236140125805
0.5,113253,photon,0,4.999999999999999,1,100000,0.85367,0.85367,0.14633,0.0,-7.771945192934676,5.945952344774969
0.5,113253,photon,0,4.999999999999999,2,100000,0.94572,0.94572,0.05428,0.0,-15.45277283202715,8.457290003843605
0.5,113253,photon,0,4.999999999999999,3,100000,0.98011,0.98011,0.01989,0.0,-23.08603627243727,10.333171509173342
0.5,113253,photon,0,4.999999999999999,4,100000,0.99083,0.99083,0.00917,0.0,-30.71115906394293,11.961713838225743
0.5,113253,photon,0,4.999999999999999,5,100000,0.99611,0.99611,0.00389,0.0,-38.33979863618003,13.356279325538331
0.5,113253,photon,0,4.999999999999999,6,100000,0.99838,0.99838,0.00162,0.0,-45.97420386379182,14.637295300807683
0.5,113253,photon,0,4.999999999999999,7,100000,0.99925,0.99925,0.00075,0.0,-53.58696679783071,15.81528074663297
0.5,113253,photon,0,4.999999999999999,8,100000,0.99963,0.99963,0.00037,0.0,-61.18296466902693,16.913919610266827
0.5,113253,photon,0,4.999999999999999,9,100000,0.99989,0.99989,0.00011,0.0,-68.8062578241291,17.94953233498717
0.5,113253,photon,0,4.999999999999999,10,100000,0.9999,0.9999,0.0001,0.0,-76.42365016560943,18.901803482406827
0.5,113253,photon,0,4.999999999999999,11,100000,0.99997,0.99997,3e-05,0.0,-84.02344100915955,19.84149037201483
0.5,113253,photon,0,4.999999999999999,12,100000,0.99998,0.99998,2e-05,0.0,-91.60006400288731,20.700111277768787
0.5,113253,photon,1,5.802590372463091,1,100000,0.85795,0.85795,0.14205,0.0,-7.907319186890919,5.893932345830879
0.5,113253,photon,1,5.802590372463091,2,100000,0.94933,0.94933,0.05067,0.0,-15.702827579916097,8.368386211981816
0.5,113253,photon,1,5.802590372463091,3,100000,0.98185,0.98185,0.01815,0.0,-23.478954573224524,10.22315001001962
0.5,113253,photon,1,5.802590372463091,4,100000,0.99242,0.99242,0.00758,0.0,-31.30466733191399,11.779360889325506
0.5,113253,photon,1,5.802590372463091,5,100000,0.99698,0.99698,0.00302,0.0,-39.07638907275903,13.172703757857395
0.5,113253,photon,1,5.802590372463091,6,100000,0.99882,0.99882,0.00118,0.0,-46.83008966264649,14.449624805522593
0.5,113253,photon,1,5.802590372463091,7,100000,0.99925,0.99925,0.00075,0.0,-54.63081263189953,15.610504256693007
0.5,113253,photon,1,5.802590372463091,8,100000,0.99967,0.99967,0.00033,0.0,-62.42414621090219,16.69288496026077
0.5,113253,photon,1,5.802590372463091,9,100000,0.99983,0.99983,0.00017,0.0,-70.1796394204607,17.713912071430293
0.5,113253,photon,1,5.802590372463091,10,100000,0.99995,0.99995,5e-05,0.0,-77.97795632020846,18.65895737532213
0.5,113253,photon,1,5.802590372463091,11,100000,0.99996,0.99996,4e-05,0.0,-85.7376237237304,19.58171941668033
0.5,113253,photon,1,5.802590372463091,12,100000,0.99998,0.99998,2e-05,0.0,-93.52443209753984,20.454639579680414
0.5,113253,photon,2,6.734011006120271,1,100000,0.86373,0.86373,0.13627,0.0,-8.058355593176218,5.841510925854831
0.5,113253,photon,2,6.734011006120271,2,100000,0.95199,0.95199,0.04801,0.0,-15.980040107768373,8.298890983870683
0.5,113253,photon,2,6.734011006120271,3,100000,0.98347,0.98347,0.01653,0.0,-23.888075870770333,10.158268955484765
0.5,113253,photon,2,6.734011006120271,4,100000,0.99335,0.99335,0.00665,0.0,-31.779438146947413,11.75574948504712
0.5,113253,photon,2,6.734011006120271,5,100000,0.99736,0.99736,0.00264,0.0,-39.62974228561609,13.144623159360252
0.5,113253,photon,2,6.734011006120271,6,100000,0.99896,0.99896,0.00104,0.0,-47.5433591380451,14.378247054445922
0.5,113253,photon,2,6.734011006120271,7,100000,0.99958,0.99958,0.00042,0.0,-55.42158947280087,15.524435856082347
0.5,113253,photon,2,6.734011006120271,8,100000,0.99988,0.99988,0.00012,0.0,-63.289649908199515,16.61678211899589
0.5,113253,photon,2,6.734011006120271,9,100000,0.99994,0.99994,6e-05,0.0,-71.17722887832186,17.63047725065045
0.5,113253,photon,2,6.734011006120271,10,100000,0.99998,0.99998,2e-05,0.0,-79.0721551830625,18.57549973903146
0.5,113253,photon,2,6.734011006120271,11,100000,0.99998,0.99998,2e-05,0.0,-86.98210258435842,19.462387936462463
0.5,113253,photon,2,6.734011006120271,12,100000,1.0,1.0,0.0,0.0,-94.86738947336437,20.337285180852827
0.5,113253,photon,3,7.814941486434795,1,100000,0.86858,0.86858,0.13142,0.0,-8.166672140877736,5.780500180836184
0.5,113253,photon,3,7.814941486434795,2,100000,0.95568,0.95568,0.04432,0.0,-16.218188653395487,8.209847219298332
0.5,113253,photon,3,7.814941486434795,3,100000,0.98508,0.98508,0.01492,0.0,-24.237109556972655,10.056582764552058
0.5,113253,photon,3,7.814941486434795,4,100000,0.99413,0.99413,0.00587,0.0,-32.29453904407429,11.6027640702617
0.5,113253,photon,3,7.814941486434795,5,100000,0.9976,0.9976,0.0024,0.0,-40.27607347495149,12.989731285698191
0.5,113253,photon,3,7.814941486434795,6,100000,0.99912,0.99912,0.00088,0.0,-48.311533007517646,14.216847272604335
0.5,113253,photon,3,7.814941486434795,7,100000,0.99956,0.99956,0.00044,0.0,-56.350283943416535,15.372195079171608
0.5,113253,photon,3,7.814941486434795,8,100000,0.99982,0.99982,0.00018,0.0,-64.36727065056083,16.434151943131617
0.5,113253,photon,3,7.814941486434795,9,100000,0.99992,0.99992,8e-05,0.0,-72.36778072131811,17.426469925081363
0.5,113253,photon,3,7.814941486434795,10,100000,0.99998,0.99998,2e-05,0.0,-80.43012984127868,18.38286213965097
0.5,113253,photon,3,7.814941486434795,11,100000,1.0,1.0,0.0,0.0,-88.45874871350323,19.25964453016164
0.5,113253,photon,3,7.814941486434795,12,100000,1.0,1.0,0.0,0.0,-96.46450810084356,20.12304270098245
0.5,113253,photon,4,9.069380846109791,1,100000,0.8705,0.8705,0.1295,0.0,-8.243671999898819,5.754654688863749
0.5,113253,photon,4,9.069380846109791,2,100000,0.95844,0.95844,0.04156,0.0,-16.41863036670065,8.144313515018908
0.5,113253,photon,4,9.069380846109791,3,100000,0.98603,0.98603,0.01397,0.0,-24.541014754438578,10.00225905986444
0.5,113253,photon,4,9.069380846109791,4,100000,0.99473,0.99473,0.00527,0.0,-32.66315361447701,11.549256264876838
0.5,113253,photon,4,9.069380846109791,5,100000,0.99774,0.99774,0.00226,0.0,-40.770404156607825,12.918785470328453
0.5,113253,photon,4,9.069380846109791,6,100000,0.99902,0.99902,0.00098,0.0,-48.85638115540622,14.192544557090267
0.5,113253,photon,4,9.069380846109791,7,100000,0.99965,0.99965,0.00035,0.0,-56.97266314117077,15.34010411884841
0.5,113253,photon,4,9.069380846109791,8,100000,0.99988,0.99988,0.00012,0.0,-65.09274667445683,16.377071751031448
0.5,113253,photon,4,9.069380846109791,9,100000,0.99994,0.99994,6e-05,0.0,-73.20019307341511,17.38167830628629
0.5,113253,photon,4,9.069380846109791,10,100000,0.99997,0.99997,3e-05,0.0,-81.31220029949043,18.34381103642712
0.5,113253,photon,4,9.069380846109791,11,100000,1.0,1.0,0.0,0.0,-89.44330781827772,19.224445692452825
0.5,113253,photon,4,9.069380846109791,12,100000,1.0,1.0,0.0,0.0,-97.55866925773451,20.094401717463935
0.5,113253,photon,5,10.525180396367567,1,100000,0.87451,0.87451,0.12549,0.0,-8.335626994163524,5.705890646702042
0.5,113253,photon,5,10.525180396367567,2,100000,0.95994,0.95994,0.04006,0.0,-16.576561735534792,8.105652635649863
0.5,113253,photon,5,10.525180396367567,3,100000,0.98717,0.98717,0.01283,0.0,-24.79257840087731,9.931754273651347
0.5,113253,photon,5,10.525180396367567,4,100000,0.99521,0.99521,0.00479,0.0,-33.051657774744115,11.46117557485503
0.5,113253,photon,5,10.525180396367567,5,100000,0.99808,0.99808,0.00192,0.0,-41.26182004027881,12.79724691731757
0.5,113253,photon,5,10.525180396367567,6,100000,0.99939,0.99939,0.00061,0.0,-49.43921296432496,14.042617682799941
0.5,113253,photon,5,10.525180396367567,7,100000,0.9998,0.9998,0.0002,0.0,-57.64011475861582,15.188664426563452
0.5,113253,photon,5,10.525180396367567,8,100000,0.99992,0.99992,8e-05,0.0,-65.81828640236019,16.269706463836958
0.5,113253,photon,5,10.525180396367567,9,100000,0.99994,0.99994,6e-05,0.0,-74.01605008168097,17.222834843585424
0.5,113253,photon,5,10.525180396367567,10,100000,0.99999,0.99999,1e-05,0.0,-82.20424646811715,18.173667877055845
0.5,113253,photon,5,10.525180396367567,11,100000,1.0,1.0,0.0,0.0,-90.42124847268087,19.080377019395634
0.5,113253,photon,5,10.525180396367567,12,100000,1.0,1.0,0.0,0.0,-98.60819945444193,19.926488839686737
0.5,113253,photon,6,12.214662087279939,1,100000,0.87863,0.87863,0.12137,0.0,-8.441545875454482,5.652032593722452
0.5,113253,photon,6,12.214662087279939,2,100000,0.96124,0.96124,0.03876,0.0,-16.74206548456357,8.078682303867861
0.5,113253,photon,6,12.214662087279939,3,100000,0.98841,0.98841,0.01159,0.0,-24.99047950823975,9.891086067678955
0.5,113253,photon,6,12.214662087279939,4,100000,0.99549,0.99549,0.00451,0.0,-33.296612900672706,11.431492437182346
0.5,113253,photon,6,12.214662087279939,5,100000,0.99826,0.99826,0.00174,0.0,-41.57714631704721,12.794420895594218
0.5,113253,photon,6,12.214662087279939,6,100000,0.99945,0.99945,0.00055,0.0,-49.84123532375848,14.003495593163695
0.5,113253,photon,6,12.214662087279939,7,100000,0.99977,0.99977,0.00023,0.0,-58.11541082332777,15.169055366946418
0.5,113253,photon,6,12.214662087279939,8,100000,0.99993,0.99993,7e-05,0.0,-66.3817994785729,16.209180983809457
0.5,113253,photon,6,12.214662087279939,9,100000,0.99995,0.99995,5e-05,0.0,-74.6452946317325,17.163586118001305
0.5,113253,photon,6,12.214662087279939,10,100000,0.99999,0.99999,1e-05,0.0,-82.92586328709318,18.083100056238187
0.5,113253,photon,6,12.214662087279939,11,100000,1.0,1.0,0.0,0.0,-91.20510333082018,18.942102416576564
0.5,113253,photon,6,12.214662087279939,12,100000,1.0,1.0,0.0,0.0,-99.46925130216634,19.82302098168952
0.5,113253,photon,7,14.175336126108105,1,100000,0.88283,0.88283,0.11717,0.0,-8.515677809979875,5.609611965300298
0.5,113253,photon,7,14.175336126108105,2,100000,0.96306,0.96306,0.03694,0.0,-16.8855664335486,8.005401085000834
0.5,113253,photon,7,14.175336126108105,3,100000,0.9892,0.9892,0.0108,0.0,-25.225632668279438,9.807167897939575
0.5,113253,photon,7,14.175336126108105,4,100000,0.99609,0.99609,0.00391,0.0,-33.58006477191527,11.3506092433136
0.5,113253,photon,7,14.175336126108105,5,100000,0.99842,0.99842,0.00158,0.0,-41.92637606095466,12.719336913541733
0.5,113253,photon,7,14.175336126108105,6,100000,0.9994,0.9994,0.0006,0.0,-50.23435518390641,13.952737722393415
0.5,113253,photon,7,14.175336126108105,7,100000,0.99975,0.99975,0.00025,0.0,-58.582640295416944,15.064907826097782
0.5,113253,photon,7,14.175336126108105,8,100000,0.99995,0.99995,5e-05,0.0,-66.93648568967527,16.104696905720534
0.5,113253,photon,7,14.175336126108105,9,100000,0.99997,0.99997,3e-05,0.0,-75.28935281882531,17.12018162603553
0.5,113253,photon,7,14.175336126108105,10,100000,0.99996,0.99996,4e-05,0.0,-83.6041586572797,18.081643332573105
0.5,113253,photon,7,14.175336126108105,11,100000,0.99999,0.99999,1e-05,0.0,-91.94222629709995,18.938044492018776
0.5,113253,photon,7,14.175336126108105,12,100000,0.99999,0.99999,1e-05,0.0,-100.25739933401861,19.76351522225637
0.5,113253,photon,8,16.450733786356633,1,100000,0.88102,0.88102,0.11898,0.0,-8.500099591322709,5.627973437857269
0.5,113253,photon,8,16.450733786356633,2,100000,0.96287,0.96287,0.03713,0.0,-16.921562052383113,8.019068254300832
0.5,113253,photon,8,16.450733786356633,3,100000,0.98945,0.98945,0.01055,0.0,-25.33258633403127,9.807400612384741
0.5,113253,photon,8,16.450733786356633,4,100000,0.99592,0.99592,0.00408,0.0,-33.74672069624806,11.310767765652121
0.5,113253,photon,8,16.450733786356633,5,100000,0.99864,0.99864,0.00136,0.0,-42.13323454562279,12.635148336868951
0.5,113253,photon,8,16.450733786356633,6,100000,0.99938,0.99938,0.00062,0.0,-50.525640954249354,13.867334972721148
0.5,113253,photon,8,16.450733786356633,7,100000,0.99982,0.99982,0.00018,0.0,-58.94909084229152,14.961331243387209
0.5,113253,photon,8,16.450733786356633,8,100000,0.99992,0.99992,8e-05,0.0,-67.36032359800997,16.0167842403947
0.5,113253,photon,8,16.450733786356633,9,100000,0.99999,0.99999,1e-05,0.0,-75.74848838267559,16.96751063830558
0.5,113253,photon,8,16.450733786356633,10,100000,1.0,1.0,0.0,0.0,-84.12845699334335,17.88059116898101
0.5,113253,photon,8,16.450733786356633,11,100000,1.0,1.0,0.0,0.0,-92.52734106454773,18.75537364999663
0.5,113253,photon,8,16.450733786356633,12,100000,1.0,1.0,0.0,0.0,-100.95388528301206,19.60565507548241
0.5,113253,photon,9,19.091373897733256,1,100000,0.88267,0.88267,0.11733,0.0,-8.587510531475164,5.600737657057859
0.5,113253,photon,9,19.091373897733256,2,100000,0.96488,0.96488,0.03512,0.0,-17.087907552572606,7.954268979536158
0.5,113253,photon,9,19.091373897733256,3,100000,0.98983,0.98983,0.01017,0.0,-25.57385659953463,9.747596633977082
0.5,113253,photon,9,19.091373897733256,4,100000,0.99663,0.99663,0.00337,0.0,-34.067950568267975,11.259017304865965
0.5,113253,photon,9,19.091373897733256,5,100000,0.99879,0.99879,0.00121,0.0,-42.50225178797964,12.602399785246293
0.5,113253,photon,9,19.091373897733256,6,100000,0.99953,0.99953,0.00047,0.0,-50.96270784576431,13.820857887952458
0.5,113253,photon,9,19.091373897733256,7,100000,0.99986,0.99986,0.00014,0.0,-59.391645413728945,14.935351653938879
0.5,113253,photon,9,19.091373897733256,8,100000,0.99996,0.99996,4e-05,0.0,-67.85466674809675,15.975530461965153
0.5,113253,photon,9,19.091373897733256,9,100000,0.99999,0.99999,1e-05,0.0,-76.29521438690077,16.944416955853242
0.5,113253,photon,9,19.091373897733256,10,100000,0.99999,0.99999,1e-05,0.0,-84.72794688475807,17.885155783965317
0.5,113253,photon,9,19.091373897733256,11,100000,1.0,1.0,0.0,0.0,-93.20466678618406,18.76321351234905
0.5,113253,photon,9,19.091373897733256,12,100000,1.0,1.0,0.0,0.0,-101.6583008523783,19.57340529347203
0.5,113253,photon,10,22.155884475216027,1,100000,0.88383,0.88383,0.11617,0.0,-8.609575345184295,5.581568749388597
0.5,113253,photon,10,22.155884475216027,2,100000,0.96599,0.96599,0.03401,0.0,-17.142897722232945,7.9240862912236905
0.5,113253,photon,10,22.155884475216027,3,100000,0.98982,0.98982,0.01018,0.0,-25.617351773103376,9.718037663172272
0.5,113253,photon,10,22.155884475216027,4,100000,0.99616,0.99616,0.00384,0.0,-34.11750694140024,11.244823234118307
0.5,113253,photon,10,22.155884475216027,5,100000,0.99859,0.99859,0.00141,0.0,-42.63278722197224,12.552128817683768
0.5,113253,photon,10,22.155884475216027,6,100000,0.99956,0.99956,0.00044,0.0,-51.13485308026757,13.752334079536991
0.5,113253,photon,10,22.155884475216027,7,100000,0.99982,0.99982,0.00018,0.0,-59.62750480955898,14.869901837417503
0.5,113253,photon,10,22.155884475216027,8,100000,0.99994,0.99994,6e-05,0.0,-68.11528702356057,15.888142427209818
0.5,113253,photon,10,22.155884475216027,9,100000,0.99997,0.99997,3e-05,0.0,-76.60679728605561,16.88764316262329
0.5,113253,photon,10,22.155884475216027,10,100000,0.99999,0.99999,1e-05,0.0,-85.08518301673287,17.819568203253848
0.5,113253,photon,10,22.155884475216027,11,100000,1.0,1.0,0.0,0.0,-93.57388904955585,18.71388369118329
0.5,113253,photon,10,22.155884475216027,12,100000,0.99999,0.99999,1e-05,0.0,-102.05434191777236,19.575364546417486
0.5,113253,photon,11,25.71230438985861,1,100000,0.88552,0.88552,0.11448,0.0,-8.65031220176245,5.552895751248435
0.5,113253,photon,11,25.71230438985861,2,100000,0.96776,0.96776,0.03224,0.0,-17.25211234427938,7.869440967119277
0.5,113253,photon,11,25.71230438985861,3,100000,0.99054,0.99054,0.00946,0.0,-25.779985457365466,9.675399933654067
0.5,113253,photon,11,25.71230438985861,4,100000,0.99663,0.99663,0.00337,0.0,-34.3558959856951,11.20123561298954
0.5,113253,photon,11,25.71230438985861,5,100000,0.99879,0.99879,0.00121,0.0,-42.87199403904501,12.538712718700715
0.5,113253,photon,11,25.71230438985861,6,100000,0.99962,0.99962,0.00038,0.0,-51.38150842667171,13.736542988521819
0.5,113253,photon,11,25.71230438985861,7,100000,0.99981,0.99981,0.00019,0.0,-59.87460726131627,14.813110471533385
0.5,113253,photon,11,25.71230438985861,8,100000,0.99996,0.99996,4e-05,0.0,-68.4268851458028,15.831167245332555
0.5,113253,photon,11,25.71230438985861,9,100000,0.99998,0.99998,2e-05,0.0,-76.96500875131322,16.819242458475667
0.5,113253,photon,11,25.71230438985861,10,100000,0.99998,0.99998,2e-05,0.0,-85.49971741141233,17.709535194240107
0.5,113253,photon,11,25.71230438985861,11,100000,1.0,1.0,0.0,0.0,-94.08079408329944,18.586491019937515
0.5,113253,photon,11,25.71230438985861,12,100000,1.0,1.0,0.0,0.0,-102.59334180724633,19.412132022507596
0.5,113253,photon,12,29.839593981286804,1,100000,0.88742,0.88742,0.11258,0.0,-8.70720431152212,5.524718579111347
0.5,113253,photon,12,29.839593981286804,2,100000,0.96647,0.96647,0.03353,0.0,-17.286959330523597,7.870819599567713
0.5,113253,photon,12,29.839593981286804,3,100000,0.99012,0.99012,0.00988,0.0,-25.823118209800814,9.66506866808586
0.5,113253,photon,12,29.839593981286804,4,100000,0.99671,0.99671,0.00329,0.0,-34.38993320298735,11.172357424103106
0.5,113253,photon,12,29.839593981286804,5,100000,0.99888,0.99888,0.00112,0.0,-42.964576363893514,12.50754731297371
0.5,113253,photon,12,29.839593981286804,6,100000,0.99963,0.99963,0.00037,0.0,-51.53273216382548,13.701487974724788
0.5,113253,photon,12,29.839593981286804,7,100000,0.9999,0.9999,0.0001,0.0,-60.10443321428776,14.784212660064567
0.5,113253,photon,12,29.839593981286804,8,100000,0.99996,0.99996,4e-05,0.0,-68.67608403377763,15.8089690202816
0.5,113253,photon,12,29.839593981286804,9,100000,0.99999,0.99999,1e-05,0.0,-77.24863212485494,16.77065642611588
0.5,113253,photon,12,29.839593981286804,10,100000,1.0,1.0,0.0,0.0,-85.8226419077433,17.69066230940887
0.5,113253,photon,12,29.839593981286804,11,100000,1.0,1.0,0.0,0.0,-94.39793585348788,18.57894394552726
0.5,113253,photon,12,29.839593981286804,12,100000,1.0,1.0,0.0,0.0,-102.92850214272427,19.400343689943902
0.5,113253,photon,13,34.62938815080447,1,100000,0.88944,0.88944,0.11056,0.0,-8.732176892153355,5.502911918574933
0.5,113253,photon,13,34.62938815080447,2,100000,0.96862,0.96862,0.03138,0.0,-17.378405055238453,7.836587591986093
0.5,113253,photon,13,34.62938815080447,3,100000,0.99087,0.99087,0.00913,0.0,-25.952302515838714,9.611479101988035
0.5,113253,photon,13,34.62938815080447,4,100000,0.99677,0.99677,0.00323,0.0,-34.58026779528125,11.1122576054301
0.5,113253,photon,13,34.62938815080447,5,100000,0.999,0.999,0.001,0.0,-43.21089186283622,12.410763341101521
0.5,113253,photon,13,34.62938815080447,6,100000,0.99959,0.99959,0.00041,0.0,-51.81215342780308,13.60287080510287
0.5,113253,photon,13,34.62938815080447,7,100000,0.9999,0.9999,0.0001,0.0,-60.409127199372456,14.70559624716038
0.5,113253,photon,13,34.62938815080447,8,100000,0.99993,0.99993,7e-05,0.0,-69.03312309115049,15.742668385545187
0.5,113253,photon,13,34.62938815080447,9,100000,0.99998,0.99998,2e-05,0.0,-77.59140530946995,16.723346384082607
0.5,113253,photon,13,34.62938815080447,10,100000,1.0,1.0,0.0,0.0,-86.19181777246261,17.62775319321913
0.5,113253,photon,13,34.62938815080447,11,100000,1.0,1.0,0.0,0.0,-94.79391090708731,18.471148885386224
0.5,113253,photon,13,34.62938815080447,12,100000,1.0,1.0,0.0,0.0,-103.37211998590084,19.27032163876829
0.5,113253,photon,14,40.188030857629116,1,100000,0.8898,0.8898,0.1102,0.0,-8.738866460831627,5.49838696647552
0.5,113253,photon,14,40.188030857629116,2,100000,0.96841,0.96841,0.03159,0.0,-17.384649245747784,7.821882684511702
0.5,113253,photon,14,40.188030857629116,3,100000,0.99084,0.99084,0.00916,0.0,-25.97701670447678,9.613521842822312
0.5,113253,photon,14,40.188030857629116,4,100000,0.99686,0.99686,0.00314,0.0,-34.62778309515278,11.1101417410137
0.5,113253,photon,14,40.188030857629116,5,100000,0.99881,0.99881,0.00119,0.0,-43.231619082469756,12.434486571943483
0.5,113253,photon,14,40.188030857629116,6,100000,0.9996,0.9996,0.0004,0.0,-51.84995679931461,13.647333897409956
0.5,113253,photon,14,40.188030857629116,7,100000,0.99989,0.99989,0.00011,0.0,-60.47108627006288,14.7458095959747
0.5,113253,photon,14,40.188030857629116,8,100000,0.99993,0.99993,7e-05,0.0,-69.08216151171429,15.774116603900406
0.5,113253,photon,14,40.188030857629116,9,100000,0.99999,0.99999,1e-05,0.0,-77.69558465724538,16.72432039094334
0.5,113253,photon,14,40.188030857629116,10,100000,1.0,1.0,0.0,0.0,-86.3317690773971,17.624196134963196
0.5,113253,photon,14,40.188030857629116,11,100000,1.0,1.0,0.0,0.0,-94.94531139866989,18.520896331987768
0.5,113253,photon,14,40.188030857629116,12,100000,1.0,1.0,0.0,0.0,-103.57315893173708,19.356026596894736
0.5,113253,photon,15,46.63893618854568,1,100000,0.89074,0.89074,0.10926,0.0,-8.781798971482702,5.485553312217586
0.5,113253,photon,15,46.63893618854568,2,100000,0.96911,0.96911,0.03089,0.0,-17.462662201805568,7.812274791747056
0.5,113253,photon,15,46.63893618854568,3,100000,0.99152,0.99152,0.00848,0.0,-26.068489858623188,9.577797087904328
0.5,113253,photon,15,46.63893618854568,4,100000,0.99697,0.99697,0.00303,0.0,-34.73392385417264,11.051075200981437
0.5,113253,photon,15,46.63893618854568,5,100000,0.99899,0.99899,0.00101,0.0,-43.37235062400736,12.38910964034891
0.5,113253,photon,15,46.63893618854568,6,100000,0.99961,0.99961,0.00039,0.0,-52.01190715862441,13.601470924408718
0.5,113253,photon,15,46.63893618854568,7,100000,0.99989,0.99989,0.00011,0.0,-60.657801652917506,14.692028625400786
0.5,113253,photon,15,46.63893618854568,8,100000,0.99995,0.99995,5e-05,0.0,-69.31941563654298,15.706301613952869
0.5,113253,photon,15,46.63893618854568,9,100000,0.99998,0.99998,2e-05,0.0,-77.96989049297694,16.671911790077584
0.5,113253,photon,15,46.63893618854568,10,100000,1.0,1.0,0.0,0.0,-86.58667527155521,17.58250890640327
0.5,113253,photon,15,46.63893618854568,11,100000,1.0,1.0,0.0,0.0,-95.23907811551962,18.430203624046833
0.5,113253,photon,15,46.63893618854568,12,100000,1.0,1.0,0.0,0.0,-103.83639180208002,19.249065449821597
0.5,113253,photon,16,54.125328421915114,1,100000,0.89068,0.89068,0.10932,0.0,-8.75312268345369,5.490748539988435
0.5,113253,photon,16,54.125328421915114,2,100000,0.96859,0.96859,0.03141,0.0,-17.46218787731505,7.808225306322963
0.5,113253,photon,16,54.125328421915114,3,100000,0.99071,0.99071,0.00929,0.0,-26.112781530544627,9.583768826637826
0.5,113253,photon,16,54.125328421915114,4,100000,0.9967,0.9967,0.0033,0.0,-34.77596739937414,11.064292490478849
0.5,113253,photon,16,54.125328421915114,5,100000,0.99898,0.99898,0.00102,0.0,-43.41798029356847,12.375541061762888
0.5,113253,photon,16,54.125328421915114,6,100000,0.9997,0.9997,0.0003,0.0,-52.04156142834667,13.597464967340372
0.5,113253,photon,16,54.125328421915114,7,100000,0.99991,0.99991,9e-05,0.0,-60.72146987588759,14.706771153296028
0.5,113253,photon,16,54.125328421915114,8,100000,0.99997,0.99997,3e-05,0.0,-69.36528586686849,15.709588266952663
0.5,113253,photon,16,54.125328421915114,9,100000,1.0,1.0,0.0,0.0,-78.0254930679467,16.62834308240907
0.5,113253,photon,16,54.125328421915114,10,100000,1.0,1.0,0.0,0.0,-86.66347312531008,17.548146368963707
0.5,113253,photon,16,54.125328421915114,11,100000,1.0,1.0,0.0,0.0,-95.28475273477038,18.41045326286226
0.5,113253,photon,16,54.125328421915114,12,100000,1.0,1.0,0.0,0.0,-103.86881787969581,19.234167121283296
0.5,113253,photon,17,62.813421921481506,1,100000,0.89136,0.89136,0.10864,0.0,-8.768151156464715,5.481685429939833
0.5,113253,photon,17,62.813421921481506,2,100000,0.96978,0.96978,0.03022,0.0,-17.451216266065497,7.805181627873244
0.5,113253,photon,17,62.813421921481506,3,100000,0.99144,0.99144,0.00856,0.0,-26.136608389794574,9.563325665265431
0.5,113253,photon,17,62.813421921481506,4,100000,0.99689,0.99689,0.00311,0.0,-34.86332881257621,11.03834684978589
0.5,113253,photon,17,62.813421921481506,5,100000,0.9991,0.9991,0.0009,0.0,-43.49682277969366,12.352651361540394
0.5,113253,photon,17,62.813421921481506,6,100000,0.9996,0.9996,0.0004,0.0,-52.12806826904998,13.564406861645066
0.5,113253,photon,17,62.813421921481506,7,100000,0.99988,0.99988,0.00012,0.0,-60.8015312875602,14.653332889007338
0.5,113253,photon,17,62.813421921481506,8,100000,0.99996,0.99996,4e-05,0.0,-69.48570258768184,15.67123356818561
0.5,113253,photon,17,62.813421921481506,9,100000,0.99999,0.99999,1e-05,0.0,-78.15316703337594,16.637197971787305
0.5,113253,photon,17,62.813421921481506,10,100000,1.0,1.0,0.0,0.0,-86.79783074087948,17.55216882898719
0.5,113253,photon,17,62.813421921481506,11,100000,0.99999,0.99999,1e-05,0.0,-95.47642033834055,18.413691584390126
0.5,113253,photon,17,62.813421921481506,12,100000,0.99999,0.99999,1e-05,0.0,-104.13003834320818,19.268836712753437
0.5,113253,photon,18,72.89611146061016,1,100000,0.89412,0.89412,0.10588,0.0,-8.845732966604222,5.434385193329403
0.5,113253,photon,18,72.89611146061016,2,100000,0.97023,0.97023,0.02977,0.0,-17.541936301454577,7.7717209309756425
0.5,113253,photon,18,72.89611146061016,3,100000,0.99145,0.99145,0.00855,0.0,-26.212705401462596,9.53827004661296
0.5,113253,photon,18,72.89611146061016,4,100000,0.99707,0.99707,0.00293,0.0,-34.92765378455263,11.021405236743625
0.5,113253,photon,18,72.89611146061016,5,100000,0.99918,0.99918,0.00082,0.0,-43.62944420038836,12.37118163026233
0.5,113253,photon,18,72.89611146061016,6,100000,0.99963,0.99963,0.00037,0.0,-52.30488858518927,13.55793998734757
0.5,113253,photon,18,72.89611146061016,7,100000,0.99988,0.99988,0.00012,0.0,-61.00337745766534,14.646949546991635
0.5,113253,photon,18,72.89611146061016,8,100000,0.99998,0.99998,2e-05,0.0,-69.69238832494659,15.655024598154451
0.5,113253,photon,18,72.89611146061016,9,100000,0.99997,0.99997,3e-05,0.0,-78.34766625434112,16.610653123544356
0.5,113253,photon,18,72.89611146061016,10,100000,1.0,1.0,0.0,0.0,-87.007654012415,17.51682044160442
0.5,113253,photon,18,72.89611146061016,11,100000,1.0,1.0,0.0,0.0,-95.69638005543585,18.38579765977066
0.5,113253,photon,18,72.89611146061016,12,100000,1.0,1.0,0.0,0.0,-104.42073098404694,19.214817122782485
0.5,113253,photon,19,84.59725491026656,1,100000,0.89149,0.89149,0.10851,0.0,-8.807039568456393,5.463828758708494
0.5,113253,photon,19,84.59725491026656,2,100000,0.96945,0.96945,0.03055,0.0,-17.517248132717437,7.779468588578548
0.5,113253,photon,19,84.59725491026656,3,100000,0.99168,0.99168,0.00832,0.0,-26.20445093550291,9.526544334373288
0.5,113253,photon,19,84.59725491026656,4,100000,0.99719,0.99719,0.00281,0.0,-34.91078995680448,10.99876562210541
0.5,113253,photon,19,84.59725491026656,5,100000,0.99896,0.99896,0.00104,0.0,-43.6027470600438,12.307615853257431
0.5,113253,photon,19,84.59725491026656,6,100000,0.9997,0.9997,0.0003,0.0,-52.29860586990745,13.523501345601975
0.5,113253,photon,19,84.59725491026656,7,100000,0.99988,0.99988,0.00012,0.0,-60.96287315734285,14.596825444400855
0.5,113253,photon,19,84.59725491026656,8,100000,0.99995,0.99995,5e-05,0.0,-69.6563093990824,15.636456926560305
0.5,113253,photon,19,84.59725491026656,9,100000,0.99997,0.99997,3e-05,0.0,-78.32194720010175,16.582774736199863
0.5,113253,photon,19,84.59725491026656,10,100000,1.0,1.0,0.0,0.0,-86.98890345281725,17.499860196449067
0.5,113253,photon,19,84.59725491026656,11,100000,1.0,1.0,0.0,0.0,-95.65619904672755,18.36960316619061
0.5,113253,photon,19,84.59725491026656,12,100000,1.0,1.0,0.0,0.0,-104.33536525882414,19.208272624631938
0.5,113253,su2,0,4.999999999999999,1,100000,0.9232,0.0768,0.9232,0.0,3.8918475106113317,2.168535532028135
0.5,113253,su2,0,4.999999999999999,2,100000,0.9778,0.0222,0.9778,0.0,7.760170512861839,3.075084008369071
0.5,113253,su2,0,4.999999999999999,3,100000,0.99104,0.00896,0.99104,0.0,11.628991283958026,3.7650413220352315
0.5,113253,su2,0,4.999999999999999,4,100000,0.99598,0.00402,0.99598,0.0,15.496972660378933,4.346840927331813
0.5,113253,su2,0,4.999999999999999,5,100000,0.99808,0.00192,0.99808,0.0,19.36593404281679,4.852693024150477
0.5,113253,su2,0,4.999999999999999,6,100000,0.99922,0.00078,0.99922,0.0,23.22730059499444,5.311787500744886
0.5,113253,su2,0,4.999999999999999,7,100000,0.99974,0.00026,0.99974,0.0,27.092112958544963,5.741412762011488
0.5,113253,su2,0,4.999999999999999,8,100000,0.99987,0.00013,0.99987,0.0,30.962209356023298,6.148258614500241
0.5,113253,su2,0,4.999999999999999,9,100000,0.99994,6e-05,0.99994,0.0,34.834032785843455,6.524808432342589
0.5,113253,su2,0,4.999999999999999,10,100000,0.99998,2e-05,0.99998,0.0,38.699717834294766,6.8930333792106415
0.5,113253,su2,0,4.999999999999999,11,100000,1.0,0.0,1.0,0.0,42.56978343385395,7.22458150969862
0.5,113253,su2,0,4.999999999999999,12,100000,1.0,0.0,1.0,0.0,46.44749649662278,7.549226069818043
0.5,113253,su2,1,6.215947142787869,1,100000,0.92124,0.07876,0.92124,0.0,3.8707464853464395,2.1887774202679133
0.5,113253,su2,1,6.215947142787869,2,100000,0.97767,0.02233,0.97767,0.0,7.737735772523282,3.0846811620114996
0.5,113253,su2,1,6.215947142787869,3,100000,0.99061,0.00939,0.99061,0.0,11.603344106363146,3.7886239398168255
0.5,113253,su2,1,6.215947142787869,4,100000,0.99598,0.00402,0.99598,0.0,15.474018407313702,4.36375167987741
0.5,113253,su2,1,6.215947142787869,5,100000,0.99805,0.00195,0.99805,0.0,19.311184429699885,4.89465456905994
0.5,113253,su2,1,6.215947142787869,6,100000,0.99913,0.00087,0.99913,0.0,23.17293955202761,5.360322076877443
0.5,113253,su2,1,6.215947142787869,7,100000,0.99965,0.00035,0.99965,0.0,27.025939615855737,5.791082351440323
0.5,113253,su2,1,6.215947142787869,8,100000,0.99986,0.00014,0.99986,0.0,30.867529808932886,6.1886649844391615
0.5,113253,su2,1,6.215947142787869,9,100000,0.99994,6e-05,0.99994,0.0,34.72259770689014,6.560677063145375
0.5,113253,su2,1,6.215947142787869,10,100000,0.99997,3e-05,0.99997,0.0,38.58205847596142,6.906920634372774
0.5,113253,su2,1,6.215947142787869,11,100000,0.99999,1e-05,0.99999,0.0,42.438178933685485,7.2429451257292525
0.5,113253,su2,1,6.215947142787869,12,100000,0.99999,1e-05,0.99999,0.0,46.29905452634209,7.55586884180969
0.5,113253,su2,2,7.727599776386536,1,100000,0.92117,0.07883,0.92117,0.0,3.8726831650831013,2.1725414488074986
0.5,113253,su2,2,7.727599776386536,2,100000,0.97703,0.02297,0.97703,0.0,7.708323143996246,3.0874558328686885
0.5,113253,su2,2,7.727599776386536,3,100000,0.99049,0.00951,0.99049,0.0,11.542129448225777,3.7892484007984524
0.5,113253,su2,2,7.727599776386536,4,100000,0.99592,0.00408,0.99592,0.0,15.389666502928911,4.377152340035633
0.5,113253,su2,2,7.727599776386536,5,100000,0.9984,0.0016,0.9984,0.0,19.224098286517012,4.889595129860338
0.5,113253,su2,2,7.727599776386536,6,100000,0.99929,0.00071,0.99929,0.0,23.057062821894455,5.361274438035185
0.5,113253,su2,2,7.727599776386536,7,100000,0.9997,0.0003,0.9997,0.0,26.900186513845284,5.784018447687771
0.5,113253,su2,2,7.727599776386536,8,100000,0.99984,0.00016,0.99984,0.0,30.739600581859033,6.181790863069535
0.5,113253,su2,2,7.727599776386536,9,100000,0.9999,0.0001,0.9999,0.0,34.578126971310375,6.562372704105395
0.5,113253,su2,2,7.727599776386536,10,100000,0.99997,3e-05,0.99997,0.0,38.41441836631852,6.919509643094635
0.5,113253,su2,2,7.727599776386536,11,100000,0.99999,1e-05,0.99999,0.0,42.2550471120578,7.263202367904617
0.5,113253,su2,2,7.727599776386536,12,100000,1.0,0.0,1.0,0.0,46.08461661090382,7.587541219801237
0.5,113253,su2,3,9.606870350127615,1,100000,0.92006,0.07994,0.92006,0.0,3.8436999531550007,2.206730146182295
0.5,113253,su2,3,9.606870350127615,2,100000,0.97571,0.02429,0.97571,0.0,7.674689137546233,3.120079931463473
0.5,113253,su2,3,9.606870350127615,3,100000,0.98992,0.01008,0.98992,0.0,11.51622001242452,3.8075225313217054
0.5,113253,su2,3,9.606870350127615,4,100000,0.99539,0.00461,0.99539,0.0,15.346475455551566,4.402877112742857
0.5,113253,su2,3,9.606870350127615,5,100000,0.99798,0.00202,0.99798,0.0,19.174793006870786,4.929242656958161
0.5,113253,su2,3,9.606870350127615,6,100000,0.99906,0.00094,0.99906,0.0,22.999140479300447,5.405813989411575
0.5,113253,su2,3,9.606870350127615,7,100000,0.99954,0.00046,0.99954,0.0,26.8403716533868,5.82939695666543
0.5,113253,su2,3,9.606870350127615,8,100000,0.9998,0.0002,0.9998,0.0,30.665128911674326,6.230493598384627
0.5,113253,su2,3,9.606870350127615,9,100000,0.99991,9e-05,0.99991,0.0,34.4978307918475,6.60017232571098
0.5,113253,su2,3,9.606870350127615,10,100000,0.99997,3e-05,0.99997,0.0,38.31678487430347,6.956016504467847
0.5,113253,su2,3,9.606870350127615,11,100000,1.0,0.0,1.0,0.0,42.142055452910775,7.301370374492771
0.5,113253,su2,3,9.606870350127615,12,100000,0.99998,2e-05,0.99998,0.0,45.972576946667424,7.635762106352931
0.5,113253,su2,4,11.943159660801848,1,100000,0.91838,0.08162,0.91838,0.0,3.850260849541491,2.207079561326526
0.5,113253,su2,4,11.943159660801848,2,100000,0.97553,0.02447,0.97553,0.0,7.675070043450005,3.123926670484145
0.5,113253,su2,4,11.943159660801848,3,100000,0.98967,0.01033,0.98967,0.0,11.508129791652555,3.821500797675956
0.5,113253,su2,4,11.943159660801848,4,100000,0.99551,0.00449,0.99551,0.0,15.3326420566731,4.4139035986184565
0.5,113253,su2,4,11.943159660801848,5,100000,0.99773,0.00227,0.99773,0.0,19.160537867472744,4.944187830429852
0.5,113253,su2,4,11.943159660801848,6,100000,0.99919,0.00081,0.99919,0.0,22.984852875771416,5.414222830311702
0.5,113253,su2,4,11.943159660801848,7,100000,0.99965,0.00035,0.99965,0.0,26.808383325329817,5.855442969027603
0.5,113253,su2,4,11.943159660801848,8,100000,0.99981,0.00019,0.99981,0.0,30.621831145194342,6.262293755469541
0.5,113253,su2,4,11.943159660801848,9,100000,0.99993,7e-05,0.99993,0.0,34.447674592265976,6.644917106231982
0.5,113253,su2,4,11.943159660801848,10,100000,0.99997,3e-05,0.99997,0.0,38.264424686063414,6.987184105428694
0.5,113253,su2,4,11.943159660801848,11,100000,0.99997,3e-05,0.99997,0.0,42.08250057976264,7.33199390498935
0.5,113253,su2,4,11.943159660801848,12,100000,0.99999,1e-05,0.99999,0.0,45.90434153328351,7.658631290210414
0.5,113253,su2,5,14.84760983388412,1,100000,0.91815,0.08185,0.91815,0.0,3.8429433635286587,2.1989119932508103
0.5,113253,su2,5,14.84760983388412,2,100000,0.97511,0.02489,0.97511,0.0,7.653534094393162,3.1252433369118795
0.5,113253,su2,5,14.84760983388412,3,100000,0.98935,0.01065,0.98935,0.0,11.459918006137013,3.832235289206687
0.5,113253,su2,5,14.84760983388412,4,100000,0.99558,0.00442,0.99558,0.0,15.28126068815209,4.429404903279528
0.5,113253,su2,5,14.84760983388412,5,100000,0.99796,0.00204,0.99796,0.0,19.10236440852226,4.94745841024616
0.5,113253,su2,5,14.84760983388412,6,100000,0.99905,0.00095,0.99905,0.0,22.92427917320391,5.426932667816591
0.5,113253,su2,5,14.84760983388412,7,100000,0.99959,0.00041,0.99959,0.0,26.743654021609746,5.863904774350016
0.5,113253,su2,5,14.84760983388412,8,100000,0.99988,0.00012,0.99988,0.0,30.55687373644555,6.263021754098033
0.5,113253,su2,5,14.84760983388412,9,100000,0.99993,7e-05,0.99993,0.0,34.370295666808985,6.630713487947288
0.5,113253,su2,5,14.84760983388412,10,100000,0.99995,5e-05,0.99995,0.0,38.1744914720283,6.989535703060061
0.5,113253,su2,5,14.84760983388412,11,100000,0.99998,2e-05,0.99998,0.0,41.9863437468618,7.334587841109642
0.5,113253,su2,5,14.84760983388412,12,100000,0.99999,1e-05,0.99999,0.0,45.79720413965443,7.663925447060995
0.5,113253,su2,6,18.458391584832217,1,100000,0.91694,0.08306,0.91694,0.0,3.8200847505153264,2.219538845737812
0.5,113253,su2,6,18.458391584832217,2,100000,0.9761,0.0239,0.9761,0.0,7.641732266929727,3.132272816442484
0.5,113253,su2,6,18.458391584832217,3,100000,0.98953,0.01047,0.98953,0.0,11.460700174186425,3.8237631746882
0.5,113253,su2,6,18.458391584832217,4,100000,0.99515,0.00485,0.99515,0.0,15.271566551394267,4.422806918973657
0.5,113253,su2,6,18.458391584832217,5,100000,0.99797,0.00203,0.99797,0.0,19.075849260167278,4.95091440897635
0.5,113253,su2,6,18.458391584832217,6,100000,0.99917,0.00083,0.99917,0.0,22.892121385942353,5.4299789311314495
0.5,113253,su2,6,18.458391584832217,7,100000,0.99964,0.00036,0.99964,0.0,26.699377206567753,5.860610298724797
0.5,113253,su2,6,18.458391584832217,8,100000,0.99987,0.00013,0.99987,0.0,30.51229002717736,6.26006064167308
0.5,113253,su2,6,18.458391584832217,9,100000,0.99996,4e-05,0.99996,0.0,34.322440461988435,6.625433216707229
0.5,113253,su2,6,18.458391584832217,10,100000,0.99999,1e-05,0.99999,0.0,38.13322909766011,7.000470573633177
0.5,113253,su2,6,18.458391584832217,11,100000,0.99999,1e-05,0.99999,0.0,41.94296003616303,7.343565123901629
0.5,113253,su2,6,18.458391584832217,12,100000,0.99999,1e-05,0.99999,0.0,45.75562747612879,7.664241940597998
0.5,113253,su2,7,22.947277286439505,1,100000,0.91729,0.08271,0.91729,0.0,3.8245214148247277,2.216643407748026
0.5,113253,su2,7,22.947277286439505,2,100000,0.97571,0.02429,0.97571,0.0,7.645340215485192,3.117250060334594
0.5,113253,su2,7,22.947277286439505,3,100000,0.98974,0.01026,0.98974,0.0,11.447166868923519,3.828834909274525
0.5,113253,su2,7,22.947277286439505,4,100000,0.99541,0.00459,0.99541,0.0,15.2472273529668,4.43309755080782
0.5,113253,su2,7,22.947277286439505,5,100000,0.99805,0.00195,0.99805,0.0,19.053018187800205,4.953795771576881
0.5,113253,su2,7,22.947277286439505,6,100000,0.99915,0.00085,0.99915,0.0,22.836961883989172,5.443135389007085
0.5,113253,su2,7,22.947277286439505,7,100000,0.99962,0.00038,0.99962,0.0,26.618709256639075,5.885103025885333
0.5,113253,su2,7,22.947277286439505,8,100000,0.99985,0.00015,0.99985,0.0,30.42864786497299,6.280836129425315
0.5,113253,su2,7,22.947277286439505,9,100000,0.99993,7e-05,0.99993,0.0,34.22694142795996,6.663876295671947
0.5,113253,su2,7,22.947277286439505,10,100000,0.99998,2e-05,0.99998,0.0,38.023301003521794,7.024104543768277
0.5,113253,su2,7,22.947277286439505,11,100000,0.99998,2e-05,0.99998,0.0,41.817275103334715,7.3687717569244136
0.5,113253,su2,7,22.947277286439505,12,100000,0.99998,2e-05,0.99998,0.0,45.61446534740716,7.700913132726478
0.5,113253,su2,8,28.527812536680912,1,100000,0.91733,0.08267,0.91733,0.0,3.821674870578473,2.212013001366187
0.5,113253,su2,8,28.527812536680912,2,100000,0.97511,0.02489,0.97511,0.0,7.635398151096641,3.1453529158748776
0.5,113253,su2,8,28.527812536680912,3,100000,0.9893,0.0107,0.9893,0.0,11.44523988342486,3.844680906116429
0.5,113253,su2,8,28.527812536680912,4,100000,0.99489,0.00511,0.99489,0.0,15.246936978247357,4.433022282801595
0.5,113253,su2,8,28.527812536680912,5,100000,0.99773,0.00227,0.99773,0.0,19.05226560018725,4.960985590677772
0.5,113253,su2,8,28.527812536680912,6,100000,0.99912,0.00088,0.99912,0.0,22.856561426264086,5.4312293997491
0.5,113253,su2,8,28.527812536680912,7,100000,0.99953,0.00047,0.99953,0.0,26.66638604756909,5.883706986904115
0.5,113253,su2,8,28.527812536680912,8,100000,0.99983,0.00017,0.99983,0.0,30.465802913951176,6.295347314364102
0.5,113253,su2,8,28.527812536680912,9,100000,0.99992,8e-05,0.99992,0.0,34.27181173308363,6.667527382853313
0.5,113253,su2,8,28.527812536680912,10,100000,0.99998,2e-05,0.99998,0.0,38.07413361896718,7.030544727768808
0.5,113253,su2,8,28.527812536680912,11,100000,1.0,0.0,1.0,0.0,41.87343534087004,7.385040553806044
0.5,113253,su2,8,28.527812536680912,12,100000,1.0,0.0,1.0,0.0,45.678068887023805,7.717329232110584
0.5,113253,su2,9,35.46547496547396,1,100000,0.91924,0.08076,0.91924,0.0,3.8370588044095157,2.211118874795847
0.5,113253,su2,9,35.46547496547396,2,100000,0.97489,0.02511,0.97489,0.0,7.645476948067402,3.146003074971789
0.5,113253,su2,9,35.46547496547396,3,100000,0.98901,0.01099,0.98901,0.0,11.451387988092332,3.8517906594587656
0.5,113253,su2,9,35.46547496547396,4,100000,0.99513,0.00487,0.99513,0.0,15.252503768604244,4.44105691695679
0.5,113253,su2,9,35.46547496547396,5,100000,0.99794,0.00206,0.99794,0.0,19.053138902821466,4.9557842529934275
0.5,113253,su2,9,35.46547496547396,6,100000,0.99902,0.00098,0.99902,0.0,22.855495574716883,5.4288695976346135
0.5,113253,su2,9,35.46547496547396,7,100000,0.99962,0.00038,0.99962,0.0,26.66082142096656,5.864357063444648
0.5,113253,su2,9,35.46547496547396,8,100000,0.99988,0.00012,0.99988,0.0,30.464969189831532,6.267242505857363
0.5,113253,su2,9,35.46547496547396,9,100000,0.99996,4e-05,0.99996,0.0,34.271544950341706,6.6482674081029005
0.5,113253,su2,9,35.46547496547396,10,100000,0.99998,2e-05,0.99998,0.0,38.067369517019905,7.005034164438547
0.5,113253,su2,9,35.46547496547396,11,100000,0.99998,2e-05,0.99998,0.0,41.86564579020808,7.35744822946277
0.5,113253,su2,9,35.46547496547396,12,100000,1.0,0.0,1.0,0.0,45.66217550397931,7.676991143933619
0.5,113253,su2,10,44.09030355585049,1,100000,0.91919,0.08081,0.91919,0.0,3.8358136734589787,2.211268624860362
0.5,113253,su2,10,44.09030355585049,2,100000,0.97525,0.02475,0.97525,0.0,7.63041264969585,3.1291453379509084
0.5,113253,su2,10,44.09030355585049,3,100000,0.98907,0.01093,0.98907,0.0,11.434624352363926,3.8325037748786253
0.5,113253,su2,10,44.09030355585049,4,100000,0.99511,0.00489,0.99511,0.0,15.244308645269017,4.426351341742219
0.5,113253,su2,10,44.09030355585049,5,100000,0.99795,0.00205,0.99795,0.0,19.05926051400345,4.952160275636653
0.5,113253,su2,10,44.09030355585049,6,100000,0.99915,0.00085,0.99915,0.0,22.853775652929354,5.435954596373649
0.5,113253,su2,10,44.09030355585049,7,100000,0.99967,0.00033,0.99967,0.0,26.660475862533875,5.874904621447623
0.5,113253,su2,10,44.09030355585049,8,100000,0.99983,0.00017,0.99983,0.0,30.46936723171479,6.271727653333185
0.5,113253,su2,10,44.09030355585049,9,100000,0.99996,4e-05,0.99996,0.0,34.27726923251432,6.651211267542378
0.5,113253,su2,10,44.09030355585049,10,100000,0.99996,4e-05,0.99996,0.0,38.07522542131047,7.015683999916789
0.5,113253,su2,10,44.09030355585049,11,100000,0.99998,2e-05,0.99998,0.0,41.865891778015126,7.3564829660454025
0.5,113253,su2,10,44.09030355585049,12,100000,0.99999,1e-05,0.99999,0.0,45.67084531610815,7.684362264757571
0.5,113253,su2,11,54.81259928252777,1,100000,0.91585,0.08415,0.91585,0.0,3.8190061653836636,2.2168557786076977
0.5,113253,su2,11,54.81259928252777,2,100000,0.97496,0.02504,0.97496,0.0,7.608159515331858,3.149614900475023
0.5,113253,su2,11,54.81259928252777,3,100000,0.98931,0.01069,0.98931,0.0,11.409730192134093,3.8553727651779317
0.5,113253,su2,11,54.81259928252777,4,100000,0.99515,0.00485,0.99515,0.0,15.213279995974048,4.43603209346797
0.5,113253,su2,11,54.81259928252777,5,100000,0.99786,0.00214,0.99786,0.0,19.012630303253328,4.9535293520458055
0.5,113253,su2,11,54.81259928252777,6,100000,0.99905,0.00095,0.99905,0.0,22.805011507493006,5.437775908610087
0.5,113253,su2,11,54.81259928252777,7,100000,0.9995,0.0005,0.9995,0.0,26.600654448443997,5.8793047458962056
0.5,113253,su2,11,54.81259928252777,8,100000,0.99977,0.00023,0.99977,0.0,30.38946274578773,6.294667658996957
0.5,113253,su2,11,54.81259928252777,9,100000,0.99988,0.00012,0.99988,0.0,34.191434102393536,6.673689606168627
0.5,113253,su2,11,54.81259928252777,10,100000,0.99993,7e-05,0.99993,0.0,37.99057618066537,7.039131903287906
0.5,113253,su2,11,54.81259928252777,11,100000,0.99997,3e-05,0.99997,0.0,41.775151925805076,7.382938528181323
0.5,113253,su2,11,54.81259928252777,12,100000,0.99999,1e-05,0.99999,0.0,45.575393363975564,7.707869325765506
0.5,113253,su2,12,68.14244397980099,1,100000,0.91855,0.08145,0.91855,0.0,3.84327860977609,2.1956316950201913
0.5,113253,su2,12,68.14244397980099,2,100000,0.97552,0.02448,0.97552,0.0,7.657422849147593,3.1213533943554137
0.5,113253,su2,12,68.14244397980099,3,100000,0.98967,0.01033,0.98967,0.0,11.46971998099108,3.827319447743677
0.5,113253,su2,12,68.14244397980099,4,100000,0.99516,0.00484,0.99516,0.0,15.260936145580695,4.425839882156482
0.5,113253,su2,12,68.14244397980099,5,100000,0.99804,0.00196,0.99804,0.0,19.073540815788814,4.9480924202610455
0.5,113253,su2,12,68.14244397980099,6,100000,0.99887,0.00113,0.99887,0.0,22.877626945159854,5.42444069238115
0.5,113253,su2,12,68.14244397980099,7,100000,0.99961,0.00039,0.99961,0.0,26.67455102710472,5.860980265272721
0.5,113253,su2,12,68.14244397980099,8,100000,0.99982,0.00018,0.99982,0.0,30.466459008038317,6.264779439391609
0.5,113253,su2,12,68.14244397980099,9,100000,0.99993,7e-05,0.99993,0.0,34.266697012357014,6.651001539579732
0.5,113253,su2,12,68.14244397980099,10,100000,0.99998,2e-05,0.99998,0.0,38.063970182346885,7.027906657075098
0.5,113253,su2,12,68.14244397980099,11,100000,0.99999,1e-05,0.99999,0.0,41.862438838401076,7.3597390868486
0.5,113253,su2,12,68.14244397980099,12,100000,1.0,0.0,1.0,0.0,45.660126868613766,7.687555154818949
0.5,113253,su2,13,84.71396599176529,1,100000,0.91602,0.08398,0.91602,0.0,3.8135236405194797,2.2257147118211056
0.5,113253,su2,13,84.71396599176529,2,100000,0.97563,0.02437,0.97563,0.0,7.621748882955754,3.1430762461602426
0.5,113253,su2,13,84.71396599176529,3,100000,0.98846,0.01154,0.98846,0.0,11.42089762839179,3.8696901750447483
0.5,113253,su2,13,84.71396599176529,4,100000,0.99482,0.00518,0.99482,0.0,15.216940297234338,4.467329101135015
0.5,113253,su2,13,84.71396599176529,5,100000,0.9977,0.0023,0.9977,0.0,19.00154369746602,5.001838339822587
0.5,113253,su2,13,84.71396599176529,6,100000,0.99899,0.00101,0.99899,0.0,22.78945538636071,5.475667712932221
0.5,113253,su2,13,84.71396599176529,7,100000,0.99957,0.00043,0.99957,0.0,26.58927252556176,5.910247311088337
0.5,113253,su2,13,84.71396599176529,8,100000,0.9998,0.0002,0.9998,0.0,30.372228228685927,6.319539752673441
0.5,113253,su2,13,84.71396599176529,9,100000,0.99992,8e-05,0.99992,0.0,34.16039416191623,6.707438834335232
0.5,113253,su2,13,84.71396599176529,10,100000,0.99998,2e-05,0.99998,0.0,37.93998451835877,7.082178930700039
0.5,113253,su2,13,84.71396599176529,11,100000,0.99998,2e-05,0.99998,0.0,41.73775834976651,7.4116943165195615
0.5,113253,su2,13,84.71396599176529,12,100000,1.0,0.0,1.0,0.0,45.53203058888548,7.757791795903613
0.5,113253,su2,14,105.31550697214851,1,100000,0.9164,0.0836,0.9164,0.0,3.8122767501952097,2.225392845648822
0.5,113253,su2,14,105.31550697214851,2,100000,0.97463,0.02537,0.97463,0.0,7.605976240441438,3.1483408494253537
0.5,113253,su2,14,105.31550697214851,3,100000,0.98936,0.01064,0.98936,0.0,11.402950873470362,3.8402541459732777
0.5,113253,su2,14,105.31550697214851,4,100000,0.99523,0.00477,0.99523,0.0,15.20084940176817,4.43770694593768
0.5,113253,su2,14,105.31550697214851,5,100000,0.99783,0.00217,0.99783,0.0,19.00389787814353,4.955800651098417
0.5,113253,su2,14,105.31550697214851,6,100000,0.9991,0.0009,0.9991,0.0,22.796692627269557,5.439684564687746
0.5,113253,su2,14,105.31550697214851,7,100000,0.99953,0.00047,0.99953,0.0,26.58232831544875,5.885727123575931
0.5,113253,su2,14,105.31550697214851,8,100000,0.99974,0.00026,0.99974,0.0,30.372182639044343,6.29557813811357
0.5,113253,su2,14,105.31550697214851,9,100000,0.99994,6e-05,0.99994,0.0,34.170595238100475,6.6706822900481635
0.5,113253,su2,14,105.31550697214851,10,100000,0.99992,8e-05,0.99992,0.0,37.97464626477569,7.02990255590742
0.5,113253,su2,14,105.31550697214851,11,100000,0.99998,2e-05,0.99998,0.0,41.76240290828928,7.377882989558156
0.5,113253,su2,14,105.31550697214851,12,100000,1.0,0.0,1.0,0.0,45.55246983526649,7.712521534568104
0.5,113253,su2,15,130.92712493095644,1,100000,0.91697,0.08303,0.91697,0.0,3.8227563032529184,2.216424962685074
0.5,113253,su2,15,130.92712493095644,2,100000,0.97548,0.02452,0.97548,0.0,7.634374392534684,3.131359975871526
0.5,113253,su2,15,130.92712493095644,3,100000,0.98926,0.01074,0.98926,0.0,11.430031943445895,3.83980365077628
0.5,113253,su2,15,130.92712493095644,4,100000,0.9949,0.0051,0.9949,0.0,15.220764356498256,4.4444303984644415
0.5,113253,su2,15,130.92712493095644,5,100000,0.99774,0.00226,0.99774,0.0,19.00262104856338,4.973018635759424
0.5,113253,su2,15,130.92712493095644,6,100000,0.99894,0.00106,0.99894,0.0,22.796461748595043,5.456763816509743
0.5,113253,su2,15,130.92712493095644,7,100000,0.99946,0.00054,0.99946,0.0,26.598794653129097,5.893971103264605
0.5,113253,su2,15,130.92712493095644,8,100000,0.99982,0.00018,0.99982,0.0,30.396441796979083,6.298558802863312
0.5,113253,su2,15,130.92712493095644,9,100000,0.99993,7e-05,0.99993,0.0,34.17015352234676,6.691717168744899
0.5,113253,su2,15,130.92712493095644,10,100000,0.99998,2e-05,0.99998,0.0,37.96646055046022,7.034615531360693
0.5,113253,su2,15,130.92712493095644,11,100000,0.99999,1e-05,0.99999,0.0,41.77051337084816,7.377030582585005
0.5,113253,su2,15,130.92712493095644,12,100000,1.0,0.0,1.0,0.0,45.572876570715586,7.704513329432097
0.5,113253,su2,16,162.76721762560175,1,100000,0.91618,0.08382,0.91618,0.0,3.818904712581334,2.236155205543915
0.5,113253,su2,16,162.76721762560175,2,100000,0.97404,0.02596,0.97404,0.0,7.609035160763124,3.167228648456005
0.5,113253,su2,16,162.76721762560175,3,100000,0.98875,0.01125,0.98875,0.0,11.402994454769976,3.869579050095224
0.5,113253,su2,16,162.76721762560175,4,100000,0.99516,0.00484,0.99516,0.0,15.205698788292404,4.465191488288037
0.5,113253,su2,16,162.76721762560175,5,100000,0.99776,0.00224,0.99776,0.0,18.997414381578746,5.003061197899101
0.5,113253,su2,16,162.76721762560175,6,100000,0.99894,0.00106,0.99894,0.0,22.793980433622032,5.480175034043535
0.5,113253,su2,16,162.76721762560175,7,100000,0.9995,0.0005,0.9995,0.0,26.58699107775633,5.917788385622103
0.5,113253,su2,16,162.76721762560175,8,100000,0.99981,0.00019,0.99981,0.0,30.36917292442702,6.333278087976493
0.5,113253,su2,16,162.76721762560175,9,100000,0.99986,0.00014,0.99986,0.0,34.15977285664926,6.732542212213806
0.5,113253,su2,16,162.76721762560175,10,100000,0.99996,4e-05,0.99996,0.0,37.94440593818368,7.095182977978765
0.5,113253,su2,16,162.76721762560175,11,100000,0.99998,2e-05,0.99998,0.0,41.732351321107316,7.438506133281318
0.5,113253,su2,16,162.76721762560175,12,100000,0.99999,1e-05,0.99999,0.0,45.51317490236085,7.766180899468786
0.5,113253,su2,17,202.35048426787822,1,100000,0.91573,0.08427,0.91573,0.0,3.818644548019094,2.2230792642242805
0.5,113253,su2,17,202.35048426787822,2,100000,0.97545,0.02455,0.97545,0.0,7.6186536830481115,3.1316570612528847
0.5,113253,su2,17,202.35048426787822,3,100000,0.98926,0.01074,0.98926,0.0,11.423657086271783,3.8336189082658607
0.5,113253,su2,17,202.35048426787822,4,100000,0.99563,0.00437,0.99563,0.0,15.22361508670035,4.419259133764211
0.5,113253,su2,17,202.35048426787822,5,100000,0.99811,0.00189,0.99811,0.0,19.023223776601196,4.936163184288064
0.5,113253,su2,17,202.35048426787822,6,100000,0.99919,0.00081,0.99919,0.0,22.823100565651742,5.412456780589498
0.5,113253,su2,17,202.35048426787822,7,100000,0.99966,0.00034,0.99966,0.0,26.62794183940974,5.851782687398985
0.5,113253,su2,17,202.35048426787822,8,100000,0.99989,0.00011,0.99989,0.0,30.426497598054585,6.251873974664016
0.5,113253,su2,17,202.35048426787822,9,100000,0.99997,3e-05,0.99997,0.0,34.226535789290836,6.640771717300553
0.5,113253,su2,17,202.35048426787822,10,100000,0.99997,3e-05,0.99997,0.0,38.02365794948734,7.0040842606290585
0.5,113253,su2,17,202.35048426787822,11,100000,0.99999,1e-05,0.99999,0.0,41.81793960651576,7.348068664878015
0.5,113253,su2,17,202.35048426787822,12,100000,0.99998,2e-05,0.99998,0.0,45.61666313249888,7.666523406934479
0.5,113253,su2,18,251.55998290533202,1,100000,0.91622,0.08378,0.91622,0.0,3.8094956170459113,2.2271536295393446
0.5,113253,su2,18,251.55998290533202,2,100000,0.9751,0.0249,0.9751,0.0,7.611696857034213,3.1486753316667344
0.5,113253,su2,18,251.55998290533202,3,100000,0.98941,0.01059,0.98941,0.0,11.410635585124819,3.8611644907382483
0.5,113253,su2,18,251.55998290533202,4,100000,0.99511,0.00489,0.99511,0.0,15.21180487809856,4.473002155326661
0.5,113253,su2,18,251.55998290533202,5,100000,0.9978,0.0022,0.9978,0.0,19.000663305941146,4.990899618838203
0.5,113253,su2,18,251.55998290533202,6,100000,0.99907,0.00093,0.99907,0.0,22.782245376135705,5.4878380058459975
0.5,113253,su2,18,251.55998290533202,7,100000,0.99954,0.00046,0.99954,0.0,26.563581006283457,5.937716076398342
0.5,113253,su2,18,251.55998290533202,8,100000,0.99983,0.00017,0.99983,0.0,30.350429267188638,6.346600617841874
0.5,113253,su2,18,251.55998290533202,9,100000,0.9999,0.0001,0.9999,0.0,34.13074144091232,6.729911957033223
0.5,113253,su2,18,251.55998290533202,10,100000,0.99997,3e-05,0.99997,0.0,37.91576419878452,7.081822936518893
0.5,113253,su2,18,251.55998290533202,11,100000,0.99997,3e-05,0.99997,0.0,41.70646345517175,7.434368254842189
0.5,113253,su2,18,251.55998290533202,12,100000,0.99998,2e-05,0.99998,0.0,45.490207063441936,7.765774864376143
0.5,113253,su2,19,312.7367113960327,1,100000,0.91526,0.08474,0.91526,0.0,3.8086000961109905,2.223976324852127
0.5,113253,su2,19,312.7367113960327,2,100000,0.97448,0.02552,0.97448,0.0,7.604929473659123,3.1544922130378295
0.5,113253,su2,19,312.7367113960327,3,100000,0.98885,0.01115,0.98885,0.0,11.404061168080144,3.860345679735705
0.5,113253,su2,19,312.7367113960327,4,100000,0.995,0.005,0.995,0.0,15.192628548674561,4.460074896094442
0.5,113253,su2,19,312.7367113960327,5,100000,0.99779,0.00221,0.99779,0.0,18.971588537891304,5.001096223915386
0.5,113253,su2,19,312.7367113960327,6,100000,0.99912,0.00088,0.99912,0.0,22.76865468772261,5.466051692182918
0.5,113253,su2,19,312.7367113960327,7,100000,0.9996,0.0004,0.9996,0.0,26.56086239590904,5.908865882169863
0.5,113253,su2,19,312.7367113960327,8,100000,0.99982,0.00018,0.99982,0.0,30.338741916845724,6.323291952810283
0.5,113253,su2,19,312.7367113960327,9,100000,0.99991,9e-05,0.99991,0.0,34.11912732226023,6.70709095466692
0.5,113253,su2,19,312.7367113960327,10,100000,0.99996,4e-05,0.99996,0.0,37.912633913466024,7.057444312776638
0.5,113253,su2,19,312.7367113960327,11,100000,0.99998,2e-05,0.99998,0.0,41.70460086301918,7.395652074186387
0.5,113253,su2,19,312.7367113960327,12,100000,1.0,0.0,1.0,0.0,45.50311563520136,7.709504184588731
