mass_GeV,seed,truth_model,truth_lifetime_index,truth_ctau_m,number_of_events,number_of_pseudoexperiments,correct_fraction,selected_photon_fraction,selected_su2_fraction,tie_fraction,mean_profile_statistic_T,std_profile_statistic_T
1.0,73241,photon,0,10.000000000000002,1,100000,0.73684,0.73684,0.26316,0.0,-3.491976096332315,4.729770142693689
1.0,73241,photon,0,10.000000000000002,2,100000,0.83051,0.83051,0.16949,0.0,-6.9964862581447695,6.674307060343127
1.0,73241,photon,0,10.000000000000002,3,100000,0.8919,0.8919,0.1081,0.0,-10.480078260869663,8.17219016288727
1.0,73241,photon,0,10.000000000000002,4,100000,0.9311,0.9311,0.0689,0.0,-13.970855122973589,9.461991626667865
1.0,73241,photon,0,10.000000000000002,5,100000,0.95431,0.95431,0.04569,0.0,-17.41975805678726,10.568754521277276
1.0,73241,photon,0,10.000000000000002,6,100000,0.96834,0.96834,0.03166,0.0,-20.927739242879724,11.572925863134442
1.0,73241,photon,0,10.000000000000002,7,100000,0.97889,0.97889,0.02111,0.0,-24.413465843325262,12.474992765470725
1.0,73241,photon,0,10.000000000000002,8,100000,0.98584,0.98584,0.01416,0.0,-27.932459543050687,13.307667964943436
1.0,73241,photon,0,10.000000000000002,9,100000,0.99015,0.99015,0.00985,0.0,-31.431396559218694,14.131294682413188
1.0,73241,photon,0,10.000000000000002,10,100000,0.9926,0.9926,0.0074,0.0,-34.923119758824626,14.896066231473709
1.0,73241,photon,0,10.000000000000002,11,100000,0.99506,0.99506,0.00494,0.0,-38.42504256697788,15.621945411265754
1.0,73241,photon,0,10.000000000000002,12,100000,0.99651,0.99651,0.00349,0.0,-41.909057714299784,16.307121760259705
1.0,73241,photon,1,10.181372917310114,1,100000,0.7346,0.7346,0.2654,0.0,-3.5058019838702923,4.7458662875029765
1.0,73241,photon,1,10.181372917310114,2,100000,0.83115,0.83115,0.16885,0.0,-7.031279207471397,6.707413653425059
1.0,73241,photon,1,10.181372917310114,3,100000,0.893,0.893,0.107,0.0,-10.524937168263616,8.191691146846859
1.0,73241,photon,1,10.181372917310114,4,100000,0.93122,0.93122,0.06878,0.0,-14.059085458264837,9.465210226502776
1.0,73241,photon,1,10.181372917310114,5,100000,0.95437,0.95437,0.04563,0.0,-17.551960257684335,10.593565772299744
1.0,73241,photon,1,10.181372917310114,6,100000,0.96898,0.96898,0.03102,0.0,-21.04857235512182,11.591468916357842
1.0,73241,photon,1,10.181372917310114,7,100000,0.97949,0.97949,0.02051,0.0,-24.582532701174998,12.546079854589982
1.0,73241,photon,1,10.181372917310114,8,100000,0.98551,0.98551,0.01449,0.0,-28.098032457901482,13.412101676383925
1.0,73241,photon,1,10.181372917310114,9,100000,0.98998,0.98998,0.01002,0.0,-31.611535798466463,14.216076325042348
1.0,73241,photon,1,10.181372917310114,10,100000,0.99312,0.99312,0.00688,0.0,-35.11488043134629,14.978854670054513
1.0,73241,photon,1,10.181372917310114,11,100000,0.99508,0.99508,0.00492,0.0,-38.627188991896084,15.726245829632951
1.0,73241,photon,1,10.181372917310114,12,100000,0.99642,0.99642,0.00358,0.0,-42.11545589693975,16.42619532106034
1.0,73241,photon,2,10.36603544813358,1,100000,0.73817,0.73817,0.26183,0.0,-3.5262372898150813,4.734431047688484
1.0,73241,photon,2,10.36603544813358,2,100000,0.83175,0.83175,0.16825,0.0,-7.052068524375598,6.708160135610506
1.0,73241,photon,2,10.36603544813358,3,100000,0.89298,0.89298,0.10702,0.0,-10.553578932442765,8.20843715551819
1.0,73241,photon,2,10.36603544813358,4,100000,0.93218,0.93218,0.06782,0.0,-14.077281196647922,9.480240421925743
1.0,73241,photon,2,10.36603544813358,5,100000,0.95503,0.95503,0.04497,0.0,-17.592120538496726,10.59345990636127
1.0,73241,photon,2,10.36603544813358,6,100000,0.96971,0.96971,0.03029,0.0,-21.092531607845615,11.57411461667043
1.0,73241,photon,2,10.36603544813358,7,100000,0.98001,0.98001,0.01999,0.0,-24.615049763631838,12.491940091384313
1.0,73241,photon,2,10.36603544813358,8,100000,0.98597,0.98597,0.01403,0.0,-28.146022229314738,13.36804832011998
1.0,73241,photon,2,10.36603544813358,9,100000,0.99009,0.99009,0.00991,0.0,-31.675209263067412,14.187990321101951
1.0,73241,photon,2,10.36603544813358,10,100000,0.99317,0.99317,0.00683,0.0,-35.18874556376162,14.933478074083034
1.0,73241,photon,2,10.36603544813358,11,100000,0.99512,0.99512,0.00488,0.0,-38.695460380729756,15.67350161949044
1.0,73241,photon,2,10.36603544813358,12,100000,0.99649,0.99649,0.00351,0.0,-42.21836106302616,16.357759387432203
1.0,73241,photon,3,10.554047257150385,1,100000,0.7362,0.7362,0.2638,0.0,-3.511871303560741,4.743149617332774
1.0,73241,photon,3,10.554047257150385,2,100000,0.83199,0.83199,0.16801,0.0,-7.04663989838772,6.697157312094671
1.0,73241,photon,3,10.554047257150385,3,100000,0.89352,0.89352,0.10648,0.0,-10.562189342083833,8.185822329895014
1.0,73241,photon,3,10.554047257150385,4,100000,0.93298,0.93298,0.06702,0.0,-14.081787706777991,9.462850703908803
1.0,73241,photon,3,10.554047257150385,5,100000,0.95554,0.95554,0.04446,0.0,-17.591125736947966,10.580772440475199
1.0,73241,photon,3,10.554047257150385,6,100000,0.96946,0.96946,0.03054,0.0,-21.094345900357048,11.614196162360177
1.0,73241,photon,3,10.554047257150385,7,100000,0.97884,0.97884,0.02116,0.0,-24.625326292068088,12.540143278623542
1.0,73241,photon,3,10.554047257150385,8,100000,0.98589,0.98589,0.01411,0.0,-28.14576908303937,13.415350997065396
1.0,73241,photon,3,10.554047257150385,9,100000,0.99012,0.99012,0.00988,0.0,-31.667748493321195,14.236739837478563
1.0,73241,photon,3,10.554047257150385,10,100000,0.99343,0.99343,0.00657,0.0,-35.17115124545901,14.995650594298468
1.0,73241,photon,3,10.554047257150385,11,100000,0.99523,0.99523,0.00477,0.0,-38.65794959354585,15.735483384342837
1.0,73241,photon,3,10.554047257150385,12,100000,0.99656,0.99656,0.00344,0.0,-42.179024113221836,16.44309874176379
1.0,73241,photon,4,10.745469091196195,1,100000,0.73721,0.73721,0.26279,0.0,-3.5420750566850048,4.745926416711649
1.0,73241,photon,4,10.745469091196195,2,100000,0.83221,0.83221,0.16779,0.0,-7.068858771046982,6.70662191556076
1.0,73241,photon,4,10.745469091196195,3,100000,0.8933,0.8933,0.1067,0.0,-10.596046793586618,8.202469960503636
1.0,73241,photon,4,10.745469091196195,4,100000,0.93229,0.93229,0.06771,0.0,-14.128379273241853,9.485168357868094
1.0,73241,photon,4,10.745469091196195,5,100000,0.95576,0.95576,0.04424,0.0,-17.674271667048245,10.588966437773763
1.0,73241,photon,4,10.745469091196195,6,100000,0.9695,0.9695,0.0305,0.0,-21.19250072637253,11.607106445649714
1.0,73241,photon,4,10.745469091196195,7,100000,0.9795,0.9795,0.0205,0.0,-24.75122965434542,12.519388987813295
1.0,73241,photon,4,10.745469091196195,8,100000,0.98615,0.98615,0.01385,0.0,-28.301722342091114,13.37598938262864
1.0,73241,photon,4,10.745469091196195,9,100000,0.9902,0.9902,0.0098,0.0,-31.845984527515792,14.202740077595324
1.0,73241,photon,4,10.745469091196195,10,100000,0.99321,0.99321,0.00679,0.0,-35.38376515844336,14.966802870594163
1.0,73241,photon,4,10.745469091196195,11,100000,0.99528,0.99528,0.00472,0.0,-38.893443123498514,15.684802114807749
1.0,73241,photon,4,10.745469091196195,12,100000,0.99686,0.99686,0.00314,0.0,-42.4288651805177,16.37649588737547
1.0,73241,photon,5,10.940362798889787,1,100000,0.7401,0.7401,0.2599,0.0,-3.5425964436750386,4.7434111439531925
1.0,73241,photon,5,10.940362798889787,2,100000,0.83388,0.83388,0.16612,0.0,-7.0966245200594535,6.707123346580431
1.0,73241,photon,5,10.940362798889787,3,100000,0.89334,0.89334,0.10666,0.0,-10.600289239347637,8.214416780466824
1.0,73241,photon,5,10.940362798889787,4,100000,0.93247,0.93247,0.06753,0.0,-14.157669832183512,9.467337823212928
1.0,73241,photon,5,10.940362798889787,5,100000,0.95562,0.95562,0.04438,0.0,-17.728566023424946,10.586585362389751
1.0,73241,photon,5,10.940362798889787,6,100000,0.97002,0.97002,0.02998,0.0,-21.25615676182719,11.601214729300102
1.0,73241,photon,5,10.940362798889787,7,100000,0.97953,0.97953,0.02047,0.0,-24.794287548224165,12.543819212834988
1.0,73241,photon,5,10.940362798889787,8,100000,0.98635,0.98635,0.01365,0.0,-28.33212329537608,13.389386722394212
1.0,73241,photon,5,10.940362798889787,9,100000,0.99041,0.99041,0.00959,0.0,-31.8732135386329,14.176820960441855
1.0,73241,photon,5,10.940362798889787,10,100000,0.99367,0.99367,0.00633,0.0,-35.42390667842501,14.953407508375205
1.0,73241,photon,5,10.940362798889787,11,100000,0.99567,0.99567,0.00433,0.0,-38.9792175169494,15.676273672248028
1.0,73241,photon,5,10.940362798889787,12,100000,0.99702,0.99702,0.00298,0.0,-42.54952210122104,16.347535584560216
1.0,73241,photon,6,11.13879135061635,1,100000,0.74024,0.74024,0.25976,0.0,-3.5683211600824016,4.7522565033960635
1.0,73241,photon,6,11.13879135061635,2,100000,0.83683,0.83683,0.16317,0.0,-7.1364502837113,6.693876859565066
1.0,73241,photon,6,11.13879135061635,3,100000,0.89672,0.89672,0.10328,0.0,-10.703611520925067,8.199734360960992
1.0,73241,photon,6,11.13879135061635,4,100000,0.93607,0.93607,0.06393,0.0,-14.274805203760994,9.469426901172476
1.0,73241,photon,6,11.13879135061635,5,100000,0.95782,0.95782,0.04218,0.0,-17.809813611531762,10.577085503468478
1.0,73241,photon,6,11.13879135061635,6,100000,0.97153,0.97153,0.02847,0.0,-21.329920603217822,11.583702662102018
1.0,73241,photon,6,11.13879135061635,7,100000,0.98115,0.98115,0.01885,0.0,-24.899174833520362,12.499588979237311
1.0,73241,photon,6,11.13879135061635,8,100000,0.98706,0.98706,0.01294,0.0,-28.44605871187522,13.364194017212832
1.0,73241,photon,6,11.13879135061635,9,100000,0.99081,0.99081,0.00919,0.0,-31.990838147417293,14.172091872519738
1.0,73241,photon,6,11.13879135061635,10,100000,0.99366,0.99366,0.00634,0.0,-35.54675961319885,14.940873061523616
1.0,73241,photon,6,11.13879135061635,11,100000,0.99552,0.99552,0.00448,0.0,-39.09006347981383,15.67133305115427
1.0,73241,photon,6,11.13879135061635,12,100000,0.99715,0.99715,0.00285,0.0,-42.63247215023858,16.369498338209794
1.0,73241,photon,7,11.340818858873345,1,100000,0.74112,0.74112,0.25888,0.0,-3.5630045331342273,4.745201962215321
1.0,73241,photon,7,11.340818858873345,2,100000,0.83423,0.83423,0.16577,0.0,-7.098117981530469,6.686686001151565
1.0,73241,photon,7,11.340818858873345,3,100000,0.89519,0.89519,0.10481,0.0,-10.66796744445634,8.191960659286904
1.0,73241,photon,7,11.340818858873345,4,100000,0.93412,0.93412,0.06588,0.0,-14.225886618161509,9.474186542312127
1.0,73241,photon,7,11.340818858873345,5,100000,0.95619,0.95619,0.04381,0.0,-17.747922460746167,10.60426300060116
1.0,73241,photon,7,11.340818858873345,6,100000,0.9705,0.9705,0.0295,0.0,-21.302086047630844,11.598961839547112
1.0,73241,photon,7,11.340818858873345,7,100000,0.98045,0.98045,0.01955,0.0,-24.85034661095865,12.523709044760373
1.0,73241,photon,7,11.340818858873345,8,100000,0.98604,0.98604,0.01396,0.0,-28.413962307366738,13.43220711108478
1.0,73241,photon,7,11.340818858873345,9,100000,0.99063,0.99063,0.00937,0.0,-31.963295032872413,14.236332082292517
1.0,73241,photon,7,11.340818858873345,10,100000,0.9937,0.9937,0.0063,0.0,-35.51866856512366,14.974802466193486
1.0,73241,photon,7,11.340818858873345,11,100000,0.99554,0.99554,0.00446,0.0,-39.04442866508723,15.696835108804667
1.0,73241,photon,7,11.340818858873345,12,100000,0.99712,0.99712,0.00288,0.0,-42.588846738822625,16.372079598869526
1.0,73241,photon,8,11.546510598985286,1,100000,0.73987,0.73987,0.26013,0.0,-3.584598364417655,4.756667385726444
1.0,73241,photon,8,11.546510598985286,2,100000,0.8357,0.8357,0.1643,0.0,-7.149558942146837,6.704453627623386
1.0,73241,photon,8,11.546510598985286,3,100000,0.89661,0.89661,0.10339,0.0,-10.747764875866245,8.229174042042745
1.0,73241,photon,8,11.546510598985286,4,100000,0.93447,0.93447,0.06553,0.0,-14.305832401419712,9.50839946627464
1.0,73241,photon,8,11.546510598985286,5,100000,0.9578,0.9578,0.0422,0.0,-17.896842258141547,10.61666009426414
1.0,73241,photon,8,11.546510598985286,6,100000,0.9721,0.9721,0.0279,0.0,-21.475510756387852,11.610134959771695
1.0,73241,photon,8,11.546510598985286,7,100000,0.98121,0.98121,0.01879,0.0,-25.04933084324111,12.524087427295472
1.0,73241,photon,8,11.546510598985286,8,100000,0.9872,0.9872,0.0128,0.0,-28.63122010099315,13.39832706908189
1.0,73241,photon,8,11.546510598985286,9,100000,0.99152,0.99152,0.00848,0.0,-32.20191619675319,14.233047403578178
1.0,73241,photon,8,11.546510598985286,10,100000,0.99418,0.99418,0.00582,0.0,-35.77831233090008,15.023366516675125
1.0,73241,photon,8,11.546510598985286,11,100000,0.99604,0.99604,0.00396,0.0,-39.36394721590339,15.748440880391499
1.0,73241,photon,8,11.546510598985286,12,100000,0.99735,0.99735,0.00265,0.0,-42.95634957541213,16.422129575842405
1.0,73241,photon,9,11.75593303019429,1,100000,0.74236,0.74236,0.25764,0.0,-3.589375419799386,4.745830502603478
1.0,73241,photon,9,11.75593303019429,2,100000,0.8353,0.8353,0.1647,0.0,-7.1846594682036855,6.735001413446911
1.0,73241,photon,9,11.75593303019429,3,100000,0.89694,0.89694,0.10306,0.0,-10.777679769680931,8.23087328250466
1.0,73241,photon,9,11.75593303019429,4,100000,0.93495,0.93495,0.06505,0.0,-14.35162857246736,9.502227728212961
1.0,73241,photon,9,11.75593303019429,5,100000,0.95801,0.95801,0.04199,0.0,-17.94647175328869,10.623759828599562
1.0,73241,photon,9,11.75593303019429,6,100000,0.97213,0.97213,0.02787,0.0,-21.53367967457491,11.634840918936899
1.0,73241,photon,9,11.75593303019429,7,100000,0.98059,0.98059,0.01941,0.0,-25.092798982505034,12.560452811473183
1.0,73241,photon,9,11.75593303019429,8,100000,0.98682,0.98682,0.01318,0.0,-28.63936562754608,13.410936680800477
1.0,73241,photon,9,11.75593303019429,9,100000,0.99113,0.99113,0.00887,0.0,-32.23183784124853,14.215003428937036
1.0,73241,photon,9,11.75593303019429,10,100000,0.99397,0.99397,0.00603,0.0,-35.80103701339541,14.984506905472678
1.0,73241,photon,9,11.75593303019429,11,100000,0.9958,0.9958,0.0042,0.0,-39.34803514649415,15.732488005235794
1.0,73241,photon,9,11.75593303019429,12,100000,0.99702,0.99702,0.00298,0.0,-42.90921440840113,16.45232132151093
1.0,73241,photon,10,11.969153817133158,1,100000,0.74404,0.74404,0.25596,0.0,-3.5960811098024923,4.746949190756602
1.0,73241,photon,10,11.969153817133158,2,100000,0.83663,0.83663,0.16337,0.0,-7.187394052771456,6.720229623837254
1.0,73241,photon,10,11.969153817133158,3,100000,0.89886,0.89886,0.10114,0.0,-10.789711100761298,8.214590500174584
1.0,73241,photon,10,11.969153817133158,4,100000,0.9361,0.9361,0.0639,0.0,-14.405717776587938,9.525057711837654
1.0,73241,photon,10,11.969153817133158,5,100000,0.95897,0.95897,0.04103,0.0,-18.014101395719155,10.637994811616155
1.0,73241,photon,10,11.969153817133158,6,100000,0.97252,0.97252,0.02748,0.0,-21.588831188032408,11.649830486422864
1.0,73241,photon,10,11.969153817133158,7,100000,0.98168,0.98168,0.01832,0.0,-25.184007223694532,12.575595703013931
1.0,73241,photon,10,11.969153817133158,8,100000,0.98782,0.98782,0.01218,0.0,-28.770732792645475,13.439674600201755
1.0,73241,photon,10,11.969153817133158,9,100000,0.99149,0.99149,0.00851,0.0,-32.375308445323704,14.24580120958044
1.0,73241,photon,10,11.969153817133158,10,100000,0.99441,0.99441,0.00559,0.0,-35.969399038350865,15.01370436236209
1.0,73241,photon,10,11.969153817133158,11,100000,0.99624,0.99624,0.00376,0.0,-39.55956696946722,15.763477737156409
1.0,73241,photon,10,11.969153817133158,12,100000,0.99711,0.99711,0.00289,0.0,-43.132954167466984,16.46793046752366
1.0,73241,photon,11,12.186241851687845,1,100000,0.74392,0.74392,0.25608,0.0,-3.6152040585708427,4.754274222374122
1.0,73241,photon,11,12.186241851687845,2,100000,0.83816,0.83816,0.16184,0.0,-7.230758748319166,6.7295847227511425
1.0,73241,photon,11,12.186241851687845,3,100000,0.89875,0.89875,0.10125,0.0,-10.855822169027018,8.24248093657139
1.0,73241,photon,11,12.186241851687845,4,100000,0.93577,0.93577,0.06423,0.0,-14.43551626717752,9.517086648461245
1.0,73241,photon,11,12.186241851687845,5,100000,0.95822,0.95822,0.04178,0.0,-18.03088103980805,10.641571897510364
1.0,73241,photon,11,12.186241851687845,6,100000,0.97251,0.97251,0.02749,0.0,-21.612130520586184,11.639693176216662
1.0,73241,photon,11,12.186241851687845,7,100000,0.98141,0.98141,0.01859,0.0,-25.20991771686742,12.563506074205753
1.0,73241,photon,11,12.186241851687845,8,100000,0.98732,0.98732,0.01268,0.0,-28.814112256009228,13.429334253584468
1.0,73241,photon,11,12.186241851687845,9,100000,0.99156,0.99156,0.00844,0.0,-32.434903948891716,14.257605844521304
1.0,73241,photon,11,12.186241851687845,10,100000,0.99415,0.99415,0.00585,0.0,-36.03194160019877,15.00520022212161
1.0,73241,photon,11,12.186241851687845,11,100000,0.9959,0.9959,0.0041,0.0,-39.62609826358264,15.750870328817827
1.0,73241,photon,11,12.186241851687845,12,100000,0.99711,0.99711,0.00289,0.0,-43.23073395001848,16.46121037681757
1.0,73241,photon,12,12.407267275256567,1,100000,0.74239,0.74239,0.25761,0.0,-3.599702320031347,4.755009370865486
1.0,73241,photon,12,12.407267275256567,2,100000,0.83719,0.83719,0.16281,0.0,-7.201289708118421,6.721829623476705
1.0,73241,photon,12,12.407267275256567,3,100000,0.89818,0.89818,0.10182,0.0,-10.800729219238118,8.22251064483182
1.0,73241,photon,12,12.407267275256567,4,100000,0.93656,0.93656,0.06344,0.0,-14.43819629504187,9.495446116323196
1.0,73241,photon,12,12.407267275256567,5,100000,0.95867,0.95867,0.04133,0.0,-18.02393052115134,10.612282987428781
1.0,73241,photon,12,12.407267275256567,6,100000,0.97274,0.97274,0.02726,0.0,-21.623781419433026,11.601394672258959
1.0,73241,photon,12,12.407267275256567,7,100000,0.98184,0.98184,0.01816,0.0,-25.233693485684615,12.539621334339522
1.0,73241,photon,12,12.407267275256567,8,100000,0.98784,0.98784,0.01216,0.0,-28.844432643942135,13.404685590828974
1.0,73241,photon,12,12.407267275256567,9,100000,0.99183,0.99183,0.00817,0.0,-32.455009693275166,14.213316229701196
1.0,73241,photon,12,12.407267275256567,10,100000,0.99449,0.99449,0.00551,0.0,-36.056037141774866,14.997724345712426
1.0,73241,photon,12,12.407267275256567,11,100000,0.99608,0.99608,0.00392,0.0,-39.67028339757772,15.723893788868804
1.0,73241,photon,12,12.407267275256567,12,100000,0.99751,0.99751,0.00249,0.0,-43.30129607206877,16.443371716447544
1.0,73241,photon,13,12.632301501412519,1,100000,0.74307,0.74307,0.25693,0.0,-3.6337176397969886,4.7612540856415615
1.0,73241,photon,13,12.632301501412519,2,100000,0.83799,0.83799,0.16201,0.0,-7.252797119083495,6.715015339933536
1.0,73241,photon,13,12.632301501412519,3,100000,0.89951,0.89951,0.10049,0.0,-10.875368603949566,8.238968396615162
1.0,73241,photon,13,12.632301501412519,4,100000,0.93736,0.93736,0.06264,0.0,-14.514019736739236,9.5103211547872
1.0,73241,photon,13,12.632301501412519,5,100000,0.95935,0.95935,0.04065,0.0,-18.11232474122492,10.65616620181882
1.0,73241,photon,13,12.632301501412519,6,100000,0.97339,0.97339,0.02661,0.0,-21.735755925916127,11.66068852596347
1.0,73241,photon,13,12.632301501412519,7,100000,0.98228,0.98228,0.01772,0.0,-25.34831414950261,12.576899583121186
1.0,73241,photon,13,12.632301501412519,8,100000,0.98798,0.98798,0.01202,0.0,-28.960525123816087,13.430648084325124
1.0,73241,photon,13,12.632301501412519,9,100000,0.99197,0.99197,0.00803,0.0,-32.57881870487101,14.24150792518888
1.0,73241,photon,13,12.632301501412519,10,100000,0.99456,0.99456,0.00544,0.0,-36.20176635553288,15.007708969603467
1.0,73241,photon,13,12.632301501412519,11,100000,0.99626,0.99626,0.00374,0.0,-39.805112844162196,15.722194943026851
1.0,73241,photon,13,12.632301501412519,12,100000,0.99751,0.99751,0.00249,0.0,-43.40422468146977,16.434220039315694
1.0,73241,photon,14,12.861417238977731,1,100000,0.74124,0.74124,0.25876,0.0,-3.6128891139160935,4.764510433906568
1.0,73241,photon,14,12.861417238977731,2,100000,0.8387,0.8387,0.1613,0.0,-7.259682884477962,6.730633494239973
1.0,73241,photon,14,12.861417238977731,3,100000,0.89861,0.89861,0.10139,0.0,-10.909859283405263,8.27576162374433
1.0,73241,photon,14,12.861417238977731,4,100000,0.93673,0.93673,0.06327,0.0,-14.534774447745965,9.550253706307533
1.0,73241,photon,14,12.861417238977731,5,100000,0.95921,0.95921,0.04079,0.0,-18.15705010813859,10.6564165725362
1.0,73241,photon,14,12.861417238977731,6,100000,0.97297,0.97297,0.02703,0.0,-21.78165088520664,11.679884217104265
1.0,73241,photon,14,12.861417238977731,7,100000,0.98156,0.98156,0.01844,0.0,-25.38664247545246,12.61450513680779
1.0,73241,photon,14,12.861417238977731,8,100000,0.98761,0.98761,0.01239,0.0,-28.99810544807869,13.479761873325833
1.0,73241,photon,14,12.861417238977731,9,100000,0.99144,0.99144,0.00856,0.0,-32.62235680696538,14.267334393912625
1.0,73241,photon,14,12.861417238977731,10,100000,0.99448,0.99448,0.00552,0.0,-36.235216712121044,15.031989516140246
1.0,73241,photon,14,12.861417238977731,11,100000,0.99612,0.99612,0.00388,0.0,-39.83532741382722,15.748614961302552
1.0,73241,photon,14,12.861417238977731,12,100000,0.9971,0.9971,0.0029,0.0,-43.453729641422406,16.437109989770804
1.0,73241,photon,15,13.09468851551533,1,100000,0.74562,0.74562,0.25438,0.0,-3.663852024904337,4.762909981457499
1.0,73241,photon,15,13.09468851551533,2,100000,0.8419,0.8419,0.1581,0.0,-7.310280904952091,6.719162459497952
1.0,73241,photon,15,13.09468851551533,3,100000,0.9009,0.9009,0.0991,0.0,-10.94733195972774,8.210736350202081
1.0,73241,photon,15,13.09468851551533,4,100000,0.93851,0.93851,0.06149,0.0,-14.592922752370765,9.512507618563848
1.0,73241,photon,15,13.09468851551533,5,100000,0.9604,0.9604,0.0396,0.0,-18.262051321547712,10.635029890889625
1.0,73241,photon,15,13.09468851551533,6,100000,0.97449,0.97449,0.02551,0.0,-21.919950816653405,11.637731138245783
1.0,73241,photon,15,13.09468851551533,7,100000,0.98276,0.98276,0.01724,0.0,-25.554415342641583,12.563710246726304
1.0,73241,photon,15,13.09468851551533,8,100000,0.98839,0.98839,0.01161,0.0,-29.199079471663236,13.428736686898626
1.0,73241,photon,15,13.09468851551533,9,100000,0.992,0.992,0.008,0.0,-32.82943450428511,14.226578327593568
1.0,73241,photon,15,13.09468851551533,10,100000,0.99493,0.99493,0.00507,0.0,-36.45546469757768,14.975036765985573
1.0,73241,photon,15,13.09468851551533,11,100000,0.99632,0.99632,0.00368,0.0,-40.10376067420746,15.704258092217831
1.0,73241,photon,15,13.09468851551533,12,100000,0.99772,0.99772,0.00228,0.0,-43.7297283662336,16.396056050983137
1.0,73241,photon,16,13.332190701247947,1,100000,0.74399,0.74399,0.25601,0.0,-3.6245303048609383,4.759651732788308
1.0,73241,photon,16,13.332190701247947,2,100000,0.83821,0.83821,0.16179,0.0,-7.260303931098491,6.742270402862299
1.0,73241,photon,16,13.332190701247947,3,100000,0.89839,0.89839,0.10161,0.0,-10.88513387431952,8.234146046902774
1.0,73241,photon,16,13.332190701247947,4,100000,0.93735,0.93735,0.06265,0.0,-14.51463458174313,9.500850347936332
1.0,73241,photon,16,13.332190701247947,5,100000,0.96017,0.96017,0.03983,0.0,-18.175993884450122,10.6319301777567
1.0,73241,photon,16,13.332190701247947,6,100000,0.97398,0.97398,0.02602,0.0,-21.83517320773996,11.652950154288918
1.0,73241,photon,16,13.332190701247947,7,100000,0.9828,0.9828,0.0172,0.0,-25.476216661935453,12.569929702076845
1.0,73241,photon,16,13.332190701247947,8,100000,0.98797,0.98797,0.01203,0.0,-29.12951246139729,13.459394604069342
1.0,73241,photon,16,13.332190701247947,9,100000,0.99189,0.99189,0.00811,0.0,-32.75692672192605,14.264306402089765
1.0,73241,photon,16,13.332190701247947,10,100000,0.99436,0.99436,0.00564,0.0,-36.39763190493876,15.030877869086309
1.0,73241,photon,16,13.332190701247947,11,100000,0.99618,0.99618,0.00382,0.0,-40.01612400813309,15.767526437739164
1.0,73241,photon,16,13.332190701247947,12,100000,0.99732,0.99732,0.00268,0.0,-43.64462122242057,16.44238450059869
1.0,73241,photon,17,13.57400053340996,1,100000,0.74291,0.74291,0.25709,0.0,-3.6300066001715865,4.753444926988739
1.0,73241,photon,17,13.57400053340996,2,100000,0.84119,0.84119,0.15881,0.0,-7.288780546280843,6.704273433917107
1.0,73241,photon,17,13.57400053340996,3,100000,0.90149,0.90149,0.09851,0.0,-10.952474923565555,8.237935341722283
1.0,73241,photon,17,13.57400053340996,4,100000,0.93897,0.93897,0.06103,0.0,-14.605279863930972,9.497265894843224
1.0,73241,photon,17,13.57400053340996,5,100000,0.96044,0.96044,0.03956,0.0,-18.245298635432963,10.606695727431493
1.0,73241,photon,17,13.57400053340996,6,100000,0.97427,0.97427,0.02573,0.0,-21.886439151870352,11.609517091484845
1.0,73241,photon,17,13.57400053340996,7,100000,0.98284,0.98284,0.01716,0.0,-25.519758435469246,12.55578108565285
1.0,73241,photon,17,13.57400053340996,8,100000,0.98816,0.98816,0.01184,0.0,-29.15279920113488,13.40035526040799
1.0,73241,photon,17,13.57400053340996,9,100000,0.99204,0.99204,0.00796,0.0,-32.789991503961694,14.219048593084072
1.0,73241,photon,17,13.57400053340996,10,100000,0.99452,0.99452,0.00548,0.0,-36.43550634829961,14.996300731954312
1.0,73241,photon,17,13.57400053340996,11,100000,0.99634,0.99634,0.00366,0.0,-40.046380345055674,15.739529410182328
1.0,73241,photon,17,13.57400053340996,12,100000,0.99738,0.99738,0.00262,0.0,-43.67197254391058,16.4326366799391
1.0,73241,photon,18,13.820196141041313,1,100000,0.74703,0.74703,0.25297,0.0,-3.6831571580626044,4.773546128414622
1.0,73241,photon,18,13.820196141041313,2,100000,0.84113,0.84113,0.15887,0.0,-7.357516885251172,6.737098087421901
1.0,73241,photon,18,13.820196141041313,3,100000,0.90178,0.90178,0.09822,0.0,-11.009104125374414,8.238367763360266
1.0,73241,photon,18,13.820196141041313,4,100000,0.93831,0.93831,0.06169,0.0,-14.65734221300782,9.514861812070196
1.0,73241,photon,18,13.820196141041313,5,100000,0.96031,0.96031,0.03969,0.0,-18.315950012573452,10.63672626522431
1.0,73241,photon,18,13.820196141041313,6,100000,0.97397,0.97397,0.02603,0.0,-21.969871228257954,11.658073611509677
1.0,73241,photon,18,13.820196141041313,7,100000,0.98225,0.98225,0.01775,0.0,-25.6147741793352,12.594586647554067
1.0,73241,photon,18,13.820196141041313,8,100000,0.98753,0.98753,0.01247,0.0,-29.258013166095974,13.448932146275036
1.0,73241,photon,18,13.820196141041313,9,100000,0.99185,0.99185,0.00815,0.0,-32.89469738395284,14.254609512121423
1.0,73241,photon,18,13.820196141041313,10,100000,0.99443,0.99443,0.00557,0.0,-36.52598684894486,15.033967890471637
1.0,73241,photon,18,13.820196141041313,11,100000,0.99633,0.99633,0.00367,0.0,-40.17271127003228,15.753729964677394
1.0,73241,photon,18,13.820196141041313,12,100000,0.99752,0.99752,0.00248,0.0,-43.799341350927335,16.469708611405984
1.0,73241,photon,19,14.070857070231174,1,100000,0.74529,0.74529,0.25471,0.0,-3.6616514215793203,4.765139251551129
1.0,73241,photon,19,14.070857070231174,2,100000,0.84163,0.84163,0.15837,0.0,-7.326963386030624,6.724889335827964
1.0,73241,photon,19,14.070857070231174,3,100000,0.90162,0.90162,0.09838,0.0,-11.003627024055492,8.221572248658106
1.0,73241,photon,19,14.070857070231174,4,100000,0.93966,0.93966,0.06034,0.0,-14.671045702502196,9.491068396682781
1.0,73241,photon,19,14.070857070231174,5,100000,0.96125,0.96125,0.03875,0.0,-18.349826499411126,10.590317268751244
1.0,73241,photon,19,14.070857070231174,6,100000,0.97392,0.97392,0.02608,0.0,-22.03780139551533,11.607544409945891
1.0,73241,photon,19,14.070857070231174,7,100000,0.98272,0.98272,0.01728,0.0,-25.699126499215165,12.56409863749381
1.0,73241,photon,19,14.070857070231174,8,100000,0.98844,0.98844,0.01156,0.0,-29.336128216230367,13.426918467131507
1.0,73241,photon,19,14.070857070231174,9,100000,0.99224,0.99224,0.00776,0.0,-33.027217727669154,14.243557635109507
1.0,73241,photon,19,14.070857070231174,10,100000,0.99455,0.99455,0.00545,0.0,-36.67313478782304,15.04047328034025
1.0,73241,photon,19,14.070857070231174,11,100000,0.99618,0.99618,0.00382,0.0,-40.320635603317164,15.776297599809078
1.0,73241,photon,19,14.070857070231174,12,100000,0.99745,0.99745,0.00255,0.0,-43.93906218252293,16.485316999432403
1.0,73241,su2,0,10.000000000000002,1,100000,0.8351,0.1649,0.8351,0.0,1.9089131984710164,1.78081458144799
1.0,73241,su2,0,10.000000000000002,2,100000,0.91742,0.08258,0.91742,0.0,3.81460389871773,2.512412310099576
1.0,73241,su2,0,10.000000000000002,3,100000,0.9506,0.0494,0.9506,0.0,5.716795276651677,3.0797243227552262
1.0,73241,su2,0,10.000000000000002,4,100000,0.9674,0.0326,0.9674,0.0,7.612975378265507,3.5629619674268915
1.0,73241,su2,0,10.000000000000002,5,100000,0.978,0.022,0.978,0.0,9.506984564663696,3.980296760379746
1.0,73241,su2,0,10.000000000000002,6,100000,0.98528,0.01472,0.98528,0.0,11.389428596195025,4.363681576365332
1.0,73241,su2,0,10.000000000000002,7,100000,0.98997,0.01003,0.98997,0.0,13.27280570505715,4.7224632321173665
1.0,73241,su2,0,10.000000000000002,8,100000,0.99339,0.00661,0.99339,0.0,15.147276809626245,5.053872801782965
1.0,73241,su2,0,10.000000000000002,9,100000,0.99562,0.00438,0.99562,0.0,17.027616211981787,5.36813386092131
1.0,73241,su2,0,10.000000000000002,10,100000,0.99684,0.00316,0.99684,0.0,18.912900807849013,5.659352051699064
1.0,73241,su2,0,10.000000000000002,11,100000,0.9978,0.0022,0.9978,0.0,20.796067881526746,5.932846964132242
1.0,73241,su2,0,10.000000000000002,12,100000,0.99861,0.00139,0.99861,0.0,22.68307978455861,6.196204215338825
1.0,73241,su2,1,11.505277171756266,1,100000,0.83237,0.16763,0.83237,0.0,1.8982434698897808,1.774911313635335
1.0,73241,su2,1,11.505277171756266,2,100000,0.91697,0.08303,0.91697,0.0,3.789042747475115,2.5067403248036078
1.0,73241,su2,1,11.505277171756266,3,100000,0.95005,0.04995,0.95005,0.0,5.67570180401462,3.0773132514203922
1.0,73241,su2,1,11.505277171756266,4,100000,0.96757,0.03243,0.96757,0.0,7.559647523419957,3.5589565378123442
1.0,73241,su2,1,11.505277171756266,5,100000,0.97877,0.02123,0.97877,0.0,9.430732049361131,3.9804513746785584
1.0,73241,su2,1,11.505277171756266,6,100000,0.98557,0.01443,0.98557,0.0,11.321144304152252,4.3640237235917905
1.0,73241,su2,1,11.505277171756266,7,100000,0.99036,0.00964,0.99036,0.0,13.201862695649409,4.708379261875359
1.0,73241,su2,1,11.505277171756266,8,100000,0.99376,0.00624,0.99376,0.0,15.072884018385839,5.035738529126943
1.0,73241,su2,1,11.505277171756266,9,100000,0.99577,0.00423,0.99577,0.0,16.9431364147084,5.343831977822926
1.0,73241,su2,1,11.505277171756266,10,100000,0.99716,0.00284,0.99716,0.0,18.809563182657612,5.640156444447332
1.0,73241,su2,1,11.505277171756266,11,100000,0.99824,0.00176,0.99824,0.0,20.68278722576484,5.901592240093765
1.0,73241,su2,1,11.505277171756266,12,100000,0.99868,0.00132,0.99868,0.0,22.553092591945603,6.163965652592147
1.0,73241,su2,2,13.237140279893586,1,100000,0.83303,0.16697,0.83303,0.0,1.8915726391986831,1.788658147500776
1.0,73241,su2,2,13.237140279893586,2,100000,0.91399,0.08601,0.91399,0.0,3.7632066369638184,2.5363603683423577
1.0,73241,su2,2,13.237140279893586,3,100000,0.94744,0.05256,0.94744,0.0,5.62647292726406,3.1175587715128152
1.0,73241,su2,2,13.237140279893586,4,100000,0.9642,0.0358,0.9642,0.0,7.493213011312515,3.6088952648885213
1.0,73241,su2,2,13.237140279893586,5,100000,0.97601,0.02399,0.97601,0.0,9.355955920494337,4.036729629243271
1.0,73241,su2,2,13.237140279893586,6,100000,0.9841,0.0159,0.9841,0.0,11.226636882751851,4.418406216401741
1.0,73241,su2,2,13.237140279893586,7,100000,0.98928,0.01072,0.98928,0.0,13.10607333642509,4.774529908395815
1.0,73241,su2,2,13.237140279893586,8,100000,0.99316,0.00684,0.99316,0.0,14.966564817938535,5.100534474867693
1.0,73241,su2,2,13.237140279893586,9,100000,0.99523,0.00477,0.99523,0.0,16.835178572616048,5.408327290273747
1.0,73241,su2,2,13.237140279893586,10,100000,0.99682,0.00318,0.99682,0.0,18.698734442778118,5.684748156573447
1.0,73241,su2,2,13.237140279893586,11,100000,0.99781,0.00219,0.99781,0.0,20.56069992799403,5.974047428879365
1.0,73241,su2,2,13.237140279893586,12,100000,0.99878,0.00122,0.99878,0.0,22.43058916982587,6.233121599472784
1.0,73241,su2,3,15.229696788159503,1,100000,0.83179,0.16821,0.83179,0.0,1.892789591474545,1.7851802213753576
1.0,73241,su2,3,15.229696788159503,2,100000,0.91404,0.08596,0.91404,0.0,3.765688518407816,2.5388566456599135
1.0,73241,su2,3,15.229696788159503,3,100000,0.94735,0.05265,0.94735,0.0,5.635862626625994,3.10914235596374
1.0,73241,su2,3,15.229696788159503,4,100000,0.96488,0.03512,0.96488,0.0,7.503368951479194,3.5926692791552495
1.0,73241,su2,3,15.229696788159503,5,100000,0.97683,0.02317,0.97683,0.0,9.373418274752446,4.022236333051486
1.0,73241,su2,3,15.229696788159503,6,100000,0.98401,0.01599,0.98401,0.0,11.227972105651547,4.405047513041642
1.0,73241,su2,3,15.229696788159503,7,100000,0.98924,0.01076,0.98924,0.0,13.080409840104597,4.772426606796787
1.0,73241,su2,3,15.229696788159503,8,100000,0.99248,0.00752,0.99248,0.0,14.946309922906547,5.102963991956059
1.0,73241,su2,3,15.229696788159503,9,100000,0.99518,0.00482,0.99518,0.0,16.80431161129562,5.405060997564846
1.0,73241,su2,3,15.229696788159503,10,100000,0.99667,0.00333,0.99667,0.0,18.668801359247237,5.6979724470730195
1.0,73241,su2,3,15.229696788159503,11,100000,0.99788,0.00212,0.99788,0.0,20.53699153320784,5.964783942254607
1.0,73241,su2,3,15.229696788159503,12,100000,0.99848,0.00152,0.99848,0.0,22.395680016120966,6.236796385531242
1.0,73241,su2,4,17.522188278958126,1,100000,0.82948,0.17052,0.82948,0.0,1.872720059676212,1.8105383968875515
1.0,73241,su2,4,17.522188278958126,2,100000,0.91204,0.08796,0.91204,0.0,3.740826744015895,2.562407521621655
1.0,73241,su2,4,17.522188278958126,3,100000,0.94617,0.05383,0.94617,0.0,5.596009029676327,3.140701165482473
1.0,73241,su2,4,17.522188278958126,4,100000,0.96326,0.03674,0.96326,0.0,7.451925177050441,3.621026506575408
1.0,73241,su2,4,17.522188278958126,5,100000,0.97585,0.02415,0.97585,0.0,9.319696960944302,4.039692463475602
1.0,73241,su2,4,17.522188278958126,6,100000,0.98434,0.01566,0.98434,0.0,11.168068733762889,4.431356257009751
1.0,73241,su2,4,17.522188278958126,7,100000,0.98981,0.01019,0.98981,0.0,13.025846281089759,4.781784733149637
1.0,73241,su2,4,17.522188278958126,8,100000,0.99256,0.00744,0.99256,0.0,14.883841582383742,5.118420568037475
1.0,73241,su2,4,17.522188278958126,9,100000,0.9952,0.0048,0.9952,0.0,16.73180199281255,5.42817912913128
1.0,73241,su2,4,17.522188278958126,10,100000,0.99649,0.00351,0.99649,0.0,18.58677425237995,5.730812507660312
1.0,73241,su2,4,17.522188278958126,11,100000,0.99766,0.00234,0.99766,0.0,20.428239033177675,6.012507128850666
1.0,73241,su2,4,17.522188278958126,12,100000,0.99841,0.00159,0.99841,0.0,22.28210285797298,6.285985223288496
1.0,73241,su2,5,20.159763280511214,1,100000,0.82921,0.17079,0.82921,0.0,1.8743350948437885,1.802757593737695
1.0,73241,su2,5,20.159763280511214,2,100000,0.91103,0.08897,0.91103,0.0,3.7249110547878783,2.5634203469899943
1.0,73241,su2,5,20.159763280511214,3,100000,0.94446,0.05554,0.94446,0.0,5.5674547620794455,3.1466822110328136
1.0,73241,su2,5,20.159763280511214,4,100000,0.9624,0.0376,0.9624,0.0,7.414392458394885,3.63491429303555
1.0,73241,su2,5,20.159763280511214,5,100000,0.97498,0.02502,0.97498,0.0,9.253085712895047,4.066608515476497
1.0,73241,su2,5,20.159763280511214,6,100000,0.98304,0.01696,0.98304,0.0,11.09699136855749,4.455501173687631
1.0,73241,su2,5,20.159763280511214,7,100000,0.98844,0.01156,0.98844,0.0,12.948978919130331,4.803574777612914
1.0,73241,su2,5,20.159763280511214,8,100000,0.99252,0.00748,0.99252,0.0,14.79748786279751,5.131526161236438
1.0,73241,su2,5,20.159763280511214,9,100000,0.99471,0.00529,0.99471,0.0,16.635084110334144,5.454846816206936
1.0,73241,su2,5,20.159763280511214,10,100000,0.9962,0.0038,0.9962,0.0,18.480039497794877,5.753209899643742
1.0,73241,su2,5,20.159763280511214,11,100000,0.9973,0.0027,0.9973,0.0,20.314268290304817,6.041623430412862
1.0,73241,su2,5,20.159763280511214,12,100000,0.99811,0.00189,0.99811,0.0,22.156702553079878,6.305762162712015
1.0,73241,su2,6,23.19436642592759,1,100000,0.82825,0.17175,0.82825,0.0,1.8719796712950925,1.7999178612564997
1.0,73241,su2,6,23.19436642592759,2,100000,0.91047,0.08953,0.91047,0.0,3.7234190503762448,2.546807598258913
1.0,73241,su2,6,23.19436642592759,3,100000,0.94577,0.05423,0.94577,0.0,5.573346201091177,3.123549835273072
1.0,73241,su2,6,23.19436642592759,4,100000,0.96342,0.03658,0.96342,0.0,7.42479231941635,3.61646569128552
1.0,73241,su2,6,23.19436642592759,5,100000,0.97552,0.02448,0.97552,0.0,9.274740587827656,4.046404232308805
1.0,73241,su2,6,23.19436642592759,6,100000,0.98311,0.01689,0.98311,0.0,11.125083562388278,4.434035241589209
1.0,73241,su2,6,23.19436642592759,7,100000,0.98921,0.01079,0.98921,0.0,12.974420019695387,4.779346427910622
1.0,73241,su2,6,23.19436642592759,8,100000,0.99279,0.00721,0.99279,0.0,14.818965588447343,5.1139016298603766
1.0,73241,su2,6,23.19436642592759,9,100000,0.99484,0.00516,0.99484,0.0,16.653587967906045,5.435090702491844
1.0,73241,su2,6,23.19436642592759,10,100000,0.99664,0.00336,0.99664,0.0,18.49259739962488,5.724599099253463
1.0,73241,su2,6,23.19436642592759,11,100000,0.99775,0.00225,0.99775,0.0,20.337856742943117,6.015482931487996
1.0,73241,su2,6,23.19436642592759,12,100000,0.99842,0.00158,0.99842,0.0,22.191691761782337,6.276445810234366
1.0,73241,su2,7,26.685761455357454,1,100000,0.82738,0.17262,0.82738,0.0,1.8602431355460578,1.8235648597605185
1.0,73241,su2,7,26.685761455357454,2,100000,0.90825,0.09175,0.90825,0.0,3.7014258907477546,2.5814657191447994
1.0,73241,su2,7,26.685761455357454,3,100000,0.94351,0.05649,0.94351,0.0,5.5528920288411765,3.156104780363517
1.0,73241,su2,7,26.685761455357454,4,100000,0.96214,0.03786,0.96214,0.0,7.3953495045213185,3.646573470803702
1.0,73241,su2,7,26.685761455357454,5,100000,0.97449,0.02551,0.97449,0.0,9.235282261787257,4.075533196789737
1.0,73241,su2,7,26.685761455357454,6,100000,0.9827,0.0173,0.9827,0.0,11.07369592354358,4.464990324478113
1.0,73241,su2,7,26.685761455357454,7,100000,0.98788,0.01212,0.98788,0.0,12.904048648753475,4.829116145072629
1.0,73241,su2,7,26.685761455357454,8,100000,0.99224,0.00776,0.99224,0.0,14.75168117742535,5.1544851047261275
1.0,73241,su2,7,26.685761455357454,9,100000,0.99468,0.00532,0.99468,0.0,16.589795148259252,5.468239413102113
1.0,73241,su2,7,26.685761455357454,10,100000,0.99611,0.00389,0.99611,0.0,18.421252725295584,5.7654098593743965
1.0,73241,su2,7,26.685761455357454,11,100000,0.99737,0.00263,0.99737,0.0,20.26178368341423,6.054536624112744
1.0,73241,su2,7,26.685761455357454,12,100000,0.99816,0.00184,0.99816,0.0,22.094663842803474,6.326241393727909
1.0,73241,su2,8,30.702708208325753,1,100000,0.82627,0.17373,0.82627,0.0,1.8525067153908903,1.830197260681301
1.0,73241,su2,8,30.702708208325753,2,100000,0.90773,0.09227,0.90773,0.0,3.688740517093344,2.5882327390497686
1.0,73241,su2,8,30.702708208325753,3,100000,0.94248,0.05752,0.94248,0.0,5.5228418536060895,3.1762892878510143
1.0,73241,su2,8,30.702708208325753,4,100000,0.9606,0.0394,0.9606,0.0,7.360069953203787,3.660790993417875
1.0,73241,su2,8,30.702708208325753,5,100000,0.97327,0.02673,0.97327,0.0,9.191464732620227,4.084428981101783
1.0,73241,su2,8,30.702708208325753,6,100000,0.98127,0.01873,0.98127,0.0,11.017518832490232,4.481238503545535
1.0,73241,su2,8,30.702708208325753,7,100000,0.98762,0.01238,0.98762,0.0,12.846792681968138,4.838656802790711
1.0,73241,su2,8,30.702708208325753,8,100000,0.99153,0.00847,0.99153,0.0,14.678847734108187,5.183001261013416
1.0,73241,su2,8,30.702708208325753,9,100000,0.99396,0.00604,0.99396,0.0,16.511455555686272,5.49422287669514
1.0,73241,su2,8,30.702708208325753,10,100000,0.99578,0.00422,0.99578,0.0,18.339063888014213,5.783777948742745
1.0,73241,su2,8,30.702708208325753,11,100000,0.99704,0.00296,0.99704,0.0,20.171662579643584,6.072390880600077
1.0,73241,su2,8,30.702708208325753,12,100000,0.99785,0.00215,0.99785,0.0,22.004629449764742,6.352744987644904
1.0,73241,su2,9,35.32431678603439,1,100000,0.82752,0.17248,0.82752,0.0,1.8673296243345923,1.8075580254935801
1.0,73241,su2,9,35.32431678603439,2,100000,0.91001,0.08999,0.91001,0.0,3.717696408607272,2.5626968440197415
1.0,73241,su2,9,35.32431678603439,3,100000,0.94429,0.05571,0.94429,0.0,5.559039178076623,3.144667504976922
1.0,73241,su2,9,35.32431678603439,4,100000,0.96181,0.03819,0.96181,0.0,7.4084911657231824,3.6379592287598785
1.0,73241,su2,9,35.32431678603439,5,100000,0.97492,0.02508,0.97492,0.0,9.255063642949851,4.067947854613382
1.0,73241,su2,9,35.32431678603439,6,100000,0.98256,0.01744,0.98256,0.0,11.098374815462101,4.46306257416046
1.0,73241,su2,9,35.32431678603439,7,100000,0.98809,0.01191,0.98809,0.0,12.935481288727164,4.8225334185419735
1.0,73241,su2,9,35.32431678603439,8,100000,0.99205,0.00795,0.99205,0.0,14.772543602449785,5.154896644665353
1.0,73241,su2,9,35.32431678603439,9,100000,0.99443,0.00557,0.99443,0.0,16.608492180409677,5.4623243194806435
1.0,73241,su2,9,35.32431678603439,10,100000,0.99631,0.00369,0.99631,0.0,18.445970835698322,5.755251531457802
1.0,73241,su2,9,35.32431678603439,11,100000,0.99731,0.00269,0.99731,0.0,20.27849456449851,6.042649474123486
1.0,73241,su2,9,35.32431678603439,12,100000,0.99823,0.00177,0.99823,0.0,22.11205530217723,6.3182489036356655
1.0,73241,su2,10,40.64160555262483,1,100000,0.82761,0.17239,0.82761,0.0,1.8600757829607721,1.8157390716668078
1.0,73241,su2,10,40.64160555262483,2,100000,0.90984,0.09016,0.90984,0.0,3.705253944263276,2.5653681415996448
1.0,73241,su2,10,40.64160555262483,3,100000,0.94414,0.05586,0.94414,0.0,5.5412134940569695,3.147135578271512
1.0,73241,su2,10,40.64160555262483,4,100000,0.96205,0.03795,0.96205,0.0,7.3754678732078,3.637934247032875
1.0,73241,su2,10,40.64160555262483,5,100000,0.97389,0.02611,0.97389,0.0,9.211601603200592,4.068915508055452
1.0,73241,su2,10,40.64160555262483,6,100000,0.98194,0.01806,0.98194,0.0,11.05643074599982,4.462106125853344
1.0,73241,su2,10,40.64160555262483,7,100000,0.98765,0.01235,0.98765,0.0,12.90060798380894,4.8317160837908055
1.0,73241,su2,10,40.64160555262483,8,100000,0.99167,0.00833,0.99167,0.0,14.733603955477433,5.171354586752695
1.0,73241,su2,10,40.64160555262483,9,100000,0.99394,0.00606,0.99394,0.0,16.55766676311339,5.4877081353992265
1.0,73241,su2,10,40.64160555262483,10,100000,0.99567,0.00433,0.99567,0.0,18.389142048028987,5.776187955562202
1.0,73241,su2,10,40.64160555262483,11,100000,0.99682,0.00318,0.99682,0.0,20.210389052949985,6.063465204794464
1.0,73241,su2,10,40.64160555262483,12,100000,0.99797,0.00203,0.99797,0.0,22.039119424153036,6.328990628187577
1.0,73241,su2,11,46.75929365881369,1,100000,0.8247,0.1753,0.8247,0.0,1.8440705764392422,1.8451609229439594
1.0,73241,su2,11,46.75929365881369,2,100000,0.90667,0.09333,0.90667,0.0,3.6690463896049543,2.600517398992024
1.0,73241,su2,11,46.75929365881369,3,100000,0.94247,0.05753,0.94247,0.0,5.500089060017548,3.177610577031043
1.0,73241,su2,11,46.75929365881369,4,100000,0.96043,0.03957,0.96043,0.0,7.325475580870646,3.666264930933862
1.0,73241,su2,11,46.75929365881369,5,100000,0.97174,0.02826,0.97174,0.0,9.152374743228464,4.107395546728077
1.0,73241,su2,11,46.75929365881369,6,100000,0.9812,0.0188,0.9812,0.0,10.975352231066232,4.494745867766906
1.0,73241,su2,11,46.75929365881369,7,100000,0.98658,0.01342,0.98658,0.0,12.814033140899667,4.856666942443348
1.0,73241,su2,11,46.75929365881369,8,100000,0.9911,0.0089,0.9911,0.0,14.649463147845136,5.196345518280541
1.0,73241,su2,11,46.75929365881369,9,100000,0.99388,0.00612,0.99388,0.0,16.477207755407008,5.507490368993156
1.0,73241,su2,11,46.75929365881369,10,100000,0.99551,0.00449,0.99551,0.0,18.309013845078923,5.808487016565346
1.0,73241,su2,11,46.75929365881369,11,100000,0.99713,0.00287,0.99713,0.0,20.148104062205682,6.086294514842006
1.0,73241,su2,11,46.75929365881369,12,100000,0.99797,0.00203,0.99797,0.0,21.976443971671312,6.358176615436918
1.0,73241,su2,12,53.79786339001967,1,100000,0.82611,0.17389,0.82611,0.0,1.848854033178024,1.8336141345445198
1.0,73241,su2,12,53.79786339001967,2,100000,0.90744,0.09256,0.90744,0.0,3.67984844949025,2.5911669565844666
1.0,73241,su2,12,53.79786339001967,3,100000,0.94207,0.05793,0.94207,0.0,5.5071488913005755,3.1781133225151654
1.0,73241,su2,12,53.79786339001967,4,100000,0.96091,0.03909,0.96091,0.0,7.340104375224479,3.6572750353501116
1.0,73241,su2,12,53.79786339001967,5,100000,0.97357,0.02643,0.97357,0.0,9.166754552191035,4.089752667233905
1.0,73241,su2,12,53.79786339001967,6,100000,0.9816,0.0184,0.9816,0.0,10.99580952370109,4.486384475874574
1.0,73241,su2,12,53.79786339001967,7,100000,0.98741,0.01259,0.98741,0.0,12.82264907343274,4.851725981098795
1.0,73241,su2,12,53.79786339001967,8,100000,0.99094,0.00906,0.99094,0.0,14.6502594096182,5.190580534390874
1.0,73241,su2,12,53.79786339001967,9,100000,0.99364,0.00636,0.99364,0.0,16.476253086153058,5.510988092458646
1.0,73241,su2,12,53.79786339001967,10,100000,0.99547,0.00453,0.99547,0.0,18.303401194351853,5.8121110611762035
1.0,73241,su2,12,53.79786339001967,11,100000,0.99682,0.00318,0.99682,0.0,20.12485719809161,6.09546469984269
1.0,73241,su2,12,53.79786339001967,12,100000,0.99775,0.00225,0.99775,0.0,21.93428872679807,6.3654098141802145
1.0,73241,su2,13,61.895932955045545,1,100000,0.82666,0.17334,0.82666,0.0,1.8522001463518991,1.8216990616471453
1.0,73241,su2,13,61.895932955045545,2,100000,0.90699,0.09301,0.90699,0.0,3.6816802491314693,2.590654313582376
1.0,73241,su2,13,61.895932955045545,3,100000,0.94188,0.05812,0.94188,0.0,5.507040070960542,3.175082222949227
1.0,73241,su2,13,61.895932955045545,4,100000,0.95964,0.04036,0.95964,0.0,7.333449401648125,3.677357727888531
1.0,73241,su2,13,61.895932955045545,5,100000,0.97247,0.02753,0.97247,0.0,9.157897835817078,4.10763448444929
1.0,73241,su2,13,61.895932955045545,6,100000,0.98103,0.01897,0.98103,0.0,10.97770585253999,4.498639572777088
1.0,73241,su2,13,61.895932955045545,7,100000,0.98729,0.01271,0.98729,0.0,12.809658094227165,4.851008557709091
1.0,73241,su2,13,61.895932955045545,8,100000,0.99167,0.00833,0.99167,0.0,14.632381021090335,5.182867031915363
1.0,73241,su2,13,61.895932955045545,9,100000,0.99414,0.00586,0.99414,0.0,16.45575206197241,5.499480575075611
1.0,73241,su2,13,61.895932955045545,10,100000,0.99602,0.00398,0.99602,0.0,18.286111958482472,5.788359044832255
1.0,73241,su2,13,61.895932955045545,11,100000,0.99716,0.00284,0.99716,0.0,20.105146501449685,6.068195949689457
1.0,73241,su2,13,61.895932955045545,12,100000,0.99814,0.00186,0.99814,0.0,21.93229888659258,6.338044967341763
1.0,73241,su2,14,71.21298644522419,1,100000,0.82332,0.17668,0.82332,0.0,1.846536463849831,1.8273704202529173
1.0,73241,su2,14,71.21298644522419,2,100000,0.90671,0.09329,0.90671,0.0,3.681110187798199,2.588024162893827
1.0,73241,su2,14,71.21298644522419,3,100000,0.94203,0.05797,0.94203,0.0,5.5076116660412335,3.1802682421185664
1.0,73241,su2,14,71.21298644522419,4,100000,0.95989,0.04011,0.95989,0.0,7.332364887611303,3.674796706634075
1.0,73241,su2,14,71.21298644522419,5,100000,0.97252,0.02748,0.97252,0.0,9.149459461716331,4.101288158429813
1.0,73241,su2,14,71.21298644522419,6,100000,0.98047,0.01953,0.98047,0.0,10.969557461426627,4.50540830603407
1.0,73241,su2,14,71.21298644522419,7,100000,0.98687,0.01313,0.98687,0.0,12.791943038343787,4.865470018703031
1.0,73241,su2,14,71.21298644522419,8,100000,0.99134,0.00866,0.99134,0.0,14.617514922694836,5.199165382189227
1.0,73241,su2,14,71.21298644522419,9,100000,0.99388,0.00612,0.99388,0.0,16.442164597887167,5.512942551819225
1.0,73241,su2,14,71.21298644522419,10,100000,0.99582,0.00418,0.99582,0.0,18.273060275502203,5.803071136164524
1.0,73241,su2,14,71.21298644522419,11,100000,0.99695,0.00305,0.99695,0.0,20.100286780141907,6.090390548630202
1.0,73241,su2,14,71.21298644522419,12,100000,0.99776,0.00224,0.99776,0.0,21.915763814180423,6.3684949516581
1.0,73241,su2,15,81.93251472808262,1,100000,0.82519,0.17481,0.82519,0.0,1.8472449633455175,1.8296671744196364
1.0,73241,su2,15,81.93251472808262,2,100000,0.90746,0.09254,0.90746,0.0,3.6835221251999504,2.6010036037318143
1.0,73241,su2,15,81.93251472808262,3,100000,0.9411,0.0589,0.9411,0.0,5.507680270666596,3.187586901543318
1.0,73241,su2,15,81.93251472808262,4,100000,0.95988,0.04012,0.95988,0.0,7.327083544092319,3.686276087616043
1.0,73241,su2,15,81.93251472808262,5,100000,0.97228,0.02772,0.97228,0.0,9.154891942162747,4.117408289634005
1.0,73241,su2,15,81.93251472808262,6,100000,0.98122,0.01878,0.98122,0.0,10.970880175531518,4.5108818993753355
1.0,73241,su2,15,81.93251472808262,7,100000,0.98631,0.01369,0.98631,0.0,12.790597559751442,4.882872064419431
1.0,73241,su2,15,81.93251472808262,8,100000,0.99007,0.00993,0.99007,0.0,14.605151983184522,5.217201868622063
1.0,73241,su2,15,81.93251472808262,9,100000,0.99361,0.00639,0.99361,0.0,16.421757280654333,5.530308945935231
1.0,73241,su2,15,81.93251472808262,10,100000,0.99553,0.00447,0.99553,0.0,18.244179388000276,5.825282781558997
1.0,73241,su2,15,81.93251472808262,11,100000,0.99676,0.00324,0.99676,0.0,20.066877388570738,6.108421692662954
1.0,73241,su2,15,81.93251472808262,12,100000,0.99758,0.00242,0.99758,0.0,21.883708091560123,6.3756069689472366
1.0,73241,su2,16,94.26562913255931,1,100000,0.82626,0.17374,0.82626,0.0,1.853155206639402,1.8162265966514415
1.0,73241,su2,16,94.26562913255931,2,100000,0.90821,0.09179,0.90821,0.0,3.687122856232581,2.5700891211354366
1.0,73241,su2,16,94.26562913255931,3,100000,0.94303,0.05697,0.94303,0.0,5.51207784383494,3.1521079783985186
1.0,73241,su2,16,94.26562913255931,4,100000,0.96045,0.03955,0.96045,0.0,7.318485079741176,3.659185687506792
1.0,73241,su2,16,94.26562913255931,5,100000,0.97302,0.02698,0.97302,0.0,9.150948917875617,4.092419053850397
1.0,73241,su2,16,94.26562913255931,6,100000,0.9816,0.0184,0.9816,0.0,10.981271687565258,4.481749827569735
1.0,73241,su2,16,94.26562913255931,7,100000,0.9879,0.0121,0.9879,0.0,12.802590836983049,4.838784858961446
1.0,73241,su2,16,94.26562913255931,8,100000,0.9917,0.0083,0.9917,0.0,14.630163198986784,5.17003385496033
1.0,73241,su2,16,94.26562913255931,9,100000,0.9941,0.0059,0.9941,0.0,16.46189507814398,5.493709024815647
1.0,73241,su2,16,94.26562913255931,10,100000,0.99599,0.00401,0.99599,0.0,18.28149599166731,5.793032387940217
1.0,73241,su2,16,94.26562913255931,11,100000,0.99721,0.00279,0.99721,0.0,20.109722385088293,6.082752644186696
1.0,73241,su2,16,94.26562913255931,12,100000,0.99818,0.00182,0.99818,0.0,21.938123575933254,6.345858509490066
1.0,73241,su2,17,108.4552190940077,1,100000,0.82294,0.17706,0.82294,0.0,1.8405588259627546,1.840547336352162
1.0,73241,su2,17,108.4552190940077,2,100000,0.90595,0.09405,0.90595,0.0,3.656948765211824,2.613535130645954
1.0,73241,su2,17,108.4552190940077,3,100000,0.94069,0.05931,0.94069,0.0,5.478816621786338,3.193530139787381
1.0,73241,su2,17,108.4552190940077,4,100000,0.95875,0.04125,0.95875,0.0,7.3034802276750295,3.6890423925190254
1.0,73241,su2,17,108.4552190940077,5,100000,0.97189,0.02811,0.97189,0.0,9.121864821253775,4.121344329070759
1.0,73241,su2,17,108.4552190940077,6,100000,0.98068,0.01932,0.98068,0.0,10.938738423633373,4.518237605749285
1.0,73241,su2,17,108.4552190940077,7,100000,0.98675,0.01325,0.98675,0.0,12.762123864114374,4.86619809373976
1.0,73241,su2,17,108.4552190940077,8,100000,0.9908,0.0092,0.9908,0.0,14.576247077297882,5.206275599527116
1.0,73241,su2,17,108.4552190940077,9,100000,0.99362,0.00638,0.99362,0.0,16.390998949031694,5.525175259847254
1.0,73241,su2,17,108.4552190940077,10,100000,0.9954,0.0046,0.9954,0.0,18.207040135222766,5.81014308507591
1.0,73241,su2,17,108.4552190940077,11,100000,0.99679,0.00321,0.99679,0.0,20.024588413210502,6.092306401399962
1.0,73241,su2,17,108.4552190940077,12,100000,0.99793,0.00207,0.99793,0.0,21.84597613273013,6.359309894933371
1.0,73241,su2,18,124.78073564001106,1,100000,0.8235,0.1765,0.8235,0.0,1.8404663564400239,1.835574519987943
1.0,73241,su2,18,124.78073564001106,2,100000,0.9065,0.0935,0.9065,0.0,3.666216211972693,2.5991901877396453
1.0,73241,su2,18,124.78073564001106,3,100000,0.94213,0.05787,0.94213,0.0,5.493179301489319,3.1752761996539545
1.0,73241,su2,18,124.78073564001106,4,100000,0.95968,0.04032,0.95968,0.0,7.314718662991696,3.673699925822092
1.0,73241,su2,18,124.78073564001106,5,100000,0.97218,0.02782,0.97218,0.0,9.146167816465917,4.112569351537564
1.0,73241,su2,18,124.78073564001106,6,100000,0.98098,0.01902,0.98098,0.0,10.976007752849528,4.499180842426533
1.0,73241,su2,18,124.78073564001106,7,100000,0.98715,0.01285,0.98715,0.0,12.79497446096425,4.868030068136024
1.0,73241,su2,18,124.78073564001106,8,100000,0.99113,0.00887,0.99113,0.0,14.621936305268697,5.195082195905701
1.0,73241,su2,18,124.78073564001106,9,100000,0.99383,0.00617,0.99383,0.0,16.444367874685618,5.511447090705095
1.0,73241,su2,18,124.78073564001106,10,100000,0.99581,0.00419,0.99581,0.0,18.272759837356222,5.8042595272015465
1.0,73241,su2,18,124.78073564001106,11,100000,0.99682,0.00318,0.99682,0.0,20.106465750764084,6.084612906706873
1.0,73241,su2,18,124.78073564001106,12,100000,0.99764,0.00236,0.99764,0.0,21.92309767002508,6.368723076530953
1.0,73241,su2,19,143.5636949233974,1,100000,0.82308,0.17692,0.82308,0.0,1.840871264883056,1.8260804563123412
1.0,73241,su2,19,143.5636949233974,2,100000,0.90529,0.09471,0.90529,0.0,3.665962932737784,2.599369459238862
1.0,73241,su2,19,143.5636949233974,3,100000,0.94076,0.05924,0.94076,0.0,5.489083536351455,3.185525190173081
1.0,73241,su2,19,143.5636949233974,4,100000,0.96009,0.03991,0.96009,0.0,7.308393025810748,3.6789852087617203
1.0,73241,su2,19,143.5636949233974,5,100000,0.97211,0.02789,0.97211,0.0,9.118423876712885,4.123656149710468
1.0,73241,su2,19,143.5636949233974,6,100000,0.98068,0.01932,0.98068,0.0,10.932260015335341,4.512114783602006
1.0,73241,su2,19,143.5636949233974,7,100000,0.98651,0.01349,0.98651,0.0,12.73644477157211,4.873254656401623
1.0,73241,su2,19,143.5636949233974,8,100000,0.99085,0.00915,0.99085,0.0,14.547282408432523,5.200634863107071
1.0,73241,su2,19,143.5636949233974,9,100000,0.99352,0.00648,0.99352,0.0,16.35017689186243,5.525693535032222
1.0,73241,su2,19,143.5636949233974,10,100000,0.9957,0.0043,0.9957,0.0,18.174817596274494,5.818417671767125
1.0,73241,su2,19,143.5636949233974,11,100000,0.99717,0.00283,0.99717,0.0,19.994898050838444,6.104887181724227
1.0,73241,su2,19,143.5636949233974,12,100000,0.99777,0.00223,0.99777,0.0,21.815291994073014,6.373244429533667
1.0,83244,photon,0,10.000000000000002,1,100000,0.73777,0.73777,0.26223,0.0,-3.5076011631993804,4.734179028706689
1.0,83244,photon,0,10.000000000000002,2,100000,0.83064,0.83064,0.16936,0.0,-7.025113148675753,6.693488489254438
1.0,83244,photon,0,10.000000000000002,3,100000,0.89273,0.89273,0.10727,0.0,-10.522779080772791,8.200171156255998
1.0,83244,photon,0,10.000000000000002,4,100000,0.93148,0.93148,0.06852,0.0,-14.015054994142758,9.451552002042076
1.0,83244,photon,0,10.000000000000002,5,100000,0.9548,0.9548,0.0452,0.0,-17.51544430498018,10.560433648710159
1.0,83244,photon,0,10.000000000000002,6,100000,0.96905,0.96905,0.03095,0.0,-21.01040960373792,11.575473085605488
1.0,83244,photon,0,10.000000000000002,7,100000,0.97874,0.97874,0.02126,0.0,-24.497177434542802,12.504254590071254
1.0,83244,photon,0,10.000000000000002,8,100000,0.98569,0.98569,0.01431,0.0,-28.00157831539139,13.378538835127744
1.0,83244,photon,0,10.000000000000002,9,100000,0.98984,0.98984,0.01016,0.0,-31.478008829291603,14.187114852976766
1.0,83244,photon,0,10.000000000000002,10,100000,0.99312,0.99312,0.00688,0.0,-34.973105985789175,14.925519133090283
1.0,83244,photon,0,10.000000000000002,11,100000,0.99541,0.99541,0.00459,0.0,-38.46912234665591,15.680480279275358
1.0,83244,photon,0,10.000000000000002,12,100000,0.99664,0.99664,0.00336,0.0,-41.9660195883663,16.37540872553157
1.0,83244,photon,1,10.181372917310114,1,100000,0.73786,0.73786,0.26214,0.0,-3.5073747978043985,4.735697221537302
1.0,83244,photon,1,10.181372917310114,2,100000,0.83237,0.83237,0.16763,0.0,-7.036989218970406,6.6891003038251915
1.0,83244,photon,1,10.181372917310114,3,100000,0.89405,0.89405,0.10595,0.0,-10.578531990286432,8.198522144240378
1.0,83244,photon,1,10.181372917310114,4,100000,0.93281,0.93281,0.06719,0.0,-14.111018256773951,9.447161270633703
1.0,83244,photon,1,10.181372917310114,5,100000,0.95628,0.95628,0.04372,0.0,-17.616085146022748,10.562754116024951
1.0,83244,photon,1,10.181372917310114,6,100000,0.97038,0.97038,0.02962,0.0,-21.110615935348285,11.57939295410323
1.0,83244,photon,1,10.181372917310114,7,100000,0.97927,0.97927,0.02073,0.0,-24.61091911987983,12.512631457534289
1.0,83244,photon,1,10.181372917310114,8,100000,0.98575,0.98575,0.01425,0.0,-28.1204225899148,13.366295569434932
1.0,83244,photon,1,10.181372917310114,9,100000,0.9899,0.9899,0.0101,0.0,-31.616107418290774,14.17679093891067
1.0,83244,photon,1,10.181372917310114,10,100000,0.99308,0.99308,0.00692,0.0,-35.10704167914726,14.950334666654966
1.0,83244,photon,1,10.181372917310114,11,100000,0.99509,0.99509,0.00491,0.0,-38.57819672115715,15.69301797628049
1.0,83244,photon,1,10.181372917310114,12,100000,0.9964,0.9964,0.0036,0.0,-42.07749465135289,16.38578947902955
1.0,83244,photon,2,10.36603544813358,1,100000,0.73913,0.73913,0.26087,0.0,-3.540312533852012,4.745978900874411
1.0,83244,photon,2,10.36603544813358,2,100000,0.83245,0.83245,0.16755,0.0,-7.055559923025448,6.704834182443293
1.0,83244,photon,2,10.36603544813358,3,100000,0.89385,0.89385,0.10615,0.0,-10.585024556401864,8.221333714518762
1.0,83244,photon,2,10.36603544813358,4,100000,0.93204,0.93204,0.06796,0.0,-14.088263689282693,9.468405701904697
1.0,83244,photon,2,10.36603544813358,5,100000,0.95466,0.95466,0.04534,0.0,-17.62561282324954,10.579736743568722
1.0,83244,photon,2,10.36603544813358,6,100000,0.96993,0.96993,0.03007,0.0,-21.12955966470995,11.593550298256343
1.0,83244,photon,2,10.36603544813358,7,100000,0.97963,0.97963,0.02037,0.0,-24.640443193025774,12.52023881164131
1.0,83244,photon,2,10.36603544813358,8,100000,0.98624,0.98624,0.01376,0.0,-28.134884478551868,13.382530749875661
1.0,83244,photon,2,10.36603544813358,9,100000,0.99046,0.99046,0.00954,0.0,-31.648329531370127,14.219281754547323
1.0,83244,photon,2,10.36603544813358,10,100000,0.99312,0.99312,0.00688,0.0,-35.174401644220914,14.983481834901582
1.0,83244,photon,2,10.36603544813358,11,100000,0.99512,0.99512,0.00488,0.0,-38.67069613728837,15.712926697131781
1.0,83244,photon,2,10.36603544813358,12,100000,0.99671,0.99671,0.00329,0.0,-42.21628539150757,16.421129539329414
1.0,83244,photon,3,10.554047257150385,1,100000,0.73851,0.73851,0.26149,0.0,-3.529064810573353,4.734221528379085
1.0,83244,photon,3,10.554047257150385,2,100000,0.83254,0.83254,0.16746,0.0,-7.052456241604934,6.6864173764484045
1.0,83244,photon,3,10.554047257150385,3,100000,0.89306,0.89306,0.10694,0.0,-10.575538151716945,8.18784724354935
1.0,83244,photon,3,10.554047257150385,4,100000,0.9334,0.9334,0.0666,0.0,-14.121430748441266,9.456146904382264
1.0,83244,photon,3,10.554047257150385,5,100000,0.95569,0.95569,0.04431,0.0,-17.644161658764666,10.574234769416764
1.0,83244,photon,3,10.554047257150385,6,100000,0.97005,0.97005,0.02995,0.0,-21.1355474602045,11.598879758050698
1.0,83244,photon,3,10.554047257150385,7,100000,0.97966,0.97966,0.02034,0.0,-24.638019551808988,12.51921465367538
1.0,83244,photon,3,10.554047257150385,8,100000,0.98628,0.98628,0.01372,0.0,-28.14916109259554,13.3955870123494
1.0,83244,photon,3,10.554047257150385,9,100000,0.99006,0.99006,0.00994,0.0,-31.66196285352862,14.201647311936998
1.0,83244,photon,3,10.554047257150385,10,100000,0.99286,0.99286,0.00714,0.0,-35.168666809380014,14.9534458682874
1.0,83244,photon,3,10.554047257150385,11,100000,0.99517,0.99517,0.00483,0.0,-38.698492245334144,15.67035551005096
1.0,83244,photon,3,10.554047257150385,12,100000,0.99669,0.99669,0.00331,0.0,-42.23304181162386,16.376175923673866
1.0,83244,photon,4,10.745469091196195,1,100000,0.74007,0.74007,0.25993,0.0,-3.539896726814341,4.733329361423524
1.0,83244,photon,4,10.745469091196195,2,100000,0.83453,0.83453,0.16547,0.0,-7.101330683189426,6.697870728966029
1.0,83244,photon,4,10.745469091196195,3,100000,0.89396,0.89396,0.10604,0.0,-10.647994039594012,8.201665806363598
1.0,83244,photon,4,10.745469091196195,4,100000,0.93381,0.93381,0.06619,0.0,-14.219846456416063,9.465906901737767
1.0,83244,photon,4,10.745469091196195,5,100000,0.95696,0.95696,0.04304,0.0,-17.784788303906804,10.570850040573495
1.0,83244,photon,4,10.745469091196195,6,100000,0.97148,0.97148,0.02852,0.0,-21.353116837263762,11.592806895321868
1.0,83244,photon,4,10.745469091196195,7,100000,0.9809,0.9809,0.0191,0.0,-24.88342118604328,12.481324654239772
1.0,83244,photon,4,10.745469091196195,8,100000,0.98731,0.98731,0.01269,0.0,-28.452766542040408,13.326707244895388
1.0,83244,photon,4,10.745469091196195,9,100000,0.9911,0.9911,0.0089,0.0,-31.99180728283047,14.116742373856813
1.0,83244,photon,4,10.745469091196195,10,100000,0.99391,0.99391,0.00609,0.0,-35.540487462923174,14.88896236380249
1.0,83244,photon,4,10.745469091196195,11,100000,0.99604,0.99604,0.00396,0.0,-39.06703389916298,15.610591142982868
1.0,83244,photon,4,10.745469091196195,12,100000,0.99721,0.99721,0.00279,0.0,-42.60331363785378,16.30657521153333
1.0,83244,photon,5,10.940362798889787,1,100000,0.74038,0.74038,0.25962,0.0,-3.5342075496645675,4.7350981729895505
1.0,83244,photon,5,10.940362798889787,2,100000,0.83401,0.83401,0.16599,0.0,-7.069129160642475,6.6853395585600675
1.0,83244,photon,5,10.940362798889787,3,100000,0.89563,0.89563,0.10437,0.0,-10.611263660243923,8.177565061255745
1.0,83244,photon,5,10.940362798889787,4,100000,0.93307,0.93307,0.06693,0.0,-14.155544883910688,9.453233070131965
1.0,83244,photon,5,10.940362798889787,5,100000,0.95563,0.95563,0.04437,0.0,-17.700762253536404,10.578366332607422
1.0,83244,photon,5,10.940362798889787,6,100000,0.97009,0.97009,0.02991,0.0,-21.274043132649037,11.590841975401512
1.0,83244,photon,5,10.940362798889787,7,100000,0.98014,0.98014,0.01986,0.0,-24.823687279523366,12.512359251834114
1.0,83244,photon,5,10.940362798889787,8,100000,0.98624,0.98624,0.01376,0.0,-28.37007477959088,13.357556969238633
1.0,83244,photon,5,10.940362798889787,9,100000,0.99072,0.99072,0.00928,0.0,-31.933154327672362,14.151516801023346
1.0,83244,photon,5,10.940362798889787,10,100000,0.99391,0.99391,0.00609,0.0,-35.46400212004523,14.907195367764974
1.0,83244,photon,5,10.940362798889787,11,100000,0.99592,0.99592,0.00408,0.0,-39.01982275504271,15.64995008868666
1.0,83244,photon,5,10.940362798889787,12,100000,0.99712,0.99712,0.00288,0.0,-42.58003348292434,16.338500945802434
1.0,83244,photon,6,11.13879135061635,1,100000,0.74026,0.74026,0.25974,0.0,-3.564822359338258,4.748272795191952
1.0,83244,photon,6,11.13879135061635,2,100000,0.83361,0.83361,0.16639,0.0,-7.122775498507354,6.707501334378556
1.0,83244,photon,6,11.13879135061635,3,100000,0.89561,0.89561,0.10439,0.0,-10.671936128461406,8.214425448527209
1.0,83244,photon,6,11.13879135061635,4,100000,0.93385,0.93385,0.06615,0.0,-14.220042996844205,9.483713039064487
1.0,83244,photon,6,11.13879135061635,5,100000,0.95652,0.95652,0.04348,0.0,-17.781753380247753,10.604221250505706
1.0,83244,photon,6,11.13879135061635,6,100000,0.97068,0.97068,0.02932,0.0,-21.333627820002487,11.620694445524322
1.0,83244,photon,6,11.13879135061635,7,100000,0.97968,0.97968,0.02032,0.0,-24.883966335987147,12.535574317723311
1.0,83244,photon,6,11.13879135061635,8,100000,0.98614,0.98614,0.01386,0.0,-28.424683811816084,13.414533875162645
1.0,83244,photon,6,11.13879135061635,9,100000,0.99047,0.99047,0.00953,0.0,-31.984407314568152,14.215329132086628
1.0,83244,photon,6,11.13879135061635,10,100000,0.99357,0.99357,0.00643,0.0,-35.54721186554836,15.001584179023533
1.0,83244,photon,6,11.13879135061635,11,100000,0.99528,0.99528,0.00472,0.0,-39.09251759962765,15.717921437525575
1.0,83244,photon,6,11.13879135061635,12,100000,0.99682,0.99682,0.00318,0.0,-42.638539944415704,16.41542037259233
1.0,83244,photon,7,11.340818858873345,1,100000,0.7414,0.7414,0.2586,0.0,-3.5690100879976057,4.734662923582557
1.0,83244,photon,7,11.340818858873345,2,100000,0.83598,0.83598,0.16402,0.0,-7.134300774650975,6.697197937565846
1.0,83244,photon,7,11.340818858873345,3,100000,0.89681,0.89681,0.10319,0.0,-10.690555790715628,8.182757180092231
1.0,83244,photon,7,11.340818858873345,4,100000,0.93417,0.93417,0.06583,0.0,-14.221344764124627,9.458127856292432
1.0,83244,photon,7,11.340818858873345,5,100000,0.95689,0.95689,0.04311,0.0,-17.763341382807834,10.581887268220044
1.0,83244,photon,7,11.340818858873345,6,100000,0.9712,0.9712,0.0288,0.0,-21.31640613436254,11.601850881002232
1.0,83244,photon,7,11.340818858873345,7,100000,0.98111,0.98111,0.01889,0.0,-24.866721030994114,12.524934354743705
1.0,83244,photon,7,11.340818858873345,8,100000,0.98721,0.98721,0.01279,0.0,-28.443238595671897,13.38052791191968
1.0,83244,photon,7,11.340818858873345,9,100000,0.99078,0.99078,0.00922,0.0,-32.00078562651808,14.189139316064056
1.0,83244,photon,7,11.340818858873345,10,100000,0.99353,0.99353,0.00647,0.0,-35.55317163627876,14.974412644097287
1.0,83244,photon,7,11.340818858873345,11,100000,0.99544,0.99544,0.00456,0.0,-39.10040179319648,15.688870616250195
1.0,83244,photon,7,11.340818858873345,12,100000,0.99696,0.99696,0.00304,0.0,-42.635217786740185,16.369123377183307
1.0,83244,photon,8,11.546510598985286,1,100000,0.74392,0.74392,0.25608,0.0,-3.597453845801922,4.741789842730513
1.0,83244,photon,8,11.546510598985286,2,100000,0.83761,0.83761,0.16239,0.0,-7.190573164850673,6.718597754510436
1.0,83244,photon,8,11.546510598985286,3,100000,0.89658,0.89658,0.10342,0.0,-10.757583778814531,8.21202185490123
1.0,83244,photon,8,11.546510598985286,4,100000,0.93506,0.93506,0.06494,0.0,-14.319626646536893,9.468073032828073
1.0,83244,photon,8,11.546510598985286,5,100000,0.95847,0.95847,0.04153,0.0,-17.898848990548228,10.57441412502138
1.0,83244,photon,8,11.546510598985286,6,100000,0.97203,0.97203,0.02797,0.0,-21.48512759725858,11.608531127559544
1.0,83244,photon,8,11.546510598985286,7,100000,0.98172,0.98172,0.01828,0.0,-25.092748250845652,12.528328447319609
1.0,83244,photon,8,11.546510598985286,8,100000,0.9875,0.9875,0.0125,0.0,-28.66309597600774,13.378094702881294
1.0,83244,photon,8,11.546510598985286,9,100000,0.99195,0.99195,0.00805,0.0,-32.237411832917005,14.16895439515748
1.0,83244,photon,8,11.546510598985286,10,100000,0.99425,0.99425,0.00575,0.0,-35.7930274612123,14.929464199633937
1.0,83244,photon,8,11.546510598985286,11,100000,0.99574,0.99574,0.00426,0.0,-39.344475821575145,15.6417483079463
1.0,83244,photon,8,11.546510598985286,12,100000,0.99719,0.99719,0.00281,0.0,-42.889095706860275,16.34139981582769
1.0,83244,photon,9,11.75593303019429,1,100000,0.74382,0.74382,0.25618,0.0,-3.6125792961615506,4.751205377626245
1.0,83244,photon,9,11.75593303019429,2,100000,0.83637,0.83637,0.16363,0.0,-7.166977678141543,6.695641974471887
1.0,83244,photon,9,11.75593303019429,3,100000,0.89711,0.89711,0.10289,0.0,-10.746930381164777,8.204017860017274
1.0,83244,photon,9,11.75593303019429,4,100000,0.93566,0.93566,0.06434,0.0,-14.32073843192588,9.478988849543923
1.0,83244,photon,9,11.75593303019429,5,100000,0.95766,0.95766,0.04234,0.0,-17.92101119853532,10.568298142655829
1.0,83244,photon,9,11.75593303019429,6,100000,0.97216,0.97216,0.02784,0.0,-21.49947459491558,11.583793830180651
1.0,83244,photon,9,11.75593303019429,7,100000,0.98088,0.98088,0.01912,0.0,-25.083605786271434,12.522389939022966
1.0,83244,photon,9,11.75593303019429,8,100000,0.98661,0.98661,0.01339,0.0,-28.64962936329118,13.404485081761935
1.0,83244,photon,9,11.75593303019429,9,100000,0.99083,0.99083,0.00917,0.0,-32.24369251646234,14.221198285230654
1.0,83244,photon,9,11.75593303019429,10,100000,0.99385,0.99385,0.00615,0.0,-35.79816526335316,14.973155196568499
1.0,83244,photon,9,11.75593303019429,11,100000,0.99573,0.99573,0.00427,0.0,-39.39377403591061,15.686354698358619
1.0,83244,photon,9,11.75593303019429,12,100000,0.99714,0.99714,0.00286,0.0,-42.97427011553645,16.37911357645441
1.0,83244,photon,10,11.969153817133158,1,100000,0.7426,0.7426,0.2574,0.0,-3.5978493035161687,4.751204627075766
1.0,83244,photon,10,11.969153817133158,2,100000,0.83789,0.83789,0.16211,0.0,-7.189592918521344,6.700237543571396
1.0,83244,photon,10,11.969153817133158,3,100000,0.89826,0.89826,0.10174,0.0,-10.778959190874586,8.206979428265509
1.0,83244,photon,10,11.969153817133158,4,100000,0.93626,0.93626,0.06374,0.0,-14.370206642019852,9.488749968687607
1.0,83244,photon,10,11.969153817133158,5,100000,0.95837,0.95837,0.04163,0.0,-17.97446874000481,10.630460820328564
1.0,83244,photon,10,11.969153817133158,6,100000,0.97272,0.97272,0.02728,0.0,-21.53740370500561,11.626128941648936
1.0,83244,photon,10,11.969153817133158,7,100000,0.98081,0.98081,0.01919,0.0,-25.109022861684775,12.559022866835695
1.0,83244,photon,10,11.969153817133158,8,100000,0.98753,0.98753,0.01247,0.0,-28.72102442245341,13.41294313798624
1.0,83244,photon,10,11.969153817133158,9,100000,0.9918,0.9918,0.0082,0.0,-32.338977791709816,14.233573072922377
1.0,83244,photon,10,11.969153817133158,10,100000,0.99428,0.99428,0.00572,0.0,-35.94087634548183,14.974304576170752
1.0,83244,photon,10,11.969153817133158,11,100000,0.99596,0.99596,0.00404,0.0,-39.541768357452824,15.71106647757393
1.0,83244,photon,10,11.969153817133158,12,100000,0.99699,0.99699,0.00301,0.0,-43.10924771431865,16.425886006114695
1.0,83244,photon,11,12.186241851687845,1,100000,0.74253,0.74253,0.25747,0.0,-3.6200243279905555,4.7591669421355975
1.0,83244,photon,11,12.186241851687845,2,100000,0.83587,0.83587,0.16413,0.0,-7.2210915536942935,6.7237617772029195
1.0,83244,photon,11,12.186241851687845,3,100000,0.89794,0.89794,0.10206,0.0,-10.835312371916217,8.239608401962196
1.0,83244,photon,11,12.186241851687845,4,100000,0.93586,0.93586,0.06414,0.0,-14.41648255168732,9.525790008739923
1.0,83244,photon,11,12.186241851687845,5,100000,0.95776,0.95776,0.04224,0.0,-18.04047430986704,10.653915047520556
1.0,83244,photon,11,12.186241851687845,6,100000,0.97159,0.97159,0.02841,0.0,-21.6304942217824,11.665084824355716
1.0,83244,photon,11,12.186241851687845,7,100000,0.98142,0.98142,0.01858,0.0,-25.20680675741993,12.58463218029598
1.0,83244,photon,11,12.186241851687845,8,100000,0.9877,0.9877,0.0123,0.0,-28.816160625494184,13.432736276216973
1.0,83244,photon,11,12.186241851687845,9,100000,0.99151,0.99151,0.00849,0.0,-32.41685880796659,14.236327352425954
1.0,83244,photon,11,12.186241851687845,10,100000,0.99406,0.99406,0.00594,0.0,-36.01156673616271,15.00654950432668
1.0,83244,photon,11,12.186241851687845,11,100000,0.99589,0.99589,0.00411,0.0,-39.58333882947071,15.744868836355446
1.0,83244,photon,11,12.186241851687845,12,100000,0.99739,0.99739,0.00261,0.0,-43.171678773996554,16.44707465718713
1.0,83244,photon,12,12.407267275256567,1,100000,0.7423,0.7423,0.2577,0.0,-3.6034467177473237,4.757322090580862
1.0,83244,photon,12,12.407267275256567,2,100000,0.83882,0.83882,0.16118,0.0,-7.233123390498096,6.7095670304069355
1.0,83244,photon,12,12.407267275256567,3,100000,0.89762,0.89762,0.10238,0.0,-10.824265667125873,8.21820590760434
1.0,83244,photon,12,12.407267275256567,4,100000,0.93609,0.93609,0.06391,0.0,-14.438444291740726,9.494149726646237
1.0,83244,photon,12,12.407267275256567,5,100000,0.95772,0.95772,0.04228,0.0,-18.03306840780937,10.61442487148193
1.0,83244,photon,12,12.407267275256567,6,100000,0.9732,0.9732,0.0268,0.0,-21.64709662438944,11.634353114503687
1.0,83244,photon,12,12.407267275256567,7,100000,0.98171,0.98171,0.01829,0.0,-25.261255407301796,12.559679582897553
1.0,83244,photon,12,12.407267275256567,8,100000,0.98765,0.98765,0.01235,0.0,-28.839828464317435,13.43073401772405
1.0,83244,photon,12,12.407267275256567,9,100000,0.99201,0.99201,0.00799,0.0,-32.44125420202673,14.261912995551116
1.0,83244,photon,12,12.407267275256567,10,100000,0.99453,0.99453,0.00547,0.0,-36.04674958820999,15.01936942973222
1.0,83244,photon,12,12.407267275256567,11,100000,0.99648,0.99648,0.00352,0.0,-39.659324322873886,15.761167473992147
1.0,83244,photon,12,12.407267275256567,12,100000,0.99755,0.99755,0.00245,0.0,-43.26001113234073,16.456823089950976
1.0,83244,photon,13,12.632301501412519,1,100000,0.74505,0.74505,0.25495,0.0,-3.6303202425822465,4.759002066683744
1.0,83244,photon,13,12.632301501412519,2,100000,0.84007,0.84007,0.15993,0.0,-7.2758923132973585,6.717499870038086
1.0,83244,photon,13,12.632301501412519,3,100000,0.89868,0.89868,0.10132,0.0,-10.905996779768914,8.24102080926988
1.0,83244,photon,13,12.632301501412519,4,100000,0.938,0.938,0.062,0.0,-14.5409412628425,9.517524730090196
1.0,83244,photon,13,12.632301501412519,5,100000,0.96061,0.96061,0.03939,0.0,-18.15463308950296,10.627551687020068
1.0,83244,photon,13,12.632301501412519,6,100000,0.97325,0.97325,0.02675,0.0,-21.770685942084974,11.64778620192654
1.0,83244,photon,13,12.632301501412519,7,100000,0.98201,0.98201,0.01799,0.0,-25.390654053869536,12.560545864033768
1.0,83244,photon,13,12.632301501412519,8,100000,0.9876,0.9876,0.0124,0.0,-29.002692276104447,13.427247663286504
1.0,83244,photon,13,12.632301501412519,9,100000,0.99154,0.99154,0.00846,0.0,-32.61029069386378,14.222957907311958
1.0,83244,photon,13,12.632301501412519,10,100000,0.99425,0.99425,0.00575,0.0,-36.22096039332427,14.993661807439777
1.0,83244,photon,13,12.632301501412519,11,100000,0.99611,0.99611,0.00389,0.0,-39.85207183799368,15.743159641200636
1.0,83244,photon,13,12.632301501412519,12,100000,0.99734,0.99734,0.00266,0.0,-43.49140211280695,16.46352977106619
1.0,83244,photon,14,12.861417238977731,1,100000,0.7446,0.7446,0.2554,0.0,-3.630099125666605,4.760223894290458
1.0,83244,photon,14,12.861417238977731,2,100000,0.83916,0.83916,0.16084,0.0,-7.2476918012782905,6.714265037128264
1.0,83244,photon,14,12.861417238977731,3,100000,0.90019,0.90019,0.09981,0.0,-10.89611792621191,8.233468845136601
1.0,83244,photon,14,12.861417238977731,4,100000,0.93869,0.93869,0.06131,0.0,-14.527248967712058,9.479682076297859
1.0,83244,photon,14,12.861417238977731,5,100000,0.96071,0.96071,0.03929,0.0,-18.152863949191893,10.588833602904941
1.0,83244,photon,14,12.861417238977731,6,100000,0.97431,0.97431,0.02569,0.0,-21.80359555185293,11.593416802399418
1.0,83244,photon,14,12.861417238977731,7,100000,0.98288,0.98288,0.01712,0.0,-25.44723419013411,12.524931166605343
1.0,83244,photon,14,12.861417238977731,8,100000,0.98824,0.98824,0.01176,0.0,-29.064693366881,13.401188861584085
1.0,83244,photon,14,12.861417238977731,9,100000,0.99201,0.99201,0.00799,0.0,-32.694546977326134,14.218018160999707
1.0,83244,photon,14,12.861417238977731,10,100000,0.99479,0.99479,0.00521,0.0,-36.35188616349359,14.964531602115562
1.0,83244,photon,14,12.861417238977731,11,100000,0.99637,0.99637,0.00363,0.0,-39.97159209190445,15.677018660615127
1.0,83244,photon,14,12.861417238977731,12,100000,0.99741,0.99741,0.00259,0.0,-43.597302872621256,16.373537490310618
1.0,83244,photon,15,13.09468851551533,1,100000,0.74559,0.74559,0.25441,0.0,-3.6552974927044124,4.762007087862875
1.0,83244,photon,15,13.09468851551533,2,100000,0.83923,0.83923,0.16077,0.0,-7.282705829679328,6.723731468606454
1.0,83244,photon,15,13.09468851551533,3,100000,0.90039,0.90039,0.09961,0.0,-10.920808741568104,8.227626330752383
1.0,83244,photon,15,13.09468851551533,4,100000,0.93755,0.93755,0.06245,0.0,-14.544964413102177,9.494362214853481
1.0,83244,photon,15,13.09468851551533,5,100000,0.96,0.96,0.04,0.0,-18.214971613545348,10.62691205486607
1.0,83244,photon,15,13.09468851551533,6,100000,0.97398,0.97398,0.02602,0.0,-21.86128739410901,11.635449666373276
1.0,83244,photon,15,13.09468851551533,7,100000,0.98251,0.98251,0.01749,0.0,-25.501139974922502,12.562562126518936
1.0,83244,photon,15,13.09468851551533,8,100000,0.9884,0.9884,0.0116,0.0,-29.15619476555258,13.452773328897875
1.0,83244,photon,15,13.09468851551533,9,100000,0.99191,0.99191,0.00809,0.0,-32.771746719761694,14.265117046711921
1.0,83244,photon,15,13.09468851551533,10,100000,0.99444,0.99444,0.00556,0.0,-36.40813667051566,15.04742631646186
1.0,83244,photon,15,13.09468851551533,11,100000,0.99619,0.99619,0.00381,0.0,-40.037957541791414,15.780300387373364
1.0,83244,photon,15,13.09468851551533,12,100000,0.9973,0.9973,0.0027,0.0,-43.66443717958033,16.48752436082052
1.0,83244,photon,16,13.332190701247947,1,100000,0.74453,0.74453,0.25547,0.0,-3.636448632460782,4.756722777110038
1.0,83244,photon,16,13.332190701247947,2,100000,0.83919,0.83919,0.16081,0.0,-7.281863245998931,6.726217766473767
1.0,83244,photon,16,13.332190701247947,3,100000,0.90104,0.90104,0.09896,0.0,-10.93807388499194,8.232884931104117
1.0,83244,photon,16,13.332190701247947,4,100000,0.93779,0.93779,0.06221,0.0,-14.556830303745745,9.542663278639637
1.0,83244,photon,16,13.332190701247947,5,100000,0.95963,0.95963,0.04037,0.0,-18.17471619696337,10.658954635578466
1.0,83244,photon,16,13.332190701247947,6,100000,0.97312,0.97312,0.02688,0.0,-21.799880779945823,11.6664469580539
1.0,83244,photon,16,13.332190701247947,7,100000,0.9818,0.9818,0.0182,0.0,-25.429155184380402,12.597281267529551
1.0,83244,photon,16,13.332190701247947,8,100000,0.98825,0.98825,0.01175,0.0,-29.067397459534714,13.460689799481866
1.0,83244,photon,16,13.332190701247947,9,100000,0.99195,0.99195,0.00805,0.0,-32.69396291261118,14.285225082179101
1.0,83244,photon,16,13.332190701247947,10,100000,0.99449,0.99449,0.00551,0.0,-36.320113864123456,15.084003699865903
1.0,83244,photon,16,13.332190701247947,11,100000,0.99619,0.99619,0.00381,0.0,-39.954513450237705,15.829844503072664
1.0,83244,photon,16,13.332190701247947,12,100000,0.99754,0.99754,0.00246,0.0,-43.57174648349084,16.557965734045013
1.0,83244,photon,17,13.57400053340996,1,100000,0.74615,0.74615,0.25385,0.0,-3.65538355768683,4.75605381781473
1.0,83244,photon,17,13.57400053340996,2,100000,0.84018,0.84018,0.15982,0.0,-7.28625526923408,6.708036230861011
1.0,83244,photon,17,13.57400053340996,3,100000,0.90097,0.90097,0.09903,0.0,-10.94909721966132,8.233009050920002
1.0,83244,photon,17,13.57400053340996,4,100000,0.93864,0.93864,0.06136,0.0,-14.597947191123396,9.522679380217225
1.0,83244,photon,17,13.57400053340996,5,100000,0.9596,0.9596,0.0404,0.0,-18.236871440540906,10.633104472643838
1.0,83244,photon,17,13.57400053340996,6,100000,0.97302,0.97302,0.02698,0.0,-21.868344754954666,11.633925981429744
1.0,83244,photon,17,13.57400053340996,7,100000,0.98262,0.98262,0.01738,0.0,-25.497821375259388,12.565117923550236
1.0,83244,photon,17,13.57400053340996,8,100000,0.98832,0.98832,0.01168,0.0,-29.12446688368175,13.431872397193079
1.0,83244,photon,17,13.57400053340996,9,100000,0.99229,0.99229,0.00771,0.0,-32.75955173282625,14.263754643331586
1.0,83244,photon,17,13.57400053340996,10,100000,0.99491,0.99491,0.00509,0.0,-36.403794060251414,15.031707798072878
1.0,83244,photon,17,13.57400053340996,11,100000,0.9966,0.9966,0.0034,0.0,-40.06600309383429,15.772707975524224
1.0,83244,photon,17,13.57400053340996,12,100000,0.99765,0.99765,0.00235,0.0,-43.69802347558209,16.470598335593962
1.0,83244,photon,18,13.820196141041313,1,100000,0.74373,0.74373,0.25627,0.0,-3.6433021490559803,4.766061849295687
1.0,83244,photon,18,13.820196141041313,2,100000,0.84159,0.84159,0.15841,0.0,-7.305416817710331,6.719079152690806
1.0,83244,photon,18,13.820196141041313,3,100000,0.90156,0.90156,0.09844,0.0,-10.96479292836821,8.23538412927395
1.0,83244,photon,18,13.820196141041313,4,100000,0.9388,0.9388,0.0612,0.0,-14.595210669184775,9.50998326961591
1.0,83244,photon,18,13.820196141041313,5,100000,0.95909,0.95909,0.04091,0.0,-18.216424700964787,10.63953150938494
1.0,83244,photon,18,13.820196141041313,6,100000,0.97383,0.97383,0.02617,0.0,-21.896346646654724,11.645864332721034
1.0,83244,photon,18,13.820196141041313,7,100000,0.98292,0.98292,0.01708,0.0,-25.53589059288012,12.583956569316776
1.0,83244,photon,18,13.820196141041313,8,100000,0.9884,0.9884,0.0116,0.0,-29.1912632367947,13.443348241087214
1.0,83244,photon,18,13.820196141041313,9,100000,0.9921,0.9921,0.0079,0.0,-32.84406077825844,14.273116048113522
1.0,83244,photon,18,13.820196141041313,10,100000,0.99442,0.99442,0.00558,0.0,-36.48321974786119,15.0384195862636
1.0,83244,photon,18,13.820196141041313,11,100000,0.99622,0.99622,0.00378,0.0,-40.13689839389361,15.759361175471224
1.0,83244,photon,18,13.820196141041313,12,100000,0.99745,0.99745,0.00255,0.0,-43.779103022661275,16.417804484433308
1.0,83244,photon,19,14.070857070231174,1,100000,0.7468,0.7468,0.2532,0.0,-3.6659731359108947,4.760347154487538
1.0,83244,photon,19,14.070857070231174,2,100000,0.84081,0.84081,0.15919,0.0,-7.338947890870606,6.738177592669096
1.0,83244,photon,19,14.070857070231174,3,100000,0.90154,0.90154,0.09846,0.0,-10.999125920915297,8.244501244434606
1.0,83244,photon,19,14.070857070231174,4,100000,0.93882,0.93882,0.06118,0.0,-14.678640129289779,9.507292673417366
1.0,83244,photon,19,14.070857070231174,5,100000,0.96044,0.96044,0.03956,0.0,-18.345032505011904,10.632114223668074
1.0,83244,photon,19,14.070857070231174,6,100000,0.97424,0.97424,0.02576,0.0,-22.01308335328682,11.657361561810871
1.0,83244,photon,19,14.070857070231174,7,100000,0.98333,0.98333,0.01667,0.0,-25.678677240997995,12.592514160958093
1.0,83244,photon,19,14.070857070231174,8,100000,0.98867,0.98867,0.01133,0.0,-29.330319092963204,13.463701556032168
1.0,83244,photon,19,14.070857070231174,9,100000,0.99242,0.99242,0.00758,0.0,-32.99630775717138,14.274730024503384
1.0,83244,photon,19,14.070857070231174,10,100000,0.99483,0.99483,0.00517,0.0,-36.65043411676972,15.065761896445224
1.0,83244,photon,19,14.070857070231174,11,100000,0.99631,0.99631,0.00369,0.0,-40.31340114567459,15.761045322555598
1.0,83244,photon,19,14.070857070231174,12,100000,0.99769,0.99769,0.00231,0.0,-43.95944168564962,16.48024517757418
1.0,83244,su2,0,10.000000000000002,1,100000,0.83382,0.16618,0.83382,0.0,1.9040261570115,1.7843996209094275
1.0,83244,su2,0,10.000000000000002,2,100000,0.91638,0.08362,0.91638,0.0,3.793969107899486,2.5270444496327653
1.0,83244,su2,0,10.000000000000002,3,100000,0.94976,0.05024,0.94976,0.0,5.681961832775565,3.091837102002915
1.0,83244,su2,0,10.000000000000002,4,100000,0.96624,0.03376,0.96624,0.0,7.571550329943609,3.575580710595695
1.0,83244,su2,0,10.000000000000002,5,100000,0.9774,0.0226,0.9774,0.0,9.44896765414249,4.005176948115987
1.0,83244,su2,0,10.000000000000002,6,100000,0.98508,0.01492,0.98508,0.0,11.334457890802058,4.383993041313884
1.0,83244,su2,0,10.000000000000002,7,100000,0.99031,0.00969,0.99031,0.0,13.2221071062576,4.7282767242264985
1.0,83244,su2,0,10.000000000000002,8,100000,0.99327,0.00673,0.99327,0.0,15.102609255099328,5.057223811599808
1.0,83244,su2,0,10.000000000000002,9,100000,0.99535,0.00465,0.99535,0.0,16.98257692641209,5.36362365361084
1.0,83244,su2,0,10.000000000000002,10,100000,0.99705,0.00295,0.99705,0.0,18.866813110746165,5.650132606448749
1.0,83244,su2,0,10.000000000000002,11,100000,0.99786,0.00214,0.99786,0.0,20.750975128757904,5.926073390811253
1.0,83244,su2,0,10.000000000000002,12,100000,0.9986,0.0014,0.9986,0.0,22.629703482529074,6.195246541590808
1.0,83244,su2,1,11.505277171756266,1,100000,0.83203,0.16797,0.83203,0.0,1.8951201216715854,1.785776593843577
1.0,83244,su2,1,11.505277171756266,2,100000,0.91519,0.08481,0.91519,0.0,3.7802086537663655,2.5166371182402094
1.0,83244,su2,1,11.505277171756266,3,100000,0.94906,0.05094,0.94906,0.0,5.654003383838281,3.086000186564369
1.0,83244,su2,1,11.505277171756266,4,100000,0.96622,0.03378,0.96622,0.0,7.52341206721134,3.570317201010554
1.0,83244,su2,1,11.505277171756266,5,100000,0.97749,0.02251,0.97749,0.0,9.39340904333569,3.9893949482203594
1.0,83244,su2,1,11.505277171756266,6,100000,0.9852,0.0148,0.9852,0.0,11.2719283450114,4.374526965182139
1.0,83244,su2,1,11.505277171756266,7,100000,0.99017,0.00983,0.99017,0.0,13.150405628747276,4.7358526422736675
1.0,83244,su2,1,11.505277171756266,8,100000,0.99339,0.00661,0.99339,0.0,15.023209010684988,5.057560773914566
1.0,83244,su2,1,11.505277171756266,9,100000,0.99584,0.00416,0.99584,0.0,16.898599581069664,5.36440005204497
1.0,83244,su2,1,11.505277171756266,10,100000,0.99712,0.00288,0.99712,0.0,18.778873205499657,5.655063805461823
1.0,83244,su2,1,11.505277171756266,11,100000,0.99801,0.00199,0.99801,0.0,20.657359582060558,5.924554755137666
1.0,83244,su2,1,11.505277171756266,12,100000,0.9987,0.0013,0.9987,0.0,22.52698390730024,6.185382896254724
1.0,83244,su2,2,13.237140279893586,1,100000,0.83194,0.16806,0.83194,0.0,1.8895934676139148,1.7920108753311068
1.0,83244,su2,2,13.237140279893586,2,100000,0.91396,0.08604,0.91396,0.0,3.7690387358833086,2.5342414400987225
1.0,83244,su2,2,13.237140279893586,3,100000,0.94685,0.05315,0.94685,0.0,5.636736350837038,3.115477476464791
1.0,83244,su2,2,13.237140279893586,4,100000,0.96501,0.03499,0.96501,0.0,7.503378374850866,3.595478461298654
1.0,83244,su2,2,13.237140279893586,5,100000,0.97622,0.02378,0.97622,0.0,9.37437411265835,4.023794223053527
1.0,83244,su2,2,13.237140279893586,6,100000,0.98463,0.01537,0.98463,0.0,11.241038746732434,4.408892292401759
1.0,83244,su2,2,13.237140279893586,7,100000,0.98956,0.01044,0.98956,0.0,13.10658798097421,4.759821243647041
1.0,83244,su2,2,13.237140279893586,8,100000,0.99313,0.00687,0.99313,0.0,14.979699915966973,5.088528884375974
1.0,83244,su2,2,13.237140279893586,9,100000,0.99514,0.00486,0.99514,0.0,16.849213618785754,5.401308279401347
1.0,83244,su2,2,13.237140279893586,10,100000,0.99668,0.00332,0.99668,0.0,18.71538408158596,5.700985884239127
1.0,83244,su2,2,13.237140279893586,11,100000,0.99768,0.00232,0.99768,0.0,20.58185243691306,5.978272542651815
1.0,83244,su2,2,13.237140279893586,12,100000,0.99835,0.00165,0.99835,0.0,22.4562000572152,6.251642695062602
1.0,83244,su2,3,15.229696788159503,1,100000,0.83003,0.16997,0.83003,0.0,1.881834176346539,1.8003548974427905
1.0,83244,su2,3,15.229696788159503,2,100000,0.91259,0.08741,0.91259,0.0,3.7529081679832084,2.546058991733465
1.0,83244,su2,3,15.229696788159503,3,100000,0.94832,0.05168,0.94832,0.0,5.619219059247736,3.125841930114703
1.0,83244,su2,3,15.229696788159503,4,100000,0.96476,0.03524,0.96476,0.0,7.476141385499408,3.6031367950941458
1.0,83244,su2,3,15.229696788159503,5,100000,0.9759,0.0241,0.9759,0.0,9.33756602937314,4.028589315335125
1.0,83244,su2,3,15.229696788159503,6,100000,0.98356,0.01644,0.98356,0.0,11.193121487961125,4.4234175840791154
1.0,83244,su2,3,15.229696788159503,7,100000,0.98904,0.01096,0.98904,0.0,13.043027168270186,4.771842630010945
1.0,83244,su2,3,15.229696788159503,8,100000,0.99266,0.00734,0.99266,0.0,14.899850907114653,5.104607900497305
1.0,83244,su2,3,15.229696788159503,9,100000,0.99507,0.00493,0.99507,0.0,16.758256556389874,5.422541983566757
1.0,83244,su2,3,15.229696788159503,10,100000,0.99643,0.00357,0.99643,0.0,18.629874511465605,5.713952619065278
1.0,83244,su2,3,15.229696788159503,11,100000,0.99739,0.00261,0.99739,0.0,20.47628881593205,5.996495071171786
1.0,83244,su2,3,15.229696788159503,12,100000,0.99814,0.00186,0.99814,0.0,22.33226689517694,6.260891636999146
1.0,83244,su2,4,17.522188278958126,1,100000,0.83183,0.16817,0.83183,0.0,1.8807380582353352,1.8072027766122982
1.0,83244,su2,4,17.522188278958126,2,100000,0.91215,0.08785,0.91215,0.0,3.743326316799422,2.5573872991930093
1.0,83244,su2,4,17.522188278958126,3,100000,0.9446,0.0554,0.9446,0.0,5.591799541478878,3.143458118958758
1.0,83244,su2,4,17.522188278958126,4,100000,0.96386,0.03614,0.96386,0.0,7.453103068899622,3.6204847015195
1.0,83244,su2,4,17.522188278958126,5,100000,0.97539,0.02461,0.97539,0.0,9.309942498965,4.051194085437325
1.0,83244,su2,4,17.522188278958126,6,100000,0.98296,0.01704,0.98296,0.0,11.170950900102966,4.436584471203981
1.0,83244,su2,4,17.522188278958126,7,100000,0.9884,0.0116,0.9884,0.0,13.020885257158028,4.800484837203831
1.0,83244,su2,4,17.522188278958126,8,100000,0.99218,0.00782,0.99218,0.0,14.872936123433721,5.136186066074423
1.0,83244,su2,4,17.522188278958126,9,100000,0.99454,0.00546,0.99454,0.0,16.724804799332237,5.453632524734011
1.0,83244,su2,4,17.522188278958126,10,100000,0.99626,0.00374,0.99626,0.0,18.569047774276815,5.757620473996745
1.0,83244,su2,4,17.522188278958126,11,100000,0.99742,0.00258,0.99742,0.0,20.417817222637158,6.038012789825374
1.0,83244,su2,4,17.522188278958126,12,100000,0.99831,0.00169,0.99831,0.0,22.265168040265326,6.309818859934377
1.0,83244,su2,5,20.159763280511214,1,100000,0.82582,0.17418,0.82582,0.0,1.8620622576746944,1.809446462299176
1.0,83244,su2,5,20.159763280511214,2,100000,0.90956,0.09044,0.90956,0.0,3.709336271685513,2.562516323898412
1.0,83244,su2,5,20.159763280511214,3,100000,0.9449,0.0551,0.9449,0.0,5.560492377384563,3.143835943727527
1.0,83244,su2,5,20.159763280511214,4,100000,0.9632,0.0368,0.9632,0.0,7.4076069844461525,3.6349341556975405
1.0,83244,su2,5,20.159763280511214,5,100000,0.9747,0.0253,0.9747,0.0,9.253722283688518,4.06306706967265
1.0,83244,su2,5,20.159763280511214,6,100000,0.98364,0.01636,0.98364,0.0,11.100377940457617,4.447807679374176
1.0,83244,su2,5,20.159763280511214,7,100000,0.98866,0.01134,0.98866,0.0,12.951701238999242,4.816844707250499
1.0,83244,su2,5,20.159763280511214,8,100000,0.99232,0.00768,0.99232,0.0,14.791822133685402,5.149698537707051
1.0,83244,su2,5,20.159763280511214,9,100000,0.99462,0.00538,0.99462,0.0,16.648502932550116,5.460981281077806
1.0,83244,su2,5,20.159763280511214,10,100000,0.99621,0.00379,0.99621,0.0,18.488982027277668,5.759968469565086
1.0,83244,su2,5,20.159763280511214,11,100000,0.99751,0.00249,0.99751,0.0,20.327257145080246,6.03860762177251
1.0,83244,su2,5,20.159763280511214,12,100000,0.99816,0.00184,0.99816,0.0,22.16748938194733,6.299641664808737
1.0,83244,su2,6,23.19436642592759,1,100000,0.82728,0.17272,0.82728,0.0,1.8646694692338215,1.806471872743617
1.0,83244,su2,6,23.19436642592759,2,100000,0.91106,0.08894,0.91106,0.0,3.7216645454028248,2.553631990608443
1.0,83244,su2,6,23.19436642592759,3,100000,0.94612,0.05388,0.94612,0.0,5.574333404870159,3.1245289277014408
1.0,83244,su2,6,23.19436642592759,4,100000,0.96344,0.03656,0.96344,0.0,7.419113921631239,3.6113148138392206
1.0,83244,su2,6,23.19436642592759,5,100000,0.97554,0.02446,0.97554,0.0,9.266565930992243,4.032064722510958
1.0,83244,su2,6,23.19436642592759,6,100000,0.98296,0.01704,0.98296,0.0,11.107133620547726,4.431225760051938
1.0,83244,su2,6,23.19436642592759,7,100000,0.98859,0.01141,0.98859,0.0,12.94850964688086,4.782843888792744
1.0,83244,su2,6,23.19436642592759,8,100000,0.99257,0.00743,0.99257,0.0,14.80062063448178,5.1023874831101415
1.0,83244,su2,6,23.19436642592759,9,100000,0.99484,0.00516,0.99484,0.0,16.644758109901925,5.428790595967054
1.0,83244,su2,6,23.19436642592759,10,100000,0.99669,0.00331,0.99669,0.0,18.48814554980831,5.722302301078538
1.0,83244,su2,6,23.19436642592759,11,100000,0.99775,0.00225,0.99775,0.0,20.327078619775932,6.002592841362407
1.0,83244,su2,6,23.19436642592759,12,100000,0.99831,0.00169,0.99831,0.0,22.17657352584292,6.273222267133647
1.0,83244,su2,7,26.685761455357454,1,100000,0.82803,0.17197,0.82803,0.0,1.8721312104035046,1.8111202773743582
1.0,83244,su2,7,26.685761455357454,2,100000,0.90988,0.09012,0.90988,0.0,3.716060654361096,2.5668056222835425
1.0,83244,su2,7,26.685761455357454,3,100000,0.94447,0.05553,0.94447,0.0,5.559750202491625,3.1469903011009954
1.0,83244,su2,7,26.685761455357454,4,100000,0.96264,0.03736,0.96264,0.0,7.403647455021162,3.637764402966138
1.0,83244,su2,7,26.685761455357454,5,100000,0.97513,0.02487,0.97513,0.0,9.240498496968524,4.061128768070385
1.0,83244,su2,7,26.685761455357454,6,100000,0.98264,0.01736,0.98264,0.0,11.079715181771174,4.445566056627526
1.0,83244,su2,7,26.685761455357454,7,100000,0.98786,0.01214,0.98786,0.0,12.90855451515005,4.82264714719909
1.0,83244,su2,7,26.685761455357454,8,100000,0.99177,0.00823,0.99177,0.0,14.743261919201222,5.160075040661337
1.0,83244,su2,7,26.685761455357454,9,100000,0.99418,0.00582,0.99418,0.0,16.589485488619676,5.474376065139723
1.0,83244,su2,7,26.685761455357454,10,100000,0.99605,0.00395,0.99605,0.0,18.429164263750447,5.759198724124257
1.0,83244,su2,7,26.685761455357454,11,100000,0.9971,0.0029,0.9971,0.0,20.270376543410364,6.034514383093661
1.0,83244,su2,7,26.685761455357454,12,100000,0.99795,0.00205,0.99795,0.0,22.10412588360145,6.304074022486881
1.0,83244,su2,8,30.702708208325753,1,100000,0.82623,0.17377,0.82623,0.0,1.8507047237821985,1.8212119963819273
1.0,83244,su2,8,30.702708208325753,2,100000,0.90725,0.09275,0.90725,0.0,3.688817031116144,2.582108560002306
1.0,83244,su2,8,30.702708208325753,3,100000,0.94385,0.05615,0.94385,0.0,5.536114043296101,3.1635488846889888
1.0,83244,su2,8,30.702708208325753,4,100000,0.96088,0.03912,0.96088,0.0,7.358534043014234,3.6546840562146192
1.0,83244,su2,8,30.702708208325753,5,100000,0.97335,0.02665,0.97335,0.0,9.187970184799834,4.085349465982837
1.0,83244,su2,8,30.702708208325753,6,100000,0.98185,0.01815,0.98185,0.0,11.01642691442172,4.486941868133137
1.0,83244,su2,8,30.702708208325753,7,100000,0.98775,0.01225,0.98775,0.0,12.846241809580826,4.843900988356692
1.0,83244,su2,8,30.702708208325753,8,100000,0.99079,0.00921,0.99079,0.0,14.67621684892002,5.1872660145027885
1.0,83244,su2,8,30.702708208325753,9,100000,0.99395,0.00605,0.99395,0.0,16.516602981447633,5.495494077016585
1.0,83244,su2,8,30.702708208325753,10,100000,0.9959,0.0041,0.9959,0.0,18.35162100780068,5.79027865611882
1.0,83244,su2,8,30.702708208325753,11,100000,0.99726,0.00274,0.99726,0.0,20.188508917982798,6.066471376660207
1.0,83244,su2,8,30.702708208325753,12,100000,0.99801,0.00199,0.99801,0.0,22.016642746354766,6.3265569798623975
1.0,83244,su2,9,35.32431678603439,1,100000,0.82635,0.17365,0.82635,0.0,1.8596829115190883,1.8219667087347475
1.0,83244,su2,9,35.32431678603439,2,100000,0.90931,0.09069,0.90931,0.0,3.7104653207946203,2.5673686903929696
1.0,83244,su2,9,35.32431678603439,3,100000,0.94447,0.05553,0.94447,0.0,5.547763891901559,3.144799101999495
1.0,83244,su2,9,35.32431678603439,4,100000,0.96186,0.03814,0.96186,0.0,7.392106153232542,3.6404413559240707
1.0,83244,su2,9,35.32431678603439,5,100000,0.9746,0.0254,0.9746,0.0,9.244388575941969,4.0597615923245085
1.0,83244,su2,9,35.32431678603439,6,100000,0.98305,0.01695,0.98305,0.0,11.083391196701385,4.4504250468615485
1.0,83244,su2,9,35.32431678603439,7,100000,0.98823,0.01177,0.98823,0.0,12.91198210765977,4.808569550778239
1.0,83244,su2,9,35.32431678603439,8,100000,0.99244,0.00756,0.99244,0.0,14.748027988555679,5.139992181137539
1.0,83244,su2,9,35.32431678603439,9,100000,0.9949,0.0051,0.9949,0.0,16.58364057426644,5.443225844833634
1.0,83244,su2,9,35.32431678603439,10,100000,0.99642,0.00358,0.99642,0.0,18.416729995437336,5.745470560677496
1.0,83244,su2,9,35.32431678603439,11,100000,0.9976,0.0024,0.9976,0.0,20.25188988542531,6.022762974404074
1.0,83244,su2,9,35.32431678603439,12,100000,0.99835,0.00165,0.99835,0.0,22.082549490682812,6.2884418836687335
1.0,83244,su2,10,40.64160555262483,1,100000,0.82677,0.17323,0.82677,0.0,1.860877981169363,1.8159451587054674
1.0,83244,su2,10,40.64160555262483,2,100000,0.90894,0.09106,0.90894,0.0,3.707549370922426,2.572241597560423
1.0,83244,su2,10,40.64160555262483,3,100000,0.94355,0.05645,0.94355,0.0,5.552846787302483,3.157223944386362
1.0,83244,su2,10,40.64160555262483,4,100000,0.96151,0.03849,0.96151,0.0,7.3883233606786085,3.6469786804466384
1.0,83244,su2,10,40.64160555262483,5,100000,0.97412,0.02588,0.97412,0.0,9.225745441457342,4.082145507522344
1.0,83244,su2,10,40.64160555262483,6,100000,0.98216,0.01784,0.98216,0.0,11.050139114410673,4.476052546704505
1.0,83244,su2,10,40.64160555262483,7,100000,0.98743,0.01257,0.98743,0.0,12.87700134146563,4.8470566843920135
1.0,83244,su2,10,40.64160555262483,8,100000,0.99169,0.00831,0.99169,0.0,14.710203515777138,5.169512010609706
1.0,83244,su2,10,40.64160555262483,9,100000,0.99413,0.00587,0.99413,0.0,16.542368392920928,5.492594746686389
1.0,83244,su2,10,40.64160555262483,10,100000,0.99582,0.00418,0.99582,0.0,18.37009043949154,5.787990538927897
1.0,83244,su2,10,40.64160555262483,11,100000,0.9972,0.0028,0.9972,0.0,20.199603230051924,6.068422762636091
1.0,83244,su2,10,40.64160555262483,12,100000,0.99797,0.00203,0.99797,0.0,22.032663286460238,6.3337273809240315
1.0,83244,su2,11,46.75929365881369,1,100000,0.82614,0.17386,0.82614,0.0,1.8514303806889347,1.8207256208264138
1.0,83244,su2,11,46.75929365881369,2,100000,0.90912,0.09088,0.90912,0.0,3.6902792765502133,2.5830345779615747
1.0,83244,su2,11,46.75929365881369,3,100000,0.94257,0.05743,0.94257,0.0,5.519777652997283,3.173137910348838
1.0,83244,su2,11,46.75929365881369,4,100000,0.96086,0.03914,0.96086,0.0,7.3618081250937655,3.661171149886156
1.0,83244,su2,11,46.75929365881369,5,100000,0.97339,0.02661,0.97339,0.0,9.191495660592832,4.094339035459495
1.0,83244,su2,11,46.75929365881369,6,100000,0.98174,0.01826,0.98174,0.0,11.019096860377546,4.488191449459423
1.0,83244,su2,11,46.75929365881369,7,100000,0.98728,0.01272,0.98728,0.0,12.849877753543959,4.853198422881326
1.0,83244,su2,11,46.75929365881369,8,100000,0.99138,0.00862,0.99138,0.0,14.67926822159593,5.192615875015663
1.0,83244,su2,11,46.75929365881369,9,100000,0.99399,0.00601,0.99399,0.0,16.503760210246323,5.503609246347779
1.0,83244,su2,11,46.75929365881369,10,100000,0.99588,0.00412,0.99588,0.0,18.340681775108333,5.805467201351941
1.0,83244,su2,11,46.75929365881369,11,100000,0.9972,0.0028,0.9972,0.0,20.171776543308134,6.0806417883710475
1.0,83244,su2,11,46.75929365881369,12,100000,0.99799,0.00201,0.99799,0.0,21.99671800187547,6.346396466547644
1.0,83244,su2,12,53.79786339001967,1,100000,0.82711,0.17289,0.82711,0.0,1.854500467046699,1.8329851302256313
1.0,83244,su2,12,53.79786339001967,2,100000,0.90751,0.09249,0.90751,0.0,3.6875180691168636,2.602089924541744
1.0,83244,su2,12,53.79786339001967,3,100000,0.94173,0.05827,0.94173,0.0,5.522454033597868,3.179813851198004
1.0,83244,su2,12,53.79786339001967,4,100000,0.95978,0.04022,0.95978,0.0,7.343547608728772,3.6811946554629618
1.0,83244,su2,12,53.79786339001967,5,100000,0.97315,0.02685,0.97315,0.0,9.159179100091178,4.113275017780986
1.0,83244,su2,12,53.79786339001967,6,100000,0.98135,0.01865,0.98135,0.0,10.989929756789312,4.501326137740419
1.0,83244,su2,12,53.79786339001967,7,100000,0.98686,0.01314,0.98686,0.0,12.818895850596318,4.870282198146806
1.0,83244,su2,12,53.79786339001967,8,100000,0.99117,0.00883,0.99117,0.0,14.637735650631097,5.212331138621663
1.0,83244,su2,12,53.79786339001967,9,100000,0.99386,0.00614,0.99386,0.0,16.460762055502475,5.531808896516281
1.0,83244,su2,12,53.79786339001967,10,100000,0.99565,0.00435,0.99565,0.0,18.28024711868172,5.829699400953891
1.0,83244,su2,12,53.79786339001967,11,100000,0.99715,0.00285,0.99715,0.0,20.097971040203436,6.115840162015079
1.0,83244,su2,12,53.79786339001967,12,100000,0.99791,0.00209,0.99791,0.0,21.922618429300645,6.380427152109248
1.0,83244,su2,13,61.895932955045545,1,100000,0.82502,0.17498,0.82502,0.0,1.8473848732148979,1.8272931258092808
1.0,83244,su2,13,61.895932955045545,2,100000,0.90796,0.09204,0.90796,0.0,3.686288877422599,2.5808607167086794
1.0,83244,su2,13,61.895932955045545,3,100000,0.9422,0.0578,0.9422,0.0,5.518134998246679,3.1639668422913725
1.0,83244,su2,13,61.895932955045545,4,100000,0.96049,0.03951,0.96049,0.0,7.342796561295949,3.6571043794992573
1.0,83244,su2,13,61.895932955045545,5,100000,0.97282,0.02718,0.97282,0.0,9.164084534617958,4.0967323074024184
1.0,83244,su2,13,61.895932955045545,6,100000,0.98125,0.01875,0.98125,0.0,10.990522428602297,4.491894217462206
1.0,83244,su2,13,61.895932955045545,7,100000,0.98705,0.01295,0.98705,0.0,12.81174000248834,4.853651833145267
1.0,83244,su2,13,61.895932955045545,8,100000,0.99141,0.00859,0.99141,0.0,14.634808216929542,5.1869340646366195
1.0,83244,su2,13,61.895932955045545,9,100000,0.99377,0.00623,0.99377,0.0,16.458712517667074,5.499690582750144
1.0,83244,su2,13,61.895932955045545,10,100000,0.99564,0.00436,0.99564,0.0,18.2790607863337,5.797952967504264
1.0,83244,su2,13,61.895932955045545,11,100000,0.99703,0.00297,0.99703,0.0,20.113925514587486,6.075715093041324
1.0,83244,su2,13,61.895932955045545,12,100000,0.99796,0.00204,0.99796,0.0,21.959827624457507,6.34274044531276
1.0,83244,su2,14,71.21298644522419,1,100000,0.82506,0.17494,0.82506,0.0,1.8491020539311307,1.8368868508700642
1.0,83244,su2,14,71.21298644522419,2,100000,0.90717,0.09283,0.90717,0.0,3.685369727438027,2.5931937297125276
1.0,83244,su2,14,71.21298644522419,3,100000,0.94072,0.05928,0.94072,0.0,5.502896324287184,3.1807304064925304
1.0,83244,su2,14,71.21298644522419,4,100000,0.95987,0.04013,0.95987,0.0,7.334820581270124,3.6751553586101515
1.0,83244,su2,14,71.21298644522419,5,100000,0.97246,0.02754,0.97246,0.0,9.157161332510288,4.110999404109533
1.0,83244,su2,14,71.21298644522419,6,100000,0.98028,0.01972,0.98028,0.0,10.976203205803381,4.509626428809972
1.0,83244,su2,14,71.21298644522419,7,100000,0.98686,0.01314,0.98686,0.0,12.80106974465003,4.878844192551641
1.0,83244,su2,14,71.21298644522419,8,100000,0.99025,0.00975,0.99025,0.0,14.614457895338168,5.22763284026982
1.0,83244,su2,14,71.21298644522419,9,100000,0.99334,0.00666,0.99334,0.0,16.43016013834433,5.543355313523982
1.0,83244,su2,14,71.21298644522419,10,100000,0.99502,0.00498,0.99502,0.0,18.257755015679376,5.844683986633069
1.0,83244,su2,14,71.21298644522419,11,100000,0.99665,0.00335,0.99665,0.0,20.075512539215147,6.1281939463724955
1.0,83244,su2,14,71.21298644522419,12,100000,0.9975,0.0025,0.9975,0.0,21.894256378340387,6.405991572262196
1.0,83244,su2,15,81.93251472808262,1,100000,0.82432,0.17568,0.82432,0.0,1.845476434345054,1.8240513081520964
1.0,83244,su2,15,81.93251472808262,2,100000,0.90648,0.09352,0.90648,0.0,3.6743124406347154,2.58975321287952
1.0,83244,su2,15,81.93251472808262,3,100000,0.94162,0.05838,0.94162,0.0,5.511260322106195,3.1758058433034826
1.0,83244,su2,15,81.93251472808262,4,100000,0.96065,0.03935,0.96065,0.0,7.329736461934456,3.676255320521822
1.0,83244,su2,15,81.93251472808262,5,100000,0.97262,0.02738,0.97262,0.0,9.159426128933365,4.1022319215482375
1.0,83244,su2,15,81.93251472808262,6,100000,0.98119,0.01881,0.98119,0.0,10.97828387974999,4.494628993853569
1.0,83244,su2,15,81.93251472808262,7,100000,0.98734,0.01266,0.98734,0.0,12.803339132654422,4.857267072369179
1.0,83244,su2,15,81.93251472808262,8,100000,0.9914,0.0086,0.9914,0.0,14.626757153553513,5.18141656479445
1.0,83244,su2,15,81.93251472808262,9,100000,0.99396,0.00604,0.99396,0.0,16.439526956463634,5.49872489073977
1.0,83244,su2,15,81.93251472808262,10,100000,0.99581,0.00419,0.99581,0.0,18.252731239951448,5.803247711734099
1.0,83244,su2,15,81.93251472808262,11,100000,0.99698,0.00302,0.99698,0.0,20.082701403269976,6.077379665636811
1.0,83244,su2,15,81.93251472808262,12,100000,0.99792,0.00208,0.99792,0.0,21.89719813429649,6.353668243988305
1.0,83244,su2,16,94.26562913255931,1,100000,0.82419,0.17581,0.82419,0.0,1.849020432399945,1.8274259127857582
1.0,83244,su2,16,94.26562913255931,2,100000,0.90751,0.09249,0.90751,0.0,3.6803289455117785,2.5766218706887374
1.0,83244,su2,16,94.26562913255931,3,100000,0.94347,0.05653,0.94347,0.0,5.520420413448602,3.1429263903050453
1.0,83244,su2,16,94.26562913255931,4,100000,0.96224,0.03776,0.96224,0.0,7.351909663858229,3.636407545974935
1.0,83244,su2,16,94.26562913255931,5,100000,0.97406,0.02594,0.97406,0.0,9.17694986540191,4.084702782720419
1.0,83244,su2,16,94.26562913255931,6,100000,0.98189,0.01811,0.98189,0.0,10.999218094503203,4.48038758015673
1.0,83244,su2,16,94.26562913255931,7,100000,0.98762,0.01238,0.98762,0.0,12.825499712853912,4.83713833289818
1.0,83244,su2,16,94.26562913255931,8,100000,0.9919,0.0081,0.9919,0.0,14.655469110783091,5.15694732234851
1.0,83244,su2,16,94.26562913255931,9,100000,0.99431,0.00569,0.99431,0.0,16.48242453028827,5.473230413248647
1.0,83244,su2,16,94.26562913255931,10,100000,0.99592,0.00408,0.99592,0.0,18.310489751493975,5.7632402066461665
1.0,83244,su2,16,94.26562913255931,11,100000,0.99705,0.00295,0.99705,0.0,20.128969361621497,6.054991989737831
1.0,83244,su2,16,94.26562913255931,12,100000,0.99807,0.00193,0.99807,0.0,21.94189850602131,6.3242578049075115
1.0,83244,su2,17,108.4552190940077,1,100000,0.8267,0.1733,0.8267,0.0,1.8488026771517994,1.8285774828190797
1.0,83244,su2,17,108.4552190940077,2,100000,0.90776,0.09224,0.90776,0.0,3.6708157108138133,2.58976016547659
1.0,83244,su2,17,108.4552190940077,3,100000,0.94125,0.05875,0.94125,0.0,5.495342853166589,3.177675900498274
1.0,83244,su2,17,108.4552190940077,4,100000,0.95955,0.04045,0.95955,0.0,7.32820210662605,3.6781438628704235
1.0,83244,su2,17,108.4552190940077,5,100000,0.97208,0.02792,0.97208,0.0,9.15057174696897,4.115245247407006
1.0,83244,su2,17,108.4552190940077,6,100000,0.98036,0.01964,0.98036,0.0,10.967446956970274,4.507819838560321
1.0,83244,su2,17,108.4552190940077,7,100000,0.98662,0.01338,0.98662,0.0,12.784076893128871,4.870298580240498
1.0,83244,su2,17,108.4552190940077,8,100000,0.9906,0.0094,0.9906,0.0,14.603159892370526,5.2102364710935385
1.0,83244,su2,17,108.4552190940077,9,100000,0.99337,0.00663,0.99337,0.0,16.41105006915153,5.526891448051127
1.0,83244,su2,17,108.4552190940077,10,100000,0.99528,0.00472,0.99528,0.0,18.23267518425703,5.818432157596948
1.0,83244,su2,17,108.4552190940077,11,100000,0.99655,0.00345,0.99655,0.0,20.063815173012536,6.101643046500286
1.0,83244,su2,17,108.4552190940077,12,100000,0.99751,0.00249,0.99751,0.0,21.88572559356899,6.380322850571974
1.0,83244,su2,18,124.78073564001106,1,100000,0.8245,0.1755,0.8245,0.0,1.8437345237748108,1.8242895610269827
1.0,83244,su2,18,124.78073564001106,2,100000,0.9067,0.0933,0.9067,0.0,3.6763754819899988,2.582145626815556
1.0,83244,su2,18,124.78073564001106,3,100000,0.9417,0.0583,0.9417,0.0,5.500365426513465,3.1739884495693658
1.0,83244,su2,18,124.78073564001106,4,100000,0.96078,0.03922,0.96078,0.0,7.324231422623434,3.6641400824867985
1.0,83244,su2,18,124.78073564001106,5,100000,0.9728,0.0272,0.9728,0.0,9.141303484643478,4.097772961159475
1.0,83244,su2,18,124.78073564001106,6,100000,0.98144,0.01856,0.98144,0.0,10.964630306996279,4.483529676413709
1.0,83244,su2,18,124.78073564001106,7,100000,0.98745,0.01255,0.98745,0.0,12.790442739692512,4.850039176881967
1.0,83244,su2,18,124.78073564001106,8,100000,0.99119,0.00881,0.99119,0.0,14.609763348540671,5.19270708164303
1.0,83244,su2,18,124.78073564001106,9,100000,0.9937,0.0063,0.9937,0.0,16.433970826910887,5.507475713451571
1.0,83244,su2,18,124.78073564001106,10,100000,0.99588,0.00412,0.99588,0.0,18.246914999778834,5.797128671532307
1.0,83244,su2,18,124.78073564001106,11,100000,0.99685,0.00315,0.99685,0.0,20.063188763357225,6.084485088059878
1.0,83244,su2,18,124.78073564001106,12,100000,0.99783,0.00217,0.99783,0.0,21.88812192775592,6.349870210692067
1.0,83244,su2,19,143.5636949233974,1,100000,0.82151,0.17849,0.82151,0.0,1.8335424992601013,1.8327818055576819
1.0,83244,su2,19,143.5636949233974,2,100000,0.90613,0.09387,0.90613,0.0,3.6612453213613523,2.585004022022523
1.0,83244,su2,19,143.5636949233974,3,100000,0.94127,0.05873,0.94127,0.0,5.481894882105615,3.1689548664173954
1.0,83244,su2,19,143.5636949233974,4,100000,0.9598,0.0402,0.9598,0.0,7.294812367986058,3.6623742746146175
1.0,83244,su2,19,143.5636949233974,5,100000,0.97274,0.02726,0.97274,0.0,9.114445645312033,4.090501046375958
1.0,83244,su2,19,143.5636949233974,6,100000,0.98181,0.01819,0.98181,0.0,10.931951043900863,4.470093859002262
1.0,83244,su2,19,143.5636949233974,7,100000,0.9876,0.0124,0.9876,0.0,12.746598582589575,4.837431377514306
1.0,83244,su2,19,143.5636949233974,8,100000,0.9912,0.0088,0.9912,0.0,14.576055217897451,5.171841078676389
1.0,83244,su2,19,143.5636949233974,9,100000,0.99399,0.00601,0.99399,0.0,16.39364164393819,5.486829188161831
1.0,83244,su2,19,143.5636949233974,10,100000,0.99607,0.00393,0.99607,0.0,18.216527738582975,5.776069286855179
1.0,83244,su2,19,143.5636949233974,11,100000,0.99738,0.00262,0.99738,0.0,20.03461011385598,6.060226684250553
1.0,83244,su2,19,143.5636949233974,12,100000,0.99816,0.00184,0.99816,0.0,21.845850164764112,6.335261783734475
1.0,93247,photon,0,10.000000000000002,1,100000,0.73518,0.73518,0.26482,0.0,-3.4938978776611633,4.732119968324667
1.0,93247,photon,0,10.000000000000002,2,100000,0.83076,0.83076,0.16924,0.0,-6.98723439513067,6.700661615859451
1.0,93247,photon,0,10.000000000000002,3,100000,0.89206,0.89206,0.10794,0.0,-10.473538900846773,8.1931983010491
1.0,93247,photon,0,10.000000000000002,4,100000,0.93099,0.93099,0.06901,0.0,-13.95728617009983,9.443190247875775
1.0,93247,photon,0,10.000000000000002,5,100000,0.95526,0.95526,0.04474,0.0,-17.44866045057633,10.523318873911355
1.0,93247,photon,0,10.000000000000002,6,100000,0.96977,0.96977,0.03023,0.0,-20.924098048332702,11.534265802788303
1.0,93247,photon,0,10.000000000000002,7,100000,0.97893,0.97893,0.02107,0.0,-24.408883396052396,12.454403226052555
1.0,93247,photon,0,10.000000000000002,8,100000,0.98583,0.98583,0.01417,0.0,-27.891958036343016,13.324174118285322
1.0,93247,photon,0,10.000000000000002,9,100000,0.99053,0.99053,0.00947,0.0,-31.408381866041644,14.147411299643812
1.0,93247,photon,0,10.000000000000002,10,100000,0.99342,0.99342,0.00658,0.0,-34.91498317661727,14.906220538946243
1.0,93247,photon,0,10.000000000000002,11,100000,0.99528,0.99528,0.00472,0.0,-38.449299583729726,15.633694512787228
1.0,93247,photon,0,10.000000000000002,12,100000,0.99678,0.99678,0.00322,0.0,-41.91811493214186,16.32084514628665
1.0,93247,photon,1,10.181372917310114,1,100000,0.73669,0.73669,0.26331,0.0,-3.508425127372001,4.737645690279139
1.0,93247,photon,1,10.181372917310114,2,100000,0.83096,0.83096,0.16904,0.0,-7.02888217496173,6.7025936763546365
1.0,93247,photon,1,10.181372917310114,3,100000,0.89234,0.89234,0.10766,0.0,-10.531846329375648,8.207806975269996
1.0,93247,photon,1,10.181372917310114,4,100000,0.931,0.931,0.069,0.0,-14.03373534524756,9.471438289559645
1.0,93247,photon,1,10.181372917310114,5,100000,0.95503,0.95503,0.04497,0.0,-17.562285393540378,10.58776573318601
1.0,93247,photon,1,10.181372917310114,6,100000,0.97005,0.97005,0.02995,0.0,-21.075721733739023,11.580237758836551
1.0,93247,photon,1,10.181372917310114,7,100000,0.97913,0.97913,0.02087,0.0,-24.592658672975823,12.498097424230997
1.0,93247,photon,1,10.181372917310114,8,100000,0.98514,0.98514,0.01486,0.0,-28.074836445518706,13.350501630168226
1.0,93247,photon,1,10.181372917310114,9,100000,0.98952,0.98952,0.01048,0.0,-31.578072626731686,14.162511609551986
1.0,93247,photon,1,10.181372917310114,10,100000,0.99295,0.99295,0.00705,0.0,-35.06104634421675,14.914483842337923
1.0,93247,photon,1,10.181372917310114,11,100000,0.99516,0.99516,0.00484,0.0,-38.56938344760419,15.637484503811592
1.0,93247,photon,1,10.181372917310114,12,100000,0.99658,0.99658,0.00342,0.0,-42.06768451957126,16.339287781585078
1.0,93247,photon,2,10.36603544813358,1,100000,0.73828,0.73828,0.26172,0.0,-3.527114088434015,4.739896286961174
1.0,93247,photon,2,10.36603544813358,2,100000,0.83233,0.83233,0.16767,0.0,-7.059001319808114,6.720746976578076
1.0,93247,photon,2,10.36603544813358,3,100000,0.89265,0.89265,0.10735,0.0,-10.579475357694427,8.220239490324241
1.0,93247,photon,2,10.36603544813358,4,100000,0.93265,0.93265,0.06735,0.0,-14.095255669336561,9.477047394548418
1.0,93247,photon,2,10.36603544813358,5,100000,0.95531,0.95531,0.04469,0.0,-17.607496019851844,10.584454700310774
1.0,93247,photon,2,10.36603544813358,6,100000,0.97007,0.97007,0.02993,0.0,-21.12518097136042,11.580534435821026
1.0,93247,photon,2,10.36603544813358,7,100000,0.97966,0.97966,0.02034,0.0,-24.66226130018569,12.512517506950177
1.0,93247,photon,2,10.36603544813358,8,100000,0.98624,0.98624,0.01376,0.0,-28.172925354658048,13.391217770834066
1.0,93247,photon,2,10.36603544813358,9,100000,0.99088,0.99088,0.00912,0.0,-31.68721996347657,14.218943880933514
1.0,93247,photon,2,10.36603544813358,10,100000,0.99342,0.99342,0.00658,0.0,-35.20116720874295,14.970883597377071
1.0,93247,photon,2,10.36603544813358,11,100000,0.99547,0.99547,0.00453,0.0,-38.70075007271624,15.673436155354096
1.0,93247,photon,2,10.36603544813358,12,100000,0.99706,0.99706,0.00294,0.0,-42.22020171061236,16.371292506054008
1.0,93247,photon,3,10.554047257150385,1,100000,0.73756,0.73756,0.26244,0.0,-3.515696703817053,4.740477803045913
1.0,93247,photon,3,10.554047257150385,2,100000,0.83252,0.83252,0.16748,0.0,-7.0567947362264265,6.705032503372032
1.0,93247,photon,3,10.554047257150385,3,100000,0.89281,0.89281,0.10719,0.0,-10.555040136925035,8.193928420579475
1.0,93247,photon,3,10.554047257150385,4,100000,0.93166,0.93166,0.06834,0.0,-14.075634218067318,9.460791531701867
1.0,93247,photon,3,10.554047257150385,5,100000,0.95562,0.95562,0.04438,0.0,-17.578604257371254,10.57025011516968
1.0,93247,photon,3,10.554047257150385,6,100000,0.97035,0.97035,0.02965,0.0,-21.117529422118597,11.573527798767435
1.0,93247,photon,3,10.554047257150385,7,100000,0.97984,0.97984,0.02016,0.0,-24.63083039757166,12.498729652235392
1.0,93247,photon,3,10.554047257150385,8,100000,0.98602,0.98602,0.01398,0.0,-28.14571188138595,13.359259513118957
1.0,93247,photon,3,10.554047257150385,9,100000,0.99071,0.99071,0.00929,0.0,-31.663063207037496,14.156025111773411
1.0,93247,photon,3,10.554047257150385,10,100000,0.99343,0.99343,0.00657,0.0,-35.17776883565206,14.931901364679627
1.0,93247,photon,3,10.554047257150385,11,100000,0.99553,0.99553,0.00447,0.0,-38.672352025414675,15.652591827721748
1.0,93247,photon,3,10.554047257150385,12,100000,0.99678,0.99678,0.00322,0.0,-42.20869249886048,16.36729973643085
1.0,93247,photon,4,10.745469091196195,1,100000,0.74039,0.74039,0.25961,0.0,-3.5648448890638247,4.74265555840482
1.0,93247,photon,4,10.745469091196195,2,100000,0.83321,0.83321,0.16679,0.0,-7.085585400647952,6.694595785524169
1.0,93247,photon,4,10.745469091196195,3,100000,0.89436,0.89436,0.10564,0.0,-10.602961875633255,8.19333141794623
1.0,93247,photon,4,10.745469091196195,4,100000,0.93334,0.93334,0.06666,0.0,-14.162840173984645,9.47447849178856
1.0,93247,photon,4,10.745469091196195,5,100000,0.95578,0.95578,0.04422,0.0,-17.72544338882794,10.587046399779448
1.0,93247,photon,4,10.745469091196195,6,100000,0.97064,0.97064,0.02936,0.0,-21.287093875449436,11.606001198247256
1.0,93247,photon,4,10.745469091196195,7,100000,0.98035,0.98035,0.01965,0.0,-24.809372957001365,12.52380390263119
1.0,93247,photon,4,10.745469091196195,8,100000,0.98697,0.98697,0.01303,0.0,-28.34828222075774,13.390202222577015
1.0,93247,photon,4,10.745469091196195,9,100000,0.99055,0.99055,0.00945,0.0,-31.88427084039063,14.207601022051186
1.0,93247,photon,4,10.745469091196195,10,100000,0.99343,0.99343,0.00657,0.0,-35.41915709628065,14.990919250268384
1.0,93247,photon,4,10.745469091196195,11,100000,0.99542,0.99542,0.00458,0.0,-38.946001039380256,15.713991713747449
1.0,93247,photon,4,10.745469091196195,12,100000,0.99689,0.99689,0.00311,0.0,-42.484570480334625,16.40527929653575
1.0,93247,photon,5,10.940362798889787,1,100000,0.74183,0.74183,0.25817,0.0,-3.5496647966855903,4.729467772942105
1.0,93247,photon,5,10.940362798889787,2,100000,0.83351,0.83351,0.16649,0.0,-7.081693868296307,6.695784897088825
1.0,93247,photon,5,10.940362798889787,3,100000,0.89508,0.89508,0.10492,0.0,-10.629873406551361,8.189966712324743
1.0,93247,photon,5,10.940362798889787,4,100000,0.93439,0.93439,0.06561,0.0,-14.182567021597913,9.424621375287744
1.0,93247,photon,5,10.940362798889787,5,100000,0.95709,0.95709,0.04291,0.0,-17.71522932813556,10.567485254180857
1.0,93247,photon,5,10.940362798889787,6,100000,0.97137,0.97137,0.02863,0.0,-21.245859071010738,11.570592526980967
1.0,93247,photon,5,10.940362798889787,7,100000,0.98078,0.98078,0.01922,0.0,-24.796497278568,12.491217974507041
1.0,93247,photon,5,10.940362798889787,8,100000,0.98717,0.98717,0.01283,0.0,-28.356874327230948,13.364899036411742
1.0,93247,photon,5,10.940362798889787,9,100000,0.99128,0.99128,0.00872,0.0,-31.899973649771614,14.183575999186456
1.0,93247,photon,5,10.940362798889787,10,100000,0.99379,0.99379,0.00621,0.0,-35.44131259075426,14.945251464376618
1.0,93247,photon,5,10.940362798889787,11,100000,0.99577,0.99577,0.00423,0.0,-39.00473290357166,15.661607224458454
1.0,93247,photon,5,10.940362798889787,12,100000,0.99703,0.99703,0.00297,0.0,-42.53030063354725,16.387129128581172
1.0,93247,photon,6,11.13879135061635,1,100000,0.73896,0.73896,0.26104,0.0,-3.558332602720606,4.7546114664634205
1.0,93247,photon,6,11.13879135061635,2,100000,0.83243,0.83243,0.16757,0.0,-7.093469681645462,6.716949952025043
1.0,93247,photon,6,11.13879135061635,3,100000,0.89478,0.89478,0.10522,0.0,-10.622334542945001,8.208342813947906
1.0,93247,photon,6,11.13879135061635,4,100000,0.9326,0.9326,0.0674,0.0,-14.155729506255849,9.4628869029825
1.0,93247,photon,6,11.13879135061635,5,100000,0.95606,0.95606,0.04394,0.0,-17.699966432453973,10.587293455645412
1.0,93247,photon,6,11.13879135061635,6,100000,0.97026,0.97026,0.02974,0.0,-21.245560586200323,11.594457685415705
1.0,93247,photon,6,11.13879135061635,7,100000,0.97999,0.97999,0.02001,0.0,-24.81353734435441,12.518173316469484
1.0,93247,photon,6,11.13879135061635,8,100000,0.98572,0.98572,0.01428,0.0,-28.353966565136883,13.374411080954523
1.0,93247,photon,6,11.13879135061635,9,100000,0.99,0.99,0.01,0.0,-31.92217391339283,14.208248302709462
1.0,93247,photon,6,11.13879135061635,10,100000,0.99327,0.99327,0.00673,0.0,-35.488223401463756,14.95957340999297
1.0,93247,photon,6,11.13879135061635,11,100000,0.99564,0.99564,0.00436,0.0,-39.0192808988176,15.687425067449583
1.0,93247,photon,6,11.13879135061635,12,100000,0.99682,0.99682,0.00318,0.0,-42.53004919692391,16.38044034265133
1.0,93247,photon,7,11.340818858873345,1,100000,0.73903,0.73903,0.26097,0.0,-3.559584325898017,4.745342377096376
1.0,93247,photon,7,11.340818858873345,2,100000,0.83537,0.83537,0.16463,0.0,-7.122395911198928,6.705958922584131
1.0,93247,photon,7,11.340818858873345,3,100000,0.89553,0.89553,0.10447,0.0,-10.68457491055242,8.219860945761997
1.0,93247,photon,7,11.340818858873345,4,100000,0.93451,0.93451,0.06549,0.0,-14.25592336151957,9.491667803090822
1.0,93247,photon,7,11.340818858873345,5,100000,0.9573,0.9573,0.0427,0.0,-17.78274210942988,10.583769015930777
1.0,93247,photon,7,11.340818858873345,6,100000,0.97084,0.97084,0.02916,0.0,-21.34508494785126,11.615319625423133
1.0,93247,photon,7,11.340818858873345,7,100000,0.98031,0.98031,0.01969,0.0,-24.89802581143059,12.542673101347331
1.0,93247,photon,7,11.340818858873345,8,100000,0.9868,0.9868,0.0132,0.0,-28.43614943184236,13.387352375966573
1.0,93247,photon,7,11.340818858873345,9,100000,0.99111,0.99111,0.00889,0.0,-31.985661915325746,14.179583550054973
1.0,93247,photon,7,11.340818858873345,10,100000,0.99395,0.99395,0.00605,0.0,-35.532950629969726,14.9597244546321
1.0,93247,photon,7,11.340818858873345,11,100000,0.99568,0.99568,0.00432,0.0,-39.12598722562209,15.681096097353256
1.0,93247,photon,7,11.340818858873345,12,100000,0.9969,0.9969,0.0031,0.0,-42.6628255284184,16.350114641371274
1.0,93247,photon,8,11.546510598985286,1,100000,0.74251,0.74251,0.25749,0.0,-3.603593456153259,4.754424113562869
1.0,93247,photon,8,11.546510598985286,2,100000,0.8376,0.8376,0.1624,0.0,-7.1793841379455685,6.70477702476274
1.0,93247,photon,8,11.546510598985286,3,100000,0.89772,0.89772,0.10228,0.0,-10.781219480245376,8.227341889392582
1.0,93247,photon,8,11.546510598985286,4,100000,0.93707,0.93707,0.06293,0.0,-14.38602510015179,9.504959912070454
1.0,93247,photon,8,11.546510598985286,5,100000,0.95837,0.95837,0.04163,0.0,-17.951184783006088,10.620340779352272
1.0,93247,photon,8,11.546510598985286,6,100000,0.97201,0.97201,0.02799,0.0,-21.50208118338302,11.622498072545339
1.0,93247,photon,8,11.546510598985286,7,100000,0.98102,0.98102,0.01898,0.0,-25.07888084123272,12.558584963938127
1.0,93247,photon,8,11.546510598985286,8,100000,0.98712,0.98712,0.01288,0.0,-28.66875448744143,13.416675684735912
1.0,93247,photon,8,11.546510598985286,9,100000,0.99123,0.99123,0.00877,0.0,-32.23262140567352,14.236434112172796
1.0,93247,photon,8,11.546510598985286,10,100000,0.99411,0.99411,0.00589,0.0,-35.82515347192629,15.009686211262151
1.0,93247,photon,8,11.546510598985286,11,100000,0.99594,0.99594,0.00406,0.0,-39.42586419846264,15.710069546402961
1.0,93247,photon,8,11.546510598985286,12,100000,0.99713,0.99713,0.00287,0.0,-42.99764841031352,16.426183011287097
1.0,93247,photon,9,11.75593303019429,1,100000,0.74199,0.74199,0.25801,0.0,-3.576477029809357,4.746329425369421
1.0,93247,photon,9,11.75593303019429,2,100000,0.83552,0.83552,0.16448,0.0,-7.169184777682761,6.714827898936282
1.0,93247,photon,9,11.75593303019429,3,100000,0.8971,0.8971,0.1029,0.0,-10.748774730975686,8.226727851533662
1.0,93247,photon,9,11.75593303019429,4,100000,0.9361,0.9361,0.0639,0.0,-14.350198038902315,9.479036602914668
1.0,93247,photon,9,11.75593303019429,5,100000,0.95833,0.95833,0.04167,0.0,-17.934117506031615,10.591097437038174
1.0,93247,photon,9,11.75593303019429,6,100000,0.97185,0.97185,0.02815,0.0,-21.52444707090967,11.61081103639668
1.0,93247,photon,9,11.75593303019429,7,100000,0.98159,0.98159,0.01841,0.0,-25.09832699511252,12.541535971625246
1.0,93247,photon,9,11.75593303019429,8,100000,0.98769,0.98769,0.01231,0.0,-28.681103991951396,13.379296388225502
1.0,93247,photon,9,11.75593303019429,9,100000,0.99151,0.99151,0.00849,0.0,-32.245158824507115,14.189959241014588
1.0,93247,photon,9,11.75593303019429,10,100000,0.99435,0.99435,0.00565,0.0,-35.841074222851084,14.956286595959043
1.0,93247,photon,9,11.75593303019429,11,100000,0.99598,0.99598,0.00402,0.0,-39.444202134459104,15.706855296922264
1.0,93247,photon,9,11.75593303019429,12,100000,0.99722,0.99722,0.00278,0.0,-43.002441948537964,16.397428638417782
1.0,93247,photon,10,11.969153817133158,1,100000,0.74274,0.74274,0.25726,0.0,-3.5941450837382587,4.752606705612084
1.0,93247,photon,10,11.969153817133158,2,100000,0.83611,0.83611,0.16389,0.0,-7.192472170083818,6.714451172527435
1.0,93247,photon,10,11.969153817133158,3,100000,0.8973,0.8973,0.1027,0.0,-10.799986922406514,8.223500557987764
1.0,93247,photon,10,11.969153817133158,4,100000,0.93505,0.93505,0.06495,0.0,-14.398354881114026,9.516792914522894
1.0,93247,photon,10,11.969153817133158,5,100000,0.95799,0.95799,0.04201,0.0,-17.957431676280713,10.611892203601347
1.0,93247,photon,10,11.969153817133158,6,100000,0.97134,0.97134,0.02866,0.0,-21.540513601767252,11.629514346637311
1.0,93247,photon,10,11.969153817133158,7,100000,0.98067,0.98067,0.01933,0.0,-25.123104840629964,12.568318310464386
1.0,93247,photon,10,11.969153817133158,8,100000,0.98684,0.98684,0.01316,0.0,-28.676588273578478,13.42942892867138
1.0,93247,photon,10,11.969153817133158,9,100000,0.99093,0.99093,0.00907,0.0,-32.296537061998954,14.246657914828527
1.0,93247,photon,10,11.969153817133158,10,100000,0.99383,0.99383,0.00617,0.0,-35.870096377368704,15.004780125849498
1.0,93247,photon,10,11.969153817133158,11,100000,0.99564,0.99564,0.00436,0.0,-39.44308385239954,15.749719634592823
1.0,93247,photon,10,11.969153817133158,12,100000,0.99687,0.99687,0.00313,0.0,-43.027832781951,16.426395782211845
1.0,93247,photon,11,12.186241851687845,1,100000,0.74153,0.74153,0.25847,0.0,-3.5900334040047355,4.755992150961346
1.0,93247,photon,11,12.186241851687845,2,100000,0.83644,0.83644,0.16356,0.0,-7.175650126666748,6.7154371176217795
1.0,93247,photon,11,12.186241851687845,3,100000,0.89791,0.89791,0.10209,0.0,-10.767232299401721,8.205051034129884
1.0,93247,photon,11,12.186241851687845,4,100000,0.93592,0.93592,0.06408,0.0,-14.354745651993037,9.472410527188238
1.0,93247,photon,11,12.186241851687845,5,100000,0.95906,0.95906,0.04094,0.0,-17.939040609151032,10.56658771775797
1.0,93247,photon,11,12.186241851687845,6,100000,0.97338,0.97338,0.02662,0.0,-21.52079622369791,11.57693716162795
1.0,93247,photon,11,12.186241851687845,7,100000,0.98181,0.98181,0.01819,0.0,-25.127792513891904,12.51655361249944
1.0,93247,photon,11,12.186241851687845,8,100000,0.9876,0.9876,0.0124,0.0,-28.72816561096725,13.391859413323981
1.0,93247,photon,11,12.186241851687845,9,100000,0.99166,0.99166,0.00834,0.0,-32.2983410268968,14.191150486263934
1.0,93247,photon,11,12.186241851687845,10,100000,0.99412,0.99412,0.00588,0.0,-35.895869355787376,14.956496579426506
1.0,93247,photon,11,12.186241851687845,11,100000,0.9963,0.9963,0.0037,0.0,-39.493742187284084,15.674833319008913
1.0,93247,photon,11,12.186241851687845,12,100000,0.99724,0.99724,0.00276,0.0,-43.083598479158276,16.376225007287125
1.0,93247,photon,12,12.407267275256567,1,100000,0.74383,0.74383,0.25617,0.0,-3.623773856304373,4.749262870772057
1.0,93247,photon,12,12.407267275256567,2,100000,0.83772,0.83772,0.16228,0.0,-7.208143031235582,6.708911579042928
1.0,93247,photon,12,12.407267275256567,3,100000,0.89796,0.89796,0.10204,0.0,-10.812929408902828,8.242723477099844
1.0,93247,photon,12,12.407267275256567,4,100000,0.93659,0.93659,0.06341,0.0,-14.45748403231992,9.524174808546187
1.0,93247,photon,12,12.407267275256567,5,100000,0.95899,0.95899,0.04101,0.0,-18.077256218641896,10.662614349247317
1.0,93247,photon,12,12.407267275256567,6,100000,0.97256,0.97256,0.02744,0.0,-21.66936271899298,11.666988466561964
1.0,93247,photon,12,12.407267275256567,7,100000,0.98109,0.98109,0.01891,0.0,-25.24472000067518,12.594981696654456
1.0,93247,photon,12,12.407267275256567,8,100000,0.98714,0.98714,0.01286,0.0,-28.839300109279453,13.454500805291007
1.0,93247,photon,12,12.407267275256567,9,100000,0.99155,0.99155,0.00845,0.0,-32.44018935653769,14.261027756599056
1.0,93247,photon,12,12.407267275256567,10,100000,0.99423,0.99423,0.00577,0.0,-36.01702526117479,15.02170425324634
1.0,93247,photon,12,12.407267275256567,11,100000,0.99589,0.99589,0.00411,0.0,-39.61247185997983,15.771287408870508
1.0,93247,photon,12,12.407267275256567,12,100000,0.9974,0.9974,0.0026,0.0,-43.20045380516993,16.44562604172102
1.0,93247,photon,13,12.632301501412519,1,100000,0.74276,0.74276,0.25724,0.0,-3.6256900541903208,4.762388859455827
1.0,93247,photon,13,12.632301501412519,2,100000,0.8403,0.8403,0.1597,0.0,-7.2788173528052305,6.715785156867815
1.0,93247,photon,13,12.632301501412519,3,100000,0.89952,0.89952,0.10048,0.0,-10.890958998544379,8.220148745227192
1.0,93247,photon,13,12.632301501412519,4,100000,0.93779,0.93779,0.06221,0.0,-14.500089511444251,9.507439600291319
1.0,93247,photon,13,12.632301501412519,5,100000,0.95986,0.95986,0.04014,0.0,-18.140462108110405,10.618271185036964
1.0,93247,photon,13,12.632301501412519,6,100000,0.97211,0.97211,0.02789,0.0,-21.74575118305934,11.637265529269865
1.0,93247,photon,13,12.632301501412519,7,100000,0.98134,0.98134,0.01866,0.0,-25.3589546434485,12.583276657833402
1.0,93247,photon,13,12.632301501412519,8,100000,0.9876,0.9876,0.0124,0.0,-28.98840972334829,13.449824971629342
1.0,93247,photon,13,12.632301501412519,9,100000,0.99123,0.99123,0.00877,0.0,-32.576788916126375,14.265876038978135
1.0,93247,photon,13,12.632301501412519,10,100000,0.99411,0.99411,0.00589,0.0,-36.189645850948395,15.03319526397124
1.0,93247,photon,13,12.632301501412519,11,100000,0.99597,0.99597,0.00403,0.0,-39.805759828896555,15.754556822532441
1.0,93247,photon,13,12.632301501412519,12,100000,0.99723,0.99723,0.00277,0.0,-43.4136440671723,16.452691673577398
1.0,93247,photon,14,12.861417238977731,1,100000,0.74174,0.74174,0.25826,0.0,-3.6201145638859096,4.755889129908272
1.0,93247,photon,14,12.861417238977731,2,100000,0.83847,0.83847,0.16153,0.0,-7.257189337961939,6.7248191837641675
1.0,93247,photon,14,12.861417238977731,3,100000,0.89991,0.89991,0.10009,0.0,-10.889535899073278,8.251187766151375
1.0,93247,photon,14,12.861417238977731,4,100000,0.93703,0.93703,0.06297,0.0,-14.545633316933609,9.52986049703937
1.0,93247,photon,14,12.861417238977731,5,100000,0.9601,0.9601,0.0399,0.0,-18.175557409601407,10.635572166584486
1.0,93247,photon,14,12.861417238977731,6,100000,0.97447,0.97447,0.02553,0.0,-21.826431726120283,11.636568400489775
1.0,93247,photon,14,12.861417238977731,7,100000,0.98245,0.98245,0.01755,0.0,-25.45111935878121,12.582225317626705
1.0,93247,photon,14,12.861417238977731,8,100000,0.98817,0.98817,0.01183,0.0,-29.063060270829386,13.460211905502362
1.0,93247,photon,14,12.861417238977731,9,100000,0.99213,0.99213,0.00787,0.0,-32.67532122082208,14.258646594411907
1.0,93247,photon,14,12.861417238977731,10,100000,0.99442,0.99442,0.00558,0.0,-36.28317392305512,15.056222430095271
1.0,93247,photon,14,12.861417238977731,11,100000,0.99643,0.99643,0.00357,0.0,-39.90434835889897,15.790065376404579
1.0,93247,photon,14,12.861417238977731,12,100000,0.99746,0.99746,0.00254,0.0,-43.51704430039288,16.489838371322517
1.0,93247,photon,15,13.09468851551533,1,100000,0.74335,0.74335,0.25665,0.0,-3.6109284828774735,4.753689486191858
1.0,93247,photon,15,13.09468851551533,2,100000,0.83938,0.83938,0.16062,0.0,-7.232208786077683,6.709894911510409
1.0,93247,photon,15,13.09468851551533,3,100000,0.89891,0.89891,0.10109,0.0,-10.863871251567593,8.235526050547943
1.0,93247,photon,15,13.09468851551533,4,100000,0.93745,0.93745,0.06255,0.0,-14.495405353798107,9.500162806744495
1.0,93247,photon,15,13.09468851551533,5,100000,0.96029,0.96029,0.03971,0.0,-18.138638916855616,10.600961859959547
1.0,93247,photon,15,13.09468851551533,6,100000,0.97397,0.97397,0.02603,0.0,-21.782967470822264,11.610526817411364
1.0,93247,photon,15,13.09468851551533,7,100000,0.98252,0.98252,0.01748,0.0,-25.421340170679613,12.54157240637658
1.0,93247,photon,15,13.09468851551533,8,100000,0.98822,0.98822,0.01178,0.0,-29.06978669643065,13.399742197378178
1.0,93247,photon,15,13.09468851551533,9,100000,0.99198,0.99198,0.00802,0.0,-32.72934837449941,14.228153430316606
1.0,93247,photon,15,13.09468851551533,10,100000,0.99455,0.99455,0.00545,0.0,-36.370623886349314,14.992385623575306
1.0,93247,photon,15,13.09468851551533,11,100000,0.9963,0.9963,0.0037,0.0,-39.99428357096142,15.722320503474087
1.0,93247,photon,15,13.09468851551533,12,100000,0.99752,0.99752,0.00248,0.0,-43.6290573475164,16.42032474639194
1.0,93247,photon,16,13.332190701247947,1,100000,0.74391,0.74391,0.25609,0.0,-3.6173638704673214,4.747511731024065
1.0,93247,photon,16,13.332190701247947,2,100000,0.8406,0.8406,0.1594,0.0,-7.258125778261771,6.71099990809094
1.0,93247,photon,16,13.332190701247947,3,100000,0.90057,0.90057,0.09943,0.0,-10.89017646499183,8.225705902440044
1.0,93247,photon,16,13.332190701247947,4,100000,0.93804,0.93804,0.06196,0.0,-14.525359704348602,9.506480537693555
1.0,93247,photon,16,13.332190701247947,5,100000,0.95988,0.95988,0.04012,0.0,-18.143309537103047,10.6113477536549
1.0,93247,photon,16,13.332190701247947,6,100000,0.97371,0.97371,0.02629,0.0,-21.783545550210313,11.645612909316366
1.0,93247,photon,16,13.332190701247947,7,100000,0.98286,0.98286,0.01714,0.0,-25.425359773435094,12.570842231208502
1.0,93247,photon,16,13.332190701247947,8,100000,0.98842,0.98842,0.01158,0.0,-29.071116183747826,13.440016863732478
1.0,93247,photon,16,13.332190701247947,9,100000,0.99214,0.99214,0.00786,0.0,-32.6706874374542,14.239552719296313
1.0,93247,photon,16,13.332190701247947,10,100000,0.99478,0.99478,0.00522,0.0,-36.27856117264737,15.02025533125617
1.0,93247,photon,16,13.332190701247947,11,100000,0.99632,0.99632,0.00368,0.0,-39.89255925250512,15.751326239477958
1.0,93247,photon,16,13.332190701247947,12,100000,0.9975,0.9975,0.0025,0.0,-43.528474288740426,16.43286117444973
1.0,93247,photon,17,13.57400053340996,1,100000,0.74731,0.74731,0.25269,0.0,-3.6621383853587752,4.7534596938161595
1.0,93247,photon,17,13.57400053340996,2,100000,0.84202,0.84202,0.15798,0.0,-7.317882018075907,6.722969133052529
1.0,93247,photon,17,13.57400053340996,3,100000,0.8997,0.8997,0.1003,0.0,-10.959064780695268,8.256462006852027
1.0,93247,photon,17,13.57400053340996,4,100000,0.93775,0.93775,0.06225,0.0,-14.599761614033051,9.503548455425989
1.0,93247,photon,17,13.57400053340996,5,100000,0.96053,0.96053,0.03947,0.0,-18.267131155967725,10.624136966993044
1.0,93247,photon,17,13.57400053340996,6,100000,0.97442,0.97442,0.02558,0.0,-21.938743617991218,11.62736228700477
1.0,93247,photon,17,13.57400053340996,7,100000,0.98278,0.98278,0.01722,0.0,-25.576534829910056,12.572710063814498
1.0,93247,photon,17,13.57400053340996,8,100000,0.98803,0.98803,0.01197,0.0,-29.21204181966999,13.453004854926242
1.0,93247,photon,17,13.57400053340996,9,100000,0.99242,0.99242,0.00758,0.0,-32.85746410308434,14.256618514400762
1.0,93247,photon,17,13.57400053340996,10,100000,0.99462,0.99462,0.00538,0.0,-36.499880516386966,15.028247579308452
1.0,93247,photon,17,13.57400053340996,11,100000,0.99629,0.99629,0.00371,0.0,-40.134804231450715,15.749211881166522
1.0,93247,photon,17,13.57400053340996,12,100000,0.99754,0.99754,0.00246,0.0,-43.807514582604256,16.444068898154676
1.0,93247,photon,18,13.820196141041313,1,100000,0.74438,0.74438,0.25562,0.0,-3.6441006007763757,4.760763738363186
1.0,93247,photon,18,13.820196141041313,2,100000,0.841,0.841,0.159,0.0,-7.300945606009596,6.720291611694024
1.0,93247,photon,18,13.820196141041313,3,100000,0.90149,0.90149,0.09851,0.0,-10.941562149595637,8.212906388497784
1.0,93247,photon,18,13.820196141041313,4,100000,0.94016,0.94016,0.05984,0.0,-14.584057499280693,9.460903607644314
1.0,93247,photon,18,13.820196141041313,5,100000,0.96152,0.96152,0.03848,0.0,-18.227761881471373,10.578000445887483
1.0,93247,photon,18,13.820196141041313,6,100000,0.97483,0.97483,0.02517,0.0,-21.875016398988567,11.590356509634685
1.0,93247,photon,18,13.820196141041313,7,100000,0.98309,0.98309,0.01691,0.0,-25.504227301029317,12.514668096742277
1.0,93247,photon,18,13.820196141041313,8,100000,0.98895,0.98895,0.01105,0.0,-29.150874436436446,13.388095594051903
1.0,93247,photon,18,13.820196141041313,9,100000,0.99285,0.99285,0.00715,0.0,-32.819089108717264,14.198582455713881
1.0,93247,photon,18,13.820196141041313,10,100000,0.99466,0.99466,0.00534,0.0,-36.46270238842172,14.984672079089744
1.0,93247,photon,18,13.820196141041313,11,100000,0.99637,0.99637,0.00363,0.0,-40.11059695206491,15.722915891217912
1.0,93247,photon,18,13.820196141041313,12,100000,0.99751,0.99751,0.00249,0.0,-43.757615762101665,16.42214964875165
1.0,93247,photon,19,14.070857070231174,1,100000,0.74568,0.74568,0.25432,0.0,-3.6788531235278357,4.766310235104536
1.0,93247,photon,19,14.070857070231174,2,100000,0.84221,0.84221,0.15779,0.0,-7.343551522926802,6.715631927547371
1.0,93247,photon,19,14.070857070231174,3,100000,0.9024,0.9024,0.0976,0.0,-10.996325021704747,8.219577412276031
1.0,93247,photon,19,14.070857070231174,4,100000,0.93957,0.93957,0.06043,0.0,-14.648687095701192,9.497903675144777
1.0,93247,photon,19,14.070857070231174,5,100000,0.96039,0.96039,0.03961,0.0,-18.31207920862232,10.629869182979277
1.0,93247,photon,19,14.070857070231174,6,100000,0.97393,0.97393,0.02607,0.0,-21.987401362572673,11.632611463840814
1.0,93247,photon,19,14.070857070231174,7,100000,0.98367,0.98367,0.01633,0.0,-25.672182614126168,12.560880161116694
1.0,93247,photon,19,14.070857070231174,8,100000,0.98895,0.98895,0.01105,0.0,-29.30404751832672,13.399560444023463
1.0,93247,photon,19,14.070857070231174,9,100000,0.99262,0.99262,0.00738,0.0,-32.97235419406278,14.196148125025728
1.0,93247,photon,19,14.070857070231174,10,100000,0.99501,0.99501,0.00499,0.0,-36.61393351775667,14.969139900979249
1.0,93247,photon,19,14.070857070231174,11,100000,0.99636,0.99636,0.00364,0.0,-40.244352208086134,15.693522767136331
1.0,93247,photon,19,14.070857070231174,12,100000,0.99739,0.99739,0.00261,0.0,-43.91597513428815,16.422604793615072
1.0,93247,su2,0,10.000000000000002,1,100000,0.83509,0.16491,0.83509,0.0,1.9122581935689995,1.7798952330978774
1.0,93247,su2,0,10.000000000000002,2,100000,0.91632,0.08368,0.91632,0.0,3.8046564797845295,2.525618067091553
1.0,93247,su2,0,10.000000000000002,3,100000,0.95008,0.04992,0.95008,0.0,5.699837951322002,3.0991519189212777
1.0,93247,su2,0,10.000000000000002,4,100000,0.96689,0.03311,0.96689,0.0,7.5735144383155415,3.5835898283762613
1.0,93247,su2,0,10.000000000000002,5,100000,0.97781,0.02219,0.97781,0.0,9.459660814914278,3.997831892336071
1.0,93247,su2,0,10.000000000000002,6,100000,0.98475,0.01525,0.98475,0.0,11.341230637596166,4.3830873826149475
1.0,93247,su2,0,10.000000000000002,7,100000,0.98977,0.01023,0.98977,0.0,13.233166759357376,4.73362440628073
1.0,93247,su2,0,10.000000000000002,8,100000,0.99333,0.00667,0.99333,0.0,15.109597737751024,5.05684930896503
1.0,93247,su2,0,10.000000000000002,9,100000,0.99567,0.00433,0.99567,0.0,16.993388718671657,5.367725729560525
1.0,93247,su2,0,10.000000000000002,10,100000,0.99722,0.00278,0.99722,0.0,18.870947237918752,5.658999293012769
1.0,93247,su2,0,10.000000000000002,11,100000,0.99794,0.00206,0.99794,0.0,20.754239695106047,5.936696927855948
1.0,93247,su2,0,10.000000000000002,12,100000,0.9985,0.0015,0.9985,0.0,22.63877482761994,6.200081390616274
1.0,93247,su2,1,11.505277171756266,1,100000,0.8349,0.1651,0.8349,0.0,1.9062463083373054,1.7791791751189692
1.0,93247,su2,1,11.505277171756266,2,100000,0.91482,0.08518,0.91482,0.0,3.787694076642253,2.523509896737844
1.0,93247,su2,1,11.505277171756266,3,100000,0.94917,0.05083,0.94917,0.0,5.668898215818563,3.0954018241476904
1.0,93247,su2,1,11.505277171756266,4,100000,0.96663,0.03337,0.96663,0.0,7.552634433899898,3.5777838749104283
1.0,93247,su2,1,11.505277171756266,5,100000,0.9776,0.0224,0.9776,0.0,9.428036476082697,4.00698905662097
1.0,93247,su2,1,11.505277171756266,6,100000,0.98517,0.01483,0.98517,0.0,11.305765043734041,4.3879315556814555
1.0,93247,su2,1,11.505277171756266,7,100000,0.99019,0.00981,0.99019,0.0,13.179914336341263,4.723230180259788
1.0,93247,su2,1,11.505277171756266,8,100000,0.99366,0.00634,0.99366,0.0,15.040169368192947,5.056862924986898
1.0,93247,su2,1,11.505277171756266,9,100000,0.99578,0.00422,0.99578,0.0,16.917673468831694,5.363814270600767
1.0,93247,su2,1,11.505277171756266,10,100000,0.99712,0.00288,0.99712,0.0,18.790062017664862,5.655819848333365
1.0,93247,su2,1,11.505277171756266,11,100000,0.99779,0.00221,0.99779,0.0,20.65071477470274,5.932281979480218
1.0,93247,su2,1,11.505277171756266,12,100000,0.9986,0.0014,0.9986,0.0,22.527360710758092,6.202787301571029
1.0,93247,su2,2,13.237140279893586,1,100000,0.83171,0.16829,0.83171,0.0,1.893482136335749,1.7856763416323742
1.0,93247,su2,2,13.237140279893586,2,100000,0.91468,0.08532,0.91468,0.0,3.7721710736217804,2.5275543411985493
1.0,93247,su2,2,13.237140279893586,3,100000,0.94685,0.05315,0.94685,0.0,5.636555566359433,3.1131837968602976
1.0,93247,su2,2,13.237140279893586,4,100000,0.96508,0.03492,0.96508,0.0,7.508977671619598,3.5987469529473004
1.0,93247,su2,2,13.237140279893586,5,100000,0.9757,0.0243,0.9757,0.0,9.374141723686108,4.028315381723836
1.0,93247,su2,2,13.237140279893586,6,100000,0.98392,0.01608,0.98392,0.0,11.237422426031696,4.422739232285441
1.0,93247,su2,2,13.237140279893586,7,100000,0.98927,0.01073,0.98927,0.0,13.100726421387964,4.779160167163566
1.0,93247,su2,2,13.237140279893586,8,100000,0.99265,0.00735,0.99265,0.0,14.964765539002233,5.1180580557327975
1.0,93247,su2,2,13.237140279893586,9,100000,0.99503,0.00497,0.99503,0.0,16.82570773558546,5.422143610105265
1.0,93247,su2,2,13.237140279893586,10,100000,0.99685,0.00315,0.99685,0.0,18.68878292616421,5.717864007012579
1.0,93247,su2,2,13.237140279893586,11,100000,0.99774,0.00226,0.99774,0.0,20.5568210050895,5.99188204161043
1.0,93247,su2,2,13.237140279893586,12,100000,0.99853,0.00147,0.99853,0.0,22.415087573726225,6.260910247951102
1.0,93247,su2,3,15.229696788159503,1,100000,0.83089,0.16911,0.83089,0.0,1.8824229763487457,1.7869620565824607
1.0,93247,su2,3,15.229696788159503,2,100000,0.91377,0.08623,0.91377,0.0,3.74910001535281,2.537818550737995
1.0,93247,su2,3,15.229696788159503,3,100000,0.94689,0.05311,0.94689,0.0,5.610204384510005,3.1205657322220506
1.0,93247,su2,3,15.229696788159503,4,100000,0.96447,0.03553,0.96447,0.0,7.4646429409067165,3.608024188435874
1.0,93247,su2,3,15.229696788159503,5,100000,0.97666,0.02334,0.97666,0.0,9.327642314097922,4.036170793399476
1.0,93247,su2,3,15.229696788159503,6,100000,0.98428,0.01572,0.98428,0.0,11.186402506958926,4.432825043188683
1.0,93247,su2,3,15.229696788159503,7,100000,0.98925,0.01075,0.98925,0.0,13.062333919339709,4.786379378227992
1.0,93247,su2,3,15.229696788159503,8,100000,0.99282,0.00718,0.99282,0.0,14.909218779222675,5.1199809591263366
1.0,93247,su2,3,15.229696788159503,9,100000,0.99507,0.00493,0.99507,0.0,16.769464447010503,5.427184501778777
1.0,93247,su2,3,15.229696788159503,10,100000,0.99654,0.00346,0.99654,0.0,18.6232457564881,5.7201719084035165
1.0,93247,su2,3,15.229696788159503,11,100000,0.99766,0.00234,0.99766,0.0,20.48396947711186,6.004290612359966
1.0,93247,su2,3,15.229696788159503,12,100000,0.99856,0.00144,0.99856,0.0,22.341343907813183,6.266277093804506
1.0,93247,su2,4,17.522188278958126,1,100000,0.83029,0.16971,0.83029,0.0,1.875367546611055,1.8027723831370743
1.0,93247,su2,4,17.522188278958126,2,100000,0.91058,0.08942,0.91058,0.0,3.728519192632797,2.5656156979317863
1.0,93247,su2,4,17.522188278958126,3,100000,0.94441,0.05559,0.94441,0.0,5.577600312818013,3.154427401046351
1.0,93247,su2,4,17.522188278958126,4,100000,0.96335,0.03665,0.96335,0.0,7.438232873872954,3.6261359909879545
1.0,93247,su2,4,17.522188278958126,5,100000,0.97396,0.02604,0.97396,0.0,9.28270330255532,4.058923165073222
1.0,93247,su2,4,17.522188278958126,6,100000,0.98278,0.01722,0.98278,0.0,11.137923687324816,4.440801250460799
1.0,93247,su2,4,17.522188278958126,7,100000,0.98803,0.01197,0.98803,0.0,12.987367521827041,4.809384892786891
1.0,93247,su2,4,17.522188278958126,8,100000,0.99203,0.00797,0.99203,0.0,14.84232616816747,5.14815987491136
1.0,93247,su2,4,17.522188278958126,9,100000,0.99438,0.00562,0.99438,0.0,16.693488232148567,5.456391206298722
1.0,93247,su2,4,17.522188278958126,10,100000,0.99638,0.00362,0.99638,0.0,18.538598366456455,5.749777268033021
1.0,93247,su2,4,17.522188278958126,11,100000,0.99738,0.00262,0.99738,0.0,20.38960286334042,6.033334852352129
1.0,93247,su2,4,17.522188278958126,12,100000,0.99828,0.00172,0.99828,0.0,22.2438478959671,6.301534375745684
1.0,93247,su2,5,20.159763280511214,1,100000,0.82795,0.17205,0.82795,0.0,1.8743648354911007,1.788037517388275
1.0,93247,su2,5,20.159763280511214,2,100000,0.91032,0.08968,0.91032,0.0,3.7263967787318975,2.5486774680131736
1.0,93247,su2,5,20.159763280511214,3,100000,0.94599,0.05401,0.94599,0.0,5.580151620332661,3.1232120091370565
1.0,93247,su2,5,20.159763280511214,4,100000,0.96261,0.03739,0.96261,0.0,7.41951260215108,3.6203337476322313
1.0,93247,su2,5,20.159763280511214,5,100000,0.975,0.025,0.975,0.0,9.264774862769459,4.051920797471896
1.0,93247,su2,5,20.159763280511214,6,100000,0.98289,0.01711,0.98289,0.0,11.109120958535726,4.444372483801751
1.0,93247,su2,5,20.159763280511214,7,100000,0.98844,0.01156,0.98844,0.0,12.935763668585722,4.804941856854824
1.0,93247,su2,5,20.159763280511214,8,100000,0.99191,0.00809,0.99191,0.0,14.773629451062686,5.143189706893129
1.0,93247,su2,5,20.159763280511214,9,100000,0.99448,0.00552,0.99448,0.0,16.61786034044019,5.454891812974324
1.0,93247,su2,5,20.159763280511214,10,100000,0.99622,0.00378,0.99622,0.0,18.462785183145613,5.760168080334184
1.0,93247,su2,5,20.159763280511214,11,100000,0.99765,0.00235,0.99765,0.0,20.305893084625033,6.03310899370006
1.0,93247,su2,5,20.159763280511214,12,100000,0.99814,0.00186,0.99814,0.0,22.147715017982357,6.298936795546896
1.0,93247,su2,6,23.19436642592759,1,100000,0.82996,0.17004,0.82996,0.0,1.8798424437438452,1.7959192492589948
1.0,93247,su2,6,23.19436642592759,2,100000,0.91111,0.08889,0.91111,0.0,3.7346509529175425,2.548675988506575
1.0,93247,su2,6,23.19436642592759,3,100000,0.94584,0.05416,0.94584,0.0,5.586027557947281,3.125769502015433
1.0,93247,su2,6,23.19436642592759,4,100000,0.9641,0.0359,0.9641,0.0,7.434597320553985,3.6137238658707607
1.0,93247,su2,6,23.19436642592759,5,100000,0.97528,0.02472,0.97528,0.0,9.277730966690854,4.040827847145114
1.0,93247,su2,6,23.19436642592759,6,100000,0.98295,0.01705,0.98295,0.0,11.128174784356352,4.438465906569322
1.0,93247,su2,6,23.19436642592759,7,100000,0.98876,0.01124,0.98876,0.0,12.971315107110557,4.793842008453963
1.0,93247,su2,6,23.19436642592759,8,100000,0.99223,0.00777,0.99223,0.0,14.814292683225483,5.120674799293623
1.0,93247,su2,6,23.19436642592759,9,100000,0.99486,0.00514,0.99486,0.0,16.654188657471483,5.43123076781354
1.0,93247,su2,6,23.19436642592759,10,100000,0.9963,0.0037,0.9963,0.0,18.497763726602745,5.7331838475419845
1.0,93247,su2,6,23.19436642592759,11,100000,0.99734,0.00266,0.99734,0.0,20.35082825720175,6.02197424147569
1.0,93247,su2,6,23.19436642592759,12,100000,0.99835,0.00165,0.99835,0.0,22.19506516697563,6.289286396956746
1.0,93247,su2,7,26.685761455357454,1,100000,0.82758,0.17242,0.82758,0.0,1.8631581143627567,1.81455134116372
1.0,93247,su2,7,26.685761455357454,2,100000,0.91017,0.08983,0.91017,0.0,3.7143035630819154,2.5618824907344337
1.0,93247,su2,7,26.685761455357454,3,100000,0.94519,0.05481,0.94519,0.0,5.565644172939354,3.140402304918401
1.0,93247,su2,7,26.685761455357454,4,100000,0.96327,0.03673,0.96327,0.0,7.4077955114200575,3.622433444076307
1.0,93247,su2,7,26.685761455357454,5,100000,0.97488,0.02512,0.97488,0.0,9.245722698975255,4.058806707888674
1.0,93247,su2,7,26.685761455357454,6,100000,0.98345,0.01655,0.98345,0.0,11.101986789473296,4.434581505292134
1.0,93247,su2,7,26.685761455357454,7,100000,0.98816,0.01184,0.98816,0.0,12.927614446258675,4.803022931109131
1.0,93247,su2,7,26.685761455357454,8,100000,0.99208,0.00792,0.99208,0.0,14.758429166826843,5.141047475596213
1.0,93247,su2,7,26.685761455357454,9,100000,0.99445,0.00555,0.99445,0.0,16.595221891048983,5.455346083425936
1.0,93247,su2,7,26.685761455357454,10,100000,0.99615,0.00385,0.99615,0.0,18.43225162481423,5.758460458624089
1.0,93247,su2,7,26.685761455357454,11,100000,0.99728,0.00272,0.99728,0.0,20.27419529144851,6.045609715728657
1.0,93247,su2,7,26.685761455357454,12,100000,0.99826,0.00174,0.99826,0.0,22.104872066889197,6.3214411924784635
1.0,93247,su2,8,30.702708208325753,1,100000,0.82696,0.17304,0.82696,0.0,1.8584368605983774,1.8217061960428758
1.0,93247,su2,8,30.702708208325753,2,100000,0.90764,0.09236,0.90764,0.0,3.6916134720631373,2.5845081997486496
1.0,93247,su2,8,30.702708208325753,3,100000,0.94301,0.05699,0.94301,0.0,5.528996005050847,3.1690428746632
1.0,93247,su2,8,30.702708208325753,4,100000,0.96118,0.03882,0.96118,0.0,7.368479203181509,3.6623282154563683
1.0,93247,su2,8,30.702708208325753,5,100000,0.9723,0.0277,0.9723,0.0,9.189289896225286,4.107147839590631
1.0,93247,su2,8,30.702708208325753,6,100000,0.9812,0.0188,0.9812,0.0,11.02201421988747,4.500449513321032
1.0,93247,su2,8,30.702708208325753,7,100000,0.98719,0.01281,0.98719,0.0,12.852776956849324,4.8610482863449125
1.0,93247,su2,8,30.702708208325753,8,100000,0.99129,0.00871,0.99129,0.0,14.68781278330557,5.194968262357064
1.0,93247,su2,8,30.702708208325753,9,100000,0.99394,0.00606,0.99394,0.0,16.526616899645948,5.510097843904829
1.0,93247,su2,8,30.702708208325753,10,100000,0.99607,0.00393,0.99607,0.0,18.36213082420901,5.795098348132045
1.0,93247,su2,8,30.702708208325753,11,100000,0.9972,0.0028,0.9972,0.0,20.188807579491844,6.0760410840704475
1.0,93247,su2,8,30.702708208325753,12,100000,0.99792,0.00208,0.99792,0.0,22.023039905843557,6.345545342321189
1.0,93247,su2,9,35.32431678603439,1,100000,0.8263,0.1737,0.8263,0.0,1.8645090983359394,1.7994007270346635
1.0,93247,su2,9,35.32431678603439,2,100000,0.90817,0.09183,0.90817,0.0,3.699116578441174,2.561493037783982
1.0,93247,su2,9,35.32431678603439,3,100000,0.94444,0.05556,0.94444,0.0,5.541037718916948,3.1415384661120975
1.0,93247,su2,9,35.32431678603439,4,100000,0.96267,0.03733,0.96267,0.0,7.379514958206129,3.62521558709151
1.0,93247,su2,9,35.32431678603439,5,100000,0.97504,0.02496,0.97504,0.0,9.22034776516358,4.053543976124532
1.0,93247,su2,9,35.32431678603439,6,100000,0.98269,0.01731,0.98269,0.0,11.052128483980457,4.453061445950556
1.0,93247,su2,9,35.32431678603439,7,100000,0.98837,0.01163,0.98837,0.0,12.894448643471982,4.806689168518088
1.0,93247,su2,9,35.32431678603439,8,100000,0.99188,0.00812,0.99188,0.0,14.73293557093178,5.144608280719375
1.0,93247,su2,9,35.32431678603439,9,100000,0.99441,0.00559,0.99441,0.0,16.57026019777278,5.469848882774187
1.0,93247,su2,9,35.32431678603439,10,100000,0.99602,0.00398,0.99602,0.0,18.403540281918477,5.771512571539095
1.0,93247,su2,9,35.32431678603439,11,100000,0.99714,0.00286,0.99714,0.0,20.234494537876397,6.049551854646517
1.0,93247,su2,9,35.32431678603439,12,100000,0.99802,0.00198,0.99802,0.0,22.067997617118962,6.318060957040489
1.0,93247,su2,10,40.64160555262483,1,100000,0.82464,0.17536,0.82464,0.0,1.85125816175363,1.8147413070763023
1.0,93247,su2,10,40.64160555262483,2,100000,0.90815,0.09185,0.90815,0.0,3.6818510674483242,2.5827165552698688
1.0,93247,su2,10,40.64160555262483,3,100000,0.94322,0.05678,0.94322,0.0,5.523771777860505,3.1633715625410392
1.0,93247,su2,10,40.64160555262483,4,100000,0.9614,0.0386,0.9614,0.0,7.366296664976982,3.6553298362154
1.0,93247,su2,10,40.64160555262483,5,100000,0.97341,0.02659,0.97341,0.0,9.192005962911935,4.095137965850634
1.0,93247,su2,10,40.64160555262483,6,100000,0.98112,0.01888,0.98112,0.0,11.018022628043424,4.485131511036711
1.0,93247,su2,10,40.64160555262483,7,100000,0.98719,0.01281,0.98719,0.0,12.850728858464155,4.837787899002655
1.0,93247,su2,10,40.64160555262483,8,100000,0.99185,0.00815,0.99185,0.0,14.690028806233748,5.161808035379414
1.0,93247,su2,10,40.64160555262483,9,100000,0.99439,0.00561,0.99439,0.0,16.516293191591114,5.480834731201043
1.0,93247,su2,10,40.64160555262483,10,100000,0.99608,0.00392,0.99608,0.0,18.33984502253432,5.780395723229848
1.0,93247,su2,10,40.64160555262483,11,100000,0.99731,0.00269,0.99731,0.0,20.162710206022687,6.064022826539487
1.0,93247,su2,10,40.64160555262483,12,100000,0.99813,0.00187,0.99813,0.0,22.001492426446266,6.329864029369836
1.0,93247,su2,11,46.75929365881369,1,100000,0.82539,0.17461,0.82539,0.0,1.8569493294985444,1.8223192382519657
1.0,93247,su2,11,46.75929365881369,2,100000,0.90913,0.09087,0.90913,0.0,3.7019413059999975,2.5769500804500867
1.0,93247,su2,11,46.75929365881369,3,100000,0.94389,0.05611,0.94389,0.0,5.534692779501793,3.15107644484673
1.0,93247,su2,11,46.75929365881369,4,100000,0.96117,0.03883,0.96117,0.0,7.3692079870670915,3.659142698220087
1.0,93247,su2,11,46.75929365881369,5,100000,0.97232,0.02768,0.97232,0.0,9.191795590600393,4.102851241510321
1.0,93247,su2,11,46.75929365881369,6,100000,0.98145,0.01855,0.98145,0.0,11.02819418296656,4.495663495172503
1.0,93247,su2,11,46.75929365881369,7,100000,0.98683,0.01317,0.98683,0.0,12.849807829754845,4.863292451174299
1.0,93247,su2,11,46.75929365881369,8,100000,0.99129,0.00871,0.99129,0.0,14.678617752180104,5.186985854034366
1.0,93247,su2,11,46.75929365881369,9,100000,0.99425,0.00575,0.99425,0.0,16.50742506300975,5.500066625178083
1.0,93247,su2,11,46.75929365881369,10,100000,0.99617,0.00383,0.99617,0.0,18.340988573299946,5.797006104462948
1.0,93247,su2,11,46.75929365881369,11,100000,0.99719,0.00281,0.99719,0.0,20.178736166872447,6.07506083296649
1.0,93247,su2,11,46.75929365881369,12,100000,0.99811,0.00189,0.99811,0.0,22.0235531834333,6.346206422971194
1.0,93247,su2,12,53.79786339001967,1,100000,0.82603,0.17397,0.82603,0.0,1.8489859566755198,1.8292080076328023
1.0,93247,su2,12,53.79786339001967,2,100000,0.90753,0.09247,0.90753,0.0,3.6833809714528245,2.5895026213563623
1.0,93247,su2,12,53.79786339001967,3,100000,0.94212,0.05788,0.94212,0.0,5.504012369827348,3.179378478983962
1.0,93247,su2,12,53.79786339001967,4,100000,0.96034,0.03966,0.96034,0.0,7.327918316510674,3.6691841554116444
1.0,93247,su2,12,53.79786339001967,5,100000,0.97267,0.02733,0.97267,0.0,9.147383756396152,4.103375419969283
1.0,93247,su2,12,53.79786339001967,6,100000,0.98097,0.01903,0.98097,0.0,10.978384026003518,4.4958402843731236
1.0,93247,su2,12,53.79786339001967,7,100000,0.98672,0.01328,0.98672,0.0,12.802397589485953,4.856656523064089
1.0,93247,su2,12,53.79786339001967,8,100000,0.99118,0.00882,0.99118,0.0,14.619731219764963,5.186748660665866
1.0,93247,su2,12,53.79786339001967,9,100000,0.99415,0.00585,0.99415,0.0,16.445580490718,5.499852025560616
1.0,93247,su2,12,53.79786339001967,10,100000,0.99578,0.00422,0.99578,0.0,18.257771524447232,5.798938016741824
1.0,93247,su2,12,53.79786339001967,11,100000,0.99704,0.00296,0.99704,0.0,20.087734173366503,6.087410753077449
1.0,93247,su2,12,53.79786339001967,12,100000,0.99785,0.00215,0.99785,0.0,21.919962247778727,6.356258568050286
1.0,93247,su2,13,61.895932955045545,1,100000,0.82687,0.17313,0.82687,0.0,1.8600995806002523,1.810316568591165
1.0,93247,su2,13,61.895932955045545,2,100000,0.90824,0.09176,0.90824,0.0,3.691549234412986,2.581586680271305
1.0,93247,su2,13,61.895932955045545,3,100000,0.94307,0.05693,0.94307,0.0,5.519453674811484,3.1625717454546494
1.0,93247,su2,13,61.895932955045545,4,100000,0.96199,0.03801,0.96199,0.0,7.335205375619592,3.649151810528121
1.0,93247,su2,13,61.895932955045545,5,100000,0.97457,0.02543,0.97457,0.0,9.166715438155139,4.0765638369592665
1.0,93247,su2,13,61.895932955045545,6,100000,0.98192,0.01808,0.98192,0.0,10.984885638076118,4.478270678849938
1.0,93247,su2,13,61.895932955045545,7,100000,0.98771,0.01229,0.98771,0.0,12.817221687530237,4.833728056732387
1.0,93247,su2,13,61.895932955045545,8,100000,0.99142,0.00858,0.99142,0.0,14.646530185494589,5.165859334833884
1.0,93247,su2,13,61.895932955045545,9,100000,0.9938,0.0062,0.9938,0.0,16.470809577866806,5.486260673743635
1.0,93247,su2,13,61.895932955045545,10,100000,0.99544,0.00456,0.99544,0.0,18.29471451567561,5.798975066988133
1.0,93247,su2,13,61.895932955045545,11,100000,0.99681,0.00319,0.99681,0.0,20.115732454420936,6.091873533632874
1.0,93247,su2,13,61.895932955045545,12,100000,0.99768,0.00232,0.99768,0.0,21.942286832305346,6.359998221648211
1.0,93247,su2,14,71.21298644522419,1,100000,0.82601,0.17399,0.82601,0.0,1.8466160370671345,1.835170659146403
1.0,93247,su2,14,71.21298644522419,2,100000,0.90586,0.09414,0.90586,0.0,3.674023403079652,2.5996475510220773
1.0,93247,su2,14,71.21298644522419,3,100000,0.94123,0.05877,0.94123,0.0,5.505077515721458,3.1865615799217553
1.0,93247,su2,14,71.21298644522419,4,100000,0.95925,0.04075,0.95925,0.0,7.330713686596664,3.6798196780398524
1.0,93247,su2,14,71.21298644522419,5,100000,0.97199,0.02801,0.97199,0.0,9.146537822257768,4.115000196974906
1.0,93247,su2,14,71.21298644522419,6,100000,0.98078,0.01922,0.98078,0.0,10.964229867549799,4.516723341562332
1.0,93247,su2,14,71.21298644522419,7,100000,0.98641,0.01359,0.98641,0.0,12.774659549482044,4.895120607739062
1.0,93247,su2,14,71.21298644522419,8,100000,0.99036,0.00964,0.99036,0.0,14.585672664809204,5.2430069387056175
1.0,93247,su2,14,71.21298644522419,9,100000,0.99326,0.00674,0.99326,0.0,16.395942259974998,5.560498482323935
1.0,93247,su2,14,71.21298644522419,10,100000,0.99536,0.00464,0.99536,0.0,18.21820796794748,5.850945734611243
1.0,93247,su2,14,71.21298644522419,11,100000,0.99683,0.00317,0.99683,0.0,20.04541703453795,6.138131461039257
1.0,93247,su2,14,71.21298644522419,12,100000,0.99772,0.00228,0.99772,0.0,21.8615035819274,6.400145819179957
1.0,93247,su2,15,81.93251472808262,1,100000,0.82667,0.17333,0.82667,0.0,1.8558415783144802,1.8339887494756144
1.0,93247,su2,15,81.93251472808262,2,100000,0.90763,0.09237,0.90763,0.0,3.686635238770057,2.5951294016736313
1.0,93247,su2,15,81.93251472808262,3,100000,0.94134,0.05866,0.94134,0.0,5.508013383906042,3.188368820976141
1.0,93247,su2,15,81.93251472808262,4,100000,0.96007,0.03993,0.96007,0.0,7.332548252736425,3.675001529012125
1.0,93247,su2,15,81.93251472808262,5,100000,0.97268,0.02732,0.97268,0.0,9.154814212105112,4.105302725540423
1.0,93247,su2,15,81.93251472808262,6,100000,0.98094,0.01906,0.98094,0.0,10.9761005349985,4.503630115754117
1.0,93247,su2,15,81.93251472808262,7,100000,0.98688,0.01312,0.98688,0.0,12.796910936108501,4.853067520275243
1.0,93247,su2,15,81.93251472808262,8,100000,0.99095,0.00905,0.99095,0.0,14.621543937892087,5.1898941841064135
1.0,93247,su2,15,81.93251472808262,9,100000,0.99395,0.00605,0.99395,0.0,16.441840488189637,5.5003689702143985
1.0,93247,su2,15,81.93251472808262,10,100000,0.99559,0.00441,0.99559,0.0,18.266776570108416,5.806804472773014
1.0,93247,su2,15,81.93251472808262,11,100000,0.99695,0.00305,0.99695,0.0,20.08368205975891,6.084867620933293
1.0,93247,su2,15,81.93251472808262,12,100000,0.99803,0.00197,0.99803,0.0,21.909094568431293,6.353650784077786
1.0,93247,su2,16,94.26562913255931,1,100000,0.82548,0.17452,0.82548,0.0,1.8505462723133361,1.8301842326633064
1.0,93247,su2,16,94.26562913255931,2,100000,0.90576,0.09424,0.90576,0.0,3.668855913036107,2.595913976354827
1.0,93247,su2,16,94.26562913255931,3,100000,0.9417,0.0583,0.9417,0.0,5.500026049702918,3.1866971620824023
1.0,93247,su2,16,94.26562913255931,4,100000,0.96079,0.03921,0.96079,0.0,7.330088085404142,3.6659411829022677
1.0,93247,su2,16,94.26562913255931,5,100000,0.97283,0.02717,0.97283,0.0,9.156639370590748,4.09792587264507
1.0,93247,su2,16,94.26562913255931,6,100000,0.98148,0.01852,0.98148,0.0,10.981272578096432,4.505169121069694
1.0,93247,su2,16,94.26562913255931,7,100000,0.98712,0.01288,0.98712,0.0,12.801778713387598,4.8625336322653645
1.0,93247,su2,16,94.26562913255931,8,100000,0.99116,0.00884,0.99116,0.0,14.617440252058604,5.203545331065446
1.0,93247,su2,16,94.26562913255931,9,100000,0.99385,0.00615,0.99385,0.0,16.434050013239652,5.517793018203192
1.0,93247,su2,16,94.26562913255931,10,100000,0.99567,0.00433,0.99567,0.0,18.250375367106955,5.818068951207503
1.0,93247,su2,16,94.26562913255931,11,100000,0.99683,0.00317,0.99683,0.0,20.071252032047195,6.105857599841714
1.0,93247,su2,16,94.26562913255931,12,100000,0.99779,0.00221,0.99779,0.0,21.890382650698545,6.362370112609016
1.0,93247,su2,17,108.4552190940077,1,100000,0.8255,0.1745,0.8255,0.0,1.8538683294604286,1.8242167645275729
1.0,93247,su2,17,108.4552190940077,2,100000,0.90712,0.09288,0.90712,0.0,3.6844888101808726,2.5871274366329757
1.0,93247,su2,17,108.4552190940077,3,100000,0.9417,0.0583,0.9417,0.0,5.505988425612531,3.1757506006316603
1.0,93247,su2,17,108.4552190940077,4,100000,0.96084,0.03916,0.96084,0.0,7.327703600435622,3.660660508226566
1.0,93247,su2,17,108.4552190940077,5,100000,0.97289,0.02711,0.97289,0.0,9.147209125414342,4.097679818747692
1.0,93247,su2,17,108.4552190940077,6,100000,0.98156,0.01844,0.98156,0.0,10.976684729334108,4.489269806223961
1.0,93247,su2,17,108.4552190940077,7,100000,0.98683,0.01317,0.98683,0.0,12.794360263918312,4.860968126713954
1.0,93247,su2,17,108.4552190940077,8,100000,0.991,0.009,0.991,0.0,14.612703331553458,5.195175442057231
1.0,93247,su2,17,108.4552190940077,9,100000,0.99357,0.00643,0.99357,0.0,16.43223031982142,5.508485188321017
1.0,93247,su2,17,108.4552190940077,10,100000,0.99537,0.00463,0.99537,0.0,18.24508105952293,5.808425547246401
1.0,93247,su2,17,108.4552190940077,11,100000,0.99684,0.00316,0.99684,0.0,20.062574712201574,6.103850731039587
1.0,93247,su2,17,108.4552190940077,12,100000,0.99772,0.00228,0.99772,0.0,21.88291877361529,6.380245857011961
1.0,93247,su2,18,124.78073564001106,1,100000,0.82611,0.17389,0.82611,0.0,1.856188175836319,1.8237042931168377
1.0,93247,su2,18,124.78073564001106,2,100000,0.90856,0.09144,0.90856,0.0,3.6887780368571508,2.5693469503402167
1.0,93247,su2,18,124.78073564001106,3,100000,0.94297,0.05703,0.94297,0.0,5.521672619927948,3.153925368340711
1.0,93247,su2,18,124.78073564001106,4,100000,0.96111,0.03889,0.96111,0.0,7.341452311886174,3.6509600855323683
1.0,93247,su2,18,124.78073564001106,5,100000,0.97308,0.02692,0.97308,0.0,9.159739646189667,4.095010770133828
1.0,93247,su2,18,124.78073564001106,6,100000,0.98113,0.01887,0.98113,0.0,10.982666586253274,4.489527721141983
1.0,93247,su2,18,124.78073564001106,7,100000,0.98708,0.01292,0.98708,0.0,12.800788995063394,4.856858910771996
1.0,93247,su2,18,124.78073564001106,8,100000,0.99089,0.00911,0.99089,0.0,14.611090499043078,5.200016591579538
1.0,93247,su2,18,124.78073564001106,9,100000,0.99357,0.00643,0.99357,0.0,16.43260203667066,5.517049014983835
1.0,93247,su2,18,124.78073564001106,10,100000,0.99549,0.00451,0.99549,0.0,18.26137866393398,5.805850833872466
1.0,93247,su2,18,124.78073564001106,11,100000,0.99683,0.00317,0.99683,0.0,20.08390624971834,6.084271052338619
1.0,93247,su2,18,124.78073564001106,12,100000,0.99793,0.00207,0.99793,0.0,21.89735676238387,6.355640953744968
1.0,93247,su2,19,143.5636949233974,1,100000,0.82361,0.17639,0.82361,0.0,1.8488216171961915,1.8259712175088878
1.0,93247,su2,19,143.5636949233974,2,100000,0.90575,0.09425,0.90575,0.0,3.665968931001796,2.5910613342269304
1.0,93247,su2,19,143.5636949233974,3,100000,0.94088,0.05912,0.94088,0.0,5.489525392674649,3.1702288978767403
1.0,93247,su2,19,143.5636949233974,4,100000,0.95947,0.04053,0.95947,0.0,7.304246115634763,3.67283977357465
1.0,93247,su2,19,143.5636949233974,5,100000,0.97327,0.02673,0.97327,0.0,9.124578791945392,4.101630951732173
1.0,93247,su2,19,143.5636949233974,6,100000,0.98173,0.01827,0.98173,0.0,10.940004825852109,4.492679057855439
1.0,93247,su2,19,143.5636949233974,7,100000,0.98755,0.01245,0.98755,0.0,12.759818363262664,4.852866918864334
1.0,93247,su2,19,143.5636949233974,8,100000,0.99104,0.00896,0.99104,0.0,14.574804944324518,5.185710193922321
1.0,93247,su2,19,143.5636949233974,9,100000,0.99408,0.00592,0.99408,0.0,16.387694241732934,5.506019620093006
1.0,93247,su2,19,143.5636949233974,10,100000,0.99553,0.00447,0.99553,0.0,18.20464975512683,5.811809440997548
1.0,93247,su2,19,143.5636949233974,11,100000,0.99679,0.00321,0.99679,0.0,20.010076638708465,6.0788727575844925
1.0,93247,su2,19,143.5636949233974,12,100000,0.99794,0.00206,0.99794,0.0,21.816557582756694,6.360685485859912
1.0,103250,photon,0,10.000000000000002,1,100000,0.73472,0.73472,0.26528,0.0,-3.507845515581912,4.743990252716112
1.0,103250,photon,0,10.000000000000002,2,100000,0.83116,0.83116,0.16884,0.0,-6.998333739528384,6.69472474061955
1.0,103250,photon,0,10.000000000000002,3,100000,0.88944,0.88944,0.11056,0.0,-10.471555989732272,8.208756677101164
1.0,103250,photon,0,10.000000000000002,4,100000,0.93061,0.93061,0.06939,0.0,-13.968781960172025,9.455244141499163
1.0,103250,photon,0,10.000000000000002,5,100000,0.95342,0.95342,0.04658,0.0,-17.4673866702838,10.594602879209893
1.0,103250,photon,0,10.000000000000002,6,100000,0.96806,0.96806,0.03194,0.0,-20.927964171931134,11.596032002838783
1.0,103250,photon,0,10.000000000000002,7,100000,0.97781,0.97781,0.02219,0.0,-24.414988902540216,12.55076497501298
1.0,103250,photon,0,10.000000000000002,8,100000,0.98492,0.98492,0.01508,0.0,-27.91261212123916,13.40911559599309
1.0,103250,photon,0,10.000000000000002,9,100000,0.98965,0.98965,0.01035,0.0,-31.429808249854805,14.213383788834108
1.0,103250,photon,0,10.000000000000002,10,100000,0.99318,0.99318,0.00682,0.0,-34.90604111107853,14.957464870617551
1.0,103250,photon,0,10.000000000000002,11,100000,0.99533,0.99533,0.00467,0.0,-38.406292084167156,15.687091905185763
1.0,103250,photon,0,10.000000000000002,12,100000,0.99653,0.99653,0.00347,0.0,-41.886209109127215,16.396321788538984
1.0,103250,photon,1,10.181372917310114,1,100000,0.73936,0.73936,0.26064,0.0,-3.513132824355614,4.72599859234657
1.0,103250,photon,1,10.181372917310114,2,100000,0.83205,0.83205,0.16795,0.0,-7.027474974274789,6.689038136342545
1.0,103250,photon,1,10.181372917310114,3,100000,0.89354,0.89354,0.10646,0.0,-10.539087463998724,8.187985743983479
1.0,103250,photon,1,10.181372917310114,4,100000,0.93281,0.93281,0.06719,0.0,-14.049713807194378,9.442155439524727
1.0,103250,photon,1,10.181372917310114,5,100000,0.95605,0.95605,0.04395,0.0,-17.562516471747998,10.549520940763921
1.0,103250,photon,1,10.181372917310114,6,100000,0.97041,0.97041,0.02959,0.0,-21.083743321333063,11.553432516705033
1.0,103250,photon,1,10.181372917310114,7,100000,0.97977,0.97977,0.02023,0.0,-24.599275134466335,12.495823007747587
1.0,103250,photon,1,10.181372917310114,8,100000,0.98613,0.98613,0.01387,0.0,-28.116875393285426,13.33048995604395
1.0,103250,photon,1,10.181372917310114,9,100000,0.99029,0.99029,0.00971,0.0,-31.63778804209264,14.153602628674092
1.0,103250,photon,1,10.181372917310114,10,100000,0.99328,0.99328,0.00672,0.0,-35.13945570385002,14.92706725481686
1.0,103250,photon,1,10.181372917310114,11,100000,0.99514,0.99514,0.00486,0.0,-38.657509451593036,15.647093173424413
1.0,103250,photon,1,10.181372917310114,12,100000,0.99662,0.99662,0.00338,0.0,-42.16173128508671,16.343117412459435
1.0,103250,photon,2,10.36603544813358,1,100000,0.73724,0.73724,0.26276,0.0,-3.522172848366754,4.743075035463444
1.0,103250,photon,2,10.36603544813358,2,100000,0.83135,0.83135,0.16865,0.0,-7.0415178413005535,6.699653374726013
1.0,103250,photon,2,10.36603544813358,3,100000,0.89313,0.89313,0.10687,0.0,-10.562088408629245,8.190226556149394
1.0,103250,photon,2,10.36603544813358,4,100000,0.93227,0.93227,0.06773,0.0,-14.078776215989647,9.472466879050863
1.0,103250,photon,2,10.36603544813358,5,100000,0.95476,0.95476,0.04524,0.0,-17.57592933815128,10.60218177476135
1.0,103250,photon,2,10.36603544813358,6,100000,0.96952,0.96952,0.03048,0.0,-21.07607529880897,11.596192154927861
1.0,103250,photon,2,10.36603544813358,7,100000,0.9796,0.9796,0.0204,0.0,-24.585199462902214,12.531338620813136
1.0,103250,photon,2,10.36603544813358,8,100000,0.98543,0.98543,0.01457,0.0,-28.09773201620223,13.419411586830389
1.0,103250,photon,2,10.36603544813358,9,100000,0.99019,0.99019,0.00981,0.0,-31.651120417160005,14.230074712256163
1.0,103250,photon,2,10.36603544813358,10,100000,0.9933,0.9933,0.0067,0.0,-35.16273640712528,14.96658967806399
1.0,103250,photon,2,10.36603544813358,11,100000,0.99547,0.99547,0.00453,0.0,-38.67065281602126,15.701615085178151
1.0,103250,photon,2,10.36603544813358,12,100000,0.9968,0.9968,0.0032,0.0,-42.195388261521785,16.376423427530828
1.0,103250,photon,3,10.554047257150385,1,100000,0.74016,0.74016,0.25984,0.0,-3.53736266591601,4.729640566112403
1.0,103250,photon,3,10.554047257150385,2,100000,0.83288,0.83288,0.16712,0.0,-7.033832022928966,6.68372869121204
1.0,103250,photon,3,10.554047257150385,3,100000,0.89241,0.89241,0.10759,0.0,-10.541977175507919,8.19663076892748
1.0,103250,photon,3,10.554047257150385,4,100000,0.93201,0.93201,0.06799,0.0,-14.042702659420005,9.447523993482521
1.0,103250,photon,3,10.554047257150385,5,100000,0.95618,0.95618,0.04382,0.0,-17.569445529254097,10.550898141117028
1.0,103250,photon,3,10.554047257150385,6,100000,0.97025,0.97025,0.02975,0.0,-21.08163067413014,11.56463142510268
1.0,103250,photon,3,10.554047257150385,7,100000,0.97965,0.97965,0.02035,0.0,-24.622600299356737,12.50455730236208
1.0,103250,photon,3,10.554047257150385,8,100000,0.9859,0.9859,0.0141,0.0,-28.146491485683995,13.374538107941959
1.0,103250,photon,3,10.554047257150385,9,100000,0.99059,0.99059,0.00941,0.0,-31.6682523325612,14.16234860779717
1.0,103250,photon,3,10.554047257150385,10,100000,0.99327,0.99327,0.00673,0.0,-35.179832820582504,14.928224092184266
1.0,103250,photon,3,10.554047257150385,11,100000,0.9951,0.9951,0.0049,0.0,-38.70457653139488,15.659583710495507
1.0,103250,photon,3,10.554047257150385,12,100000,0.99665,0.99665,0.00335,0.0,-42.221325750046425,16.367685421389773
1.0,103250,photon,4,10.745469091196195,1,100000,0.73892,0.73892,0.26108,0.0,-3.560808300464777,4.751294612144272
1.0,103250,photon,4,10.745469091196195,2,100000,0.83271,0.83271,0.16729,0.0,-7.093628155629093,6.709707188931562
1.0,103250,photon,4,10.745469091196195,3,100000,0.89531,0.89531,0.10469,0.0,-10.636835311470795,8.201102839190407
1.0,103250,photon,4,10.745469091196195,4,100000,0.93485,0.93485,0.06515,0.0,-14.206040355091892,9.48023461355399
1.0,103250,photon,4,10.745469091196195,5,100000,0.95653,0.95653,0.04347,0.0,-17.776128342916117,10.606871683605199
1.0,103250,photon,4,10.745469091196195,6,100000,0.97078,0.97078,0.02922,0.0,-21.33274552962206,11.593649119733525
1.0,103250,photon,4,10.745469091196195,7,100000,0.9801,0.9801,0.0199,0.0,-24.87160517438746,12.532273008049799
1.0,103250,photon,4,10.745469091196195,8,100000,0.98663,0.98663,0.01337,0.0,-28.428008498057352,13.40462799008521
1.0,103250,photon,4,10.745469091196195,9,100000,0.99108,0.99108,0.00892,0.0,-31.987367071849388,14.192041387530056
1.0,103250,photon,4,10.745469091196195,10,100000,0.99368,0.99368,0.00632,0.0,-35.51807362308264,14.963362751396735
1.0,103250,photon,4,10.745469091196195,11,100000,0.99546,0.99546,0.00454,0.0,-39.0428980558541,15.707205178767724
1.0,103250,photon,4,10.745469091196195,12,100000,0.99659,0.99659,0.00341,0.0,-42.564098581794326,16.42542887646779
1.0,103250,photon,5,10.940362798889787,1,100000,0.73533,0.73533,0.26467,0.0,-3.5276798058436114,4.752893646453706
1.0,103250,photon,5,10.940362798889787,2,100000,0.83144,0.83144,0.16856,0.0,-7.05104753036219,6.706490037098731
1.0,103250,photon,5,10.940362798889787,3,100000,0.89362,0.89362,0.10638,0.0,-10.592026385783448,8.225585023434128
1.0,103250,photon,5,10.940362798889787,4,100000,0.93306,0.93306,0.06694,0.0,-14.141219506641004,9.490723686391675
1.0,103250,photon,5,10.940362798889787,5,100000,0.95548,0.95548,0.04452,0.0,-17.682832148245158,10.613192062557205
1.0,103250,photon,5,10.940362798889787,6,100000,0.97035,0.97035,0.02965,0.0,-21.22049462218204,11.627299433436788
1.0,103250,photon,5,10.940362798889787,7,100000,0.98023,0.98023,0.01977,0.0,-24.754004786409983,12.543526956051295
1.0,103250,photon,5,10.940362798889787,8,100000,0.98657,0.98657,0.01343,0.0,-28.292755113269813,13.417784139982862
1.0,103250,photon,5,10.940362798889787,9,100000,0.99057,0.99057,0.00943,0.0,-31.82979785885388,14.214874505658221
1.0,103250,photon,5,10.940362798889787,10,100000,0.99339,0.99339,0.00661,0.0,-35.37684501905577,14.988761831273434
1.0,103250,photon,5,10.940362798889787,11,100000,0.99539,0.99539,0.00461,0.0,-38.925655579261026,15.712832451785566
1.0,103250,photon,5,10.940362798889787,12,100000,0.99679,0.99679,0.00321,0.0,-42.45680424934648,16.43385269815739
1.0,103250,photon,6,11.13879135061635,1,100000,0.73775,0.73775,0.26225,0.0,-3.5641188718125147,4.758070592405446
1.0,103250,photon,6,11.13879135061635,2,100000,0.83454,0.83454,0.16546,0.0,-7.153232997256494,6.720084559387883
1.0,103250,photon,6,11.13879135061635,3,100000,0.89638,0.89638,0.10362,0.0,-10.706674329436868,8.231461927499288
1.0,103250,photon,6,11.13879135061635,4,100000,0.93502,0.93502,0.06498,0.0,-14.260838909641487,9.467442530415248
1.0,103250,photon,6,11.13879135061635,5,100000,0.95747,0.95747,0.04253,0.0,-17.813213358565754,10.599833438861424
1.0,103250,photon,6,11.13879135061635,6,100000,0.97104,0.97104,0.02896,0.0,-21.36775094941911,11.60626085806514
1.0,103250,photon,6,11.13879135061635,7,100000,0.97972,0.97972,0.02028,0.0,-24.91638368204773,12.567682877462255
1.0,103250,photon,6,11.13879135061635,8,100000,0.98637,0.98637,0.01363,0.0,-28.478936391190956,13.436892250943686
1.0,103250,photon,6,11.13879135061635,9,100000,0.99058,0.99058,0.00942,0.0,-32.01715022893845,14.243008906287972
1.0,103250,photon,6,11.13879135061635,10,100000,0.99351,0.99351,0.00649,0.0,-35.56727319740384,14.996884665519632
1.0,103250,photon,6,11.13879135061635,11,100000,0.99572,0.99572,0.00428,0.0,-39.111285266233104,15.710950455267952
1.0,103250,photon,6,11.13879135061635,12,100000,0.99682,0.99682,0.00318,0.0,-42.669398985979015,16.421823013165653
1.0,103250,photon,7,11.340818858873345,1,100000,0.74104,0.74104,0.25896,0.0,-3.5714568491479124,4.747968786584422
1.0,103250,photon,7,11.340818858873345,2,100000,0.83433,0.83433,0.16567,0.0,-7.138569656071359,6.708811352091779
1.0,103250,photon,7,11.340818858873345,3,100000,0.89506,0.89506,0.10494,0.0,-10.687021075664198,8.222823010950307
1.0,103250,photon,7,11.340818858873345,4,100000,0.93442,0.93442,0.06558,0.0,-14.278903409613878,9.47356303639825
1.0,103250,photon,7,11.340818858873345,5,100000,0.95706,0.95706,0.04294,0.0,-17.825232165348428,10.601652786806838
1.0,103250,photon,7,11.340818858873345,6,100000,0.97106,0.97106,0.02894,0.0,-21.38309252925396,11.623101992220938
1.0,103250,photon,7,11.340818858873345,7,100000,0.98025,0.98025,0.01975,0.0,-24.92487551643886,12.515472453673672
1.0,103250,photon,7,11.340818858873345,8,100000,0.98639,0.98639,0.01361,0.0,-28.469832110707614,13.398909472012836
1.0,103250,photon,7,11.340818858873345,9,100000,0.99057,0.99057,0.00943,0.0,-32.00787335005621,14.208127770365945
1.0,103250,photon,7,11.340818858873345,10,100000,0.99356,0.99356,0.00644,0.0,-35.5618764098772,14.994324385038135
1.0,103250,photon,7,11.340818858873345,11,100000,0.99549,0.99549,0.00451,0.0,-39.13282346753972,15.741232518159983
1.0,103250,photon,7,11.340818858873345,12,100000,0.99677,0.99677,0.00323,0.0,-42.697420330688786,16.43515636801014
1.0,103250,photon,8,11.546510598985286,1,100000,0.74144,0.74144,0.25856,0.0,-3.5723675472391583,4.740734648537741
1.0,103250,photon,8,11.546510598985286,2,100000,0.83541,0.83541,0.16459,0.0,-7.159221941761176,6.707953410116956
1.0,103250,photon,8,11.546510598985286,3,100000,0.89672,0.89672,0.10328,0.0,-10.739714519843506,8.23050517405705
1.0,103250,photon,8,11.546510598985286,4,100000,0.93587,0.93587,0.06413,0.0,-14.300484938544525,9.476299050869288
1.0,103250,photon,8,11.546510598985286,5,100000,0.95719,0.95719,0.04281,0.0,-17.86748886479652,10.592192837700987
1.0,103250,photon,8,11.546510598985286,6,100000,0.97163,0.97163,0.02837,0.0,-21.439541437621713,11.621680885858998
1.0,103250,photon,8,11.546510598985286,7,100000,0.9813,0.9813,0.0187,0.0,-25.02110884832843,12.543700502193536
1.0,103250,photon,8,11.546510598985286,8,100000,0.98711,0.98711,0.01289,0.0,-28.61723211164953,13.423817277418728
1.0,103250,photon,8,11.546510598985286,9,100000,0.99108,0.99108,0.00892,0.0,-32.17646723562285,14.233950343314273
1.0,103250,photon,8,11.546510598985286,10,100000,0.99376,0.99376,0.00624,0.0,-35.744322446130674,15.013278488998393
1.0,103250,photon,8,11.546510598985286,11,100000,0.99567,0.99567,0.00433,0.0,-39.311947461403705,15.722826916080685
1.0,103250,photon,8,11.546510598985286,12,100000,0.99692,0.99692,0.00308,0.0,-42.91200405040182,16.408498245657537
1.0,103250,photon,9,11.75593303019429,1,100000,0.74207,0.74207,0.25793,0.0,-3.5797200335208834,4.741793562641213
1.0,103250,photon,9,11.75593303019429,2,100000,0.83688,0.83688,0.16312,0.0,-7.158191579353001,6.682083045074349
1.0,103250,photon,9,11.75593303019429,3,100000,0.89674,0.89674,0.10326,0.0,-10.766403318511385,8.20638618063903
1.0,103250,photon,9,11.75593303019429,4,100000,0.93485,0.93485,0.06515,0.0,-14.333678236272629,9.481266300355804
1.0,103250,photon,9,11.75593303019429,5,100000,0.95802,0.95802,0.04198,0.0,-17.923124525388253,10.556209773730169
1.0,103250,photon,9,11.75593303019429,6,100000,0.97232,0.97232,0.02768,0.0,-21.503076631098796,11.571521157893544
1.0,103250,photon,9,11.75593303019429,7,100000,0.98113,0.98113,0.01887,0.0,-25.081247226330763,12.507889363938979
1.0,103250,photon,9,11.75593303019429,8,100000,0.98714,0.98714,0.01286,0.0,-28.665009685556168,13.364415770069986
1.0,103250,photon,9,11.75593303019429,9,100000,0.9911,0.9911,0.0089,0.0,-32.26334421537576,14.166106900741145
1.0,103250,photon,9,11.75593303019429,10,100000,0.99401,0.99401,0.00599,0.0,-35.80504065938104,14.920990275318044
1.0,103250,photon,9,11.75593303019429,11,100000,0.99565,0.99565,0.00435,0.0,-39.378815740585814,15.627164731159993
1.0,103250,photon,9,11.75593303019429,12,100000,0.99699,0.99699,0.00301,0.0,-42.973773147801424,16.341615794824964
1.0,103250,photon,10,11.969153817133158,1,100000,0.74359,0.74359,0.25641,0.0,-3.6171105885697745,4.754106691823414
1.0,103250,photon,10,11.969153817133158,2,100000,0.83703,0.83703,0.16297,0.0,-7.187123321679874,6.707610628723213
1.0,103250,photon,10,11.969153817133158,3,100000,0.89942,0.89942,0.10058,0.0,-10.795634908633849,8.219663014008747
1.0,103250,photon,10,11.969153817133158,4,100000,0.93585,0.93585,0.06415,0.0,-14.398215938188434,9.488591364638957
1.0,103250,photon,10,11.969153817133158,5,100000,0.95753,0.95753,0.04247,0.0,-17.98275531766646,10.612800672988653
1.0,103250,photon,10,11.969153817133158,6,100000,0.97199,0.97199,0.02801,0.0,-21.55744356072075,11.630433126002577
1.0,103250,photon,10,11.969153817133158,7,100000,0.98082,0.98082,0.01918,0.0,-25.136060708190506,12.582405313976363
1.0,103250,photon,10,11.969153817133158,8,100000,0.98679,0.98679,0.01321,0.0,-28.724487449528958,13.461704060921248
1.0,103250,photon,10,11.969153817133158,9,100000,0.99109,0.99109,0.00891,0.0,-32.28889561020794,14.249242609341906
1.0,103250,photon,10,11.969153817133158,10,100000,0.99389,0.99389,0.00611,0.0,-35.84583740912881,15.024058327515846
1.0,103250,photon,10,11.969153817133158,11,100000,0.99592,0.99592,0.00408,0.0,-39.43850716109071,15.745369624211932
1.0,103250,photon,10,11.969153817133158,12,100000,0.99724,0.99724,0.00276,0.0,-43.020332718581315,16.434574907513984
1.0,103250,photon,11,12.186241851687845,1,100000,0.74235,0.74235,0.25765,0.0,-3.6104413438481284,4.755312635704239
1.0,103250,photon,11,12.186241851687845,2,100000,0.83876,0.83876,0.16124,0.0,-7.199809459945441,6.6985405674404435
1.0,103250,photon,11,12.186241851687845,3,100000,0.89886,0.89886,0.10114,0.0,-10.821790866060297,8.212497286056015
1.0,103250,photon,11,12.186241851687845,4,100000,0.93679,0.93679,0.06321,0.0,-14.399312902731735,9.487413695411247
1.0,103250,photon,11,12.186241851687845,5,100000,0.95909,0.95909,0.04091,0.0,-18.00512905105688,10.609945956159251
1.0,103250,photon,11,12.186241851687845,6,100000,0.97266,0.97266,0.02734,0.0,-21.567042872665002,11.628756535930465
1.0,103250,photon,11,12.186241851687845,7,100000,0.98167,0.98167,0.01833,0.0,-25.189809983426688,12.565761663217176
1.0,103250,photon,11,12.186241851687845,8,100000,0.98743,0.98743,0.01257,0.0,-28.765465299452952,13.42863167545907
1.0,103250,photon,11,12.186241851687845,9,100000,0.9911,0.9911,0.0089,0.0,-32.370174963396096,14.22234201838913
1.0,103250,photon,11,12.186241851687845,10,100000,0.99392,0.99392,0.00608,0.0,-35.964833271035936,14.989211662881097
1.0,103250,photon,11,12.186241851687845,11,100000,0.99589,0.99589,0.00411,0.0,-39.58025347854273,15.718482447811773
1.0,103250,photon,11,12.186241851687845,12,100000,0.99744,0.99744,0.00256,0.0,-43.19570543677673,16.417674024998146
1.0,103250,photon,12,12.407267275256567,1,100000,0.74463,0.74463,0.25537,0.0,-3.643941672756616,4.771142399633496
1.0,103250,photon,12,12.407267275256567,2,100000,0.8381,0.8381,0.1619,0.0,-7.247175371669933,6.741868351859668
1.0,103250,photon,12,12.407267275256567,3,100000,0.8982,0.8982,0.1018,0.0,-10.846165503478062,8.231583415929867
1.0,103250,photon,12,12.407267275256567,4,100000,0.93549,0.93549,0.06451,0.0,-14.477919217396497,9.488118030341186
1.0,103250,photon,12,12.407267275256567,5,100000,0.95954,0.95954,0.04046,0.0,-18.094577923693095,10.584074917975602
1.0,103250,photon,12,12.407267275256567,6,100000,0.97427,0.97427,0.02573,0.0,-21.704172526694048,11.566939586642624
1.0,103250,photon,12,12.407267275256567,7,100000,0.98253,0.98253,0.01747,0.0,-25.295251147408607,12.497659721823862
1.0,103250,photon,12,12.407267275256567,8,100000,0.98844,0.98844,0.01156,0.0,-28.924172087020604,13.370743218508412
1.0,103250,photon,12,12.407267275256567,9,100000,0.99204,0.99204,0.00796,0.0,-32.535398119208935,14.168587834178437
1.0,103250,photon,12,12.407267275256567,10,100000,0.99469,0.99469,0.00531,0.0,-36.12752462180269,14.915600992586175
1.0,103250,photon,12,12.407267275256567,11,100000,0.9963,0.9963,0.0037,0.0,-39.727140921013664,15.668991884250861
1.0,103250,photon,12,12.407267275256567,12,100000,0.99743,0.99743,0.00257,0.0,-43.346695920830584,16.35036257546133
1.0,103250,photon,13,12.632301501412519,1,100000,0.74267,0.74267,0.25733,0.0,-3.5936744127700733,4.75205515738187
1.0,103250,photon,13,12.632301501412519,2,100000,0.83742,0.83742,0.16258,0.0,-7.213819099840866,6.720693931209633
1.0,103250,photon,13,12.632301501412519,3,100000,0.89791,0.89791,0.10209,0.0,-10.832848747988413,8.228125627609252
1.0,103250,photon,13,12.632301501412519,4,100000,0.93594,0.93594,0.06406,0.0,-14.442102555864485,9.501487073027526
1.0,103250,photon,13,12.632301501412519,5,100000,0.95878,0.95878,0.04122,0.0,-18.054365647381353,10.620376205974166
1.0,103250,photon,13,12.632301501412519,6,100000,0.97265,0.97265,0.02735,0.0,-21.65447350737745,11.623938397563247
1.0,103250,photon,13,12.632301501412519,7,100000,0.98209,0.98209,0.01791,0.0,-25.272532659117147,12.5478392546146
1.0,103250,photon,13,12.632301501412519,8,100000,0.98784,0.98784,0.01216,0.0,-28.893405686884684,13.418804333418706
1.0,103250,photon,13,12.632301501412519,9,100000,0.99182,0.99182,0.00818,0.0,-32.5314757122484,14.226062286856067
1.0,103250,photon,13,12.632301501412519,10,100000,0.99435,0.99435,0.00565,0.0,-36.132444375541525,14.998112146747165
1.0,103250,photon,13,12.632301501412519,11,100000,0.99629,0.99629,0.00371,0.0,-39.767744438973295,15.695457491229554
1.0,103250,photon,13,12.632301501412519,12,100000,0.9975,0.9975,0.0025,0.0,-43.36569369902659,16.392602757653748
1.0,103250,photon,14,12.861417238977731,1,100000,0.74449,0.74449,0.25551,0.0,-3.644111655973249,4.767848308857285
1.0,103250,photon,14,12.861417238977731,2,100000,0.8377,0.8377,0.1623,0.0,-7.26001796527726,6.732580798128927
1.0,103250,photon,14,12.861417238977731,3,100000,0.89896,0.89896,0.10104,0.0,-10.890362602745492,8.252716639649384
1.0,103250,photon,14,12.861417238977731,4,100000,0.93651,0.93651,0.06349,0.0,-14.488925379700342,9.507822564387025
1.0,103250,photon,14,12.861417238977731,5,100000,0.9586,0.9586,0.0414,0.0,-18.091691637192493,10.612163055419552
1.0,103250,photon,14,12.861417238977731,6,100000,0.9733,0.9733,0.0267,0.0,-21.731699265002465,11.633663189887699
1.0,103250,photon,14,12.861417238977731,7,100000,0.98243,0.98243,0.01757,0.0,-25.378059196591717,12.53990020784053
1.0,103250,photon,14,12.861417238977731,8,100000,0.98803,0.98803,0.01197,0.0,-28.966884898598487,13.405249213389304
1.0,103250,photon,14,12.861417238977731,9,100000,0.9917,0.9917,0.0083,0.0,-32.587466458147354,14.220116175648542
1.0,103250,photon,14,12.861417238977731,10,100000,0.99444,0.99444,0.00556,0.0,-36.22844730217788,14.970284090500629
1.0,103250,photon,14,12.861417238977731,11,100000,0.99625,0.99625,0.00375,0.0,-39.849757040563674,15.690256769432049
1.0,103250,photon,14,12.861417238977731,12,100000,0.99751,0.99751,0.00249,0.0,-43.47959176569632,16.382449492117424
1.0,103250,photon,15,13.09468851551533,1,100000,0.74241,0.74241,0.25759,0.0,-3.630170621625705,4.766962190010759
1.0,103250,photon,15,13.09468851551533,2,100000,0.83879,0.83879,0.16121,0.0,-7.2640474918354405,6.723228705576386
1.0,103250,photon,15,13.09468851551533,3,100000,0.90026,0.90026,0.09974,0.0,-10.85647150850749,8.228466806580647
1.0,103250,photon,15,13.09468851551533,4,100000,0.93671,0.93671,0.06329,0.0,-14.4787259527432,9.521335680743494
1.0,103250,photon,15,13.09468851551533,5,100000,0.95934,0.95934,0.04066,0.0,-18.11232504585526,10.640600813543013
1.0,103250,photon,15,13.09468851551533,6,100000,0.97398,0.97398,0.02602,0.0,-21.767454842219934,11.650201908533116
1.0,103250,photon,15,13.09468851551533,7,100000,0.98238,0.98238,0.01762,0.0,-25.39981232076968,12.583318069508868
1.0,103250,photon,15,13.09468851551533,8,100000,0.98841,0.98841,0.01159,0.0,-29.03079145273298,13.451674797201404
1.0,103250,photon,15,13.09468851551533,9,100000,0.99218,0.99218,0.00782,0.0,-32.66600545035243,14.271976706355224
1.0,103250,photon,15,13.09468851551533,10,100000,0.99424,0.99424,0.00576,0.0,-36.30045821564354,15.06417298497958
1.0,103250,photon,15,13.09468851551533,11,100000,0.99623,0.99623,0.00377,0.0,-39.93029219485224,15.784381700622045
1.0,103250,photon,15,13.09468851551533,12,100000,0.99746,0.99746,0.00254,0.0,-43.58579231969836,16.47787282151894
1.0,103250,photon,16,13.332190701247947,1,100000,0.74763,0.74763,0.25237,0.0,-3.675416022886691,4.761337595259502
1.0,103250,photon,16,13.332190701247947,2,100000,0.84198,0.84198,0.15802,0.0,-7.329610666335074,6.724850077657668
1.0,103250,photon,16,13.332190701247947,3,100000,0.90112,0.90112,0.09888,0.0,-10.955115866462828,8.23985443024485
1.0,103250,photon,16,13.332190701247947,4,100000,0.93839,0.93839,0.06161,0.0,-14.589116068791991,9.508852419658522
1.0,103250,photon,16,13.332190701247947,5,100000,0.96087,0.96087,0.03913,0.0,-18.218320695559083,10.616625762332546
1.0,103250,photon,16,13.332190701247947,6,100000,0.97376,0.97376,0.02624,0.0,-21.866331994625256,11.634733114838333
1.0,103250,photon,16,13.332190701247947,7,100000,0.98241,0.98241,0.01759,0.0,-25.495394980858602,12.575586860659278
1.0,103250,photon,16,13.332190701247947,8,100000,0.98823,0.98823,0.01177,0.0,-29.122344637356967,13.43968590025197
1.0,103250,photon,16,13.332190701247947,9,100000,0.99198,0.99198,0.00802,0.0,-32.74538222877301,14.256173928566461
1.0,103250,photon,16,13.332190701247947,10,100000,0.99468,0.99468,0.00532,0.0,-36.38721963804777,15.021589657909802
1.0,103250,photon,16,13.332190701247947,11,100000,0.99625,0.99625,0.00375,0.0,-40.000397108773136,15.73840856688882
1.0,103250,photon,16,13.332190701247947,12,100000,0.99734,0.99734,0.00266,0.0,-43.61627884796138,16.3905569715662
1.0,103250,photon,17,13.57400053340996,1,100000,0.74485,0.74485,0.25515,0.0,-3.6645004329692963,4.767039808019326
1.0,103250,photon,17,13.57400053340996,2,100000,0.84055,0.84055,0.15945,0.0,-7.312254336584142,6.727250949695923
1.0,103250,photon,17,13.57400053340996,3,100000,0.89956,0.89956,0.10044,0.0,-10.956416191712183,8.254219050380172
1.0,103250,photon,17,13.57400053340996,4,100000,0.9376,0.9376,0.0624,0.0,-14.615152974111703,9.542061493214842
1.0,103250,photon,17,13.57400053340996,5,100000,0.96024,0.96024,0.03976,0.0,-18.282198239856587,10.65389740538745
1.0,103250,photon,17,13.57400053340996,6,100000,0.97377,0.97377,0.02623,0.0,-21.938742122902916,11.667599276076677
1.0,103250,photon,17,13.57400053340996,7,100000,0.98207,0.98207,0.01793,0.0,-25.56039531263065,12.609311560523047
1.0,103250,photon,17,13.57400053340996,8,100000,0.98835,0.98835,0.01165,0.0,-29.227984080506136,13.445300480287893
1.0,103250,photon,17,13.57400053340996,9,100000,0.99197,0.99197,0.00803,0.0,-32.85962933367601,14.241190916580528
1.0,103250,photon,17,13.57400053340996,10,100000,0.99456,0.99456,0.00544,0.0,-36.52735356860398,15.003507137185537
1.0,103250,photon,17,13.57400053340996,11,100000,0.99629,0.99629,0.00371,0.0,-40.160228207559214,15.742873987950908
1.0,103250,photon,17,13.57400053340996,12,100000,0.99739,0.99739,0.00261,0.0,-43.79106025775,16.44057377471683
1.0,103250,photon,18,13.820196141041313,1,100000,0.74436,0.74436,0.25564,0.0,-3.651626048731059,4.7607529869079475
1.0,103250,photon,18,13.820196141041313,2,100000,0.8399,0.8399,0.1601,0.0,-7.292039845335123,6.725659642431112
1.0,103250,photon,18,13.820196141041313,3,100000,0.90136,0.90136,0.09864,0.0,-10.971695656732813,8.252063193098248
1.0,103250,photon,18,13.820196141041313,4,100000,0.93746,0.93746,0.06254,0.0,-14.609748060018168,9.538151446437215
1.0,103250,photon,18,13.820196141041313,5,100000,0.96011,0.96011,0.03989,0.0,-18.29328898169383,10.65651745935066
1.0,103250,photon,18,13.820196141041313,6,100000,0.97358,0.97358,0.02642,0.0,-21.953048251941496,11.661495885066522
1.0,103250,photon,18,13.820196141041313,7,100000,0.98246,0.98246,0.01754,0.0,-25.6185718603261,12.596658603573255
1.0,103250,photon,18,13.820196141041313,8,100000,0.98862,0.98862,0.01138,0.0,-29.252124398459376,13.456747207853619
1.0,103250,photon,18,13.820196141041313,9,100000,0.99236,0.99236,0.00764,0.0,-32.91028782914185,14.26145846875029
1.0,103250,photon,18,13.820196141041313,10,100000,0.99472,0.99472,0.00528,0.0,-36.5721798046461,15.029156986885283
1.0,103250,photon,18,13.820196141041313,11,100000,0.99644,0.99644,0.00356,0.0,-40.244935942876616,15.762554190393642
1.0,103250,photon,18,13.820196141041313,12,100000,0.99746,0.99746,0.00254,0.0,-43.89408528105119,16.46371044423325
1.0,103250,photon,19,14.070857070231174,1,100000,0.74516,0.74516,0.25484,0.0,-3.670212344005235,4.764364798965455
1.0,103250,photon,19,14.070857070231174,2,100000,0.84194,0.84194,0.15806,0.0,-7.332144770842849,6.7176495636129125
1.0,103250,photon,19,14.070857070231174,3,100000,0.90245,0.90245,0.09755,0.0,-10.999802032656339,8.232534934009601
1.0,103250,photon,19,14.070857070231174,4,100000,0.93907,0.93907,0.06093,0.0,-14.648691001148068,9.498629690267169
1.0,103250,photon,19,14.070857070231174,5,100000,0.96118,0.96118,0.03882,0.0,-18.31955680751157,10.599340126022723
1.0,103250,photon,19,14.070857070231174,6,100000,0.97445,0.97445,0.02555,0.0,-21.99064938292315,11.61626686290449
1.0,103250,photon,19,14.070857070231174,7,100000,0.9834,0.9834,0.0166,0.0,-25.669398986324122,12.533585975528412
1.0,103250,photon,19,14.070857070231174,8,100000,0.98855,0.98855,0.01145,0.0,-29.34296631789699,13.397177361584495
1.0,103250,photon,19,14.070857070231174,9,100000,0.99229,0.99229,0.00771,0.0,-32.99856083010168,14.197592409647488
1.0,103250,photon,19,14.070857070231174,10,100000,0.99469,0.99469,0.00531,0.0,-36.64433412817311,14.978218517129275
1.0,103250,photon,19,14.070857070231174,11,100000,0.99633,0.99633,0.00367,0.0,-40.28735044927883,15.707164787040934
1.0,103250,photon,19,14.070857070231174,12,100000,0.99738,0.99738,0.00262,0.0,-43.932803801141155,16.437370414305324
1.0,103250,su2,0,10.000000000000002,1,100000,0.83313,0.16687,0.83313,0.0,1.9014781591464511,1.7902667090660376
1.0,103250,su2,0,10.000000000000002,2,100000,0.91586,0.08414,0.91586,0.0,3.794895044869963,2.5262890130219695
1.0,103250,su2,0,10.000000000000002,3,100000,0.95054,0.04946,0.95054,0.0,5.686370557789478,3.083883347926047
1.0,103250,su2,0,10.000000000000002,4,100000,0.96698,0.03302,0.96698,0.0,7.572351962922007,3.556681155060624
1.0,103250,su2,0,10.000000000000002,5,100000,0.97856,0.02144,0.97856,0.0,9.4529166178503,3.978616484505456
1.0,103250,su2,0,10.000000000000002,6,100000,0.98554,0.01446,0.98554,0.0,11.331604995438795,4.364548843241022
1.0,103250,su2,0,10.000000000000002,7,100000,0.99055,0.00945,0.99055,0.0,13.217971896154909,4.717390167028134
1.0,103250,su2,0,10.000000000000002,8,100000,0.99385,0.00615,0.99385,0.0,15.09544981471531,5.0413776459259365
1.0,103250,su2,0,10.000000000000002,9,100000,0.99546,0.00454,0.99546,0.0,16.981329101911633,5.3614196699761685
1.0,103250,su2,0,10.000000000000002,10,100000,0.99714,0.00286,0.99714,0.0,18.857726309236877,5.654060947083612
1.0,103250,su2,0,10.000000000000002,11,100000,0.99792,0.00208,0.99792,0.0,20.73748646131403,5.939988286327173
1.0,103250,su2,0,10.000000000000002,12,100000,0.99851,0.00149,0.99851,0.0,22.61583218486689,6.2061190286749675
1.0,103250,su2,1,11.505277171756266,1,100000,0.83443,0.16557,0.83443,0.0,1.9084840860692516,1.7649685365260657
1.0,103250,su2,1,11.505277171756266,2,100000,0.91499,0.08501,0.91499,0.0,3.791351691597088,2.511366994509559
1.0,103250,su2,1,11.505277171756266,3,100000,0.95018,0.04982,0.95018,0.0,5.6714713006774335,3.0749482604522846
1.0,103250,su2,1,11.505277171756266,4,100000,0.96752,0.03248,0.96752,0.0,7.556004800977569,3.546289668474493
1.0,103250,su2,1,11.505277171756266,5,100000,0.97823,0.02177,0.97823,0.0,9.430474955798967,3.9740340202110795
1.0,103250,su2,1,11.505277171756266,6,100000,0.98568,0.01432,0.98568,0.0,11.298756619022607,4.353624361763726
1.0,103250,su2,1,11.505277171756266,7,100000,0.99058,0.00942,0.99058,0.0,13.169598720783288,4.708931011596505
1.0,103250,su2,1,11.505277171756266,8,100000,0.99352,0.00648,0.99352,0.0,15.034600121493504,5.043847673060508
1.0,103250,su2,1,11.505277171756266,9,100000,0.99549,0.00451,0.99549,0.0,16.90022004435551,5.362307598793999
1.0,103250,su2,1,11.505277171756266,10,100000,0.9968,0.0032,0.9968,0.0,18.77393833218465,5.654683817662565
1.0,103250,su2,1,11.505277171756266,11,100000,0.99792,0.00208,0.99792,0.0,20.651192762584653,5.922310521330192
1.0,103250,su2,1,11.505277171756266,12,100000,0.99869,0.00131,0.99869,0.0,22.529235292635253,6.184592346245275
1.0,103250,su2,2,13.237140279893586,1,100000,0.8321,0.1679,0.8321,0.0,1.8922694943259066,1.78415035584666
1.0,103250,su2,2,13.237140279893586,2,100000,0.91303,0.08697,0.91303,0.0,3.759686258464469,2.5364958337465553
1.0,103250,su2,2,13.237140279893586,3,100000,0.94781,0.05219,0.94781,0.0,5.6339348226606365,3.1149065093102006
1.0,103250,su2,2,13.237140279893586,4,100000,0.96444,0.03556,0.96444,0.0,7.516698605800248,3.5937118176293668
1.0,103250,su2,2,13.237140279893586,5,100000,0.97653,0.02347,0.97653,0.0,9.383821619489177,4.026076778843437
1.0,103250,su2,2,13.237140279893586,6,100000,0.98466,0.01534,0.98466,0.0,11.263759638690628,4.397168970703689
1.0,103250,su2,2,13.237140279893586,7,100000,0.98971,0.01029,0.98971,0.0,13.131304157628398,4.7446230418775075
1.0,103250,su2,2,13.237140279893586,8,100000,0.99307,0.00693,0.99307,0.0,15.008380897447331,5.076396338190969
1.0,103250,su2,2,13.237140279893586,9,100000,0.99531,0.00469,0.99531,0.0,16.873765160810173,5.386666149267001
1.0,103250,su2,2,13.237140279893586,10,100000,0.99698,0.00302,0.99698,0.0,18.73831158581501,5.6815640183521126
1.0,103250,su2,2,13.237140279893586,11,100000,0.99795,0.00205,0.99795,0.0,20.604788248421528,5.959079501671562
1.0,103250,su2,2,13.237140279893586,12,100000,0.99868,0.00132,0.99868,0.0,22.46702819765513,6.224602027441462
1.0,103250,su2,3,15.229696788159503,1,100000,0.83019,0.16981,0.83019,0.0,1.8766353724738831,1.8064365967170264
1.0,103250,su2,3,15.229696788159503,2,100000,0.91424,0.08576,0.91424,0.0,3.7507903485276985,2.54493333625671
1.0,103250,su2,3,15.229696788159503,3,100000,0.94679,0.05321,0.94679,0.0,5.61742470046994,3.116332273458912
1.0,103250,su2,3,15.229696788159503,4,100000,0.96499,0.03501,0.96499,0.0,7.48167487540651,3.594145905345117
1.0,103250,su2,3,15.229696788159503,5,100000,0.97691,0.02309,0.97691,0.0,9.345975738071521,4.018696543872426
1.0,103250,su2,3,15.229696788159503,6,100000,0.98453,0.01547,0.98453,0.0,11.22089475352056,4.401584510678102
1.0,103250,su2,3,15.229696788159503,7,100000,0.98919,0.01081,0.98919,0.0,13.072422002263615,4.7726267842761105
1.0,103250,su2,3,15.229696788159503,8,100000,0.9925,0.0075,0.9925,0.0,14.93057401035391,5.10232834422003
1.0,103250,su2,3,15.229696788159503,9,100000,0.99497,0.00503,0.99497,0.0,16.797052821786174,5.4081393074498
1.0,103250,su2,3,15.229696788159503,10,100000,0.99644,0.00356,0.99644,0.0,18.665449042570337,5.697246999767428
1.0,103250,su2,3,15.229696788159503,11,100000,0.99753,0.00247,0.99753,0.0,20.514255598092916,5.970400655298921
1.0,103250,su2,3,15.229696788159503,12,100000,0.99834,0.00166,0.99834,0.0,22.372470466562955,6.242884520390916
1.0,103250,su2,4,17.522188278958126,1,100000,0.8303,0.1697,0.8303,0.0,1.8823789006426122,1.8028599584578515
1.0,103250,su2,4,17.522188278958126,2,100000,0.91126,0.08874,0.91126,0.0,3.73253063638975,2.5576991676734875
1.0,103250,su2,4,17.522188278958126,3,100000,0.94608,0.05392,0.94608,0.0,5.598458070697885,3.1308033416176846
1.0,103250,su2,4,17.522188278958126,4,100000,0.96309,0.03691,0.96309,0.0,7.447147067015016,3.6189398900456826
1.0,103250,su2,4,17.522188278958126,5,100000,0.97578,0.02422,0.97578,0.0,9.304014824382751,4.04557703690807
1.0,103250,su2,4,17.522188278958126,6,100000,0.98372,0.01628,0.98372,0.0,11.154507961510417,4.4396450734711035
1.0,103250,su2,4,17.522188278958126,7,100000,0.98878,0.01122,0.98878,0.0,12.999135224859861,4.801090008618252
1.0,103250,su2,4,17.522188278958126,8,100000,0.99235,0.00765,0.99235,0.0,14.85407554280568,5.137221317694377
1.0,103250,su2,4,17.522188278958126,9,100000,0.99472,0.00528,0.99472,0.0,16.698633796746613,5.448132333722799
1.0,103250,su2,4,17.522188278958126,10,100000,0.99656,0.00344,0.99656,0.0,18.54236035325328,5.753676177972056
1.0,103250,su2,4,17.522188278958126,11,100000,0.99767,0.00233,0.99767,0.0,20.402089515288363,6.044330464746224
1.0,103250,su2,4,17.522188278958126,12,100000,0.99819,0.00181,0.99819,0.0,22.248937494690026,6.317885431725395
1.0,103250,su2,5,20.159763280511214,1,100000,0.82699,0.17301,0.82699,0.0,1.8598467546270043,1.813691173142103
1.0,103250,su2,5,20.159763280511214,2,100000,0.9098,0.0902,0.9098,0.0,3.7160450679221686,2.563732626511615
1.0,103250,su2,5,20.159763280511214,3,100000,0.94449,0.05551,0.94449,0.0,5.561637862764885,3.150699825640295
1.0,103250,su2,5,20.159763280511214,4,100000,0.96275,0.03725,0.96275,0.0,7.407040420467029,3.636826073829651
1.0,103250,su2,5,20.159763280511214,5,100000,0.97451,0.02549,0.97451,0.0,9.249847477198484,4.071597570022768
1.0,103250,su2,5,20.159763280511214,6,100000,0.9828,0.0172,0.9828,0.0,11.100411284340876,4.452191251387586
1.0,103250,su2,5,20.159763280511214,7,100000,0.98864,0.01136,0.98864,0.0,12.946655106951228,4.798931235662919
1.0,103250,su2,5,20.159763280511214,8,100000,0.99212,0.00788,0.99212,0.0,14.796051278109347,5.124820362984073
1.0,103250,su2,5,20.159763280511214,9,100000,0.99439,0.00561,0.99439,0.0,16.632161061442535,5.43807727862518
1.0,103250,su2,5,20.159763280511214,10,100000,0.99637,0.00363,0.99637,0.0,18.471467017672953,5.734408176075147
1.0,103250,su2,5,20.159763280511214,11,100000,0.99757,0.00243,0.99757,0.0,20.3102185181467,6.01668317793311
1.0,103250,su2,5,20.159763280511214,12,100000,0.99836,0.00164,0.99836,0.0,22.1489480006448,6.287357946327812
1.0,103250,su2,6,23.19436642592759,1,100000,0.82846,0.17154,0.82846,0.0,1.8674570876702543,1.7996084302310205
1.0,103250,su2,6,23.19436642592759,2,100000,0.90991,0.09009,0.90991,0.0,3.722457178472428,2.557070827234439
1.0,103250,su2,6,23.19436642592759,3,100000,0.94609,0.05391,0.94609,0.0,5.5845019884114775,3.129752009485544
1.0,103250,su2,6,23.19436642592759,4,100000,0.96397,0.03603,0.96397,0.0,7.437286217787803,3.62131928080068
1.0,103250,su2,6,23.19436642592759,5,100000,0.97595,0.02405,0.97595,0.0,9.287457226963355,4.045158447253089
1.0,103250,su2,6,23.19436642592759,6,100000,0.98348,0.01652,0.98348,0.0,11.128720605016856,4.430601500444667
1.0,103250,su2,6,23.19436642592759,7,100000,0.98932,0.01068,0.98932,0.0,12.98543610749644,4.781747220026475
1.0,103250,su2,6,23.19436642592759,8,100000,0.99269,0.00731,0.99269,0.0,14.833094785088637,5.117618907288883
1.0,103250,su2,6,23.19436642592759,9,100000,0.99511,0.00489,0.99511,0.0,16.67425558436463,5.42992486405232
1.0,103250,su2,6,23.19436642592759,10,100000,0.99658,0.00342,0.99658,0.0,18.51910580606236,5.7298811654575
1.0,103250,su2,6,23.19436642592759,11,100000,0.99771,0.00229,0.99771,0.0,20.356259207026348,6.009199838585067
1.0,103250,su2,6,23.19436642592759,12,100000,0.99849,0.00151,0.99849,0.0,22.19784092395169,6.270371406860517
1.0,103250,su2,7,26.685761455357454,1,100000,0.8267,0.1733,0.8267,0.0,1.8614175469532854,1.8200959562796146
1.0,103250,su2,7,26.685761455357454,2,100000,0.90869,0.09131,0.90869,0.0,3.7063598925710544,2.5752523578468964
1.0,103250,su2,7,26.685761455357454,3,100000,0.94318,0.05682,0.94318,0.0,5.549727122725006,3.1634725339545695
1.0,103250,su2,7,26.685761455357454,4,100000,0.96191,0.03809,0.96191,0.0,7.399043365858889,3.651280387629847
1.0,103250,su2,7,26.685761455357454,5,100000,0.97454,0.02546,0.97454,0.0,9.238184381151619,4.0785937366901726
1.0,103250,su2,7,26.685761455357454,6,100000,0.98247,0.01753,0.98247,0.0,11.078256736828065,4.462644846139372
1.0,103250,su2,7,26.685761455357454,7,100000,0.98823,0.01177,0.98823,0.0,12.923105479824782,4.825001915379883
1.0,103250,su2,7,26.685761455357454,8,100000,0.99139,0.00861,0.99139,0.0,14.766780872554,5.158228002256857
1.0,103250,su2,7,26.685761455357454,9,100000,0.99437,0.00563,0.99437,0.0,16.61050318768284,5.464442206197368
1.0,103250,su2,7,26.685761455357454,10,100000,0.99606,0.00394,0.99606,0.0,18.456183645064144,5.766096134331147
1.0,103250,su2,7,26.685761455357454,11,100000,0.99741,0.00259,0.99741,0.0,20.29499370030644,6.056014836907713
1.0,103250,su2,7,26.685761455357454,12,100000,0.99807,0.00193,0.99807,0.0,22.13587089571918,6.326812851382389
1.0,103250,su2,8,30.702708208325753,1,100000,0.8267,0.1733,0.8267,0.0,1.8573832163990542,1.81864903243295
1.0,103250,su2,8,30.702708208325753,2,100000,0.90961,0.09039,0.90961,0.0,3.70194909792203,2.569290748729488
1.0,103250,su2,8,30.702708208325753,3,100000,0.94403,0.05597,0.94403,0.0,5.540405819497483,3.1577044950434963
1.0,103250,su2,8,30.702708208325753,4,100000,0.96143,0.03857,0.96143,0.0,7.369640072532641,3.650545975257456
1.0,103250,su2,8,30.702708208325753,5,100000,0.97434,0.02566,0.97434,0.0,9.204248845604582,4.077537972059285
1.0,103250,su2,8,30.702708208325753,6,100000,0.98284,0.01716,0.98284,0.0,11.035978775816492,4.449341659636926
1.0,103250,su2,8,30.702708208325753,7,100000,0.98802,0.01198,0.98802,0.0,12.878660551435729,4.808236568561398
1.0,103250,su2,8,30.702708208325753,8,100000,0.99205,0.00795,0.99205,0.0,14.707638213735482,5.152542726912168
1.0,103250,su2,8,30.702708208325753,9,100000,0.99444,0.00556,0.99444,0.0,16.532008834987682,5.465313696913576
1.0,103250,su2,8,30.702708208325753,10,100000,0.99601,0.00399,0.99601,0.0,18.362896363153677,5.7640202733927195
1.0,103250,su2,8,30.702708208325753,11,100000,0.9973,0.0027,0.9973,0.0,20.19605762539846,6.047981175699086
1.0,103250,su2,8,30.702708208325753,12,100000,0.99807,0.00193,0.99807,0.0,22.0315791804279,6.311599497856155
1.0,103250,su2,9,35.32431678603439,1,100000,0.82692,0.17308,0.82692,0.0,1.8652664353377675,1.8041751656458738
1.0,103250,su2,9,35.32431678603439,2,100000,0.90969,0.09031,0.90969,0.0,3.708168713469228,2.563845423393427
1.0,103250,su2,9,35.32431678603439,3,100000,0.94333,0.05667,0.94333,0.0,5.543755528429586,3.1490593181072364
1.0,103250,su2,9,35.32431678603439,4,100000,0.96236,0.03764,0.96236,0.0,7.3840692595003885,3.6379356906480638
1.0,103250,su2,9,35.32431678603439,5,100000,0.97466,0.02534,0.97466,0.0,9.218343216272622,4.066509846687356
1.0,103250,su2,9,35.32431678603439,6,100000,0.9822,0.0178,0.9822,0.0,11.056457891993297,4.464195745766757
1.0,103250,su2,9,35.32431678603439,7,100000,0.98806,0.01194,0.98806,0.0,12.900382515356506,4.827072714441438
1.0,103250,su2,9,35.32431678603439,8,100000,0.99194,0.00806,0.99194,0.0,14.739080422775853,5.159043874010538
1.0,103250,su2,9,35.32431678603439,9,100000,0.99444,0.00556,0.99444,0.0,16.565639832796105,5.478851001182249
1.0,103250,su2,9,35.32431678603439,10,100000,0.99628,0.00372,0.99628,0.0,18.403554137818716,5.772913501554967
1.0,103250,su2,9,35.32431678603439,11,100000,0.99747,0.00253,0.99747,0.0,20.23412561291315,6.051747061439747
1.0,103250,su2,9,35.32431678603439,12,100000,0.99839,0.00161,0.99839,0.0,22.079653867714214,6.318572947652372
1.0,103250,su2,10,40.64160555262483,1,100000,0.82708,0.17292,0.82708,0.0,1.8565121944604959,1.8220430920957993
1.0,103250,su2,10,40.64160555262483,2,100000,0.90801,0.09199,0.90801,0.0,3.687829553215062,2.578605726853284
1.0,103250,su2,10,40.64160555262483,3,100000,0.94313,0.05687,0.94313,0.0,5.535869951795186,3.155426568316917
1.0,103250,su2,10,40.64160555262483,4,100000,0.96149,0.03851,0.96149,0.0,7.370981480564698,3.6437914872589428
1.0,103250,su2,10,40.64160555262483,5,100000,0.97367,0.02633,0.97367,0.0,9.205716974745254,4.077258317161106
1.0,103250,su2,10,40.64160555262483,6,100000,0.98167,0.01833,0.98167,0.0,11.043067844281573,4.466026671807783
1.0,103250,su2,10,40.64160555262483,7,100000,0.98748,0.01252,0.98748,0.0,12.869648581019165,4.827482858560864
1.0,103250,su2,10,40.64160555262483,8,100000,0.99128,0.00872,0.99128,0.0,14.703001727472106,5.166947938630506
1.0,103250,su2,10,40.64160555262483,9,100000,0.99414,0.00586,0.99414,0.0,16.529923618235156,5.479947247190265
1.0,103250,su2,10,40.64160555262483,10,100000,0.99579,0.00421,0.99579,0.0,18.349095147097238,5.784369843641587
1.0,103250,su2,10,40.64160555262483,11,100000,0.99708,0.00292,0.99708,0.0,20.175202290323586,6.0683804774762935
1.0,103250,su2,10,40.64160555262483,12,100000,0.99791,0.00209,0.99791,0.0,22.012117698328883,6.332247593793294
1.0,103250,su2,11,46.75929365881369,1,100000,0.82368,0.17632,0.82368,0.0,1.8451906538879066,1.8367889627344651
1.0,103250,su2,11,46.75929365881369,2,100000,0.90774,0.09226,0.90774,0.0,3.690122260114325,2.586194771767133
1.0,103250,su2,11,46.75929365881369,3,100000,0.94259,0.05741,0.94259,0.0,5.523787797918453,3.1690295384067357
1.0,103250,su2,11,46.75929365881369,4,100000,0.96119,0.03881,0.96119,0.0,7.364188609389138,3.6552445329191907
1.0,103250,su2,11,46.75929365881369,5,100000,0.97331,0.02669,0.97331,0.0,9.194458748077357,4.0845865134526855
1.0,103250,su2,11,46.75929365881369,6,100000,0.98221,0.01779,0.98221,0.0,11.02961281536025,4.475217056195378
1.0,103250,su2,11,46.75929365881369,7,100000,0.98775,0.01225,0.98775,0.0,12.852685355303372,4.838354583578343
1.0,103250,su2,11,46.75929365881369,8,100000,0.99165,0.00835,0.99165,0.0,14.680453951726973,5.17530842471153
1.0,103250,su2,11,46.75929365881369,9,100000,0.99437,0.00563,0.99437,0.0,16.508219726620126,5.495256925804654
1.0,103250,su2,11,46.75929365881369,10,100000,0.99586,0.00414,0.99586,0.0,18.34573876485253,5.79093678170734
1.0,103250,su2,11,46.75929365881369,11,100000,0.99727,0.00273,0.99727,0.0,20.171771131858275,6.08346166250069
1.0,103250,su2,11,46.75929365881369,12,100000,0.99791,0.00209,0.99791,0.0,22.002482123780645,6.3633400611736235
1.0,103250,su2,12,53.79786339001967,1,100000,0.82492,0.17508,0.82492,0.0,1.8511847945917854,1.8332924228973504
1.0,103250,su2,12,53.79786339001967,2,100000,0.907,0.093,0.907,0.0,3.683332686909974,2.5958343365510994
1.0,103250,su2,12,53.79786339001967,3,100000,0.94221,0.05779,0.94221,0.0,5.511237735947486,3.175494220459627
1.0,103250,su2,12,53.79786339001967,4,100000,0.95906,0.04094,0.95906,0.0,7.338378708126241,3.681201579782971
1.0,103250,su2,12,53.79786339001967,5,100000,0.97252,0.02748,0.97252,0.0,9.158217706355941,4.106681866345054
1.0,103250,su2,12,53.79786339001967,6,100000,0.9815,0.0185,0.9815,0.0,11.002172765997111,4.502750691779278
1.0,103250,su2,12,53.79786339001967,7,100000,0.98654,0.01346,0.98654,0.0,12.825226032849432,4.868557293155109
1.0,103250,su2,12,53.79786339001967,8,100000,0.99102,0.00898,0.99102,0.0,14.656127483188904,5.209076934799732
1.0,103250,su2,12,53.79786339001967,9,100000,0.99385,0.00615,0.99385,0.0,16.476286623222357,5.522688150824365
1.0,103250,su2,12,53.79786339001967,10,100000,0.99583,0.00417,0.99583,0.0,18.299567702625062,5.821575888641373
1.0,103250,su2,12,53.79786339001967,11,100000,0.99703,0.00297,0.99703,0.0,20.112450655707292,6.109837905400618
1.0,103250,su2,12,53.79786339001967,12,100000,0.99791,0.00209,0.99791,0.0,21.94481905660203,6.374250423479921
1.0,103250,su2,13,61.895932955045545,1,100000,0.82423,0.17577,0.82423,0.0,1.8448937998791934,1.8265136642828277
1.0,103250,su2,13,61.895932955045545,2,100000,0.90756,0.09244,0.90756,0.0,3.681522036082705,2.5802297528382416
1.0,103250,su2,13,61.895932955045545,3,100000,0.94319,0.05681,0.94319,0.0,5.515308520174012,3.1643714319756002
1.0,103250,su2,13,61.895932955045545,4,100000,0.96097,0.03903,0.96097,0.0,7.348322241110926,3.6534054733293684
1.0,103250,su2,13,61.895932955045545,5,100000,0.97369,0.02631,0.97369,0.0,9.178853903310936,4.083081712148177
1.0,103250,su2,13,61.895932955045545,6,100000,0.98192,0.01808,0.98192,0.0,11.003953237098845,4.478602647071059
1.0,103250,su2,13,61.895932955045545,7,100000,0.98788,0.01212,0.98788,0.0,12.839609564553886,4.8337924438821185
1.0,103250,su2,13,61.895932955045545,8,100000,0.9911,0.0089,0.9911,0.0,14.666271421880513,5.172089786141854
1.0,103250,su2,13,61.895932955045545,9,100000,0.99385,0.00615,0.99385,0.0,16.48876467968002,5.4887191625674
1.0,103250,su2,13,61.895932955045545,10,100000,0.99563,0.00437,0.99563,0.0,18.321453748148265,5.793879755462028
1.0,103250,su2,13,61.895932955045545,11,100000,0.99704,0.00296,0.99704,0.0,20.15605477986674,6.0821311279123975
1.0,103250,su2,13,61.895932955045545,12,100000,0.99799,0.00201,0.99799,0.0,21.970404759966677,6.349715372360307
1.0,103250,su2,14,71.21298644522419,1,100000,0.82677,0.17323,0.82677,0.0,1.8565191471220581,1.8281550735898442
1.0,103250,su2,14,71.21298644522419,2,100000,0.90745,0.09255,0.90745,0.0,3.6846612896010997,2.6019725620599496
1.0,103250,su2,14,71.21298644522419,3,100000,0.94116,0.05884,0.94116,0.0,5.519743957072573,3.1887058666695607
1.0,103250,su2,14,71.21298644522419,4,100000,0.95966,0.04034,0.95966,0.0,7.356756370325635,3.6873526145998534
1.0,103250,su2,14,71.21298644522419,5,100000,0.97185,0.02815,0.97185,0.0,9.17657408165102,4.126948538356578
1.0,103250,su2,14,71.21298644522419,6,100000,0.98053,0.01947,0.98053,0.0,10.99479717929725,4.52081733634437
1.0,103250,su2,14,71.21298644522419,7,100000,0.98652,0.01348,0.98652,0.0,12.814862236307258,4.881732051104322
1.0,103250,su2,14,71.21298644522419,8,100000,0.9906,0.0094,0.9906,0.0,14.645217501567986,5.2065797730413585
1.0,103250,su2,14,71.21298644522419,9,100000,0.9938,0.0062,0.9938,0.0,16.47771502437871,5.512491529939591
1.0,103250,su2,14,71.21298644522419,10,100000,0.99593,0.00407,0.99593,0.0,18.30467448041734,5.810385380214609
1.0,103250,su2,14,71.21298644522419,11,100000,0.99713,0.00287,0.99713,0.0,20.114221150326856,6.101561183470885
1.0,103250,su2,14,71.21298644522419,12,100000,0.99797,0.00203,0.99797,0.0,21.946472892927773,6.369359897967491
1.0,103250,su2,15,81.93251472808262,1,100000,0.82423,0.17577,0.82423,0.0,1.8497339942802216,1.8296893818568396
1.0,103250,su2,15,81.93251472808262,2,100000,0.90724,0.09276,0.90724,0.0,3.6743548393147205,2.579539518091661
1.0,103250,su2,15,81.93251472808262,3,100000,0.94205,0.05795,0.94205,0.0,5.4986282228417105,3.16965072040054
1.0,103250,su2,15,81.93251472808262,4,100000,0.96079,0.03921,0.96079,0.0,7.317999154036809,3.667345144000379
1.0,103250,su2,15,81.93251472808262,5,100000,0.97336,0.02664,0.97336,0.0,9.136995354283307,4.0963880992243595
1.0,103250,su2,15,81.93251472808262,6,100000,0.98164,0.01836,0.98164,0.0,10.959897207709586,4.490818565860147
1.0,103250,su2,15,81.93251472808262,7,100000,0.9878,0.0122,0.9878,0.0,12.788473663489627,4.840459714790774
1.0,103250,su2,15,81.93251472808262,8,100000,0.99172,0.00828,0.99172,0.0,14.60333068773634,5.169576763431266
1.0,103250,su2,15,81.93251472808262,9,100000,0.9941,0.0059,0.9941,0.0,16.42485619566231,5.486167609435119
1.0,103250,su2,15,81.93251472808262,10,100000,0.99581,0.00419,0.99581,0.0,18.24121061947259,5.797652428129714
1.0,103250,su2,15,81.93251472808262,11,100000,0.99689,0.00311,0.99689,0.0,20.057226497494824,6.082346577908358
1.0,103250,su2,15,81.93251472808262,12,100000,0.99792,0.00208,0.99792,0.0,21.87083764963502,6.351206352870724
1.0,103250,su2,16,94.26562913255931,1,100000,0.82658,0.17342,0.82658,0.0,1.8551288779513788,1.8269653594349953
1.0,103250,su2,16,94.26562913255931,2,100000,0.90813,0.09187,0.90813,0.0,3.6847139467076624,2.573182649480112
1.0,103250,su2,16,94.26562913255931,3,100000,0.94292,0.05708,0.94292,0.0,5.518126181215152,3.152477516844815
1.0,103250,su2,16,94.26562913255931,4,100000,0.96171,0.03829,0.96171,0.0,7.34651361872591,3.635949094004529
1.0,103250,su2,16,94.26562913255931,5,100000,0.97452,0.02548,0.97452,0.0,9.177910836297825,4.072423490432241
1.0,103250,su2,16,94.26562913255931,6,100000,0.98211,0.01789,0.98211,0.0,10.998649254258567,4.471923108747801
1.0,103250,su2,16,94.26562913255931,7,100000,0.98786,0.01214,0.98786,0.0,12.822895176921952,4.835698200264721
1.0,103250,su2,16,94.26562913255931,8,100000,0.99127,0.00873,0.99127,0.0,14.645363042921577,5.173080072178629
1.0,103250,su2,16,94.26562913255931,9,100000,0.99393,0.00607,0.99393,0.0,16.470973364264456,5.493964902765884
1.0,103250,su2,16,94.26562913255931,10,100000,0.99592,0.00408,0.99592,0.0,18.29789274978718,5.794994737222286
1.0,103250,su2,16,94.26562913255931,11,100000,0.99725,0.00275,0.99725,0.0,20.120026413959582,6.085856424537517
1.0,103250,su2,16,94.26562913255931,12,100000,0.99804,0.00196,0.99804,0.0,21.945202196535952,6.352361243962181
1.0,103250,su2,17,108.4552190940077,1,100000,0.82361,0.17639,0.82361,0.0,1.8419268421421808,1.836655558714261
1.0,103250,su2,17,108.4552190940077,2,100000,0.90775,0.09225,0.90775,0.0,3.6750100585494603,2.594011599535074
1.0,103250,su2,17,108.4552190940077,3,100000,0.94194,0.05806,0.94194,0.0,5.507440432872677,3.176060740917389
1.0,103250,su2,17,108.4552190940077,4,100000,0.96044,0.03956,0.96044,0.0,7.328381607971812,3.6781575986034367
1.0,103250,su2,17,108.4552190940077,5,100000,0.97224,0.02776,0.97224,0.0,9.14235489440674,4.11655048725633
1.0,103250,su2,17,108.4552190940077,6,100000,0.98059,0.01941,0.98059,0.0,10.960259639479727,4.508638351480931
1.0,103250,su2,17,108.4552190940077,7,100000,0.98659,0.01341,0.98659,0.0,12.78764106519275,4.8685839336401155
1.0,103250,su2,17,108.4552190940077,8,100000,0.99058,0.00942,0.99058,0.0,14.598971792742491,5.212163126182437
1.0,103250,su2,17,108.4552190940077,9,100000,0.9936,0.0064,0.9936,0.0,16.41586207204592,5.5257534870717135
1.0,103250,su2,17,108.4552190940077,10,100000,0.99545,0.00455,0.99545,0.0,18.232490227948517,5.829913264054051
1.0,103250,su2,17,108.4552190940077,11,100000,0.99677,0.00323,0.99677,0.0,20.055210146169,6.108836010715368
1.0,103250,su2,17,108.4552190940077,12,100000,0.9976,0.0024,0.9976,0.0,21.877223006078122,6.376933394523792
1.0,103250,su2,18,124.78073564001106,1,100000,0.82449,0.17551,0.82449,0.0,1.8440090374464582,1.8359272352832208
1.0,103250,su2,18,124.78073564001106,2,100000,0.90766,0.09234,0.90766,0.0,3.685663301587544,2.5877016268777466
1.0,103250,su2,18,124.78073564001106,3,100000,0.94275,0.05725,0.94275,0.0,5.508324845403672,3.159529083652157
1.0,103250,su2,18,124.78073564001106,4,100000,0.9608,0.0392,0.9608,0.0,7.328281160037985,3.6602366341248267
1.0,103250,su2,18,124.78073564001106,5,100000,0.97342,0.02658,0.97342,0.0,9.153503858513284,4.086707006409405
1.0,103250,su2,18,124.78073564001106,6,100000,0.98239,0.01761,0.98239,0.0,10.982693058656778,4.471091747705237
1.0,103250,su2,18,124.78073564001106,7,100000,0.98774,0.01226,0.98774,0.0,12.810439774870977,4.835314395608202
1.0,103250,su2,18,124.78073564001106,8,100000,0.99109,0.00891,0.99109,0.0,14.622857672370976,5.181399128264003
1.0,103250,su2,18,124.78073564001106,9,100000,0.99404,0.00596,0.99404,0.0,16.443845811050572,5.491684555102299
1.0,103250,su2,18,124.78073564001106,10,100000,0.99594,0.00406,0.99594,0.0,18.26759155517268,5.79277200334554
1.0,103250,su2,18,124.78073564001106,11,100000,0.99711,0.00289,0.99711,0.0,20.089696909404648,6.073480736860145
1.0,103250,su2,18,124.78073564001106,12,100000,0.998,0.002,0.998,0.0,21.918169109103307,6.335482327271977
1.0,103250,su2,19,143.5636949233974,1,100000,0.82347,0.17653,0.82347,0.0,1.8384445219670245,1.8295881594405328
1.0,103250,su2,19,143.5636949233974,2,100000,0.90573,0.09427,0.90573,0.0,3.656148159531751,2.585829186015087
1.0,103250,su2,19,143.5636949233974,3,100000,0.94223,0.05777,0.94223,0.0,5.480526227311718,3.161721294528159
1.0,103250,su2,19,143.5636949233974,4,100000,0.96051,0.03949,0.96051,0.0,7.294021271027091,3.656383067157576
1.0,103250,su2,19,143.5636949233974,5,100000,0.97319,0.02681,0.97319,0.0,9.112701871909499,4.086961996697197
1.0,103250,su2,19,143.5636949233974,6,100000,0.98142,0.01858,0.98142,0.0,10.925866033644546,4.485895755088402
1.0,103250,su2,19,143.5636949233974,7,100000,0.98734,0.01266,0.98734,0.0,12.750916163962723,4.849635676764238
1.0,103250,su2,19,143.5636949233974,8,100000,0.99093,0.00907,0.99093,0.0,14.565383122042965,5.18781495106642
1.0,103250,su2,19,143.5636949233974,9,100000,0.99363,0.00637,0.99363,0.0,16.372868944232565,5.497913714481963
1.0,103250,su2,19,143.5636949233974,10,100000,0.99578,0.00422,0.99578,0.0,18.190908002167024,5.794768216231621
1.0,103250,su2,19,143.5636949233974,11,100000,0.99683,0.00317,0.99683,0.0,20.00445360669245,6.078937985934736
1.0,103250,su2,19,143.5636949233974,12,100000,0.99769,0.00231,0.99769,0.0,21.820028160228766,6.3530917994313985
1.0,113253,photon,0,10.000000000000002,1,100000,0.73528,0.73528,0.26472,0.0,-3.493425210923782,4.742881072648991
1.0,113253,photon,0,10.000000000000002,2,100000,0.82915,0.82915,0.17085,0.0,-6.980077531129545,6.708660409093728
1.0,113253,photon,0,10.000000000000002,3,100000,0.89182,0.89182,0.10818,0.0,-10.492815072256324,8.198562464028413
1.0,113253,photon,0,10.000000000000002,4,100000,0.9309,0.9309,0.0691,0.0,-13.988512455583518,9.448897590645789
1.0,113253,photon,0,10.000000000000002,5,100000,0.95384,0.95384,0.04616,0.0,-17.462384233566482,10.568792970182612
1.0,113253,photon,0,10.000000000000002,6,100000,0.96852,0.96852,0.03148,0.0,-20.952265879133154,11.555886897187202
1.0,113253,photon,0,10.000000000000002,7,100000,0.97803,0.97803,0.02197,0.0,-24.422813320747508,12.484990837892642
1.0,113253,photon,0,10.000000000000002,8,100000,0.98549,0.98549,0.01451,0.0,-27.923273083349653,13.356071370713414
1.0,113253,photon,0,10.000000000000002,9,100000,0.98994,0.98994,0.01006,0.0,-31.386645018587842,14.147205613023107
1.0,113253,photon,0,10.000000000000002,10,100000,0.99307,0.99307,0.00693,0.0,-34.88691485931396,14.905203315369707
1.0,113253,photon,0,10.000000000000002,11,100000,0.99537,0.99537,0.00463,0.0,-38.37715632684592,15.626593451910402
1.0,113253,photon,0,10.000000000000002,12,100000,0.99693,0.99693,0.00307,0.0,-41.88405729053489,16.32904239644388
1.0,113253,photon,1,10.181372917310114,1,100000,0.73827,0.73827,0.26173,0.0,-3.5295981131161756,4.735555021441248
1.0,113253,photon,1,10.181372917310114,2,100000,0.83252,0.83252,0.16748,0.0,-7.052290909983553,6.677315721298343
1.0,113253,photon,1,10.181372917310114,3,100000,0.89359,0.89359,0.10641,0.0,-10.566254224011223,8.206914619024909
1.0,113253,photon,1,10.181372917310114,4,100000,0.93301,0.93301,0.06699,0.0,-14.079080356014394,9.4691914590681
1.0,113253,photon,1,10.181372917310114,5,100000,0.95582,0.95582,0.04418,0.0,-17.614286865408413,10.579577169455488
1.0,113253,photon,1,10.181372917310114,6,100000,0.97005,0.97005,0.02995,0.0,-21.132894212262485,11.607477122699814
1.0,113253,photon,1,10.181372917310114,7,100000,0.97922,0.97922,0.02078,0.0,-24.62942369660985,12.53724687920364
1.0,113253,photon,1,10.181372917310114,8,100000,0.98574,0.98574,0.01426,0.0,-28.13726783412779,13.405450227718356
1.0,113253,photon,1,10.181372917310114,9,100000,0.98993,0.98993,0.01007,0.0,-31.6567381647444,14.23395270043735
1.0,113253,photon,1,10.181372917310114,10,100000,0.99313,0.99313,0.00687,0.0,-35.16863119755283,15.01846595954994
1.0,113253,photon,1,10.181372917310114,11,100000,0.99526,0.99526,0.00474,0.0,-38.6791893780283,15.734698000182307
1.0,113253,photon,1,10.181372917310114,12,100000,0.9966,0.9966,0.0034,0.0,-42.20458111633281,16.427724705239907
1.0,113253,photon,2,10.36603544813358,1,100000,0.73753,0.73753,0.26247,0.0,-3.517093888660233,4.738537956136602
1.0,113253,photon,2,10.36603544813358,2,100000,0.83199,0.83199,0.16801,0.0,-7.02391991596765,6.676793304488213
1.0,113253,photon,2,10.36603544813358,3,100000,0.89321,0.89321,0.10679,0.0,-10.533500917908032,8.187459296334085
1.0,113253,photon,2,10.36603544813358,4,100000,0.93233,0.93233,0.06767,0.0,-14.059366585169991,9.446631549609057
1.0,113253,photon,2,10.36603544813358,5,100000,0.95494,0.95494,0.04506,0.0,-17.548086108741142,10.55191872577183
1.0,113253,photon,2,10.36603544813358,6,100000,0.97043,0.97043,0.02957,0.0,-21.067167221844187,11.538595201655333
1.0,113253,photon,2,10.36603544813358,7,100000,0.98019,0.98019,0.01981,0.0,-24.572087378615052,12.464387504087394
1.0,113253,photon,2,10.36603544813358,8,100000,0.98626,0.98626,0.01374,0.0,-28.09944441747174,13.319432678012895
1.0,113253,photon,2,10.36603544813358,9,100000,0.99081,0.99081,0.00919,0.0,-31.612581456695168,14.12069225153478
1.0,113253,photon,2,10.36603544813358,10,100000,0.99323,0.99323,0.00677,0.0,-35.139479325582485,14.879974063873693
1.0,113253,photon,2,10.36603544813358,11,100000,0.99548,0.99548,0.00452,0.0,-38.65624941297418,15.58471892342315
1.0,113253,photon,2,10.36603544813358,12,100000,0.99695,0.99695,0.00305,0.0,-42.14816152442241,16.267099822239924
1.0,113253,photon,3,10.554047257150385,1,100000,0.7398,0.7398,0.2602,0.0,-3.532400857095072,4.7340636794341995
1.0,113253,photon,3,10.554047257150385,2,100000,0.83109,0.83109,0.16891,0.0,-7.027474534632702,6.6981609945438825
1.0,113253,photon,3,10.554047257150385,3,100000,0.89351,0.89351,0.10649,0.0,-10.56096323273255,8.192395515491453
1.0,113253,photon,3,10.554047257150385,4,100000,0.93244,0.93244,0.06756,0.0,-14.081119213143387,9.46404714705744
1.0,113253,photon,3,10.554047257150385,5,100000,0.95571,0.95571,0.04429,0.0,-17.631983499889618,10.558608466647465
1.0,113253,photon,3,10.554047257150385,6,100000,0.97061,0.97061,0.02939,0.0,-21.153745498805602,11.53780299910421
1.0,113253,photon,3,10.554047257150385,7,100000,0.9801,0.9801,0.0199,0.0,-24.68046986768062,12.456412677240328
1.0,113253,photon,3,10.554047257150385,8,100000,0.98664,0.98664,0.01336,0.0,-28.211969123601023,13.32706586848656
1.0,113253,photon,3,10.554047257150385,9,100000,0.99112,0.99112,0.00888,0.0,-31.744630862423175,14.14373039138973
1.0,113253,photon,3,10.554047257150385,10,100000,0.99401,0.99401,0.00599,0.0,-35.252483647547116,14.894740557392455
1.0,113253,photon,3,10.554047257150385,11,100000,0.99595,0.99595,0.00405,0.0,-38.770164624314454,15.620267146800488
1.0,113253,photon,3,10.554047257150385,12,100000,0.99707,0.99707,0.00293,0.0,-42.290829040219265,16.28689325010387
1.0,113253,photon,4,10.745469091196195,1,100000,0.73988,0.73988,0.26012,0.0,-3.551247269836994,4.737817819551766
1.0,113253,photon,4,10.745469091196195,2,100000,0.83371,0.83371,0.16629,0.0,-7.087540002993685,6.684366045146424
1.0,113253,photon,4,10.745469091196195,3,100000,0.89429,0.89429,0.10571,0.0,-10.612018005915536,8.183898042818383
1.0,113253,photon,4,10.745469091196195,4,100000,0.93328,0.93328,0.06672,0.0,-14.161272387485923,9.450439440675524
1.0,113253,photon,4,10.745469091196195,5,100000,0.95554,0.95554,0.04446,0.0,-17.718200160839512,10.575987954302192
1.0,113253,photon,4,10.745469091196195,6,100000,0.97101,0.97101,0.02899,0.0,-21.25847593262459,11.593281219110537
1.0,113253,photon,4,10.745469091196195,7,100000,0.98034,0.98034,0.01966,0.0,-24.807554298629448,12.49983987546727
1.0,113253,photon,4,10.745469091196195,8,100000,0.9866,0.9866,0.0134,0.0,-28.343820084180496,13.367974802440118
1.0,113253,photon,4,10.745469091196195,9,100000,0.99108,0.99108,0.00892,0.0,-31.89390426221862,14.168868426798804
1.0,113253,photon,4,10.745469091196195,10,100000,0.99409,0.99409,0.00591,0.0,-35.43072534701241,14.923747456460994
1.0,113253,photon,4,10.745469091196195,11,100000,0.99585,0.99585,0.00415,0.0,-38.987483338584,15.660336763239956
1.0,113253,photon,4,10.745469091196195,12,100000,0.99695,0.99695,0.00305,0.0,-42.53705057155383,16.36486963457456
1.0,113253,photon,5,10.940362798889787,1,100000,0.73788,0.73788,0.26212,0.0,-3.5482739803043786,4.750788078448586
1.0,113253,photon,5,10.940362798889787,2,100000,0.83429,0.83429,0.16571,0.0,-7.091554927964541,6.701502451889367
1.0,113253,photon,5,10.940362798889787,3,100000,0.89388,0.89388,0.10612,0.0,-10.630863397903939,8.203636435254998
1.0,113253,photon,5,10.940362798889787,4,100000,0.93353,0.93353,0.06647,0.0,-14.193143480959918,9.469457769110834
1.0,113253,photon,5,10.940362798889787,5,100000,0.95603,0.95603,0.04397,0.0,-17.71544329663697,10.592359863999768
1.0,113253,photon,5,10.940362798889787,6,100000,0.97014,0.97014,0.02986,0.0,-21.254306260063675,11.608070668906647
1.0,113253,photon,5,10.940362798889787,7,100000,0.9803,0.9803,0.0197,0.0,-24.82538454212042,12.536768019382157
1.0,113253,photon,5,10.940362798889787,8,100000,0.98703,0.98703,0.01297,0.0,-28.37163996768484,13.372786893310055
1.0,113253,photon,5,10.940362798889787,9,100000,0.99111,0.99111,0.00889,0.0,-31.909913055645763,14.167131546667722
1.0,113253,photon,5,10.940362798889787,10,100000,0.9937,0.9937,0.0063,0.0,-35.440268707355656,14.934260055415699
1.0,113253,photon,5,10.940362798889787,11,100000,0.99584,0.99584,0.00416,0.0,-38.98556948827704,15.674252053710044
1.0,113253,photon,5,10.940362798889787,12,100000,0.99718,0.99718,0.00282,0.0,-42.52927730001775,16.33834945840737
1.0,113253,photon,6,11.13879135061635,1,100000,0.73866,0.73866,0.26134,0.0,-3.53773597581006,4.7480023746284825
1.0,113253,photon,6,11.13879135061635,2,100000,0.83396,0.83396,0.16604,0.0,-7.097405085593481,6.692388881465489
1.0,113253,photon,6,11.13879135061635,3,100000,0.89516,0.89516,0.10484,0.0,-10.642309281100303,8.199623362705665
1.0,113253,photon,6,11.13879135061635,4,100000,0.93364,0.93364,0.06636,0.0,-14.167998437872475,9.434100473726541
1.0,113253,photon,6,11.13879135061635,5,100000,0.95575,0.95575,0.04425,0.0,-17.715155042318994,10.535178684787404
1.0,113253,photon,6,11.13879135061635,6,100000,0.97125,0.97125,0.02875,0.0,-21.27003997832672,11.548692136274417
1.0,113253,photon,6,11.13879135061635,7,100000,0.97995,0.97995,0.02005,0.0,-24.80952135170151,12.489451306310153
1.0,113253,photon,6,11.13879135061635,8,100000,0.98617,0.98617,0.01383,0.0,-28.34945622832078,13.36671405877974
1.0,113253,photon,6,11.13879135061635,9,100000,0.99032,0.99032,0.00968,0.0,-31.894490965382353,14.149730624095458
1.0,113253,photon,6,11.13879135061635,10,100000,0.99325,0.99325,0.00675,0.0,-35.43492371802567,14.92148125224829
1.0,113253,photon,6,11.13879135061635,11,100000,0.99532,0.99532,0.00468,0.0,-38.98046237786718,15.66293987732644
1.0,113253,photon,6,11.13879135061635,12,100000,0.99655,0.99655,0.00345,0.0,-42.53520906531739,16.374529148227754
1.0,113253,photon,7,11.340818858873345,1,100000,0.74295,0.74295,0.25705,0.0,-3.57737436130001,4.736804968515964
1.0,113253,photon,7,11.340818858873345,2,100000,0.83503,0.83503,0.16497,0.0,-7.137287579034931,6.704309374695739
1.0,113253,photon,7,11.340818858873345,3,100000,0.89606,0.89606,0.10394,0.0,-10.706327021214687,8.202466706827826
1.0,113253,photon,7,11.340818858873345,4,100000,0.93509,0.93509,0.06491,0.0,-14.280845305624958,9.457735787826723
1.0,113253,photon,7,11.340818858873345,5,100000,0.95725,0.95725,0.04275,0.0,-17.851994097822647,10.57766304858345
1.0,113253,photon,7,11.340818858873345,6,100000,0.97093,0.97093,0.02907,0.0,-21.38151754688778,11.57318572858594
1.0,113253,photon,7,11.340818858873345,7,100000,0.98063,0.98063,0.01937,0.0,-24.94383101637361,12.512439651063398
1.0,113253,photon,7,11.340818858873345,8,100000,0.98715,0.98715,0.01285,0.0,-28.467959245807286,13.375101381020714
1.0,113253,photon,7,11.340818858873345,9,100000,0.9911,0.9911,0.0089,0.0,-32.02331787207639,14.1708482118775
1.0,113253,photon,7,11.340818858873345,10,100000,0.99404,0.99404,0.00596,0.0,-35.58340692675122,14.943154392674739
1.0,113253,photon,7,11.340818858873345,11,100000,0.9959,0.9959,0.0041,0.0,-39.12147996630411,15.684366141737414
1.0,113253,photon,7,11.340818858873345,12,100000,0.99707,0.99707,0.00293,0.0,-42.698407261895824,16.37575161123757
1.0,113253,photon,8,11.546510598985286,1,100000,0.74205,0.74205,0.25795,0.0,-3.617399318808449,4.762195147663732
1.0,113253,photon,8,11.546510598985286,2,100000,0.83639,0.83639,0.16361,0.0,-7.182862725402969,6.720788217491264
1.0,113253,photon,8,11.546510598985286,3,100000,0.89665,0.89665,0.10335,0.0,-10.739702849329722,8.22572645457414
1.0,113253,photon,8,11.546510598985286,4,100000,0.93548,0.93548,0.06452,0.0,-14.334218177938403,9.497925329055263
1.0,113253,photon,8,11.546510598985286,5,100000,0.95767,0.95767,0.04233,0.0,-17.90712134943618,10.60163631360809
1.0,113253,photon,8,11.546510598985286,6,100000,0.97163,0.97163,0.02837,0.0,-21.496179161802885,11.609544340907988
1.0,113253,photon,8,11.546510598985286,7,100000,0.98112,0.98112,0.01888,0.0,-25.072439001085876,12.561169882280133
1.0,113253,photon,8,11.546510598985286,8,100000,0.987,0.987,0.013,0.0,-28.654538476933997,13.431774489413026
1.0,113253,photon,8,11.546510598985286,9,100000,0.99127,0.99127,0.00873,0.0,-32.22807321747336,14.238263419609922
1.0,113253,photon,8,11.546510598985286,10,100000,0.99396,0.99396,0.00604,0.0,-35.79678314446068,14.980662214908923
1.0,113253,photon,8,11.546510598985286,11,100000,0.99573,0.99573,0.00427,0.0,-39.375775828133534,15.699974567024189
1.0,113253,photon,8,11.546510598985286,12,100000,0.99708,0.99708,0.00292,0.0,-42.9494610223552,16.387786061660286
1.0,113253,photon,9,11.75593303019429,1,100000,0.74254,0.74254,0.25746,0.0,-3.5891377973533007,4.741417139706588
1.0,113253,photon,9,11.75593303019429,2,100000,0.83671,0.83671,0.16329,0.0,-7.159516822720972,6.7052311315519
1.0,113253,photon,9,11.75593303019429,3,100000,0.89596,0.89596,0.10404,0.0,-10.713757681258654,8.21977697624584
1.0,113253,photon,9,11.75593303019429,4,100000,0.93499,0.93499,0.06501,0.0,-14.317400953426638,9.49453852724901
1.0,113253,photon,9,11.75593303019429,5,100000,0.95704,0.95704,0.04296,0.0,-17.89474854664135,10.652065869328057
1.0,113253,photon,9,11.75593303019429,6,100000,0.972,0.972,0.028,0.0,-21.47240795005027,11.633598243062435
1.0,113253,photon,9,11.75593303019429,7,100000,0.9813,0.9813,0.0187,0.0,-25.053356759731557,12.57012239113937
1.0,113253,photon,9,11.75593303019429,8,100000,0.98736,0.98736,0.01264,0.0,-28.641438833762113,13.413775187630065
1.0,113253,photon,9,11.75593303019429,9,100000,0.99136,0.99136,0.00864,0.0,-32.23458910894998,14.214498332750622
1.0,113253,photon,9,11.75593303019429,10,100000,0.99421,0.99421,0.00579,0.0,-35.806281743225504,14.973561116579257
1.0,113253,photon,9,11.75593303019429,11,100000,0.9959,0.9959,0.0041,0.0,-39.404288182177815,15.717611912738068
1.0,113253,photon,9,11.75593303019429,12,100000,0.99727,0.99727,0.00273,0.0,-42.98125132898207,16.40312862725452
1.0,113253,photon,10,11.969153817133158,1,100000,0.74257,0.74257,0.25743,0.0,-3.5997191792921144,4.746218272498167
1.0,113253,photon,10,11.969153817133158,2,100000,0.8373,0.8373,0.1627,0.0,-7.169399757110167,6.700527427522402
1.0,113253,photon,10,11.969153817133158,3,100000,0.89755,0.89755,0.10245,0.0,-10.75545474209644,8.198414921411322
1.0,113253,photon,10,11.969153817133158,4,100000,0.93634,0.93634,0.06366,0.0,-14.355782693462029,9.45615659182344
1.0,113253,photon,10,11.969153817133158,5,100000,0.95891,0.95891,0.04109,0.0,-17.958171591398298,10.578658567632177
1.0,113253,photon,10,11.969153817133158,6,100000,0.97248,0.97248,0.02752,0.0,-21.5815353047285,11.593238490716718
1.0,113253,photon,10,11.969153817133158,7,100000,0.98165,0.98165,0.01835,0.0,-25.153308657644477,12.512936891110403
1.0,113253,photon,10,11.969153817133158,8,100000,0.98717,0.98717,0.01283,0.0,-28.77134496921504,13.388738233785933
1.0,113253,photon,10,11.969153817133158,9,100000,0.99125,0.99125,0.00875,0.0,-32.35361561615907,14.169412656620182
1.0,113253,photon,10,11.969153817133158,10,100000,0.99396,0.99396,0.00604,0.0,-35.93978826742627,14.944402143803394
1.0,113253,photon,10,11.969153817133158,11,100000,0.99591,0.99591,0.00409,0.0,-39.551435200143224,15.669588051184343
1.0,113253,photon,10,11.969153817133158,12,100000,0.99721,0.99721,0.00279,0.0,-43.14600259899844,16.330027576509615
1.0,113253,photon,11,12.186241851687845,1,100000,0.7418,0.7418,0.2582,0.0,-3.6045841937064114,4.760016266995811
1.0,113253,photon,11,12.186241851687845,2,100000,0.83744,0.83744,0.16256,0.0,-7.216830566324168,6.699414315410421
1.0,113253,photon,11,12.186241851687845,3,100000,0.89803,0.89803,0.10197,0.0,-10.801229954662903,8.201536208516686
1.0,113253,photon,11,12.186241851687845,4,100000,0.93644,0.93644,0.06356,0.0,-14.421597639133406,9.489619579133716
1.0,113253,photon,11,12.186241851687845,5,100000,0.95921,0.95921,0.04079,0.0,-18.01826301578894,10.60630540061586
1.0,113253,photon,11,12.186241851687845,6,100000,0.97285,0.97285,0.02715,0.0,-21.6418416446989,11.612306859367012
1.0,113253,photon,11,12.186241851687845,7,100000,0.98211,0.98211,0.01789,0.0,-25.230266660313298,12.561814656231727
1.0,113253,photon,11,12.186241851687845,8,100000,0.98731,0.98731,0.01269,0.0,-28.826811096479847,13.434278505116678
1.0,113253,photon,11,12.186241851687845,9,100000,0.99154,0.99154,0.00846,0.0,-32.40937309009219,14.263577474103212
1.0,113253,photon,11,12.186241851687845,10,100000,0.99433,0.99433,0.00567,0.0,-35.992484533495194,15.013439054860946
1.0,113253,photon,11,12.186241851687845,11,100000,0.99595,0.99595,0.00405,0.0,-39.5859412189723,15.75254368030893
1.0,113253,photon,11,12.186241851687845,12,100000,0.99726,0.99726,0.00274,0.0,-43.19607808501075,16.444852432609128
1.0,113253,photon,12,12.407267275256567,1,100000,0.74418,0.74418,0.25582,0.0,-3.623541073712714,4.758744261785369
1.0,113253,photon,12,12.407267275256567,2,100000,0.83954,0.83954,0.16046,0.0,-7.260465708714295,6.709896411870206
1.0,113253,photon,12,12.407267275256567,3,100000,0.90066,0.90066,0.09934,0.0,-10.86304977775853,8.209548118134492
1.0,113253,photon,12,12.407267275256567,4,100000,0.93739,0.93739,0.06261,0.0,-14.447543976093238,9.460623631342417
1.0,113253,photon,12,12.407267275256567,5,100000,0.95933,0.95933,0.04067,0.0,-18.05580783618636,10.587015897657995
1.0,113253,photon,12,12.407267275256567,6,100000,0.97273,0.97273,0.02727,0.0,-21.665458036685838,11.59746438918821
1.0,113253,photon,12,12.407267275256567,7,100000,0.98184,0.98184,0.01816,0.0,-25.27495404065571,12.517623534540474
1.0,113253,photon,12,12.407267275256567,8,100000,0.98752,0.98752,0.01248,0.0,-28.872474394760253,13.39193079948171
1.0,113253,photon,12,12.407267275256567,9,100000,0.99152,0.99152,0.00848,0.0,-32.479445194801805,14.208433553415507
1.0,113253,photon,12,12.407267275256567,10,100000,0.99406,0.99406,0.00594,0.0,-36.079640219483075,14.982285298784687
1.0,113253,photon,12,12.407267275256567,11,100000,0.99597,0.99597,0.00403,0.0,-39.67710888430884,15.689509094077046
1.0,113253,photon,12,12.407267275256567,12,100000,0.99725,0.99725,0.00275,0.0,-43.26510309887812,16.399326426541087
1.0,113253,photon,13,12.632301501412519,1,100000,0.74239,0.74239,0.25761,0.0,-3.625099379539059,4.769443409893924
1.0,113253,photon,13,12.632301501412519,2,100000,0.83828,0.83828,0.16172,0.0,-7.252076156535547,6.720159667180454
1.0,113253,photon,13,12.632301501412519,3,100000,0.90031,0.90031,0.09969,0.0,-10.869125464274209,8.222807270922877
1.0,113253,photon,13,12.632301501412519,4,100000,0.93648,0.93648,0.06352,0.0,-14.471074520563636,9.50240431386786
1.0,113253,photon,13,12.632301501412519,5,100000,0.95955,0.95955,0.04045,0.0,-18.087349568776254,10.625929051475234
1.0,113253,photon,13,12.632301501412519,6,100000,0.97316,0.97316,0.02684,0.0,-21.716547033034107,11.639701001517661
1.0,113253,photon,13,12.632301501412519,7,100000,0.98257,0.98257,0.01743,0.0,-25.330056967365582,12.593355528545446
1.0,113253,photon,13,12.632301501412519,8,100000,0.98821,0.98821,0.01179,0.0,-28.95924276913803,13.467583742380436
1.0,113253,photon,13,12.632301501412519,9,100000,0.99151,0.99151,0.00849,0.0,-32.564313155829495,14.263131258003758
1.0,113253,photon,13,12.632301501412519,10,100000,0.99415,0.99415,0.00585,0.0,-36.14878718761029,15.04472034681448
1.0,113253,photon,13,12.632301501412519,11,100000,0.99609,0.99609,0.00391,0.0,-39.75090663406116,15.751586354208733
1.0,113253,photon,13,12.632301501412519,12,100000,0.99724,0.99724,0.00276,0.0,-43.33772440684963,16.44007509070699
1.0,113253,photon,14,12.861417238977731,1,100000,0.74423,0.74423,0.25577,0.0,-3.6446774210240327,4.759626057388298
1.0,113253,photon,14,12.861417238977731,2,100000,0.84022,0.84022,0.15978,0.0,-7.293985525237679,6.714520441297294
1.0,113253,photon,14,12.861417238977731,3,100000,0.89957,0.89957,0.10043,0.0,-10.91428921844604,8.221922401062251
1.0,113253,photon,14,12.861417238977731,4,100000,0.93788,0.93788,0.06212,0.0,-14.556907054621092,9.494415963980822
1.0,113253,photon,14,12.861417238977731,5,100000,0.95998,0.95998,0.04002,0.0,-18.229284083594447,10.613604223675106
1.0,113253,photon,14,12.861417238977731,6,100000,0.97385,0.97385,0.02615,0.0,-21.877845235586193,11.627536087340795
1.0,113253,photon,14,12.861417238977731,7,100000,0.98266,0.98266,0.01734,0.0,-25.501219467427443,12.526550069486952
1.0,113253,photon,14,12.861417238977731,8,100000,0.98801,0.98801,0.01199,0.0,-29.107685243334934,13.401492571049666
1.0,113253,photon,14,12.861417238977731,9,100000,0.99174,0.99174,0.00826,0.0,-32.714479946350565,14.225607745217083
1.0,113253,photon,14,12.861417238977731,10,100000,0.99441,0.99441,0.00559,0.0,-36.318472315582405,15.003762228333944
1.0,113253,photon,14,12.861417238977731,11,100000,0.99592,0.99592,0.00408,0.0,-39.946386754195494,15.744569997368698
1.0,113253,photon,14,12.861417238977731,12,100000,0.99719,0.99719,0.00281,0.0,-43.57890440439928,16.4617404355096
1.0,113253,photon,15,13.09468851551533,1,100000,0.74347,0.74347,0.25653,0.0,-3.6323646162547933,4.764120675902194
1.0,113253,photon,15,13.09468851551533,2,100000,0.83932,0.83932,0.16068,0.0,-7.286514893414165,6.732202482337095
1.0,113253,photon,15,13.09468851551533,3,100000,0.90033,0.90033,0.09967,0.0,-10.93381769053604,8.239076682300494
1.0,113253,photon,15,13.09468851551533,4,100000,0.93789,0.93789,0.06211,0.0,-14.56074400211302,9.508002317652107
1.0,113253,photon,15,13.09468851551533,5,100000,0.95963,0.95963,0.04037,0.0,-18.223933134172366,10.63432585149233
1.0,113253,photon,15,13.09468851551533,6,100000,0.97333,0.97333,0.02667,0.0,-21.884711512708577,11.660666241817252
1.0,113253,photon,15,13.09468851551533,7,100000,0.98208,0.98208,0.01792,0.0,-25.5214765404993,12.58443277100431
1.0,113253,photon,15,13.09468851551533,8,100000,0.98808,0.98808,0.01192,0.0,-29.167125811978128,13.462737701288228
1.0,113253,photon,15,13.09468851551533,9,100000,0.99198,0.99198,0.00802,0.0,-32.808616124275225,14.272100962772875
1.0,113253,photon,15,13.09468851551533,10,100000,0.99442,0.99442,0.00558,0.0,-36.463287569292014,15.03302560997749
1.0,113253,photon,15,13.09468851551533,11,100000,0.99626,0.99626,0.00374,0.0,-40.132025291835696,15.757984134156857
1.0,113253,photon,15,13.09468851551533,12,100000,0.99739,0.99739,0.00261,0.0,-43.769327634365034,16.452629929793975
1.0,113253,photon,16,13.332190701247947,1,100000,0.74239,0.74239,0.25761,0.0,-3.6278601469639584,4.763960621165444
1.0,113253,photon,16,13.332190701247947,2,100000,0.83837,0.83837,0.16163,0.0,-7.222221450657804,6.70444486769206
1.0,113253,photon,16,13.332190701247947,3,100000,0.89888,0.89888,0.10112,0.0,-10.861884274391915,8.22809574710375
1.0,113253,photon,16,13.332190701247947,4,100000,0.93763,0.93763,0.06237,0.0,-14.51335861945824,9.526979403525223
1.0,113253,photon,16,13.332190701247947,5,100000,0.96057,0.96057,0.03943,0.0,-18.13490933879493,10.64869089620123
1.0,113253,photon,16,13.332190701247947,6,100000,0.97412,0.97412,0.02588,0.0,-21.79438850028675,11.658533917316207
1.0,113253,photon,16,13.332190701247947,7,100000,0.98216,0.98216,0.01784,0.0,-25.410941348026263,12.602763064057699
1.0,113253,photon,16,13.332190701247947,8,100000,0.98784,0.98784,0.01216,0.0,-29.053361117955614,13.442906451048804
1.0,113253,photon,16,13.332190701247947,9,100000,0.99144,0.99144,0.00856,0.0,-32.67228709485339,14.252813280827782
1.0,113253,photon,16,13.332190701247947,10,100000,0.99444,0.99444,0.00556,0.0,-36.31246755798318,15.012300092087406
1.0,113253,photon,16,13.332190701247947,11,100000,0.99616,0.99616,0.00384,0.0,-39.924802969232836,15.74619256566496
1.0,113253,photon,16,13.332190701247947,12,100000,0.99732,0.99732,0.00268,0.0,-43.533789829599854,16.449998910959977
1.0,113253,photon,17,13.57400053340996,1,100000,0.74641,0.74641,0.25359,0.0,-3.6536898672744194,4.749707268445639
1.0,113253,photon,17,13.57400053340996,2,100000,0.84132,0.84132,0.15868,0.0,-7.3223417589972986,6.720963904632398
1.0,113253,photon,17,13.57400053340996,3,100000,0.9016,0.9016,0.0984,0.0,-10.957491394268873,8.224351823798234
1.0,113253,photon,17,13.57400053340996,4,100000,0.93762,0.93762,0.06238,0.0,-14.596335697523184,9.499352587838317
1.0,113253,photon,17,13.57400053340996,5,100000,0.95973,0.95973,0.04027,0.0,-18.247877657896368,10.614399002082164
1.0,113253,photon,17,13.57400053340996,6,100000,0.97392,0.97392,0.02608,0.0,-21.90109054553065,11.645535502943224
1.0,113253,photon,17,13.57400053340996,7,100000,0.98324,0.98324,0.01676,0.0,-25.57685241684665,12.566901848781661
1.0,113253,photon,17,13.57400053340996,8,100000,0.98825,0.98825,0.01175,0.0,-29.221112493535394,13.440153898270138
1.0,113253,photon,17,13.57400053340996,9,100000,0.99208,0.99208,0.00792,0.0,-32.84906690597308,14.260131703287385
1.0,113253,photon,17,13.57400053340996,10,100000,0.99454,0.99454,0.00546,0.0,-36.497618566641094,15.036717612883368
1.0,113253,photon,17,13.57400053340996,11,100000,0.99623,0.99623,0.00377,0.0,-40.152364370852325,15.788063836425426
1.0,113253,photon,17,13.57400053340996,12,100000,0.99765,0.99765,0.00235,0.0,-43.80708208265514,16.476182005658877
1.0,113253,photon,18,13.820196141041313,1,100000,0.74602,0.74602,0.25398,0.0,-3.6594748269948125,4.760959431303133
1.0,113253,photon,18,13.820196141041313,2,100000,0.8412,0.8412,0.1588,0.0,-7.31592124811139,6.722562980362201
1.0,113253,photon,18,13.820196141041313,3,100000,0.90166,0.90166,0.09834,0.0,-10.963918549555348,8.225786409287975
1.0,113253,photon,18,13.820196141041313,4,100000,0.93977,0.93977,0.06023,0.0,-14.621859051630386,9.483805878728319
1.0,113253,photon,18,13.820196141041313,5,100000,0.96197,0.96197,0.03803,0.0,-18.299267625379077,10.592503871806436
1.0,113253,photon,18,13.820196141041313,6,100000,0.97451,0.97451,0.02549,0.0,-21.96197085603483,11.608909828983814
1.0,113253,photon,18,13.820196141041313,7,100000,0.98351,0.98351,0.01649,0.0,-25.598109547760473,12.505784652528492
1.0,113253,photon,18,13.820196141041313,8,100000,0.98887,0.98887,0.01113,0.0,-29.267394171017045,13.365735592012262
1.0,113253,photon,18,13.820196141041313,9,100000,0.9922,0.9922,0.0078,0.0,-32.91195772781235,14.195298074950369
1.0,113253,photon,18,13.820196141041313,10,100000,0.99458,0.99458,0.00542,0.0,-36.541592836059664,14.971927335481775
1.0,113253,photon,18,13.820196141041313,11,100000,0.99668,0.99668,0.00332,0.0,-40.17046535555999,15.697911366101692
1.0,113253,photon,18,13.820196141041313,12,100000,0.9978,0.9978,0.0022,0.0,-43.814276187116214,16.41150354880673
1.0,113253,photon,19,14.070857070231174,1,100000,0.74768,0.74768,0.25232,0.0,-3.6766682071787637,4.76018908000822
1.0,113253,photon,19,14.070857070231174,2,100000,0.84208,0.84208,0.15792,0.0,-7.323630673106311,6.740560646956113
1.0,113253,photon,19,14.070857070231174,3,100000,0.90218,0.90218,0.09782,0.0,-11.009680229816246,8.226339713792209
1.0,113253,photon,19,14.070857070231174,4,100000,0.93921,0.93921,0.06079,0.0,-14.64657746015896,9.476902497456306
1.0,113253,photon,19,14.070857070231174,5,100000,0.96082,0.96082,0.03918,0.0,-18.29782734988599,10.613980179215812
1.0,113253,photon,19,14.070857070231174,6,100000,0.97446,0.97446,0.02554,0.0,-21.967883228508004,11.626161397503344
1.0,113253,photon,19,14.070857070231174,7,100000,0.98341,0.98341,0.01659,0.0,-25.607638068699334,12.591998643564661
1.0,113253,photon,19,14.070857070231174,8,100000,0.98878,0.98878,0.01122,0.0,-29.250021789342515,13.449319169898505
1.0,113253,photon,19,14.070857070231174,9,100000,0.99212,0.99212,0.00788,0.0,-32.93505066390704,14.278516231008357
1.0,113253,photon,19,14.070857070231174,10,100000,0.99452,0.99452,0.00548,0.0,-36.59631521621692,15.067704536828446
1.0,113253,photon,19,14.070857070231174,11,100000,0.99644,0.99644,0.00356,0.0,-40.261884852428764,15.785429139394656
1.0,113253,photon,19,14.070857070231174,12,100000,0.99751,0.99751,0.00249,0.0,-43.92609731362881,16.487877973125176
1.0,113253,su2,0,10.000000000000002,1,100000,0.83366,0.16634,0.83366,0.0,1.9041211828097482,1.791821816016176
1.0,113253,su2,0,10.000000000000002,2,100000,0.91463,0.08537,0.91463,0.0,3.785425594792934,2.5308464440909577
1.0,113253,su2,0,10.000000000000002,3,100000,0.94919,0.05081,0.94919,0.0,5.674229933495352,3.0911094641512036
1.0,113253,su2,0,10.000000000000002,4,100000,0.96648,0.03352,0.96648,0.0,7.560815897984009,3.5656821343623113
1.0,113253,su2,0,10.000000000000002,5,100000,0.97759,0.02241,0.97759,0.0,9.445600072111635,3.9967132349952066
1.0,113253,su2,0,10.000000000000002,6,100000,0.98509,0.01491,0.98509,0.0,11.324618943474986,4.3754650987513495
1.0,113253,su2,0,10.000000000000002,7,100000,0.99007,0.00993,0.99007,0.0,13.217779680594742,4.727426132935634
1.0,113253,su2,0,10.000000000000002,8,100000,0.99389,0.00611,0.99389,0.0,15.11003548072645,5.049269621914971
1.0,113253,su2,0,10.000000000000002,9,100000,0.99566,0.00434,0.99566,0.0,16.993291445077435,5.359929030534032
1.0,113253,su2,0,10.000000000000002,10,100000,0.99699,0.00301,0.99699,0.0,18.860601410010453,5.652490994398835
1.0,113253,su2,0,10.000000000000002,11,100000,0.99806,0.00194,0.99806,0.0,20.744589575950936,5.929531028050392
1.0,113253,su2,0,10.000000000000002,12,100000,0.99865,0.00135,0.99865,0.0,22.63296689089227,6.189473055176075
1.0,113253,su2,1,11.505277171756266,1,100000,0.83325,0.16675,0.83325,0.0,1.9046501534502398,1.771355068668953
1.0,113253,su2,1,11.505277171756266,2,100000,0.91592,0.08408,0.91592,0.0,3.7868592503274154,2.5206004148789503
1.0,113253,su2,1,11.505277171756266,3,100000,0.94902,0.05098,0.94902,0.0,5.6603537126801875,3.0867943229809445
1.0,113253,su2,1,11.505277171756266,4,100000,0.96597,0.03403,0.96597,0.0,7.535030745656393,3.5666905051372177
1.0,113253,su2,1,11.505277171756266,5,100000,0.97809,0.02191,0.97809,0.0,9.413527272078039,3.9848660516693064
1.0,113253,su2,1,11.505277171756266,6,100000,0.98532,0.01468,0.98532,0.0,11.287038366193814,4.371772761119953
1.0,113253,su2,1,11.505277171756266,7,100000,0.99029,0.00971,0.99029,0.0,13.1600006092644,4.7320548443379815
1.0,113253,su2,1,11.505277171756266,8,100000,0.99346,0.00654,0.99346,0.0,15.033785491840634,5.0537021896018794
1.0,113253,su2,1,11.505277171756266,9,100000,0.99597,0.00403,0.99597,0.0,16.917252309307102,5.368746244863213
1.0,113253,su2,1,11.505277171756266,10,100000,0.99714,0.00286,0.99714,0.0,18.787594805391844,5.666421489294573
1.0,113253,su2,1,11.505277171756266,11,100000,0.99797,0.00203,0.99797,0.0,20.656037065300065,5.947146144377606
1.0,113253,su2,1,11.505277171756266,12,100000,0.99868,0.00132,0.99868,0.0,22.523809215351204,6.213538255326455
1.0,113253,su2,2,13.237140279893586,1,100000,0.83406,0.16594,0.83406,0.0,1.9035693883265055,1.7690427345741524
1.0,113253,su2,2,13.237140279893586,2,100000,0.91598,0.08402,0.91598,0.0,3.7870222316399142,2.5116091770161386
1.0,113253,su2,2,13.237140279893586,3,100000,0.94978,0.05022,0.94978,0.0,5.649397248222389,3.087312395081602
1.0,113253,su2,2,13.237140279893586,4,100000,0.96723,0.03277,0.96723,0.0,7.525460041246391,3.5575184879248356
1.0,113253,su2,2,13.237140279893586,5,100000,0.97756,0.02244,0.97756,0.0,9.396814515305659,3.9824635843185883
1.0,113253,su2,2,13.237140279893586,6,100000,0.98524,0.01476,0.98524,0.0,11.268133144041125,4.366490305583679
1.0,113253,su2,2,13.237140279893586,7,100000,0.98988,0.01012,0.98988,0.0,13.12819976851797,4.726510098464061
1.0,113253,su2,2,13.237140279893586,8,100000,0.99318,0.00682,0.99318,0.0,14.991465513691537,5.059076345203499
1.0,113253,su2,2,13.237140279893586,9,100000,0.99546,0.00454,0.99546,0.0,16.859581144994525,5.372614177217847
1.0,113253,su2,2,13.237140279893586,10,100000,0.99679,0.00321,0.99679,0.0,18.715456464685403,5.670624101733186
1.0,113253,su2,2,13.237140279893586,11,100000,0.99787,0.00213,0.99787,0.0,20.567529152615812,5.950904960251469
1.0,113253,su2,2,13.237140279893586,12,100000,0.99868,0.00132,0.99868,0.0,22.429432393662644,6.212646219504971
1.0,113253,su2,3,15.229696788159503,1,100000,0.83086,0.16914,0.83086,0.0,1.8824795747333471,1.7948968188822823
1.0,113253,su2,3,15.229696788159503,2,100000,0.91166,0.08834,0.91166,0.0,3.7473754486312436,2.5442500751152064
1.0,113253,su2,3,15.229696788159503,3,100000,0.94721,0.05279,0.94721,0.0,5.618144050373339,3.1215640662001487
1.0,113253,su2,3,15.229696788159503,4,100000,0.96402,0.03598,0.96402,0.0,7.475364294270338,3.6079175460550217
1.0,113253,su2,3,15.229696788159503,5,100000,0.97656,0.02344,0.97656,0.0,9.336249120477811,4.029131404794829
1.0,113253,su2,3,15.229696788159503,6,100000,0.98414,0.01586,0.98414,0.0,11.196974409677864,4.421373990162349
1.0,113253,su2,3,15.229696788159503,7,100000,0.98914,0.01086,0.98914,0.0,13.052158936205576,4.7690876793541035
1.0,113253,su2,3,15.229696788159503,8,100000,0.99214,0.00786,0.99214,0.0,14.911815044397377,5.095014401689397
1.0,113253,su2,3,15.229696788159503,9,100000,0.99491,0.00509,0.99491,0.0,16.77085425239774,5.39538948722612
1.0,113253,su2,3,15.229696788159503,10,100000,0.99654,0.00346,0.99654,0.0,18.63557735303421,5.683670286045472
1.0,113253,su2,3,15.229696788159503,11,100000,0.99781,0.00219,0.99781,0.0,20.504554228801215,5.961847861248633
1.0,113253,su2,3,15.229696788159503,12,100000,0.99837,0.00163,0.99837,0.0,22.358502278939355,6.230026773595143
1.0,113253,su2,4,17.522188278958126,1,100000,0.82912,0.17088,0.82912,0.0,1.875578830860133,1.8029124513294108
1.0,113253,su2,4,17.522188278958126,2,100000,0.91165,0.08835,0.91165,0.0,3.7388051232987736,2.5647221078252187
1.0,113253,su2,4,17.522188278958126,3,100000,0.94545,0.05455,0.94545,0.0,5.593360141724051,3.141173136565536
1.0,113253,su2,4,17.522188278958126,4,100000,0.96393,0.03607,0.96393,0.0,7.453943888181284,3.62056267047901
1.0,113253,su2,4,17.522188278958126,5,100000,0.97596,0.02404,0.97596,0.0,9.30350388207535,4.049820461459111
1.0,113253,su2,4,17.522188278958126,6,100000,0.98333,0.01667,0.98333,0.0,11.160099398725114,4.4309541106378125
1.0,113253,su2,4,17.522188278958126,7,100000,0.98867,0.01133,0.98867,0.0,13.01869486930171,4.783172335146936
1.0,113253,su2,4,17.522188278958126,8,100000,0.99234,0.00766,0.99234,0.0,14.871254469891838,5.116563774977933
1.0,113253,su2,4,17.522188278958126,9,100000,0.99465,0.00535,0.99465,0.0,16.721625633123786,5.436585311775164
1.0,113253,su2,4,17.522188278958126,10,100000,0.99612,0.00388,0.99612,0.0,18.570158748697363,5.733051356800173
1.0,113253,su2,4,17.522188278958126,11,100000,0.99725,0.00275,0.99725,0.0,20.415428127007644,6.010936171895902
1.0,113253,su2,4,17.522188278958126,12,100000,0.99828,0.00172,0.99828,0.0,22.262368244971178,6.282956220961074
1.0,113253,su2,5,20.159763280511214,1,100000,0.82735,0.17265,0.82735,0.0,1.863891679617932,1.8168313685881008
1.0,113253,su2,5,20.159763280511214,2,100000,0.90885,0.09115,0.90885,0.0,3.721158141315463,2.5538952735664964
1.0,113253,su2,5,20.159763280511214,3,100000,0.94557,0.05443,0.94557,0.0,5.581586342364734,3.1248468315557805
1.0,113253,su2,5,20.159763280511214,4,100000,0.96403,0.03597,0.96403,0.0,7.418490180410119,3.6180348905650117
1.0,113253,su2,5,20.159763280511214,5,100000,0.97548,0.02452,0.97548,0.0,9.262557182157005,4.036112523848849
1.0,113253,su2,5,20.159763280511214,6,100000,0.98365,0.01635,0.98365,0.0,11.109619127140645,4.431133558706003
1.0,113253,su2,5,20.159763280511214,7,100000,0.98862,0.01138,0.98862,0.0,12.961777498769372,4.796113831162489
1.0,113253,su2,5,20.159763280511214,8,100000,0.99256,0.00744,0.99256,0.0,14.797007876817323,5.137156869100002
1.0,113253,su2,5,20.159763280511214,9,100000,0.99508,0.00492,0.99508,0.0,16.646638450196548,5.434037167614524
1.0,113253,su2,5,20.159763280511214,10,100000,0.99636,0.00364,0.99636,0.0,18.492449859244225,5.737480653509898
1.0,113253,su2,5,20.159763280511214,11,100000,0.99751,0.00249,0.99751,0.0,20.325682105229273,6.020420530395288
1.0,113253,su2,5,20.159763280511214,12,100000,0.9983,0.0017,0.9983,0.0,22.17030261705936,6.298149818896781
1.0,113253,su2,6,23.19436642592759,1,100000,0.8291,0.1709,0.8291,0.0,1.8775516278584095,1.789972620946572
1.0,113253,su2,6,23.19436642592759,2,100000,0.91275,0.08725,0.91275,0.0,3.729794064840151,2.535447672513058
1.0,113253,su2,6,23.19436642592759,3,100000,0.94559,0.05441,0.94559,0.0,5.578561505171292,3.118548206797116
1.0,113253,su2,6,23.19436642592759,4,100000,0.96342,0.03658,0.96342,0.0,7.434480129695033,3.6103950024190867
1.0,113253,su2,6,23.19436642592759,5,100000,0.97567,0.02433,0.97567,0.0,9.290726045971846,4.048525925390349
1.0,113253,su2,6,23.19436642592759,6,100000,0.98334,0.01666,0.98334,0.0,11.1372676879785,4.437576822683593
1.0,113253,su2,6,23.19436642592759,7,100000,0.98902,0.01098,0.98902,0.0,12.982226488456616,4.7912489963217
1.0,113253,su2,6,23.19436642592759,8,100000,0.99244,0.00756,0.99244,0.0,14.827641989604682,5.1306654623461085
1.0,113253,su2,6,23.19436642592759,9,100000,0.99485,0.00515,0.99485,0.0,16.671628992052103,5.444147682914659
1.0,113253,su2,6,23.19436642592759,10,100000,0.99613,0.00387,0.99613,0.0,18.51852714666024,5.744738316738922
1.0,113253,su2,6,23.19436642592759,11,100000,0.99751,0.00249,0.99751,0.0,20.366341672363415,6.0203275354832995
1.0,113253,su2,6,23.19436642592759,12,100000,0.99818,0.00182,0.99818,0.0,22.210910302719817,6.29201433090729
1.0,113253,su2,7,26.685761455357454,1,100000,0.82787,0.17213,0.82787,0.0,1.8617350257143908,1.8191963115635363
1.0,113253,su2,7,26.685761455357454,2,100000,0.9094,0.0906,0.9094,0.0,3.7097886814459065,2.56818363624423
1.0,113253,su2,7,26.685761455357454,3,100000,0.94449,0.05551,0.94449,0.0,5.553892228282171,3.1486384544437245
1.0,113253,su2,7,26.685761455357454,4,100000,0.96171,0.03829,0.96171,0.0,7.396848415951177,3.6429831674219493
1.0,113253,su2,7,26.685761455357454,5,100000,0.97391,0.02609,0.97391,0.0,9.236112764316648,4.069169049439677
1.0,113253,su2,7,26.685761455357454,6,100000,0.98263,0.01737,0.98263,0.0,11.083514911749134,4.456310319997168
1.0,113253,su2,7,26.685761455357454,7,100000,0.98812,0.01188,0.98812,0.0,12.919736568508203,4.821456354624417
1.0,113253,su2,7,26.685761455357454,8,100000,0.99214,0.00786,0.99214,0.0,14.7620877117264,5.159026530562742
1.0,113253,su2,7,26.685761455357454,9,100000,0.9945,0.0055,0.9945,0.0,16.604573376973818,5.464070834796663
1.0,113253,su2,7,26.685761455357454,10,100000,0.99637,0.00363,0.99637,0.0,18.425567951739968,5.765629829255877
1.0,113253,su2,7,26.685761455357454,11,100000,0.99725,0.00275,0.99725,0.0,20.26813564430129,6.049296156857841
1.0,113253,su2,7,26.685761455357454,12,100000,0.99825,0.00175,0.99825,0.0,22.101185625223152,6.330400969095582
1.0,113253,su2,8,30.702708208325753,1,100000,0.82529,0.17471,0.82529,0.0,1.8570250711444956,1.820491215165784
1.0,113253,su2,8,30.702708208325753,2,100000,0.90836,0.09164,0.90836,0.0,3.6961779657174105,2.5895421755697217
1.0,113253,su2,8,30.702708208325753,3,100000,0.94334,0.05666,0.94334,0.0,5.536110572182037,3.171242906625304
1.0,113253,su2,8,30.702708208325753,4,100000,0.96037,0.03963,0.96037,0.0,7.372496851736597,3.663356393390372
1.0,113253,su2,8,30.702708208325753,5,100000,0.97389,0.02611,0.97389,0.0,9.207785734673953,4.10022999362346
1.0,113253,su2,8,30.702708208325753,6,100000,0.98173,0.01827,0.98173,0.0,11.040047095204896,4.490731670075991
1.0,113253,su2,8,30.702708208325753,7,100000,0.98767,0.01233,0.98767,0.0,12.864767125156435,4.847098771892837
1.0,113253,su2,8,30.702708208325753,8,100000,0.99126,0.00874,0.99126,0.0,14.704520076153575,5.178356969428683
1.0,113253,su2,8,30.702708208325753,9,100000,0.99406,0.00594,0.99406,0.0,16.53410058537858,5.486553092522905
1.0,113253,su2,8,30.702708208325753,10,100000,0.99602,0.00398,0.99602,0.0,18.35797515542525,5.780687149403439
1.0,113253,su2,8,30.702708208325753,11,100000,0.99729,0.00271,0.99729,0.0,20.20040241622251,6.05895812007864
1.0,113253,su2,8,30.702708208325753,12,100000,0.99808,0.00192,0.99808,0.0,22.021911762857144,6.346339626963251
1.0,113253,su2,9,35.32431678603439,1,100000,0.82757,0.17243,0.82757,0.0,1.8667135800866532,1.822089122136748
1.0,113253,su2,9,35.32431678603439,2,100000,0.90958,0.09042,0.90958,0.0,3.7087738920455373,2.5704866586659563
1.0,113253,su2,9,35.32431678603439,3,100000,0.94401,0.05599,0.94401,0.0,5.554883769065643,3.1456356581425626
1.0,113253,su2,9,35.32431678603439,4,100000,0.96257,0.03743,0.96257,0.0,7.390800726695,3.636856141053227
1.0,113253,su2,9,35.32431678603439,5,100000,0.97498,0.02502,0.97498,0.0,9.234054700181032,4.059728803308465
1.0,113253,su2,9,35.32431678603439,6,100000,0.98283,0.01717,0.98283,0.0,11.069225159355486,4.452176660885409
1.0,113253,su2,9,35.32431678603439,7,100000,0.98796,0.01204,0.98796,0.0,12.896216179284053,4.814510845933982
1.0,113253,su2,9,35.32431678603439,8,100000,0.99159,0.00841,0.99159,0.0,14.733589422553543,5.151646333557195
1.0,113253,su2,9,35.32431678603439,9,100000,0.99443,0.00557,0.99443,0.0,16.57453863253257,5.457911294788941
1.0,113253,su2,9,35.32431678603439,10,100000,0.99592,0.00408,0.99592,0.0,18.409116907371708,5.753836392082827
1.0,113253,su2,9,35.32431678603439,11,100000,0.99724,0.00276,0.99724,0.0,20.234023883944374,6.028585377808114
1.0,113253,su2,9,35.32431678603439,12,100000,0.9981,0.0019,0.9981,0.0,22.062989116163862,6.294909513508749
1.0,113253,su2,10,40.64160555262483,1,100000,0.82494,0.17506,0.82494,0.0,1.845687528181847,1.8270539761064575
1.0,113253,su2,10,40.64160555262483,2,100000,0.90738,0.09262,0.90738,0.0,3.6848500099296646,2.5855491323664186
1.0,113253,su2,10,40.64160555262483,3,100000,0.94221,0.05779,0.94221,0.0,5.525428022713349,3.181235097884267
1.0,113253,su2,10,40.64160555262483,4,100000,0.96067,0.03933,0.96067,0.0,7.362081205570394,3.6694754642225433
1.0,113253,su2,10,40.64160555262483,5,100000,0.97309,0.02691,0.97309,0.0,9.195667765569388,4.103908323312083
1.0,113253,su2,10,40.64160555262483,6,100000,0.98139,0.01861,0.98139,0.0,11.026244643386242,4.489030914614038
1.0,113253,su2,10,40.64160555262483,7,100000,0.98732,0.01268,0.98732,0.0,12.861022715233542,4.847668144405082
1.0,113253,su2,10,40.64160555262483,8,100000,0.99118,0.00882,0.99118,0.0,14.690025500808687,5.184499448293095
1.0,113253,su2,10,40.64160555262483,9,100000,0.99376,0.00624,0.99376,0.0,16.526200720484386,5.50781392592897
1.0,113253,su2,10,40.64160555262483,10,100000,0.99589,0.00411,0.99589,0.0,18.359231949573374,5.803761463246083
1.0,113253,su2,10,40.64160555262483,11,100000,0.9971,0.0029,0.9971,0.0,20.20147352764614,6.080572938197519
1.0,113253,su2,10,40.64160555262483,12,100000,0.99794,0.00206,0.99794,0.0,22.032482239888868,6.3561157482244495
1.0,113253,su2,11,46.75929365881369,1,100000,0.82379,0.17621,0.82379,0.0,1.8473432113701833,1.82341243528363
1.0,113253,su2,11,46.75929365881369,2,100000,0.9079,0.0921,0.9079,0.0,3.692447624649969,2.583685746036333
1.0,113253,su2,11,46.75929365881369,3,100000,0.94207,0.05793,0.94207,0.0,5.5302889061368505,3.163891769239131
1.0,113253,su2,11,46.75929365881369,4,100000,0.96098,0.03902,0.96098,0.0,7.370223251412525,3.657321512106795
1.0,113253,su2,11,46.75929365881369,5,100000,0.97346,0.02654,0.97346,0.0,9.198809322101244,4.088160452894426
1.0,113253,su2,11,46.75929365881369,6,100000,0.98198,0.01802,0.98198,0.0,11.026404494165872,4.477291476423912
1.0,113253,su2,11,46.75929365881369,7,100000,0.98759,0.01241,0.98759,0.0,12.853985311653812,4.837435869293993
1.0,113253,su2,11,46.75929365881369,8,100000,0.99141,0.00859,0.99141,0.0,14.696280885998538,5.169450262824237
1.0,113253,su2,11,46.75929365881369,9,100000,0.99409,0.00591,0.99409,0.0,16.519698317925325,5.492228645382796
1.0,113253,su2,11,46.75929365881369,10,100000,0.99604,0.00396,0.99604,0.0,18.347450610965005,5.7849759942407495
1.0,113253,su2,11,46.75929365881369,11,100000,0.99708,0.00292,0.99708,0.0,20.18693288496118,6.062322759332771
1.0,113253,su2,11,46.75929365881369,12,100000,0.99788,0.00212,0.99788,0.0,22.001268832469634,6.33449553131128
1.0,113253,su2,12,53.79786339001967,1,100000,0.82334,0.17666,0.82334,0.0,1.843266374058193,1.8349344631809785
1.0,113253,su2,12,53.79786339001967,2,100000,0.90667,0.09333,0.90667,0.0,3.667958024534625,2.607293105033144
1.0,113253,su2,12,53.79786339001967,3,100000,0.94121,0.05879,0.94121,0.0,5.496105897776742,3.1845931408193375
1.0,113253,su2,12,53.79786339001967,4,100000,0.95976,0.04024,0.95976,0.0,7.330439470389129,3.661759776793528
1.0,113253,su2,12,53.79786339001967,5,100000,0.97304,0.02696,0.97304,0.0,9.160830882073162,4.088561066768129
1.0,113253,su2,12,53.79786339001967,6,100000,0.98177,0.01823,0.98177,0.0,10.987564674709759,4.484005446438087
1.0,113253,su2,12,53.79786339001967,7,100000,0.987,0.013,0.987,0.0,12.808189282594663,4.851573456641358
1.0,113253,su2,12,53.79786339001967,8,100000,0.99096,0.00904,0.99096,0.0,14.642716315688453,5.185048302746413
1.0,113253,su2,12,53.79786339001967,9,100000,0.99343,0.00657,0.99343,0.0,16.468953405603617,5.506347341815293
1.0,113253,su2,12,53.79786339001967,10,100000,0.99568,0.00432,0.99568,0.0,18.295438355805445,5.802428799550843
1.0,113253,su2,12,53.79786339001967,11,100000,0.99697,0.00303,0.99697,0.0,20.115525024039172,6.084402088975703
1.0,113253,su2,12,53.79786339001967,12,100000,0.99784,0.00216,0.99784,0.0,21.950809111325146,6.356293931727368
1.0,113253,su2,13,61.895932955045545,1,100000,0.82549,0.17451,0.82549,0.0,1.853744636107352,1.8301751805101258
1.0,113253,su2,13,61.895932955045545,2,100000,0.90761,0.09239,0.90761,0.0,3.690643246789862,2.58699829432663
1.0,113253,su2,13,61.895932955045545,3,100000,0.94213,0.05787,0.94213,0.0,5.517305598420333,3.175879352871939
1.0,113253,su2,13,61.895932955045545,4,100000,0.96069,0.03931,0.96069,0.0,7.346822915085824,3.6685099778766666
1.0,113253,su2,13,61.895932955045545,5,100000,0.97282,0.02718,0.97282,0.0,9.175226126184846,4.093873266365866
1.0,113253,su2,13,61.895932955045545,6,100000,0.98133,0.01867,0.98133,0.0,10.999500762314513,4.485911433544207
1.0,113253,su2,13,61.895932955045545,7,100000,0.98761,0.01239,0.98761,0.0,12.828472445631684,4.842097385412148
1.0,113253,su2,13,61.895932955045545,8,100000,0.99143,0.00857,0.99143,0.0,14.655008316332237,5.178823871783771
1.0,113253,su2,13,61.895932955045545,9,100000,0.99425,0.00575,0.99425,0.0,16.472851561410785,5.490666816696621
1.0,113253,su2,13,61.895932955045545,10,100000,0.99582,0.00418,0.99582,0.0,18.31286394058936,5.78010489806082
1.0,113253,su2,13,61.895932955045545,11,100000,0.99735,0.00265,0.99735,0.0,20.13700310637476,6.068596119014787
1.0,113253,su2,13,61.895932955045545,12,100000,0.99788,0.00212,0.99788,0.0,21.956755272411318,6.356651162194479
1.0,113253,su2,14,71.21298644522419,1,100000,0.82356,0.17644,0.82356,0.0,1.8458347578700227,1.8412965506646408
1.0,113253,su2,14,71.21298644522419,2,100000,0.9051,0.0949,0.9051,0.0,3.660948393647826,2.6151330116010882
1.0,113253,su2,14,71.21298644522419,3,100000,0.94098,0.05902,0.94098,0.0,5.493055939397755,3.199004172686083
1.0,113253,su2,14,71.21298644522419,4,100000,0.95851,0.04149,0.95851,0.0,7.3127329935253504,3.6885667705701004
1.0,113253,su2,14,71.21298644522419,5,100000,0.97151,0.02849,0.97151,0.0,9.124230476678793,4.120920639407032
1.0,113253,su2,14,71.21298644522419,6,100000,0.98035,0.01965,0.98035,0.0,10.95113112303672,4.515388854043319
1.0,113253,su2,14,71.21298644522419,7,100000,0.98641,0.01359,0.98641,0.0,12.772926762472032,4.881385286161598
1.0,113253,su2,14,71.21298644522419,8,100000,0.99085,0.00915,0.99085,0.0,14.593937725400364,5.211477080583694
1.0,113253,su2,14,71.21298644522419,9,100000,0.99372,0.00628,0.99372,0.0,16.413586874718387,5.529009285174615
1.0,113253,su2,14,71.21298644522419,10,100000,0.99564,0.00436,0.99564,0.0,18.24055941670605,5.823885266969861
1.0,113253,su2,14,71.21298644522419,11,100000,0.99691,0.00309,0.99691,0.0,20.069257639973777,6.112107189635375
1.0,113253,su2,14,71.21298644522419,12,100000,0.99771,0.00229,0.99771,0.0,21.882988845290953,6.376848155160164
1.0,113253,su2,15,81.93251472808262,1,100000,0.82362,0.17638,0.82362,0.0,1.844914118003835,1.8291684972090418
1.0,113253,su2,15,81.93251472808262,2,100000,0.90696,0.09304,0.90696,0.0,3.6720002403551137,2.590381151046972
1.0,113253,su2,15,81.93251472808262,3,100000,0.94167,0.05833,0.94167,0.0,5.498541874540312,3.1761288023414336
1.0,113253,su2,15,81.93251472808262,4,100000,0.95999,0.04001,0.95999,0.0,7.319157652965638,3.6681045703281403
1.0,113253,su2,15,81.93251472808262,5,100000,0.97289,0.02711,0.97289,0.0,9.13885885002693,4.107540048889817
1.0,113253,su2,15,81.93251472808262,6,100000,0.98164,0.01836,0.98164,0.0,10.959521198149805,4.500875923257349
1.0,113253,su2,15,81.93251472808262,7,100000,0.98708,0.01292,0.98708,0.0,12.780959786510307,4.852026405311472
1.0,113253,su2,15,81.93251472808262,8,100000,0.99126,0.00874,0.99126,0.0,14.597342615602063,5.184703199678498
1.0,113253,su2,15,81.93251472808262,9,100000,0.99391,0.00609,0.99391,0.0,16.415625831729038,5.504617196155973
1.0,113253,su2,15,81.93251472808262,10,100000,0.99551,0.00449,0.99551,0.0,18.242907938266715,5.798835850828088
1.0,113253,su2,15,81.93251472808262,11,100000,0.99691,0.00309,0.99691,0.0,20.058331168370092,6.079999445019672
1.0,113253,su2,15,81.93251472808262,12,100000,0.99793,0.00207,0.99793,0.0,21.884175781333177,6.350474977711433
1.0,113253,su2,16,94.26562913255931,1,100000,0.82588,0.17412,0.82588,0.0,1.854317573193799,1.8196479452279504
1.0,113253,su2,16,94.26562913255931,2,100000,0.90791,0.09209,0.90791,0.0,3.684981363690878,2.5624046029267387
1.0,113253,su2,16,94.26562913255931,3,100000,0.94297,0.05703,0.94297,0.0,5.521614555170898,3.1510242794164482
1.0,113253,su2,16,94.26562913255931,4,100000,0.96162,0.03838,0.96162,0.0,7.347025796467485,3.6369954993171736
1.0,113253,su2,16,94.26562913255931,5,100000,0.97346,0.02654,0.97346,0.0,9.17304728577982,4.071819364391902
1.0,113253,su2,16,94.26562913255931,6,100000,0.98262,0.01738,0.98262,0.0,10.999771139793955,4.458178917932529
1.0,113253,su2,16,94.26562913255931,7,100000,0.98801,0.01199,0.98801,0.0,12.825561402068564,4.8237509107337955
1.0,113253,su2,16,94.26562913255931,8,100000,0.99188,0.00812,0.99188,0.0,14.64534306389064,5.160126139936235
1.0,113253,su2,16,94.26562913255931,9,100000,0.9943,0.0057,0.9943,0.0,16.464059014592085,5.482370322685782
1.0,113253,su2,16,94.26562913255931,10,100000,0.99579,0.00421,0.99579,0.0,18.28239553447699,5.778246467414744
1.0,113253,su2,16,94.26562913255931,11,100000,0.99736,0.00264,0.99736,0.0,20.11376192924514,6.058456221176635
1.0,113253,su2,16,94.26562913255931,12,100000,0.99813,0.00187,0.99813,0.0,21.93798633674792,6.335242675383374
1.0,113253,su2,17,108.4552190940077,1,100000,0.82302,0.17698,0.82302,0.0,1.8371873462692032,1.8402794098488946
1.0,113253,su2,17,108.4552190940077,2,100000,0.9052,0.0948,0.9052,0.0,3.661537235710257,2.598998134035001
1.0,113253,su2,17,108.4552190940077,3,100000,0.94188,0.05812,0.94188,0.0,5.489654521633239,3.178515530959354
1.0,113253,su2,17,108.4552190940077,4,100000,0.96046,0.03954,0.96046,0.0,7.3157037150530355,3.662842150737474
1.0,113253,su2,17,108.4552190940077,5,100000,0.97306,0.02694,0.97306,0.0,9.145697927643303,4.09301378767548
1.0,113253,su2,17,108.4552190940077,6,100000,0.98115,0.01885,0.98115,0.0,10.96762690556364,4.494028787043566
1.0,113253,su2,17,108.4552190940077,7,100000,0.98686,0.01314,0.98686,0.0,12.780364484370521,4.86358878672334
1.0,113253,su2,17,108.4552190940077,8,100000,0.99096,0.00904,0.99096,0.0,14.604033770417564,5.191585832919709
1.0,113253,su2,17,108.4552190940077,9,100000,0.99365,0.00635,0.99365,0.0,16.42328339304051,5.507385252068846
1.0,113253,su2,17,108.4552190940077,10,100000,0.99559,0.00441,0.99559,0.0,18.24193081982339,5.81262978450551
1.0,113253,su2,17,108.4552190940077,11,100000,0.99683,0.00317,0.99683,0.0,20.052143839798525,6.11320007759152
1.0,113253,su2,17,108.4552190940077,12,100000,0.99802,0.00198,0.99802,0.0,21.872171864381944,6.389540094080445
1.0,113253,su2,18,124.78073564001106,1,100000,0.8239,0.1761,0.8239,0.0,1.8412189464769309,1.8333792218042047
1.0,113253,su2,18,124.78073564001106,2,100000,0.90796,0.09204,0.90796,0.0,3.6818828056776214,2.5767482309616403
1.0,113253,su2,18,124.78073564001106,3,100000,0.94302,0.05698,0.94302,0.0,5.507742727042694,3.156856201778447
1.0,113253,su2,18,124.78073564001106,4,100000,0.96097,0.03903,0.96097,0.0,7.3389361816301175,3.6522710864916244
1.0,113253,su2,18,124.78073564001106,5,100000,0.97345,0.02655,0.97345,0.0,9.163914019375412,4.079716913052104
1.0,113253,su2,18,124.78073564001106,6,100000,0.9824,0.0176,0.9824,0.0,10.995338026594586,4.4684248784884595
1.0,113253,su2,18,124.78073564001106,7,100000,0.98713,0.01287,0.98713,0.0,12.817615827744033,4.835935873218711
1.0,113253,su2,18,124.78073564001106,8,100000,0.99127,0.00873,0.99127,0.0,14.635898315406518,5.171150402942135
1.0,113253,su2,18,124.78073564001106,9,100000,0.99394,0.00606,0.99394,0.0,16.46277651846739,5.490178093695411
1.0,113253,su2,18,124.78073564001106,10,100000,0.99588,0.00412,0.99588,0.0,18.2821169339453,5.793662095507258
1.0,113253,su2,18,124.78073564001106,11,100000,0.99719,0.00281,0.99719,0.0,20.09631729197039,6.076688092137664
1.0,113253,su2,18,124.78073564001106,12,100000,0.99809,0.00191,0.99809,0.0,21.915082465297143,6.344065591069824
1.0,113253,su2,19,143.5636949233974,1,100000,0.82387,0.17613,0.82387,0.0,1.8417322280107813,1.814529345476859
1.0,113253,su2,19,143.5636949233974,2,100000,0.90714,0.09286,0.90714,0.0,3.67117966027686,2.5748162268379597
1.0,113253,su2,19,143.5636949233974,3,100000,0.94192,0.05808,0.94192,0.0,5.4868875053913335,3.158088786917546
1.0,113253,su2,19,143.5636949233974,4,100000,0.96028,0.03972,0.96028,0.0,7.309245602076536,3.656260634746061
1.0,113253,su2,19,143.5636949233974,5,100000,0.97304,0.02696,0.97304,0.0,9.125635582758276,4.087359417133483
1.0,113253,su2,19,143.5636949233974,6,100000,0.98201,0.01799,0.98201,0.0,10.94002671437373,4.484173368306537
1.0,113253,su2,19,143.5636949233974,7,100000,0.98752,0.01248,0.98752,0.0,12.753273036543085,4.830748964243105
1.0,113253,su2,19,143.5636949233974,8,100000,0.99134,0.00866,0.99134,0.0,14.565261872719589,5.167403804780181
1.0,113253,su2,19,143.5636949233974,9,100000,0.99406,0.00594,0.99406,0.0,16.378706820949002,5.49040826830972
1.0,113253,su2,19,143.5636949233974,10,100000,0.99574,0.00426,0.99574,0.0,18.184278950558618,5.791758613925599
1.0,113253,su2,19,143.5636949233974,11,100000,0.99688,0.00312,0.99688,0.0,19.991865321170817,6.089074925412439
1.0,113253,su2,19,143.5636949233974,12,100000,0.99787,0.00213,0.99787,0.0,21.806571645691214,6.36138774624726
