mass_GeV,seed,truth_model,truth_lifetime_index,truth_ctau_m,number_of_events,number_of_pseudoexperiments,correct_fraction,selected_photon_fraction,selected_su2_fraction,tie_fraction,mean_profile_statistic_T,std_profile_statistic_T
0.4,73241,photon,0,4.0,1,100000,0.87275,0.87275,0.12725,0.0,-8.103655599025545,5.3627873130024675
0.4,73241,photon,0,4.0,2,100000,0.96213,0.96213,0.03787,0.0,-16.13048882822462,7.612381727731878
0.4,73241,photon,0,4.0,3,100000,0.9876,0.9876,0.0124,0.0,-24.094567450548116,9.367986234753849
0.4,73241,photon,0,4.0,4,100000,0.99479,0.99479,0.00521,0.0,-32.02344363355958,10.821769428336658
0.4,73241,photon,0,4.0,5,100000,0.99811,0.99811,0.00189,0.0,-39.98786776302955,12.053714616158265
0.4,73241,photon,0,4.0,6,100000,0.99924,0.99924,0.00076,0.0,-47.9633138922744,13.22252881475185
0.4,73241,photon,0,4.0,7,100000,0.99967,0.99967,0.00033,0.0,-55.937560752142836,14.278179038677754
0.4,73241,photon,0,4.0,8,100000,0.99987,0.99987,0.00013,0.0,-63.877259795877144,15.291130805779991
0.4,73241,photon,0,4.0,9,100000,0.99991,0.99991,9e-05,0.0,-71.82653273744369,16.192853992832166
0.4,73241,photon,0,4.0,10,100000,0.99997,0.99997,3e-05,0.0,-79.81919679286779,17.069991376917887
0.4,73241,photon,0,4.0,11,100000,0.99999,0.99999,1e-05,0.0,-87.77271686629653,17.89971655116696
0.4,73241,photon,0,4.0,12,100000,1.0,1.0,0.0,0.0,-95.7202851823193,18.692007421677243
0.4,73241,photon,1,4.827709658906259,1,100000,0.87895,0.87895,0.12105,0.0,-8.256105647924116,5.271766758632664
0.4,73241,photon,1,4.827709658906259,2,100000,0.96486,0.96486,0.03514,0.0,-16.452247980421543,7.485533268287333
0.4,73241,photon,1,4.827709658906259,3,100000,0.9894,0.9894,0.0106,0.0,-24.63956578114727,9.185216919438258
0.4,73241,photon,1,4.827709658906259,4,100000,0.99552,0.99552,0.00448,0.0,-32.76060690541579,10.621647158347491
0.4,73241,photon,1,4.827709658906259,5,100000,0.99845,0.99845,0.00155,0.0,-40.90203178521607,11.880937077337265
0.4,73241,photon,1,4.827709658906259,6,100000,0.99938,0.99938,0.00062,0.0,-49.02490608857739,13.020821498971705
0.4,73241,photon,1,4.827709658906259,7,100000,0.9998,0.9998,0.0002,0.0,-57.131382252105844,14.066251180801899
0.4,73241,photon,1,4.827709658906259,8,100000,0.9999,0.9999,0.0001,0.0,-65.23827774247546,15.01619109498697
0.4,73241,photon,1,4.827709658906259,9,100000,0.99994,0.99994,6e-05,0.0,-73.36983333289459,15.917696087472226
0.4,73241,photon,1,4.827709658906259,10,100000,0.99997,0.99997,3e-05,0.0,-81.48856673642314,16.780113994234338
0.4,73241,photon,1,4.827709658906259,11,100000,1.0,1.0,0.0,0.0,-89.58800086786127,17.607161129309002
0.4,73241,photon,1,4.827709658906259,12,100000,0.99998,0.99998,2e-05,0.0,-97.7093588110682,18.37360072747522
0.4,73241,photon,2,5.8266951376741964,1,100000,0.88817,0.88817,0.11183,0.0,-8.431363289391944,5.143998215943192
0.4,73241,photon,2,5.8266951376741964,2,100000,0.96848,0.96848,0.03152,0.0,-16.767856657264748,7.339514627507901
0.4,73241,photon,2,5.8266951376741964,3,100000,0.99061,0.99061,0.00939,0.0,-25.061339262416553,9.025811724131374
0.4,73241,photon,2,5.8266951376741964,4,100000,0.99661,0.99661,0.00339,0.0,-33.3760962961917,10.4263537691325
0.4,73241,photon,2,5.8266951376741964,5,100000,0.99891,0.99891,0.00109,0.0,-41.68951635785006,11.64933087072563
0.4,73241,photon,2,5.8266951376741964,6,100000,0.99957,0.99957,0.00043,0.0,-49.982508335165186,12.790960276692465
0.4,73241,photon,2,5.8266951376741964,7,100000,0.99979,0.99979,0.00021,0.0,-58.2416529822408,13.813217784256215
0.4,73241,photon,2,5.8266951376741964,8,100000,0.99993,0.99993,7e-05,0.0,-66.5226409751268,14.766289855795183
0.4,73241,photon,2,5.8266951376741964,9,100000,0.99998,0.99998,2e-05,0.0,-74.79703533163666,15.632434617152398
0.4,73241,photon,2,5.8266951376741964,10,100000,0.99999,0.99999,1e-05,0.0,-83.06786926146721,16.480114925268758
0.4,73241,photon,2,5.8266951376741964,11,100000,1.0,1.0,0.0,0.0,-91.33506010347243,17.283224934356873
0.4,73241,photon,2,5.8266951376741964,12,100000,1.0,1.0,0.0,0.0,-99.61326840895052,18.04098796515265
0.4,73241,photon,3,7.032398098912962,1,100000,0.89192,0.89192,0.10808,0.0,-8.538393518400005,5.066693522236858
0.4,73241,photon,3,7.032398098912962,2,100000,0.97154,0.97154,0.02846,0.0,-17.016340779341714,7.219631020640251
0.4,73241,photon,3,7.032398098912962,3,100000,0.99171,0.99171,0.00829,0.0,-25.444545906770383,8.880415492444012
0.4,73241,photon,3,7.032398098912962,4,100000,0.99742,0.99742,0.00258,0.0,-33.832454461411785,10.255648941807149
0.4,73241,photon,3,7.032398098912962,5,100000,0.99911,0.99911,0.00089,0.0,-42.29047707065655,11.450281742912225
0.4,73241,photon,3,7.032398098912962,6,100000,0.99968,0.99968,0.00032,0.0,-50.71386053172675,12.579285732220386
0.4,73241,photon,3,7.032398098912962,7,100000,0.9999,0.9999,0.0001,0.0,-59.131055734022574,13.581155802338797
0.4,73241,photon,3,7.032398098912962,8,100000,0.99997,0.99997,3e-05,0.0,-67.52411282114745,14.547065498891609
0.4,73241,photon,3,7.032398098912962,9,100000,0.99998,0.99998,2e-05,0.0,-75.89898894606361,15.464293725986687
0.4,73241,photon,3,7.032398098912962,10,100000,0.99998,0.99998,2e-05,0.0,-84.27271186400864,16.291568351564834
0.4,73241,photon,3,7.032398098912962,11,100000,0.99998,0.99998,2e-05,0.0,-92.69160528294532,17.078822995511064
0.4,73241,photon,3,7.032398098912962,12,100000,1.0,1.0,0.0,0.0,-101.08945810052775,17.833416990119304
0.4,73241,photon,4,8.48759405684903,1,100000,0.89783,0.89783,0.10217,0.0,-8.655345876106233,4.9710967613545005
0.4,73241,photon,4,8.48759405684903,2,100000,0.97348,0.97348,0.02652,0.0,-17.20553251470572,7.125251541981048
0.4,73241,photon,4,8.48759405684903,3,100000,0.99284,0.99284,0.00716,0.0,-25.74357473716537,8.752817603145216
0.4,73241,photon,4,8.48759405684903,4,100000,0.99737,0.99737,0.00263,0.0,-34.229315002762604,10.137884294054324
0.4,73241,photon,4,8.48759405684903,5,100000,0.99918,0.99918,0.00082,0.0,-42.73420100341482,11.338604297182416
0.4,73241,photon,4,8.48759405684903,6,100000,0.99967,0.99967,0.00033,0.0,-51.26693136129266,12.463121708781392
0.4,73241,photon,4,8.48759405684903,7,100000,0.99986,0.99986,0.00014,0.0,-59.776606966244586,13.452237850213907
0.4,73241,photon,4,8.48759405684903,8,100000,0.99996,0.99996,4e-05,0.0,-68.29858968149085,14.386647616999836
0.4,73241,photon,4,8.48759405684903,9,100000,1.0,1.0,0.0,0.0,-76.79348180016295,15.264239170046476
0.4,73241,photon,4,8.48759405684903,10,100000,1.0,1.0,0.0,0.0,-85.32535020681816,16.088570529930003
0.4,73241,photon,4,8.48759405684903,11,100000,1.0,1.0,0.0,0.0,-93.8160168509946,16.882633557044123
0.4,73241,photon,4,8.48759405684903,12,100000,1.0,1.0,0.0,0.0,-102.31529170127621,17.633149699018514
0.4,73241,photon,5,10.243909952281355,1,100000,0.89934,0.89934,0.10066,0.0,-8.71203235325548,4.942788147197521
0.4,73241,photon,5,10.243909952281355,2,100000,0.97465,0.97465,0.02535,0.0,-17.352949090075832,7.054222415505047
0.4,73241,photon,5,10.243909952281355,3,100000,0.99296,0.99296,0.00704,0.0,-25.93872724251277,8.687975349112245
0.4,73241,photon,5,10.243909952281355,4,100000,0.99756,0.99756,0.00244,0.0,-34.518240353104005,10.057597941751865
0.4,73241,photon,5,10.243909952281355,5,100000,0.99931,0.99931,0.00069,0.0,-43.13892472659383,11.216852637675801
0.4,73241,photon,5,10.243909952281355,6,100000,0.9998,0.9998,0.0002,0.0,-51.7375596531625,12.274698835833977
0.4,73241,photon,5,10.243909952281355,7,100000,0.99994,0.99994,6e-05,0.0,-60.30697038197615,13.263312427313501
0.4,73241,photon,5,10.243909952281355,8,100000,0.99998,0.99998,2e-05,0.0,-68.90740647181836,14.175857120389091
0.4,73241,photon,5,10.243909952281355,9,100000,0.99999,0.99999,1e-05,0.0,-77.48949303661726,15.05726342477832
0.4,73241,photon,5,10.243909952281355,10,100000,1.0,1.0,0.0,0.0,-86.07985124446525,15.89320792893918
0.4,73241,photon,5,10.243909952281355,11,100000,1.0,1.0,0.0,0.0,-94.69219475746515,16.686307415125494
0.4,73241,photon,5,10.243909952281355,12,100000,1.0,1.0,0.0,0.0,-103.26531635315636,17.42972739522569
0.4,73241,photon,6,12.363655755398659,1,100000,0.90362,0.90362,0.09638,0.0,-8.790038722423086,4.873315896359882
0.4,73241,photon,6,12.363655755398659,2,100000,0.97626,0.97626,0.02374,0.0,-17.5076034896148,6.960949917788488
0.4,73241,photon,6,12.363655755398659,3,100000,0.99398,0.99398,0.00602,0.0,-26.218499604343627,8.550105294237612
0.4,73241,photon,6,12.363655755398659,4,100000,0.99791,0.99791,0.00209,0.0,-34.91154178889684,9.853438279540809
0.4,73241,photon,6,12.363655755398659,5,100000,0.99944,0.99944,0.00056,0.0,-43.56160230948862,11.028006130532601
0.4,73241,photon,6,12.363655755398659,6,100000,0.99978,0.99978,0.00022,0.0,-52.24125820812153,12.098045334949065
0.4,73241,photon,6,12.363655755398659,7,100000,0.99995,0.99995,5e-05,0.0,-60.90418271219712,13.077659211394405
0.4,73241,photon,6,12.363655755398659,8,100000,0.99999,0.99999,1e-05,0.0,-69.54992535188164,13.977896855836553
0.4,73241,photon,6,12.363655755398659,9,100000,1.0,1.0,0.0,0.0,-78.20491833731239,14.836654545822357
0.4,73241,photon,6,12.363655755398659,10,100000,1.0,1.0,0.0,0.0,-86.8776977089637,15.652621135375028
0.4,73241,photon,6,12.363655755398659,11,100000,1.0,1.0,0.0,0.0,-95.55014041694714,16.40944437953324
0.4,73241,photon,6,12.363655755398659,12,100000,1.0,1.0,0.0,0.0,-104.2328316325373,17.140759001096296
0.4,73241,photon,7,14.922035077432518,1,100000,0.90576,0.90576,0.09424,0.0,-8.853058235993414,4.831040413912009
0.4,73241,photon,7,14.922035077432518,2,100000,0.97762,0.97762,0.02238,0.0,-17.6407545496518,6.899141234011351
0.4,73241,photon,7,14.922035077432518,3,100000,0.99426,0.99426,0.00574,0.0,-26.36186712618887,8.498306671740348
0.4,73241,photon,7,14.922035077432518,4,100000,0.99827,0.99827,0.00173,0.0,-35.09271981263698,9.803573949624058
0.4,73241,photon,7,14.922035077432518,5,100000,0.99943,0.99943,0.00057,0.0,-43.82679536208108,10.954542915748032
0.4,73241,photon,7,14.922035077432518,6,100000,0.99983,0.99983,0.00017,0.0,-52.576964480808435,12.01891830726316
0.4,73241,photon,7,14.922035077432518,7,100000,0.99996,0.99996,4e-05,0.0,-61.28668593770475,13.005954822314937
0.4,73241,photon,7,14.922035077432518,8,100000,0.99996,0.99996,4e-05,0.0,-70.00336776479192,13.91636603578822
0.4,73241,photon,7,14.922035077432518,9,100000,0.99999,0.99999,1e-05,0.0,-78.71377530653417,14.761822717460008
0.4,73241,photon,7,14.922035077432518,10,100000,1.0,1.0,0.0,0.0,-87.4447455284246,15.565629122917851
0.4,73241,photon,7,14.922035077432518,11,100000,1.0,1.0,0.0,0.0,-96.15774136719224,16.335064897695297
0.4,73241,photon,7,14.922035077432518,12,100000,1.0,1.0,0.0,0.0,-104.90339905900544,17.060357380459877
0.4,73241,photon,8,18.009813218464746,1,100000,0.91007,0.91007,0.08993,0.0,-8.930052379097281,4.758692374036619
0.4,73241,photon,8,18.009813218464746,2,100000,0.9796,0.9796,0.0204,0.0,-17.784656914155903,6.778474440542773
0.4,73241,photon,8,18.009813218464746,3,100000,0.9951,0.9951,0.0049,0.0,-26.59875993515058,8.36065558968145
0.4,73241,photon,8,18.009813218464746,4,100000,0.99817,0.99817,0.00183,0.0,-35.36351027676547,9.704350425914457
0.4,73241,photon,8,18.009813218464746,5,100000,0.99948,0.99948,0.00052,0.0,-44.14086271048814,10.890663207424774
0.4,73241,photon,8,18.009813218464746,6,100000,0.99982,0.99982,0.00018,0.0,-52.939862476748445,11.960765214728912
0.4,73241,photon,8,18.009813218464746,7,100000,0.99996,0.99996,4e-05,0.0,-61.728615987250315,12.94072516487002
0.4,73241,photon,8,18.009813218464746,8,100000,0.99999,0.99999,1e-05,0.0,-70.48836037223066,13.842527725675499
0.4,73241,photon,8,18.009813218464746,9,100000,1.0,1.0,0.0,0.0,-79.28402875564313,14.690300011410528
0.4,73241,photon,8,18.009813218464746,10,100000,0.99999,0.99999,1e-05,0.0,-88.05520759611538,15.483278521716581
0.4,73241,photon,8,18.009813218464746,11,100000,1.0,1.0,0.0,0.0,-96.84435577406794,16.24078544703224
0.4,73241,photon,8,18.009813218464746,12,100000,1.0,1.0,0.0,0.0,-105.61596601356436,16.994582190140484
0.4,73241,photon,9,21.736537307469963,1,100000,0.91054,0.91054,0.08946,0.0,-8.967894386658468,4.727485049054338
0.4,73241,photon,9,21.736537307469963,2,100000,0.97835,0.97835,0.02165,0.0,-17.866495745025627,6.793915804914101
0.4,73241,photon,9,21.736537307469963,3,100000,0.99504,0.99504,0.00496,0.0,-26.71409782767467,8.347477598672624
0.4,73241,photon,9,21.736537307469963,4,100000,0.99806,0.99806,0.00194,0.0,-35.52544585947174,9.680866768828862
0.4,73241,photon,9,21.736537307469963,5,100000,0.99942,0.99942,0.00058,0.0,-44.33797509557354,10.859265338816325
0.4,73241,photon,9,21.736537307469963,6,100000,0.99988,0.99988,0.00012,0.0,-53.16993517558001,11.89316282158711
0.4,73241,photon,9,21.736537307469963,7,100000,0.99997,0.99997,3e-05,0.0,-62.02023868229801,12.85283544239581
0.4,73241,photon,9,21.736537307469963,8,100000,1.0,1.0,0.0,0.0,-70.82992514926359,13.757717849364989
0.4,73241,photon,9,21.736537307469963,9,100000,1.0,1.0,0.0,0.0,-79.62605481300032,14.59844920311256
0.4,73241,photon,9,21.736537307469963,10,100000,1.0,1.0,0.0,0.0,-88.45008033467624,15.395405972556928
0.4,73241,photon,9,21.736537307469963,11,100000,1.0,1.0,0.0,0.0,-97.28562604659503,16.173334869043043
0.4,73241,photon,9,21.736537307469963,12,100000,1.0,1.0,0.0,0.0,-106.10330899923993,16.884920306742625
0.4,73241,photon,10,26.234422777612238,1,100000,0.91085,0.91085,0.08915,0.0,-8.976722068729714,4.723734641339396
0.4,73241,photon,10,26.234422777612238,2,100000,0.97974,0.97974,0.02026,0.0,-17.893977239185112,6.745278649301695
0.4,73241,photon,10,26.234422777612238,3,100000,0.99512,0.99512,0.00488,0.0,-26.7472507979276,8.326645798251088
0.4,73241,photon,10,26.234422777612238,4,100000,0.9984,0.9984,0.0016,0.0,-35.57769015353209,9.638056498417809
0.4,73241,photon,10,26.234422777612238,5,100000,0.99943,0.99943,0.00057,0.0,-44.43712762449056,10.770621164907261
0.4,73241,photon,10,26.234422777612238,6,100000,0.99982,0.99982,0.00018,0.0,-53.328160817547705,11.80402255749367
0.4,73241,photon,10,26.234422777612238,7,100000,0.99997,0.99997,3e-05,0.0,-62.16132486569147,12.750748660003277
0.4,73241,photon,10,26.234422777612238,8,100000,0.99999,0.99999,1e-05,0.0,-71.03858757630495,13.632592265198525
0.4,73241,photon,10,26.234422777612238,9,100000,1.0,1.0,0.0,0.0,-79.87231484507107,14.469314691969403
0.4,73241,photon,10,26.234422777612238,10,100000,1.0,1.0,0.0,0.0,-88.7117436944266,15.23728979233773
0.4,73241,photon,10,26.234422777612238,11,100000,1.0,1.0,0.0,0.0,-97.57188794263347,16.011310326903473
0.4,73241,photon,10,26.234422777612238,12,100000,1.0,1.0,0.0,0.0,-106.42530745201623,16.727030740705096
0.4,73241,photon,11,31.66304405982725,1,100000,0.91253,0.91253,0.08747,0.0,-9.012243847482033,4.6966134704187406
0.4,73241,photon,11,31.66304405982725,2,100000,0.98159,0.98159,0.01841,0.0,-17.979022338896975,6.68821318614519
0.4,73241,photon,11,31.66304405982725,3,100000,0.99599,0.99599,0.00401,0.0,-26.876954356942004,8.235089405072022
0.4,73241,photon,11,31.66304405982725,4,100000,0.99879,0.99879,0.00121,0.0,-35.71867241998454,9.534068171268093
0.4,73241,photon,11,31.66304405982725,5,100000,0.99969,0.99969,0.00031,0.0,-44.59860830064956,10.656962445258761
0.4,73241,photon,11,31.66304405982725,6,100000,0.99992,0.99992,8e-05,0.0,-53.49713437040748,11.6873368692689
0.4,73241,photon,11,31.66304405982725,7,100000,0.99998,0.99998,2e-05,0.0,-62.38714756033951,12.64639238448976
0.4,73241,photon,11,31.66304405982725,8,100000,0.99998,0.99998,2e-05,0.0,-71.25022632646632,13.560685593022518
0.4,73241,photon,11,31.66304405982725,9,100000,1.0,1.0,0.0,0.0,-80.15918974965719,14.403225884010235
0.4,73241,photon,11,31.66304405982725,10,100000,1.0,1.0,0.0,0.0,-89.0676912124871,15.196886042110947
0.4,73241,photon,11,31.66304405982725,11,100000,1.0,1.0,0.0,0.0,-97.96189057988063,15.962845897477356
0.4,73241,photon,11,31.66304405982725,12,100000,1.0,1.0,0.0,0.0,-106.84275961913545,16.699340731804877
0.4,73241,photon,12,38.21499590950062,1,100000,0.91549,0.91549,0.08451,0.0,-9.05819270746362,4.646051490466495
0.4,73241,photon,12,38.21499590950062,2,100000,0.98159,0.98159,0.01841,0.0,-18.04517168986386,6.646304331828571
0.4,73241,photon,12,38.21499590950062,3,100000,0.99562,0.99562,0.00438,0.0,-26.972684472532396,8.21711091872658
0.4,73241,photon,12,38.21499590950062,4,100000,0.99874,0.99874,0.00126,0.0,-35.87168237725997,9.53906679461049
0.4,73241,photon,12,38.21499590950062,5,100000,0.99958,0.99958,0.00042,0.0,-44.78037528366002,10.67383460632494
0.4,73241,photon,12,38.21499590950062,6,100000,0.99987,0.99987,0.00013,0.0,-53.699575837276775,11.704062286688226
0.4,73241,photon,12,38.21499590950062,7,100000,0.99996,0.99996,4e-05,0.0,-62.612982513757494,12.669786053947718
0.4,73241,photon,12,38.21499590950062,8,100000,0.99999,0.99999,1e-05,0.0,-71.52700593006695,13.52227952734619
0.4,73241,photon,12,38.21499590950062,9,100000,1.0,1.0,0.0,0.0,-80.42054433496283,14.344424679526306
0.4,73241,photon,12,38.21499590950062,10,100000,1.0,1.0,0.0,0.0,-89.34981764682018,15.124957423045933
0.4,73241,photon,12,38.21499590950062,11,100000,1.0,1.0,0.0,0.0,-98.2666216098069,15.872659489941073
0.4,73241,photon,12,38.21499590950062,12,100000,1.0,1.0,0.0,0.0,-107.17034461890141,16.616086665494233
0.4,73241,photon,13,46.12272621683984,1,100000,0.9145,0.9145,0.0855,0.0,-9.069276500081868,4.646703689956441
0.4,73241,photon,13,46.12272621683984,2,100000,0.98138,0.98138,0.01862,0.0,-18.038367048843032,6.6545031714706075
0.4,73241,photon,13,46.12272621683984,3,100000,0.99567,0.99567,0.00433,0.0,-26.99340704810553,8.195201537238576
0.4,73241,photon,13,46.12272621683984,4,100000,0.99877,0.99877,0.00123,0.0,-35.89500090418933,9.46029100344712
0.4,73241,photon,13,46.12272621683984,5,100000,0.9997,0.9997,0.0003,0.0,-44.829879157048566,10.595573625280167
0.4,73241,photon,13,46.12272621683984,6,100000,0.99994,0.99994,6e-05,0.0,-53.757872228942205,11.639301242710614
0.4,73241,photon,13,46.12272621683984,7,100000,1.0,1.0,0.0,0.0,-62.67187897723223,12.609788878534294
0.4,73241,photon,13,46.12272621683984,8,100000,1.0,1.0,0.0,0.0,-71.58000343789031,13.469073774110122
0.4,73241,photon,13,46.12272621683984,9,100000,1.0,1.0,0.0,0.0,-80.50746886422701,14.311882912106041
0.4,73241,photon,13,46.12272621683984,10,100000,1.0,1.0,0.0,0.0,-89.42078119411751,15.097324890781122
0.4,73241,photon,13,46.12272621683984,11,100000,1.0,1.0,0.0,0.0,-98.32540777847885,15.853788605997355
0.4,73241,photon,13,46.12272621683984,12,100000,1.0,1.0,0.0,0.0,-107.24862590929412,16.542950569259112
0.4,73241,photon,14,55.666782713031616,1,100000,0.91565,0.91565,0.08435,0.0,-9.08086760608861,4.639868854822094
0.4,73241,photon,14,55.666782713031616,2,100000,0.98223,0.98223,0.01777,0.0,-18.082463292513204,6.626523292668964
0.4,73241,photon,14,55.666782713031616,3,100000,0.99608,0.99608,0.00392,0.0,-27.02238192523318,8.181179265754869
0.4,73241,photon,14,55.666782713031616,4,100000,0.99876,0.99876,0.00124,0.0,-35.97424720888833,9.471030404816721
0.4,73241,photon,14,55.666782713031616,5,100000,0.99953,0.99953,0.00047,0.0,-44.91400104809809,10.60984720592171
0.4,73241,photon,14,55.666782713031616,6,100000,0.99985,0.99985,0.00015,0.0,-53.88127394867787,11.618290157433602
0.4,73241,photon,14,55.666782713031616,7,100000,0.99997,0.99997,3e-05,0.0,-62.8175524428266,12.565506842725535
0.4,73241,photon,14,55.666782713031616,8,100000,1.0,1.0,0.0,0.0,-71.74942290951806,13.457359749022652
0.4,73241,photon,14,55.666782713031616,9,100000,1.0,1.0,0.0,0.0,-80.66595045299258,14.283107929294188
0.4,73241,photon,14,55.666782713031616,10,100000,1.0,1.0,0.0,0.0,-89.60834253842056,15.038592283240689
0.4,73241,photon,14,55.666782713031616,11,100000,1.0,1.0,0.0,0.0,-98.55848995704018,15.786983954873513
0.4,73241,photon,14,55.666782713031616,12,100000,1.0,1.0,0.0,0.0,-107.47969770387859,16.531214771205853
0.4,73241,photon,15,67.18576614598469,1,100000,0.91576,0.91576,0.08424,0.0,-9.091236494575647,4.628244005933094
0.4,73241,photon,15,67.18576614598469,2,100000,0.98233,0.98233,0.01767,0.0,-18.110620219638633,6.6021213734925785
0.4,73241,photon,15,67.18576614598469,3,100000,0.99618,0.99618,0.00382,0.0,-27.087581940615895,8.136672290909548
0.4,73241,photon,15,67.18576614598469,4,100000,0.99885,0.99885,0.00115,0.0,-36.03583736620358,9.431019830919857
0.4,73241,photon,15,67.18576614598469,5,100000,0.99959,0.99959,0.00041,0.0,-45.01250742416323,10.56340637302878
0.4,73241,photon,15,67.18576614598469,6,100000,0.99986,0.99986,0.00014,0.0,-53.995594614901115,11.570788537823955
0.4,73241,photon,15,67.18576614598469,7,100000,0.99994,0.99994,6e-05,0.0,-62.94892767449597,12.535343934175206
0.4,73241,photon,15,67.18576614598469,8,100000,0.99997,0.99997,3e-05,0.0,-71.90972566845136,13.427265648758736
0.4,73241,photon,15,67.18576614598469,9,100000,0.99999,0.99999,1e-05,0.0,-80.85612163023055,14.266983706967743
0.4,73241,photon,15,67.18576614598469,10,100000,0.99999,0.99999,1e-05,0.0,-89.8147192533558,15.03612903578966
0.4,73241,photon,15,67.18576614598469,11,100000,1.0,1.0,0.0,0.0,-98.80792595100957,15.774971610659266
0.4,73241,photon,15,67.18576614598469,12,100000,1.0,1.0,0.0,0.0,-107.76148307410747,16.501749880639263
0.4,73241,photon,16,81.08834304099686,1,100000,0.91554,0.91554,0.08446,0.0,-9.078282594494997,4.637353264939887
0.4,73241,photon,16,81.08834304099686,2,100000,0.98253,0.98253,0.01747,0.0,-18.10624346933934,6.606033015922851
0.4,73241,photon,16,81.08834304099686,3,100000,0.99616,0.99616,0.00384,0.0,-27.092814989635297,8.13524807340914
0.4,73241,photon,16,81.08834304099686,4,100000,0.9988,0.9988,0.0012,0.0,-36.0345319774558,9.439374577345616
0.4,73241,photon,16,81.08834304099686,5,100000,0.99972,0.99972,0.00028,0.0,-45.02118297626028,10.5479064777007
0.4,73241,photon,16,81.08834304099686,6,100000,0.9999,0.9999,0.0001,0.0,-54.0332288229762,11.564000292438715
0.4,73241,photon,16,81.08834304099686,7,100000,0.99998,0.99998,2e-05,0.0,-63.00930602024003,12.512052148188817
0.4,73241,photon,16,81.08834304099686,8,100000,0.99999,0.99999,1e-05,0.0,-71.96774654862388,13.413952226403193
0.4,73241,photon,16,81.08834304099686,9,100000,1.0,1.0,0.0,0.0,-80.93183964867899,14.26332136847238
0.4,73241,photon,16,81.08834304099686,10,100000,1.0,1.0,0.0,0.0,-89.91277710696639,15.052353461010785
0.4,73241,photon,16,81.08834304099686,11,100000,1.0,1.0,0.0,0.0,-98.87353375429386,15.794849024395761
0.4,73241,photon,16,81.08834304099686,12,100000,1.0,1.0,0.0,0.0,-107.84415107717118,16.521840942035706
0.4,73241,photon,17,97.8677442309312,1,100000,0.91606,0.91606,0.08394,0.0,-9.109754908328117,4.611761273255568
0.4,73241,photon,17,97.8677442309312,2,100000,0.98266,0.98266,0.01734,0.0,-18.147362389965508,6.579920873938881
0.4,73241,photon,17,97.8677442309312,3,100000,0.99613,0.99613,0.00387,0.0,-27.138787649209526,8.123001360217398
0.4,73241,photon,17,97.8677442309312,4,100000,0.99879,0.99879,0.00121,0.0,-36.11062617974583,9.419372746755222
0.4,73241,photon,17,97.8677442309312,5,100000,0.99959,0.99959,0.00041,0.0,-45.10872640497239,10.537578627930698
0.4,73241,photon,17,97.8677442309312,6,100000,0.99993,0.99993,7e-05,0.0,-54.07987228656696,11.570682249788558
0.4,73241,photon,17,97.8677442309312,7,100000,0.99997,0.99997,3e-05,0.0,-63.04672836397958,12.514891834891337
0.4,73241,photon,17,97.8677442309312,8,100000,1.0,1.0,0.0,0.0,-71.99890081734175,13.398784449478388
0.4,73241,photon,17,97.8677442309312,9,100000,1.0,1.0,0.0,0.0,-80.96594840758742,14.209296246660987
0.4,73241,photon,17,97.8677442309312,10,100000,1.0,1.0,0.0,0.0,-89.95013519753962,14.990052021135476
0.4,73241,photon,17,97.8677442309312,11,100000,1.0,1.0,0.0,0.0,-98.959525795067,15.741425377642855
0.4,73241,photon,17,97.8677442309312,12,100000,1.0,1.0,0.0,0.0,-107.92231103435509,16.442265525032408
0.4,73241,photon,18,118.11926352975836,1,100000,0.91871,0.91871,0.08129,0.0,-9.129957010209404,4.579240552922567
0.4,73241,photon,18,118.11926352975836,2,100000,0.98305,0.98305,0.01695,0.0,-18.196749718359705,6.546839445871266
0.4,73241,photon,18,118.11926352975836,3,100000,0.99624,0.99624,0.00376,0.0,-27.184891983447894,8.081426911691915
0.4,73241,photon,18,118.11926352975836,4,100000,0.99878,0.99878,0.00122,0.0,-36.14468824882599,9.371877819079543
0.4,73241,photon,18,118.11926352975836,5,100000,0.99968,0.99968,0.00032,0.0,-45.152802699228495,10.489481306788422
0.4,73241,photon,18,118.11926352975836,6,100000,0.99992,0.99992,8e-05,0.0,-54.156792403161006,11.51105992520892
0.4,73241,photon,18,118.11926352975836,7,100000,0.99998,0.99998,2e-05,0.0,-63.145033666473424,12.446476684194339
0.4,73241,photon,18,118.11926352975836,8,100000,0.99998,0.99998,2e-05,0.0,-72.11891992171203,13.322253739659237
0.4,73241,photon,18,118.11926352975836,9,100000,1.0,1.0,0.0,0.0,-81.08773022886948,14.141976672198322
0.4,73241,photon,18,118.11926352975836,10,100000,0.99999,0.99999,1e-05,0.0,-90.05025005952913,14.925132040708291
0.4,73241,photon,18,118.11926352975836,11,100000,1.0,1.0,0.0,0.0,-99.03795226856612,15.646659714478362
0.4,73241,photon,18,118.11926352975836,12,100000,1.0,1.0,0.0,0.0,-108.0066668147719,16.387599045713788
0.4,73241,photon,19,142.56137736137705,1,100000,0.91654,0.91654,0.08346,0.0,-9.118504890945543,4.605548734041936
0.4,73241,photon,19,142.56137736137705,2,100000,0.98271,0.98271,0.01729,0.0,-18.166697993314585,6.583071706591446
0.4,73241,photon,19,142.56137736137705,3,100000,0.99629,0.99629,0.00371,0.0,-27.169413650333002,8.11569795917167
0.4,73241,photon,19,142.56137736137705,4,100000,0.9987,0.9987,0.0013,0.0,-36.13176356549478,9.408056322155302
0.4,73241,photon,19,142.56137736137705,5,100000,0.99961,0.99961,0.00039,0.0,-45.1245135967845,10.531932258896061
0.4,73241,photon,19,142.56137736137705,6,100000,0.99992,0.99992,8e-05,0.0,-54.135761591030985,11.560915385465155
0.4,73241,photon,19,142.56137736137705,7,100000,1.0,1.0,0.0,0.0,-63.13699530512621,12.502169950777645
0.4,73241,photon,19,142.56137736137705,8,100000,1.0,1.0,0.0,0.0,-72.12757488133953,13.362861499933228
0.4,73241,photon,19,142.56137736137705,9,100000,1.0,1.0,0.0,0.0,-81.12575354402733,14.193015381226285
0.4,73241,photon,19,142.56137736137705,10,100000,1.0,1.0,0.0,0.0,-90.13615958312663,14.989212920689578
0.4,73241,photon,19,142.56137736137705,11,100000,1.0,1.0,0.0,0.0,-99.14948354811318,15.708479773212012
0.4,73241,photon,19,142.56137736137705,12,100000,1.0,1.0,0.0,0.0,-108.14970986658955,16.442879951882492
0.4,73241,su2,0,4.0,1,100000,0.94554,0.05446,0.94554,0.0,4.469916609160371,2.249114751542567
0.4,73241,su2,0,4.0,2,100000,0.98636,0.01364,0.98636,0.0,8.94082964742935,3.1781809269577423
0.4,73241,su2,0,4.0,3,100000,0.99255,0.00745,0.99255,0.0,13.401442982916697,3.8922480443054055
0.4,73241,su2,0,4.0,4,100000,0.99692,0.00308,0.99692,0.0,17.862231435798073,4.5127736169899615
0.4,73241,su2,0,4.0,5,100000,0.99904,0.00096,0.99904,0.0,22.307010905859354,5.042203786474645
0.4,73241,su2,0,4.0,6,100000,0.99973,0.00027,0.99973,0.0,26.773154348998112,5.520857346178545
0.4,73241,su2,0,4.0,7,100000,0.99986,0.00014,0.99986,0.0,31.22990055963835,5.972504187575428
0.4,73241,su2,0,4.0,8,100000,0.99992,8e-05,0.99992,0.0,35.6790932438882,6.390642640383018
0.4,73241,su2,0,4.0,9,100000,0.99996,4e-05,0.99996,0.0,40.13591805864135,6.770863960864588
0.4,73241,su2,0,4.0,10,100000,0.99998,2e-05,0.99998,0.0,44.5867954593368,7.135821193039931
0.4,73241,su2,0,4.0,11,100000,0.99999,1e-05,0.99999,0.0,49.04094610561688,7.490381940065575
0.4,73241,su2,0,4.0,12,100000,0.99999,1e-05,0.99999,0.0,53.49009716285674,7.813639058299215
0.4,73241,su2,1,5.095683551653521,1,100000,0.94458,0.05542,0.94458,0.0,4.461641212483864,2.2486080783923956
0.4,73241,su2,1,5.095683551653521,2,100000,0.98633,0.01367,0.98633,0.0,8.904264353106447,3.1874476384367734
0.4,73241,su2,1,5.095683551653521,3,100000,0.99246,0.00754,0.99246,0.0,13.337298030224833,3.909653688655738
0.4,73241,su2,1,5.095683551653521,4,100000,0.99713,0.00287,0.99713,0.0,17.776877113273148,4.5228493479304985
0.4,73241,su2,1,5.095683551653521,5,100000,0.99862,0.00138,0.99862,0.0,22.210999462585523,5.067837484729929
0.4,73241,su2,1,5.095683551653521,6,100000,0.99952,0.00048,0.99952,0.0,26.640070292711073,5.550632099396227
0.4,73241,su2,1,5.095683551653521,7,100000,0.99981,0.00019,0.99981,0.0,31.08029414409688,5.984355185674372
0.4,73241,su2,1,5.095683551653521,8,100000,0.99993,7e-05,0.99993,0.0,35.51190543442419,6.401340298329018
0.4,73241,su2,1,5.095683551653521,9,100000,0.99998,2e-05,0.99998,0.0,39.94804908657682,6.790054334183542
0.4,73241,su2,1,5.095683551653521,10,100000,1.0,0.0,1.0,0.0,44.38337487716028,7.154407841710335
0.4,73241,su2,1,5.095683551653521,11,100000,1.0,0.0,1.0,0.0,48.814895051503164,7.50637755003919
0.4,73241,su2,1,5.095683551653521,12,100000,1.0,0.0,1.0,0.0,53.253482862353714,7.83644221202288
0.4,73241,su2,2,6.491497714648063,1,100000,0.9435,0.0565,0.9435,0.0,4.44507719766854,2.2578372974127183
0.4,73241,su2,2,6.491497714648063,2,100000,0.98636,0.01364,0.98636,0.0,8.879345338666184,3.1897331315683752
0.4,73241,su2,2,6.491497714648063,3,100000,0.99251,0.00749,0.99251,0.0,13.296568943200327,3.91970210647795
0.4,73241,su2,2,6.491497714648063,4,100000,0.99722,0.00278,0.99722,0.0,17.72316223127581,4.537547398072276
0.4,73241,su2,2,6.491497714648063,5,100000,0.99877,0.00123,0.99877,0.0,22.150225216775084,5.0845496969278425
0.4,73241,su2,2,6.491497714648063,6,100000,0.99954,0.00046,0.99954,0.0,26.577316772560938,5.5645970997349155
0.4,73241,su2,2,6.491497714648063,7,100000,0.99982,0.00018,0.99982,0.0,30.9888461862128,6.013089586680939
0.4,73241,su2,2,6.491497714648063,8,100000,0.99993,7e-05,0.99993,0.0,35.4085003594215,6.423626530083763
0.4,73241,su2,2,6.491497714648063,9,100000,0.99995,5e-05,0.99995,0.0,39.83473663316672,6.816475562141798
0.4,73241,su2,2,6.491497714648063,10,100000,0.99999,1e-05,0.99999,0.0,44.259990582120196,7.180971203508019
0.4,73241,su2,2,6.491497714648063,11,100000,1.0,0.0,1.0,0.0,48.67794490090021,7.530670969385452
0.4,73241,su2,2,6.491497714648063,12,100000,1.0,0.0,1.0,0.0,53.0907093286323,7.885188783196416
0.4,73241,su2,3,8.269654532532142,1,100000,0.94262,0.05738,0.94262,0.0,4.438833466667187,2.2782290617257135
0.4,73241,su2,3,8.269654532532142,2,100000,0.98499,0.01501,0.98499,0.0,8.853728046833913,3.228652110930855
0.4,73241,su2,3,8.269654532532142,3,100000,0.99219,0.00781,0.99219,0.0,13.259444453236839,3.9514979539781057
0.4,73241,su2,3,8.269654532532142,4,100000,0.997,0.003,0.997,0.0,17.674576666012396,4.556089188942746
0.4,73241,su2,3,8.269654532532142,5,100000,0.99878,0.00122,0.99878,0.0,22.09167178208875,5.087247616763442
0.4,73241,su2,3,8.269654532532142,6,100000,0.99947,0.00053,0.99947,0.0,26.51099407541593,5.582187151287803
0.4,73241,su2,3,8.269654532532142,7,100000,0.99977,0.00023,0.99977,0.0,30.928295202952455,6.028571522623851
0.4,73241,su2,3,8.269654532532142,8,100000,0.99989,0.00011,0.99989,0.0,35.330166433946495,6.458922997247179
0.4,73241,su2,3,8.269654532532142,9,100000,0.99997,3e-05,0.99997,0.0,39.74243145777006,6.853499400328311
0.4,73241,su2,3,8.269654532532142,10,100000,0.99996,4e-05,0.99996,0.0,44.15047065227199,7.223077677064721
0.4,73241,su2,3,8.269654532532142,11,100000,0.99999,1e-05,0.99999,0.0,48.5548505854788,7.572705271162483
0.4,73241,su2,3,8.269654532532142,12,100000,1.0,0.0,1.0,0.0,52.96863630698324,7.9105949804138636
0.4,73241,su2,4,10.534885644820253,1,100000,0.94301,0.05699,0.94301,0.0,4.430390367484615,2.261255491340022
0.4,73241,su2,4,10.534885644820253,2,100000,0.98552,0.01448,0.98552,0.0,8.858675252613452,3.213994992797406
0.4,73241,su2,4,10.534885644820253,3,100000,0.99229,0.00771,0.99229,0.0,13.258278564049185,3.944463259142629
0.4,73241,su2,4,10.534885644820253,4,100000,0.99688,0.00312,0.99688,0.0,17.659843862222036,4.560011457023433
0.4,73241,su2,4,10.534885644820253,5,100000,0.99884,0.00116,0.99884,0.0,22.06526536763494,5.1019631428740295
0.4,73241,su2,4,10.534885644820253,6,100000,0.99955,0.00045,0.99955,0.0,26.45007204865191,5.579343560502633
0.4,73241,su2,4,10.534885644820253,7,100000,0.99981,0.00019,0.99981,0.0,30.858078730763342,6.013771784000872
0.4,73241,su2,4,10.534885644820253,8,100000,0.99994,6e-05,0.99994,0.0,35.263586074069174,6.443042658353717
0.4,73241,su2,4,10.534885644820253,9,100000,0.99998,2e-05,0.99998,0.0,39.6682516050137,6.842229463451233
0.4,73241,su2,4,10.534885644820253,10,100000,0.99999,1e-05,0.99999,0.0,44.07072229929554,7.218062145309696
0.4,73241,su2,4,10.534885644820253,11,100000,1.0,0.0,1.0,0.0,48.473350316020195,7.576001431114467
0.4,73241,su2,4,10.534885644820253,12,100000,1.0,0.0,1.0,0.0,52.87159586115956,7.901172685711601
0.4,73241,su2,5,13.420610874715353,1,100000,0.94176,0.05824,0.94176,0.0,4.419874399872721,2.2929164483802777
0.4,73241,su2,5,13.420610874715353,2,100000,0.98492,0.01508,0.98492,0.0,8.828520259953724,3.2326388632935568
0.4,73241,su2,5,13.420610874715353,3,100000,0.9916,0.0084,0.9916,0.0,13.226006562977604,3.970459652216667
0.4,73241,su2,5,13.420610874715353,4,100000,0.99658,0.00342,0.99658,0.0,17.615369368618033,4.5937928023863845
0.4,73241,su2,5,13.420610874715353,5,100000,0.99886,0.00114,0.99886,0.0,22.024399253576252,5.130718270946692
0.4,73241,su2,5,13.420610874715353,6,100000,0.99955,0.00045,0.99955,0.0,26.421997669385025,5.612459155116325
0.4,73241,su2,5,13.420610874715353,7,100000,0.99981,0.00019,0.99981,0.0,30.826876674623435,6.074030404224505
0.4,73241,su2,5,13.420610874715353,8,100000,0.99989,0.00011,0.99989,0.0,35.216748868916135,6.492600205649397
0.4,73241,su2,5,13.420610874715353,9,100000,0.99997,3e-05,0.99997,0.0,39.615835271637685,6.894867126975304
0.4,73241,su2,5,13.420610874715353,10,100000,0.99997,3e-05,0.99997,0.0,44.02463287950713,7.267611338941664
0.4,73241,su2,5,13.420610874715353,11,100000,0.99998,2e-05,0.99998,0.0,48.42387910750825,7.629385029467418
0.4,73241,su2,5,13.420610874715353,12,100000,0.99999,1e-05,0.99999,0.0,52.81510748064515,7.974398847735069
0.4,73241,su2,6,17.096796521857346,1,100000,0.9415,0.0585,0.9415,0.0,4.422848606565079,2.293043924408866
0.4,73241,su2,6,17.096796521857346,2,100000,0.98494,0.01506,0.98494,0.0,8.810591619936696,3.2449370660102326
0.4,73241,su2,6,17.096796521857346,3,100000,0.99123,0.00877,0.99123,0.0,13.207661982973251,3.992527734100618
0.4,73241,su2,6,17.096796521857346,4,100000,0.9968,0.0032,0.9968,0.0,17.60175805656503,4.594645347169857
0.4,73241,su2,6,17.096796521857346,5,100000,0.99875,0.00125,0.99875,0.0,21.989789625999634,5.122920349758791
0.4,73241,su2,6,17.096796521857346,6,100000,0.99967,0.00033,0.99967,0.0,26.374752574590524,5.612902183763562
0.4,73241,su2,6,17.096796521857346,7,100000,0.99984,0.00016,0.99984,0.0,30.765561003833152,6.060237346724071
0.4,73241,su2,6,17.096796521857346,8,100000,0.99993,7e-05,0.99993,0.0,35.17812149448405,6.473831242693279
0.4,73241,su2,6,17.096796521857346,9,100000,0.99997,3e-05,0.99997,0.0,39.56143066785919,6.880150398822762
0.4,73241,su2,6,17.096796521857346,10,100000,0.99998,2e-05,0.99998,0.0,43.949444991242636,7.252129807823655
0.4,73241,su2,6,17.096796521857346,11,100000,0.99999,1e-05,0.99999,0.0,48.33154079389538,7.615052380964102
0.4,73241,su2,6,17.096796521857346,12,100000,0.99999,1e-05,0.99999,0.0,52.720503110734235,7.961480340448249
0.4,73241,su2,7,21.779966205598896,1,100000,0.94121,0.05879,0.94121,0.0,4.416471772769356,2.283254027166318
0.4,73241,su2,7,21.779966205598896,2,100000,0.98493,0.01507,0.98493,0.0,8.804859371774288,3.2457934300163926
0.4,73241,su2,7,21.779966205598896,3,100000,0.99189,0.00811,0.99189,0.0,13.195049585220932,3.9719219974783866
0.4,73241,su2,7,21.779966205598896,4,100000,0.99673,0.00327,0.99673,0.0,17.587097816310774,4.589219681018937
0.4,73241,su2,7,21.779966205598896,5,100000,0.99885,0.00115,0.99885,0.0,21.980970304880984,5.120043484873733
0.4,73241,su2,7,21.779966205598896,6,100000,0.99946,0.00054,0.99946,0.0,26.379822939437116,5.600308457786513
0.4,73241,su2,7,21.779966205598896,7,100000,0.99983,0.00017,0.99983,0.0,30.771304634592884,6.054728355304302
0.4,73241,su2,7,21.779966205598896,8,100000,0.99996,4e-05,0.99996,0.0,35.17166078512699,6.476397867395015
0.4,73241,su2,7,21.779966205598896,9,100000,0.99996,4e-05,0.99996,0.0,39.55178024750183,6.86655871650603
0.4,73241,su2,7,21.779966205598896,10,100000,0.99998,2e-05,0.99998,0.0,43.927892364509084,7.265059634203468
0.4,73241,su2,7,21.779966205598896,11,100000,0.99999,1e-05,0.99999,0.0,48.31436899917329,7.621957391656012
0.4,73241,su2,7,21.779966205598896,12,100000,1.0,0.0,1.0,0.0,52.69650258402151,7.964469493661974
0.4,73241,su2,8,27.745953887359985,1,100000,0.93904,0.06096,0.93904,0.0,4.3898700542073845,2.30807229326591
0.4,73241,su2,8,27.745953887359985,2,100000,0.98434,0.01566,0.98434,0.0,8.770756750928147,3.2575474135220737
0.4,73241,su2,8,27.745953887359985,3,100000,0.99202,0.00798,0.99202,0.0,13.152816405292999,3.9914590217806913
0.4,73241,su2,8,27.745953887359985,4,100000,0.99673,0.00327,0.99673,0.0,17.53624496073116,4.608022639032427
0.4,73241,su2,8,27.745953887359985,5,100000,0.99878,0.00122,0.99878,0.0,21.921732541610737,5.158312699789723
0.4,73241,su2,8,27.745953887359985,6,100000,0.99944,0.00056,0.99944,0.0,26.292571411234103,5.652931841505087
0.4,73241,su2,8,27.745953887359985,7,100000,0.99968,0.00032,0.99968,0.0,30.682008693379235,6.126249782869336
0.4,73241,su2,8,27.745953887359985,8,100000,0.99996,4e-05,0.99996,0.0,35.06934472526366,6.53641295202921
0.4,73241,su2,8,27.745953887359985,9,100000,0.99995,5e-05,0.99995,0.0,39.45046178430141,6.940248834621317
0.4,73241,su2,8,27.745953887359985,10,100000,0.99997,3e-05,0.99997,0.0,43.83144600245655,7.313213654116144
0.4,73241,su2,8,27.745953887359985,11,100000,0.99999,1e-05,0.99999,0.0,48.207511909188504,7.650885213175317
0.4,73241,su2,8,27.745953887359985,12,100000,1.0,0.0,1.0,0.0,52.573977781379746,7.993304278121594
0.4,73241,su2,9,35.34615021218933,1,100000,0.94083,0.05917,0.94083,0.0,4.408901952736164,2.2924915648534276
0.4,73241,su2,9,35.34615021218933,2,100000,0.98476,0.01524,0.98476,0.0,8.80267652009457,3.247690523453292
0.4,73241,su2,9,35.34615021218933,3,100000,0.99156,0.00844,0.99156,0.0,13.194875254010642,3.9898985428728646
0.4,73241,su2,9,35.34615021218933,4,100000,0.99663,0.00337,0.99663,0.0,17.58380206242924,4.6154723222570135
0.4,73241,su2,9,35.34615021218933,5,100000,0.99854,0.00146,0.99854,0.0,21.963063258979027,5.1769109998317315
0.4,73241,su2,9,35.34615021218933,6,100000,0.9995,0.0005,0.9995,0.0,26.35734280242527,5.675393868872669
0.4,73241,su2,9,35.34615021218933,7,100000,0.99977,0.00023,0.99977,0.0,30.753386300718617,6.11181255627608
0.4,73241,su2,9,35.34615021218933,8,100000,0.99992,8e-05,0.99992,0.0,35.13149124788833,6.532169737586888
0.4,73241,su2,9,35.34615021218933,9,100000,0.99996,4e-05,0.99996,0.0,39.52991694441046,6.929509212002684
0.4,73241,su2,9,35.34615021218933,10,100000,0.99999,1e-05,0.99999,0.0,43.91958968093441,7.306427336158338
0.4,73241,su2,9,35.34615021218933,11,100000,1.0,0.0,1.0,0.0,48.30845160271024,7.672319130197044
0.4,73241,su2,9,35.34615021218933,12,100000,1.0,0.0,1.0,0.0,52.68896314275493,8.005572942563646
0.4,73241,su2,10,45.028199062631984,1,100000,0.94132,0.05868,0.94132,0.0,4.412692468980761,2.2945987070136655
0.4,73241,su2,10,45.028199062631984,2,100000,0.98485,0.01515,0.98485,0.0,8.793866605693783,3.255494689521629
0.4,73241,su2,10,45.028199062631984,3,100000,0.99151,0.00849,0.99151,0.0,13.192901413505904,3.9858550561461903
0.4,73241,su2,10,45.028199062631984,4,100000,0.99641,0.00359,0.99641,0.0,17.554135210842098,4.609413422844155
0.4,73241,su2,10,45.028199062631984,5,100000,0.9986,0.0014,0.9986,0.0,21.933877362508355,5.155616813191312
0.4,73241,su2,10,45.028199062631984,6,100000,0.99939,0.00061,0.99939,0.0,26.314250234218473,5.654114146644766
0.4,73241,su2,10,45.028199062631984,7,100000,0.99979,0.00021,0.99979,0.0,30.69722875111021,6.098675001652411
0.4,73241,su2,10,45.028199062631984,8,100000,0.99994,6e-05,0.99994,0.0,35.07681304793247,6.52760407918246
0.4,73241,su2,10,45.028199062631984,9,100000,0.99994,6e-05,0.99994,0.0,39.45796196137241,6.9064758072111605
0.4,73241,su2,10,45.028199062631984,10,100000,0.99999,1e-05,0.99999,0.0,43.83584679443081,7.269326887860169
0.4,73241,su2,10,45.028199062631984,11,100000,1.0,0.0,1.0,0.0,48.21570686314696,7.6194230604238795
0.4,73241,su2,10,45.028199062631984,12,100000,1.0,0.0,1.0,0.0,52.59557451563208,7.957914079406438
0.4,73241,su2,11,57.36236333100857,1,100000,0.94103,0.05897,0.94103,0.0,4.401910311652501,2.2932826196326994
0.4,73241,su2,11,57.36236333100857,2,100000,0.98454,0.01546,0.98454,0.0,8.780716252335822,3.259420945604432
0.4,73241,su2,11,57.36236333100857,3,100000,0.99103,0.00897,0.99103,0.0,13.146032313525996,3.996839179424032
0.4,73241,su2,11,57.36236333100857,4,100000,0.99632,0.00368,0.99632,0.0,17.511692295038046,4.627898787333996
0.4,73241,su2,11,57.36236333100857,5,100000,0.9986,0.0014,0.9986,0.0,21.887832451479337,5.180701300400767
0.4,73241,su2,11,57.36236333100857,6,100000,0.99936,0.00064,0.99936,0.0,26.26024525623451,5.6778593154660015
0.4,73241,su2,11,57.36236333100857,7,100000,0.99968,0.00032,0.99968,0.0,30.641472072961832,6.124896378599806
0.4,73241,su2,11,57.36236333100857,8,100000,0.99993,7e-05,0.99993,0.0,35.016365639803624,6.546863743866328
0.4,73241,su2,11,57.36236333100857,9,100000,0.99993,7e-05,0.99993,0.0,39.39173118942066,6.943373932778302
0.4,73241,su2,11,57.36236333100857,10,100000,0.99997,3e-05,0.99997,0.0,43.77159710632555,7.317531333254635
0.4,73241,su2,11,57.36236333100857,11,100000,0.99998,2e-05,0.99998,0.0,48.145556432276194,7.675766387886113
0.4,73241,su2,11,57.36236333100857,12,100000,0.99999,1e-05,0.99999,0.0,52.53209900371764,8.012588406534142
0.4,73241,su2,12,73.07511282744834,1,100000,0.94061,0.05939,0.94061,0.0,4.400140386816864,2.318195486603696
0.4,73241,su2,12,73.07511282744834,2,100000,0.98358,0.01642,0.98358,0.0,8.785613629164182,3.2746914151874824
0.4,73241,su2,12,73.07511282744834,3,100000,0.99146,0.00854,0.99146,0.0,13.169119907028277,3.9955505026639333
0.4,73241,su2,12,73.07511282744834,4,100000,0.99656,0.00344,0.99656,0.0,17.539919722088904,4.6187145117027
0.4,73241,su2,12,73.07511282744834,5,100000,0.99857,0.00143,0.99857,0.0,21.921505501583553,5.15851531247482
0.4,73241,su2,12,73.07511282744834,6,100000,0.99939,0.00061,0.99939,0.0,26.297732296697582,5.645990323621685
0.4,73241,su2,12,73.07511282744834,7,100000,0.99984,0.00016,0.99984,0.0,30.679932333726214,6.090107301930378
0.4,73241,su2,12,73.07511282744834,8,100000,0.99996,4e-05,0.99996,0.0,35.04958214320307,6.507192932720346
0.4,73241,su2,12,73.07511282744834,9,100000,0.99998,2e-05,0.99998,0.0,39.43482742804515,6.90574565330907
0.4,73241,su2,12,73.07511282744834,10,100000,1.0,0.0,1.0,0.0,43.81026384333183,7.279226175697617
0.4,73241,su2,12,73.07511282744834,11,100000,1.0,0.0,1.0,0.0,48.19688096204564,7.631005442978298
0.4,73241,su2,12,73.07511282744834,12,100000,1.0,0.0,1.0,0.0,52.566511388813055,7.9719695065381675
0.4,73241,su2,13,93.09191261751351,1,100000,0.94022,0.05978,0.94022,0.0,4.393391216854606,2.3175114172378763
0.4,73241,su2,13,93.09191261751351,2,100000,0.98422,0.01578,0.98422,0.0,8.785807070983774,3.2619478779089834
0.4,73241,su2,13,93.09191261751351,3,100000,0.99132,0.00868,0.99132,0.0,13.16545570928333,4.002273924980686
0.4,73241,su2,13,93.09191261751351,4,100000,0.9963,0.0037,0.9963,0.0,17.53675322928233,4.628899033560142
0.4,73241,su2,13,93.09191261751351,5,100000,0.99844,0.00156,0.99844,0.0,21.888568062137676,5.19029506139729
0.4,73241,su2,13,93.09191261751351,6,100000,0.99937,0.00063,0.99937,0.0,26.260270935211462,5.68238465032772
0.4,73241,su2,13,93.09191261751351,7,100000,0.99979,0.00021,0.99979,0.0,30.653191726381817,6.132104630750212
0.4,73241,su2,13,93.09191261751351,8,100000,0.99997,3e-05,0.99997,0.0,35.01776374049967,6.555201481007029
0.4,73241,su2,13,93.09191261751351,9,100000,0.99999,1e-05,0.99999,0.0,39.38806817537146,6.967671838816444
0.4,73241,su2,13,93.09191261751351,10,100000,0.99999,1e-05,0.99999,0.0,43.75328557714664,7.355598856392788
0.4,73241,su2,13,93.09191261751351,11,100000,1.0,0.0,1.0,0.0,48.12109354717837,7.716354716467585
0.4,73241,su2,13,93.09191261751351,12,100000,1.0,0.0,1.0,0.0,52.47806092891776,8.070016820260337
0.4,73241,su2,14,118.5917319792576,1,100000,0.93965,0.06035,0.93965,0.0,4.404493478601152,2.3064843166676248
0.4,73241,su2,14,118.5917319792576,2,100000,0.98417,0.01583,0.98417,0.0,8.77798852348014,3.2581503338694633
0.4,73241,su2,14,118.5917319792576,3,100000,0.99137,0.00863,0.99137,0.0,13.15864081090685,3.9907791756404745
0.4,73241,su2,14,118.5917319792576,4,100000,0.99663,0.00337,0.99663,0.0,17.53252120953382,4.607436004194207
0.4,73241,su2,14,118.5917319792576,5,100000,0.99886,0.00114,0.99886,0.0,21.918745636556096,5.154975561613548
0.4,73241,su2,14,118.5917319792576,6,100000,0.99959,0.00041,0.99959,0.0,26.294851943272334,5.651922576283512
0.4,73241,su2,14,118.5917319792576,7,100000,0.99984,0.00016,0.99984,0.0,30.668844673902445,6.1082171627695345
0.4,73241,su2,14,118.5917319792576,8,100000,0.99992,8e-05,0.99992,0.0,35.04246645048152,6.532748735910181
0.4,73241,su2,14,118.5917319792576,9,100000,0.99996,4e-05,0.99996,0.0,39.41494803242648,6.926460976265314
0.4,73241,su2,14,118.5917319792576,10,100000,0.99997,3e-05,0.99997,0.0,43.79344300905066,7.294434088678966
0.4,73241,su2,14,118.5917319792576,11,100000,0.99998,2e-05,0.99998,0.0,48.15428127786386,7.642693647640094
0.4,73241,su2,14,118.5917319792576,12,100000,1.0,0.0,1.0,0.0,52.519637269188266,7.976061509419193
0.4,73241,su2,15,151.07648450220142,1,100000,0.9397,0.0603,0.9397,0.0,4.3934059796220994,2.3139821660915065
0.4,73241,su2,15,151.07648450220142,2,100000,0.98392,0.01608,0.98392,0.0,8.76099665996236,3.269625271432094
0.4,73241,su2,15,151.07648450220142,3,100000,0.99151,0.00849,0.99151,0.0,13.132854623112909,4.005872855009916
0.4,73241,su2,15,151.07648450220142,4,100000,0.9967,0.0033,0.9967,0.0,17.5132460430865,4.6201127628340535
0.4,73241,su2,15,151.07648450220142,5,100000,0.99885,0.00115,0.99885,0.0,21.878863110375757,5.163371658427385
0.4,73241,su2,15,151.07648450220142,6,100000,0.99946,0.00054,0.99946,0.0,26.251913158000683,5.653521424978701
0.4,73241,su2,15,151.07648450220142,7,100000,0.99991,9e-05,0.99991,0.0,30.632313223268188,6.098316153117298
0.4,73241,su2,15,151.07648450220142,8,100000,0.99995,5e-05,0.99995,0.0,35.00882219077836,6.527674490227527
0.4,73241,su2,15,151.07648450220142,9,100000,0.99999,1e-05,0.99999,0.0,39.37680940262288,6.922004473535725
0.4,73241,su2,15,151.07648450220142,10,100000,0.99999,1e-05,0.99999,0.0,43.74882430414253,7.3025720701854615
0.4,73241,su2,15,151.07648450220142,11,100000,1.0,0.0,1.0,0.0,48.12110318904964,7.651926273333702
0.4,73241,su2,15,151.07648450220142,12,100000,1.0,0.0,1.0,0.0,52.49162571629107,8.003208502232457
0.4,73241,su2,16,192.45948927987664,1,100000,0.94034,0.05966,0.94034,0.0,4.397948335473023,2.304638219920023
0.4,73241,su2,16,192.45948927987664,2,100000,0.98422,0.01578,0.98422,0.0,8.772947250561234,3.2649662174322205
0.4,73241,su2,16,192.45948927987664,3,100000,0.99163,0.00837,0.99163,0.0,13.144400596641441,4.003288422221068
0.4,73241,su2,16,192.45948927987664,4,100000,0.99657,0.00343,0.99657,0.0,17.513241659216106,4.634385066268327
0.4,73241,su2,16,192.45948927987664,5,100000,0.99881,0.00119,0.99881,0.0,21.88408934394728,5.1692747620141954
0.4,73241,su2,16,192.45948927987664,6,100000,0.99951,0.00049,0.99951,0.0,26.246071935640167,5.656156517934303
0.4,73241,su2,16,192.45948927987664,7,100000,0.99982,0.00018,0.99982,0.0,30.618486777533516,6.1085913517780135
0.4,73241,su2,16,192.45948927987664,8,100000,0.99986,0.00014,0.99986,0.0,34.9998633748222,6.530167602948109
0.4,73241,su2,16,192.45948927987664,9,100000,0.99998,2e-05,0.99998,0.0,39.36523588670099,6.922728456838197
0.4,73241,su2,16,192.45948927987664,10,100000,1.0,0.0,1.0,0.0,43.730785799754756,7.293760371500223
0.4,73241,su2,16,192.45948927987664,11,100000,1.0,0.0,1.0,0.0,48.108941931403244,7.652466334367334
0.4,73241,su2,16,192.45948927987664,12,100000,1.0,0.0,1.0,0.0,52.48971913272283,7.98545055585816
0.4,73241,su2,17,245.17816347077607,1,100000,0.94118,0.05882,0.94118,0.0,4.403260704715258,2.308792951722458
0.4,73241,su2,17,245.17816347077607,2,100000,0.98433,0.01567,0.98433,0.0,8.781825700379873,3.2669237477200808
0.4,73241,su2,17,245.17816347077607,3,100000,0.99139,0.00861,0.99139,0.0,13.156847059991847,3.998672500224751
0.4,73241,su2,17,245.17816347077607,4,100000,0.99629,0.00371,0.99629,0.0,17.53257504366845,4.629300272907504
0.4,73241,su2,17,245.17816347077607,5,100000,0.99846,0.00154,0.99846,0.0,21.892991101577977,5.1894019870301475
0.4,73241,su2,17,245.17816347077607,6,100000,0.9993,0.0007,0.9993,0.0,26.265623445664627,5.6735474071637135
0.4,73241,su2,17,245.17816347077607,7,100000,0.9997,0.0003,0.9997,0.0,30.64522654744182,6.133285173993432
0.4,73241,su2,17,245.17816347077607,8,100000,0.99983,0.00017,0.99983,0.0,35.02405257860492,6.562878204318604
0.4,73241,su2,17,245.17816347077607,9,100000,0.99993,7e-05,0.99993,0.0,39.40118398982837,6.975253495798779
0.4,73241,su2,17,245.17816347077607,10,100000,0.99996,4e-05,0.99996,0.0,43.76174627734774,7.3475522720667445
0.4,73241,su2,17,245.17816347077607,11,100000,0.99997,3e-05,0.99997,0.0,48.123302437573,7.699967705890228
0.4,73241,su2,17,245.17816347077607,12,100000,1.0,0.0,1.0,0.0,52.478768660518725,8.04407014950893
0.4,73241,su2,18,312.33758370566323,1,100000,0.94108,0.05892,0.94108,0.0,4.407725206820961,2.2954875050440284
0.4,73241,su2,18,312.33758370566323,2,100000,0.98428,0.01572,0.98428,0.0,8.795900053510296,3.2354323850864555
0.4,73241,su2,18,312.33758370566323,3,100000,0.99165,0.00835,0.99165,0.0,13.17962578891898,3.9828947058541373
0.4,73241,su2,18,312.33758370566323,4,100000,0.99646,0.00354,0.99646,0.0,17.55286937759161,4.615583663580732
0.4,73241,su2,18,312.33758370566323,5,100000,0.99858,0.00142,0.99858,0.0,21.928726271298924,5.16584481967655
0.4,73241,su2,18,312.33758370566323,6,100000,0.99939,0.00061,0.99939,0.0,26.292713918801383,5.672366570496272
0.4,73241,su2,18,312.33758370566323,7,100000,0.99981,0.00019,0.99981,0.0,30.67120252739068,6.130957827027881
0.4,73241,su2,18,312.33758370566323,8,100000,0.99991,9e-05,0.99991,0.0,35.03999714919164,6.547622282126494
0.4,73241,su2,18,312.33758370566323,9,100000,0.99997,3e-05,0.99997,0.0,39.411008095889535,6.947883312561741
0.4,73241,su2,18,312.33758370566323,10,100000,0.99999,1e-05,0.99999,0.0,43.77865581406469,7.3297286994123505
0.4,73241,su2,18,312.33758370566323,11,100000,1.0,0.0,1.0,0.0,48.133134915121396,7.690865503965133
0.4,73241,su2,18,312.33758370566323,12,100000,1.0,0.0,1.0,0.0,52.50509777596117,8.023251810661797
0.4,73241,su2,19,397.89337196303796,1,100000,0.93947,0.06053,0.93947,0.0,4.400852026903228,2.2909056518721207
0.4,73241,su2,19,397.89337196303796,2,100000,0.98488,0.01512,0.98488,0.0,8.779666796872784,3.25198882489344
0.4,73241,su2,19,397.89337196303796,3,100000,0.99169,0.00831,0.99169,0.0,13.16081736099223,3.9839259774764635
0.4,73241,su2,19,397.89337196303796,4,100000,0.99652,0.00348,0.99652,0.0,17.530060751440363,4.611017279208899
0.4,73241,su2,19,397.89337196303796,5,100000,0.99868,0.00132,0.99868,0.0,21.906314212750555,5.158580808912861
0.4,73241,su2,19,397.89337196303796,6,100000,0.99948,0.00052,0.99948,0.0,26.280899400816146,5.648048731135655
0.4,73241,su2,19,397.89337196303796,7,100000,0.99972,0.00028,0.99972,0.0,30.647854704818112,6.103209213556449
0.4,73241,su2,19,397.89337196303796,8,100000,0.99989,0.00011,0.99989,0.0,35.01118570111306,6.53804226400047
0.4,73241,su2,19,397.89337196303796,9,100000,0.99996,4e-05,0.99996,0.0,39.38781829142982,6.931557477866061
0.4,73241,su2,19,397.89337196303796,10,100000,0.99998,2e-05,0.99998,0.0,43.76075044095601,7.310453831152377
0.4,73241,su2,19,397.89337196303796,11,100000,0.99999,1e-05,0.99999,0.0,48.11334564997601,7.664214220715868
0.4,73241,su2,19,397.89337196303796,12,100000,1.0,0.0,1.0,0.0,52.47129429443727,8.008857276435776
0.4,83244,photon,0,4.0,1,100000,0.87498,0.87498,0.12502,0.0,-8.11547183801602,5.336279033003907
0.4,83244,photon,0,4.0,2,100000,0.96026,0.96026,0.03974,0.0,-16.120314581491407,7.638342069927843
0.4,83244,photon,0,4.0,3,100000,0.98704,0.98704,0.01296,0.0,-24.07868885451374,9.394886556340301
0.4,83244,photon,0,4.0,4,100000,0.99509,0.99509,0.00491,0.0,-32.0134788956477,10.830191840531535
0.4,83244,photon,0,4.0,5,100000,0.99782,0.99782,0.00218,0.0,-40.00113245823177,12.091184171965235
0.4,83244,photon,0,4.0,6,100000,0.99902,0.99902,0.00098,0.0,-47.98201431462676,13.253439992449264
0.4,83244,photon,0,4.0,7,100000,0.99968,0.99968,0.00032,0.0,-55.953427914111174,14.301364490801921
0.4,83244,photon,0,4.0,8,100000,0.99986,0.99986,0.00014,0.0,-63.91516342183365,15.294332165686013
0.4,83244,photon,0,4.0,9,100000,0.99994,0.99994,6e-05,0.0,-71.84832620059501,16.192273940710262
0.4,83244,photon,0,4.0,10,100000,1.0,1.0,0.0,0.0,-79.79221705251564,17.0442536860066
0.4,83244,photon,0,4.0,11,100000,1.0,1.0,0.0,0.0,-87.76109640902091,17.882063588090926
0.4,83244,photon,0,4.0,12,100000,0.99999,0.99999,1e-05,0.0,-95.6932706687318,18.67995605014306
0.4,83244,photon,1,4.827709658906259,1,100000,0.88139,0.88139,0.11861,0.0,-8.287096705727519,5.244395536602821
0.4,83244,photon,1,4.827709658906259,2,100000,0.96553,0.96553,0.03447,0.0,-16.487186674454783,7.466967604950777
0.4,83244,photon,1,4.827709658906259,3,100000,0.98922,0.98922,0.01078,0.0,-24.615218638143023,9.173821323876238
0.4,83244,photon,1,4.827709658906259,4,100000,0.99594,0.99594,0.00406,0.0,-32.71734380841561,10.586641851986082
0.4,83244,photon,1,4.827709658906259,5,100000,0.99853,0.99853,0.00147,0.0,-40.85276725351784,11.823999612159149
0.4,83244,photon,1,4.827709658906259,6,100000,0.99941,0.99941,0.00059,0.0,-49.01575574630293,12.967526264545189
0.4,83244,photon,1,4.827709658906259,7,100000,0.99974,0.99974,0.00026,0.0,-57.12560976350259,14.012572445757613
0.4,83244,photon,1,4.827709658906259,8,100000,0.9999,0.9999,0.0001,0.0,-65.28028247957015,14.993875045400928
0.4,83244,photon,1,4.827709658906259,9,100000,0.99995,0.99995,5e-05,0.0,-73.41929835185498,15.898921423991252
0.4,83244,photon,1,4.827709658906259,10,100000,0.99999,0.99999,1e-05,0.0,-81.57905193723691,16.764968309300247
0.4,83244,photon,1,4.827709658906259,11,100000,1.0,1.0,0.0,0.0,-89.73075364659785,17.557929237660037
0.4,83244,photon,1,4.827709658906259,12,100000,1.0,1.0,0.0,0.0,-97.85792009537558,18.315486395532794
0.4,83244,photon,2,5.8266951376741964,1,100000,0.887,0.887,0.113,0.0,-8.403608070372487,5.158842247525676
0.4,83244,photon,2,5.8266951376741964,2,100000,0.96914,0.96914,0.03086,0.0,-16.744121903198952,7.3398957419524296
0.4,83244,photon,2,5.8266951376741964,3,100000,0.99113,0.99113,0.00887,0.0,-25.0105679069481,9.026123110773796
0.4,83244,photon,2,5.8266951376741964,4,100000,0.99665,0.99665,0.00335,0.0,-33.253183100079454,10.423021353974526
0.4,83244,photon,2,5.8266951376741964,5,100000,0.99871,0.99871,0.00129,0.0,-41.55717698013245,11.675471324867537
0.4,83244,photon,2,5.8266951376741964,6,100000,0.99958,0.99958,0.00042,0.0,-49.8450297536425,12.799807031689475
0.4,83244,photon,2,5.8266951376741964,7,100000,0.99982,0.99982,0.00018,0.0,-58.134246089776624,13.820992635078905
0.4,83244,photon,2,5.8266951376741964,8,100000,0.99996,0.99996,4e-05,0.0,-66.4046473577556,14.76991107437319
0.4,83244,photon,2,5.8266951376741964,9,100000,0.99999,0.99999,1e-05,0.0,-74.6612068518939,15.680798777583865
0.4,83244,photon,2,5.8266951376741964,10,100000,0.99999,0.99999,1e-05,0.0,-82.92585201871944,16.538573207449218
0.4,83244,photon,2,5.8266951376741964,11,100000,0.99999,0.99999,1e-05,0.0,-91.19100775746666,17.337500659306063
0.4,83244,photon,2,5.8266951376741964,12,100000,0.99999,0.99999,1e-05,0.0,-99.4945282483251,18.08423388157735
0.4,83244,photon,3,7.032398098912962,1,100000,0.89322,0.89322,0.10678,0.0,-8.575429941025748,5.053932881996158
0.4,83244,photon,3,7.032398098912962,2,100000,0.97133,0.97133,0.02867,0.0,-16.99945984081235,7.23003041353581
0.4,83244,photon,3,7.032398098912962,3,100000,0.99179,0.99179,0.00821,0.0,-25.405139797783136,8.900800548149068
0.4,83244,photon,3,7.032398098912962,4,100000,0.99705,0.99705,0.00295,0.0,-33.78987947158249,10.288356281996647
0.4,83244,photon,3,7.032398098912962,5,100000,0.99896,0.99896,0.00104,0.0,-42.198551829701046,11.508852130829014
0.4,83244,photon,3,7.032398098912962,6,100000,0.9995,0.9995,0.0005,0.0,-50.60702959042561,12.59909344519251
0.4,83244,photon,3,7.032398098912962,7,100000,0.99981,0.99981,0.00019,0.0,-59.00367750338953,13.620590652870415
0.4,83244,photon,3,7.032398098912962,8,100000,0.99997,0.99997,3e-05,0.0,-67.39177292129136,14.55052628039177
0.4,83244,photon,3,7.032398098912962,9,100000,0.99996,0.99996,4e-05,0.0,-75.79939849029435,15.423962666340435
0.4,83244,photon,3,7.032398098912962,10,100000,0.99999,0.99999,1e-05,0.0,-84.20615474720485,16.265812475810428
0.4,83244,photon,3,7.032398098912962,11,100000,0.99999,0.99999,1e-05,0.0,-92.63228140625239,17.029207782603102
0.4,83244,photon,3,7.032398098912962,12,100000,0.99999,0.99999,1e-05,0.0,-101.00575866481235,17.81140746572174
0.4,83244,photon,4,8.48759405684903,1,100000,0.89638,0.89638,0.10362,0.0,-8.647127026007102,4.993468712674832
0.4,83244,photon,4,8.48759405684903,2,100000,0.97385,0.97385,0.02615,0.0,-17.242866796781,7.112662066077715
0.4,83244,photon,4,8.48759405684903,3,100000,0.99232,0.99232,0.00768,0.0,-25.774826217134915,8.77325366516171
0.4,83244,photon,4,8.48759405684903,4,100000,0.99769,0.99769,0.00231,0.0,-34.29408603314191,10.137308879616718
0.4,83244,photon,4,8.48759405684903,5,100000,0.99912,0.99912,0.00088,0.0,-42.79968397156919,11.35388785860483
0.4,83244,photon,4,8.48759405684903,6,100000,0.99969,0.99969,0.00031,0.0,-51.324139354476074,12.405262314376067
0.4,83244,photon,4,8.48759405684903,7,100000,0.99991,0.99991,9e-05,0.0,-59.83474433206442,13.415972365762933
0.4,83244,photon,4,8.48759405684903,8,100000,0.99999,0.99999,1e-05,0.0,-68.3383455599419,14.341816677741514
0.4,83244,photon,4,8.48759405684903,9,100000,0.99999,0.99999,1e-05,0.0,-76.86620958652298,15.213096446903403
0.4,83244,photon,4,8.48759405684903,10,100000,1.0,1.0,0.0,0.0,-85.37408312611669,16.039658609950433
0.4,83244,photon,4,8.48759405684903,11,100000,1.0,1.0,0.0,0.0,-93.90899456229035,16.815179944503857
0.4,83244,photon,4,8.48759405684903,12,100000,1.0,1.0,0.0,0.0,-102.38460888795473,17.598482943620134
0.4,83244,photon,5,10.243909952281355,1,100000,0.90235,0.90235,0.09765,0.0,-8.752168921021061,4.896127818002008
0.4,83244,photon,5,10.243909952281355,2,100000,0.9758,0.9758,0.0242,0.0,-17.399459998635585,7.017681900820952
0.4,83244,photon,5,10.243909952281355,3,100000,0.99378,0.99378,0.00622,0.0,-26.026535815728664,8.623009010233659
0.4,83244,photon,5,10.243909952281355,4,100000,0.9977,0.9977,0.0023,0.0,-34.60599994982737,9.997009481695427
0.4,83244,photon,5,10.243909952281355,5,100000,0.99924,0.99924,0.00076,0.0,-43.211550706406896,11.187309584780307
0.4,83244,photon,5,10.243909952281355,6,100000,0.99974,0.99974,0.00026,0.0,-51.84530805894204,12.261483136455793
0.4,83244,photon,5,10.243909952281355,7,100000,0.99993,0.99993,7e-05,0.0,-60.447695032878684,13.24122748090708
0.4,83244,photon,5,10.243909952281355,8,100000,0.99999,0.99999,1e-05,0.0,-69.05535088898554,14.169789754882395
0.4,83244,photon,5,10.243909952281355,9,100000,0.99997,0.99997,3e-05,0.0,-77.66820151306429,15.017384162120308
0.4,83244,photon,5,10.243909952281355,10,100000,0.99999,0.99999,1e-05,0.0,-86.25126567115566,15.853019734725187
0.4,83244,photon,5,10.243909952281355,11,100000,1.0,1.0,0.0,0.0,-94.84167107906131,16.635272808941657
0.4,83244,photon,5,10.243909952281355,12,100000,1.0,1.0,0.0,0.0,-103.45470745285179,17.338041698095502
0.4,83244,photon,6,12.363655755398659,1,100000,0.90374,0.90374,0.09626,0.0,-8.811467838725509,4.8669775359043275
0.4,83244,photon,6,12.363655755398659,2,100000,0.97749,0.97749,0.02251,0.0,-17.542018693733255,6.9328675233105725
0.4,83244,photon,6,12.363655755398659,3,100000,0.99415,0.99415,0.00585,0.0,-26.226042387660335,8.533922653461122
0.4,83244,photon,6,12.363655755398659,4,100000,0.99785,0.99785,0.00215,0.0,-34.90656186259758,9.88271121365215
0.4,83244,photon,6,12.363655755398659,5,100000,0.99941,0.99941,0.00059,0.0,-43.596445657780414,11.061737948701335
0.4,83244,photon,6,12.363655755398659,6,100000,0.99982,0.99982,0.00018,0.0,-52.2664769596185,12.142597849943407
0.4,83244,photon,6,12.363655755398659,7,100000,0.99992,0.99992,8e-05,0.0,-60.94934530921558,13.123696011444421
0.4,83244,photon,6,12.363655755398659,8,100000,0.99998,0.99998,2e-05,0.0,-69.61588626613931,14.050997060316206
0.4,83244,photon,6,12.363655755398659,9,100000,0.99998,0.99998,2e-05,0.0,-78.28714655271162,14.936076091159896
0.4,83244,photon,6,12.363655755398659,10,100000,1.0,1.0,0.0,0.0,-86.96393189129789,15.73455667025383
0.4,83244,photon,6,12.363655755398659,11,100000,1.0,1.0,0.0,0.0,-95.61579787254324,16.523004565387026
0.4,83244,photon,6,12.363655755398659,12,100000,1.0,1.0,0.0,0.0,-104.28691618924428,17.26179205366489
0.4,83244,photon,7,14.922035077432518,1,100000,0.90634,0.90634,0.09366,0.0,-8.873884078373713,4.811273279611729
0.4,83244,photon,7,14.922035077432518,2,100000,0.97711,0.97711,0.02289,0.0,-17.654866239430422,6.898822036380944
0.4,83244,photon,7,14.922035077432518,3,100000,0.99396,0.99396,0.00604,0.0,-26.39198338627226,8.510554420334817
0.4,83244,photon,7,14.922035077432518,4,100000,0.99819,0.99819,0.00181,0.0,-35.12630887443832,9.824354306050743
0.4,83244,photon,7,14.922035077432518,5,100000,0.99951,0.99951,0.00049,0.0,-43.87364110734627,10.953675733812142
0.4,83244,photon,7,14.922035077432518,6,100000,0.99983,0.99983,0.00017,0.0,-52.64462960215347,11.994387752666048
0.4,83244,photon,7,14.922035077432518,7,100000,0.99992,0.99992,8e-05,0.0,-61.36082241670806,12.977422786770054
0.4,83244,photon,7,14.922035077432518,8,100000,0.99994,0.99994,6e-05,0.0,-70.09208501581375,13.873226460085837
0.4,83244,photon,7,14.922035077432518,9,100000,0.99998,0.99998,2e-05,0.0,-78.8061827776601,14.71186971785732
0.4,83244,photon,7,14.922035077432518,10,100000,1.0,1.0,0.0,0.0,-87.54334242047332,15.547573257078724
0.4,83244,photon,7,14.922035077432518,11,100000,1.0,1.0,0.0,0.0,-96.23185485382663,16.30766464934123
0.4,83244,photon,7,14.922035077432518,12,100000,1.0,1.0,0.0,0.0,-104.94249171370585,17.06663610901829
0.4,83244,photon,8,18.009813218464746,1,100000,0.90802,0.90802,0.09198,0.0,-8.896997462545805,4.78990201983182
0.4,83244,photon,8,18.009813218464746,2,100000,0.97889,0.97889,0.02111,0.0,-17.739091845705726,6.832750701948385
0.4,83244,photon,8,18.009813218464746,3,100000,0.99462,0.99462,0.00538,0.0,-26.53070351936709,8.428514609880082
0.4,83244,photon,8,18.009813218464746,4,100000,0.99802,0.99802,0.00198,0.0,-35.29079476827936,9.761635845322504
0.4,83244,photon,8,18.009813218464746,5,100000,0.99928,0.99928,0.00072,0.0,-44.06553602528196,10.918109606429276
0.4,83244,photon,8,18.009813218464746,6,100000,0.99978,0.99978,0.00022,0.0,-52.86918331348937,11.961356260423099
0.4,83244,photon,8,18.009813218464746,7,100000,0.99988,0.99988,0.00012,0.0,-61.63945778334632,12.942782783115332
0.4,83244,photon,8,18.009813218464746,8,100000,0.99998,0.99998,2e-05,0.0,-70.42964189616357,13.841585115155478
0.4,83244,photon,8,18.009813218464746,9,100000,0.99999,0.99999,1e-05,0.0,-79.23518188444916,14.684814735751832
0.4,83244,photon,8,18.009813218464746,10,100000,1.0,1.0,0.0,0.0,-87.99187341397999,15.505296772856735
0.4,83244,photon,8,18.009813218464746,11,100000,1.0,1.0,0.0,0.0,-96.73996762974197,16.286370786657766
0.4,83244,photon,8,18.009813218464746,12,100000,1.0,1.0,0.0,0.0,-105.53659922091994,17.01829039412262
0.4,83244,photon,9,21.736537307469963,1,100000,0.9098,0.9098,0.0902,0.0,-8.945597255098328,4.746449067663012
0.4,83244,photon,9,21.736537307469963,2,100000,0.97893,0.97893,0.02107,0.0,-17.810047853910532,6.8104514810424295
0.4,83244,photon,9,21.736537307469963,3,100000,0.99503,0.99503,0.00497,0.0,-26.652921319284253,8.374123225238307
0.4,83244,photon,9,21.736537307469963,4,100000,0.99852,0.99852,0.00148,0.0,-35.47594607410784,9.671159196813983
0.4,83244,photon,9,21.736537307469963,5,100000,0.99952,0.99952,0.00048,0.0,-44.31274898480939,10.804528580581062
0.4,83244,photon,9,21.736537307469963,6,100000,0.99977,0.99977,0.00023,0.0,-53.14291590162934,11.851632011844814
0.4,83244,photon,9,21.736537307469963,7,100000,0.99991,0.99991,9e-05,0.0,-61.973609358104824,12.82078726743336
0.4,83244,photon,9,21.736537307469963,8,100000,0.99996,0.99996,4e-05,0.0,-70.78959173951988,13.714080906840369
0.4,83244,photon,9,21.736537307469963,9,100000,0.99999,0.99999,1e-05,0.0,-79.60777435856458,14.534703225971697
0.4,83244,photon,9,21.736537307469963,10,100000,0.99999,0.99999,1e-05,0.0,-88.4112934364086,15.362968574560888
0.4,83244,photon,9,21.736537307469963,11,100000,1.0,1.0,0.0,0.0,-97.20381981561239,16.145089310510173
0.4,83244,photon,9,21.736537307469963,12,100000,1.0,1.0,0.0,0.0,-106.03197428276515,16.855052118248516
0.4,83244,photon,10,26.234422777612238,1,100000,0.91139,0.91139,0.08861,0.0,-8.98594606048071,4.717753105178734
0.4,83244,photon,10,26.234422777612238,2,100000,0.98091,0.98091,0.01909,0.0,-17.906076550055275,6.73289724175342
0.4,83244,photon,10,26.234422777612238,3,100000,0.99522,0.99522,0.00478,0.0,-26.749865151971736,8.302145030699444
0.4,83244,photon,10,26.234422777612238,4,100000,0.99848,0.99848,0.00152,0.0,-35.607035218020236,9.615666376135952
0.4,83244,photon,10,26.234422777612238,5,100000,0.99946,0.99946,0.00054,0.0,-44.46790510369623,10.74663657831876
0.4,83244,photon,10,26.234422777612238,6,100000,0.99984,0.99984,0.00016,0.0,-53.33051049157624,11.784445084007489
0.4,83244,photon,10,26.234422777612238,7,100000,0.99994,0.99994,6e-05,0.0,-62.164947751419156,12.73212526236731
0.4,83244,photon,10,26.234422777612238,8,100000,0.99999,0.99999,1e-05,0.0,-71.01537959203372,13.61924083299515
0.4,83244,photon,10,26.234422777612238,9,100000,0.99999,0.99999,1e-05,0.0,-79.86497345248998,14.427555002326237
0.4,83244,photon,10,26.234422777612238,10,100000,0.99999,0.99999,1e-05,0.0,-88.72446318545097,15.228189063116094
0.4,83244,photon,10,26.234422777612238,11,100000,0.99999,0.99999,1e-05,0.0,-97.55299229544582,16.005834722619774
0.4,83244,photon,10,26.234422777612238,12,100000,0.99999,0.99999,1e-05,0.0,-106.40236158319382,16.742790643220886
0.4,83244,photon,11,31.66304405982725,1,100000,0.91239,0.91239,0.08761,0.0,-9.012225768446354,4.7027537557511865
0.4,83244,photon,11,31.66304405982725,2,100000,0.9805,0.9805,0.0195,0.0,-17.95544024574107,6.725183358603276
0.4,83244,photon,11,31.66304405982725,3,100000,0.99527,0.99527,0.00473,0.0,-26.852504866084406,8.263981188044033
0.4,83244,photon,11,31.66304405982725,4,100000,0.99843,0.99843,0.00157,0.0,-35.72381537371264,9.578554081221045
0.4,83244,photon,11,31.66304405982725,5,100000,0.99957,0.99957,0.00043,0.0,-44.63220691060977,10.705236623060316
0.4,83244,photon,11,31.66304405982725,6,100000,0.99988,0.99988,0.00012,0.0,-53.512999870718986,11.718060996030447
0.4,83244,photon,11,31.66304405982725,7,100000,0.99995,0.99995,5e-05,0.0,-62.398997057914066,12.677580069010832
0.4,83244,photon,11,31.66304405982725,8,100000,1.0,1.0,0.0,0.0,-71.27328346483422,13.582427059424322
0.4,83244,photon,11,31.66304405982725,9,100000,1.0,1.0,0.0,0.0,-80.15178316363833,14.414543553298895
0.4,83244,photon,11,31.66304405982725,10,100000,1.0,1.0,0.0,0.0,-89.05072423702697,15.193340582397301
0.4,83244,photon,11,31.66304405982725,11,100000,1.0,1.0,0.0,0.0,-97.9593266039431,15.943711832553847
0.4,83244,photon,11,31.66304405982725,12,100000,1.0,1.0,0.0,0.0,-106.85881894448389,16.655369368371517
0.4,83244,photon,12,38.21499590950062,1,100000,0.91366,0.91366,0.08634,0.0,-9.039457614847539,4.673429912628983
0.4,83244,photon,12,38.21499590950062,2,100000,0.98144,0.98144,0.01856,0.0,-18.014575358219467,6.668652570647204
0.4,83244,photon,12,38.21499590950062,3,100000,0.99506,0.99506,0.00494,0.0,-26.956894246221697,8.223840717053662
0.4,83244,photon,12,38.21499590950062,4,100000,0.9987,0.9987,0.0013,0.0,-35.83098281594173,9.534110256193745
0.4,83244,photon,12,38.21499590950062,5,100000,0.99959,0.99959,0.00041,0.0,-44.75391232346219,10.644547793735217
0.4,83244,photon,12,38.21499590950062,6,100000,0.99989,0.99989,0.00011,0.0,-53.66652104021216,11.667523598813267
0.4,83244,photon,12,38.21499590950062,7,100000,0.99996,0.99996,4e-05,0.0,-62.57636763218395,12.64548294335242
0.4,83244,photon,12,38.21499590950062,8,100000,0.99998,0.99998,2e-05,0.0,-71.49589617783411,13.525833150378467
0.4,83244,photon,12,38.21499590950062,9,100000,0.99999,0.99999,1e-05,0.0,-80.41102950901502,14.34942745606794
0.4,83244,photon,12,38.21499590950062,10,100000,1.0,1.0,0.0,0.0,-89.3202460343194,15.14363178233831
0.4,83244,photon,12,38.21499590950062,11,100000,1.0,1.0,0.0,0.0,-98.22142290918536,15.892598878909764
0.4,83244,photon,12,38.21499590950062,12,100000,1.0,1.0,0.0,0.0,-107.12045239081215,16.594071334588644
0.4,83244,photon,13,46.12272621683984,1,100000,0.91388,0.91388,0.08612,0.0,-9.04889027040777,4.673208861075939
0.4,83244,photon,13,46.12272621683984,2,100000,0.98129,0.98129,0.01871,0.0,-18.036284969930254,6.659586227707654
0.4,83244,photon,13,46.12272621683984,3,100000,0.99542,0.99542,0.00458,0.0,-26.94547366935187,8.23304828489304
0.4,83244,photon,13,46.12272621683984,4,100000,0.99852,0.99852,0.00148,0.0,-35.870527050440174,9.519089162122297
0.4,83244,photon,13,46.12272621683984,5,100000,0.99953,0.99953,0.00047,0.0,-44.81249069255651,10.644621702740668
0.4,83244,photon,13,46.12272621683984,6,100000,0.99987,0.99987,0.00013,0.0,-53.72647602954116,11.679473038780328
0.4,83244,photon,13,46.12272621683984,7,100000,0.99994,0.99994,6e-05,0.0,-62.66459509386126,12.615016861711954
0.4,83244,photon,13,46.12272621683984,8,100000,0.99998,0.99998,2e-05,0.0,-71.58118180591043,13.495897489362395
0.4,83244,photon,13,46.12272621683984,9,100000,0.99999,0.99999,1e-05,0.0,-80.51881677505871,14.321103200909132
0.4,83244,photon,13,46.12272621683984,10,100000,1.0,1.0,0.0,0.0,-89.42427024707973,15.132359571621318
0.4,83244,photon,13,46.12272621683984,11,100000,1.0,1.0,0.0,0.0,-98.34755340752749,15.868445057783308
0.4,83244,photon,13,46.12272621683984,12,100000,1.0,1.0,0.0,0.0,-107.29600794909125,16.5655713163038
0.4,83244,photon,14,55.666782713031616,1,100000,0.91435,0.91435,0.08565,0.0,-9.063348586573458,4.658833537484379
0.4,83244,photon,14,55.666782713031616,2,100000,0.98136,0.98136,0.01864,0.0,-18.055435848519576,6.666449799764198
0.4,83244,photon,14,55.666782713031616,3,100000,0.99564,0.99564,0.00436,0.0,-27.00703442619481,8.181913574618925
0.4,83244,photon,14,55.666782713031616,4,100000,0.99866,0.99866,0.00134,0.0,-35.931088490488214,9.460733085741
0.4,83244,photon,14,55.666782713031616,5,100000,0.99959,0.99959,0.00041,0.0,-44.878310634195024,10.611432316041155
0.4,83244,photon,14,55.666782713031616,6,100000,0.99983,0.99983,0.00017,0.0,-53.873330643445534,11.623933583205835
0.4,83244,photon,14,55.666782713031616,7,100000,0.99995,0.99995,5e-05,0.0,-62.81736526653899,12.578961734487692
0.4,83244,photon,14,55.666782713031616,8,100000,1.0,1.0,0.0,0.0,-71.75863626817772,13.465656417032124
0.4,83244,photon,14,55.666782713031616,9,100000,0.99999,0.99999,1e-05,0.0,-80.6989714243348,14.281548221180426
0.4,83244,photon,14,55.666782713031616,10,100000,1.0,1.0,0.0,0.0,-89.65516269822574,15.043529082984406
0.4,83244,photon,14,55.666782713031616,11,100000,1.0,1.0,0.0,0.0,-98.58823188989325,15.79460150725364
0.4,83244,photon,14,55.666782713031616,12,100000,1.0,1.0,0.0,0.0,-107.52697483448374,16.49743699155014
0.4,83244,photon,15,67.18576614598469,1,100000,0.91608,0.91608,0.08392,0.0,-9.083736018155706,4.630035364037631
0.4,83244,photon,15,67.18576614598469,2,100000,0.98252,0.98252,0.01748,0.0,-18.117595626956014,6.598285447282175
0.4,83244,photon,15,67.18576614598469,3,100000,0.99596,0.99596,0.00404,0.0,-27.084260078826365,8.147172570231067
0.4,83244,photon,15,67.18576614598469,4,100000,0.99864,0.99864,0.00136,0.0,-36.02811340021535,9.458710709939027
0.4,83244,photon,15,67.18576614598469,5,100000,0.99958,0.99958,0.00042,0.0,-45.00930510200456,10.58710680702603
0.4,83244,photon,15,67.18576614598469,6,100000,0.99989,0.99989,0.00011,0.0,-53.98605295914562,11.59564889007098
0.4,83244,photon,15,67.18576614598469,7,100000,0.99999,0.99999,1e-05,0.0,-62.93990581838009,12.55565002440967
0.4,83244,photon,15,67.18576614598469,8,100000,1.0,1.0,0.0,0.0,-71.8791919202697,13.443747538781349
0.4,83244,photon,15,67.18576614598469,9,100000,1.0,1.0,0.0,0.0,-80.86878024718557,14.25839976347706
0.4,83244,photon,15,67.18576614598469,10,100000,1.0,1.0,0.0,0.0,-89.81920738119226,15.021338899783716
0.4,83244,photon,15,67.18576614598469,11,100000,1.0,1.0,0.0,0.0,-98.79651316803711,15.774635140738097
0.4,83244,photon,15,67.18576614598469,12,100000,1.0,1.0,0.0,0.0,-107.73336420939197,16.45708110106951
0.4,83244,photon,16,81.08834304099686,1,100000,0.91548,0.91548,0.08452,0.0,-9.089453796576269,4.622698310661759
0.4,83244,photon,16,81.08834304099686,2,100000,0.98209,0.98209,0.01791,0.0,-18.10197797132608,6.617175677230903
0.4,83244,photon,16,81.08834304099686,3,100000,0.99579,0.99579,0.00421,0.0,-27.10598786193677,8.140431301375278
0.4,83244,photon,16,81.08834304099686,4,100000,0.99871,0.99871,0.00129,0.0,-36.08128304146621,9.442873337073383
0.4,83244,photon,16,81.08834304099686,5,100000,0.99956,0.99956,0.00044,0.0,-45.06276576055614,10.57648084927301
0.4,83244,photon,16,81.08834304099686,6,100000,0.99979,0.99979,0.00021,0.0,-54.046266150118804,11.609998130693539
0.4,83244,photon,16,81.08834304099686,7,100000,0.99998,0.99998,2e-05,0.0,-63.05619981880931,12.52920190355294
0.4,83244,photon,16,81.08834304099686,8,100000,0.99999,0.99999,1e-05,0.0,-72.03709734299946,13.411531477304655
0.4,83244,photon,16,81.08834304099686,9,100000,1.0,1.0,0.0,0.0,-80.99541737953459,14.226701774258082
0.4,83244,photon,16,81.08834304099686,10,100000,1.0,1.0,0.0,0.0,-89.93833269351506,15.018777128603691
0.4,83244,photon,16,81.08834304099686,11,100000,1.0,1.0,0.0,0.0,-98.9121797019144,15.784965098069073
0.4,83244,photon,16,81.08834304099686,12,100000,1.0,1.0,0.0,0.0,-107.89273842173606,16.490200849304564
0.4,83244,photon,17,97.8677442309312,1,100000,0.91648,0.91648,0.08352,0.0,-9.097301000704219,4.622431932633544
0.4,83244,photon,17,97.8677442309312,2,100000,0.98262,0.98262,0.01738,0.0,-18.13811227362719,6.584197712660276
0.4,83244,photon,17,97.8677442309312,3,100000,0.99633,0.99633,0.00367,0.0,-27.129724155192893,8.118995771431964
0.4,83244,photon,17,97.8677442309312,4,100000,0.99881,0.99881,0.00119,0.0,-36.09858188093885,9.411386226535912
0.4,83244,photon,17,97.8677442309312,5,100000,0.99952,0.99952,0.00048,0.0,-45.09626385690435,10.53562968484136
0.4,83244,photon,17,97.8677442309312,6,100000,0.99985,0.99985,0.00015,0.0,-54.08233671040744,11.552951985254111
0.4,83244,photon,17,97.8677442309312,7,100000,0.99997,0.99997,3e-05,0.0,-63.060511207480765,12.486601139251011
0.4,83244,photon,17,97.8677442309312,8,100000,0.99998,0.99998,2e-05,0.0,-72.02644339151351,13.359592947659007
0.4,83244,photon,17,97.8677442309312,9,100000,1.0,1.0,0.0,0.0,-81.00950430372325,14.179990069550986
0.4,83244,photon,17,97.8677442309312,10,100000,1.0,1.0,0.0,0.0,-89.97448272712467,14.952280859238845
0.4,83244,photon,17,97.8677442309312,11,100000,1.0,1.0,0.0,0.0,-98.95500626813272,15.696357820730366
0.4,83244,photon,17,97.8677442309312,12,100000,1.0,1.0,0.0,0.0,-107.94762852517026,16.396308179650767
0.4,83244,photon,18,118.11926352975836,1,100000,0.91603,0.91603,0.08397,0.0,-9.09576876897572,4.622499045767683
0.4,83244,photon,18,118.11926352975836,2,100000,0.98189,0.98189,0.01811,0.0,-18.12450834504062,6.623698248424743
0.4,83244,photon,18,118.11926352975836,3,100000,0.99569,0.99569,0.00431,0.0,-27.11618521501092,8.147779903866908
0.4,83244,photon,18,118.11926352975836,4,100000,0.99855,0.99855,0.00145,0.0,-36.093473873555425,9.445481099100471
0.4,83244,photon,18,118.11926352975836,5,100000,0.99968,0.99968,0.00032,0.0,-45.1078602997716,10.533759053087538
0.4,83244,photon,18,118.11926352975836,6,100000,0.99989,0.99989,0.00011,0.0,-54.13979820679236,11.53147392314458
0.4,83244,photon,18,118.11926352975836,7,100000,0.99997,0.99997,3e-05,0.0,-63.11018126326791,12.4998129696319
0.4,83244,photon,18,118.11926352975836,8,100000,0.99999,0.99999,1e-05,0.0,-72.08720580353886,13.372925485865949
0.4,83244,photon,18,118.11926352975836,9,100000,1.0,1.0,0.0,0.0,-81.05641030892973,14.17224532876105
0.4,83244,photon,18,118.11926352975836,10,100000,1.0,1.0,0.0,0.0,-90.01335656954052,14.950046351040484
0.4,83244,photon,18,118.11926352975836,11,100000,1.0,1.0,0.0,0.0,-98.99083234115571,15.692144818428508
0.4,83244,photon,18,118.11926352975836,12,100000,1.0,1.0,0.0,0.0,-107.96376173686022,16.409357923946946
0.4,83244,photon,19,142.56137736137705,1,100000,0.91549,0.91549,0.08451,0.0,-9.105830134253097,4.625218551015971
0.4,83244,photon,19,142.56137736137705,2,100000,0.98229,0.98229,0.01771,0.0,-18.148044660036586,6.600657453243274
0.4,83244,photon,19,142.56137736137705,3,100000,0.99559,0.99559,0.00441,0.0,-27.13175275278775,8.125406194372902
0.4,83244,photon,19,142.56137736137705,4,100000,0.99854,0.99854,0.00146,0.0,-36.10540174059364,9.408677825693594
0.4,83244,photon,19,142.56137736137705,5,100000,0.9995,0.9995,0.0005,0.0,-45.11577381629719,10.506196777510915
0.4,83244,photon,19,142.56137736137705,6,100000,0.99988,0.99988,0.00012,0.0,-54.10608335482892,11.535666925102044
0.4,83244,photon,19,142.56137736137705,7,100000,0.99996,0.99996,4e-05,0.0,-63.090445466142725,12.478371168806277
0.4,83244,photon,19,142.56137736137705,8,100000,0.99998,0.99998,2e-05,0.0,-72.09493141610002,13.357933039427738
0.4,83244,photon,19,142.56137736137705,9,100000,1.0,1.0,0.0,0.0,-81.06135023495456,14.159362228202127
0.4,83244,photon,19,142.56137736137705,10,100000,1.0,1.0,0.0,0.0,-90.04852565104758,14.936005328511836
0.4,83244,photon,19,142.56137736137705,11,100000,1.0,1.0,0.0,0.0,-99.02612303551172,15.675245568150313
0.4,83244,photon,19,142.56137736137705,12,100000,1.0,1.0,0.0,0.0,-108.00745773650542,16.378981880360175
0.4,83244,su2,0,4.0,1,100000,0.94672,0.05328,0.94672,0.0,4.482251613093021,2.2343755291945464
0.4,83244,su2,0,4.0,2,100000,0.98643,0.01357,0.98643,0.0,8.937335752701756,3.17223570197458
0.4,83244,su2,0,4.0,3,100000,0.99255,0.00745,0.99255,0.0,13.392356548984043,3.8924014511644898
0.4,83244,su2,0,4.0,4,100000,0.99715,0.00285,0.99715,0.0,17.857260306649735,4.490157256690349
0.4,83244,su2,0,4.0,5,100000,0.99901,0.00099,0.99901,0.0,22.33182540632846,5.005611524726235
0.4,83244,su2,0,4.0,6,100000,0.99961,0.00039,0.99961,0.0,26.788445563995996,5.479619526385114
0.4,83244,su2,0,4.0,7,100000,0.9999,0.0001,0.9999,0.0,31.22012269177057,5.928252378154989
0.4,83244,su2,0,4.0,8,100000,0.99996,4e-05,0.99996,0.0,35.67520830538333,6.341669037967442
0.4,83244,su2,0,4.0,9,100000,0.99997,3e-05,0.99997,0.0,40.12455197105361,6.7292481604554855
0.4,83244,su2,0,4.0,10,100000,0.99999,1e-05,0.99999,0.0,44.584182219230485,7.101378553175832
0.4,83244,su2,0,4.0,11,100000,1.0,0.0,1.0,0.0,49.03435942033816,7.459568369240167
0.4,83244,su2,0,4.0,12,100000,1.0,0.0,1.0,0.0,53.49086927935613,7.8069400226642
0.4,83244,su2,1,5.095683551653521,1,100000,0.94407,0.05593,0.94407,0.0,4.455025126407783,2.257382199129632
0.4,83244,su2,1,5.095683551653521,2,100000,0.98618,0.01382,0.98618,0.0,8.898468970527421,3.195257883112065
0.4,83244,su2,1,5.095683551653521,3,100000,0.99247,0.00753,0.99247,0.0,13.340702916072045,3.9054203860765777
0.4,83244,su2,1,5.095683551653521,4,100000,0.99706,0.00294,0.99706,0.0,17.779818873714547,4.5146937208312
0.4,83244,su2,1,5.095683551653521,5,100000,0.99895,0.00105,0.99895,0.0,22.21178468948213,5.059311298280919
0.4,83244,su2,1,5.095683551653521,6,100000,0.9995,0.0005,0.9995,0.0,26.655398400791736,5.550247371773827
0.4,83244,su2,1,5.095683551653521,7,100000,0.99982,0.00018,0.99982,0.0,31.10539163849728,6.004909904224865
0.4,83244,su2,1,5.095683551653521,8,100000,0.99993,7e-05,0.99993,0.0,35.55342464839296,6.436852689998304
0.4,83244,su2,1,5.095683551653521,9,100000,0.99997,3e-05,0.99997,0.0,39.98813193409324,6.8211972336999365
0.4,83244,su2,1,5.095683551653521,10,100000,1.0,0.0,1.0,0.0,44.41485069404929,7.196816097023857
0.4,83244,su2,1,5.095683551653521,11,100000,1.0,0.0,1.0,0.0,48.85427893341786,7.549001132747184
0.4,83244,su2,1,5.095683551653521,12,100000,1.0,0.0,1.0,0.0,53.30001849457283,7.876072291760044
0.4,83244,su2,2,6.491497714648063,1,100000,0.94335,0.05665,0.94335,0.0,4.445127827465625,2.2813528218328805
0.4,83244,su2,2,6.491497714648063,2,100000,0.98528,0.01472,0.98528,0.0,8.873121715154374,3.212686567697024
0.4,83244,su2,2,6.491497714648063,3,100000,0.99208,0.00792,0.99208,0.0,13.299007331749937,3.937971122795883
0.4,83244,su2,2,6.491497714648063,4,100000,0.99697,0.00303,0.99697,0.0,17.734262872439245,4.5524877916033155
0.4,83244,su2,2,6.491497714648063,5,100000,0.99886,0.00114,0.99886,0.0,22.158844288079678,5.095819275595753
0.4,83244,su2,2,6.491497714648063,6,100000,0.99955,0.00045,0.99955,0.0,26.593779353476442,5.561180258302272
0.4,83244,su2,2,6.491497714648063,7,100000,0.99983,0.00017,0.99983,0.0,31.017595849274894,5.999070993772262
0.4,83244,su2,2,6.491497714648063,8,100000,0.99993,7e-05,0.99993,0.0,35.429177100235705,6.426433558609664
0.4,83244,su2,2,6.491497714648063,9,100000,0.99998,2e-05,0.99998,0.0,39.85518863193923,6.822644182263527
0.4,83244,su2,2,6.491497714648063,10,100000,0.99998,2e-05,0.99998,0.0,44.277527696815504,7.187881701730599
0.4,83244,su2,2,6.491497714648063,11,100000,0.99999,1e-05,0.99999,0.0,48.69324757150652,7.537624943137131
0.4,83244,su2,2,6.491497714648063,12,100000,1.0,0.0,1.0,0.0,53.11013674440659,7.873538474642687
0.4,83244,su2,3,8.269654532532142,1,100000,0.94262,0.05738,0.94262,0.0,4.432477287699584,2.2814874399237177
0.4,83244,su2,3,8.269654532532142,2,100000,0.98584,0.01416,0.98584,0.0,8.86435336657117,3.211747892752785
0.4,83244,su2,3,8.269654532532142,3,100000,0.99196,0.00804,0.99196,0.0,13.274354723881949,3.961129110346076
0.4,83244,su2,3,8.269654532532142,4,100000,0.99653,0.00347,0.99653,0.0,17.69345001227392,4.591637733904633
0.4,83244,su2,3,8.269654532532142,5,100000,0.99893,0.00107,0.99893,0.0,22.09573281630598,5.125476480135108
0.4,83244,su2,3,8.269654532532142,6,100000,0.9996,0.0004,0.9996,0.0,26.50763854349715,5.618244878616454
0.4,83244,su2,3,8.269654532532142,7,100000,0.99977,0.00023,0.99977,0.0,30.92163791451485,6.068797491201309
0.4,83244,su2,3,8.269654532532142,8,100000,0.99996,4e-05,0.99996,0.0,35.33194574802314,6.490780670574808
0.4,83244,su2,3,8.269654532532142,9,100000,0.99999,1e-05,0.99999,0.0,39.75408155778549,6.87201119573941
0.4,83244,su2,3,8.269654532532142,10,100000,1.0,0.0,1.0,0.0,44.16820260802272,7.236559341733669
0.4,83244,su2,3,8.269654532532142,11,100000,1.0,0.0,1.0,0.0,48.57707556024844,7.59282201307476
0.4,83244,su2,3,8.269654532532142,12,100000,1.0,0.0,1.0,0.0,52.9837394473813,7.931511182708593
0.4,83244,su2,4,10.534885644820253,1,100000,0.94301,0.05699,0.94301,0.0,4.423978876328582,2.281791005712205
0.4,83244,su2,4,10.534885644820253,2,100000,0.98539,0.01461,0.98539,0.0,8.839068965963806,3.2297829039897428
0.4,83244,su2,4,10.534885644820253,3,100000,0.99171,0.00829,0.99171,0.0,13.234311105165453,3.9700660807581536
0.4,83244,su2,4,10.534885644820253,4,100000,0.99676,0.00324,0.99676,0.0,17.649058637312894,4.579708092941804
0.4,83244,su2,4,10.534885644820253,5,100000,0.99873,0.00127,0.99873,0.0,22.061730993724698,5.1134315616431
0.4,83244,su2,4,10.534885644820253,6,100000,0.9995,0.0005,0.9995,0.0,26.47491585422492,5.588125813887379
0.4,83244,su2,4,10.534885644820253,7,100000,0.99975,0.00025,0.99975,0.0,30.887957241816878,6.040452660790178
0.4,83244,su2,4,10.534885644820253,8,100000,0.99992,8e-05,0.99992,0.0,35.28490440568661,6.4643782621722785
0.4,83244,su2,4,10.534885644820253,9,100000,0.99998,2e-05,0.99998,0.0,39.684214483007125,6.861842487987399
0.4,83244,su2,4,10.534885644820253,10,100000,0.99999,1e-05,0.99999,0.0,44.0806720515832,7.232951487401634
0.4,83244,su2,4,10.534885644820253,11,100000,1.0,0.0,1.0,0.0,48.49299299218411,7.587561488781283
0.4,83244,su2,4,10.534885644820253,12,100000,1.0,0.0,1.0,0.0,52.89117191415202,7.921026452819749
0.4,83244,su2,5,13.420610874715353,1,100000,0.94286,0.05714,0.94286,0.0,4.42178563644727,2.2934657573732853
0.4,83244,su2,5,13.420610874715353,2,100000,0.98477,0.01523,0.98477,0.0,8.819854877556212,3.2373640190566437
0.4,83244,su2,5,13.420610874715353,3,100000,0.99162,0.00838,0.99162,0.0,13.219985595796718,3.9735469506233954
0.4,83244,su2,5,13.420610874715353,4,100000,0.99674,0.00326,0.99674,0.0,17.62857402959777,4.5956388018418615
0.4,83244,su2,5,13.420610874715353,5,100000,0.99889,0.00111,0.99889,0.0,22.035019492671598,5.128566649190881
0.4,83244,su2,5,13.420610874715353,6,100000,0.99959,0.00041,0.99959,0.0,26.434624727433146,5.619708876583041
0.4,83244,su2,5,13.420610874715353,7,100000,0.99982,0.00018,0.99982,0.0,30.837697707254552,6.061346901723259
0.4,83244,su2,5,13.420610874715353,8,100000,0.99995,5e-05,0.99995,0.0,35.21808083535053,6.492400958479548
0.4,83244,su2,5,13.420610874715353,9,100000,0.99999,1e-05,0.99999,0.0,39.612488104130456,6.898273379349002
0.4,83244,su2,5,13.420610874715353,10,100000,0.99999,1e-05,0.99999,0.0,44.006693178781134,7.276491380192892
0.4,83244,su2,5,13.420610874715353,11,100000,1.0,0.0,1.0,0.0,48.399567743592726,7.639371211961263
0.4,83244,su2,5,13.420610874715353,12,100000,1.0,0.0,1.0,0.0,52.79574852432458,7.962725390717896
0.4,83244,su2,6,17.096796521857346,1,100000,0.9419,0.0581,0.9419,0.0,4.420306083209215,2.2895946267743357
0.4,83244,su2,6,17.096796521857346,2,100000,0.98482,0.01518,0.98482,0.0,8.821143093772346,3.246124525532126
0.4,83244,su2,6,17.096796521857346,3,100000,0.99161,0.00839,0.99161,0.0,13.215899280750762,3.9783829566391096
0.4,83244,su2,6,17.096796521857346,4,100000,0.99643,0.00357,0.99643,0.0,17.60015696363801,4.597904708851164
0.4,83244,su2,6,17.096796521857346,5,100000,0.99866,0.00134,0.99866,0.0,21.99426388081484,5.142291703594139
0.4,83244,su2,6,17.096796521857346,6,100000,0.99952,0.00048,0.99952,0.0,26.39147533378021,5.615633557959629
0.4,83244,su2,6,17.096796521857346,7,100000,0.99983,0.00017,0.99983,0.0,30.79567631087294,6.069046366303704
0.4,83244,su2,6,17.096796521857346,8,100000,0.9999,0.0001,0.9999,0.0,35.18541525277659,6.482826739212125
0.4,83244,su2,6,17.096796521857346,9,100000,0.99996,4e-05,0.99996,0.0,39.589147580608895,6.870291184916937
0.4,83244,su2,6,17.096796521857346,10,100000,0.99998,2e-05,0.99998,0.0,43.98893080773633,7.244166976936324
0.4,83244,su2,6,17.096796521857346,11,100000,1.0,0.0,1.0,0.0,48.375432995822266,7.59257963208034
0.4,83244,su2,6,17.096796521857346,12,100000,1.0,0.0,1.0,0.0,52.765860000861714,7.930082659204334
0.4,83244,su2,7,21.779966205598896,1,100000,0.94281,0.05719,0.94281,0.0,4.420675973125743,2.2751668131723295
0.4,83244,su2,7,21.779966205598896,2,100000,0.98503,0.01497,0.98503,0.0,8.82621910121387,3.2206036425925704
0.4,83244,su2,7,21.779966205598896,3,100000,0.99247,0.00753,0.99247,0.0,13.223321347994126,3.9484532703336725
0.4,83244,su2,7,21.779966205598896,4,100000,0.99659,0.00341,0.99659,0.0,17.602884638545948,4.576193518516461
0.4,83244,su2,7,21.779966205598896,5,100000,0.99869,0.00131,0.99869,0.0,21.989302724116627,5.139488258141641
0.4,83244,su2,7,21.779966205598896,6,100000,0.9995,0.0005,0.9995,0.0,26.378733688829495,5.622109666069183
0.4,83244,su2,7,21.779966205598896,7,100000,0.99974,0.00026,0.99974,0.0,30.772800916569558,6.072260265107754
0.4,83244,su2,7,21.779966205598896,8,100000,0.99992,8e-05,0.99992,0.0,35.15253018552447,6.481717812988308
0.4,83244,su2,7,21.779966205598896,9,100000,0.99994,6e-05,0.99994,0.0,39.53860471398563,6.874267152535791
0.4,83244,su2,7,21.779966205598896,10,100000,1.0,0.0,1.0,0.0,43.93581974521824,7.248671828082561
0.4,83244,su2,7,21.779966205598896,11,100000,1.0,0.0,1.0,0.0,48.32429829115038,7.60625578475756
0.4,83244,su2,7,21.779966205598896,12,100000,0.99999,1e-05,0.99999,0.0,52.71577358171285,7.951374284303598
0.4,83244,su2,8,27.745953887359985,1,100000,0.94054,0.05946,0.94054,0.0,4.398260553943873,2.309072779318068
0.4,83244,su2,8,27.745953887359985,2,100000,0.98383,0.01617,0.98383,0.0,8.770276728232501,3.281951358815169
0.4,83244,su2,8,27.745953887359985,3,100000,0.99091,0.00909,0.99091,0.0,13.13455539174903,4.026403252848265
0.4,83244,su2,8,27.745953887359985,4,100000,0.99622,0.00378,0.99622,0.0,17.5043209249443,4.637446418752891
0.4,83244,su2,8,27.745953887359985,5,100000,0.99868,0.00132,0.99868,0.0,21.886350509752837,5.188966370761796
0.4,83244,su2,8,27.745953887359985,6,100000,0.9995,0.0005,0.9995,0.0,26.257148148495485,5.6926555099457055
0.4,83244,su2,8,27.745953887359985,7,100000,0.99981,0.00019,0.99981,0.0,30.632587740733307,6.143253889465846
0.4,83244,su2,8,27.745953887359985,8,100000,0.99987,0.00013,0.99987,0.0,35.00809258570911,6.5661494499813156
0.4,83244,su2,8,27.745953887359985,9,100000,0.99998,2e-05,0.99998,0.0,39.38639035875249,6.96750855878145
0.4,83244,su2,8,27.745953887359985,10,100000,1.0,0.0,1.0,0.0,43.761750070124485,7.344500494342859
0.4,83244,su2,8,27.745953887359985,11,100000,1.0,0.0,1.0,0.0,48.14059188265772,7.6981506825609225
0.4,83244,su2,8,27.745953887359985,12,100000,1.0,0.0,1.0,0.0,52.514866226190655,8.037708392564234
0.4,83244,su2,9,35.34615021218933,1,100000,0.94207,0.05793,0.94207,0.0,4.417237834505861,2.2944566367036803
0.4,83244,su2,9,35.34615021218933,2,100000,0.98443,0.01557,0.98443,0.0,8.81234491639818,3.2480780969311787
0.4,83244,su2,9,35.34615021218933,3,100000,0.99152,0.00848,0.99152,0.0,13.196651296353997,3.9838341630542424
0.4,83244,su2,9,35.34615021218933,4,100000,0.99677,0.00323,0.99677,0.0,17.590100257361488,4.595708056237799
0.4,83244,su2,9,35.34615021218933,5,100000,0.99879,0.00121,0.99879,0.0,21.980009039959842,5.1394010439825815
0.4,83244,su2,9,35.34615021218933,6,100000,0.99957,0.00043,0.99957,0.0,26.353778154281294,5.627984699446664
0.4,83244,su2,9,35.34615021218933,7,100000,0.99987,0.00013,0.99987,0.0,30.734690648382905,6.059246969954009
0.4,83244,su2,9,35.34615021218933,8,100000,0.99995,5e-05,0.99995,0.0,35.110034047926476,6.486961651895303
0.4,83244,su2,9,35.34615021218933,9,100000,0.99998,2e-05,0.99998,0.0,39.506735929139346,6.864387682235127
0.4,83244,su2,9,35.34615021218933,10,100000,0.99999,1e-05,0.99999,0.0,43.88131083760722,7.239309163702222
0.4,83244,su2,9,35.34615021218933,11,100000,1.0,0.0,1.0,0.0,48.25466652314143,7.59613517097662
0.4,83244,su2,9,35.34615021218933,12,100000,1.0,0.0,1.0,0.0,52.634403824820716,7.945050522330253
0.4,83244,su2,10,45.028199062631984,1,100000,0.94168,0.05832,0.94168,0.0,4.4107415750128975,2.283665196489614
0.4,83244,su2,10,45.028199062631984,2,100000,0.98499,0.01501,0.98499,0.0,8.792207905046537,3.2389885776711345
0.4,83244,su2,10,45.028199062631984,3,100000,0.99167,0.00833,0.99167,0.0,13.188231201252748,3.972798815733773
0.4,83244,su2,10,45.028199062631984,4,100000,0.99659,0.00341,0.99659,0.0,17.567933601749747,4.587711119722562
0.4,83244,su2,10,45.028199062631984,5,100000,0.99862,0.00138,0.99862,0.0,21.955702654945814,5.141359602067456
0.4,83244,su2,10,45.028199062631984,6,100000,0.9996,0.0004,0.9996,0.0,26.324708942564186,5.643421951153751
0.4,83244,su2,10,45.028199062631984,7,100000,0.99987,0.00013,0.99987,0.0,30.705064908165507,6.08407045768608
0.4,83244,su2,10,45.028199062631984,8,100000,0.99999,1e-05,0.99999,0.0,35.0860534174953,6.505737489871227
0.4,83244,su2,10,45.028199062631984,9,100000,0.99998,2e-05,0.99998,0.0,39.46447954652682,6.916269131070845
0.4,83244,su2,10,45.028199062631984,10,100000,1.0,0.0,1.0,0.0,43.84392067375532,7.28382644755531
0.4,83244,su2,10,45.028199062631984,11,100000,1.0,0.0,1.0,0.0,48.225078657617914,7.63826975296663
0.4,83244,su2,10,45.028199062631984,12,100000,1.0,0.0,1.0,0.0,52.608250240569255,7.977300845052509
0.4,83244,su2,11,57.36236333100857,1,100000,0.94048,0.05952,0.94048,0.0,4.400532050655507,2.2961010065923446
0.4,83244,su2,11,57.36236333100857,2,100000,0.98425,0.01575,0.98425,0.0,8.773935539618599,3.2584480072713373
0.4,83244,su2,11,57.36236333100857,3,100000,0.99161,0.00839,0.99161,0.0,13.15165976136324,3.9824801392874996
0.4,83244,su2,11,57.36236333100857,4,100000,0.99631,0.00369,0.99631,0.0,17.536981113428098,4.6089243827551325
0.4,83244,su2,11,57.36236333100857,5,100000,0.99854,0.00146,0.99854,0.0,21.929792178118564,5.150573450321952
0.4,83244,su2,11,57.36236333100857,6,100000,0.99946,0.00054,0.99946,0.0,26.3111443038566,5.643545593912896
0.4,83244,su2,11,57.36236333100857,7,100000,0.99984,0.00016,0.99984,0.0,30.67891909850509,6.0987229544471955
0.4,83244,su2,11,57.36236333100857,8,100000,0.99993,7e-05,0.99993,0.0,35.05597876205232,6.517647972138988
0.4,83244,su2,11,57.36236333100857,9,100000,0.99995,5e-05,0.99995,0.0,39.42460025089913,6.922926520007337
0.4,83244,su2,11,57.36236333100857,10,100000,0.99997,3e-05,0.99997,0.0,43.804292965713095,7.281915741239996
0.4,83244,su2,11,57.36236333100857,11,100000,1.0,0.0,1.0,0.0,48.17730945099907,7.6352833574934555
0.4,83244,su2,11,57.36236333100857,12,100000,1.0,0.0,1.0,0.0,52.54712602674012,7.977078133597233
0.4,83244,su2,12,73.07511282744834,1,100000,0.94029,0.05971,0.94029,0.0,4.403538935352881,2.302260068972114
0.4,83244,su2,12,73.07511282744834,2,100000,0.98451,0.01549,0.98451,0.0,8.789551010819626,3.2484947897139405
0.4,83244,su2,12,73.07511282744834,3,100000,0.99158,0.00842,0.99158,0.0,13.17561106936476,3.982649484266566
0.4,83244,su2,12,73.07511282744834,4,100000,0.99629,0.00371,0.99629,0.0,17.563407069537746,4.6140296405855095
0.4,83244,su2,12,73.07511282744834,5,100000,0.99854,0.00146,0.99854,0.0,21.947155415123905,5.146442469021048
0.4,83244,su2,12,73.07511282744834,6,100000,0.99948,0.00052,0.99948,0.0,26.32100615469248,5.652548324400637
0.4,83244,su2,12,73.07511282744834,7,100000,0.99975,0.00025,0.99975,0.0,30.687864396865518,6.124849774336205
0.4,83244,su2,12,73.07511282744834,8,100000,0.99992,8e-05,0.99992,0.0,35.07602628241949,6.533238522806529
0.4,83244,su2,12,73.07511282744834,9,100000,0.99995,5e-05,0.99995,0.0,39.446258228510416,6.918438135059131
0.4,83244,su2,12,73.07511282744834,10,100000,0.99997,3e-05,0.99997,0.0,43.824097477594556,7.306962158776843
0.4,83244,su2,12,73.07511282744834,11,100000,1.0,0.0,1.0,0.0,48.19443158322258,7.662858700021725
0.4,83244,su2,12,73.07511282744834,12,100000,1.0,0.0,1.0,0.0,52.569056614916434,8.004636535475523
0.4,83244,su2,13,93.09191261751351,1,100000,0.94078,0.05922,0.94078,0.0,4.397844062183405,2.308454340982706
0.4,83244,su2,13,93.09191261751351,2,100000,0.98456,0.01544,0.98456,0.0,8.787259406214334,3.2472271049994625
0.4,83244,su2,13,93.09191261751351,3,100000,0.99137,0.00863,0.99137,0.0,13.176583299824319,3.986305107056534
0.4,83244,su2,13,93.09191261751351,4,100000,0.99651,0.00349,0.99651,0.0,17.547365099585527,4.617578963487244
0.4,83244,su2,13,93.09191261751351,5,100000,0.9986,0.0014,0.9986,0.0,21.915886565202573,5.175683765935861
0.4,83244,su2,13,93.09191261751351,6,100000,0.99952,0.00048,0.99952,0.0,26.29031903922343,5.670031357846664
0.4,83244,su2,13,93.09191261751351,7,100000,0.9998,0.0002,0.9998,0.0,30.6624703018532,6.120022794841212
0.4,83244,su2,13,93.09191261751351,8,100000,0.99989,0.00011,0.99989,0.0,35.02867777998819,6.548503607081264
0.4,83244,su2,13,93.09191261751351,9,100000,0.99996,4e-05,0.99996,0.0,39.39928370377663,6.945418026515696
0.4,83244,su2,13,93.09191261751351,10,100000,0.99996,4e-05,0.99996,0.0,43.7551408316823,7.312372996431881
0.4,83244,su2,13,93.09191261751351,11,100000,1.0,0.0,1.0,0.0,48.12684836239075,7.662196415759928
0.4,83244,su2,13,93.09191261751351,12,100000,1.0,0.0,1.0,0.0,52.490121322071666,8.003785143787537
0.4,83244,su2,14,118.5917319792576,1,100000,0.94103,0.05897,0.94103,0.0,4.400037634828384,2.3098703851424878
0.4,83244,su2,14,118.5917319792576,2,100000,0.98396,0.01604,0.98396,0.0,8.775360214445811,3.271085673485534
0.4,83244,su2,14,118.5917319792576,3,100000,0.99114,0.00886,0.99114,0.0,13.153828267421805,3.997911544278091
0.4,83244,su2,14,118.5917319792576,4,100000,0.9964,0.0036,0.9964,0.0,17.53831004947268,4.619374681472044
0.4,83244,su2,14,118.5917319792576,5,100000,0.9986,0.0014,0.9986,0.0,21.904253048015075,5.171119045133831
0.4,83244,su2,14,118.5917319792576,6,100000,0.99948,0.00052,0.99948,0.0,26.276579564566454,5.658903885100065
0.4,83244,su2,14,118.5917319792576,7,100000,0.99981,0.00019,0.99981,0.0,30.638493464933475,6.110546100586086
0.4,83244,su2,14,118.5917319792576,8,100000,0.99988,0.00012,0.99988,0.0,35.01297243143897,6.521443657702021
0.4,83244,su2,14,118.5917319792576,9,100000,0.99993,7e-05,0.99993,0.0,39.37917777924944,6.913249054394607
0.4,83244,su2,14,118.5917319792576,10,100000,0.99997,3e-05,0.99997,0.0,43.75472951800459,7.27235597698859
0.4,83244,su2,14,118.5917319792576,11,100000,0.99998,2e-05,0.99998,0.0,48.1310292151226,7.627125101255329
0.4,83244,su2,14,118.5917319792576,12,100000,0.99999,1e-05,0.99999,0.0,52.49438446881305,7.983918658811709
0.4,83244,su2,15,151.07648450220142,1,100000,0.94032,0.05968,0.94032,0.0,4.409424543021871,2.2906026296873354
0.4,83244,su2,15,151.07648450220142,2,100000,0.98487,0.01513,0.98487,0.0,8.799513520819398,3.2493740041253703
0.4,83244,su2,15,151.07648450220142,3,100000,0.9918,0.0082,0.9918,0.0,13.176746125984526,3.9894389396904177
0.4,83244,su2,15,151.07648450220142,4,100000,0.99659,0.00341,0.99659,0.0,17.55462822222901,4.6040624237097605
0.4,83244,su2,15,151.07648450220142,5,100000,0.99881,0.00119,0.99881,0.0,21.93749967608535,5.135976418082027
0.4,83244,su2,15,151.07648450220142,6,100000,0.99962,0.00038,0.99962,0.0,26.31863206013377,5.623155549751799
0.4,83244,su2,15,151.07648450220142,7,100000,0.99982,0.00018,0.99982,0.0,30.686770240598015,6.085163619803098
0.4,83244,su2,15,151.07648450220142,8,100000,0.99994,6e-05,0.99994,0.0,35.063698395233864,6.504647226271539
0.4,83244,su2,15,151.07648450220142,9,100000,0.99999,1e-05,0.99999,0.0,39.43513701558024,6.903112555513229
0.4,83244,su2,15,151.07648450220142,10,100000,0.99999,1e-05,0.99999,0.0,43.81427312247362,7.281543335664444
0.4,83244,su2,15,151.07648450220142,11,100000,0.99999,1e-05,0.99999,0.0,48.179561655709485,7.621984040277901
0.4,83244,su2,15,151.07648450220142,12,100000,1.0,0.0,1.0,0.0,52.547129862505884,7.970434386650858
0.4,83244,su2,16,192.45948927987664,1,100000,0.9391,0.0609,0.9391,0.0,4.393891558270467,2.313135979129361
0.4,83244,su2,16,192.45948927987664,2,100000,0.98444,0.01556,0.98444,0.0,8.780753931121659,3.252648037977001
0.4,83244,su2,16,192.45948927987664,3,100000,0.99141,0.00859,0.99141,0.0,13.151286542795669,3.993737031928394
0.4,83244,su2,16,192.45948927987664,4,100000,0.99655,0.00345,0.99655,0.0,17.530317808074003,4.619156649656075
0.4,83244,su2,16,192.45948927987664,5,100000,0.99888,0.00112,0.99888,0.0,21.891777280339124,5.173647357884461
0.4,83244,su2,16,192.45948927987664,6,100000,0.99961,0.00039,0.99961,0.0,26.27024351111604,5.666512786013175
0.4,83244,su2,16,192.45948927987664,7,100000,0.99977,0.00023,0.99977,0.0,30.631030433488597,6.120302177997839
0.4,83244,su2,16,192.45948927987664,8,100000,0.99994,6e-05,0.99994,0.0,35.00570199834616,6.53581294370433
0.4,83244,su2,16,192.45948927987664,9,100000,0.99997,3e-05,0.99997,0.0,39.37439567334717,6.931480376091312
0.4,83244,su2,16,192.45948927987664,10,100000,0.99999,1e-05,0.99999,0.0,43.74432709356683,7.3081993864861134
0.4,83244,su2,16,192.45948927987664,11,100000,1.0,0.0,1.0,0.0,48.11485196602568,7.6718492953516595
0.4,83244,su2,16,192.45948927987664,12,100000,1.0,0.0,1.0,0.0,52.47526349975695,8.014983823959732
0.4,83244,su2,17,245.17816347077607,1,100000,0.94085,0.05915,0.94085,0.0,4.395447254501637,2.301868944011568
0.4,83244,su2,17,245.17816347077607,2,100000,0.984,0.016,0.984,0.0,8.766770773301868,3.2756070291523143
0.4,83244,su2,17,245.17816347077607,3,100000,0.99121,0.00879,0.99121,0.0,13.127883208290783,4.021860784762603
0.4,83244,su2,17,245.17816347077607,4,100000,0.99655,0.00345,0.99655,0.0,17.50181193170413,4.641035800537769
0.4,83244,su2,17,245.17816347077607,5,100000,0.99869,0.00131,0.99869,0.0,21.872976549540024,5.184170227989071
0.4,83244,su2,17,245.17816347077607,6,100000,0.99945,0.00055,0.99945,0.0,26.23938512020332,5.664976882251668
0.4,83244,su2,17,245.17816347077607,7,100000,0.99978,0.00022,0.99978,0.0,30.62073179857309,6.112821744131143
0.4,83244,su2,17,245.17816347077607,8,100000,0.99988,0.00012,0.99988,0.0,34.99403995508688,6.542077012901326
0.4,83244,su2,17,245.17816347077607,9,100000,0.99995,5e-05,0.99995,0.0,39.36829319856217,6.940842868844697
0.4,83244,su2,17,245.17816347077607,10,100000,0.99998,2e-05,0.99998,0.0,43.74002989376988,7.313199756847504
0.4,83244,su2,17,245.17816347077607,11,100000,0.99998,2e-05,0.99998,0.0,48.10636882456395,7.670911421264838
0.4,83244,su2,17,245.17816347077607,12,100000,1.0,0.0,1.0,0.0,52.47344949936522,8.010821464121426
0.4,83244,su2,18,312.33758370566323,1,100000,0.94041,0.05959,0.94041,0.0,4.40424133344641,2.306096432629252
0.4,83244,su2,18,312.33758370566323,2,100000,0.98492,0.01508,0.98492,0.0,8.79495193660476,3.2474060149107284
0.4,83244,su2,18,312.33758370566323,3,100000,0.99125,0.00875,0.99125,0.0,13.165912031945902,4.001866189072606
0.4,83244,su2,18,312.33758370566323,4,100000,0.99618,0.00382,0.99618,0.0,17.541596612712542,4.62191859718436
0.4,83244,su2,18,312.33758370566323,5,100000,0.99857,0.00143,0.99857,0.0,21.89859073614333,5.180158078234636
0.4,83244,su2,18,312.33758370566323,6,100000,0.99945,0.00055,0.99945,0.0,26.269672698601624,5.669787578718242
0.4,83244,su2,18,312.33758370566323,7,100000,0.99984,0.00016,0.99984,0.0,30.645919680335393,6.126700354499185
0.4,83244,su2,18,312.33758370566323,8,100000,0.99995,5e-05,0.99995,0.0,35.00044065497794,6.563415635240572
0.4,83244,su2,18,312.33758370566323,9,100000,0.99999,1e-05,0.99999,0.0,39.373283758556475,6.957150341884781
0.4,83244,su2,18,312.33758370566323,10,100000,0.99999,1e-05,0.99999,0.0,43.756471520093726,7.330757785821109
0.4,83244,su2,18,312.33758370566323,11,100000,1.0,0.0,1.0,0.0,48.13290842225234,7.686602412060949
0.4,83244,su2,18,312.33758370566323,12,100000,1.0,0.0,1.0,0.0,52.50810559822924,8.027823250608538
0.4,83244,su2,19,397.89337196303796,1,100000,0.9396,0.0604,0.9396,0.0,4.406921437349061,2.30093525966781
0.4,83244,su2,19,397.89337196303796,2,100000,0.985,0.015,0.985,0.0,8.781635195482625,3.250475479776171
0.4,83244,su2,19,397.89337196303796,3,100000,0.99225,0.00775,0.99225,0.0,13.165673822310147,3.9971753656321503
0.4,83244,su2,19,397.89337196303796,4,100000,0.99662,0.00338,0.99662,0.0,17.526860239315145,4.624093337222165
0.4,83244,su2,19,397.89337196303796,5,100000,0.99874,0.00126,0.99874,0.0,21.9167668126396,5.172254952696647
0.4,83244,su2,19,397.89337196303796,6,100000,0.99942,0.00058,0.99942,0.0,26.28906304672678,5.654171550545879
0.4,83244,su2,19,397.89337196303796,7,100000,0.99977,0.00023,0.99977,0.0,30.660002552219794,6.1201578914249755
0.4,83244,su2,19,397.89337196303796,8,100000,0.99985,0.00015,0.99985,0.0,35.02434977914079,6.550217186417844
0.4,83244,su2,19,397.89337196303796,9,100000,0.99992,8e-05,0.99992,0.0,39.39154400407941,6.949069047086127
0.4,83244,su2,19,397.89337196303796,10,100000,0.99997,3e-05,0.99997,0.0,43.76778740604303,7.3095472426233865
0.4,83244,su2,19,397.89337196303796,11,100000,0.99999,1e-05,0.99999,0.0,48.13681398586567,7.668721497897462
0.4,83244,su2,19,397.89337196303796,12,100000,1.0,0.0,1.0,0.0,52.51192715890556,8.009091659231169
0.4,93247,photon,0,4.0,1,100000,0.87182,0.87182,0.12818,0.0,-8.084432537221096,5.372801106552693
0.4,93247,photon,0,4.0,2,100000,0.96011,0.96011,0.03989,0.0,-16.104856263608575,7.646479902303821
0.4,93247,photon,0,4.0,3,100000,0.98699,0.98699,0.01301,0.0,-24.08811408759288,9.387397776394444
0.4,93247,photon,0,4.0,4,100000,0.99455,0.99455,0.00545,0.0,-32.031274971922585,10.814383130762728
0.4,93247,photon,0,4.0,5,100000,0.99765,0.99765,0.00235,0.0,-40.0112936433499,12.101635516721712
0.4,93247,photon,0,4.0,6,100000,0.99921,0.99921,0.00079,0.0,-48.00875650579293,13.254065547109418
0.4,93247,photon,0,4.0,7,100000,0.99963,0.99963,0.00037,0.0,-55.94174296025088,14.332859829162913
0.4,93247,photon,0,4.0,8,100000,0.99987,0.99987,0.00013,0.0,-63.85061200089343,15.31993763347935
0.4,93247,photon,0,4.0,9,100000,0.99996,0.99996,4e-05,0.0,-71.82116110329362,16.195733307449004
0.4,93247,photon,0,4.0,10,100000,1.0,1.0,0.0,0.0,-79.75786077211384,17.079290113629796
0.4,93247,photon,0,4.0,11,100000,0.99999,0.99999,1e-05,0.0,-87.69140900334635,17.92754685041226
0.4,93247,photon,0,4.0,12,100000,1.0,1.0,0.0,0.0,-95.65024464098495,18.715339125245475
0.4,93247,photon,1,4.827709658906259,1,100000,0.88114,0.88114,0.11886,0.0,-8.280786734928068,5.242607259942328
0.4,93247,photon,1,4.827709658906259,2,100000,0.96608,0.96608,0.03392,0.0,-16.48838078227396,7.443976655970073
0.4,93247,photon,1,4.827709658906259,3,100000,0.98979,0.98979,0.01021,0.0,-24.6520810059268,9.149077020643125
0.4,93247,photon,1,4.827709658906259,4,100000,0.99603,0.99603,0.00397,0.0,-32.74973117951273,10.560667701168404
0.4,93247,photon,1,4.827709658906259,5,100000,0.99831,0.99831,0.00169,0.0,-40.89463579894436,11.831816557678671
0.4,93247,photon,1,4.827709658906259,6,100000,0.99934,0.99934,0.00066,0.0,-49.043358196324874,12.994399051815153
0.4,93247,photon,1,4.827709658906259,7,100000,0.9997,0.9997,0.0003,0.0,-57.17112185965543,14.032485421490286
0.4,93247,photon,1,4.827709658906259,8,100000,0.99989,0.99989,0.00011,0.0,-65.33250531748212,15.00049553786228
0.4,93247,photon,1,4.827709658906259,9,100000,0.99999,0.99999,1e-05,0.0,-73.47023687212359,15.901943135010551
0.4,93247,photon,1,4.827709658906259,10,100000,0.99999,0.99999,1e-05,0.0,-81.6006618870296,16.764042500251573
0.4,93247,photon,1,4.827709658906259,11,100000,1.0,1.0,0.0,0.0,-89.73284338908977,17.60818210482193
0.4,93247,photon,1,4.827709658906259,12,100000,1.0,1.0,0.0,0.0,-97.83482475152803,18.362324090817168
0.4,93247,photon,2,5.8266951376741964,1,100000,0.8873,0.8873,0.1127,0.0,-8.404417874473282,5.162698767936981
0.4,93247,photon,2,5.8266951376741964,2,100000,0.96873,0.96873,0.03127,0.0,-16.739048608404918,7.351444732526635
0.4,93247,photon,2,5.8266951376741964,3,100000,0.99114,0.99114,0.00886,0.0,-25.039097782026726,9.014176295115632
0.4,93247,photon,2,5.8266951376741964,4,100000,0.99661,0.99661,0.00339,0.0,-33.331526183480314,10.414088477056438
0.4,93247,photon,2,5.8266951376741964,5,100000,0.99875,0.99875,0.00125,0.0,-41.608956334205,11.655343935560923
0.4,93247,photon,2,5.8266951376741964,6,100000,0.99943,0.99943,0.00057,0.0,-49.887752919659086,12.759482884748417
0.4,93247,photon,2,5.8266951376741964,7,100000,0.99979,0.99979,0.00021,0.0,-58.181962845003575,13.790595757974351
0.4,93247,photon,2,5.8266951376741964,8,100000,0.99993,0.99993,7e-05,0.0,-66.43100129548782,14.738542582969192
0.4,93247,photon,2,5.8266951376741964,9,100000,1.0,1.0,0.0,0.0,-74.70103637703266,15.619609873211694
0.4,93247,photon,2,5.8266951376741964,10,100000,1.0,1.0,0.0,0.0,-82.98026728763229,16.49389291021222
0.4,93247,photon,2,5.8266951376741964,11,100000,1.0,1.0,0.0,0.0,-91.26527803812523,17.2989650952826
0.4,93247,photon,2,5.8266951376741964,12,100000,1.0,1.0,0.0,0.0,-99.53399180614495,18.086925915981045
0.4,93247,photon,3,7.032398098912962,1,100000,0.89231,0.89231,0.10769,0.0,-8.532116143131663,5.06941128460837
0.4,93247,photon,3,7.032398098912962,2,100000,0.97114,0.97114,0.02886,0.0,-16.99401815112969,7.230386425757015
0.4,93247,photon,3,7.032398098912962,3,100000,0.99191,0.99191,0.00809,0.0,-25.39486563316247,8.915332498217536
0.4,93247,photon,3,7.032398098912962,4,100000,0.99713,0.99713,0.00287,0.0,-33.81260911207007,10.295431214228602
0.4,93247,photon,3,7.032398098912962,5,100000,0.99897,0.99897,0.00103,0.0,-42.24928656544993,11.484698763389698
0.4,93247,photon,3,7.032398098912962,6,100000,0.99973,0.99973,0.00027,0.0,-50.660616746023194,12.57461259129768
0.4,93247,photon,3,7.032398098912962,7,100000,0.99988,0.99988,0.00012,0.0,-59.1018738075378,13.589153293896404
0.4,93247,photon,3,7.032398098912962,8,100000,0.99996,0.99996,4e-05,0.0,-67.50604312634385,14.548610244616647
0.4,93247,photon,3,7.032398098912962,9,100000,0.99999,0.99999,1e-05,0.0,-75.87853040201794,15.409668929627333
0.4,93247,photon,3,7.032398098912962,10,100000,0.99999,0.99999,1e-05,0.0,-84.25267984398523,16.26273592594693
0.4,93247,photon,3,7.032398098912962,11,100000,0.99999,0.99999,1e-05,0.0,-92.64771254474682,17.0460014294694
0.4,93247,photon,3,7.032398098912962,12,100000,0.99999,0.99999,1e-05,0.0,-101.06070884716299,17.814743979887705
0.4,93247,photon,4,8.48759405684903,1,100000,0.89694,0.89694,0.10306,0.0,-8.641753663033175,4.992424285420719
0.4,93247,photon,4,8.48759405684903,2,100000,0.97318,0.97318,0.02682,0.0,-17.201819134764328,7.143803684561493
0.4,93247,photon,4,8.48759405684903,3,100000,0.99264,0.99264,0.00736,0.0,-25.72500641188252,8.783211239871028
0.4,93247,photon,4,8.48759405684903,4,100000,0.9973,0.9973,0.0027,0.0,-34.1956917854588,10.134214255560591
0.4,93247,photon,4,8.48759405684903,5,100000,0.99916,0.99916,0.00084,0.0,-42.677008594102254,11.33162089350589
0.4,93247,photon,4,8.48759405684903,6,100000,0.99974,0.99974,0.00026,0.0,-51.20360600319546,12.411565162291154
0.4,93247,photon,4,8.48759405684903,7,100000,0.99987,0.99987,0.00013,0.0,-59.72804262387125,13.395865085487086
0.4,93247,photon,4,8.48759405684903,8,100000,0.99992,0.99992,8e-05,0.0,-68.20738745382111,14.32892098203395
0.4,93247,photon,4,8.48759405684903,9,100000,0.99998,0.99998,2e-05,0.0,-76.72725797067382,15.215664680569269
0.4,93247,photon,4,8.48759405684903,10,100000,0.99999,0.99999,1e-05,0.0,-85.24279603748015,16.02508895263094
0.4,93247,photon,4,8.48759405684903,11,100000,0.99999,0.99999,1e-05,0.0,-93.74850534328166,16.797876989062615
0.4,93247,photon,4,8.48759405684903,12,100000,0.99999,0.99999,1e-05,0.0,-102.28546634841052,17.577241169710227
0.4,93247,photon,5,10.243909952281355,1,100000,0.90102,0.90102,0.09898,0.0,-8.755946505231915,4.90985550865901
0.4,93247,photon,5,10.243909952281355,2,100000,0.97651,0.97651,0.02349,0.0,-17.435843165958286,6.993687364460246
0.4,93247,photon,5,10.243909952281355,3,100000,0.99388,0.99388,0.00612,0.0,-26.068107641603202,8.607329578087123
0.4,93247,photon,5,10.243909952281355,4,100000,0.99791,0.99791,0.00209,0.0,-34.667675738001705,9.958254552988961
0.4,93247,photon,5,10.243909952281355,5,100000,0.99925,0.99925,0.00075,0.0,-43.279948904492045,11.129765758887753
0.4,93247,photon,5,10.243909952281355,6,100000,0.99976,0.99976,0.00024,0.0,-51.91511837476863,12.208134769408428
0.4,93247,photon,5,10.243909952281355,7,100000,0.99989,0.99989,0.00011,0.0,-60.51315959646127,13.229163571454063
0.4,93247,photon,5,10.243909952281355,8,100000,0.99998,0.99998,2e-05,0.0,-69.10858403544326,14.147885815444996
0.4,93247,photon,5,10.243909952281355,9,100000,0.99999,0.99999,1e-05,0.0,-77.69253114740286,15.009367452362557
0.4,93247,photon,5,10.243909952281355,10,100000,1.0,1.0,0.0,0.0,-86.28701581313312,15.812379496789145
0.4,93247,photon,5,10.243909952281355,11,100000,1.0,1.0,0.0,0.0,-94.84721088733,16.602325428187598
0.4,93247,photon,5,10.243909952281355,12,100000,1.0,1.0,0.0,0.0,-103.4594215996618,17.344172254116774
0.4,93247,photon,6,12.363655755398659,1,100000,0.90338,0.90338,0.09662,0.0,-8.78810622789993,4.88419952281069
0.4,93247,photon,6,12.363655755398659,2,100000,0.97634,0.97634,0.02366,0.0,-17.516345620161033,6.961971614373997
0.4,93247,photon,6,12.363655755398659,3,100000,0.99354,0.99354,0.00646,0.0,-26.18367213707159,8.585173224387203
0.4,93247,photon,6,12.363655755398659,4,100000,0.99789,0.99789,0.00211,0.0,-34.85067790481296,9.917539067549589
0.4,93247,photon,6,12.363655755398659,5,100000,0.99923,0.99923,0.00077,0.0,-43.51710033155177,11.079732774215747
0.4,93247,photon,6,12.363655755398659,6,100000,0.99975,0.99975,0.00025,0.0,-52.20701780520015,12.139586442994862
0.4,93247,photon,6,12.363655755398659,7,100000,0.99994,0.99994,6e-05,0.0,-60.86992663779234,13.134545178520439
0.4,93247,photon,6,12.363655755398659,8,100000,0.99997,0.99997,3e-05,0.0,-69.54498910116986,14.06064425008143
0.4,93247,photon,6,12.363655755398659,9,100000,0.99999,0.99999,1e-05,0.0,-78.20287993016119,14.918321367994242
0.4,93247,photon,6,12.363655755398659,10,100000,0.99999,0.99999,1e-05,0.0,-86.84864286527238,15.73419589162401
0.4,93247,photon,6,12.363655755398659,11,100000,1.0,1.0,0.0,0.0,-95.51214102829027,16.486836302548824
0.4,93247,photon,6,12.363655755398659,12,100000,1.0,1.0,0.0,0.0,-104.1823231126618,17.220460981721377
0.4,93247,photon,7,14.922035077432518,1,100000,0.90611,0.90611,0.09389,0.0,-8.85769364712423,4.831873027715909
0.4,93247,photon,7,14.922035077432518,2,100000,0.97783,0.97783,0.02217,0.0,-17.64811435216535,6.893929942807787
0.4,93247,photon,7,14.922035077432518,3,100000,0.99417,0.99417,0.00583,0.0,-26.365536169327694,8.498689700970536
0.4,93247,photon,7,14.922035077432518,4,100000,0.99811,0.99811,0.00189,0.0,-35.0894775461846,9.827932280715757
0.4,93247,photon,7,14.922035077432518,5,100000,0.99935,0.99935,0.00065,0.0,-43.82256020721518,10.978184748529243
0.4,93247,photon,7,14.922035077432518,6,100000,0.99986,0.99986,0.00014,0.0,-52.563463812088045,12.02962313570806
0.4,93247,photon,7,14.922035077432518,7,100000,0.99996,0.99996,4e-05,0.0,-61.31852351828681,13.008338645120805
0.4,93247,photon,7,14.922035077432518,8,100000,0.99997,0.99997,3e-05,0.0,-70.04149760220318,13.922790342938328
0.4,93247,photon,7,14.922035077432518,9,100000,1.0,1.0,0.0,0.0,-78.76582934425083,14.773747098878907
0.4,93247,photon,7,14.922035077432518,10,100000,1.0,1.0,0.0,0.0,-87.52536105540558,15.579791659813129
0.4,93247,photon,7,14.922035077432518,11,100000,1.0,1.0,0.0,0.0,-96.26630041636662,16.34530425732747
0.4,93247,photon,7,14.922035077432518,12,100000,1.0,1.0,0.0,0.0,-104.9936351242319,17.077277989445975
0.4,93247,photon,8,18.009813218464746,1,100000,0.9084,0.9084,0.0916,0.0,-8.915815316917728,4.767523680041607
0.4,93247,photon,8,18.009813218464746,2,100000,0.97885,0.97885,0.02115,0.0,-17.733886534901483,6.824508497362372
0.4,93247,photon,8,18.009813218464746,3,100000,0.99484,0.99484,0.00516,0.0,-26.51096918445224,8.41776814181218
0.4,93247,photon,8,18.009813218464746,4,100000,0.99819,0.99819,0.00181,0.0,-35.26580937045148,9.750443229231168
0.4,93247,photon,8,18.009813218464746,5,100000,0.99938,0.99938,0.00062,0.0,-44.07389675177583,10.90910456496115
0.4,93247,photon,8,18.009813218464746,6,100000,0.99981,0.99981,0.00019,0.0,-52.887506539873925,11.953714112632847
0.4,93247,photon,8,18.009813218464746,7,100000,0.99996,0.99996,4e-05,0.0,-61.67861111280689,12.93058061783167
0.4,93247,photon,8,18.009813218464746,8,100000,0.99999,0.99999,1e-05,0.0,-70.46750867445697,13.82880870341688
0.4,93247,photon,8,18.009813218464746,9,100000,1.0,1.0,0.0,0.0,-79.23146591107056,14.697586352308223
0.4,93247,photon,8,18.009813218464746,10,100000,1.0,1.0,0.0,0.0,-87.98955159462173,15.483533244510413
0.4,93247,photon,8,18.009813218464746,11,100000,1.0,1.0,0.0,0.0,-96.75353218791179,16.25866611547866
0.4,93247,photon,8,18.009813218464746,12,100000,1.0,1.0,0.0,0.0,-105.53917772460815,16.9714921922393
0.4,93247,photon,9,21.736537307469963,1,100000,0.90908,0.90908,0.09092,0.0,-8.94362075009814,4.75351188671051
0.4,93247,photon,9,21.736537307469963,2,100000,0.97986,0.97986,0.02014,0.0,-17.830431494921342,6.767365147436621
0.4,93247,photon,9,21.736537307469963,3,100000,0.99532,0.99532,0.00468,0.0,-26.6618045983514,8.330860466230837
0.4,93247,photon,9,21.736537307469963,4,100000,0.99827,0.99827,0.00173,0.0,-35.46952468847218,9.654266157838984
0.4,93247,photon,9,21.736537307469963,5,100000,0.99943,0.99943,0.00057,0.0,-44.27975460375528,10.792319703339944
0.4,93247,photon,9,21.736537307469963,6,100000,0.99983,0.99983,0.00017,0.0,-53.11407161042861,11.858372130751196
0.4,93247,photon,9,21.736537307469963,7,100000,0.99996,0.99996,4e-05,0.0,-61.931368743614584,12.833778691202626
0.4,93247,photon,9,21.736537307469963,8,100000,0.99998,0.99998,2e-05,0.0,-70.7319492388311,13.743861159170743
0.4,93247,photon,9,21.736537307469963,9,100000,1.0,1.0,0.0,0.0,-79.55050785080716,14.573825701418956
0.4,93247,photon,9,21.736537307469963,10,100000,1.0,1.0,0.0,0.0,-88.36202476697204,15.371035394079653
0.4,93247,photon,9,21.736537307469963,11,100000,1.0,1.0,0.0,0.0,-97.17486501203997,16.145287574103495
0.4,93247,photon,9,21.736537307469963,12,100000,1.0,1.0,0.0,0.0,-105.9768400620112,16.89009874359949
0.4,93247,photon,10,26.234422777612238,1,100000,0.91213,0.91213,0.08787,0.0,-8.992091869488636,4.701693925429051
0.4,93247,photon,10,26.234422777612238,2,100000,0.98036,0.98036,0.01964,0.0,-17.938623276454642,6.704357811423103
0.4,93247,photon,10,26.234422777612238,3,100000,0.9956,0.9956,0.0044,0.0,-26.798314494427643,8.283710159831445
0.4,93247,photon,10,26.234422777612238,4,100000,0.99833,0.99833,0.00167,0.0,-35.63296751122574,9.615960668297065
0.4,93247,photon,10,26.234422777612238,5,100000,0.99933,0.99933,0.00067,0.0,-44.49242607556466,10.778559822460792
0.4,93247,photon,10,26.234422777612238,6,100000,0.99986,0.99986,0.00014,0.0,-53.36618472868328,11.80917237364037
0.4,93247,photon,10,26.234422777612238,7,100000,0.99992,0.99992,8e-05,0.0,-62.21843062031394,12.760989639128399
0.4,93247,photon,10,26.234422777612238,8,100000,1.0,1.0,0.0,0.0,-71.07602274058023,13.638770358846791
0.4,93247,photon,10,26.234422777612238,9,100000,1.0,1.0,0.0,0.0,-79.90468965841943,14.463188245971073
0.4,93247,photon,10,26.234422777612238,10,100000,1.0,1.0,0.0,0.0,-88.79159063579313,15.238891190201633
0.4,93247,photon,10,26.234422777612238,11,100000,1.0,1.0,0.0,0.0,-97.65981071656344,15.977813343362415
0.4,93247,photon,10,26.234422777612238,12,100000,1.0,1.0,0.0,0.0,-106.49498211109409,16.692512257057302
0.4,93247,photon,11,31.66304405982725,1,100000,0.91253,0.91253,0.08747,0.0,-9.007200455926986,4.694274215976348
0.4,93247,photon,11,31.66304405982725,2,100000,0.98086,0.98086,0.01914,0.0,-17.956355148946628,6.696665389066093
0.4,93247,photon,11,31.66304405982725,3,100000,0.99528,0.99528,0.00472,0.0,-26.85216082273746,8.253119921359191
0.4,93247,photon,11,31.66304405982725,4,100000,0.99851,0.99851,0.00149,0.0,-35.718871863067214,9.565246127411886
0.4,93247,photon,11,31.66304405982725,5,100000,0.99948,0.99948,0.00052,0.0,-44.614644465031326,10.687266095987784
0.4,93247,photon,11,31.66304405982725,6,100000,0.99987,0.99987,0.00013,0.0,-53.50970175811619,11.744617899567242
0.4,93247,photon,11,31.66304405982725,7,100000,0.99996,0.99996,4e-05,0.0,-62.38977955796173,12.68949536684806
0.4,93247,photon,11,31.66304405982725,8,100000,0.99999,0.99999,1e-05,0.0,-71.26530236236931,13.577670964492958
0.4,93247,photon,11,31.66304405982725,9,100000,1.0,1.0,0.0,0.0,-80.15815560686343,14.392683133471209
0.4,93247,photon,11,31.66304405982725,10,100000,1.0,1.0,0.0,0.0,-89.05505368015226,15.162387049219284
0.4,93247,photon,11,31.66304405982725,11,100000,1.0,1.0,0.0,0.0,-97.94753909552462,15.898025326461724
0.4,93247,photon,11,31.66304405982725,12,100000,1.0,1.0,0.0,0.0,-106.81589317513556,16.63296980037816
0.4,93247,photon,12,38.21499590950062,1,100000,0.91394,0.91394,0.08606,0.0,-9.047168397998902,4.667796330210629
0.4,93247,photon,12,38.21499590950062,2,100000,0.9812,0.9812,0.0188,0.0,-18.0280261589378,6.668924392529646
0.4,93247,photon,12,38.21499590950062,3,100000,0.99527,0.99527,0.00473,0.0,-26.936759394960372,8.23365772282308
0.4,93247,photon,12,38.21499590950062,4,100000,0.99872,0.99872,0.00128,0.0,-35.86171951045411,9.503069755570774
0.4,93247,photon,12,38.21499590950062,5,100000,0.99973,0.99973,0.00027,0.0,-44.76624261892612,10.650950722188712
0.4,93247,photon,12,38.21499590950062,6,100000,0.99985,0.99985,0.00015,0.0,-53.677462783863035,11.673351709539325
0.4,93247,photon,12,38.21499590950062,7,100000,0.99998,0.99998,2e-05,0.0,-62.611660353259026,12.645154524678171
0.4,93247,photon,12,38.21499590950062,8,100000,0.99999,0.99999,1e-05,0.0,-71.49922348169699,13.554512600413217
0.4,93247,photon,12,38.21499590950062,9,100000,1.0,1.0,0.0,0.0,-80.43054026670161,14.354781771778892
0.4,93247,photon,12,38.21499590950062,10,100000,1.0,1.0,0.0,0.0,-89.32665401804535,15.177238550489292
0.4,93247,photon,12,38.21499590950062,11,100000,1.0,1.0,0.0,0.0,-98.21482488786619,15.940604396632484
0.4,93247,photon,12,38.21499590950062,12,100000,1.0,1.0,0.0,0.0,-107.14143318966572,16.628790648984413
0.4,93247,photon,13,46.12272621683984,1,100000,0.91382,0.91382,0.08618,0.0,-9.029428468611883,4.668089370443142
0.4,93247,photon,13,46.12272621683984,2,100000,0.98115,0.98115,0.01885,0.0,-18.01909154118408,6.67321427600928
0.4,93247,photon,13,46.12272621683984,3,100000,0.99556,0.99556,0.00444,0.0,-26.956682482263354,8.211053189268133
0.4,93247,photon,13,46.12272621683984,4,100000,0.99888,0.99888,0.00112,0.0,-35.89156856270976,9.493372805273086
0.4,93247,photon,13,46.12272621683984,5,100000,0.99957,0.99957,0.00043,0.0,-44.83804721598166,10.60987088594352
0.4,93247,photon,13,46.12272621683984,6,100000,0.99989,0.99989,0.00011,0.0,-53.77472022954075,11.661394031366719
0.4,93247,photon,13,46.12272621683984,7,100000,0.99995,0.99995,5e-05,0.0,-62.69980091362854,12.60892072999499
0.4,93247,photon,13,46.12272621683984,8,100000,0.99997,0.99997,3e-05,0.0,-71.61711476345157,13.501977288457148
0.4,93247,photon,13,46.12272621683984,9,100000,1.0,1.0,0.0,0.0,-80.5311792542761,14.319673167310752
0.4,93247,photon,13,46.12272621683984,10,100000,1.0,1.0,0.0,0.0,-89.45062051288247,15.114710637411488
0.4,93247,photon,13,46.12272621683984,11,100000,1.0,1.0,0.0,0.0,-98.39033614129892,15.864856433800151
0.4,93247,photon,13,46.12272621683984,12,100000,1.0,1.0,0.0,0.0,-107.32090985084469,16.55398190978274
0.4,93247,photon,14,55.666782713031616,1,100000,0.91462,0.91462,0.08538,0.0,-9.06050352337785,4.647085641542626
0.4,93247,photon,14,55.666782713031616,2,100000,0.98197,0.98197,0.01803,0.0,-18.061612245924337,6.616738038806016
0.4,93247,photon,14,55.666782713031616,3,100000,0.99563,0.99563,0.00437,0.0,-27.02942726753111,8.189737411676983
0.4,93247,photon,14,55.666782713031616,4,100000,0.99866,0.99866,0.00134,0.0,-35.940152165743335,9.48992440091582
0.4,93247,photon,14,55.666782713031616,5,100000,0.99961,0.99961,0.00039,0.0,-44.893959947291535,10.602611828664012
0.4,93247,photon,14,55.666782713031616,6,100000,0.99992,0.99992,8e-05,0.0,-53.86862111606731,11.614694345597586
0.4,93247,photon,14,55.666782713031616,7,100000,0.99998,0.99998,2e-05,0.0,-62.82006030521644,12.568743016539635
0.4,93247,photon,14,55.666782713031616,8,100000,0.99999,0.99999,1e-05,0.0,-71.75103257791817,13.45588226132018
0.4,93247,photon,14,55.666782713031616,9,100000,1.0,1.0,0.0,0.0,-80.67554751929516,14.294220108189833
0.4,93247,photon,14,55.666782713031616,10,100000,1.0,1.0,0.0,0.0,-89.61806589571695,15.095626477649539
0.4,93247,photon,14,55.666782713031616,11,100000,1.0,1.0,0.0,0.0,-98.55212146221854,15.838224295941654
0.4,93247,photon,14,55.666782713031616,12,100000,1.0,1.0,0.0,0.0,-107.47764976182017,16.56495903001
0.4,93247,photon,15,67.18576614598469,1,100000,0.91564,0.91564,0.08436,0.0,-9.074434646192508,4.636592160661186
0.4,93247,photon,15,67.18576614598469,2,100000,0.98149,0.98149,0.01851,0.0,-18.109014914629093,6.627172662243726
0.4,93247,photon,15,67.18576614598469,3,100000,0.9959,0.9959,0.0041,0.0,-27.091803850576458,8.15001918806716
0.4,93247,photon,15,67.18576614598469,4,100000,0.99882,0.99882,0.00118,0.0,-36.05545012018958,9.427805421094154
0.4,93247,photon,15,67.18576614598469,5,100000,0.99964,0.99964,0.00036,0.0,-45.05212358348063,10.537398101109263
0.4,93247,photon,15,67.18576614598469,6,100000,0.99987,0.99987,0.00013,0.0,-54.03939888217745,11.543452285570792
0.4,93247,photon,15,67.18576614598469,7,100000,0.99996,0.99996,4e-05,0.0,-63.00785709820753,12.479321295891907
0.4,93247,photon,15,67.18576614598469,8,100000,0.99999,0.99999,1e-05,0.0,-71.95132042491917,13.371525818523827
0.4,93247,photon,15,67.18576614598469,9,100000,0.99999,0.99999,1e-05,0.0,-80.90017687393957,14.215592302960165
0.4,93247,photon,15,67.18576614598469,10,100000,0.99999,0.99999,1e-05,0.0,-89.843373945203,15.013919730764078
0.4,93247,photon,15,67.18576614598469,11,100000,1.0,1.0,0.0,0.0,-98.77866019203655,15.761039841907595
0.4,93247,photon,15,67.18576614598469,12,100000,1.0,1.0,0.0,0.0,-107.76729960365317,16.456098614029823
0.4,93247,photon,16,81.08834304099686,1,100000,0.91664,0.91664,0.08336,0.0,-9.11238151952268,4.612082993936191
0.4,93247,photon,16,81.08834304099686,2,100000,0.98251,0.98251,0.01749,0.0,-18.15615864206715,6.591026304630941
0.4,93247,photon,16,81.08834304099686,3,100000,0.99576,0.99576,0.00424,0.0,-27.135047775983764,8.152669542120272
0.4,93247,photon,16,81.08834304099686,4,100000,0.9987,0.9987,0.0013,0.0,-36.10018573114456,9.417604473126875
0.4,93247,photon,16,81.08834304099686,5,100000,0.99958,0.99958,0.00042,0.0,-45.07100852711985,10.543698944009291
0.4,93247,photon,16,81.08834304099686,6,100000,0.99988,0.99988,0.00012,0.0,-54.05155198827643,11.55177662335645
0.4,93247,photon,16,81.08834304099686,7,100000,0.99995,0.99995,5e-05,0.0,-63.0534585596039,12.490227668575669
0.4,93247,photon,16,81.08834304099686,8,100000,0.99999,0.99999,1e-05,0.0,-71.99628626471177,13.379667241140798
0.4,93247,photon,16,81.08834304099686,9,100000,1.0,1.0,0.0,0.0,-80.95203236290814,14.214853132788818
0.4,93247,photon,16,81.08834304099686,10,100000,1.0,1.0,0.0,0.0,-89.90713527679807,14.980059842057926
0.4,93247,photon,16,81.08834304099686,11,100000,1.0,1.0,0.0,0.0,-98.8760515972881,15.710383152890206
0.4,93247,photon,16,81.08834304099686,12,100000,1.0,1.0,0.0,0.0,-107.83385287186523,16.399628698439592
0.4,93247,photon,17,97.8677442309312,1,100000,0.91558,0.91558,0.08442,0.0,-9.088921444293872,4.629923254700792
0.4,93247,photon,17,97.8677442309312,2,100000,0.98264,0.98264,0.01736,0.0,-18.132775646373975,6.592780108275263
0.4,93247,photon,17,97.8677442309312,3,100000,0.996,0.996,0.004,0.0,-27.126858095133613,8.136966666900435
0.4,93247,photon,17,97.8677442309312,4,100000,0.99885,0.99885,0.00115,0.0,-36.118050737726854,9.413280886007866
0.4,93247,photon,17,97.8677442309312,5,100000,0.99965,0.99965,0.00035,0.0,-45.11677679765984,10.5436671255173
0.4,93247,photon,17,97.8677442309312,6,100000,0.9999,0.9999,0.0001,0.0,-54.122473173977106,11.550665253958071
0.4,93247,photon,17,97.8677442309312,7,100000,0.99998,0.99998,2e-05,0.0,-63.09856261984888,12.490561020742128
0.4,93247,photon,17,97.8677442309312,8,100000,0.99997,0.99997,3e-05,0.0,-72.05354364016861,13.37741462106905
0.4,93247,photon,17,97.8677442309312,9,100000,1.0,1.0,0.0,0.0,-81.00928258030928,14.186252134224699
0.4,93247,photon,17,97.8677442309312,10,100000,1.0,1.0,0.0,0.0,-90.00052163076042,14.969628646824209
0.4,93247,photon,17,97.8677442309312,11,100000,1.0,1.0,0.0,0.0,-98.96569622549141,15.725088617172368
0.4,93247,photon,17,97.8677442309312,12,100000,1.0,1.0,0.0,0.0,-107.90615373861044,16.43619049991986
0.4,93247,photon,18,118.11926352975836,1,100000,0.91683,0.91683,0.08317,0.0,-9.106673656896131,4.612980216838586
0.4,93247,photon,18,118.11926352975836,2,100000,0.98316,0.98316,0.01684,0.0,-18.147995419052215,6.575040943444203
0.4,93247,photon,18,118.11926352975836,3,100000,0.99644,0.99644,0.00356,0.0,-27.16747245783635,8.091440016550491
0.4,93247,photon,18,118.11926352975836,4,100000,0.9988,0.9988,0.0012,0.0,-36.15907916605161,9.378159774177238
0.4,93247,photon,18,118.11926352975836,5,100000,0.99958,0.99958,0.00042,0.0,-45.12597819979351,10.510545338254813
0.4,93247,photon,18,118.11926352975836,6,100000,0.9999,0.9999,0.0001,0.0,-54.120758784062836,11.521168043883247
0.4,93247,photon,18,118.11926352975836,7,100000,0.99998,0.99998,2e-05,0.0,-63.09069999190118,12.476535872815012
0.4,93247,photon,18,118.11926352975836,8,100000,0.99999,0.99999,1e-05,0.0,-72.06386821408957,13.36321068133852
0.4,93247,photon,18,118.11926352975836,9,100000,1.0,1.0,0.0,0.0,-81.05019248863086,14.179663014176748
0.4,93247,photon,18,118.11926352975836,10,100000,1.0,1.0,0.0,0.0,-90.02750865788182,14.957866412328574
0.4,93247,photon,18,118.11926352975836,11,100000,1.0,1.0,0.0,0.0,-99.03656211047772,15.690491626274133
0.4,93247,photon,18,118.11926352975836,12,100000,1.0,1.0,0.0,0.0,-108.01552352460351,16.387717779750513
0.4,93247,photon,19,142.56137736137705,1,100000,0.91882,0.91882,0.08118,0.0,-9.143232224870196,4.571392477143442
0.4,93247,photon,19,142.56137736137705,2,100000,0.98292,0.98292,0.01708,0.0,-18.196248623479566,6.551547455083996
0.4,93247,photon,19,142.56137736137705,3,100000,0.99648,0.99648,0.00352,0.0,-27.19352976961556,8.070796607081313
0.4,93247,photon,19,142.56137736137705,4,100000,0.99887,0.99887,0.00113,0.0,-36.200787606388126,9.33048739403155
0.4,93247,photon,19,142.56137736137705,5,100000,0.99969,0.99969,0.00031,0.0,-45.19652340584592,10.435251928007181
0.4,93247,photon,19,142.56137736137705,6,100000,0.99991,0.99991,9e-05,0.0,-54.20421309139891,11.456862465189536
0.4,93247,photon,19,142.56137736137705,7,100000,0.99998,0.99998,2e-05,0.0,-63.23890389327318,12.398553869457054
0.4,93247,photon,19,142.56137736137705,8,100000,1.0,1.0,0.0,0.0,-72.22081527298295,13.265719823270082
0.4,93247,photon,19,142.56137736137705,9,100000,0.99999,0.99999,1e-05,0.0,-81.16298826520024,14.126370982897988
0.4,93247,photon,19,142.56137736137705,10,100000,1.0,1.0,0.0,0.0,-90.15991625894044,14.914150519910025
0.4,93247,photon,19,142.56137736137705,11,100000,1.0,1.0,0.0,0.0,-99.1713888741046,15.666870457382553
0.4,93247,photon,19,142.56137736137705,12,100000,1.0,1.0,0.0,0.0,-108.1659754526969,16.36934177908366
0.4,93247,su2,0,4.0,1,100000,0.94668,0.05332,0.94668,0.0,4.481641900488594,2.2457709377343233
0.4,93247,su2,0,4.0,2,100000,0.98625,0.01375,0.98625,0.0,8.946191519188837,3.1796988110393523
0.4,93247,su2,0,4.0,3,100000,0.99244,0.00756,0.99244,0.0,13.416146422214043,3.9059000809899915
0.4,93247,su2,0,4.0,4,100000,0.99723,0.00277,0.99723,0.0,17.863583337603618,4.509062913004519
0.4,93247,su2,0,4.0,5,100000,0.99911,0.00089,0.99911,0.0,22.302818140913782,5.052185874143349
0.4,93247,su2,0,4.0,6,100000,0.99963,0.00037,0.99963,0.0,26.753575936984372,5.521957864482474
0.4,93247,su2,0,4.0,7,100000,0.99985,0.00015,0.99985,0.0,31.221803275353,5.97006620785698
0.4,93247,su2,0,4.0,8,100000,0.99995,5e-05,0.99995,0.0,35.6920030724353,6.3761359088540335
0.4,93247,su2,0,4.0,9,100000,0.99999,1e-05,0.99999,0.0,40.152172035985195,6.764835445714387
0.4,93247,su2,0,4.0,10,100000,1.0,0.0,1.0,0.0,44.607739348684504,7.131480956021952
0.4,93247,su2,0,4.0,11,100000,1.0,0.0,1.0,0.0,49.064277281221216,7.471829290779014
0.4,93247,su2,0,4.0,12,100000,1.0,0.0,1.0,0.0,53.51734831302824,7.800404775006653
0.4,93247,su2,1,5.095683551653521,1,100000,0.94428,0.05572,0.94428,0.0,4.4641830093025145,2.2644252523259984
0.4,93247,su2,1,5.095683551653521,2,100000,0.9858,0.0142,0.9858,0.0,8.89915982802077,3.196876756285126
0.4,93247,su2,1,5.095683551653521,3,100000,0.99252,0.00748,0.99252,0.0,13.342960287016503,3.9200396882287185
0.4,93247,su2,1,5.095683551653521,4,100000,0.99696,0.00304,0.99696,0.0,17.78344776603266,4.5375250967939404
0.4,93247,su2,1,5.095683551653521,5,100000,0.99909,0.00091,0.99909,0.0,22.21709131851401,5.062223084436055
0.4,93247,su2,1,5.095683551653521,6,100000,0.99967,0.00033,0.99967,0.0,26.66232634162222,5.537120790347979
0.4,93247,su2,1,5.095683551653521,7,100000,0.99992,8e-05,0.99992,0.0,31.100627891180153,5.980625888562478
0.4,93247,su2,1,5.095683551653521,8,100000,0.99997,3e-05,0.99997,0.0,35.53625492247742,6.396645604176313
0.4,93247,su2,1,5.095683551653521,9,100000,0.99999,1e-05,0.99999,0.0,39.969584961671025,6.771583708289837
0.4,93247,su2,1,5.095683551653521,10,100000,1.0,0.0,1.0,0.0,44.41854423085166,7.127264361854875
0.4,93247,su2,1,5.095683551653521,11,100000,1.0,0.0,1.0,0.0,48.85164305871023,7.494018956092085
0.4,93247,su2,1,5.095683551653521,12,100000,1.0,0.0,1.0,0.0,53.29411648456992,7.823072270062349
0.4,93247,su2,2,6.491497714648063,1,100000,0.94385,0.05615,0.94385,0.0,4.448766293649572,2.2617876417072247
0.4,93247,su2,2,6.491497714648063,2,100000,0.98593,0.01407,0.98593,0.0,8.87754406857956,3.208448443209106
0.4,93247,su2,2,6.491497714648063,3,100000,0.99203,0.00797,0.99203,0.0,13.312908189443526,3.9278824412151283
0.4,93247,su2,2,6.491497714648063,4,100000,0.99689,0.00311,0.99689,0.0,17.7282328215665,4.54602657641825
0.4,93247,su2,2,6.491497714648063,5,100000,0.99886,0.00114,0.99886,0.0,22.150966904243127,5.083653157595724
0.4,93247,su2,2,6.491497714648063,6,100000,0.99959,0.00041,0.99959,0.0,26.5748754121566,5.578256227783277
0.4,93247,su2,2,6.491497714648063,7,100000,0.99983,0.00017,0.99983,0.0,30.998777593047297,6.024592050885478
0.4,93247,su2,2,6.491497714648063,8,100000,0.99996,4e-05,0.99996,0.0,35.42260183687968,6.43839639571663
0.4,93247,su2,2,6.491497714648063,9,100000,0.99996,4e-05,0.99996,0.0,39.83151269973963,6.840782238128132
0.4,93247,su2,2,6.491497714648063,10,100000,0.99999,1e-05,0.99999,0.0,44.25674368593567,7.210401196290732
0.4,93247,su2,2,6.491497714648063,11,100000,0.99998,2e-05,0.99998,0.0,48.67929210064842,7.555091333027746
0.4,93247,su2,2,6.491497714648063,12,100000,1.0,0.0,1.0,0.0,53.108637640404574,7.890757156279651
0.4,93247,su2,3,8.269654532532142,1,100000,0.94348,0.05652,0.94348,0.0,4.439800826452846,2.2698189549665058
0.4,93247,su2,3,8.269654532532142,2,100000,0.98456,0.01544,0.98456,0.0,8.845298937276048,3.2311092533612795
0.4,93247,su2,3,8.269654532532142,3,100000,0.99229,0.00771,0.99229,0.0,13.268205914562191,3.949732095977902
0.4,93247,su2,3,8.269654532532142,4,100000,0.99703,0.00297,0.99703,0.0,17.66740567154942,4.56079753452531
0.4,93247,su2,3,8.269654532532142,5,100000,0.99878,0.00122,0.99878,0.0,22.06506614797193,5.109644190595241
0.4,93247,su2,3,8.269654532532142,6,100000,0.99943,0.00057,0.99943,0.0,26.477755150006157,5.603032431718856
0.4,93247,su2,3,8.269654532532142,7,100000,0.99976,0.00024,0.99976,0.0,30.883744213629512,6.047656407564937
0.4,93247,su2,3,8.269654532532142,8,100000,0.9999,0.0001,0.9999,0.0,35.290441832241605,6.4702428749510865
0.4,93247,su2,3,8.269654532532142,9,100000,0.99994,6e-05,0.99994,0.0,39.688717350581946,6.850454563638559
0.4,93247,su2,3,8.269654532532142,10,100000,0.99996,4e-05,0.99996,0.0,44.10262595445589,7.231984101778845
0.4,93247,su2,3,8.269654532532142,11,100000,0.99998,2e-05,0.99998,0.0,48.50714667564154,7.592581649977203
0.4,93247,su2,3,8.269654532532142,12,100000,1.0,0.0,1.0,0.0,52.91083012703134,7.9244380984603024
0.4,93247,su2,4,10.534885644820253,1,100000,0.9429,0.0571,0.9429,0.0,4.433852746849444,2.272564366749277
0.4,93247,su2,4,10.534885644820253,2,100000,0.98532,0.01468,0.98532,0.0,8.838198789798598,3.224977010121497
0.4,93247,su2,4,10.534885644820253,3,100000,0.99264,0.00736,0.99264,0.0,13.255379546316703,3.9410524962529796
0.4,93247,su2,4,10.534885644820253,4,100000,0.99709,0.00291,0.99709,0.0,17.671874398058492,4.562459146392885
0.4,93247,su2,4,10.534885644820253,5,100000,0.99893,0.00107,0.99893,0.0,22.08447316233852,5.10667667342039
0.4,93247,su2,4,10.534885644820253,6,100000,0.99961,0.00039,0.99961,0.0,26.48863030079197,5.601196923772905
0.4,93247,su2,4,10.534885644820253,7,100000,0.99984,0.00016,0.99984,0.0,30.8951727957387,6.051739072248255
0.4,93247,su2,4,10.534885644820253,8,100000,0.99994,6e-05,0.99994,0.0,35.297529717899195,6.463399084488838
0.4,93247,su2,4,10.534885644820253,9,100000,0.99998,2e-05,0.99998,0.0,39.70160996003244,6.855611126756164
0.4,93247,su2,4,10.534885644820253,10,100000,0.99999,1e-05,0.99999,0.0,44.12247263078206,7.224917412457658
0.4,93247,su2,4,10.534885644820253,11,100000,1.0,0.0,1.0,0.0,48.52968082019751,7.582038474453108
0.4,93247,su2,4,10.534885644820253,12,100000,1.0,0.0,1.0,0.0,52.93094389386513,7.915346742433459
0.4,93247,su2,5,13.420610874715353,1,100000,0.944,0.056,0.944,0.0,4.441817826107744,2.2552122512434747
0.4,93247,su2,5,13.420610874715353,2,100000,0.98587,0.01413,0.98587,0.0,8.854603321146637,3.198141887312941
0.4,93247,su2,5,13.420610874715353,3,100000,0.99234,0.00766,0.99234,0.0,13.254526953486902,3.931831240941588
0.4,93247,su2,5,13.420610874715353,4,100000,0.99676,0.00324,0.99676,0.0,17.64863382406418,4.563597829093958
0.4,93247,su2,5,13.420610874715353,5,100000,0.99886,0.00114,0.99886,0.0,22.056884226754978,5.1112268555767715
0.4,93247,su2,5,13.420610874715353,6,100000,0.99968,0.00032,0.99968,0.0,26.444045816073874,5.59938783941152
0.4,93247,su2,5,13.420610874715353,7,100000,0.99986,0.00014,0.99986,0.0,30.837979423540787,6.04592701335671
0.4,93247,su2,5,13.420610874715353,8,100000,0.99997,3e-05,0.99997,0.0,35.22477693764965,6.468005589910967
0.4,93247,su2,5,13.420610874715353,9,100000,0.99999,1e-05,0.99999,0.0,39.621727655025765,6.870799118571085
0.4,93247,su2,5,13.420610874715353,10,100000,0.99999,1e-05,0.99999,0.0,44.01996010330421,7.246741426469558
0.4,93247,su2,5,13.420610874715353,11,100000,1.0,0.0,1.0,0.0,48.422037564850406,7.597718105246959
0.4,93247,su2,5,13.420610874715353,12,100000,1.0,0.0,1.0,0.0,52.81157710857937,7.940011002957789
0.4,93247,su2,6,17.096796521857346,1,100000,0.94153,0.05847,0.94153,0.0,4.417125690570511,2.296864689589418
0.4,93247,su2,6,17.096796521857346,2,100000,0.98457,0.01543,0.98457,0.0,8.820467315566647,3.2496093839972047
0.4,93247,su2,6,17.096796521857346,3,100000,0.99199,0.00801,0.99199,0.0,13.221304763755462,3.9682602397013973
0.4,93247,su2,6,17.096796521857346,4,100000,0.99649,0.00351,0.99649,0.0,17.602194014399597,4.605118239434215
0.4,93247,su2,6,17.096796521857346,5,100000,0.9987,0.0013,0.9987,0.0,21.986657160099135,5.146759044418684
0.4,93247,su2,6,17.096796521857346,6,100000,0.99948,0.00052,0.99948,0.0,26.373965144384176,5.634082322248819
0.4,93247,su2,6,17.096796521857346,7,100000,0.99975,0.00025,0.99975,0.0,30.769701762670753,6.083048031892996
0.4,93247,su2,6,17.096796521857346,8,100000,0.99993,7e-05,0.99993,0.0,35.147908265510125,6.500438839760953
0.4,93247,su2,6,17.096796521857346,9,100000,0.99996,4e-05,0.99996,0.0,39.53828125347908,6.883268197738564
0.4,93247,su2,6,17.096796521857346,10,100000,0.99997,3e-05,0.99997,0.0,43.92478606015168,7.244454999370462
0.4,93247,su2,6,17.096796521857346,11,100000,0.99999,1e-05,0.99999,0.0,48.318433836392394,7.600262864966484
0.4,93247,su2,6,17.096796521857346,12,100000,0.99999,1e-05,0.99999,0.0,52.694160488181495,7.9367958626162425
0.4,93247,su2,7,21.779966205598896,1,100000,0.9407,0.0593,0.9407,0.0,4.4096617455242555,2.295672751995272
0.4,93247,su2,7,21.779966205598896,2,100000,0.985,0.015,0.985,0.0,8.799478272258042,3.2347533221081473
0.4,93247,su2,7,21.779966205598896,3,100000,0.99218,0.00782,0.99218,0.0,13.197655743002812,3.9739711671933757
0.4,93247,su2,7,21.779966205598896,4,100000,0.99653,0.00347,0.99653,0.0,17.591634663515872,4.595037071592454
0.4,93247,su2,7,21.779966205598896,5,100000,0.99882,0.00118,0.99882,0.0,21.97287847060732,5.141093862344834
0.4,93247,su2,7,21.779966205598896,6,100000,0.99961,0.00039,0.99961,0.0,26.354751657938078,5.625172832041614
0.4,93247,su2,7,21.779966205598896,7,100000,0.99979,0.00021,0.99979,0.0,30.743722294972535,6.077874869751816
0.4,93247,su2,7,21.779966205598896,8,100000,0.99995,5e-05,0.99995,0.0,35.14308378909397,6.488450258175157
0.4,93247,su2,7,21.779966205598896,9,100000,0.99996,4e-05,0.99996,0.0,39.51332262237572,6.880925937258914
0.4,93247,su2,7,21.779966205598896,10,100000,0.99998,2e-05,0.99998,0.0,43.90094751124184,7.236275035192591
0.4,93247,su2,7,21.779966205598896,11,100000,0.99999,1e-05,0.99999,0.0,48.29738703037189,7.592496120087522
0.4,93247,su2,7,21.779966205598896,12,100000,1.0,0.0,1.0,0.0,52.68500318666018,7.922098463718169
0.4,93247,su2,8,27.745953887359985,1,100000,0.94131,0.05869,0.94131,0.0,4.409817497101341,2.3029171101861565
0.4,93247,su2,8,27.745953887359985,2,100000,0.98466,0.01534,0.98466,0.0,8.814979570804399,3.240371394829383
0.4,93247,su2,8,27.745953887359985,3,100000,0.9914,0.0086,0.9914,0.0,13.196935394323376,3.9873495445668348
0.4,93247,su2,8,27.745953887359985,4,100000,0.99678,0.00322,0.99678,0.0,17.583009467951367,4.607857706880674
0.4,93247,su2,8,27.745953887359985,5,100000,0.99887,0.00113,0.99887,0.0,21.963385878846893,5.152929547720659
0.4,93247,su2,8,27.745953887359985,6,100000,0.99954,0.00046,0.99954,0.0,26.350658695599442,5.639081200674717
0.4,93247,su2,8,27.745953887359985,7,100000,0.99981,0.00019,0.99981,0.0,30.740354768372583,6.085649213489488
0.4,93247,su2,8,27.745953887359985,8,100000,0.99994,6e-05,0.99994,0.0,35.11180261308273,6.515717224555629
0.4,93247,su2,8,27.745953887359985,9,100000,0.99999,1e-05,0.99999,0.0,39.490896682474876,6.911649194383303
0.4,93247,su2,8,27.745953887359985,10,100000,0.99999,1e-05,0.99999,0.0,43.85895394656897,7.285524500602578
0.4,93247,su2,8,27.745953887359985,11,100000,0.99999,1e-05,0.99999,0.0,48.23597521914569,7.654258409810425
0.4,93247,su2,8,27.745953887359985,12,100000,0.99999,1e-05,0.99999,0.0,52.614146226226474,8.002010879214797
0.4,93247,su2,9,35.34615021218933,1,100000,0.94192,0.05808,0.94192,0.0,4.4154376233598285,2.2986195552495747
0.4,93247,su2,9,35.34615021218933,2,100000,0.98466,0.01534,0.98466,0.0,8.80822850992763,3.251594014081747
0.4,93247,su2,9,35.34615021218933,3,100000,0.99148,0.00852,0.99148,0.0,13.198050766938499,3.9889797480373863
0.4,93247,su2,9,35.34615021218933,4,100000,0.99653,0.00347,0.99653,0.0,17.592232390905703,4.5999969846549975
0.4,93247,su2,9,35.34615021218933,5,100000,0.99871,0.00129,0.99871,0.0,21.971540974324856,5.1420619735827096
0.4,93247,su2,9,35.34615021218933,6,100000,0.99958,0.00042,0.99958,0.0,26.34264871795743,5.639959057250246
0.4,93247,su2,9,35.34615021218933,7,100000,0.99984,0.00016,0.99984,0.0,30.72807692726243,6.084738879530985
0.4,93247,su2,9,35.34615021218933,8,100000,0.9999,0.0001,0.9999,0.0,35.11090005307765,6.516925119669974
0.4,93247,su2,9,35.34615021218933,9,100000,0.99996,4e-05,0.99996,0.0,39.49051105947456,6.919296746857911
0.4,93247,su2,9,35.34615021218933,10,100000,0.99996,4e-05,0.99996,0.0,43.87661625658124,7.297791581843039
0.4,93247,su2,9,35.34615021218933,11,100000,0.99998,2e-05,0.99998,0.0,48.25254406737087,7.6638085834839424
0.4,93247,su2,9,35.34615021218933,12,100000,0.99999,1e-05,0.99999,0.0,52.62414000992788,8.001257260788595
0.4,93247,su2,10,45.028199062631984,1,100000,0.94134,0.05866,0.94134,0.0,4.396673262077448,2.294750625351399
0.4,93247,su2,10,45.028199062631984,2,100000,0.98447,0.01553,0.98447,0.0,8.77994809153747,3.248500769362529
0.4,93247,su2,10,45.028199062631984,3,100000,0.99186,0.00814,0.99186,0.0,13.166976346856789,3.969766422830743
0.4,93247,su2,10,45.028199062631984,4,100000,0.99677,0.00323,0.99677,0.0,17.561453549814814,4.585507746042493
0.4,93247,su2,10,45.028199062631984,5,100000,0.99903,0.00097,0.99903,0.0,21.942744251835784,5.131728747579943
0.4,93247,su2,10,45.028199062631984,6,100000,0.99959,0.00041,0.99959,0.0,26.319547412397956,5.62582623639332
0.4,93247,su2,10,45.028199062631984,7,100000,0.99984,0.00016,0.99984,0.0,30.694860111142592,6.076638199790494
0.4,93247,su2,10,45.028199062631984,8,100000,0.99992,8e-05,0.99992,0.0,35.07407552504588,6.500747183939398
0.4,93247,su2,10,45.028199062631984,9,100000,0.99997,3e-05,0.99997,0.0,39.44752089725779,6.891451151842482
0.4,93247,su2,10,45.028199062631984,10,100000,1.0,0.0,1.0,0.0,43.826747620250536,7.251180626463369
0.4,93247,su2,10,45.028199062631984,11,100000,0.99999,1e-05,0.99999,0.0,48.217300903360155,7.599678373000826
0.4,93247,su2,10,45.028199062631984,12,100000,1.0,0.0,1.0,0.0,52.585113600312255,7.955224392543619
0.4,93247,su2,11,57.36236333100857,1,100000,0.94044,0.05956,0.94044,0.0,4.404654226250206,2.304442535546237
0.4,93247,su2,11,57.36236333100857,2,100000,0.98428,0.01572,0.98428,0.0,8.790900525024245,3.2570211709136587
0.4,93247,su2,11,57.36236333100857,3,100000,0.99144,0.00856,0.99144,0.0,13.178070655012368,3.983801812951142
0.4,93247,su2,11,57.36236333100857,4,100000,0.99681,0.00319,0.99681,0.0,17.559784179689245,4.599941230635127
0.4,93247,su2,11,57.36236333100857,5,100000,0.99883,0.00117,0.99883,0.0,21.93604609913001,5.147018555092708
0.4,93247,su2,11,57.36236333100857,6,100000,0.99948,0.00052,0.99948,0.0,26.316645251226934,5.645283712893938
0.4,93247,su2,11,57.36236333100857,7,100000,0.9997,0.0003,0.9997,0.0,30.69998927976171,6.093738277993192
0.4,93247,su2,11,57.36236333100857,8,100000,0.99992,8e-05,0.99992,0.0,35.08985785825594,6.510720629049648
0.4,93247,su2,11,57.36236333100857,9,100000,0.99996,4e-05,0.99996,0.0,39.47879810210062,6.905439843167807
0.4,93247,su2,11,57.36236333100857,10,100000,0.99997,3e-05,0.99997,0.0,43.86208394933292,7.279888334692091
0.4,93247,su2,11,57.36236333100857,11,100000,1.0,0.0,1.0,0.0,48.22828747191223,7.6426112570355365
0.4,93247,su2,11,57.36236333100857,12,100000,1.0,0.0,1.0,0.0,52.61177425964705,7.983198415773324
0.4,93247,su2,12,73.07511282744834,1,100000,0.93998,0.06002,0.93998,0.0,4.394039600788125,2.308208358546581
0.4,93247,su2,12,73.07511282744834,2,100000,0.98423,0.01577,0.98423,0.0,8.776893209599223,3.282084173763187
0.4,93247,su2,12,73.07511282744834,3,100000,0.99101,0.00899,0.99101,0.0,13.151852693207397,4.011274537863464
0.4,93247,su2,12,73.07511282744834,4,100000,0.99628,0.00372,0.99628,0.0,17.52845279894547,4.621036103908288
0.4,93247,su2,12,73.07511282744834,5,100000,0.99868,0.00132,0.99868,0.0,21.909042702728613,5.160797132478464
0.4,93247,su2,12,73.07511282744834,6,100000,0.99949,0.00051,0.99949,0.0,26.28603370916819,5.6565051003007945
0.4,93247,su2,12,73.07511282744834,7,100000,0.99976,0.00024,0.99976,0.0,30.663199724997355,6.112894955597161
0.4,93247,su2,12,73.07511282744834,8,100000,0.99993,7e-05,0.99993,0.0,35.034242046043296,6.535832518943435
0.4,93247,su2,12,73.07511282744834,9,100000,0.99999,1e-05,0.99999,0.0,39.40371636298359,6.929578531579565
0.4,93247,su2,12,73.07511282744834,10,100000,0.99998,2e-05,0.99998,0.0,43.7735584740767,7.30479878818124
0.4,93247,su2,12,73.07511282744834,11,100000,1.0,0.0,1.0,0.0,48.14977991320866,7.659172464009946
0.4,93247,su2,12,73.07511282744834,12,100000,1.0,0.0,1.0,0.0,52.51954385015287,8.008392075632843
0.4,93247,su2,13,93.09191261751351,1,100000,0.94064,0.05936,0.94064,0.0,4.405539645533092,2.306461565639246
0.4,93247,su2,13,93.09191261751351,2,100000,0.98398,0.01602,0.98398,0.0,8.793890266156888,3.2582565250846276
0.4,93247,su2,13,93.09191261751351,3,100000,0.99166,0.00834,0.99166,0.0,13.17682908019205,4.0000434419728705
0.4,93247,su2,13,93.09191261751351,4,100000,0.99638,0.00362,0.99638,0.0,17.558365949136988,4.615555403794115
0.4,93247,su2,13,93.09191261751351,5,100000,0.99868,0.00132,0.99868,0.0,21.937420815751384,5.16401551487681
0.4,93247,su2,13,93.09191261751351,6,100000,0.99962,0.00038,0.99962,0.0,26.324038939003632,5.66064391009416
0.4,93247,su2,13,93.09191261751351,7,100000,0.99974,0.00026,0.99974,0.0,30.70562824160854,6.11101685620807
0.4,93247,su2,13,93.09191261751351,8,100000,0.99992,8e-05,0.99992,0.0,35.059872904828595,6.548251680890289
0.4,93247,su2,13,93.09191261751351,9,100000,0.99997,3e-05,0.99997,0.0,39.4255399815132,6.953897565720075
0.4,93247,su2,13,93.09191261751351,10,100000,1.0,0.0,1.0,0.0,43.79822868079759,7.3247191638127225
0.4,93247,su2,13,93.09191261751351,11,100000,1.0,0.0,1.0,0.0,48.16871938003351,7.682836400385263
0.4,93247,su2,13,93.09191261751351,12,100000,1.0,0.0,1.0,0.0,52.54425490749028,8.022706058071106
0.4,93247,su2,14,118.5917319792576,1,100000,0.93957,0.06043,0.93957,0.0,4.398678344347405,2.306284764608263
0.4,93247,su2,14,118.5917319792576,2,100000,0.98468,0.01532,0.98468,0.0,8.77838262696836,3.254366356897491
0.4,93247,su2,14,118.5917319792576,3,100000,0.99158,0.00842,0.99158,0.0,13.155374861610863,3.9933855666468197
0.4,93247,su2,14,118.5917319792576,4,100000,0.99651,0.00349,0.99651,0.0,17.538296809397483,4.619566314714838
0.4,93247,su2,14,118.5917319792576,5,100000,0.99879,0.00121,0.99879,0.0,21.90725501467205,5.165147787176063
0.4,93247,su2,14,118.5917319792576,6,100000,0.99938,0.00062,0.99938,0.0,26.2786786164288,5.674880294238328
0.4,93247,su2,14,118.5917319792576,7,100000,0.99968,0.00032,0.99968,0.0,30.650896756918645,6.126941588739947
0.4,93247,su2,14,118.5917319792576,8,100000,0.99982,0.00018,0.99982,0.0,35.01509003224043,6.547348720668477
0.4,93247,su2,14,118.5917319792576,9,100000,0.99995,5e-05,0.99995,0.0,39.38269646371872,6.947772474454308
0.4,93247,su2,14,118.5917319792576,10,100000,0.99998,2e-05,0.99998,0.0,43.76133968691575,7.3167752784063635
0.4,93247,su2,14,118.5917319792576,11,100000,1.0,0.0,1.0,0.0,48.134342709564564,7.672716028961228
0.4,93247,su2,14,118.5917319792576,12,100000,1.0,0.0,1.0,0.0,52.49106520005142,8.030726322974019
0.4,93247,su2,15,151.07648450220142,1,100000,0.93909,0.06091,0.93909,0.0,4.388143794164525,2.320274050952858
0.4,93247,su2,15,151.07648450220142,2,100000,0.98389,0.01611,0.98389,0.0,8.777379424233567,3.2636793341315142
0.4,93247,su2,15,151.07648450220142,3,100000,0.99138,0.00862,0.99138,0.0,13.164352818919472,4.001424424589588
0.4,93247,su2,15,151.07648450220142,4,100000,0.99658,0.00342,0.99658,0.0,17.536636279856484,4.6201501589647735
0.4,93247,su2,15,151.07648450220142,5,100000,0.99856,0.00144,0.99856,0.0,21.909343231526925,5.1735696109123985
0.4,93247,su2,15,151.07648450220142,6,100000,0.99957,0.00043,0.99957,0.0,26.29280968439221,5.658130424327522
0.4,93247,su2,15,151.07648450220142,7,100000,0.99982,0.00018,0.99982,0.0,30.66042158256416,6.108501472493292
0.4,93247,su2,15,151.07648450220142,8,100000,0.99994,6e-05,0.99994,0.0,35.0263832863175,6.529821048533449
0.4,93247,su2,15,151.07648450220142,9,100000,0.99996,4e-05,0.99996,0.0,39.393008802178436,6.930441879921218
0.4,93247,su2,15,151.07648450220142,10,100000,0.99999,1e-05,0.99999,0.0,43.76000463827593,7.315524115295531
0.4,93247,su2,15,151.07648450220142,11,100000,1.0,0.0,1.0,0.0,48.13809227383063,7.67892050490641
0.4,93247,su2,15,151.07648450220142,12,100000,1.0,0.0,1.0,0.0,52.518786324302575,8.01656678259367
0.4,93247,su2,16,192.45948927987664,1,100000,0.94036,0.05964,0.94036,0.0,4.403108873410416,2.2985395777478113
0.4,93247,su2,16,192.45948927987664,2,100000,0.98502,0.01498,0.98502,0.0,8.77736078240566,3.24255353477015
0.4,93247,su2,16,192.45948927987664,3,100000,0.99212,0.00788,0.99212,0.0,13.15705516108524,3.9776701847691527
0.4,93247,su2,16,192.45948927987664,4,100000,0.99669,0.00331,0.99669,0.0,17.528853284068248,4.608490298984101
0.4,93247,su2,16,192.45948927987664,5,100000,0.99867,0.00133,0.99867,0.0,21.902304617896213,5.1560009240657125
0.4,93247,su2,16,192.45948927987664,6,100000,0.99949,0.00051,0.99949,0.0,26.279022430513237,5.638281849877896
0.4,93247,su2,16,192.45948927987664,7,100000,0.99979,0.00021,0.99979,0.0,30.650562742091147,6.093750360896899
0.4,93247,su2,16,192.45948927987664,8,100000,0.99993,7e-05,0.99993,0.0,35.02340768363808,6.512663875736703
0.4,93247,su2,16,192.45948927987664,9,100000,0.99997,3e-05,0.99997,0.0,39.38499088457971,6.909984217493502
0.4,93247,su2,16,192.45948927987664,10,100000,0.99998,2e-05,0.99998,0.0,43.748275684359754,7.284261354071607
0.4,93247,su2,16,192.45948927987664,11,100000,1.0,0.0,1.0,0.0,48.11701145693519,7.6432823567117465
0.4,93247,su2,16,192.45948927987664,12,100000,1.0,0.0,1.0,0.0,52.496027711885766,7.978335161890504
0.4,93247,su2,17,245.17816347077607,1,100000,0.94041,0.05959,0.94041,0.0,4.399500676384286,2.3041689078759635
0.4,93247,su2,17,245.17816347077607,2,100000,0.98494,0.01506,0.98494,0.0,8.788280376336036,3.2505962718081904
0.4,93247,su2,17,245.17816347077607,3,100000,0.99132,0.00868,0.99132,0.0,13.164329318020709,3.996079544655582
0.4,93247,su2,17,245.17816347077607,4,100000,0.99621,0.00379,0.99621,0.0,17.52660236047925,4.621158978304357
0.4,93247,su2,17,245.17816347077607,5,100000,0.99864,0.00136,0.99864,0.0,21.887031844598663,5.178529783646382
0.4,93247,su2,17,245.17816347077607,6,100000,0.99957,0.00043,0.99957,0.0,26.26044578359168,5.666281398432368
0.4,93247,su2,17,245.17816347077607,7,100000,0.99984,0.00016,0.99984,0.0,30.63007618011708,6.122057744132855
0.4,93247,su2,17,245.17816347077607,8,100000,0.99988,0.00012,0.99988,0.0,35.002345133222875,6.547871132647489
0.4,93247,su2,17,245.17816347077607,9,100000,0.99994,6e-05,0.99994,0.0,39.36587701543053,6.961216439275745
0.4,93247,su2,17,245.17816347077607,10,100000,0.99998,2e-05,0.99998,0.0,43.72363902408953,7.338119174725011
0.4,93247,su2,17,245.17816347077607,11,100000,1.0,0.0,1.0,0.0,48.096044886079895,7.691612303471573
0.4,93247,su2,17,245.17816347077607,12,100000,1.0,0.0,1.0,0.0,52.4602314081553,8.03476180543597
0.4,93247,su2,18,312.33758370566323,1,100000,0.93911,0.06089,0.93911,0.0,4.390939872536005,2.3167252048017297
0.4,93247,su2,18,312.33758370566323,2,100000,0.98436,0.01564,0.98436,0.0,8.775537296556001,3.2604683376709964
0.4,93247,su2,18,312.33758370566323,3,100000,0.99162,0.00838,0.99162,0.0,13.151517745022558,3.9964544207081367
0.4,93247,su2,18,312.33758370566323,4,100000,0.99676,0.00324,0.99676,0.0,17.525593875905724,4.6208513018320545
0.4,93247,su2,18,312.33758370566323,5,100000,0.99859,0.00141,0.99859,0.0,21.89620992223011,5.1724556457059805
0.4,93247,su2,18,312.33758370566323,6,100000,0.9996,0.0004,0.9996,0.0,26.28130941903385,5.661677111070804
0.4,93247,su2,18,312.33758370566323,7,100000,0.99977,0.00023,0.99977,0.0,30.649465850988868,6.125290444022943
0.4,93247,su2,18,312.33758370566323,8,100000,0.99992,8e-05,0.99992,0.0,35.015456902153474,6.550207396538698
0.4,93247,su2,18,312.33758370566323,9,100000,0.99997,3e-05,0.99997,0.0,39.38748243847198,6.9491569037258465
0.4,93247,su2,18,312.33758370566323,10,100000,0.99999,1e-05,0.99999,0.0,43.77823415439249,7.316262536604616
0.4,93247,su2,18,312.33758370566323,11,100000,1.0,0.0,1.0,0.0,48.13830789017997,7.664902520009003
0.4,93247,su2,18,312.33758370566323,12,100000,1.0,0.0,1.0,0.0,52.50723330840428,8.007544431188009
0.4,93247,su2,19,397.89337196303796,1,100000,0.93908,0.06092,0.93908,0.0,4.389710099620322,2.3258217996476778
0.4,93247,su2,19,397.89337196303796,2,100000,0.98437,0.01563,0.98437,0.0,8.761228582240376,3.278815791738563
0.4,93247,su2,19,397.89337196303796,3,100000,0.9917,0.0083,0.9917,0.0,13.140078686683918,4.014486477236636
0.4,93247,su2,19,397.89337196303796,4,100000,0.99657,0.00343,0.99657,0.0,17.513811934886366,4.635621118885378
0.4,93247,su2,19,397.89337196303796,5,100000,0.99859,0.00141,0.99859,0.0,21.887190957476815,5.19293341067791
0.4,93247,su2,19,397.89337196303796,6,100000,0.99946,0.00054,0.99946,0.0,26.259633218980607,5.682693278897332
0.4,93247,su2,19,397.89337196303796,7,100000,0.99985,0.00015,0.99985,0.0,30.62683032408704,6.1400704364585765
0.4,93247,su2,19,397.89337196303796,8,100000,0.99989,0.00011,0.99989,0.0,35.0137531136035,6.559755561837386
0.4,93247,su2,19,397.89337196303796,9,100000,0.99999,1e-05,0.99999,0.0,39.39376206589422,6.953926934446298
0.4,93247,su2,19,397.89337196303796,10,100000,0.99999,1e-05,0.99999,0.0,43.76031781179067,7.330698463208991
0.4,93247,su2,19,397.89337196303796,11,100000,1.0,0.0,1.0,0.0,48.13634811216352,7.678991832853236
0.4,93247,su2,19,397.89337196303796,12,100000,1.0,0.0,1.0,0.0,52.50745164454536,8.017048771992647
0.4,103250,photon,0,4.0,1,100000,0.87299,0.87299,0.12701,0.0,-8.101392987856393,5.3624933258489484
0.4,103250,photon,0,4.0,2,100000,0.96049,0.96049,0.03951,0.0,-16.112924089357755,7.639136515184346
0.4,103250,photon,0,4.0,3,100000,0.9874,0.9874,0.0126,0.0,-24.080330001743658,9.373612563902268
0.4,103250,photon,0,4.0,4,100000,0.99503,0.99503,0.00497,0.0,-32.035705942795396,10.810239885272699
0.4,103250,photon,0,4.0,5,100000,0.998,0.998,0.002,0.0,-40.005134952114794,12.084696963954823
0.4,103250,photon,0,4.0,6,100000,0.99921,0.99921,0.00079,0.0,-47.99879291370159,13.223336243928074
0.4,103250,photon,0,4.0,7,100000,0.99964,0.99964,0.00036,0.0,-55.92866884085476,14.307207143564534
0.4,103250,photon,0,4.0,8,100000,0.99987,0.99987,0.00013,0.0,-63.89898954246391,15.297464982841628
0.4,103250,photon,0,4.0,9,100000,0.99995,0.99995,5e-05,0.0,-71.85273760901747,16.21210380370817
0.4,103250,photon,0,4.0,10,100000,0.99999,0.99999,1e-05,0.0,-79.84479218668952,17.08199791547354
0.4,103250,photon,0,4.0,11,100000,1.0,1.0,0.0,0.0,-87.80387552068069,17.92706250258328
0.4,103250,photon,0,4.0,12,100000,1.0,1.0,0.0,0.0,-95.75496343860219,18.716297579127986
0.4,103250,photon,1,4.827709658906259,1,100000,0.88188,0.88188,0.11812,0.0,-8.30703106217314,5.232625917959045
0.4,103250,photon,1,4.827709658906259,2,100000,0.96532,0.96532,0.03468,0.0,-16.50410631314419,7.47269382933008
0.4,103250,photon,1,4.827709658906259,3,100000,0.9893,0.9893,0.0107,0.0,-24.61737297242473,9.206904514627881
0.4,103250,photon,1,4.827709658906259,4,100000,0.99589,0.99589,0.00411,0.0,-32.751279448423844,10.600833120689664
0.4,103250,photon,1,4.827709658906259,5,100000,0.99841,0.99841,0.00159,0.0,-40.933054888045504,11.813798544189288
0.4,103250,photon,1,4.827709658906259,6,100000,0.99941,0.99941,0.00059,0.0,-49.0956436310947,12.963646206428399
0.4,103250,photon,1,4.827709658906259,7,100000,0.99978,0.99978,0.00022,0.0,-57.20733629370736,13.988577461984306
0.4,103250,photon,1,4.827709658906259,8,100000,0.99989,0.99989,0.00011,0.0,-65.3306321595106,14.952186581266806
0.4,103250,photon,1,4.827709658906259,9,100000,0.99997,0.99997,3e-05,0.0,-73.47769378058017,15.830584624679425
0.4,103250,photon,1,4.827709658906259,10,100000,0.99999,0.99999,1e-05,0.0,-81.60725541112748,16.72335891708876
0.4,103250,photon,1,4.827709658906259,11,100000,1.0,1.0,0.0,0.0,-89.76843529173895,17.51518295354138
0.4,103250,photon,1,4.827709658906259,12,100000,1.0,1.0,0.0,0.0,-97.9031271404672,18.289099117586026
0.4,103250,photon,2,5.8266951376741964,1,100000,0.88614,0.88614,0.11386,0.0,-8.411221561126677,5.162533058142529
0.4,103250,photon,2,5.8266951376741964,2,100000,0.96847,0.96847,0.03153,0.0,-16.758165725559905,7.350096316332384
0.4,103250,photon,2,5.8266951376741964,3,100000,0.99148,0.99148,0.00852,0.0,-25.035756533988696,8.98460643371806
0.4,103250,photon,2,5.8266951376741964,4,100000,0.99712,0.99712,0.00288,0.0,-33.30329964175186,10.379138029663983
0.4,103250,photon,2,5.8266951376741964,5,100000,0.99897,0.99897,0.00103,0.0,-41.57055812473588,11.589972990177259
0.4,103250,photon,2,5.8266951376741964,6,100000,0.99955,0.99955,0.00045,0.0,-49.86723512451395,12.729172356829865
0.4,103250,photon,2,5.8266951376741964,7,100000,0.99989,0.99989,0.00011,0.0,-58.13009699794638,13.767217727613584
0.4,103250,photon,2,5.8266951376741964,8,100000,0.99997,0.99997,3e-05,0.0,-66.38203410878333,14.727246075128729
0.4,103250,photon,2,5.8266951376741964,9,100000,0.99997,0.99997,3e-05,0.0,-74.64729188460659,15.608994963833103
0.4,103250,photon,2,5.8266951376741964,10,100000,1.0,1.0,0.0,0.0,-82.9032023448765,16.457901765859944
0.4,103250,photon,2,5.8266951376741964,11,100000,1.0,1.0,0.0,0.0,-91.157238309449,17.246917203946822
0.4,103250,photon,2,5.8266951376741964,12,100000,1.0,1.0,0.0,0.0,-99.4359138262734,18.028294171673465
0.4,103250,photon,3,7.032398098912962,1,100000,0.89261,0.89261,0.10739,0.0,-8.553964956753571,5.063826477014796
0.4,103250,photon,3,7.032398098912962,2,100000,0.97108,0.97108,0.02892,0.0,-16.999839514254088,7.238254874703488
0.4,103250,photon,3,7.032398098912962,3,100000,0.99181,0.99181,0.00819,0.0,-25.39344097747136,8.920385928104722
0.4,103250,photon,3,7.032398098912962,4,100000,0.99708,0.99708,0.00292,0.0,-33.77695307608754,10.313881457656073
0.4,103250,photon,3,7.032398098912962,5,100000,0.99892,0.99892,0.00108,0.0,-42.193909686456585,11.52388783852558
0.4,103250,photon,3,7.032398098912962,6,100000,0.99963,0.99963,0.00037,0.0,-50.626976189170975,12.616865851856769
0.4,103250,photon,3,7.032398098912962,7,100000,0.99985,0.99985,0.00015,0.0,-59.05286185980372,13.618869595864055
0.4,103250,photon,3,7.032398098912962,8,100000,0.99999,0.99999,1e-05,0.0,-67.42591538518477,14.56336304697366
0.4,103250,photon,3,7.032398098912962,9,100000,1.0,1.0,0.0,0.0,-75.83771487180628,15.427122277460583
0.4,103250,photon,3,7.032398098912962,10,100000,1.0,1.0,0.0,0.0,-84.24709531189046,16.21664948706748
0.4,103250,photon,3,7.032398098912962,11,100000,1.0,1.0,0.0,0.0,-92.65721436639032,17.015908638547742
0.4,103250,photon,3,7.032398098912962,12,100000,1.0,1.0,0.0,0.0,-101.03415176575224,17.82551468743532
0.4,103250,photon,4,8.48759405684903,1,100000,0.89613,0.89613,0.10387,0.0,-8.624985182240673,5.005977624033775
0.4,103250,photon,4,8.48759405684903,2,100000,0.97407,0.97407,0.02593,0.0,-17.220785323616003,7.113807721416656
0.4,103250,photon,4,8.48759405684903,3,100000,0.99285,0.99285,0.00715,0.0,-25.70753466937376,8.758769275907232
0.4,103250,photon,4,8.48759405684903,4,100000,0.99757,0.99757,0.00243,0.0,-34.21136072678348,10.116926141642185
0.4,103250,photon,4,8.48759405684903,5,100000,0.99921,0.99921,0.00079,0.0,-42.74453403156825,11.314732420781242
0.4,103250,photon,4,8.48759405684903,6,100000,0.99972,0.99972,0.00028,0.0,-51.294626155987814,12.388205322766458
0.4,103250,photon,4,8.48759405684903,7,100000,0.99992,0.99992,8e-05,0.0,-59.808316385663204,13.400099220090823
0.4,103250,photon,4,8.48759405684903,8,100000,0.99996,0.99996,4e-05,0.0,-68.29576971340629,14.341402327254702
0.4,103250,photon,4,8.48759405684903,9,100000,0.99999,0.99999,1e-05,0.0,-76.79689353716573,15.207038211194709
0.4,103250,photon,4,8.48759405684903,10,100000,1.0,1.0,0.0,0.0,-85.29353410976674,16.03766518220333
0.4,103250,photon,4,8.48759405684903,11,100000,1.0,1.0,0.0,0.0,-93.8137190571886,16.832123199837056
0.4,103250,photon,4,8.48759405684903,12,100000,1.0,1.0,0.0,0.0,-102.32579017122515,17.591128995564738
0.4,103250,photon,5,10.243909952281355,1,100000,0.90132,0.90132,0.09868,0.0,-8.731916459963836,4.915015281548343
0.4,103250,photon,5,10.243909952281355,2,100000,0.9753,0.9753,0.0247,0.0,-17.394862924600517,7.022035641198524
0.4,103250,photon,5,10.243909952281355,3,100000,0.99394,0.99394,0.00606,0.0,-26.008805735728124,8.609445125366888
0.4,103250,photon,5,10.243909952281355,4,100000,0.99793,0.99793,0.00207,0.0,-34.577539803904685,9.97141374066778
0.4,103250,photon,5,10.243909952281355,5,100000,0.99919,0.99919,0.00081,0.0,-43.220446787855785,11.157616998916453
0.4,103250,photon,5,10.243909952281355,6,100000,0.99979,0.99979,0.00021,0.0,-51.861362865041336,12.205941475997712
0.4,103250,photon,5,10.243909952281355,7,100000,0.99988,0.99988,0.00012,0.0,-60.43890177137328,13.221629458165701
0.4,103250,photon,5,10.243909952281355,8,100000,0.99994,0.99994,6e-05,0.0,-69.0289566324648,14.153534714449428
0.4,103250,photon,5,10.243909952281355,9,100000,0.99999,0.99999,1e-05,0.0,-77.63804675891191,15.01467244875301
0.4,103250,photon,5,10.243909952281355,10,100000,0.99999,0.99999,1e-05,0.0,-86.23492173375267,15.824610593528034
0.4,103250,photon,5,10.243909952281355,11,100000,1.0,1.0,0.0,0.0,-94.82987946024284,16.60145011306226
0.4,103250,photon,5,10.243909952281355,12,100000,1.0,1.0,0.0,0.0,-103.40455920446865,17.341731553916052
0.4,103250,photon,6,12.363655755398659,1,100000,0.90474,0.90474,0.09526,0.0,-8.804991840596662,4.863361554896921
0.4,103250,photon,6,12.363655755398659,2,100000,0.97703,0.97703,0.02297,0.0,-17.5361874931434,6.936551310107373
0.4,103250,photon,6,12.363655755398659,3,100000,0.99392,0.99392,0.00608,0.0,-26.23152772477962,8.556951605626205
0.4,103250,photon,6,12.363655755398659,4,100000,0.99801,0.99801,0.00199,0.0,-34.911884297513325,9.901428847762606
0.4,103250,photon,6,12.363655755398659,5,100000,0.99932,0.99932,0.00068,0.0,-43.5931474183205,11.079041981552093
0.4,103250,photon,6,12.363655755398659,6,100000,0.99972,0.99972,0.00028,0.0,-52.29880953397075,12.154998675089217
0.4,103250,photon,6,12.363655755398659,7,100000,0.99995,0.99995,5e-05,0.0,-60.9698719831786,13.154389912503053
0.4,103250,photon,6,12.363655755398659,8,100000,0.99996,0.99996,4e-05,0.0,-69.62580389429493,14.077736987918984
0.4,103250,photon,6,12.363655755398659,9,100000,0.99999,0.99999,1e-05,0.0,-78.27220844565466,14.961215623928672
0.4,103250,photon,6,12.363655755398659,10,100000,1.0,1.0,0.0,0.0,-86.93789979879637,15.751509894321545
0.4,103250,photon,6,12.363655755398659,11,100000,0.99999,0.99999,1e-05,0.0,-95.60584800775273,16.559134847261532
0.4,103250,photon,6,12.363655755398659,12,100000,1.0,1.0,0.0,0.0,-104.25006977074979,17.306666641691873
0.4,103250,photon,7,14.922035077432518,1,100000,0.90501,0.90501,0.09499,0.0,-8.850073454559645,4.832924025363537
0.4,103250,photon,7,14.922035077432518,2,100000,0.97686,0.97686,0.02314,0.0,-17.63572568445767,6.921357197703983
0.4,103250,photon,7,14.922035077432518,3,100000,0.99426,0.99426,0.00574,0.0,-26.39498020132566,8.499214236828166
0.4,103250,photon,7,14.922035077432518,4,100000,0.99819,0.99819,0.00181,0.0,-35.10038049047049,9.81267503700587
0.4,103250,photon,7,14.922035077432518,5,100000,0.99946,0.99946,0.00054,0.0,-43.840272641275014,10.970077363553012
0.4,103250,photon,7,14.922035077432518,6,100000,0.99986,0.99986,0.00014,0.0,-52.597492963390096,11.98951449634675
0.4,103250,photon,7,14.922035077432518,7,100000,0.99996,0.99996,4e-05,0.0,-61.337508120596,12.96271017191108
0.4,103250,photon,7,14.922035077432518,8,100000,0.99997,0.99997,3e-05,0.0,-70.07410131772305,13.888465396744518
0.4,103250,photon,7,14.922035077432518,9,100000,0.99999,0.99999,1e-05,0.0,-78.81089642236932,14.691139932975497
0.4,103250,photon,7,14.922035077432518,10,100000,0.99999,0.99999,1e-05,0.0,-87.52835819589356,15.48692527568343
0.4,103250,photon,7,14.922035077432518,11,100000,1.0,1.0,0.0,0.0,-96.2270975699448,16.270646097543516
0.4,103250,photon,7,14.922035077432518,12,100000,1.0,1.0,0.0,0.0,-104.95175844862288,17.010221364527357
0.4,103250,photon,8,18.009813218464746,1,100000,0.90962,0.90962,0.09038,0.0,-8.926187355122034,4.765167633885622
0.4,103250,photon,8,18.009813218464746,2,100000,0.97943,0.97943,0.02057,0.0,-17.772365586519665,6.81559601920653
0.4,103250,photon,8,18.009813218464746,3,100000,0.99476,0.99476,0.00524,0.0,-26.57874769589175,8.38492694486613
0.4,103250,photon,8,18.009813218464746,4,100000,0.99848,0.99848,0.00152,0.0,-35.34615048732212,9.697272909197117
0.4,103250,photon,8,18.009813218464746,5,100000,0.99949,0.99949,0.00051,0.0,-44.1326703264392,10.835073594778788
0.4,103250,photon,8,18.009813218464746,6,100000,0.99977,0.99977,0.00023,0.0,-52.944047264477966,11.883234199972467
0.4,103250,photon,8,18.009813218464746,7,100000,0.99996,0.99996,4e-05,0.0,-61.74247556571098,12.843067158170129
0.4,103250,photon,8,18.009813218464746,8,100000,0.99999,0.99999,1e-05,0.0,-70.49833654766492,13.768351199583268
0.4,103250,photon,8,18.009813218464746,9,100000,0.99999,0.99999,1e-05,0.0,-79.25466263527808,14.613233435413823
0.4,103250,photon,8,18.009813218464746,10,100000,0.99999,0.99999,1e-05,0.0,-88.05592016159096,15.397182247253033
0.4,103250,photon,8,18.009813218464746,11,100000,1.0,1.0,0.0,0.0,-96.82912366951611,16.169879257038144
0.4,103250,photon,8,18.009813218464746,12,100000,1.0,1.0,0.0,0.0,-105.61184262588814,16.89491996528307
0.4,103250,photon,9,21.736537307469963,1,100000,0.90991,0.90991,0.09009,0.0,-8.927620955315133,4.755238456776907
0.4,103250,photon,9,21.736537307469963,2,100000,0.97919,0.97919,0.02081,0.0,-17.81007476497516,6.789694277777691
0.4,103250,photon,9,21.736537307469963,3,100000,0.9954,0.9954,0.0046,0.0,-26.638865368095477,8.335591882159482
0.4,103250,photon,9,21.736537307469963,4,100000,0.9984,0.9984,0.0016,0.0,-35.44386985163117,9.679598077667737
0.4,103250,photon,9,21.736537307469963,5,100000,0.99956,0.99956,0.00044,0.0,-44.27618820995339,10.810357980678194
0.4,103250,photon,9,21.736537307469963,6,100000,0.99983,0.99983,0.00017,0.0,-53.13767180095566,11.872884163398123
0.4,103250,photon,9,21.736537307469963,7,100000,0.99993,0.99993,7e-05,0.0,-61.973997686749165,12.842798922786107
0.4,103250,photon,9,21.736537307469963,8,100000,1.0,1.0,0.0,0.0,-70.77675610880088,13.73067545922892
0.4,103250,photon,9,21.736537307469963,9,100000,1.0,1.0,0.0,0.0,-79.61967923207557,14.565794469075858
0.4,103250,photon,9,21.736537307469963,10,100000,1.0,1.0,0.0,0.0,-88.47271370814644,15.352438806716814
0.4,103250,photon,9,21.736537307469963,11,100000,1.0,1.0,0.0,0.0,-97.28659317811392,16.12159191965423
0.4,103250,photon,9,21.736537307469963,12,100000,1.0,1.0,0.0,0.0,-106.12737654864345,16.85861878202746
0.4,103250,photon,10,26.234422777612238,1,100000,0.9115,0.9115,0.0885,0.0,-8.982453508236368,4.726061803741365
0.4,103250,photon,10,26.234422777612238,2,100000,0.97995,0.97995,0.02005,0.0,-17.90839904445842,6.751035145571791
0.4,103250,photon,10,26.234422777612238,3,100000,0.99534,0.99534,0.00466,0.0,-26.78254560253583,8.30809884498165
0.4,103250,photon,10,26.234422777612238,4,100000,0.99857,0.99857,0.00143,0.0,-35.62892753262067,9.610633340219035
0.4,103250,photon,10,26.234422777612238,5,100000,0.99953,0.99953,0.00047,0.0,-44.48967015228393,10.734069365653811
0.4,103250,photon,10,26.234422777612238,6,100000,0.99983,0.99983,0.00017,0.0,-53.386254600312206,11.761522366667673
0.4,103250,photon,10,26.234422777612238,7,100000,0.99997,0.99997,3e-05,0.0,-62.243522544053846,12.687449180127858
0.4,103250,photon,10,26.234422777612238,8,100000,0.99999,0.99999,1e-05,0.0,-71.09269270146271,13.575242709259296
0.4,103250,photon,10,26.234422777612238,9,100000,0.99999,0.99999,1e-05,0.0,-79.93454482319905,14.431930642292253
0.4,103250,photon,10,26.234422777612238,10,100000,0.99999,0.99999,1e-05,0.0,-88.80867499444699,15.2121711949981
0.4,103250,photon,10,26.234422777612238,11,100000,0.99999,0.99999,1e-05,0.0,-97.65710770152408,15.981659555462736
0.4,103250,photon,10,26.234422777612238,12,100000,1.0,1.0,0.0,0.0,-106.51177011395184,16.70567713302707
0.4,103250,photon,11,31.66304405982725,1,100000,0.91293,0.91293,0.08707,0.0,-9.006323350383912,4.693200335512358
0.4,103250,photon,11,31.66304405982725,2,100000,0.9801,0.9801,0.0199,0.0,-17.921593640622138,6.733939780150242
0.4,103250,photon,11,31.66304405982725,3,100000,0.99545,0.99545,0.00455,0.0,-26.82399986464257,8.26784819604692
0.4,103250,photon,11,31.66304405982725,4,100000,0.99855,0.99855,0.00145,0.0,-35.70422394491545,9.55990145729601
0.4,103250,photon,11,31.66304405982725,5,100000,0.99959,0.99959,0.00041,0.0,-44.61726016308726,10.684296049330385
0.4,103250,photon,11,31.66304405982725,6,100000,0.9999,0.9999,0.0001,0.0,-53.50137584898692,11.732041531342459
0.4,103250,photon,11,31.66304405982725,7,100000,0.99998,0.99998,2e-05,0.0,-62.40254011523688,12.710432245715186
0.4,103250,photon,11,31.66304405982725,8,100000,1.0,1.0,0.0,0.0,-71.29920410120066,13.578980810162786
0.4,103250,photon,11,31.66304405982725,9,100000,1.0,1.0,0.0,0.0,-80.16369977653352,14.4238713906074
0.4,103250,photon,11,31.66304405982725,10,100000,1.0,1.0,0.0,0.0,-89.03716167659775,15.231531286954983
0.4,103250,photon,11,31.66304405982725,11,100000,1.0,1.0,0.0,0.0,-97.91356170465417,15.987457696809921
0.4,103250,photon,11,31.66304405982725,12,100000,1.0,1.0,0.0,0.0,-106.78724826850778,16.696823071435364
0.4,103250,photon,12,38.21499590950062,1,100000,0.9149,0.9149,0.0851,0.0,-9.046026826930055,4.659315677471357
0.4,103250,photon,12,38.21499590950062,2,100000,0.98067,0.98067,0.01933,0.0,-17.973718939189773,6.700675531474509
0.4,103250,photon,12,38.21499590950062,3,100000,0.99564,0.99564,0.00436,0.0,-26.89453107003569,8.25452392492764
0.4,103250,photon,12,38.21499590950062,4,100000,0.99849,0.99849,0.00151,0.0,-35.79462656081197,9.539129162483476
0.4,103250,photon,12,38.21499590950062,5,100000,0.99957,0.99957,0.00043,0.0,-44.731128046053136,10.691710629168307
0.4,103250,photon,12,38.21499590950062,6,100000,0.99993,0.99993,7e-05,0.0,-53.67140131696135,11.711046520389571
0.4,103250,photon,12,38.21499590950062,7,100000,0.99997,0.99997,3e-05,0.0,-62.572590137023624,12.655604260811913
0.4,103250,photon,12,38.21499590950062,8,100000,0.99999,0.99999,1e-05,0.0,-71.48304670604192,13.55933971609762
0.4,103250,photon,12,38.21499590950062,9,100000,1.0,1.0,0.0,0.0,-80.36769420705896,14.411716327637745
0.4,103250,photon,12,38.21499590950062,10,100000,1.0,1.0,0.0,0.0,-89.28343513842016,15.193169800294706
0.4,103250,photon,12,38.21499590950062,11,100000,1.0,1.0,0.0,0.0,-98.18776216068372,15.947719997491783
0.4,103250,photon,12,38.21499590950062,12,100000,1.0,1.0,0.0,0.0,-107.09484470073981,16.675805282307458
0.4,103250,photon,13,46.12272621683984,1,100000,0.91486,0.91486,0.08514,0.0,-9.052025970531988,4.654688226131546
0.4,103250,photon,13,46.12272621683984,2,100000,0.98164,0.98164,0.01836,0.0,-18.071589353767116,6.631722642272382
0.4,103250,photon,13,46.12272621683984,3,100000,0.99599,0.99599,0.00401,0.0,-27.007514123239726,8.155034750255828
0.4,103250,photon,13,46.12272621683984,4,100000,0.99862,0.99862,0.00138,0.0,-35.93259540434258,9.453670573703604
0.4,103250,photon,13,46.12272621683984,5,100000,0.99964,0.99964,0.00036,0.0,-44.865596092177405,10.598513443230805
0.4,103250,photon,13,46.12272621683984,6,100000,0.99994,0.99994,6e-05,0.0,-53.83697141547516,11.618226077211736
0.4,103250,photon,13,46.12272621683984,7,100000,0.99999,0.99999,1e-05,0.0,-62.78629182656965,12.556788019830131
0.4,103250,photon,13,46.12272621683984,8,100000,0.99999,0.99999,1e-05,0.0,-71.68922506924389,13.471348629873829
0.4,103250,photon,13,46.12272621683984,9,100000,1.0,1.0,0.0,0.0,-80.6390739193417,14.290235465802382
0.4,103250,photon,13,46.12272621683984,10,100000,1.0,1.0,0.0,0.0,-89.55649067079356,15.089109212636496
0.4,103250,photon,13,46.12272621683984,11,100000,1.0,1.0,0.0,0.0,-98.47698492027186,15.8523230588723
0.4,103250,photon,13,46.12272621683984,12,100000,1.0,1.0,0.0,0.0,-107.3875742305145,16.54186846002673
0.4,103250,photon,14,55.666782713031616,1,100000,0.91499,0.91499,0.08501,0.0,-9.045178851787973,4.659869936819013
0.4,103250,photon,14,55.666782713031616,2,100000,0.98131,0.98131,0.01869,0.0,-18.05660585723816,6.65188876076453
0.4,103250,photon,14,55.666782713031616,3,100000,0.99549,0.99549,0.00451,0.0,-27.00746982574035,8.19625179232535
0.4,103250,photon,14,55.666782713031616,4,100000,0.99863,0.99863,0.00137,0.0,-35.940418880561516,9.475444705701047
0.4,103250,photon,14,55.666782713031616,5,100000,0.99946,0.99946,0.00054,0.0,-44.88495916400371,10.622311609160173
0.4,103250,photon,14,55.666782713031616,6,100000,0.99983,0.99983,0.00017,0.0,-53.837636758833106,11.620841773944695
0.4,103250,photon,14,55.666782713031616,7,100000,0.99995,0.99995,5e-05,0.0,-62.77704691205429,12.578414814460327
0.4,103250,photon,14,55.666782713031616,8,100000,0.99998,0.99998,2e-05,0.0,-71.71816116831438,13.470412977873481
0.4,103250,photon,14,55.666782713031616,9,100000,1.0,1.0,0.0,0.0,-80.64215606583237,14.298437721410638
0.4,103250,photon,14,55.666782713031616,10,100000,1.0,1.0,0.0,0.0,-89.5887017562204,15.102749284712164
0.4,103250,photon,14,55.666782713031616,11,100000,1.0,1.0,0.0,0.0,-98.5149471616947,15.838473085705594
0.4,103250,photon,14,55.666782713031616,12,100000,1.0,1.0,0.0,0.0,-107.44832803006737,16.533786983507646
0.4,103250,photon,15,67.18576614598469,1,100000,0.91678,0.91678,0.08322,0.0,-9.097756066783155,4.616126516572111
0.4,103250,photon,15,67.18576614598469,2,100000,0.9825,0.9825,0.0175,0.0,-18.115971671728715,6.596500933724974
0.4,103250,photon,15,67.18576614598469,3,100000,0.99584,0.99584,0.00416,0.0,-27.099845795274927,8.1348847530198
0.4,103250,photon,15,67.18576614598469,4,100000,0.99846,0.99846,0.00154,0.0,-36.06367867188626,9.41957943336473
0.4,103250,photon,15,67.18576614598469,5,100000,0.99958,0.99958,0.00042,0.0,-45.01704083491242,10.547185013816353
0.4,103250,photon,15,67.18576614598469,6,100000,0.99989,0.99989,0.00011,0.0,-54.00618954774247,11.550058767697093
0.4,103250,photon,15,67.18576614598469,7,100000,0.99998,0.99998,2e-05,0.0,-62.964671988914546,12.516090577545002
0.4,103250,photon,15,67.18576614598469,8,100000,0.99999,0.99999,1e-05,0.0,-71.9333045472078,13.432973873393854
0.4,103250,photon,15,67.18576614598469,9,100000,1.0,1.0,0.0,0.0,-80.87555661928619,14.242093629944106
0.4,103250,photon,15,67.18576614598469,10,100000,1.0,1.0,0.0,0.0,-89.8354461066786,15.006393193623172
0.4,103250,photon,15,67.18576614598469,11,100000,1.0,1.0,0.0,0.0,-98.80514731757255,15.75477798613886
0.4,103250,photon,15,67.18576614598469,12,100000,1.0,1.0,0.0,0.0,-107.75389678229878,16.45361107362952
0.4,103250,photon,16,81.08834304099686,1,100000,0.9162,0.9162,0.0838,0.0,-9.102788724369397,4.618921296479768
0.4,103250,photon,16,81.08834304099686,2,100000,0.9818,0.9818,0.0182,0.0,-18.151171543964026,6.610494531815752
0.4,103250,photon,16,81.08834304099686,3,100000,0.99596,0.99596,0.00404,0.0,-27.143973399007113,8.119833567167552
0.4,103250,photon,16,81.08834304099686,4,100000,0.99882,0.99882,0.00118,0.0,-36.14441793570744,9.394957207198615
0.4,103250,photon,16,81.08834304099686,5,100000,0.99962,0.99962,0.00038,0.0,-45.13351562257761,10.530805692259698
0.4,103250,photon,16,81.08834304099686,6,100000,0.99994,0.99994,6e-05,0.0,-54.14123508259141,11.555338770607822
0.4,103250,photon,16,81.08834304099686,7,100000,0.99999,0.99999,1e-05,0.0,-63.1198567266129,12.485382142166648
0.4,103250,photon,16,81.08834304099686,8,100000,1.0,1.0,0.0,0.0,-72.08251213701219,13.356509567066027
0.4,103250,photon,16,81.08834304099686,9,100000,1.0,1.0,0.0,0.0,-81.04357724795122,14.205262577678221
0.4,103250,photon,16,81.08834304099686,10,100000,1.0,1.0,0.0,0.0,-90.00283996685845,14.980637934369364
0.4,103250,photon,16,81.08834304099686,11,100000,1.0,1.0,0.0,0.0,-98.98055600706365,15.731050586230621
0.4,103250,photon,16,81.08834304099686,12,100000,1.0,1.0,0.0,0.0,-107.94648075903967,16.452107673577494
0.4,103250,photon,17,97.8677442309312,1,100000,0.91783,0.91783,0.08217,0.0,-9.1229992242057,4.595846557207035
0.4,103250,photon,17,97.8677442309312,2,100000,0.98237,0.98237,0.01763,0.0,-18.169649072525672,6.58192297197007
0.4,103250,photon,17,97.8677442309312,3,100000,0.99581,0.99581,0.00419,0.0,-27.162114016901423,8.120212542241994
0.4,103250,photon,17,97.8677442309312,4,100000,0.99888,0.99888,0.00112,0.0,-36.14397329296013,9.365396655260668
0.4,103250,photon,17,97.8677442309312,5,100000,0.99972,0.99972,0.00028,0.0,-45.15976457646942,10.490014276995293
0.4,103250,photon,17,97.8677442309312,6,100000,0.9999,0.9999,0.0001,0.0,-54.14130045265439,11.531732662750448
0.4,103250,photon,17,97.8677442309312,7,100000,0.99997,0.99997,3e-05,0.0,-63.09353860104128,12.48877807218679
0.4,103250,photon,17,97.8677442309312,8,100000,0.99998,0.99998,2e-05,0.0,-72.05920530918537,13.346388435009592
0.4,103250,photon,17,97.8677442309312,9,100000,1.0,1.0,0.0,0.0,-81.03541746591038,14.160569276668811
0.4,103250,photon,17,97.8677442309312,10,100000,1.0,1.0,0.0,0.0,-90.01062003958253,14.960092588732698
0.4,103250,photon,17,97.8677442309312,11,100000,1.0,1.0,0.0,0.0,-98.9888693408587,15.684578585112103
0.4,103250,photon,17,97.8677442309312,12,100000,1.0,1.0,0.0,0.0,-107.98678683294501,16.40202269755633
0.4,103250,photon,18,118.11926352975836,1,100000,0.91597,0.91597,0.08403,0.0,-9.084978263929006,4.631358370961532
0.4,103250,photon,18,118.11926352975836,2,100000,0.98245,0.98245,0.01755,0.0,-18.144399264760526,6.588182596717498
0.4,103250,photon,18,118.11926352975836,3,100000,0.99621,0.99621,0.00379,0.0,-27.14433858680443,8.108109804361783
0.4,103250,photon,18,118.11926352975836,4,100000,0.99869,0.99869,0.00131,0.0,-36.11612184174907,9.411963353572961
0.4,103250,photon,18,118.11926352975836,5,100000,0.99952,0.99952,0.00048,0.0,-45.096186666453534,10.532762683025904
0.4,103250,photon,18,118.11926352975836,6,100000,0.99988,0.99988,0.00012,0.0,-54.08033390368216,11.541276754144418
0.4,103250,photon,18,118.11926352975836,7,100000,0.99998,0.99998,2e-05,0.0,-63.07162620540395,12.491276451790931
0.4,103250,photon,18,118.11926352975836,8,100000,0.99999,0.99999,1e-05,0.0,-72.03918094032291,13.347716130493742
0.4,103250,photon,18,118.11926352975836,9,100000,1.0,1.0,0.0,0.0,-81.03063272990494,14.188199134535035
0.4,103250,photon,18,118.11926352975836,10,100000,1.0,1.0,0.0,0.0,-90.01840248010721,15.003102000045741
0.4,103250,photon,18,118.11926352975836,11,100000,1.0,1.0,0.0,0.0,-99.01866494639366,15.72524794915637
0.4,103250,photon,18,118.11926352975836,12,100000,1.0,1.0,0.0,0.0,-107.99321607854675,16.403303644008773
0.4,103250,photon,19,142.56137736137705,1,100000,0.91619,0.91619,0.08381,0.0,-9.103853498384797,4.612162757633253
0.4,103250,photon,19,142.56137736137705,2,100000,0.98193,0.98193,0.01807,0.0,-18.152399776723385,6.596206187964071
0.4,103250,photon,19,142.56137736137705,3,100000,0.99621,0.99621,0.00379,0.0,-27.1884432574168,8.096226849721678
0.4,103250,photon,19,142.56137736137705,4,100000,0.99893,0.99893,0.00107,0.0,-36.148564939261774,9.369644337504042
0.4,103250,photon,19,142.56137736137705,5,100000,0.99957,0.99957,0.00043,0.0,-45.17583010975698,10.479907695802996
0.4,103250,photon,19,142.56137736137705,6,100000,0.99988,0.99988,0.00012,0.0,-54.1860173526301,11.509057620540437
0.4,103250,photon,19,142.56137736137705,7,100000,0.99999,0.99999,1e-05,0.0,-63.147063808816576,12.442142661287908
0.4,103250,photon,19,142.56137736137705,8,100000,0.99999,0.99999,1e-05,0.0,-72.12085049613292,13.352681519396143
0.4,103250,photon,19,142.56137736137705,9,100000,0.99999,0.99999,1e-05,0.0,-81.11431732436073,14.158118436830096
0.4,103250,photon,19,142.56137736137705,10,100000,1.0,1.0,0.0,0.0,-90.12191804910235,14.911136461985233
0.4,103250,photon,19,142.56137736137705,11,100000,1.0,1.0,0.0,0.0,-99.09787490804882,15.651041769465973
0.4,103250,photon,19,142.56137736137705,12,100000,1.0,1.0,0.0,0.0,-108.10525066254993,16.369717659762657
0.4,103250,su2,0,4.0,1,100000,0.94597,0.05403,0.94597,0.0,4.476995579689681,2.2556507840411606
0.4,103250,su2,0,4.0,2,100000,0.98628,0.01372,0.98628,0.0,8.952356049618711,3.1758276295409895
0.4,103250,su2,0,4.0,3,100000,0.99226,0.00774,0.99226,0.0,13.415930626460314,3.886751463692072
0.4,103250,su2,0,4.0,4,100000,0.99723,0.00277,0.99723,0.0,17.869868566630828,4.482134173853095
0.4,103250,su2,0,4.0,5,100000,0.99896,0.00104,0.99896,0.0,22.32361532974922,5.0234039187646395
0.4,103250,su2,0,4.0,6,100000,0.99959,0.00041,0.99959,0.0,26.76580379036268,5.505355325021062
0.4,103250,su2,0,4.0,7,100000,0.99987,0.00013,0.99987,0.0,31.22022379216494,5.958909449022876
0.4,103250,su2,0,4.0,8,100000,0.99996,4e-05,0.99996,0.0,35.67268029293275,6.362709659239828
0.4,103250,su2,0,4.0,9,100000,0.99998,2e-05,0.99998,0.0,40.131578954811864,6.755688794602046
0.4,103250,su2,0,4.0,10,100000,1.0,0.0,1.0,0.0,44.591609372808904,7.1203228982124696
0.4,103250,su2,0,4.0,11,100000,1.0,0.0,1.0,0.0,49.04612121907147,7.4680803741794
0.4,103250,su2,0,4.0,12,100000,1.0,0.0,1.0,0.0,53.50602717788136,7.810002965900574
0.4,103250,su2,1,5.095683551653521,1,100000,0.94418,0.05582,0.94418,0.0,4.450521562596204,2.2515004877283844
0.4,103250,su2,1,5.095683551653521,2,100000,0.9861,0.0139,0.9861,0.0,8.888598016274386,3.1902867296428643
0.4,103250,su2,1,5.095683551653521,3,100000,0.99284,0.00716,0.99284,0.0,13.321129749110101,3.9045315677642187
0.4,103250,su2,1,5.095683551653521,4,100000,0.99724,0.00276,0.99724,0.0,17.756036798054343,4.508829200866517
0.4,103250,su2,1,5.095683551653521,5,100000,0.99894,0.00106,0.99894,0.0,22.18657785737956,5.0459976860505735
0.4,103250,su2,1,5.095683551653521,6,100000,0.99955,0.00045,0.99955,0.0,26.614566797894227,5.536541997378076
0.4,103250,su2,1,5.095683551653521,7,100000,0.99981,0.00019,0.99981,0.0,31.05528432011745,5.982287855158274
0.4,103250,su2,1,5.095683551653521,8,100000,0.99992,8e-05,0.99992,0.0,35.49121131134106,6.385756638300101
0.4,103250,su2,1,5.095683551653521,9,100000,0.99998,2e-05,0.99998,0.0,39.93355228094468,6.759268801078119
0.4,103250,su2,1,5.095683551653521,10,100000,0.99998,2e-05,0.99998,0.0,44.36890656523093,7.133472499656817
0.4,103250,su2,1,5.095683551653521,11,100000,1.0,0.0,1.0,0.0,48.81706125373058,7.489811855563064
0.4,103250,su2,1,5.095683551653521,12,100000,1.0,0.0,1.0,0.0,53.244318038840674,7.836570532480311
0.4,103250,su2,2,6.491497714648063,1,100000,0.94246,0.05754,0.94246,0.0,4.44137450888367,2.2770483926547618
0.4,103250,su2,2,6.491497714648063,2,100000,0.98602,0.01398,0.98602,0.0,8.87170604814564,3.2053543587916065
0.4,103250,su2,2,6.491497714648063,3,100000,0.99245,0.00755,0.99245,0.0,13.295849452634652,3.924049588324883
0.4,103250,su2,2,6.491497714648063,4,100000,0.99724,0.00276,0.99724,0.0,17.7225554652062,4.528425016564397
0.4,103250,su2,2,6.491497714648063,5,100000,0.99899,0.00101,0.99899,0.0,22.140632422774377,5.071744538246729
0.4,103250,su2,2,6.491497714648063,6,100000,0.99972,0.00028,0.99972,0.0,26.559598337180493,5.556998759895371
0.4,103250,su2,2,6.491497714648063,7,100000,0.99987,0.00013,0.99987,0.0,30.985794513132653,6.003871960498528
0.4,103250,su2,2,6.491497714648063,8,100000,0.99994,6e-05,0.99994,0.0,35.40335537949025,6.437493095668179
0.4,103250,su2,2,6.491497714648063,9,100000,0.99998,2e-05,0.99998,0.0,39.83115919083612,6.826769924823004
0.4,103250,su2,2,6.491497714648063,10,100000,0.99999,1e-05,0.99999,0.0,44.2561248172485,7.206409431871979
0.4,103250,su2,2,6.491497714648063,11,100000,1.0,0.0,1.0,0.0,48.67795343410948,7.5495632563568265
0.4,103250,su2,2,6.491497714648063,12,100000,1.0,0.0,1.0,0.0,53.08851211655262,7.8883268150057315
0.4,103250,su2,3,8.269654532532142,1,100000,0.94128,0.05872,0.94128,0.0,4.428563680577223,2.2888273949519777
0.4,103250,su2,3,8.269654532532142,2,100000,0.98535,0.01465,0.98535,0.0,8.85080027649687,3.223698704656529
0.4,103250,su2,3,8.269654532532142,3,100000,0.99231,0.00769,0.99231,0.0,13.275896503106075,3.948985079699411
0.4,103250,su2,3,8.269654532532142,4,100000,0.9972,0.0028,0.9972,0.0,17.68971180436265,4.558453925983255
0.4,103250,su2,3,8.269654532532142,5,100000,0.99902,0.00098,0.99902,0.0,22.0895546436293,5.092546350765379
0.4,103250,su2,3,8.269654532532142,6,100000,0.99959,0.00041,0.99959,0.0,26.49316321709611,5.586736631431744
0.4,103250,su2,3,8.269654532532142,7,100000,0.99981,0.00019,0.99981,0.0,30.906136965331704,6.038676758297011
0.4,103250,su2,3,8.269654532532142,8,100000,0.99988,0.00012,0.99988,0.0,35.3249373114558,6.460436022061213
0.4,103250,su2,3,8.269654532532142,9,100000,0.99995,5e-05,0.99995,0.0,39.72520053303771,6.855345775378046
0.4,103250,su2,3,8.269654532532142,10,100000,0.99998,2e-05,0.99998,0.0,44.126130967676005,7.228301444941826
0.4,103250,su2,3,8.269654532532142,11,100000,1.0,0.0,1.0,0.0,48.54134337591229,7.586904784592757
0.4,103250,su2,3,8.269654532532142,12,100000,1.0,0.0,1.0,0.0,52.948463665894316,7.912960506459788
0.4,103250,su2,4,10.534885644820253,1,100000,0.94286,0.05714,0.94286,0.0,4.429483164243792,2.282007471151336
0.4,103250,su2,4,10.534885644820253,2,100000,0.98536,0.01464,0.98536,0.0,8.832399062997336,3.23458674119554
0.4,103250,su2,4,10.534885644820253,3,100000,0.99203,0.00797,0.99203,0.0,13.238493735699706,3.969718847633346
0.4,103250,su2,4,10.534885644820253,4,100000,0.99651,0.00349,0.99651,0.0,17.655069781180707,4.574222576817622
0.4,103250,su2,4,10.534885644820253,5,100000,0.99881,0.00119,0.99881,0.0,22.063254651734876,5.110236407438866
0.4,103250,su2,4,10.534885644820253,6,100000,0.99953,0.00047,0.99953,0.0,26.467635006489317,5.601847898797999
0.4,103250,su2,4,10.534885644820253,7,100000,0.99977,0.00023,0.99977,0.0,30.88104970914039,6.043493853971228
0.4,103250,su2,4,10.534885644820253,8,100000,0.99989,0.00011,0.99989,0.0,35.29060295178973,6.4571695625969125
0.4,103250,su2,4,10.534885644820253,9,100000,0.99997,3e-05,0.99997,0.0,39.699395462813385,6.846114534617418
0.4,103250,su2,4,10.534885644820253,10,100000,0.99999,1e-05,0.99999,0.0,44.10231294162526,7.224752135990056
0.4,103250,su2,4,10.534885644820253,11,100000,1.0,0.0,1.0,0.0,48.50357264054691,7.572308825254661
0.4,103250,su2,4,10.534885644820253,12,100000,1.0,0.0,1.0,0.0,52.92141172238312,7.907005548885533
0.4,103250,su2,5,13.420610874715353,1,100000,0.94179,0.05821,0.94179,0.0,4.42074929696741,2.291555372750085
0.4,103250,su2,5,13.420610874715353,2,100000,0.98522,0.01478,0.98522,0.0,8.83918698320588,3.2141847706809132
0.4,103250,su2,5,13.420610874715353,3,100000,0.99232,0.00768,0.99232,0.0,13.235171936404102,3.938426712683438
0.4,103250,su2,5,13.420610874715353,4,100000,0.99688,0.00312,0.99688,0.0,17.634544414841244,4.5637115047322885
0.4,103250,su2,5,13.420610874715353,5,100000,0.999,0.001,0.999,0.0,22.02802037335978,5.116339153031205
0.4,103250,su2,5,13.420610874715353,6,100000,0.99964,0.00036,0.99964,0.0,26.4185649429035,5.609711917361301
0.4,103250,su2,5,13.420610874715353,7,100000,0.99987,0.00013,0.99987,0.0,30.82787223810381,6.049215800189962
0.4,103250,su2,5,13.420610874715353,8,100000,0.99996,4e-05,0.99996,0.0,35.22774166835079,6.470534252158542
0.4,103250,su2,5,13.420610874715353,9,100000,0.99998,2e-05,0.99998,0.0,39.62368255465481,6.876636234384403
0.4,103250,su2,5,13.420610874715353,10,100000,0.99999,1e-05,0.99999,0.0,44.01820211978337,7.258366257910905
0.4,103250,su2,5,13.420610874715353,11,100000,1.0,0.0,1.0,0.0,48.410451222208586,7.616654469722795
0.4,103250,su2,5,13.420610874715353,12,100000,1.0,0.0,1.0,0.0,52.80964273666162,7.954927685895521
0.4,103250,su2,6,17.096796521857346,1,100000,0.94208,0.05792,0.94208,0.0,4.423093276306409,2.284570511343117
0.4,103250,su2,6,17.096796521857346,2,100000,0.98445,0.01555,0.98445,0.0,8.831805914822679,3.2365424836463377
0.4,103250,su2,6,17.096796521857346,3,100000,0.99176,0.00824,0.99176,0.0,13.23198071822498,3.9633710852262
0.4,103250,su2,6,17.096796521857346,4,100000,0.99662,0.00338,0.99662,0.0,17.617325700925814,4.594579037012086
0.4,103250,su2,6,17.096796521857346,5,100000,0.99884,0.00116,0.99884,0.0,22.000347756118224,5.1359784696479345
0.4,103250,su2,6,17.096796521857346,6,100000,0.99952,0.00048,0.99952,0.0,26.392745786733393,5.621432425717177
0.4,103250,su2,6,17.096796521857346,7,100000,0.99977,0.00023,0.99977,0.0,30.78792057279478,6.06997190721705
0.4,103250,su2,6,17.096796521857346,8,100000,0.99986,0.00014,0.99986,0.0,35.17306439463433,6.486020084700669
0.4,103250,su2,6,17.096796521857346,9,100000,0.99994,6e-05,0.99994,0.0,39.56485445134467,6.884568151858334
0.4,103250,su2,6,17.096796521857346,10,100000,0.99997,3e-05,0.99997,0.0,43.94525882111972,7.271570219280907
0.4,103250,su2,6,17.096796521857346,11,100000,0.99999,1e-05,0.99999,0.0,48.319951326132774,7.636406402236091
0.4,103250,su2,6,17.096796521857346,12,100000,1.0,0.0,1.0,0.0,52.704312035836196,7.988116887189544
0.4,103250,su2,7,21.779966205598896,1,100000,0.94282,0.05718,0.94282,0.0,4.417117585638898,2.28710265989695
0.4,103250,su2,7,21.779966205598896,2,100000,0.98498,0.01502,0.98498,0.0,8.803755229003551,3.2503687561157677
0.4,103250,su2,7,21.779966205598896,3,100000,0.99226,0.00774,0.99226,0.0,13.198671723888113,3.9705080915199638
0.4,103250,su2,7,21.779966205598896,4,100000,0.99666,0.00334,0.99666,0.0,17.596402977982297,4.57962715822354
0.4,103250,su2,7,21.779966205598896,5,100000,0.99863,0.00137,0.99863,0.0,21.98831721924096,5.120078927926853
0.4,103250,su2,7,21.779966205598896,6,100000,0.99954,0.00046,0.99954,0.0,26.38537617375306,5.603586787813325
0.4,103250,su2,7,21.779966205598896,7,100000,0.99985,0.00015,0.99985,0.0,30.76756163829172,6.057151280907154
0.4,103250,su2,7,21.779966205598896,8,100000,0.99991,9e-05,0.99991,0.0,35.1579247406386,6.493158439821258
0.4,103250,su2,7,21.779966205598896,9,100000,0.99997,3e-05,0.99997,0.0,39.55675354452823,6.880537808621577
0.4,103250,su2,7,21.779966205598896,10,100000,0.99997,3e-05,0.99997,0.0,43.94707223356402,7.258220843793368
0.4,103250,su2,7,21.779966205598896,11,100000,0.99999,1e-05,0.99999,0.0,48.32769714507107,7.605369754695335
0.4,103250,su2,7,21.779966205598896,12,100000,1.0,0.0,1.0,0.0,52.72116316680159,7.934890678069518
0.4,103250,su2,8,27.745953887359985,1,100000,0.94178,0.05822,0.94178,0.0,4.415011402544745,2.2856156073674003
0.4,103250,su2,8,27.745953887359985,2,100000,0.98407,0.01593,0.98407,0.0,8.798598756141832,3.252737260962284
0.4,103250,su2,8,27.745953887359985,3,100000,0.99113,0.00887,0.99113,0.0,13.179145984161645,4.004375489142552
0.4,103250,su2,8,27.745953887359985,4,100000,0.99653,0.00347,0.99653,0.0,17.557748198920777,4.620624863095482
0.4,103250,su2,8,27.745953887359985,5,100000,0.99859,0.00141,0.99859,0.0,21.938060081466222,5.178863986490408
0.4,103250,su2,8,27.745953887359985,6,100000,0.99948,0.00052,0.99948,0.0,26.32337351058975,5.667823891927145
0.4,103250,su2,8,27.745953887359985,7,100000,0.99982,0.00018,0.99982,0.0,30.704427433129325,6.120177983301458
0.4,103250,su2,8,27.745953887359985,8,100000,0.99994,6e-05,0.99994,0.0,35.0721622932414,6.549430220309177
0.4,103250,su2,8,27.745953887359985,9,100000,0.99997,3e-05,0.99997,0.0,39.44513940533927,6.93681106687268
0.4,103250,su2,8,27.745953887359985,10,100000,1.0,0.0,1.0,0.0,43.82480433006317,7.311574897852852
0.4,103250,su2,8,27.745953887359985,11,100000,1.0,0.0,1.0,0.0,48.200636085977145,7.675394251194156
0.4,103250,su2,8,27.745953887359985,12,100000,1.0,0.0,1.0,0.0,52.57203616705269,8.02278149134164
0.4,103250,su2,9,35.34615021218933,1,100000,0.94035,0.05965,0.94035,0.0,4.409698701131203,2.2965285986302812
0.4,103250,su2,9,35.34615021218933,2,100000,0.98513,0.01487,0.98513,0.0,8.812407673846337,3.2445520540026695
0.4,103250,su2,9,35.34615021218933,3,100000,0.99168,0.00832,0.99168,0.0,13.195252167838555,3.972495411621413
0.4,103250,su2,9,35.34615021218933,4,100000,0.99666,0.00334,0.99666,0.0,17.56931163782282,4.600933192050681
0.4,103250,su2,9,35.34615021218933,5,100000,0.99881,0.00119,0.99881,0.0,21.957047155884034,5.151309991455312
0.4,103250,su2,9,35.34615021218933,6,100000,0.99955,0.00045,0.99955,0.0,26.32728884060179,5.645029802108003
0.4,103250,su2,9,35.34615021218933,7,100000,0.99984,0.00016,0.99984,0.0,30.711675997602445,6.090573883916526
0.4,103250,su2,9,35.34615021218933,8,100000,0.99993,7e-05,0.99993,0.0,35.101813447969406,6.5096747435707645
0.4,103250,su2,9,35.34615021218933,9,100000,0.99999,1e-05,0.99999,0.0,39.48633760522028,6.9056451791072275
0.4,103250,su2,9,35.34615021218933,10,100000,1.0,0.0,1.0,0.0,43.85880362588142,7.274659732146251
0.4,103250,su2,9,35.34615021218933,11,100000,1.0,0.0,1.0,0.0,48.2366361368763,7.636310301180732
0.4,103250,su2,9,35.34615021218933,12,100000,1.0,0.0,1.0,0.0,52.62773510859293,7.970039004538442
0.4,103250,su2,10,45.028199062631984,1,100000,0.94101,0.05899,0.94101,0.0,4.413232621413177,2.3129712640535303
0.4,103250,su2,10,45.028199062631984,2,100000,0.98463,0.01537,0.98463,0.0,8.793981647043482,3.2617616905388576
0.4,103250,su2,10,45.028199062631984,3,100000,0.99135,0.00865,0.99135,0.0,13.176468575495395,4.0058744966749735
0.4,103250,su2,10,45.028199062631984,4,100000,0.99648,0.00352,0.99648,0.0,17.553424616293977,4.631275788466685
0.4,103250,su2,10,45.028199062631984,5,100000,0.99869,0.00131,0.99869,0.0,21.946646874586058,5.160893797204749
0.4,103250,su2,10,45.028199062631984,6,100000,0.99956,0.00044,0.99956,0.0,26.33010466076035,5.642276998520807
0.4,103250,su2,10,45.028199062631984,7,100000,0.99984,0.00016,0.99984,0.0,30.703142281022657,6.077789564590846
0.4,103250,su2,10,45.028199062631984,8,100000,0.99996,4e-05,0.99996,0.0,35.07849736168893,6.500441506176071
0.4,103250,su2,10,45.028199062631984,9,100000,0.99994,6e-05,0.99994,0.0,39.45829890770835,6.900697921117769
0.4,103250,su2,10,45.028199062631984,10,100000,0.99997,3e-05,0.99997,0.0,43.839188945116476,7.27745804628439
0.4,103250,su2,10,45.028199062631984,11,100000,0.99998,2e-05,0.99998,0.0,48.215995656825775,7.632157036689939
0.4,103250,su2,10,45.028199062631984,12,100000,0.99999,1e-05,0.99999,0.0,52.59153569064521,7.971007127032292
0.4,103250,su2,11,57.36236333100857,1,100000,0.94265,0.05735,0.94265,0.0,4.41087015885188,2.2906024341197564
0.4,103250,su2,11,57.36236333100857,2,100000,0.98429,0.01571,0.98429,0.0,8.797642016292954,3.2529168754370463
0.4,103250,su2,11,57.36236333100857,3,100000,0.99134,0.00866,0.99134,0.0,13.190209856438223,3.976505262110501
0.4,103250,su2,11,57.36236333100857,4,100000,0.99629,0.00371,0.99629,0.0,17.56081371492738,4.606502240135894
0.4,103250,su2,11,57.36236333100857,5,100000,0.99874,0.00126,0.99874,0.0,21.924141738123897,5.170431171325653
0.4,103250,su2,11,57.36236333100857,6,100000,0.99957,0.00043,0.99957,0.0,26.292600136733338,5.6635591437905575
0.4,103250,su2,11,57.36236333100857,7,100000,0.99986,0.00014,0.99986,0.0,30.668268569123875,6.10615756569737
0.4,103250,su2,11,57.36236333100857,8,100000,0.99995,5e-05,0.99995,0.0,35.03294159660732,6.5399068563577725
0.4,103250,su2,11,57.36236333100857,9,100000,0.99998,2e-05,0.99998,0.0,39.40311415245818,6.951131984556772
0.4,103250,su2,11,57.36236333100857,10,100000,0.99999,1e-05,0.99999,0.0,43.77758884456185,7.324136002436325
0.4,103250,su2,11,57.36236333100857,11,100000,1.0,0.0,1.0,0.0,48.15680155875421,7.680952861706563
0.4,103250,su2,11,57.36236333100857,12,100000,1.0,0.0,1.0,0.0,52.53142171523025,8.027517056384767
0.4,103250,su2,12,73.07511282744834,1,100000,0.94176,0.05824,0.94176,0.0,4.4062443061149,2.305905036383229
0.4,103250,su2,12,73.07511282744834,2,100000,0.9843,0.0157,0.9843,0.0,8.78240342901844,3.257018361882537
0.4,103250,su2,12,73.07511282744834,3,100000,0.99091,0.00909,0.99091,0.0,13.149956042610853,4.0084681918555685
0.4,103250,su2,12,73.07511282744834,4,100000,0.99616,0.00384,0.99616,0.0,17.53611732338319,4.636328374891172
0.4,103250,su2,12,73.07511282744834,5,100000,0.99837,0.00163,0.99837,0.0,21.90246415075433,5.1989774353966896
0.4,103250,su2,12,73.07511282744834,6,100000,0.99937,0.00063,0.99937,0.0,26.279148264320412,5.676769451332896
0.4,103250,su2,12,73.07511282744834,7,100000,0.99964,0.00036,0.99964,0.0,30.666007672619568,6.129690524786941
0.4,103250,su2,12,73.07511282744834,8,100000,0.99984,0.00016,0.99984,0.0,35.04152565090401,6.562810662014863
0.4,103250,su2,12,73.07511282744834,9,100000,0.99995,5e-05,0.99995,0.0,39.419675276742495,6.9546508628143
0.4,103250,su2,12,73.07511282744834,10,100000,0.99999,1e-05,0.99999,0.0,43.79501824101165,7.325182046443791
0.4,103250,su2,12,73.07511282744834,11,100000,1.0,0.0,1.0,0.0,48.17180891809144,7.676104008724209
0.4,103250,su2,12,73.07511282744834,12,100000,1.0,0.0,1.0,0.0,52.54423660849663,8.02802186751615
0.4,103250,su2,13,93.09191261751351,1,100000,0.94027,0.05973,0.94027,0.0,4.400246954675767,2.3063404549851043
0.4,103250,su2,13,93.09191261751351,2,100000,0.98336,0.01664,0.98336,0.0,8.777374084252322,3.276853293412193
0.4,103250,su2,13,93.09191261751351,3,100000,0.99075,0.00925,0.99075,0.0,13.148956978045836,4.013676712138278
0.4,103250,su2,13,93.09191261751351,4,100000,0.99623,0.00377,0.99623,0.0,17.531589332497227,4.62833836350571
0.4,103250,su2,13,93.09191261751351,5,100000,0.99875,0.00125,0.99875,0.0,21.90103202972917,5.16947910538354
0.4,103250,su2,13,93.09191261751351,6,100000,0.99956,0.00044,0.99956,0.0,26.278591640444752,5.6612876215637
0.4,103250,su2,13,93.09191261751351,7,100000,0.99976,0.00024,0.99976,0.0,30.66116542473657,6.125487137600044
0.4,103250,su2,13,93.09191261751351,8,100000,0.99991,9e-05,0.99991,0.0,35.03415726775847,6.554535850076227
0.4,103250,su2,13,93.09191261751351,9,100000,0.99996,4e-05,0.99996,0.0,39.403408145105864,6.942474115181389
0.4,103250,su2,13,93.09191261751351,10,100000,1.0,0.0,1.0,0.0,43.764651114956465,7.323199968258542
0.4,103250,su2,13,93.09191261751351,11,100000,1.0,0.0,1.0,0.0,48.138857749907885,7.6710467782066765
0.4,103250,su2,13,93.09191261751351,12,100000,1.0,0.0,1.0,0.0,52.488851810957314,8.01865116353657
0.4,103250,su2,14,118.5917319792576,1,100000,0.93909,0.06091,0.93909,0.0,4.386873762796191,2.3234524819396727
0.4,103250,su2,14,118.5917319792576,2,100000,0.98425,0.01575,0.98425,0.0,8.753170969474121,3.2805481793096676
0.4,103250,su2,14,118.5917319792576,3,100000,0.99123,0.00877,0.99123,0.0,13.128062379373265,4.003235885507793
0.4,103250,su2,14,118.5917319792576,4,100000,0.99645,0.00355,0.99645,0.0,17.488476673124165,4.629903358307949
0.4,103250,su2,14,118.5917319792576,5,100000,0.99871,0.00129,0.99871,0.0,21.85560087833036,5.168747679496967
0.4,103250,su2,14,118.5917319792576,6,100000,0.99959,0.00041,0.99959,0.0,26.240034864344704,5.657031481412649
0.4,103250,su2,14,118.5917319792576,7,100000,0.9998,0.0002,0.9998,0.0,30.61176373803039,6.09803428725149
0.4,103250,su2,14,118.5917319792576,8,100000,0.99993,7e-05,0.99993,0.0,34.98285066314616,6.523762177789119
0.4,103250,su2,14,118.5917319792576,9,100000,0.99997,3e-05,0.99997,0.0,39.35454876760808,6.90508467825668
0.4,103250,su2,14,118.5917319792576,10,100000,1.0,0.0,1.0,0.0,43.73232526393206,7.277027502699834
0.4,103250,su2,14,118.5917319792576,11,100000,0.99999,1e-05,0.99999,0.0,48.10620069780794,7.639076806665672
0.4,103250,su2,14,118.5917319792576,12,100000,1.0,0.0,1.0,0.0,52.47518741484733,7.978276965727803
0.4,103250,su2,15,151.07648450220142,1,100000,0.94064,0.05936,0.94064,0.0,4.408031176712489,2.305928226913979
0.4,103250,su2,15,151.07648450220142,2,100000,0.98429,0.01571,0.98429,0.0,8.785673289296925,3.2700129523384933
0.4,103250,su2,15,151.07648450220142,3,100000,0.99149,0.00851,0.99149,0.0,13.171121619054775,3.9964848920879503
0.4,103250,su2,15,151.07648450220142,4,100000,0.99671,0.00329,0.99671,0.0,17.550050842411345,4.601373577891574
0.4,103250,su2,15,151.07648450220142,5,100000,0.99871,0.00129,0.99871,0.0,21.924597946326212,5.157073084889354
0.4,103250,su2,15,151.07648450220142,6,100000,0.99958,0.00042,0.99958,0.0,26.293436938031274,5.6528100668372945
0.4,103250,su2,15,151.07648450220142,7,100000,0.9999,0.0001,0.9999,0.0,30.675797539641376,6.100950240588397
0.4,103250,su2,15,151.07648450220142,8,100000,0.99993,7e-05,0.99993,0.0,35.06046480535133,6.509695303620215
0.4,103250,su2,15,151.07648450220142,9,100000,0.99997,3e-05,0.99997,0.0,39.44804351565812,6.900919489590903
0.4,103250,su2,15,151.07648450220142,10,100000,0.99998,2e-05,0.99998,0.0,43.812205149992565,7.291883066193375
0.4,103250,su2,15,151.07648450220142,11,100000,0.99998,2e-05,0.99998,0.0,48.17818982683389,7.648585426517578
0.4,103250,su2,15,151.07648450220142,12,100000,1.0,0.0,1.0,0.0,52.55407768677285,7.986253364074315
0.4,103250,su2,16,192.45948927987664,1,100000,0.93962,0.06038,0.93962,0.0,4.390507959093289,2.316648943000969
0.4,103250,su2,16,192.45948927987664,2,100000,0.98402,0.01598,0.98402,0.0,8.764284009788026,3.2746687855761816
0.4,103250,su2,16,192.45948927987664,3,100000,0.99153,0.00847,0.99153,0.0,13.14615694458386,4.002988940902471
0.4,103250,su2,16,192.45948927987664,4,100000,0.99661,0.00339,0.99661,0.0,17.52714549616079,4.616749981803801
0.4,103250,su2,16,192.45948927987664,5,100000,0.99885,0.00115,0.99885,0.0,21.898547789648017,5.149973726868023
0.4,103250,su2,16,192.45948927987664,6,100000,0.9996,0.0004,0.9996,0.0,26.268428065320926,5.651774710036089
0.4,103250,su2,16,192.45948927987664,7,100000,0.99983,0.00017,0.99983,0.0,30.640197285437203,6.101962876863742
0.4,103250,su2,16,192.45948927987664,8,100000,0.99997,3e-05,0.99997,0.0,35.0104034756545,6.514126290365871
0.4,103250,su2,16,192.45948927987664,9,100000,0.99997,3e-05,0.99997,0.0,39.385811320111564,6.90644841500397
0.4,103250,su2,16,192.45948927987664,10,100000,0.99998,2e-05,0.99998,0.0,43.76486831670339,7.27705347955665
0.4,103250,su2,16,192.45948927987664,11,100000,1.0,0.0,1.0,0.0,48.12656199153963,7.639505011399391
0.4,103250,su2,16,192.45948927987664,12,100000,1.0,0.0,1.0,0.0,52.499005978674546,7.987124139596227
0.4,103250,su2,17,245.17816347077607,1,100000,0.94119,0.05881,0.94119,0.0,4.39646427084881,2.312888398828733
0.4,103250,su2,17,245.17816347077607,2,100000,0.98414,0.01586,0.98414,0.0,8.783917255455902,3.2537114102974054
0.4,103250,su2,17,245.17816347077607,3,100000,0.99123,0.00877,0.99123,0.0,13.143564186112522,4.001466035946998
0.4,103250,su2,17,245.17816347077607,4,100000,0.99646,0.00354,0.99646,0.0,17.510722676806584,4.628237925575543
0.4,103250,su2,17,245.17816347077607,5,100000,0.99869,0.00131,0.99869,0.0,21.88165111436481,5.181296240540839
0.4,103250,su2,17,245.17816347077607,6,100000,0.99962,0.00038,0.99962,0.0,26.25427411856759,5.678083126463333
0.4,103250,su2,17,245.17816347077607,7,100000,0.99985,0.00015,0.99985,0.0,30.608476985094757,6.1409963836517525
0.4,103250,su2,17,245.17816347077607,8,100000,0.9999,0.0001,0.9999,0.0,34.97553780361979,6.575156410199164
0.4,103250,su2,17,245.17816347077607,9,100000,0.99995,5e-05,0.99995,0.0,39.33703335885518,6.97317215913241
0.4,103250,su2,17,245.17816347077607,10,100000,0.99998,2e-05,0.99998,0.0,43.70830427113453,7.354337562033656
0.4,103250,su2,17,245.17816347077607,11,100000,1.0,0.0,1.0,0.0,48.0669412526093,7.718329287913223
0.4,103250,su2,17,245.17816347077607,12,100000,1.0,0.0,1.0,0.0,52.421917839445086,8.055582048650944
0.4,103250,su2,18,312.33758370566323,1,100000,0.94164,0.05836,0.94164,0.0,4.413730681049225,2.291501215578421
0.4,103250,su2,18,312.33758370566323,2,100000,0.98456,0.01544,0.98456,0.0,8.795170394819372,3.2674916277639694
0.4,103250,su2,18,312.33758370566323,3,100000,0.99155,0.00845,0.99155,0.0,13.169894558141857,4.005980345049538
0.4,103250,su2,18,312.33758370566323,4,100000,0.9964,0.0036,0.9964,0.0,17.546529393704073,4.6306199805417405
0.4,103250,su2,18,312.33758370566323,5,100000,0.99871,0.00129,0.99871,0.0,21.916072447841092,5.179720813990394
0.4,103250,su2,18,312.33758370566323,6,100000,0.99941,0.00059,0.99941,0.0,26.278317042651377,5.6787857577239125
0.4,103250,su2,18,312.33758370566323,7,100000,0.99979,0.00021,0.99979,0.0,30.667457963133003,6.126467451183536
0.4,103250,su2,18,312.33758370566323,8,100000,0.99996,4e-05,0.99996,0.0,35.038330748586745,6.5599632488427595
0.4,103250,su2,18,312.33758370566323,9,100000,0.99996,4e-05,0.99996,0.0,39.4177328657262,6.951767771064056
0.4,103250,su2,18,312.33758370566323,10,100000,0.99999,1e-05,0.99999,0.0,43.800147439924444,7.317849569564214
0.4,103250,su2,18,312.33758370566323,11,100000,1.0,0.0,1.0,0.0,48.17846394468212,7.681501799962191
0.4,103250,su2,18,312.33758370566323,12,100000,1.0,0.0,1.0,0.0,52.56261038922135,8.024181697531436
0.4,103250,su2,19,397.89337196303796,1,100000,0.93966,0.06034,0.93966,0.0,4.387575833698309,2.3270704536817344
0.4,103250,su2,19,397.89337196303796,2,100000,0.98386,0.01614,0.98386,0.0,8.760611552719554,3.2907826212154117
0.4,103250,su2,19,397.89337196303796,3,100000,0.99101,0.00899,0.99101,0.0,13.114134005597432,4.034734852356529
0.4,103250,su2,19,397.89337196303796,4,100000,0.99629,0.00371,0.99629,0.0,17.491181131107478,4.644643309710782
0.4,103250,su2,19,397.89337196303796,5,100000,0.99855,0.00145,0.99855,0.0,21.85663717952454,5.192148686361676
0.4,103250,su2,19,397.89337196303796,6,100000,0.99944,0.00056,0.99944,0.0,26.20787166499762,5.691424629295339
0.4,103250,su2,19,397.89337196303796,7,100000,0.99981,0.00019,0.99981,0.0,30.56747896721062,6.142968970740361
0.4,103250,su2,19,397.89337196303796,8,100000,0.99989,0.00011,0.99989,0.0,34.93839894833098,6.569054014883841
0.4,103250,su2,19,397.89337196303796,9,100000,0.99998,2e-05,0.99998,0.0,39.30794070161005,6.955289176252815
0.4,103250,su2,19,397.89337196303796,10,100000,1.0,0.0,1.0,0.0,43.68565935617669,7.335227015113627
0.4,103250,su2,19,397.89337196303796,11,100000,1.0,0.0,1.0,0.0,48.05873456957667,7.686938402089666
0.4,103250,su2,19,397.89337196303796,12,100000,1.0,0.0,1.0,0.0,52.41889314949321,8.020596827848275
0.4,113253,photon,0,4.0,1,100000,0.87409,0.87409,0.12591,0.0,-8.11339909374205,5.355044267398612
0.4,113253,photon,0,4.0,2,100000,0.95974,0.95974,0.04026,0.0,-16.126576567106248,7.647242743503757
0.4,113253,photon,0,4.0,3,100000,0.98707,0.98707,0.01293,0.0,-24.119264874407552,9.378710727038783
0.4,113253,photon,0,4.0,4,100000,0.99493,0.99493,0.00507,0.0,-32.0286511085893,10.823776663282334
0.4,113253,photon,0,4.0,5,100000,0.99807,0.99807,0.00193,0.0,-39.993767853111905,12.095544145028597
0.4,113253,photon,0,4.0,6,100000,0.99914,0.99914,0.00086,0.0,-47.94492396750675,13.278392513476412
0.4,113253,photon,0,4.0,7,100000,0.99957,0.99957,0.00043,0.0,-55.891156132079196,14.334311347684364
0.4,113253,photon,0,4.0,8,100000,0.99988,0.99988,0.00012,0.0,-63.8382345566855,15.28947299284689
0.4,113253,photon,0,4.0,9,100000,0.99993,0.99993,7e-05,0.0,-71.79760022772072,16.209236296167365
0.4,113253,photon,0,4.0,10,100000,0.99996,0.99996,4e-05,0.0,-79.75294050531953,17.082302847187478
0.4,113253,photon,0,4.0,11,100000,0.99997,0.99997,3e-05,0.0,-87.70702175411944,17.914425316377876
0.4,113253,photon,0,4.0,12,100000,0.99999,0.99999,1e-05,0.0,-95.6462040558358,18.71016715707508
0.4,113253,photon,1,4.827709658906259,1,100000,0.88065,0.88065,0.11935,0.0,-8.293039200396775,5.244804077939808
0.4,113253,photon,1,4.827709658906259,2,100000,0.96618,0.96618,0.03382,0.0,-16.5025861903038,7.458928116679337
0.4,113253,photon,1,4.827709658906259,3,100000,0.99018,0.99018,0.00982,0.0,-24.645245425504875,9.144155567160729
0.4,113253,photon,1,4.827709658906259,4,100000,0.99588,0.99588,0.00412,0.0,-32.77146295094963,10.586983719305382
0.4,113253,photon,1,4.827709658906259,5,100000,0.99851,0.99851,0.00149,0.0,-40.92426164482851,11.819529843628747
0.4,113253,photon,1,4.827709658906259,6,100000,0.99944,0.99944,0.00056,0.0,-49.06162431433942,12.937518669630373
0.4,113253,photon,1,4.827709658906259,7,100000,0.99979,0.99979,0.00021,0.0,-57.171454803907714,14.023951173693735
0.4,113253,photon,1,4.827709658906259,8,100000,0.9999,0.9999,0.0001,0.0,-65.30305737598749,14.987086188643115
0.4,113253,photon,1,4.827709658906259,9,100000,0.99998,0.99998,2e-05,0.0,-73.4529669927371,15.877894564354248
0.4,113253,photon,1,4.827709658906259,10,100000,1.0,1.0,0.0,0.0,-81.59092966877698,16.731578771991412
0.4,113253,photon,1,4.827709658906259,11,100000,1.0,1.0,0.0,0.0,-89.7073834164961,17.53626941133541
0.4,113253,photon,1,4.827709658906259,12,100000,1.0,1.0,0.0,0.0,-97.84396269122877,18.310417234936182
0.4,113253,photon,2,5.8266951376741964,1,100000,0.88645,0.88645,0.11355,0.0,-8.407658075632785,5.166427294236305
0.4,113253,photon,2,5.8266951376741964,2,100000,0.96858,0.96858,0.03142,0.0,-16.793533516997737,7.330729483713491
0.4,113253,photon,2,5.8266951376741964,3,100000,0.99141,0.99141,0.00859,0.0,-25.08193013982642,9.001706141973418
0.4,113253,photon,2,5.8266951376741964,4,100000,0.99674,0.99674,0.00326,0.0,-33.357456009110955,10.413212535131148
0.4,113253,photon,2,5.8266951376741964,5,100000,0.99873,0.99873,0.00127,0.0,-41.65056096524184,11.626061464046801
0.4,113253,photon,2,5.8266951376741964,6,100000,0.99958,0.99958,0.00042,0.0,-49.94216179352331,12.745170772409278
0.4,113253,photon,2,5.8266951376741964,7,100000,0.99984,0.99984,0.00016,0.0,-58.21819397254717,13.773795418621392
0.4,113253,photon,2,5.8266951376741964,8,100000,0.99995,0.99995,5e-05,0.0,-66.51328524247968,14.735007588192802
0.4,113253,photon,2,5.8266951376741964,9,100000,0.99998,0.99998,2e-05,0.0,-74.796091317699,15.646014666400319
0.4,113253,photon,2,5.8266951376741964,10,100000,1.0,1.0,0.0,0.0,-83.0782733853047,16.498889433352133
0.4,113253,photon,2,5.8266951376741964,11,100000,1.0,1.0,0.0,0.0,-91.33386486205215,17.303090470889515
0.4,113253,photon,2,5.8266951376741964,12,100000,1.0,1.0,0.0,0.0,-99.63099501105839,18.08067537734702
0.4,113253,photon,3,7.032398098912962,1,100000,0.89379,0.89379,0.10621,0.0,-8.56543312528676,5.045727217813462
0.4,113253,photon,3,7.032398098912962,2,100000,0.97163,0.97163,0.02837,0.0,-17.017955722746052,7.218323416439622
0.4,113253,photon,3,7.032398098912962,3,100000,0.99177,0.99177,0.00823,0.0,-25.424876230605935,8.884372278979098
0.4,113253,photon,3,7.032398098912962,4,100000,0.99719,0.99719,0.00281,0.0,-33.831362785041385,10.287276597553141
0.4,113253,photon,3,7.032398098912962,5,100000,0.99908,0.99908,0.00092,0.0,-42.2537740889041,11.492786767944727
0.4,113253,photon,3,7.032398098912962,6,100000,0.9996,0.9996,0.0004,0.0,-50.69352170713271,12.591366782313408
0.4,113253,photon,3,7.032398098912962,7,100000,0.99981,0.99981,0.00019,0.0,-59.07146249512487,13.606146690349926
0.4,113253,photon,3,7.032398098912962,8,100000,0.99992,0.99992,8e-05,0.0,-67.45933162200866,14.567750707224072
0.4,113253,photon,3,7.032398098912962,9,100000,0.99998,0.99998,2e-05,0.0,-75.85148917122049,15.462022251435066
0.4,113253,photon,3,7.032398098912962,10,100000,1.0,1.0,0.0,0.0,-84.25621636666442,16.292420031781173
0.4,113253,photon,3,7.032398098912962,11,100000,1.0,1.0,0.0,0.0,-92.65613521169797,17.08930835734569
0.4,113253,photon,3,7.032398098912962,12,100000,1.0,1.0,0.0,0.0,-101.06271673465291,17.836170310074138
0.4,113253,photon,4,8.48759405684903,1,100000,0.89543,0.89543,0.10457,0.0,-8.636847787279494,5.00882448574999
0.4,113253,photon,4,8.48759405684903,2,100000,0.97369,0.97369,0.02631,0.0,-17.22102603369525,7.131374242239488
0.4,113253,photon,4,8.48759405684903,3,100000,0.99297,0.99297,0.00703,0.0,-25.749997753788325,8.758813954856576
0.4,113253,photon,4,8.48759405684903,4,100000,0.99785,0.99785,0.00215,0.0,-34.27181234764066,10.093727478162643
0.4,113253,photon,4,8.48759405684903,5,100000,0.99921,0.99921,0.00079,0.0,-42.74950435378141,11.290657342067542
0.4,113253,photon,4,8.48759405684903,6,100000,0.99969,0.99969,0.00031,0.0,-51.29390972188891,12.396298068328893
0.4,113253,photon,4,8.48759405684903,7,100000,0.99992,0.99992,8e-05,0.0,-59.79612269532601,13.380413905599884
0.4,113253,photon,4,8.48759405684903,8,100000,0.99996,0.99996,4e-05,0.0,-68.33378761139059,14.297851872851906
0.4,113253,photon,4,8.48759405684903,9,100000,0.99999,0.99999,1e-05,0.0,-76.8339031373681,15.16397361513766
0.4,113253,photon,4,8.48759405684903,10,100000,1.0,1.0,0.0,0.0,-85.35053051935408,16.004436726402336
0.4,113253,photon,4,8.48759405684903,11,100000,1.0,1.0,0.0,0.0,-93.87706353143372,16.77986844851125
0.4,113253,photon,4,8.48759405684903,12,100000,1.0,1.0,0.0,0.0,-102.36454914786138,17.552058864735038
0.4,113253,photon,5,10.243909952281355,1,100000,0.89884,0.89884,0.10116,0.0,-8.716699558495671,4.94268875464347
0.4,113253,photon,5,10.243909952281355,2,100000,0.97579,0.97579,0.02421,0.0,-17.364047836515336,7.034973872936721
0.4,113253,photon,5,10.243909952281355,3,100000,0.99397,0.99397,0.00603,0.0,-25.951868552487426,8.65213552092042
0.4,113253,photon,5,10.243909952281355,4,100000,0.99792,0.99792,0.00208,0.0,-34.5366747302569,9.981430496510283
0.4,113253,photon,5,10.243909952281355,5,100000,0.99934,0.99934,0.00066,0.0,-43.138136773689396,11.145515225945092
0.4,113253,photon,5,10.243909952281355,6,100000,0.99976,0.99976,0.00024,0.0,-51.75447425857639,12.24408209185696
0.4,113253,photon,5,10.243909952281355,7,100000,0.99988,0.99988,0.00012,0.0,-60.345869583199836,13.23997647898438
0.4,113253,photon,5,10.243909952281355,8,100000,0.99997,0.99997,3e-05,0.0,-68.94153864735559,14.155559717716535
0.4,113253,photon,5,10.243909952281355,9,100000,1.0,1.0,0.0,0.0,-77.52158074280494,15.039700326011983
0.4,113253,photon,5,10.243909952281355,10,100000,1.0,1.0,0.0,0.0,-86.10396186165866,15.828310047813368
0.4,113253,photon,5,10.243909952281355,11,100000,1.0,1.0,0.0,0.0,-94.69268196994096,16.605057409154803
0.4,113253,photon,5,10.243909952281355,12,100000,1.0,1.0,0.0,0.0,-103.3056497041587,17.32854235587432
0.4,113253,photon,6,12.363655755398659,1,100000,0.90435,0.90435,0.09565,0.0,-8.801793164299086,4.866092617834518
0.4,113253,photon,6,12.363655755398659,2,100000,0.97731,0.97731,0.02269,0.0,-17.52054909813028,6.944023368463282
0.4,113253,photon,6,12.363655755398659,3,100000,0.99431,0.99431,0.00569,0.0,-26.196486717902477,8.550959221929782
0.4,113253,photon,6,12.363655755398659,4,100000,0.99803,0.99803,0.00197,0.0,-34.840715025420224,9.887677840443747
0.4,113253,photon,6,12.363655755398659,5,100000,0.9993,0.9993,0.0007,0.0,-43.51787305225946,11.063853482619551
0.4,113253,photon,6,12.363655755398659,6,100000,0.99982,0.99982,0.00018,0.0,-52.201209168421535,12.1407187723809
0.4,113253,photon,6,12.363655755398659,7,100000,0.99994,0.99994,6e-05,0.0,-60.89602664383471,13.131486800145364
0.4,113253,photon,6,12.363655755398659,8,100000,0.99999,0.99999,1e-05,0.0,-69.57158660246053,14.047924196319734
0.4,113253,photon,6,12.363655755398659,9,100000,1.0,1.0,0.0,0.0,-78.2227274089929,14.935002788861652
0.4,113253,photon,6,12.363655755398659,10,100000,1.0,1.0,0.0,0.0,-86.87575174402932,15.762451857102159
0.4,113253,photon,6,12.363655755398659,11,100000,1.0,1.0,0.0,0.0,-95.52747950458865,16.520526684997765
0.4,113253,photon,6,12.363655755398659,12,100000,1.0,1.0,0.0,0.0,-104.18924270078313,17.2683667112319
0.4,113253,photon,7,14.922035077432518,1,100000,0.90794,0.90794,0.09206,0.0,-8.892382514182954,4.7855243660088576
0.4,113253,photon,7,14.922035077432518,2,100000,0.97915,0.97915,0.02085,0.0,-17.704585529079633,6.82650665758148
0.4,113253,photon,7,14.922035077432518,3,100000,0.99448,0.99448,0.00552,0.0,-26.438056345833004,8.444583254488924
0.4,113253,photon,7,14.922035077432518,4,100000,0.99785,0.99785,0.00215,0.0,-35.15851649730789,9.778746491107915
0.4,113253,photon,7,14.922035077432518,5,100000,0.99929,0.99929,0.00071,0.0,-43.91433717264205,10.96782506734575
0.4,113253,photon,7,14.922035077432518,6,100000,0.99982,0.99982,0.00018,0.0,-52.66780279969207,12.048888212298671
0.4,113253,photon,7,14.922035077432518,7,100000,0.99991,0.99991,9e-05,0.0,-61.38235706250228,13.032638847440387
0.4,113253,photon,7,14.922035077432518,8,100000,0.99997,0.99997,3e-05,0.0,-70.10470768207503,13.916589755965658
0.4,113253,photon,7,14.922035077432518,9,100000,1.0,1.0,0.0,0.0,-78.8485582311061,14.790928660365124
0.4,113253,photon,7,14.922035077432518,10,100000,1.0,1.0,0.0,0.0,-87.59500142755246,15.617965908032408
0.4,113253,photon,7,14.922035077432518,11,100000,1.0,1.0,0.0,0.0,-96.35810259400472,16.382087514143514
0.4,113253,photon,7,14.922035077432518,12,100000,1.0,1.0,0.0,0.0,-105.1001073296216,17.099370866015928
0.4,113253,photon,8,18.009813218464746,1,100000,0.90766,0.90766,0.09234,0.0,-8.907517891453342,4.792616336136088
0.4,113253,photon,8,18.009813218464746,2,100000,0.97871,0.97871,0.02129,0.0,-17.746027603536803,6.845036217170614
0.4,113253,photon,8,18.009813218464746,3,100000,0.99522,0.99522,0.00478,0.0,-26.56304340038218,8.380250492721071
0.4,113253,photon,8,18.009813218464746,4,100000,0.99822,0.99822,0.00178,0.0,-35.311986358135954,9.732881237399674
0.4,113253,photon,8,18.009813218464746,5,100000,0.99944,0.99944,0.00056,0.0,-44.10361293450088,10.873396987602945
0.4,113253,photon,8,18.009813218464746,6,100000,0.99983,0.99983,0.00017,0.0,-52.922640518590796,11.926059252950688
0.4,113253,photon,8,18.009813218464746,7,100000,0.99995,0.99995,5e-05,0.0,-61.716744812233614,12.899746384171648
0.4,113253,photon,8,18.009813218464746,8,100000,1.0,1.0,0.0,0.0,-70.4819535514544,13.804938487364186
0.4,113253,photon,8,18.009813218464746,9,100000,1.0,1.0,0.0,0.0,-79.26136318409665,14.63959058313286
0.4,113253,photon,8,18.009813218464746,10,100000,1.0,1.0,0.0,0.0,-88.05810150433413,15.428185374550639
0.4,113253,photon,8,18.009813218464746,11,100000,1.0,1.0,0.0,0.0,-96.85671657075498,16.20295413668804
0.4,113253,photon,8,18.009813218464746,12,100000,1.0,1.0,0.0,0.0,-105.64415386903487,16.94439789106016
0.4,113253,photon,9,21.736537307469963,1,100000,0.9108,0.9108,0.0892,0.0,-8.970749381808393,4.731570112535998
0.4,113253,photon,9,21.736537307469963,2,100000,0.97982,0.97982,0.02018,0.0,-17.85434382750836,6.765317373325249
0.4,113253,photon,9,21.736537307469963,3,100000,0.9951,0.9951,0.0049,0.0,-26.68248506043335,8.352850330014027
0.4,113253,photon,9,21.736537307469963,4,100000,0.99833,0.99833,0.00167,0.0,-35.49760574866401,9.660591800582788
0.4,113253,photon,9,21.736537307469963,5,100000,0.99954,0.99954,0.00046,0.0,-44.32033254730197,10.804566091519597
0.4,113253,photon,9,21.736537307469963,6,100000,0.99985,0.99985,0.00015,0.0,-53.15719066198338,11.840682465741002
0.4,113253,photon,9,21.736537307469963,7,100000,0.99996,0.99996,4e-05,0.0,-61.97637515075956,12.801186164064289
0.4,113253,photon,9,21.736537307469963,8,100000,0.99999,0.99999,1e-05,0.0,-70.79013309195382,13.66958258203458
0.4,113253,photon,9,21.736537307469963,9,100000,1.0,1.0,0.0,0.0,-79.6065321063017,14.524973583846728
0.4,113253,photon,9,21.736537307469963,10,100000,1.0,1.0,0.0,0.0,-88.40425429887928,15.353834190622953
0.4,113253,photon,9,21.736537307469963,11,100000,1.0,1.0,0.0,0.0,-97.23104119370986,16.106024681361994
0.4,113253,photon,9,21.736537307469963,12,100000,1.0,1.0,0.0,0.0,-106.03939790890819,16.842404285436952
0.4,113253,photon,10,26.234422777612238,1,100000,0.91221,0.91221,0.08779,0.0,-9.007085587253709,4.702567876949634
0.4,113253,photon,10,26.234422777612238,2,100000,0.97996,0.97996,0.02004,0.0,-17.92371478691545,6.746368358568723
0.4,113253,photon,10,26.234422777612238,3,100000,0.99518,0.99518,0.00482,0.0,-26.78428791133636,8.292881318527503
0.4,113253,photon,10,26.234422777612238,4,100000,0.99869,0.99869,0.00131,0.0,-35.60710258521707,9.599763120250243
0.4,113253,photon,10,26.234422777612238,5,100000,0.99965,0.99965,0.00035,0.0,-44.47531495651086,10.70443776211214
0.4,113253,photon,10,26.234422777612238,6,100000,0.99982,0.99982,0.00018,0.0,-53.363828551279184,11.762711144802758
0.4,113253,photon,10,26.234422777612238,7,100000,0.99998,0.99998,2e-05,0.0,-62.21320272077954,12.746144491763319
0.4,113253,photon,10,26.234422777612238,8,100000,0.99998,0.99998,2e-05,0.0,-71.04693612490112,13.662577080513516
0.4,113253,photon,10,26.234422777612238,9,100000,1.0,1.0,0.0,0.0,-79.8768914159275,14.492434527110495
0.4,113253,photon,10,26.234422777612238,10,100000,1.0,1.0,0.0,0.0,-88.70664538983537,15.29637001246513
0.4,113253,photon,10,26.234422777612238,11,100000,1.0,1.0,0.0,0.0,-97.54502980877031,16.063030062492942
0.4,113253,photon,10,26.234422777612238,12,100000,1.0,1.0,0.0,0.0,-106.39426504047911,16.77891042279797
0.4,113253,photon,11,31.66304405982725,1,100000,0.91388,0.91388,0.08612,0.0,-9.023085050978727,4.678118793403946
0.4,113253,photon,11,31.66304405982725,2,100000,0.9816,0.9816,0.0184,0.0,-17.987459668832617,6.667471358262026
0.4,113253,photon,11,31.66304405982725,3,100000,0.99589,0.99589,0.00411,0.0,-26.873463898359923,8.22088797048652
0.4,113253,photon,11,31.66304405982725,4,100000,0.99876,0.99876,0.00124,0.0,-35.755725738881345,9.503415797074338
0.4,113253,photon,11,31.66304405982725,5,100000,0.99948,0.99948,0.00052,0.0,-44.684923617931574,10.622667957146863
0.4,113253,photon,11,31.66304405982725,6,100000,0.99983,0.99983,0.00017,0.0,-53.56857315927829,11.640131304644052
0.4,113253,photon,11,31.66304405982725,7,100000,0.99997,0.99997,3e-05,0.0,-62.46701071082715,12.615307443990734
0.4,113253,photon,11,31.66304405982725,8,100000,0.99997,0.99997,3e-05,0.0,-71.32275247274217,13.534409386276861
0.4,113253,photon,11,31.66304405982725,9,100000,1.0,1.0,0.0,0.0,-80.2182324103425,14.372383286176191
0.4,113253,photon,11,31.66304405982725,10,100000,0.99999,0.99999,1e-05,0.0,-89.1223718485411,15.14802216021843
0.4,113253,photon,11,31.66304405982725,11,100000,1.0,1.0,0.0,0.0,-98.00927384289771,15.906096710713582
0.4,113253,photon,11,31.66304405982725,12,100000,1.0,1.0,0.0,0.0,-106.9019695429818,16.63399583303425
0.4,113253,photon,12,38.21499590950062,1,100000,0.91369,0.91369,0.08631,0.0,-9.038999530508772,4.672191981368665
0.4,113253,photon,12,38.21499590950062,2,100000,0.9809,0.9809,0.0191,0.0,-18.012217650012293,6.685888343346386
0.4,113253,photon,12,38.21499590950062,3,100000,0.99535,0.99535,0.00465,0.0,-26.94651964482884,8.221114039476623
0.4,113253,photon,12,38.21499590950062,4,100000,0.9983,0.9983,0.0017,0.0,-35.863372703824815,9.533441516020842
0.4,113253,photon,12,38.21499590950062,5,100000,0.99953,0.99953,0.00047,0.0,-44.77725255433144,10.673618328594635
0.4,113253,photon,12,38.21499590950062,6,100000,0.99982,0.99982,0.00018,0.0,-53.73159979565164,11.720279550092382
0.4,113253,photon,12,38.21499590950062,7,100000,0.99995,0.99995,5e-05,0.0,-62.630824480894304,12.676568479014593
0.4,113253,photon,12,38.21499590950062,8,100000,1.0,1.0,0.0,0.0,-71.5428156354807,13.526277032591056
0.4,113253,photon,12,38.21499590950062,9,100000,1.0,1.0,0.0,0.0,-80.41641101960975,14.36324542567584
0.4,113253,photon,12,38.21499590950062,10,100000,1.0,1.0,0.0,0.0,-89.32702492233213,15.137816267877554
0.4,113253,photon,12,38.21499590950062,11,100000,1.0,1.0,0.0,0.0,-98.22948324469226,15.88691926144675
0.4,113253,photon,12,38.21499590950062,12,100000,1.0,1.0,0.0,0.0,-107.12581356183301,16.592231440232844
0.4,113253,photon,13,46.12272621683984,1,100000,0.9139,0.9139,0.0861,0.0,-9.057696797618554,4.659489165078451
0.4,113253,photon,13,46.12272621683984,2,100000,0.9818,0.9818,0.0182,0.0,-18.038988536864814,6.653599454021813
0.4,113253,photon,13,46.12272621683984,3,100000,0.99545,0.99545,0.00455,0.0,-26.9930792126666,8.17083825329057
0.4,113253,photon,13,46.12272621683984,4,100000,0.99858,0.99858,0.00142,0.0,-35.91144557197183,9.488090691062556
0.4,113253,photon,13,46.12272621683984,5,100000,0.9995,0.9995,0.0005,0.0,-44.83934743336209,10.613535693388728
0.4,113253,photon,13,46.12272621683984,6,100000,0.99993,0.99993,7e-05,0.0,-53.798749753894235,11.634136564703365
0.4,113253,photon,13,46.12272621683984,7,100000,0.99999,0.99999,1e-05,0.0,-62.74204843065029,12.591008159187389
0.4,113253,photon,13,46.12272621683984,8,100000,1.0,1.0,0.0,0.0,-71.66728768542784,13.473671655908618
0.4,113253,photon,13,46.12272621683984,9,100000,1.0,1.0,0.0,0.0,-80.60489746933645,14.31081437901542
0.4,113253,photon,13,46.12272621683984,10,100000,1.0,1.0,0.0,0.0,-89.52066775684938,15.06832429752082
0.4,113253,photon,13,46.12272621683984,11,100000,1.0,1.0,0.0,0.0,-98.43748834327866,15.81143172662181
0.4,113253,photon,13,46.12272621683984,12,100000,1.0,1.0,0.0,0.0,-107.34232048798634,16.549142748751485
0.4,113253,photon,14,55.666782713031616,1,100000,0.91406,0.91406,0.08594,0.0,-9.0526548676171,4.6603773362409475
0.4,113253,photon,14,55.666782713031616,2,100000,0.98162,0.98162,0.01838,0.0,-18.05668332475404,6.653326550006175
0.4,113253,photon,14,55.666782713031616,3,100000,0.99535,0.99535,0.00465,0.0,-27.016388778065355,8.210874642083889
0.4,113253,photon,14,55.666782713031616,4,100000,0.99848,0.99848,0.00152,0.0,-35.95531559828191,9.478003596456437
0.4,113253,photon,14,55.666782713031616,5,100000,0.99955,0.99955,0.00045,0.0,-44.89866427045663,10.604286189295289
0.4,113253,photon,14,55.666782713031616,6,100000,0.99986,0.99986,0.00014,0.0,-53.83148903441911,11.621735952341734
0.4,113253,photon,14,55.666782713031616,7,100000,0.99998,0.99998,2e-05,0.0,-62.77444520522378,12.567733456795558
0.4,113253,photon,14,55.666782713031616,8,100000,0.99999,0.99999,1e-05,0.0,-71.71852554373156,13.423577302106203
0.4,113253,photon,14,55.666782713031616,9,100000,1.0,1.0,0.0,0.0,-80.66184971615776,14.219031197362938
0.4,113253,photon,14,55.666782713031616,10,100000,1.0,1.0,0.0,0.0,-89.60085251588391,15.01014278614057
0.4,113253,photon,14,55.666782713031616,11,100000,1.0,1.0,0.0,0.0,-98.55596810025135,15.748063956626703
0.4,113253,photon,14,55.666782713031616,12,100000,1.0,1.0,0.0,0.0,-107.51130841538638,16.457562520516632
0.4,113253,photon,15,67.18576614598469,1,100000,0.91601,0.91601,0.08399,0.0,-9.089549576615477,4.626306335019468
0.4,113253,photon,15,67.18576614598469,2,100000,0.98251,0.98251,0.01749,0.0,-18.107019833567332,6.597913981114399
0.4,113253,photon,15,67.18576614598469,3,100000,0.99582,0.99582,0.00418,0.0,-27.086683362403694,8.113369917782348
0.4,113253,photon,15,67.18576614598469,4,100000,0.99881,0.99881,0.00119,0.0,-36.0394188242155,9.40483845485784
0.4,113253,photon,15,67.18576614598469,5,100000,0.99964,0.99964,0.00036,0.0,-44.9986469171657,10.53452984309767
0.4,113253,photon,15,67.18576614598469,6,100000,0.99988,0.99988,0.00012,0.0,-53.96446243843127,11.531183757010014
0.4,113253,photon,15,67.18576614598469,7,100000,0.99997,0.99997,3e-05,0.0,-62.91554110345077,12.492345488431251
0.4,113253,photon,15,67.18576614598469,8,100000,1.0,1.0,0.0,0.0,-71.86018768423892,13.389743147418901
0.4,113253,photon,15,67.18576614598469,9,100000,1.0,1.0,0.0,0.0,-80.84104544124263,14.192569368768314
0.4,113253,photon,15,67.18576614598469,10,100000,1.0,1.0,0.0,0.0,-89.80579774682579,14.95126198240668
0.4,113253,photon,15,67.18576614598469,11,100000,1.0,1.0,0.0,0.0,-98.75824271130614,15.703971007405391
0.4,113253,photon,15,67.18576614598469,12,100000,1.0,1.0,0.0,0.0,-107.71183528633858,16.410262799280524
0.4,113253,photon,16,81.08834304099686,1,100000,0.91427,0.91427,0.08573,0.0,-9.070135771574044,4.654252468174141
0.4,113253,photon,16,81.08834304099686,2,100000,0.98146,0.98146,0.01854,0.0,-18.112169165095786,6.642513994677283
0.4,113253,photon,16,81.08834304099686,3,100000,0.99599,0.99599,0.00401,0.0,-27.105104415503657,8.155038751719845
0.4,113253,photon,16,81.08834304099686,4,100000,0.99857,0.99857,0.00143,0.0,-36.07490227289348,9.440570718821451
0.4,113253,photon,16,81.08834304099686,5,100000,0.99945,0.99945,0.00055,0.0,-45.02418482706939,10.575248302074005
0.4,113253,photon,16,81.08834304099686,6,100000,0.99988,0.99988,0.00012,0.0,-54.02080379751645,11.578838324382417
0.4,113253,photon,16,81.08834304099686,7,100000,0.99997,0.99997,3e-05,0.0,-63.03065451088283,12.52180223042721
0.4,113253,photon,16,81.08834304099686,8,100000,0.99998,0.99998,2e-05,0.0,-71.98694676207491,13.39881359643815
0.4,113253,photon,16,81.08834304099686,9,100000,1.0,1.0,0.0,0.0,-80.94331659170888,14.218299002178822
0.4,113253,photon,16,81.08834304099686,10,100000,1.0,1.0,0.0,0.0,-89.91751979446485,14.99261065325865
0.4,113253,photon,16,81.08834304099686,11,100000,1.0,1.0,0.0,0.0,-98.89069235126205,15.733056894726968
0.4,113253,photon,16,81.08834304099686,12,100000,1.0,1.0,0.0,0.0,-107.86087345506442,16.442989427414954
0.4,113253,photon,17,97.8677442309312,1,100000,0.91733,0.91733,0.08267,0.0,-9.12741697009029,4.5947572515129
0.4,113253,photon,17,97.8677442309312,2,100000,0.98285,0.98285,0.01715,0.0,-18.16402233416696,6.576551409447229
0.4,113253,photon,17,97.8677442309312,3,100000,0.99624,0.99624,0.00376,0.0,-27.16257817652714,8.093130491604436
0.4,113253,photon,17,97.8677442309312,4,100000,0.99884,0.99884,0.00116,0.0,-36.13674841964682,9.399341673446886
0.4,113253,photon,17,97.8677442309312,5,100000,0.99958,0.99958,0.00042,0.0,-45.12017718638236,10.524424288269365
0.4,113253,photon,17,97.8677442309312,6,100000,0.99992,0.99992,8e-05,0.0,-54.12225456577914,11.543541263186636
0.4,113253,photon,17,97.8677442309312,7,100000,0.99997,0.99997,3e-05,0.0,-63.09280386705474,12.499679539656784
0.4,113253,photon,17,97.8677442309312,8,100000,1.0,1.0,0.0,0.0,-72.08322353757625,13.39409671194289
0.4,113253,photon,17,97.8677442309312,9,100000,1.0,1.0,0.0,0.0,-81.04906079154757,14.216997501902245
0.4,113253,photon,17,97.8677442309312,10,100000,1.0,1.0,0.0,0.0,-90.00088437953139,14.998019607835854
0.4,113253,photon,17,97.8677442309312,11,100000,1.0,1.0,0.0,0.0,-98.97743563770221,15.723825301262709
0.4,113253,photon,17,97.8677442309312,12,100000,1.0,1.0,0.0,0.0,-107.9446156441308,16.415873587373603
0.4,113253,photon,18,118.11926352975836,1,100000,0.91453,0.91453,0.08547,0.0,-9.077415248757243,4.64408675868236
0.4,113253,photon,18,118.11926352975836,2,100000,0.98167,0.98167,0.01833,0.0,-18.09435989049396,6.637890236619551
0.4,113253,photon,18,118.11926352975836,3,100000,0.99615,0.99615,0.00385,0.0,-27.114727007246568,8.12860086594542
0.4,113253,photon,18,118.11926352975836,4,100000,0.99876,0.99876,0.00124,0.0,-36.100665137775884,9.395000634415643
0.4,113253,photon,18,118.11926352975836,5,100000,0.99961,0.99961,0.00039,0.0,-45.09270971212378,10.500862997425546
0.4,113253,photon,18,118.11926352975836,6,100000,0.99992,0.99992,8e-05,0.0,-54.1131974244511,11.516088253502994
0.4,113253,photon,18,118.11926352975836,7,100000,0.99996,0.99996,4e-05,0.0,-63.11577998975887,12.447917421769485
0.4,113253,photon,18,118.11926352975836,8,100000,0.99999,0.99999,1e-05,0.0,-72.06343771608566,13.341986208724682
0.4,113253,photon,18,118.11926352975836,9,100000,0.99999,0.99999,1e-05,0.0,-81.04166127140637,14.155257219519067
0.4,113253,photon,18,118.11926352975836,10,100000,1.0,1.0,0.0,0.0,-90.0119112862724,14.933723052241742
0.4,113253,photon,18,118.11926352975836,11,100000,1.0,1.0,0.0,0.0,-98.99614268004227,15.688190257728552
0.4,113253,photon,18,118.11926352975836,12,100000,1.0,1.0,0.0,0.0,-107.95624466485441,16.393961297676736
0.4,113253,photon,19,142.56137736137705,1,100000,0.91765,0.91765,0.08235,0.0,-9.132208783386337,4.587989516722298
0.4,113253,photon,19,142.56137736137705,2,100000,0.98178,0.98178,0.01822,0.0,-18.147522700824492,6.606915369095886
0.4,113253,photon,19,142.56137736137705,3,100000,0.99568,0.99568,0.00432,0.0,-27.160631865189146,8.130676867340535
0.4,113253,photon,19,142.56137736137705,4,100000,0.99882,0.99882,0.00118,0.0,-36.133566245472046,9.424135008489671
0.4,113253,photon,19,142.56137736137705,5,100000,0.99965,0.99965,0.00035,0.0,-45.11941166396588,10.529359609281753
0.4,113253,photon,19,142.56137736137705,6,100000,0.99993,0.99993,7e-05,0.0,-54.15661649107226,11.519177222198214
0.4,113253,photon,19,142.56137736137705,7,100000,0.99999,0.99999,1e-05,0.0,-63.15312357493707,12.465430915557143
0.4,113253,photon,19,142.56137736137705,8,100000,0.99999,0.99999,1e-05,0.0,-72.14701577937299,13.320142566914779
0.4,113253,photon,19,142.56137736137705,9,100000,0.99999,0.99999,1e-05,0.0,-81.1164402654431,14.13591249192205
0.4,113253,photon,19,142.56137736137705,10,100000,0.99999,0.99999,1e-05,0.0,-90.1104003578751,14.910580824550694
0.4,113253,photon,19,142.56137736137705,11,100000,1.0,1.0,0.0,0.0,-99.07576369891416,15.682476383402207
0.4,113253,photon,19,142.56137736137705,12,100000,1.0,1.0,0.0,0.0,-108.04756963460122,16.386349787980024
0.4,113253,su2,0,4.0,1,100000,0.94485,0.05515,0.94485,0.0,4.474741730174292,2.255162902580239
0.4,113253,su2,0,4.0,2,100000,0.98592,0.01408,0.98592,0.0,8.927563247268075,3.2019049571307985
0.4,113253,su2,0,4.0,3,100000,0.99232,0.00768,0.99232,0.0,13.37854732544937,3.9242065359962988
0.4,113253,su2,0,4.0,4,100000,0.99707,0.00293,0.99707,0.0,17.841786140506557,4.516826541303584
0.4,113253,su2,0,4.0,5,100000,0.9989,0.0011,0.9989,0.0,22.297851201742574,5.053288456759003
0.4,113253,su2,0,4.0,6,100000,0.99951,0.00049,0.99951,0.0,26.752858115134096,5.5443371903729455
0.4,113253,su2,0,4.0,7,100000,0.99981,0.00019,0.99981,0.0,31.20765727269538,5.981792187940847
0.4,113253,su2,0,4.0,8,100000,0.99993,7e-05,0.99993,0.0,35.652668091479256,6.402431623201062
0.4,113253,su2,0,4.0,9,100000,0.99996,4e-05,0.99996,0.0,40.121641459005374,6.767715294434299
0.4,113253,su2,0,4.0,10,100000,0.99997,3e-05,0.99997,0.0,44.58189338461595,7.12513499024499
0.4,113253,su2,0,4.0,11,100000,1.0,0.0,1.0,0.0,49.02331544326364,7.479596772346501
0.4,113253,su2,0,4.0,12,100000,1.0,0.0,1.0,0.0,53.46629170079527,7.818073728634452
0.4,113253,su2,1,5.095683551653521,1,100000,0.94308,0.05692,0.94308,0.0,4.450406857114956,2.286460068970055
0.4,113253,su2,1,5.095683551653521,2,100000,0.98538,0.01462,0.98538,0.0,8.903786666680537,3.2121042800468422
0.4,113253,su2,1,5.095683551653521,3,100000,0.9926,0.0074,0.9926,0.0,13.343793207652544,3.925423214985907
0.4,113253,su2,1,5.095683551653521,4,100000,0.99714,0.00286,0.99714,0.0,17.78388181587616,4.526083735207401
0.4,113253,su2,1,5.095683551653521,5,100000,0.99882,0.00118,0.99882,0.0,22.215619254355495,5.07111454337765
0.4,113253,su2,1,5.095683551653521,6,100000,0.9996,0.0004,0.9996,0.0,26.657620254748633,5.555082393725451
0.4,113253,su2,1,5.095683551653521,7,100000,0.9999,0.0001,0.9999,0.0,31.102397273996345,5.990059895694713
0.4,113253,su2,1,5.095683551653521,8,100000,0.99994,6e-05,0.99994,0.0,35.53363770912429,6.3998886343707175
0.4,113253,su2,1,5.095683551653521,9,100000,0.99997,3e-05,0.99997,0.0,39.96611907728948,6.79929310369723
0.4,113253,su2,1,5.095683551653521,10,100000,1.0,0.0,1.0,0.0,44.403283165161035,7.172996959366748
0.4,113253,su2,1,5.095683551653521,11,100000,1.0,0.0,1.0,0.0,48.846271056819724,7.522309603155831
0.4,113253,su2,1,5.095683551653521,12,100000,1.0,0.0,1.0,0.0,53.28011955461715,7.85225220599136
0.4,113253,su2,2,6.491497714648063,1,100000,0.94359,0.05641,0.94359,0.0,4.4426148283684075,2.2614122410890203
0.4,113253,su2,2,6.491497714648063,2,100000,0.98572,0.01428,0.98572,0.0,8.864346605902167,3.20931465677593
0.4,113253,su2,2,6.491497714648063,3,100000,0.99214,0.00786,0.99214,0.0,13.287339297028597,3.9535795188199296
0.4,113253,su2,2,6.491497714648063,4,100000,0.99688,0.00312,0.99688,0.0,17.71297363837351,4.5612418327589195
0.4,113253,su2,2,6.491497714648063,5,100000,0.99893,0.00107,0.99893,0.0,22.143777493656362,5.097961202004746
0.4,113253,su2,2,6.491497714648063,6,100000,0.9996,0.0004,0.9996,0.0,26.565165649103694,5.593173430795473
0.4,113253,su2,2,6.491497714648063,7,100000,0.99985,0.00015,0.99985,0.0,30.991705321156793,6.034819143567181
0.4,113253,su2,2,6.491497714648063,8,100000,0.99993,7e-05,0.99993,0.0,35.4141166605032,6.455249361712782
0.4,113253,su2,2,6.491497714648063,9,100000,0.99998,2e-05,0.99998,0.0,39.83195655629199,6.853100363451275
0.4,113253,su2,2,6.491497714648063,10,100000,1.0,0.0,1.0,0.0,44.25394512328614,7.208045934988976
0.4,113253,su2,2,6.491497714648063,11,100000,1.0,0.0,1.0,0.0,48.672217139069446,7.571337792151952
0.4,113253,su2,2,6.491497714648063,12,100000,1.0,0.0,1.0,0.0,53.08996921935824,7.907212629874347
0.4,113253,su2,3,8.269654532532142,1,100000,0.94239,0.05761,0.94239,0.0,4.436913645980279,2.274019654571929
0.4,113253,su2,3,8.269654532532142,2,100000,0.98542,0.01458,0.98542,0.0,8.861099846046258,3.2148264766256966
0.4,113253,su2,3,8.269654532532142,3,100000,0.99231,0.00769,0.99231,0.0,13.26956167836609,3.944715692136431
0.4,113253,su2,3,8.269654532532142,4,100000,0.99683,0.00317,0.99683,0.0,17.68673729528243,4.5553254171197235
0.4,113253,su2,3,8.269654532532142,5,100000,0.99891,0.00109,0.99891,0.0,22.10309631832527,5.090379815046084
0.4,113253,su2,3,8.269654532532142,6,100000,0.99976,0.00024,0.99976,0.0,26.507063265063014,5.58600430003759
0.4,113253,su2,3,8.269654532532142,7,100000,0.99987,0.00013,0.99987,0.0,30.92581038940931,6.036200630118577
0.4,113253,su2,3,8.269654532532142,8,100000,0.99997,3e-05,0.99997,0.0,35.32380939388452,6.4483330499134635
0.4,113253,su2,3,8.269654532532142,9,100000,0.99999,1e-05,0.99999,0.0,39.732657540021876,6.835397639509976
0.4,113253,su2,3,8.269654532532142,10,100000,0.99999,1e-05,0.99999,0.0,44.140901496336625,7.2062157099347175
0.4,113253,su2,3,8.269654532532142,11,100000,0.99999,1e-05,0.99999,0.0,48.55307147032944,7.5636757833947215
0.4,113253,su2,3,8.269654532532142,12,100000,0.99999,1e-05,0.99999,0.0,52.96398166750513,7.897662525136904
0.4,113253,su2,4,10.534885644820253,1,100000,0.94185,0.05815,0.94185,0.0,4.4239987425151615,2.2999410421734994
0.4,113253,su2,4,10.534885644820253,2,100000,0.98538,0.01462,0.98538,0.0,8.844907524229056,3.2309116157574205
0.4,113253,su2,4,10.534885644820253,3,100000,0.99199,0.00801,0.99199,0.0,13.256067192325547,3.9637669115492384
0.4,113253,su2,4,10.534885644820253,4,100000,0.99677,0.00323,0.99677,0.0,17.669408194888053,4.5641683681340615
0.4,113253,su2,4,10.534885644820253,5,100000,0.99877,0.00123,0.99877,0.0,22.076311096908725,5.098715398703451
0.4,113253,su2,4,10.534885644820253,6,100000,0.99955,0.00045,0.99955,0.0,26.48023126674402,5.600110059413016
0.4,113253,su2,4,10.534885644820253,7,100000,0.99974,0.00026,0.99974,0.0,30.883045420819045,6.051260124036139
0.4,113253,su2,4,10.534885644820253,8,100000,0.99992,8e-05,0.99992,0.0,35.29565156703716,6.478274712927182
0.4,113253,su2,4,10.534885644820253,9,100000,0.99998,2e-05,0.99998,0.0,39.696130914169316,6.8780573771938265
0.4,113253,su2,4,10.534885644820253,10,100000,0.99999,1e-05,0.99999,0.0,44.10030671783848,7.2545297201512255
0.4,113253,su2,4,10.534885644820253,11,100000,1.0,0.0,1.0,0.0,48.499636720193756,7.61124885655588
0.4,113253,su2,4,10.534885644820253,12,100000,1.0,0.0,1.0,0.0,52.89644562583,7.949591690953705
0.4,113253,su2,5,13.420610874715353,1,100000,0.94255,0.05745,0.94255,0.0,4.435255257349244,2.275244022562292
0.4,113253,su2,5,13.420610874715353,2,100000,0.98513,0.01487,0.98513,0.0,8.851021017867689,3.224842738607861
0.4,113253,su2,5,13.420610874715353,3,100000,0.99181,0.00819,0.99181,0.0,13.245144175448317,3.962456231406082
0.4,113253,su2,5,13.420610874715353,4,100000,0.99647,0.00353,0.99647,0.0,17.632433969716633,4.600258172816831
0.4,113253,su2,5,13.420610874715353,5,100000,0.99882,0.00118,0.99882,0.0,22.027846761850114,5.131368071999963
0.4,113253,su2,5,13.420610874715353,6,100000,0.99944,0.00056,0.99944,0.0,26.427646554123744,5.617279898771697
0.4,113253,su2,5,13.420610874715353,7,100000,0.99982,0.00018,0.99982,0.0,30.822543370282883,6.074161577258636
0.4,113253,su2,5,13.420610874715353,8,100000,0.99997,3e-05,0.99997,0.0,35.21342457892048,6.492114496483967
0.4,113253,su2,5,13.420610874715353,9,100000,0.99999,1e-05,0.99999,0.0,39.60520935155018,6.896116651240988
0.4,113253,su2,5,13.420610874715353,10,100000,1.0,0.0,1.0,0.0,44.00414480752213,7.2580057815988175
0.4,113253,su2,5,13.420610874715353,11,100000,0.99999,1e-05,0.99999,0.0,48.41184320775726,7.60469846368648
0.4,113253,su2,5,13.420610874715353,12,100000,0.99999,1e-05,0.99999,0.0,52.81307417128364,7.939129565177269
0.4,113253,su2,6,17.096796521857346,1,100000,0.94157,0.05843,0.94157,0.0,4.413228872816587,2.292078919592712
0.4,113253,su2,6,17.096796521857346,2,100000,0.98431,0.01569,0.98431,0.0,8.803124936017117,3.259636796222833
0.4,113253,su2,6,17.096796521857346,3,100000,0.99196,0.00804,0.99196,0.0,13.202033611505918,3.9807994665622535
0.4,113253,su2,6,17.096796521857346,4,100000,0.99681,0.00319,0.99681,0.0,17.58385465126989,4.610671410876044
0.4,113253,su2,6,17.096796521857346,5,100000,0.9987,0.0013,0.9987,0.0,21.968881407237397,5.158777750184862
0.4,113253,su2,6,17.096796521857346,6,100000,0.99961,0.00039,0.99961,0.0,26.36432113217926,5.636326447157637
0.4,113253,su2,6,17.096796521857346,7,100000,0.99985,0.00015,0.99985,0.0,30.75715605598911,6.082789644672032
0.4,113253,su2,6,17.096796521857346,8,100000,0.99995,5e-05,0.99995,0.0,35.14469683667596,6.50525732726579
0.4,113253,su2,6,17.096796521857346,9,100000,0.99996,4e-05,0.99996,0.0,39.52469568349809,6.906364983410827
0.4,113253,su2,6,17.096796521857346,10,100000,0.99999,1e-05,0.99999,0.0,43.91042242110903,7.280964606295805
0.4,113253,su2,6,17.096796521857346,11,100000,1.0,0.0,1.0,0.0,48.29997796980258,7.628012642481856
0.4,113253,su2,6,17.096796521857346,12,100000,1.0,0.0,1.0,0.0,52.68690465872481,7.970809238223173
0.4,113253,su2,7,21.779966205598896,1,100000,0.94049,0.05951,0.94049,0.0,4.409504959891293,2.295632193258732
0.4,113253,su2,7,21.779966205598896,2,100000,0.9847,0.0153,0.9847,0.0,8.803422510315245,3.249349944934544
0.4,113253,su2,7,21.779966205598896,3,100000,0.99189,0.00811,0.99189,0.0,13.199952285204633,3.96616580670629
0.4,113253,su2,7,21.779966205598896,4,100000,0.99684,0.00316,0.99684,0.0,17.592491949412896,4.580731394623178
0.4,113253,su2,7,21.779966205598896,5,100000,0.99876,0.00124,0.99876,0.0,21.98034491329997,5.125563445412618
0.4,113253,su2,7,21.779966205598896,6,100000,0.99958,0.00042,0.99958,0.0,26.378211850932093,5.61042010743777
0.4,113253,su2,7,21.779966205598896,7,100000,0.99978,0.00022,0.99978,0.0,30.751426655263966,6.062228810077467
0.4,113253,su2,7,21.779966205598896,8,100000,0.99993,7e-05,0.99993,0.0,35.143774389296524,6.478148583656024
0.4,113253,su2,7,21.779966205598896,9,100000,0.99997,3e-05,0.99997,0.0,39.53207300236132,6.877367205260096
0.4,113253,su2,7,21.779966205598896,10,100000,0.99999,1e-05,0.99999,0.0,43.922650630117424,7.231235394930611
0.4,113253,su2,7,21.779966205598896,11,100000,1.0,0.0,1.0,0.0,48.31881240984409,7.585652546608901
0.4,113253,su2,7,21.779966205598896,12,100000,1.0,0.0,1.0,0.0,52.70766181870345,7.935229509242872
0.4,113253,su2,8,27.745953887359985,1,100000,0.93948,0.06052,0.93948,0.0,4.396563057517512,2.3219453555051275
0.4,113253,su2,8,27.745953887359985,2,100000,0.9842,0.0158,0.9842,0.0,8.793080240585262,3.25999561479841
0.4,113253,su2,8,27.745953887359985,3,100000,0.99148,0.00852,0.99148,0.0,13.183104526366195,3.987936767818884
0.4,113253,su2,8,27.745953887359985,4,100000,0.99661,0.00339,0.99661,0.0,17.56548740897415,4.595853551506955
0.4,113253,su2,8,27.745953887359985,5,100000,0.99883,0.00117,0.99883,0.0,21.95751810743519,5.151637580247901
0.4,113253,su2,8,27.745953887359985,6,100000,0.99951,0.00049,0.99951,0.0,26.323238209945714,5.6517852092244345
0.4,113253,su2,8,27.745953887359985,7,100000,0.99984,0.00016,0.99984,0.0,30.699497724716323,6.105322309497676
0.4,113253,su2,8,27.745953887359985,8,100000,0.9999,0.0001,0.9999,0.0,35.06658377438104,6.536245228298366
0.4,113253,su2,8,27.745953887359985,9,100000,0.99996,4e-05,0.99996,0.0,39.43854595308836,6.93454955239222
0.4,113253,su2,8,27.745953887359985,10,100000,0.99999,1e-05,0.99999,0.0,43.81261702906901,7.307019811315035
0.4,113253,su2,8,27.745953887359985,11,100000,1.0,0.0,1.0,0.0,48.18182584268757,7.670496010547142
0.4,113253,su2,8,27.745953887359985,12,100000,1.0,0.0,1.0,0.0,52.55174782878709,8.023560235466883
0.4,113253,su2,9,35.34615021218933,1,100000,0.94101,0.05899,0.94101,0.0,4.396986790655292,2.311862779510217
0.4,113253,su2,9,35.34615021218933,2,100000,0.98484,0.01516,0.98484,0.0,8.781526166034087,3.253833500412729
0.4,113253,su2,9,35.34615021218933,3,100000,0.99151,0.00849,0.99151,0.0,13.173217888889203,3.9747002923173755
0.4,113253,su2,9,35.34615021218933,4,100000,0.99688,0.00312,0.99688,0.0,17.565297971151946,4.5881948483409705
0.4,113253,su2,9,35.34615021218933,5,100000,0.99882,0.00118,0.99882,0.0,21.938414870988556,5.142030606111614
0.4,113253,su2,9,35.34615021218933,6,100000,0.99954,0.00046,0.99954,0.0,26.318471044461234,5.625990079308111
0.4,113253,su2,9,35.34615021218933,7,100000,0.99984,0.00016,0.99984,0.0,30.705032213493332,6.090270035586458
0.4,113253,su2,9,35.34615021218933,8,100000,0.99993,7e-05,0.99993,0.0,35.07310658350839,6.518194557377801
0.4,113253,su2,9,35.34615021218933,9,100000,0.99999,1e-05,0.99999,0.0,39.46591187722179,6.898108712382115
0.4,113253,su2,9,35.34615021218933,10,100000,1.0,0.0,1.0,0.0,43.84729719857797,7.278829521738742
0.4,113253,su2,9,35.34615021218933,11,100000,1.0,0.0,1.0,0.0,48.23695671860185,7.636688834803134
0.4,113253,su2,9,35.34615021218933,12,100000,1.0,0.0,1.0,0.0,52.618232894933286,7.970800647386134
0.4,113253,su2,10,45.028199062631984,1,100000,0.94057,0.05943,0.94057,0.0,4.40821375393297,2.2871165954916712
0.4,113253,su2,10,45.028199062631984,2,100000,0.98483,0.01517,0.98483,0.0,8.796750419387093,3.2563238901223683
0.4,113253,su2,10,45.028199062631984,3,100000,0.99151,0.00849,0.99151,0.0,13.17699561877539,3.998622768524308
0.4,113253,su2,10,45.028199062631984,4,100000,0.9965,0.0035,0.9965,0.0,17.552657496305237,4.617833360855325
0.4,113253,su2,10,45.028199062631984,5,100000,0.99867,0.00133,0.99867,0.0,21.92620127305944,5.170074999414465
0.4,113253,su2,10,45.028199062631984,6,100000,0.9994,0.0006,0.9994,0.0,26.303384816052784,5.655899413993581
0.4,113253,su2,10,45.028199062631984,7,100000,0.99978,0.00022,0.99978,0.0,30.67634931462977,6.114934258855291
0.4,113253,su2,10,45.028199062631984,8,100000,0.99991,9e-05,0.99991,0.0,35.061552721514325,6.533092815423746
0.4,113253,su2,10,45.028199062631984,9,100000,0.99997,3e-05,0.99997,0.0,39.436306579880544,6.936988536278525
0.4,113253,su2,10,45.028199062631984,10,100000,1.0,0.0,1.0,0.0,43.8215400188636,7.3090655124032375
0.4,113253,su2,10,45.028199062631984,11,100000,1.0,0.0,1.0,0.0,48.2006062969086,7.673348000018416
0.4,113253,su2,10,45.028199062631984,12,100000,1.0,0.0,1.0,0.0,52.585312258687324,8.003707552583727
0.4,113253,su2,11,57.36236333100857,1,100000,0.94103,0.05897,0.94103,0.0,4.4078377396757435,2.3095453437028737
0.4,113253,su2,11,57.36236333100857,2,100000,0.98419,0.01581,0.98419,0.0,8.794957861466791,3.2614347701197723
0.4,113253,su2,11,57.36236333100857,3,100000,0.99132,0.00868,0.99132,0.0,13.17750299248033,4.002397878933759
0.4,113253,su2,11,57.36236333100857,4,100000,0.99644,0.00356,0.99644,0.0,17.558104521739114,4.617242640300491
0.4,113253,su2,11,57.36236333100857,5,100000,0.99858,0.00142,0.99858,0.0,21.948738814788154,5.1681670200578225
0.4,113253,su2,11,57.36236333100857,6,100000,0.99949,0.00051,0.99949,0.0,26.327779721138434,5.676514097676849
0.4,113253,su2,11,57.36236333100857,7,100000,0.99976,0.00024,0.99976,0.0,30.691973338843802,6.131400114745744
0.4,113253,su2,11,57.36236333100857,8,100000,0.99991,9e-05,0.99991,0.0,35.07470789829277,6.54566581322653
0.4,113253,su2,11,57.36236333100857,9,100000,0.99996,4e-05,0.99996,0.0,39.43653301436696,6.946778271612391
0.4,113253,su2,11,57.36236333100857,10,100000,1.0,0.0,1.0,0.0,43.82385497472101,7.308242554778725
0.4,113253,su2,11,57.36236333100857,11,100000,1.0,0.0,1.0,0.0,48.20241945277961,7.6609420433253534
0.4,113253,su2,11,57.36236333100857,12,100000,1.0,0.0,1.0,0.0,52.56365101789203,8.002242574867173
0.4,113253,su2,12,73.07511282744834,1,100000,0.94097,0.05903,0.94097,0.0,4.411654549704995,2.2904610959973026
0.4,113253,su2,12,73.07511282744834,2,100000,0.98479,0.01521,0.98479,0.0,8.801639901623917,3.2504759490408026
0.4,113253,su2,12,73.07511282744834,3,100000,0.9913,0.0087,0.9913,0.0,13.178258977304148,3.9884011626285365
0.4,113253,su2,12,73.07511282744834,4,100000,0.99638,0.00362,0.99638,0.0,17.55164856024352,4.616107653093618
0.4,113253,su2,12,73.07511282744834,5,100000,0.9986,0.0014,0.9986,0.0,21.93762011675401,5.162090347820603
0.4,113253,su2,12,73.07511282744834,6,100000,0.99952,0.00048,0.99952,0.0,26.306341181879,5.659952273938191
0.4,113253,su2,12,73.07511282744834,7,100000,0.99984,0.00016,0.99984,0.0,30.682533362214826,6.118421747652821
0.4,113253,su2,12,73.07511282744834,8,100000,0.99992,8e-05,0.99992,0.0,35.064737986824696,6.529430676671227
0.4,113253,su2,12,73.07511282744834,9,100000,0.99998,2e-05,0.99998,0.0,39.432672785907506,6.916834149207346
0.4,113253,su2,12,73.07511282744834,10,100000,1.0,0.0,1.0,0.0,43.80176239324404,7.306108546024872
0.4,113253,su2,12,73.07511282744834,11,100000,1.0,0.0,1.0,0.0,48.183525114235515,7.6601789126622295
0.4,113253,su2,12,73.07511282744834,12,100000,1.0,0.0,1.0,0.0,52.55116330656655,8.011979117400045
0.4,113253,su2,13,93.09191261751351,1,100000,0.94078,0.05922,0.94078,0.0,4.398008142254177,2.2999245037144025
0.4,113253,su2,13,93.09191261751351,2,100000,0.98392,0.01608,0.98392,0.0,8.778161569839012,3.270525580673047
0.4,113253,su2,13,93.09191261751351,3,100000,0.99129,0.00871,0.99129,0.0,13.150759171678363,4.017147356470036
0.4,113253,su2,13,93.09191261751351,4,100000,0.99633,0.00367,0.99633,0.0,17.518098689488532,4.63539676435671
0.4,113253,su2,13,93.09191261751351,5,100000,0.9987,0.0013,0.9987,0.0,21.890468071396857,5.197659176676374
0.4,113253,su2,13,93.09191261751351,6,100000,0.99947,0.00053,0.99947,0.0,26.259412156628375,5.694348582157802
0.4,113253,su2,13,93.09191261751351,7,100000,0.99969,0.00031,0.99969,0.0,30.626678898096934,6.137591897347728
0.4,113253,su2,13,93.09191261751351,8,100000,0.99986,0.00014,0.99986,0.0,35.004180418058226,6.546710167619042
0.4,113253,su2,13,93.09191261751351,9,100000,0.99994,6e-05,0.99994,0.0,39.36921544447627,6.953825829856975
0.4,113253,su2,13,93.09191261751351,10,100000,0.99999,1e-05,0.99999,0.0,43.73842338738712,7.325189440199609
0.4,113253,su2,13,93.09191261751351,11,100000,1.0,0.0,1.0,0.0,48.10473909165488,7.67165332903023
0.4,113253,su2,13,93.09191261751351,12,100000,1.0,0.0,1.0,0.0,52.47075779719796,8.009798233212925
0.4,113253,su2,14,118.5917319792576,1,100000,0.93905,0.06095,0.93905,0.0,4.388547027622651,2.32402585760943
0.4,113253,su2,14,118.5917319792576,2,100000,0.98437,0.01563,0.98437,0.0,8.781488927824542,3.2628341506090246
0.4,113253,su2,14,118.5917319792576,3,100000,0.99125,0.00875,0.99125,0.0,13.15666497378574,3.996787602836279
0.4,113253,su2,14,118.5917319792576,4,100000,0.99649,0.00351,0.99649,0.0,17.540755721422034,4.613385678443043
0.4,113253,su2,14,118.5917319792576,5,100000,0.9985,0.0015,0.9985,0.0,21.91907827197191,5.152728934436853
0.4,113253,su2,14,118.5917319792576,6,100000,0.99948,0.00052,0.99948,0.0,26.29543759879665,5.647901042164873
0.4,113253,su2,14,118.5917319792576,7,100000,0.9998,0.0002,0.9998,0.0,30.674490427324393,6.094136159175545
0.4,113253,su2,14,118.5917319792576,8,100000,0.99992,8e-05,0.99992,0.0,35.038014963864356,6.518379118379215
0.4,113253,su2,14,118.5917319792576,9,100000,0.99997,3e-05,0.99997,0.0,39.4116196822457,6.9167392017244635
0.4,113253,su2,14,118.5917319792576,10,100000,1.0,0.0,1.0,0.0,43.77856271528967,7.295977523327052
0.4,113253,su2,14,118.5917319792576,11,100000,1.0,0.0,1.0,0.0,48.165920483335356,7.657287186440157
0.4,113253,su2,14,118.5917319792576,12,100000,1.0,0.0,1.0,0.0,52.53908009995705,7.992915993931398
0.4,113253,su2,15,151.07648450220142,1,100000,0.93974,0.06026,0.93974,0.0,4.398875610128666,2.3103220334294803
0.4,113253,su2,15,151.07648450220142,2,100000,0.98426,0.01574,0.98426,0.0,8.78190946141444,3.2614727571370694
0.4,113253,su2,15,151.07648450220142,3,100000,0.9913,0.0087,0.9913,0.0,13.156652172555471,3.995193788484603
0.4,113253,su2,15,151.07648450220142,4,100000,0.99669,0.00331,0.99669,0.0,17.53840865553078,4.609459085994679
0.4,113253,su2,15,151.07648450220142,5,100000,0.99875,0.00125,0.99875,0.0,21.92727580924004,5.142035266243151
0.4,113253,su2,15,151.07648450220142,6,100000,0.99954,0.00046,0.99954,0.0,26.312439262155685,5.64044234756408
0.4,113253,su2,15,151.07648450220142,7,100000,0.99981,0.00019,0.99981,0.0,30.684579620781868,6.085491836718643
0.4,113253,su2,15,151.07648450220142,8,100000,0.99993,7e-05,0.99993,0.0,35.06511777726223,6.50814892080355
0.4,113253,su2,15,151.07648450220142,9,100000,0.99996,4e-05,0.99996,0.0,39.43461443190761,6.913249559353678
0.4,113253,su2,15,151.07648450220142,10,100000,0.99999,1e-05,0.99999,0.0,43.81200009466318,7.288282002784092
0.4,113253,su2,15,151.07648450220142,11,100000,1.0,0.0,1.0,0.0,48.197534698420704,7.63632812523069
0.4,113253,su2,15,151.07648450220142,12,100000,1.0,0.0,1.0,0.0,52.56410185177727,7.982590963435751
0.4,113253,su2,16,192.45948927987664,1,100000,0.94057,0.05943,0.94057,0.0,4.3989765678452155,2.310064807763831
0.4,113253,su2,16,192.45948927987664,2,100000,0.9847,0.0153,0.9847,0.0,8.78443390282055,3.2598930095410785
0.4,113253,su2,16,192.45948927987664,3,100000,0.99169,0.00831,0.99169,0.0,13.171691800874466,3.9798782312713628
0.4,113253,su2,16,192.45948927987664,4,100000,0.99655,0.00345,0.99655,0.0,17.55042176925088,4.594467923925033
0.4,113253,su2,16,192.45948927987664,5,100000,0.99876,0.00124,0.99876,0.0,21.922468377029013,5.141469236176086
0.4,113253,su2,16,192.45948927987664,6,100000,0.99961,0.00039,0.99961,0.0,26.30096871870313,5.636570614093058
0.4,113253,su2,16,192.45948927987664,7,100000,0.99984,0.00016,0.99984,0.0,30.663031167637175,6.08488986129847
0.4,113253,su2,16,192.45948927987664,8,100000,0.9999,0.0001,0.9999,0.0,35.0364546163264,6.505731338376729
0.4,113253,su2,16,192.45948927987664,9,100000,0.99998,2e-05,0.99998,0.0,39.40668309682416,6.893678807826623
0.4,113253,su2,16,192.45948927987664,10,100000,0.99998,2e-05,0.99998,0.0,43.77517772814878,7.27268226061
0.4,113253,su2,16,192.45948927987664,11,100000,1.0,0.0,1.0,0.0,48.153407994398826,7.6192148854644905
0.4,113253,su2,16,192.45948927987664,12,100000,1.0,0.0,1.0,0.0,52.53465859644954,7.951735572288788
0.4,113253,su2,17,245.17816347077607,1,100000,0.94011,0.05989,0.94011,0.0,4.393928118399871,2.300024255324846
0.4,113253,su2,17,245.17816347077607,2,100000,0.98408,0.01592,0.98408,0.0,8.771280004635528,3.2680335020688656
0.4,113253,su2,17,245.17816347077607,3,100000,0.99122,0.00878,0.99122,0.0,13.145686844311452,4.01352801230069
0.4,113253,su2,17,245.17816347077607,4,100000,0.99621,0.00379,0.99621,0.0,17.520298295574946,4.634771711090115
0.4,113253,su2,17,245.17816347077607,5,100000,0.99836,0.00164,0.99836,0.0,21.89535918988542,5.178572511136661
0.4,113253,su2,17,245.17816347077607,6,100000,0.99931,0.00069,0.99931,0.0,26.27652002563504,5.6713991322598805
0.4,113253,su2,17,245.17816347077607,7,100000,0.99971,0.00029,0.99971,0.0,30.6465852929183,6.133089581136673
0.4,113253,su2,17,245.17816347077607,8,100000,0.99994,6e-05,0.99994,0.0,35.02046963269889,6.551649208123907
0.4,113253,su2,17,245.17816347077607,9,100000,0.99996,4e-05,0.99996,0.0,39.398591042758774,6.950448165406344
0.4,113253,su2,17,245.17816347077607,10,100000,0.99998,2e-05,0.99998,0.0,43.76830337461623,7.329069341443677
0.4,113253,su2,17,245.17816347077607,11,100000,0.99999,1e-05,0.99999,0.0,48.13269956681756,7.688280229419991
0.4,113253,su2,17,245.17816347077607,12,100000,1.0,0.0,1.0,0.0,52.49874220700267,8.030241783757308
0.4,113253,su2,18,312.33758370566323,1,100000,0.94036,0.05964,0.94036,0.0,4.403599697005295,2.309477918129528
0.4,113253,su2,18,312.33758370566323,2,100000,0.98389,0.01611,0.98389,0.0,8.788754220701637,3.264451607004156
0.4,113253,su2,18,312.33758370566323,3,100000,0.99096,0.00904,0.99096,0.0,13.157144810017746,4.003436921666234
0.4,113253,su2,18,312.33758370566323,4,100000,0.99652,0.00348,0.99652,0.0,17.549211087295802,4.624473757370799
0.4,113253,su2,18,312.33758370566323,5,100000,0.99884,0.00116,0.99884,0.0,21.913460151627493,5.1709146459011786
0.4,113253,su2,18,312.33758370566323,6,100000,0.99947,0.00053,0.99947,0.0,26.28502686905576,5.671359796141003
0.4,113253,su2,18,312.33758370566323,7,100000,0.99985,0.00015,0.99985,0.0,30.662890108377933,6.11808490728927
0.4,113253,su2,18,312.33758370566323,8,100000,0.9999,0.0001,0.9999,0.0,35.033661188207454,6.546775334425459
0.4,113253,su2,18,312.33758370566323,9,100000,0.99996,4e-05,0.99996,0.0,39.41404828622828,6.946974885647981
0.4,113253,su2,18,312.33758370566323,10,100000,0.99999,1e-05,0.99999,0.0,43.78516604049231,7.328205779580461
0.4,113253,su2,18,312.33758370566323,11,100000,1.0,0.0,1.0,0.0,48.16406667242757,7.691096297865568
0.4,113253,su2,18,312.33758370566323,12,100000,1.0,0.0,1.0,0.0,52.545317091384334,8.030170407257913
0.4,113253,su2,19,397.89337196303796,1,100000,0.94132,0.05868,0.94132,0.0,4.412242661372566,2.294822693081871
0.4,113253,su2,19,397.89337196303796,2,100000,0.98449,0.01551,0.98449,0.0,8.78456130786118,3.261284103930972
0.4,113253,su2,19,397.89337196303796,3,100000,0.99131,0.00869,0.99131,0.0,13.146733708575924,4.009140226128925
0.4,113253,su2,19,397.89337196303796,4,100000,0.99648,0.00352,0.99648,0.0,17.515092103753023,4.635962386568431
0.4,113253,su2,19,397.89337196303796,5,100000,0.99857,0.00143,0.99857,0.0,21.88120651686156,5.189760003186671
0.4,113253,su2,19,397.89337196303796,6,100000,0.99943,0.00057,0.99943,0.0,26.26092287699347,5.68161374829781
0.4,113253,su2,19,397.89337196303796,7,100000,0.99982,0.00018,0.99982,0.0,30.631239986056443,6.135534791095819
0.4,113253,su2,19,397.89337196303796,8,100000,0.99988,0.00012,0.99988,0.0,34.998365019513024,6.551377606802124
0.4,113253,su2,19,397.89337196303796,9,100000,0.99996,4e-05,0.99996,0.0,39.368925735262984,6.954558034502659
0.4,113253,su2,19,397.89337196303796,10,100000,0.99999,1e-05,0.99999,0.0,43.73340975765864,7.327687627680788
0.4,113253,su2,19,397.89337196303796,11,100000,1.0,0.0,1.0,0.0,48.110347520891104,7.677092771487742
0.4,113253,su2,19,397.89337196303796,12,100000,1.0,0.0,1.0,0.0,52.476426538393255,8.012440533655504
