mass_GeV,seed,truth_model,truth_lifetime_index,truth_ctau_m,number_of_events,number_of_pseudoexperiments,correct_fraction,selected_photon_fraction,selected_su2_fraction,tie_fraction,mean_profile_statistic_T,std_profile_statistic_T
0.9,73241,photon,0,9.000000000000002,1,100000,0.76197,0.76197,0.23803,0.0,-3.988383892945057,4.792451733288666
0.9,73241,photon,0,9.000000000000002,2,100000,0.85762,0.85762,0.14238,0.0,-7.953216213446234,6.781074852508552
0.9,73241,photon,0,9.000000000000002,3,100000,0.91654,0.91654,0.08346,0.0,-11.877281237798073,8.299439619388822
0.9,73241,photon,0,9.000000000000002,4,100000,0.94969,0.94969,0.05031,0.0,-15.799302017816077,9.582409981230787
0.9,73241,photon,0,9.000000000000002,5,100000,0.96758,0.96758,0.03242,0.0,-19.7288471947513,10.721947396893402
0.9,73241,photon,0,9.000000000000002,6,100000,0.97898,0.97898,0.02102,0.0,-23.671512289996137,11.742437277650039
0.9,73241,photon,0,9.000000000000002,7,100000,0.9869,0.9869,0.0131,0.0,-27.590090700525376,12.674142983911883
0.9,73241,photon,0,9.000000000000002,8,100000,0.99147,0.99147,0.00853,0.0,-31.517095486458707,13.540468478067753
0.9,73241,photon,0,9.000000000000002,9,100000,0.99419,0.99419,0.00581,0.0,-35.46717089709496,14.378896948004407
0.9,73241,photon,0,9.000000000000002,10,100000,0.99611,0.99611,0.00389,0.0,-39.415459980126464,15.1346232970069
0.9,73241,photon,0,9.000000000000002,11,100000,0.99754,0.99754,0.00246,0.0,-43.37430363930331,15.860541013832506
0.9,73241,photon,0,9.000000000000002,12,100000,0.9984,0.9984,0.0016,0.0,-47.32082863849431,16.57231372509702
0.9,73241,photon,1,9.359318126242535,1,100000,0.76168,0.76168,0.23832,0.0,-4.003102797797223,4.7958857179333005
0.9,73241,photon,1,9.359318126242535,2,100000,0.85942,0.85942,0.14058,0.0,-7.975344025822725,6.761112964589145
0.9,73241,photon,1,9.359318126242535,3,100000,0.91779,0.91779,0.08221,0.0,-11.936707336820536,8.285580455900774
0.9,73241,photon,1,9.359318126242535,4,100000,0.95069,0.95069,0.04931,0.0,-15.88206506664887,9.568414523956859
0.9,73241,photon,1,9.359318126242535,5,100000,0.96877,0.96877,0.03123,0.0,-19.82961069666002,10.705398736803877
0.9,73241,photon,1,9.359318126242535,6,100000,0.98006,0.98006,0.01994,0.0,-23.79368333108783,11.692638527521916
0.9,73241,photon,1,9.359318126242535,7,100000,0.98744,0.98744,0.01256,0.0,-27.76511683162341,12.644623496174898
0.9,73241,photon,1,9.359318126242535,8,100000,0.99184,0.99184,0.00816,0.0,-31.740565395439816,13.537905939034738
0.9,73241,photon,1,9.359318126242535,9,100000,0.99457,0.99457,0.00543,0.0,-35.722966672211264,14.364276622402736
0.9,73241,photon,1,9.359318126242535,10,100000,0.99657,0.99657,0.00343,0.0,-39.697472825893264,15.13914370405758
0.9,73241,photon,1,9.359318126242535,11,100000,0.99783,0.99783,0.00217,0.0,-43.68560430527755,15.891125224328855
0.9,73241,photon,1,9.359318126242535,12,100000,0.99857,0.99857,0.00143,0.0,-47.64223822297208,16.585408161860496
0.9,73241,photon,2,9.732981754245785,1,100000,0.76489,0.76489,0.23511,0.0,-4.04723374959633,4.786862115954566
0.9,73241,photon,2,9.732981754245785,2,100000,0.86103,0.86103,0.13897,0.0,-8.037573314898335,6.755464573911695
0.9,73241,photon,2,9.732981754245785,3,100000,0.92016,0.92016,0.07984,0.0,-12.019598796863347,8.263962742841839
0.9,73241,photon,2,9.732981754245785,4,100000,0.95129,0.95129,0.04871,0.0,-15.996627305532762,9.566347961136653
0.9,73241,photon,2,9.732981754245785,5,100000,0.96985,0.96985,0.03015,0.0,-20.004172257305665,10.695040830441881
0.9,73241,photon,2,9.732981754245785,6,100000,0.98102,0.98102,0.01898,0.0,-24.011826345223533,11.707930478102226
0.9,73241,photon,2,9.732981754245785,7,100000,0.98792,0.98792,0.01208,0.0,-28.01231674481322,12.626945149065765
0.9,73241,photon,2,9.732981754245785,8,100000,0.99258,0.99258,0.00742,0.0,-32.01088845431579,13.515357059418074
0.9,73241,photon,2,9.732981754245785,9,100000,0.99489,0.99489,0.00511,0.0,-35.99526167834797,14.329734083736653
0.9,73241,photon,2,9.732981754245785,10,100000,0.99676,0.99676,0.00324,0.0,-39.98013185400262,15.105598605558857
0.9,73241,photon,2,9.732981754245785,11,100000,0.99793,0.99793,0.00207,0.0,-43.95858028946003,15.858787990546151
0.9,73241,photon,2,9.732981754245785,12,100000,0.99864,0.99864,0.00136,0.0,-47.930137906661145,16.557418750641318
0.9,73241,photon,3,10.121563617211155,1,100000,0.76316,0.76316,0.23684,0.0,-4.021847146260126,4.790601532228238
0.9,73241,photon,3,10.121563617211155,2,100000,0.85998,0.85998,0.14002,0.0,-8.035399473537291,6.780680138716308
0.9,73241,photon,3,10.121563617211155,3,100000,0.91945,0.91945,0.08055,0.0,-12.032925295745063,8.2792694777372
0.9,73241,photon,3,10.121563617211155,4,100000,0.95306,0.95306,0.04694,0.0,-16.08049170741127,9.541994448978897
0.9,73241,photon,3,10.121563617211155,5,100000,0.97129,0.97129,0.02871,0.0,-20.106544543720247,10.67147308666266
0.9,73241,photon,3,10.121563617211155,6,100000,0.98198,0.98198,0.01802,0.0,-24.11342694172507,11.693723497354076
0.9,73241,photon,3,10.121563617211155,7,100000,0.98829,0.98829,0.01171,0.0,-28.118383938630867,12.62887650295588
0.9,73241,photon,3,10.121563617211155,8,100000,0.99242,0.99242,0.00758,0.0,-32.12328965776165,13.501566609420008
0.9,73241,photon,3,10.121563617211155,9,100000,0.99489,0.99489,0.00511,0.0,-36.12515349816714,14.309578995633194
0.9,73241,photon,3,10.121563617211155,10,100000,0.99689,0.99689,0.00311,0.0,-40.11726365896356,15.090249949337299
0.9,73241,photon,3,10.121563617211155,11,100000,0.9979,0.9979,0.0021,0.0,-44.14742414500751,15.842423654192611
0.9,73241,photon,3,10.121563617211155,12,100000,0.9986,0.9986,0.0014,0.0,-48.160517048880486,16.571002354693725
0.9,73241,photon,4,10.525659314275703,1,100000,0.76809,0.76809,0.23191,0.0,-4.068549620782866,4.780878680103266
0.9,73241,photon,4,10.525659314275703,2,100000,0.8615,0.8615,0.1385,0.0,-8.079840601162386,6.765737815414932
0.9,73241,photon,4,10.525659314275703,3,100000,0.91991,0.91991,0.08009,0.0,-12.110686654805825,8.289339356178644
0.9,73241,photon,4,10.525659314275703,4,100000,0.95235,0.95235,0.04765,0.0,-16.133791144256083,9.581042649982402
0.9,73241,photon,4,10.525659314275703,5,100000,0.97039,0.97039,0.02961,0.0,-20.158307422388322,10.673618331233035
0.9,73241,photon,4,10.525659314275703,6,100000,0.98175,0.98175,0.01825,0.0,-24.179434138862625,11.687721491251205
0.9,73241,photon,4,10.525659314275703,7,100000,0.98859,0.98859,0.01141,0.0,-28.211485424280912,12.634213870595474
0.9,73241,photon,4,10.525659314275703,8,100000,0.99254,0.99254,0.00746,0.0,-32.243560203114235,13.485933822298476
0.9,73241,photon,4,10.525659314275703,9,100000,0.99543,0.99543,0.00457,0.0,-36.25144969939122,14.312108192084334
0.9,73241,photon,4,10.525659314275703,10,100000,0.99718,0.99718,0.00282,0.0,-40.26689552817946,15.092992628170744
0.9,73241,photon,4,10.525659314275703,11,100000,0.99797,0.99797,0.00203,0.0,-44.32038159795456,15.813848952995572
0.9,73241,photon,4,10.525659314275703,12,100000,0.99869,0.99869,0.00131,0.0,-48.357861988248274,16.535194645468202
0.9,73241,photon,5,10.945888223417125,1,100000,0.76754,0.76754,0.23246,0.0,-4.080788670187466,4.787360195118061
0.9,73241,photon,5,10.945888223417125,2,100000,0.86112,0.86112,0.13888,0.0,-8.117072893635521,6.774993615833799
0.9,73241,photon,5,10.945888223417125,3,100000,0.92129,0.92129,0.07871,0.0,-12.19056868181218,8.306193808885116
0.9,73241,photon,5,10.945888223417125,4,100000,0.95399,0.95399,0.04601,0.0,-16.23237145506993,9.570999551514067
0.9,73241,photon,5,10.945888223417125,5,100000,0.97173,0.97173,0.02827,0.0,-20.289945490167987,10.69088271616046
0.9,73241,photon,5,10.945888223417125,6,100000,0.98257,0.98257,0.01743,0.0,-24.337298648668252,11.684716428867313
0.9,73241,photon,5,10.945888223417125,7,100000,0.9885,0.9885,0.0115,0.0,-28.381657416296843,12.633451315175236
0.9,73241,photon,5,10.945888223417125,8,100000,0.99243,0.99243,0.00757,0.0,-32.40714448324411,13.536469646074664
0.9,73241,photon,5,10.945888223417125,9,100000,0.99498,0.99498,0.00502,0.0,-36.46026079645861,14.347595749218632
0.9,73241,photon,5,10.945888223417125,10,100000,0.99673,0.99673,0.00327,0.0,-40.487891433596246,15.126187790877035
0.9,73241,photon,5,10.945888223417125,11,100000,0.99779,0.99779,0.00221,0.0,-44.525144880349735,15.858943240768555
0.9,73241,photon,5,10.945888223417125,12,100000,0.9987,0.9987,0.0013,0.0,-48.5547568589405,16.545429362213465
0.9,73241,photon,6,11.382894450805844,1,100000,0.76866,0.76866,0.23134,0.0,-4.111492909079681,4.789483627168577
0.9,73241,photon,6,11.382894450805844,2,100000,0.86309,0.86309,0.13691,0.0,-8.156323979886642,6.758169037455927
0.9,73241,photon,6,11.382894450805844,3,100000,0.92307,0.92307,0.07693,0.0,-12.245409966595274,8.269883369568545
0.9,73241,photon,6,11.382894450805844,4,100000,0.95481,0.95481,0.04519,0.0,-16.299827271727995,9.547372354850639
0.9,73241,photon,6,11.382894450805844,5,100000,0.97222,0.97222,0.02778,0.0,-20.362154177680253,10.66976506568145
0.9,73241,photon,6,11.382894450805844,6,100000,0.98253,0.98253,0.01747,0.0,-24.449735058910203,11.718561679537986
0.9,73241,photon,6,11.382894450805844,7,100000,0.98902,0.98902,0.01098,0.0,-28.510996209809534,12.663103637146223
0.9,73241,photon,6,11.382894450805844,8,100000,0.99298,0.99298,0.00702,0.0,-32.56938892675151,13.51087637035202
0.9,73241,photon,6,11.382894450805844,9,100000,0.99555,0.99555,0.00445,0.0,-36.64643296760072,14.338529773697223
0.9,73241,photon,6,11.382894450805844,10,100000,0.99718,0.99718,0.00282,0.0,-40.710038319981585,15.120309267861312
0.9,73241,photon,6,11.382894450805844,11,100000,0.99807,0.99807,0.00193,0.0,-44.781300701249606,15.848098064419172
0.9,73241,photon,6,11.382894450805844,12,100000,0.99875,0.99875,0.00125,0.0,-48.8549044323945,16.58249185007172
0.9,73241,photon,7,11.837347818059184,1,100000,0.7688,0.7688,0.2312,0.0,-4.1227888695035535,4.793803229801835
0.9,73241,photon,7,11.837347818059184,2,100000,0.86496,0.86496,0.13504,0.0,-8.194814361974993,6.771384943961377
0.9,73241,photon,7,11.837347818059184,3,100000,0.92407,0.92407,0.07593,0.0,-12.30023986710698,8.257443076092681
0.9,73241,photon,7,11.837347818059184,4,100000,0.95513,0.95513,0.04487,0.0,-16.36491237291723,9.55185136538828
0.9,73241,photon,7,11.837347818059184,5,100000,0.97284,0.97284,0.02716,0.0,-20.48350139839618,10.677219373802115
0.9,73241,photon,7,11.837347818059184,6,100000,0.98312,0.98312,0.01688,0.0,-24.57755371554145,11.677926432708496
0.9,73241,photon,7,11.837347818059184,7,100000,0.98959,0.98959,0.01041,0.0,-28.650295571318093,12.613913346129177
0.9,73241,photon,7,11.837347818059184,8,100000,0.99346,0.99346,0.00654,0.0,-32.76021966150914,13.475664694196594
0.9,73241,photon,7,11.837347818059184,9,100000,0.99581,0.99581,0.00419,0.0,-36.87243591586644,14.296616908266033
0.9,73241,photon,7,11.837347818059184,10,100000,0.99726,0.99726,0.00274,0.0,-40.96774357940122,15.090472793590605
0.9,73241,photon,7,11.837347818059184,11,100000,0.99814,0.99814,0.00186,0.0,-45.063434403833355,15.817371331922729
0.9,73241,photon,7,11.837347818059184,12,100000,0.99885,0.99885,0.00115,0.0,-49.1517712628179,16.527705081973807
0.9,73241,photon,8,12.309944888910984,1,100000,0.77281,0.77281,0.22719,0.0,-4.144111653547937,4.782276713633813
0.9,73241,photon,8,12.309944888910984,2,100000,0.86663,0.86663,0.13337,0.0,-8.23414535904188,6.764333284706807
0.9,73241,photon,8,12.309944888910984,3,100000,0.924,0.924,0.076,0.0,-12.35007357115923,8.290901497032468
0.9,73241,photon,8,12.309944888910984,4,100000,0.95544,0.95544,0.04456,0.0,-16.476847891109657,9.569419314099756
0.9,73241,photon,8,12.309944888910984,5,100000,0.97255,0.97255,0.02745,0.0,-20.592881858012298,10.696202269896682
0.9,73241,photon,8,12.309944888910984,6,100000,0.98315,0.98315,0.01685,0.0,-24.701515341863136,11.724502752742023
0.9,73241,photon,8,12.309944888910984,7,100000,0.9891,0.9891,0.0109,0.0,-28.782910548796448,12.669666164276167
0.9,73241,photon,8,12.309944888910984,8,100000,0.99324,0.99324,0.00676,0.0,-32.88658621202764,13.55173031889701
0.9,73241,photon,8,12.309944888910984,9,100000,0.99568,0.99568,0.00432,0.0,-36.99391264507835,14.374578936682807
0.9,73241,photon,8,12.309944888910984,10,100000,0.99724,0.99724,0.00276,0.0,-41.093182634442265,15.159374412575648
0.9,73241,photon,8,12.309944888910984,11,100000,0.99804,0.99804,0.00196,0.0,-45.18856931526634,15.884556097817608
0.9,73241,photon,8,12.309944888910984,12,100000,0.99876,0.99876,0.00124,0.0,-49.30909120133457,16.58776813064671
0.9,73241,photon,9,12.801410036870129,1,100000,0.77435,0.77435,0.22565,0.0,-4.163476240466797,4.782040014919267
0.9,73241,photon,9,12.801410036870129,2,100000,0.86867,0.86867,0.13133,0.0,-8.287245325313055,6.754361709458881
0.9,73241,photon,9,12.801410036870129,3,100000,0.92536,0.92536,0.07464,0.0,-12.403172978666547,8.27869450895722
0.9,73241,photon,9,12.801410036870129,4,100000,0.95723,0.95723,0.04277,0.0,-16.546499698853374,9.55340108129898
0.9,73241,photon,9,12.801410036870129,5,100000,0.97415,0.97415,0.02585,0.0,-20.66417065116579,10.697121008361687
0.9,73241,photon,9,12.801410036870129,6,100000,0.98403,0.98403,0.01597,0.0,-24.767931422163528,11.683801385935398
0.9,73241,photon,9,12.801410036870129,7,100000,0.98954,0.98954,0.01046,0.0,-28.86581908281994,12.638707598971347
0.9,73241,photon,9,12.801410036870129,8,100000,0.99339,0.99339,0.00661,0.0,-32.985399345725014,13.490568323216571
0.9,73241,photon,9,12.801410036870129,9,100000,0.99584,0.99584,0.00416,0.0,-37.10854602847969,14.294145623391154
0.9,73241,photon,9,12.801410036870129,10,100000,0.99747,0.99747,0.00253,0.0,-41.21481357211119,15.054672091651698
0.9,73241,photon,9,12.801410036870129,11,100000,0.9984,0.9984,0.0016,0.0,-45.33792460072046,15.801555931017637
0.9,73241,photon,9,12.801410036870129,12,100000,0.99903,0.99903,0.00097,0.0,-49.450430795763275,16.489648676329086
0.9,73241,photon,10,13.312496555504637,1,100000,0.77375,0.77375,0.22625,0.0,-4.180886261066762,4.788116211672707
0.9,73241,photon,10,13.312496555504637,2,100000,0.8697,0.8697,0.1303,0.0,-8.325026082459248,6.756952610750876
0.9,73241,photon,10,13.312496555504637,3,100000,0.92741,0.92741,0.07259,0.0,-12.471038305325958,8.270619527072142
0.9,73241,photon,10,13.312496555504637,4,100000,0.9582,0.9582,0.0418,0.0,-16.619388566081263,9.539363788053823
0.9,73241,photon,10,13.312496555504637,5,100000,0.97479,0.97479,0.02521,0.0,-20.7796280827031,10.658694895982958
0.9,73241,photon,10,13.312496555504637,6,100000,0.98387,0.98387,0.01613,0.0,-24.930960072359447,11.699574616739145
0.9,73241,photon,10,13.312496555504637,7,100000,0.9901,0.9901,0.0099,0.0,-29.06937481901902,12.65620622830449
0.9,73241,photon,10,13.312496555504637,8,100000,0.99376,0.99376,0.00624,0.0,-33.22562899401813,13.523100549964735
0.9,73241,photon,10,13.312496555504637,9,100000,0.99593,0.99593,0.00407,0.0,-37.35825404370374,14.348922433760585
0.9,73241,photon,10,13.312496555504637,10,100000,0.99753,0.99753,0.00247,0.0,-41.49490423969998,15.120026346546858
0.9,73241,photon,10,13.312496555504637,11,100000,0.9984,0.9984,0.0016,0.0,-45.62677429654744,15.859728233399979
0.9,73241,photon,10,13.312496555504637,12,100000,0.99888,0.99888,0.00112,0.0,-49.785195695300224,16.586089028866752
0.9,73241,photon,11,13.843987813052868,1,100000,0.77496,0.77496,0.22504,0.0,-4.196561733631991,4.7768220697577055
0.9,73241,photon,11,13.843987813052868,2,100000,0.87016,0.87016,0.12984,0.0,-8.34977650456687,6.751835518088759
0.9,73241,photon,11,13.843987813052868,3,100000,0.92698,0.92698,0.07302,0.0,-12.502752498445917,8.277827121409931
0.9,73241,photon,11,13.843987813052868,4,100000,0.95707,0.95707,0.04293,0.0,-16.670181880785517,9.574416058564418
0.9,73241,photon,11,13.843987813052868,5,100000,0.97386,0.97386,0.02614,0.0,-20.83625906216734,10.716231867635454
0.9,73241,photon,11,13.843987813052868,6,100000,0.98381,0.98381,0.01619,0.0,-24.997747858745676,11.719021314866595
0.9,73241,photon,11,13.843987813052868,7,100000,0.98982,0.98982,0.01018,0.0,-29.15314670327581,12.663529958497302
0.9,73241,photon,11,13.843987813052868,8,100000,0.99383,0.99383,0.00617,0.0,-33.30378430379934,13.546463489699654
0.9,73241,photon,11,13.843987813052868,9,100000,0.99613,0.99613,0.00387,0.0,-37.474647018886486,14.360681244745157
0.9,73241,photon,11,13.843987813052868,10,100000,0.99758,0.99758,0.00242,0.0,-41.61417483130033,15.130910131072032
0.9,73241,photon,11,13.843987813052868,11,100000,0.99845,0.99845,0.00155,0.0,-45.75439742018131,15.854988621330854
0.9,73241,photon,11,13.843987813052868,12,100000,0.99908,0.99908,0.00092,0.0,-49.90105952191554,16.563881198244168
0.9,73241,photon,12,14.39669845313183,1,100000,0.77523,0.77523,0.22477,0.0,-4.215267824825708,4.777625997431289
0.9,73241,photon,12,14.39669845313183,2,100000,0.87168,0.87168,0.12832,0.0,-8.402094917446597,6.743444838535956
0.9,73241,photon,12,14.39669845313183,3,100000,0.92907,0.92907,0.07093,0.0,-12.55752288664639,8.261012668380785
0.9,73241,photon,12,14.39669845313183,4,100000,0.95983,0.95983,0.04017,0.0,-16.746738287837037,9.52905898159164
0.9,73241,photon,12,14.39669845313183,5,100000,0.97502,0.97502,0.02498,0.0,-20.9020275769146,10.664455727748637
0.9,73241,photon,12,14.39669845313183,6,100000,0.98515,0.98515,0.01485,0.0,-25.084593518802826,11.66866034320619
0.9,73241,photon,12,14.39669845313183,7,100000,0.99085,0.99085,0.00915,0.0,-29.264067234160933,12.592213321349712
0.9,73241,photon,12,14.39669845313183,8,100000,0.99407,0.99407,0.00593,0.0,-33.46370150439902,13.466967342754264
0.9,73241,photon,12,14.39669845313183,9,100000,0.99633,0.99633,0.00367,0.0,-37.66988419062884,14.306559139089073
0.9,73241,photon,12,14.39669845313183,10,100000,0.99755,0.99755,0.00245,0.0,-41.83854944060562,15.092941602398652
0.9,73241,photon,12,14.39669845313183,11,100000,0.99837,0.99837,0.00163,0.0,-46.01478486615146,15.826936157331419
0.9,73241,photon,12,14.39669845313183,12,100000,0.99887,0.99887,0.00113,0.0,-50.20729957186708,16.542557375022458
0.9,73241,photon,13,14.971475643382725,1,100000,0.77413,0.77413,0.22587,0.0,-4.1991760334251005,4.790817254164494
0.9,73241,photon,13,14.971475643382725,2,100000,0.87249,0.87249,0.12751,0.0,-8.407319163593403,6.744426922516506
0.9,73241,photon,13,14.971475643382725,3,100000,0.92951,0.92951,0.07049,0.0,-12.61510660208709,8.254532565268454
0.9,73241,photon,13,14.971475643382725,4,100000,0.95967,0.95967,0.04033,0.0,-16.812653817894965,9.517926673855577
0.9,73241,photon,13,14.971475643382725,5,100000,0.9759,0.9759,0.0241,0.0,-21.03228816011468,10.648436736711737
0.9,73241,photon,13,14.971475643382725,6,100000,0.98483,0.98483,0.01517,0.0,-25.183520011139358,11.640751991227207
0.9,73241,photon,13,14.971475643382725,7,100000,0.99069,0.99069,0.00931,0.0,-29.37643754949375,12.565730663453888
0.9,73241,photon,13,14.971475643382725,8,100000,0.99403,0.99403,0.00597,0.0,-33.56197382949106,13.44417611430746
0.9,73241,photon,13,14.971475643382725,9,100000,0.99622,0.99622,0.00378,0.0,-37.73518991059452,14.275089175469427
0.9,73241,photon,13,14.971475643382725,10,100000,0.99764,0.99764,0.00236,0.0,-41.926397820520826,15.075096875785954
0.9,73241,photon,13,14.971475643382725,11,100000,0.99837,0.99837,0.00163,0.0,-46.09537338881647,15.828036038217661
0.9,73241,photon,13,14.971475643382725,12,100000,0.99885,0.99885,0.00115,0.0,-50.28219200721463,16.521027464650057
0.9,73241,photon,14,15.569200373967842,1,100000,0.77731,0.77731,0.22269,0.0,-4.240257077135379,4.782842573441686
0.9,73241,photon,14,15.569200373967842,2,100000,0.87353,0.87353,0.12647,0.0,-8.471274328164299,6.738459507810338
0.9,73241,photon,14,15.569200373967842,3,100000,0.93043,0.93043,0.06957,0.0,-12.675237717578064,8.250123378668828
0.9,73241,photon,14,15.569200373967842,4,100000,0.96017,0.96017,0.03983,0.0,-16.88105041518132,9.549301204136325
0.9,73241,photon,14,15.569200373967842,5,100000,0.97631,0.97631,0.02369,0.0,-21.094058065263596,10.649747368027532
0.9,73241,photon,14,15.569200373967842,6,100000,0.98546,0.98546,0.01454,0.0,-25.288519073424364,11.686321242016803
0.9,73241,photon,14,15.569200373967842,7,100000,0.99076,0.99076,0.00924,0.0,-29.48233285285432,12.625776530388263
0.9,73241,photon,14,15.569200373967842,8,100000,0.99432,0.99432,0.00568,0.0,-33.664711579632254,13.520039256114575
0.9,73241,photon,14,15.569200373967842,9,100000,0.99617,0.99617,0.00383,0.0,-37.81777841017854,14.350178229146257
0.9,73241,photon,14,15.569200373967842,10,100000,0.99776,0.99776,0.00224,0.0,-41.99647676016707,15.136827129589866
0.9,73241,photon,14,15.569200373967842,11,100000,0.99866,0.99866,0.00134,0.0,-46.192660349581466,15.85845457013697
0.9,73241,photon,14,15.569200373967842,12,100000,0.99908,0.99908,0.00092,0.0,-50.38634895242626,16.573872147354326
0.9,73241,photon,15,16.190788807908802,1,100000,0.77695,0.77695,0.22305,0.0,-4.245275357994887,4.793951582660705
0.9,73241,photon,15,16.190788807908802,2,100000,0.87478,0.87478,0.12522,0.0,-8.503695355702472,6.748412002429778
0.9,73241,photon,15,16.190788807908802,3,100000,0.93082,0.93082,0.06918,0.0,-12.712272427050483,8.260928051131257
0.9,73241,photon,15,16.190788807908802,4,100000,0.95938,0.95938,0.04062,0.0,-16.922363370888625,9.553039558898487
0.9,73241,photon,15,16.190788807908802,5,100000,0.97594,0.97594,0.02406,0.0,-21.12751137543252,10.693040480989945
0.9,73241,photon,15,16.190788807908802,6,100000,0.98539,0.98539,0.01461,0.0,-25.35184549285559,11.723345179630236
0.9,73241,photon,15,16.190788807908802,7,100000,0.99137,0.99137,0.00863,0.0,-29.59675812744656,12.652018309505598
0.9,73241,photon,15,16.190788807908802,8,100000,0.99459,0.99459,0.00541,0.0,-33.827119986454335,13.523788712824208
0.9,73241,photon,15,16.190788807908802,9,100000,0.99659,0.99659,0.00341,0.0,-38.039471179677996,14.369015974451306
0.9,73241,photon,15,16.190788807908802,10,100000,0.99773,0.99773,0.00227,0.0,-42.26473387163051,15.143574889669253
0.9,73241,photon,15,16.190788807908802,11,100000,0.99852,0.99852,0.00148,0.0,-46.455816382121874,15.877366470078236
0.9,73241,photon,15,16.190788807908802,12,100000,0.99919,0.99919,0.00081,0.0,-50.665949105886675,16.59654718534728
0.9,73241,photon,16,16.83719368533617,1,100000,0.77649,0.77649,0.22351,0.0,-4.249097310625429,4.7848679629056
0.9,73241,photon,16,16.83719368533617,2,100000,0.87481,0.87481,0.12519,0.0,-8.497868606153816,6.749441541106181
0.9,73241,photon,16,16.83719368533617,3,100000,0.93078,0.93078,0.06922,0.0,-12.733194120368879,8.260949003822953
0.9,73241,photon,16,16.83719368533617,4,100000,0.96039,0.96039,0.03961,0.0,-16.959165267763442,9.561693125391692
0.9,73241,photon,16,16.83719368533617,5,100000,0.97624,0.97624,0.02376,0.0,-21.19292729410505,10.696348081670392
0.9,73241,photon,16,16.83719368533617,6,100000,0.98561,0.98561,0.01439,0.0,-25.409883099865088,11.716743555868064
0.9,73241,photon,16,16.83719368533617,7,100000,0.99129,0.99129,0.00871,0.0,-29.649149603596648,12.64743482675573
0.9,73241,photon,16,16.83719368533617,8,100000,0.9943,0.9943,0.0057,0.0,-33.879162184550374,13.5230549144577
0.9,73241,photon,16,16.83719368533617,9,100000,0.99652,0.99652,0.00348,0.0,-38.09739885942784,14.323424488954883
0.9,73241,photon,16,16.83719368533617,10,100000,0.99787,0.99787,0.00213,0.0,-42.335478914548226,15.093368581266445
0.9,73241,photon,16,16.83719368533617,11,100000,0.99845,0.99845,0.00155,0.0,-46.55286969492806,15.832961063864273
0.9,73241,photon,16,16.83719368533617,12,100000,0.99907,0.99907,0.00093,0.0,-50.77095071878889,16.525130288281034
0.9,73241,photon,17,17.509405783802578,1,100000,0.77949,0.77949,0.22051,0.0,-4.266560306177542,4.778675487378811
0.9,73241,photon,17,17.509405783802578,2,100000,0.87384,0.87384,0.12616,0.0,-8.511502228072876,6.7748391017848855
0.9,73241,photon,17,17.509405783802578,3,100000,0.93184,0.93184,0.06816,0.0,-12.79187618614788,8.266839050324357
0.9,73241,photon,17,17.509405783802578,4,100000,0.96184,0.96184,0.03816,0.0,-17.059738008219366,9.539939280787696
0.9,73241,photon,17,17.509405783802578,5,100000,0.97724,0.97724,0.02276,0.0,-21.300858168411487,10.66007087589183
0.9,73241,photon,17,17.509405783802578,6,100000,0.98587,0.98587,0.01413,0.0,-25.549579615189298,11.687635808813368
0.9,73241,photon,17,17.509405783802578,7,100000,0.99145,0.99145,0.00855,0.0,-29.803102414247853,12.633993369773581
0.9,73241,photon,17,17.509405783802578,8,100000,0.99488,0.99488,0.00512,0.0,-34.03465075446597,13.507760836819847
0.9,73241,photon,17,17.509405783802578,9,100000,0.99689,0.99689,0.00311,0.0,-38.28865370523982,14.345171355011876
0.9,73241,photon,17,17.509405783802578,10,100000,0.99796,0.99796,0.00204,0.0,-42.52312339822655,15.10743667283513
0.9,73241,photon,17,17.509405783802578,11,100000,0.99876,0.99876,0.00124,0.0,-46.756800204938266,15.873852781534564
0.9,73241,photon,17,17.509405783802578,12,100000,0.99914,0.99914,0.00086,0.0,-51.0026632594555,16.568244594283748
0.9,73241,photon,18,18.208455436897705,1,100000,0.77981,0.77981,0.22019,0.0,-4.269210048013853,4.783392208775028
0.9,73241,photon,18,18.208455436897705,2,100000,0.87449,0.87449,0.12551,0.0,-8.525920673606326,6.767220945197698
0.9,73241,photon,18,18.208455436897705,3,100000,0.93056,0.93056,0.06944,0.0,-12.797130569547914,8.293677061765457
0.9,73241,photon,18,18.208455436897705,4,100000,0.96033,0.96033,0.03967,0.0,-17.039760288952966,9.585769392464279
0.9,73241,photon,18,18.208455436897705,5,100000,0.9759,0.9759,0.0241,0.0,-21.322717028506016,10.710890545338566
0.9,73241,photon,18,18.208455436897705,6,100000,0.98564,0.98564,0.01436,0.0,-25.58276260815381,11.733288088447642
0.9,73241,photon,18,18.208455436897705,7,100000,0.99139,0.99139,0.00861,0.0,-29.8433680356678,12.661398376866172
0.9,73241,photon,18,18.208455436897705,8,100000,0.99434,0.99434,0.00566,0.0,-34.08791047112637,13.559314822965712
0.9,73241,photon,18,18.208455436897705,9,100000,0.99647,0.99647,0.00353,0.0,-38.33110144356981,14.382425583516847
0.9,73241,photon,18,18.208455436897705,10,100000,0.99783,0.99783,0.00217,0.0,-42.60226558553997,15.179943040421774
0.9,73241,photon,18,18.208455436897705,11,100000,0.99863,0.99863,0.00137,0.0,-46.8635698708566,15.93686138470605
0.9,73241,photon,18,18.208455436897705,12,100000,0.99924,0.99924,0.00076,0.0,-51.09492059446415,16.609783178344447
0.9,73241,photon,19,18.935414113492897,1,100000,0.78005,0.78005,0.21995,0.0,-4.302479668975387,4.781281529781964
0.9,73241,photon,19,18.935414113492897,2,100000,0.87591,0.87591,0.12409,0.0,-8.569645956560953,6.755995992156351
0.9,73241,photon,19,18.935414113492897,3,100000,0.93244,0.93244,0.06756,0.0,-12.85902792895939,8.270271467910703
0.9,73241,photon,19,18.935414113492897,4,100000,0.96174,0.96174,0.03826,0.0,-17.130448101426655,9.532616468846541
0.9,73241,photon,19,18.935414113492897,5,100000,0.97701,0.97701,0.02299,0.0,-21.406395494029425,10.66671732645925
0.9,73241,photon,19,18.935414113492897,6,100000,0.98595,0.98595,0.01405,0.0,-25.68521366278521,11.70954233360656
0.9,73241,photon,19,18.935414113492897,7,100000,0.99179,0.99179,0.00821,0.0,-29.93589805049203,12.625690097045014
0.9,73241,photon,19,18.935414113492897,8,100000,0.9947,0.9947,0.0053,0.0,-34.20488857393915,13.499371199723768
0.9,73241,photon,19,18.935414113492897,9,100000,0.99683,0.99683,0.00317,0.0,-38.47455887570671,14.315091734736296
0.9,73241,photon,19,18.935414113492897,10,100000,0.99802,0.99802,0.00198,0.0,-42.75784846666562,15.085053233369605
0.9,73241,photon,19,18.935414113492897,11,100000,0.99874,0.99874,0.00126,0.0,-47.01381650402436,15.817032860554527
0.9,73241,photon,19,18.935414113492897,12,100000,0.99923,0.99923,0.00077,0.0,-51.26258928100832,16.52365708206907
0.9,73241,su2,0,9.000000000000002,1,100000,0.85058,0.14942,0.85058,0.0,2.214170787221386,1.8622942935453648
0.9,73241,su2,0,9.000000000000002,2,100000,0.93365,0.06635,0.93365,0.0,4.429412814089179,2.6292805511635176
0.9,73241,su2,0,9.000000000000002,3,100000,0.96242,0.03758,0.96242,0.0,6.636771132784982,3.213858118005062
0.9,73241,su2,0,9.000000000000002,4,100000,0.97662,0.02338,0.97662,0.0,8.837560853088531,3.7239737736065885
0.9,73241,su2,0,9.000000000000002,5,100000,0.98559,0.01441,0.98559,0.0,11.033191247759612,4.156756861843096
0.9,73241,su2,0,9.000000000000002,6,100000,0.99131,0.00869,0.99131,0.0,13.242909905141211,4.563522315018983
0.9,73241,su2,0,9.000000000000002,7,100000,0.99442,0.00558,0.99442,0.0,15.437231407797205,4.942089026378925
0.9,73241,su2,0,9.000000000000002,8,100000,0.99679,0.00321,0.99679,0.0,17.62379423553039,5.2827043505182525
0.9,73241,su2,0,9.000000000000002,9,100000,0.99808,0.00192,0.99808,0.0,19.821480480014742,5.606732381348284
0.9,73241,su2,0,9.000000000000002,10,100000,0.99874,0.00126,0.99874,0.0,22.005327284016218,5.911473528334544
0.9,73241,su2,0,9.000000000000002,11,100000,0.99916,0.00084,0.99916,0.0,24.202560417304007,6.191410982886301
0.9,73241,su2,0,9.000000000000002,12,100000,0.99951,0.00049,0.99951,0.0,26.39676092073352,6.477374645394504
0.9,73241,su2,1,10.478624812597394,1,100000,0.84858,0.15142,0.84858,0.0,2.20067944524111,1.8854023136002687
0.9,73241,su2,1,10.478624812597394,2,100000,0.93096,0.06904,0.93096,0.0,4.394917790477304,2.6578066958847426
0.9,73241,su2,1,10.478624812597394,3,100000,0.95951,0.04049,0.95951,0.0,6.578625047454704,3.2625918114955317
0.9,73241,su2,1,10.478624812597394,4,100000,0.97428,0.02572,0.97428,0.0,8.766831569176984,3.775466379048063
0.9,73241,su2,1,10.478624812597394,5,100000,0.98383,0.01617,0.98383,0.0,10.97189469122519,4.219263469983415
0.9,73241,su2,1,10.478624812597394,6,100000,0.98991,0.01009,0.98991,0.0,13.16023872917193,4.618353497796427
0.9,73241,su2,1,10.478624812597394,7,100000,0.99337,0.00663,0.99337,0.0,15.34942917609932,4.997136684762528
0.9,73241,su2,1,10.478624812597394,8,100000,0.99618,0.00382,0.99618,0.0,17.54421820508013,5.3270017552107305
0.9,73241,su2,1,10.478624812597394,9,100000,0.99758,0.00242,0.99758,0.0,19.731650882234472,5.655645963134107
0.9,73241,su2,1,10.478624812597394,10,100000,0.99853,0.00147,0.99853,0.0,21.91794853674627,5.970822034581334
0.9,73241,su2,1,10.478624812597394,11,100000,0.99899,0.00101,0.99899,0.0,24.102688856621455,6.269795952171031
0.9,73241,su2,1,10.478624812597394,12,100000,0.99938,0.00062,0.99938,0.0,26.28263401398175,6.547887677439632
0.9,73241,su2,2,12.200175329242407,1,100000,0.84646,0.15354,0.84646,0.0,2.1862290671469684,1.9042827084122926
0.9,73241,su2,2,12.200175329242407,2,100000,0.92841,0.07159,0.92841,0.0,4.36751739054398,2.688409473226989
0.9,73241,su2,2,12.200175329242407,3,100000,0.95744,0.04256,0.95744,0.0,6.54042959322847,3.30165828688981
0.9,73241,su2,2,12.200175329242407,4,100000,0.97249,0.02751,0.97249,0.0,8.69833795733114,3.8160072034819907
0.9,73241,su2,2,12.200175329242407,5,100000,0.98266,0.01734,0.98266,0.0,10.8640368238367,4.268233234228071
0.9,73241,su2,2,12.200175329242407,6,100000,0.98961,0.01039,0.98961,0.0,13.032578825621291,4.666577396201619
0.9,73241,su2,2,12.200175329242407,7,100000,0.99302,0.00698,0.99302,0.0,15.192533939019372,5.053641580774485
0.9,73241,su2,2,12.200175329242407,8,100000,0.99534,0.00466,0.99534,0.0,17.36416310420272,5.397184820344143
0.9,73241,su2,2,12.200175329242407,9,100000,0.99714,0.00286,0.99714,0.0,19.53064058998796,5.716673532003052
0.9,73241,su2,2,12.200175329242407,10,100000,0.99821,0.00179,0.99821,0.0,21.701789762093377,6.021777970293914
0.9,73241,su2,2,12.200175329242407,11,100000,0.99894,0.00106,0.99894,0.0,23.88177060982727,6.312306385827692
0.9,73241,su2,2,12.200175329242407,12,100000,0.99932,0.00068,0.99932,0.0,26.060579521940905,6.584266157499428
0.9,73241,su2,3,14.204562213670894,1,100000,0.84728,0.15272,0.84728,0.0,2.185582184825012,1.913159523364685
0.9,73241,su2,3,14.204562213670894,2,100000,0.92843,0.07157,0.92843,0.0,4.370908998178746,2.683248792320877
0.9,73241,su2,3,14.204562213670894,3,100000,0.95869,0.04131,0.95869,0.0,6.544726315918052,3.286139950644004
0.9,73241,su2,3,14.204562213670894,4,100000,0.97311,0.02689,0.97311,0.0,8.71855325594899,3.801007834082919
0.9,73241,su2,3,14.204562213670894,5,100000,0.98308,0.01692,0.98308,0.0,10.881347918446103,4.259383102091108
0.9,73241,su2,3,14.204562213670894,6,100000,0.98937,0.01063,0.98937,0.0,13.051060289548955,4.660510700902484
0.9,73241,su2,3,14.204562213670894,7,100000,0.99332,0.00668,0.99332,0.0,15.212196292633351,5.046634672634168
0.9,73241,su2,3,14.204562213670894,8,100000,0.99555,0.00445,0.99555,0.0,17.36190171374538,5.392678761138392
0.9,73241,su2,3,14.204562213670894,9,100000,0.99714,0.00286,0.99714,0.0,19.529676838103445,5.71520199039139
0.9,73241,su2,3,14.204562213670894,10,100000,0.99797,0.00203,0.99797,0.0,21.688292014350473,6.026527164965108
0.9,73241,su2,3,14.204562213670894,11,100000,0.99858,0.00142,0.99858,0.0,23.85158022158211,6.326239460131785
0.9,73241,su2,3,14.204562213670894,12,100000,0.99909,0.00091,0.99909,0.0,26.01646530956768,6.617068514148056
0.9,73241,su2,4,16.538253118250562,1,100000,0.84497,0.15503,0.84497,0.0,2.179745994924954,1.9056953279751256
0.9,73241,su2,4,16.538253118250562,2,100000,0.92711,0.07289,0.92711,0.0,4.3434371631784385,2.6990587079105417
0.9,73241,su2,4,16.538253118250562,3,100000,0.95771,0.04229,0.95771,0.0,6.511401221904162,3.3002917036939725
0.9,73241,su2,4,16.538253118250562,4,100000,0.97297,0.02703,0.97297,0.0,8.678649246638157,3.80653849435761
0.9,73241,su2,4,16.538253118250562,5,100000,0.98299,0.01701,0.98299,0.0,10.835003337558145,4.2505174811889646
0.9,73241,su2,4,16.538253118250562,6,100000,0.98893,0.01107,0.98893,0.0,12.996368305531817,4.667218670034519
0.9,73241,su2,4,16.538253118250562,7,100000,0.99288,0.00712,0.99288,0.0,15.149728989469134,5.050243418730677
0.9,73241,su2,4,16.538253118250562,8,100000,0.99554,0.00446,0.99554,0.0,17.303794122647,5.406972845645652
0.9,73241,su2,4,16.538253118250562,9,100000,0.9972,0.0028,0.9972,0.0,19.4664181084997,5.73957684783611
0.9,73241,su2,4,16.538253118250562,10,100000,0.99818,0.00182,0.99818,0.0,21.62352070958402,6.051651597581162
0.9,73241,su2,4,16.538253118250562,11,100000,0.9987,0.0013,0.9987,0.0,23.783827245588334,6.340325302252698
0.9,73241,su2,4,16.538253118250562,12,100000,0.99916,0.00084,0.99916,0.0,25.935711687409643,6.6197185864766235
0.9,73241,su2,5,19.255349942435167,1,100000,0.84342,0.15658,0.84342,0.0,2.1719018991564627,1.919620853955831
0.9,73241,su2,5,19.255349942435167,2,100000,0.92739,0.07261,0.92739,0.0,4.337756503491103,2.7050144669976133
0.9,73241,su2,5,19.255349942435167,3,100000,0.95618,0.04382,0.95618,0.0,6.492251431402896,3.3209564888315892
0.9,73241,su2,5,19.255349942435167,4,100000,0.97181,0.02819,0.97181,0.0,8.66225638190923,3.828047958274936
0.9,73241,su2,5,19.255349942435167,5,100000,0.98222,0.01778,0.98222,0.0,10.814013323106435,4.280581282961726
0.9,73241,su2,5,19.255349942435167,6,100000,0.98837,0.01163,0.98837,0.0,12.96262972970619,4.693631526864388
0.9,73241,su2,5,19.255349942435167,7,100000,0.99256,0.00744,0.99256,0.0,15.125618901120019,5.0775057705709425
0.9,73241,su2,5,19.255349942435167,8,100000,0.99531,0.00469,0.99531,0.0,17.285971674074027,5.4128883397499195
0.9,73241,su2,5,19.255349942435167,9,100000,0.99694,0.00306,0.99694,0.0,19.448496854967605,5.750278416164183
0.9,73241,su2,5,19.255349942435167,10,100000,0.99801,0.00199,0.99801,0.0,21.61282221146991,6.064081274581016
0.9,73241,su2,5,19.255349942435167,11,100000,0.99879,0.00121,0.99879,0.0,23.756009900484774,6.365109304200784
0.9,73241,su2,5,19.255349942435167,12,100000,0.99927,0.00073,0.99927,0.0,25.90505943341879,6.638498970198696
0.9,73241,su2,6,22.418843075782977,1,100000,0.84437,0.15563,0.84437,0.0,2.172547536670145,1.9066945111420992
0.9,73241,su2,6,22.418843075782977,2,100000,0.92689,0.07311,0.92689,0.0,4.331655028646685,2.6994144024761013
0.9,73241,su2,6,22.418843075782977,3,100000,0.95624,0.04376,0.95624,0.0,6.484088515047433,3.310052312647337
0.9,73241,su2,6,22.418843075782977,4,100000,0.97276,0.02724,0.97276,0.0,8.633787585121777,3.8192301560344633
0.9,73241,su2,6,22.418843075782977,5,100000,0.98219,0.01781,0.98219,0.0,10.781346113224412,4.271780769942906
0.9,73241,su2,6,22.418843075782977,6,100000,0.98863,0.01137,0.98863,0.0,12.932298833213803,4.688214429257386
0.9,73241,su2,6,22.418843075782977,7,100000,0.99259,0.00741,0.99259,0.0,15.087063956134992,5.0575944317527
0.9,73241,su2,6,22.418843075782977,8,100000,0.99507,0.00493,0.99507,0.0,17.23358706679756,5.40977002578581
0.9,73241,su2,6,22.418843075782977,9,100000,0.99676,0.00324,0.99676,0.0,19.392775933699983,5.733875990114497
0.9,73241,su2,6,22.418843075782977,10,100000,0.99797,0.00203,0.99797,0.0,21.542711446122517,6.0461929151865945
0.9,73241,su2,6,22.418843075782977,11,100000,0.99862,0.00138,0.99862,0.0,23.701900762573196,6.330072504319511
0.9,73241,su2,6,22.418843075782977,12,100000,0.9991,0.0009,0.9991,0.0,25.846518951295675,6.617712614565008
0.9,73241,su2,7,26.10207170262519,1,100000,0.84506,0.15494,0.84506,0.0,2.1738291127307985,1.9056783523814722
0.9,73241,su2,7,26.10207170262519,2,100000,0.92504,0.07496,0.92504,0.0,4.31652625827683,2.7172636765586438
0.9,73241,su2,7,26.10207170262519,3,100000,0.95666,0.04334,0.95666,0.0,6.46315005539032,3.322065177329101
0.9,73241,su2,7,26.10207170262519,4,100000,0.97152,0.02848,0.97152,0.0,8.602854457011729,3.8349103268842155
0.9,73241,su2,7,26.10207170262519,5,100000,0.98219,0.01781,0.98219,0.0,10.761132561647047,4.283987881761554
0.9,73241,su2,7,26.10207170262519,6,100000,0.98851,0.01149,0.98851,0.0,12.90431223422381,4.703237416476192
0.9,73241,su2,7,26.10207170262519,7,100000,0.99267,0.00733,0.99267,0.0,15.048312230239226,5.0774796807641165
0.9,73241,su2,7,26.10207170262519,8,100000,0.99549,0.00451,0.99549,0.0,17.189090423008196,5.424893818130306
0.9,73241,su2,7,26.10207170262519,9,100000,0.99711,0.00289,0.99711,0.0,19.33695509677107,5.7570862763720605
0.9,73241,su2,7,26.10207170262519,10,100000,0.99819,0.00181,0.99819,0.0,21.475470210656407,6.067454076097552
0.9,73241,su2,7,26.10207170262519,11,100000,0.99867,0.00133,0.99867,0.0,23.61285592910481,6.367907652642381
0.9,73241,su2,7,26.10207170262519,12,100000,0.99923,0.00077,0.99923,0.0,25.766799576395886,6.652142339399347
0.9,73241,su2,8,30.390424022591617,1,100000,0.84234,0.15766,0.84234,0.0,2.165717545414296,1.9190389544208206
0.9,73241,su2,8,30.390424022591617,2,100000,0.92678,0.07322,0.92678,0.0,4.330084113534346,2.703480515941304
0.9,73241,su2,8,30.390424022591617,3,100000,0.95687,0.04313,0.95687,0.0,6.488928539933749,3.3038217246827166
0.9,73241,su2,8,30.390424022591617,4,100000,0.97264,0.02736,0.97264,0.0,8.645865533649042,3.821400588399269
0.9,73241,su2,8,30.390424022591617,5,100000,0.98167,0.01833,0.98167,0.0,10.788871832223498,4.29014461107457
0.9,73241,su2,8,30.390424022591617,6,100000,0.98837,0.01163,0.98837,0.0,12.937060965730389,4.704041615170501
0.9,73241,su2,8,30.390424022591617,7,100000,0.99244,0.00756,0.99244,0.0,15.086089754337634,5.080813700951261
0.9,73241,su2,8,30.390424022591617,8,100000,0.99482,0.00518,0.99482,0.0,17.227300066017374,5.438215108939878
0.9,73241,su2,8,30.390424022591617,9,100000,0.99654,0.00346,0.99654,0.0,19.366626737920882,5.776214727404048
0.9,73241,su2,8,30.390424022591617,10,100000,0.99773,0.00227,0.99773,0.0,21.506830123029566,6.0954387779797
0.9,73241,su2,8,30.390424022591617,11,100000,0.99864,0.00136,0.99864,0.0,23.649122972700923,6.398989099265077
0.9,73241,su2,8,30.390424022591617,12,100000,0.99908,0.00092,0.99908,0.0,25.79873775048332,6.677652121525166
0.9,73241,su2,9,35.3833168031649,1,100000,0.84247,0.15753,0.84247,0.0,2.159058572295568,1.9290637741063765
0.9,73241,su2,9,35.3833168031649,2,100000,0.92482,0.07518,0.92482,0.0,4.310918419124793,2.725205220867271
0.9,73241,su2,9,35.3833168031649,3,100000,0.95531,0.04469,0.95531,0.0,6.463348397767362,3.3359456082754115
0.9,73241,su2,9,35.3833168031649,4,100000,0.97104,0.02896,0.97104,0.0,8.612219088507258,3.851239127068695
0.9,73241,su2,9,35.3833168031649,5,100000,0.98092,0.01908,0.98092,0.0,10.763663879700983,4.322912580146298
0.9,73241,su2,9,35.3833168031649,6,100000,0.9872,0.0128,0.9872,0.0,12.907604756693761,4.739168444322843
0.9,73241,su2,9,35.3833168031649,7,100000,0.99216,0.00784,0.99216,0.0,15.055817875156642,5.10953486800578
0.9,73241,su2,9,35.3833168031649,8,100000,0.99498,0.00502,0.99498,0.0,17.19819061697822,5.457760240077752
0.9,73241,su2,9,35.3833168031649,9,100000,0.99671,0.00329,0.99671,0.0,19.342033328862467,5.781927618946326
0.9,73241,su2,9,35.3833168031649,10,100000,0.99793,0.00207,0.99793,0.0,21.47259681713848,6.100153236708946
0.9,73241,su2,9,35.3833168031649,11,100000,0.99867,0.00133,0.99867,0.0,23.60447874087456,6.398750068258068
0.9,73241,su2,9,35.3833168031649,12,100000,0.99894,0.00106,0.99894,0.0,25.745717421031845,6.684150342060041
0.9,73241,su2,10,41.196500156181976,1,100000,0.841,0.159,0.841,0.0,2.1564863522646256,1.9191738835561551
0.9,73241,su2,10,41.196500156181976,2,100000,0.92415,0.07585,0.92415,0.0,4.288757140304511,2.713281545032526
0.9,73241,su2,10,41.196500156181976,3,100000,0.95515,0.04485,0.95515,0.0,6.434885422700494,3.332547327808094
0.9,73241,su2,10,41.196500156181976,4,100000,0.97043,0.02957,0.97043,0.0,8.566635572586682,3.859711779090761
0.9,73241,su2,10,41.196500156181976,5,100000,0.9811,0.0189,0.9811,0.0,10.707563764964126,4.318263264398222
0.9,73241,su2,10,41.196500156181976,6,100000,0.98788,0.01212,0.98788,0.0,12.84665039252308,4.721931117108486
0.9,73241,su2,10,41.196500156181976,7,100000,0.99272,0.00728,0.99272,0.0,14.98153069229817,5.099120013673063
0.9,73241,su2,10,41.196500156181976,8,100000,0.99507,0.00493,0.99507,0.0,17.114228686871833,5.447960001996728
0.9,73241,su2,10,41.196500156181976,9,100000,0.99669,0.00331,0.99669,0.0,19.251456409218306,5.774505517533316
0.9,73241,su2,10,41.196500156181976,10,100000,0.99789,0.00211,0.99789,0.0,21.386520575393885,6.102012017398121
0.9,73241,su2,10,41.196500156181976,11,100000,0.99851,0.00149,0.99851,0.0,23.527782323881862,6.398949694769041
0.9,73241,su2,10,41.196500156181976,12,100000,0.99908,0.00092,0.99908,0.0,25.660953670192285,6.676190582741456
0.9,73241,su2,11,47.96474096986008,1,100000,0.84388,0.15612,0.84388,0.0,2.1696003037911877,1.9076954021601205
0.9,73241,su2,11,47.96474096986008,2,100000,0.92517,0.07483,0.92517,0.0,4.3221568975778375,2.7114695021141073
0.9,73241,su2,11,47.96474096986008,3,100000,0.95515,0.04485,0.95515,0.0,6.470356173679277,3.3336905329005337
0.9,73241,su2,11,47.96474096986008,4,100000,0.97081,0.02919,0.97081,0.0,8.620331002558537,3.8401593794861633
0.9,73241,su2,11,47.96474096986008,5,100000,0.98151,0.01849,0.98151,0.0,10.772999807160872,4.286485737822884
0.9,73241,su2,11,47.96474096986008,6,100000,0.98814,0.01186,0.98814,0.0,12.9205389468873,4.69785437767109
0.9,73241,su2,11,47.96474096986008,7,100000,0.99261,0.00739,0.99261,0.0,15.068917082149694,5.071228594364409
0.9,73241,su2,11,47.96474096986008,8,100000,0.99485,0.00515,0.99485,0.0,17.213261222291734,5.423213674526018
0.9,73241,su2,11,47.96474096986008,9,100000,0.99674,0.00326,0.99674,0.0,19.345372915802606,5.7518998368548635
0.9,73241,su2,11,47.96474096986008,10,100000,0.99767,0.00233,0.99767,0.0,21.474898072389532,6.072186308186904
0.9,73241,su2,11,47.96474096986008,11,100000,0.9985,0.0015,0.9985,0.0,23.620289416348353,6.37884718843826
0.9,73241,su2,11,47.96474096986008,12,100000,0.99902,0.00098,0.99902,0.0,25.74737996532578,6.66917678551224
0.9,73241,su2,12,55.844947206286946,1,100000,0.84061,0.15939,0.84061,0.0,2.152066329224495,1.9312932263911982
0.9,73241,su2,12,55.844947206286946,2,100000,0.92439,0.07561,0.92439,0.0,4.296510502271433,2.732196223320917
0.9,73241,su2,12,55.844947206286946,3,100000,0.95438,0.04562,0.95438,0.0,6.433606038187712,3.345099568883821
0.9,73241,su2,12,55.844947206286946,4,100000,0.96981,0.03019,0.96981,0.0,8.568915762769558,3.869703973621773
0.9,73241,su2,12,55.844947206286946,5,100000,0.98041,0.01959,0.98041,0.0,10.707920164315,4.3239396736506786
0.9,73241,su2,12,55.844947206286946,6,100000,0.98723,0.01277,0.98723,0.0,12.834355094670567,4.743008519723199
0.9,73241,su2,12,55.844947206286946,7,100000,0.99201,0.00799,0.99201,0.0,14.95432706321551,5.121368501784344
0.9,73241,su2,12,55.844947206286946,8,100000,0.99463,0.00537,0.99463,0.0,17.086083676240527,5.47771016326624
0.9,73241,su2,12,55.844947206286946,9,100000,0.99657,0.00343,0.99657,0.0,19.213680977869522,5.793706389528973
0.9,73241,su2,12,55.844947206286946,10,100000,0.99772,0.00228,0.99772,0.0,21.345735815719838,6.108000090304373
0.9,73241,su2,12,55.844947206286946,11,100000,0.99851,0.00149,0.99851,0.0,23.480688642206722,6.393177733220591
0.9,73241,su2,12,55.844947206286946,12,100000,0.99905,0.00095,0.99905,0.0,25.60599862182915,6.672369962326626
0.9,73241,su2,13,65.0198054948877,1,100000,0.84253,0.15747,0.84253,0.0,2.1616315985106582,1.9077413587049756
0.9,73241,su2,13,65.0198054948877,2,100000,0.92572,0.07428,0.92572,0.0,4.3088187455545865,2.703466869903262
0.9,73241,su2,13,65.0198054948877,3,100000,0.95618,0.04382,0.95618,0.0,6.448694005467838,3.319090786608401
0.9,73241,su2,13,65.0198054948877,4,100000,0.97102,0.02898,0.97102,0.0,8.58446358733465,3.848796689316004
0.9,73241,su2,13,65.0198054948877,5,100000,0.98188,0.01812,0.98188,0.0,10.714441813831826,4.299216704450714
0.9,73241,su2,13,65.0198054948877,6,100000,0.98782,0.01218,0.98782,0.0,12.847483698706963,4.708287966764001
0.9,73241,su2,13,65.0198054948877,7,100000,0.99231,0.00769,0.99231,0.0,14.9877701261696,5.083882276048474
0.9,73241,su2,13,65.0198054948877,8,100000,0.99483,0.00517,0.99483,0.0,17.11690787485038,5.449145155004261
0.9,73241,su2,13,65.0198054948877,9,100000,0.99665,0.00335,0.99665,0.0,19.258230356616078,5.779536247138001
0.9,73241,su2,13,65.0198054948877,10,100000,0.99793,0.00207,0.99793,0.0,21.393696288215857,6.0893190328893665
0.9,73241,su2,13,65.0198054948877,11,100000,0.9987,0.0013,0.9987,0.0,23.52254366861169,6.394490393317689
0.9,73241,su2,13,65.0198054948877,12,100000,0.99903,0.00097,0.99903,0.0,25.662873157692108,6.678717863397244
0.9,73241,su2,14,75.70201635210961,1,100000,0.84288,0.15712,0.84288,0.0,2.1592898379282905,1.922412678662556
0.9,73241,su2,14,75.70201635210961,2,100000,0.92605,0.07395,0.92605,0.0,4.314838353267274,2.712805708270957
0.9,73241,su2,14,75.70201635210961,3,100000,0.95548,0.04452,0.95548,0.0,6.451792493346523,3.33129913612095
0.9,73241,su2,14,75.70201635210961,4,100000,0.97073,0.02927,0.97073,0.0,8.586318459166192,3.8529182493378906
0.9,73241,su2,14,75.70201635210961,5,100000,0.98008,0.01992,0.98008,0.0,10.705054572202119,4.32502228523546
0.9,73241,su2,14,75.70201635210961,6,100000,0.98733,0.01267,0.98733,0.0,12.840324030144926,4.732389976184602
0.9,73241,su2,14,75.70201635210961,7,100000,0.99175,0.00825,0.99175,0.0,14.968672264239732,5.119216860794672
0.9,73241,su2,14,75.70201635210961,8,100000,0.99428,0.00572,0.99428,0.0,17.095477125761054,5.473028556773366
0.9,73241,su2,14,75.70201635210961,9,100000,0.99611,0.00389,0.99611,0.0,19.22205708751895,5.813810538818222
0.9,73241,su2,14,75.70201635210961,10,100000,0.99756,0.00244,0.99756,0.0,21.352070199623043,6.1247709734102544
0.9,73241,su2,14,75.70201635210961,11,100000,0.99849,0.00151,0.99849,0.0,23.476669676850083,6.420065744715263
0.9,73241,su2,14,75.70201635210961,12,100000,0.99896,0.00104,0.99896,0.0,25.609351827996807,6.702639794560844
0.9,73241,su2,15,88.1392252123188,1,100000,0.8422,0.1578,0.8422,0.0,2.1509075775871764,1.9339042173479444
0.9,73241,su2,15,88.1392252123188,2,100000,0.92346,0.07654,0.92346,0.0,4.2816484286050835,2.745268100364739
0.9,73241,su2,15,88.1392252123188,3,100000,0.95459,0.04541,0.95459,0.0,6.423104858318098,3.3459259533328627
0.9,73241,su2,15,88.1392252123188,4,100000,0.96977,0.03023,0.96977,0.0,8.544382350392043,3.880554352895607
0.9,73241,su2,15,88.1392252123188,5,100000,0.97986,0.02014,0.97986,0.0,10.670833349426557,4.345207144865753
0.9,73241,su2,15,88.1392252123188,6,100000,0.98648,0.01352,0.98648,0.0,12.800583541559172,4.764152575413556
0.9,73241,su2,15,88.1392252123188,7,100000,0.99174,0.00826,0.99174,0.0,14.912938913504863,5.137265729671467
0.9,73241,su2,15,88.1392252123188,8,100000,0.99462,0.00538,0.99462,0.0,17.044339669105824,5.49283189182063
0.9,73241,su2,15,88.1392252123188,9,100000,0.99631,0.00369,0.99631,0.0,19.171839126983805,5.82974630030684
0.9,73241,su2,15,88.1392252123188,10,100000,0.99752,0.00248,0.99752,0.0,21.288439254548052,6.154025328861423
0.9,73241,su2,15,88.1392252123188,11,100000,0.99833,0.00167,0.99833,0.0,23.412361325056136,6.446062486504192
0.9,73241,su2,15,88.1392252123188,12,100000,0.99889,0.00111,0.99889,0.0,25.54421527739453,6.72880524243757
0.9,73241,su2,16,102.61976358587921,1,100000,0.84147,0.15853,0.84147,0.0,2.160385131602238,1.9268942725319593
0.9,73241,su2,16,102.61976358587921,2,100000,0.92421,0.07579,0.92421,0.0,4.295644995880244,2.7332145771635483
0.9,73241,su2,16,102.61976358587921,3,100000,0.95455,0.04545,0.95455,0.0,6.433130536479492,3.34134296827362
0.9,73241,su2,16,102.61976358587921,4,100000,0.97064,0.02936,0.97064,0.0,8.559335164555481,3.866297888612968
0.9,73241,su2,16,102.61976358587921,5,100000,0.98044,0.01956,0.98044,0.0,10.687075857728757,4.323304936174229
0.9,73241,su2,16,102.61976358587921,6,100000,0.9867,0.0133,0.9867,0.0,12.827552771469236,4.734883302404098
0.9,73241,su2,16,102.61976358587921,7,100000,0.99151,0.00849,0.99151,0.0,14.958743571244552,5.12575390083486
0.9,73241,su2,16,102.61976358587921,8,100000,0.99438,0.00562,0.99438,0.0,17.094512609078613,5.480143516839167
0.9,73241,su2,16,102.61976358587921,9,100000,0.99628,0.00372,0.99628,0.0,19.2151332822529,5.813190990568761
0.9,73241,su2,16,102.61976358587921,10,100000,0.99746,0.00254,0.99746,0.0,21.34607000766711,6.123210194946448
0.9,73241,su2,16,102.61976358587921,11,100000,0.99826,0.00174,0.99826,0.0,23.477986125026113,6.429660004586555
0.9,73241,su2,16,102.61976358587921,12,100000,0.99875,0.00125,0.99875,0.0,25.59760389080163,6.714694523904216
0.9,73241,su2,17,119.47933344154129,1,100000,0.84101,0.15899,0.84101,0.0,2.147053058449135,1.9164501637934617
0.9,73241,su2,17,119.47933344154129,2,100000,0.92379,0.07621,0.92379,0.0,4.281345974190048,2.7149800494886436
0.9,73241,su2,17,119.47933344154129,3,100000,0.95526,0.04474,0.95526,0.0,6.418088388257591,3.326738384322019
0.9,73241,su2,17,119.47933344154129,4,100000,0.97009,0.02991,0.97009,0.0,8.542958788179403,3.856625503881617
0.9,73241,su2,17,119.47933344154129,5,100000,0.98066,0.01934,0.98066,0.0,10.676699226918863,4.312070779458347
0.9,73241,su2,17,119.47933344154129,6,100000,0.9872,0.0128,0.9872,0.0,12.815398076721495,4.710512681065743
0.9,73241,su2,17,119.47933344154129,7,100000,0.99188,0.00812,0.99188,0.0,14.94274350650633,5.097955271477751
0.9,73241,su2,17,119.47933344154129,8,100000,0.99472,0.00528,0.99472,0.0,17.072366533981032,5.45828903009366
0.9,73241,su2,17,119.47933344154129,9,100000,0.99666,0.00334,0.99666,0.0,19.192477844543298,5.788860777825287
0.9,73241,su2,17,119.47933344154129,10,100000,0.99779,0.00221,0.99779,0.0,21.318264934689584,6.098612772699229
0.9,73241,su2,17,119.47933344154129,11,100000,0.99871,0.00129,0.99871,0.0,23.444368342915467,6.398212992574144
0.9,73241,su2,17,119.47933344154129,12,100000,0.99918,0.00082,0.99918,0.0,25.566581000316013,6.683552342880636
0.9,73241,su2,18,139.10878977701455,1,100000,0.84083,0.15917,0.84083,0.0,2.151899335545013,1.9229280408876288
0.9,73241,su2,18,139.10878977701455,2,100000,0.9231,0.0769,0.9231,0.0,4.292725294695448,2.7252794439472825
0.9,73241,su2,18,139.10878977701455,3,100000,0.95525,0.04475,0.95525,0.0,6.427014554400145,3.3342427018102323
0.9,73241,su2,18,139.10878977701455,4,100000,0.97017,0.02983,0.97017,0.0,8.552293642154588,3.858683612275801
0.9,73241,su2,18,139.10878977701455,5,100000,0.98043,0.01957,0.98043,0.0,10.68702159767166,4.324944245015816
0.9,73241,su2,18,139.10878977701455,6,100000,0.98763,0.01237,0.98763,0.0,12.815220032364403,4.735322304936224
0.9,73241,su2,18,139.10878977701455,7,100000,0.99148,0.00852,0.99148,0.0,14.937510219641407,5.128444074279416
0.9,73241,su2,18,139.10878977701455,8,100000,0.99444,0.00556,0.99444,0.0,17.05703616696481,5.484849784955081
0.9,73241,su2,18,139.10878977701455,9,100000,0.99636,0.00364,0.99636,0.0,19.18217496689592,5.811172528845244
0.9,73241,su2,18,139.10878977701455,10,100000,0.99753,0.00247,0.99753,0.0,21.30737775395219,6.12963003401816
0.9,73241,su2,18,139.10878977701455,11,100000,0.9984,0.0016,0.9984,0.0,23.436414251426175,6.427652206619142
0.9,73241,su2,18,139.10878977701455,12,100000,0.99899,0.00101,0.99899,0.0,25.553977000144684,6.698297765949623
0.9,73241,su2,19,161.9632018008689,1,100000,0.84131,0.15869,0.84131,0.0,2.147059477885147,1.9421984217308856
0.9,73241,su2,19,161.9632018008689,2,100000,0.92343,0.07657,0.92343,0.0,4.275192839126803,2.7464057362683874
0.9,73241,su2,19,161.9632018008689,3,100000,0.95443,0.04557,0.95443,0.0,6.410000421158998,3.3529623455655746
0.9,73241,su2,19,161.9632018008689,4,100000,0.96949,0.03051,0.96949,0.0,8.529610146030336,3.8754270661061483
0.9,73241,su2,19,161.9632018008689,5,100000,0.97952,0.02048,0.97952,0.0,10.654778349683184,4.348611927932283
0.9,73241,su2,19,161.9632018008689,6,100000,0.98656,0.01344,0.98656,0.0,12.77853283120146,4.765252628038428
0.9,73241,su2,19,161.9632018008689,7,100000,0.99119,0.00881,0.99119,0.0,14.89726326439895,5.159589565190675
0.9,73241,su2,19,161.9632018008689,8,100000,0.99385,0.00615,0.99385,0.0,17.011372288331785,5.526721155003622
0.9,73241,su2,19,161.9632018008689,9,100000,0.99627,0.00373,0.99627,0.0,19.134923465586468,5.864081319781507
0.9,73241,su2,19,161.9632018008689,10,100000,0.99763,0.00237,0.99763,0.0,21.253797551328837,6.175367523271202
0.9,73241,su2,19,161.9632018008689,11,100000,0.99845,0.00155,0.99845,0.0,23.368544018696305,6.482871805718766
0.9,73241,su2,19,161.9632018008689,12,100000,0.99905,0.00095,0.99905,0.0,25.487957660565762,6.766935609973877
0.9,83244,photon,0,9.000000000000002,1,100000,0.75975,0.75975,0.24025,0.0,-3.957770458464072,4.791206300226639
0.9,83244,photon,0,9.000000000000002,2,100000,0.8558,0.8558,0.1442,0.0,-7.896459361145827,6.759477716988563
0.9,83244,photon,0,9.000000000000002,3,100000,0.91585,0.91585,0.08415,0.0,-11.828220637138227,8.265510273922356
0.9,83244,photon,0,9.000000000000002,4,100000,0.94911,0.94911,0.05089,0.0,-15.758278126225676,9.545773534531872
0.9,83244,photon,0,9.000000000000002,5,100000,0.9679,0.9679,0.0321,0.0,-19.72043919143429,10.686730249405464
0.9,83244,photon,0,9.000000000000002,6,100000,0.97936,0.97936,0.02064,0.0,-23.664609197584117,11.708286815717544
0.9,83244,photon,0,9.000000000000002,7,100000,0.98691,0.98691,0.01309,0.0,-27.600372986017863,12.652600208228224
0.9,83244,photon,0,9.000000000000002,8,100000,0.99119,0.99119,0.00881,0.0,-31.52914831346183,13.50049087443011
0.9,83244,photon,0,9.000000000000002,9,100000,0.99393,0.99393,0.00607,0.0,-35.465411004144975,14.306410267417705
0.9,83244,photon,0,9.000000000000002,10,100000,0.9957,0.9957,0.0043,0.0,-39.41552325353589,15.090286890404306
0.9,83244,photon,0,9.000000000000002,11,100000,0.99716,0.99716,0.00284,0.0,-43.34867537734275,15.804989090851143
0.9,83244,photon,0,9.000000000000002,12,100000,0.99812,0.99812,0.00188,0.0,-47.26036058703393,16.49300571163798
0.9,83244,photon,1,9.359318126242535,1,100000,0.7629,0.7629,0.2371,0.0,-4.002480472708781,4.787732316704273
0.9,83244,photon,1,9.359318126242535,2,100000,0.8569,0.8569,0.1431,0.0,-7.9645626892932,6.777654715251804
0.9,83244,photon,1,9.359318126242535,3,100000,0.91722,0.91722,0.08278,0.0,-11.959785043976298,8.289921825442528
0.9,83244,photon,1,9.359318126242535,4,100000,0.95071,0.95071,0.04929,0.0,-15.96905889399038,9.581737959682686
0.9,83244,photon,1,9.359318126242535,5,100000,0.96975,0.96975,0.03025,0.0,-19.971855432980302,10.709287409771475
0.9,83244,photon,1,9.359318126242535,6,100000,0.98086,0.98086,0.01914,0.0,-23.920932872707738,11.732570682225562
0.9,83244,photon,1,9.359318126242535,7,100000,0.98755,0.98755,0.01245,0.0,-27.884170280651617,12.673619576400613
0.9,83244,photon,1,9.359318126242535,8,100000,0.99172,0.99172,0.00828,0.0,-31.837832247955006,13.540690933860155
0.9,83244,photon,1,9.359318126242535,9,100000,0.99455,0.99455,0.00545,0.0,-35.786571676375054,14.366131541846215
0.9,83244,photon,1,9.359318126242535,10,100000,0.99628,0.99628,0.00372,0.0,-39.74382999984572,15.127094165364577
0.9,83244,photon,1,9.359318126242535,11,100000,0.99769,0.99769,0.00231,0.0,-43.71100499404181,15.878602834700349
0.9,83244,photon,1,9.359318126242535,12,100000,0.99855,0.99855,0.00145,0.0,-47.68392244599027,16.579797003818005
0.9,83244,photon,2,9.732981754245785,1,100000,0.76649,0.76649,0.23351,0.0,-4.035092503544437,4.773403479542102
0.9,83244,photon,2,9.732981754245785,2,100000,0.8612,0.8612,0.1388,0.0,-8.028275548450136,6.755157186512688
0.9,83244,photon,2,9.732981754245785,3,100000,0.92083,0.92083,0.07917,0.0,-12.042966057398196,8.266978397559297
0.9,83244,photon,2,9.732981754245785,4,100000,0.95189,0.95189,0.04811,0.0,-16.04152804082451,9.556768276789873
0.9,83244,photon,2,9.732981754245785,5,100000,0.97002,0.97002,0.02998,0.0,-20.038127375267926,10.682829296148046
0.9,83244,photon,2,9.732981754245785,6,100000,0.98075,0.98075,0.01925,0.0,-24.05604126146225,11.694685646493063
0.9,83244,photon,2,9.732981754245785,7,100000,0.98775,0.98775,0.01225,0.0,-28.074146182415447,12.640977510720225
0.9,83244,photon,2,9.732981754245785,8,100000,0.99172,0.99172,0.00828,0.0,-32.06882146417226,13.51278055568737
0.9,83244,photon,2,9.732981754245785,9,100000,0.99493,0.99493,0.00507,0.0,-36.045555319003135,14.333384072498262
0.9,83244,photon,2,9.732981754245785,10,100000,0.9965,0.9965,0.0035,0.0,-40.03066133924829,15.095836088447305
0.9,83244,photon,2,9.732981754245785,11,100000,0.99773,0.99773,0.00227,0.0,-44.06316268059331,15.85306783809019
0.9,83244,photon,2,9.732981754245785,12,100000,0.99865,0.99865,0.00135,0.0,-48.05533864346282,16.545174648519367
0.9,83244,photon,3,10.121563617211155,1,100000,0.76901,0.76901,0.23099,0.0,-4.066131086472525,4.780802982597745
0.9,83244,photon,3,10.121563617211155,2,100000,0.86096,0.86096,0.13904,0.0,-8.080850516894483,6.766437267009601
0.9,83244,photon,3,10.121563617211155,3,100000,0.92065,0.92065,0.07935,0.0,-12.110043617072652,8.287897500164384
0.9,83244,photon,3,10.121563617211155,4,100000,0.95314,0.95314,0.04686,0.0,-16.157145064248528,9.564307680427214
0.9,83244,photon,3,10.121563617211155,5,100000,0.97049,0.97049,0.02951,0.0,-20.162921994460387,10.68344574359785
0.9,83244,photon,3,10.121563617211155,6,100000,0.98141,0.98141,0.01859,0.0,-24.168132772064904,11.711085051867396
0.9,83244,photon,3,10.121563617211155,7,100000,0.98776,0.98776,0.01224,0.0,-28.185463020212158,12.65498704435172
0.9,83244,photon,3,10.121563617211155,8,100000,0.99234,0.99234,0.00766,0.0,-32.199728276631,13.507607627986136
0.9,83244,photon,3,10.121563617211155,9,100000,0.99501,0.99501,0.00499,0.0,-36.19729913940584,14.327526453736073
0.9,83244,photon,3,10.121563617211155,10,100000,0.99683,0.99683,0.00317,0.0,-40.19719354973202,15.118604850927259
0.9,83244,photon,3,10.121563617211155,11,100000,0.99794,0.99794,0.00206,0.0,-44.19227523667955,15.853560560747024
0.9,83244,photon,3,10.121563617211155,12,100000,0.99836,0.99836,0.00164,0.0,-48.187304153391466,16.588668222417017
0.9,83244,photon,4,10.525659314275703,1,100000,0.76784,0.76784,0.23216,0.0,-4.067033013463437,4.78478031598198
0.9,83244,photon,4,10.525659314275703,2,100000,0.8626,0.8626,0.1374,0.0,-8.08893082288944,6.756731889399396
0.9,83244,photon,4,10.525659314275703,3,100000,0.92134,0.92134,0.07866,0.0,-12.138117969091349,8.282502677428793
0.9,83244,photon,4,10.525659314275703,4,100000,0.95344,0.95344,0.04656,0.0,-16.194228977808148,9.546313295129028
0.9,83244,photon,4,10.525659314275703,5,100000,0.9721,0.9721,0.0279,0.0,-20.229244427958882,10.660311261372549
0.9,83244,photon,4,10.525659314275703,6,100000,0.98248,0.98248,0.01752,0.0,-24.263270093553423,11.68167113141821
0.9,83244,photon,4,10.525659314275703,7,100000,0.98841,0.98841,0.01159,0.0,-28.28535872501463,12.629996507504472
0.9,83244,photon,4,10.525659314275703,8,100000,0.99297,0.99297,0.00703,0.0,-32.31587892353227,13.490375524728321
0.9,83244,photon,4,10.525659314275703,9,100000,0.99558,0.99558,0.00442,0.0,-36.35126656254782,14.318137637783998
0.9,83244,photon,4,10.525659314275703,10,100000,0.99705,0.99705,0.00295,0.0,-40.39071453636919,15.109601084045885
0.9,83244,photon,4,10.525659314275703,11,100000,0.99812,0.99812,0.00188,0.0,-44.41369953341877,15.832750646556928
0.9,83244,photon,4,10.525659314275703,12,100000,0.99871,0.99871,0.00129,0.0,-48.41176773362712,16.523335705692357
0.9,83244,photon,5,10.945888223417125,1,100000,0.7697,0.7697,0.2303,0.0,-4.09583155626101,4.782831738670039
0.9,83244,photon,5,10.945888223417125,2,100000,0.86348,0.86348,0.13652,0.0,-8.14657986485313,6.766366652207094
0.9,83244,photon,5,10.945888223417125,3,100000,0.92303,0.92303,0.07697,0.0,-12.200857580909057,8.275329748450469
0.9,83244,photon,5,10.945888223417125,4,100000,0.95483,0.95483,0.04517,0.0,-16.272377465699694,9.53256235664484
0.9,83244,photon,5,10.945888223417125,5,100000,0.97151,0.97151,0.02849,0.0,-20.300202301201747,10.654432409459098
0.9,83244,photon,5,10.945888223417125,6,100000,0.98208,0.98208,0.01792,0.0,-24.34070854017726,11.699117319076418
0.9,83244,photon,5,10.945888223417125,7,100000,0.98868,0.98868,0.01132,0.0,-28.373744597480073,12.606766787616197
0.9,83244,photon,5,10.945888223417125,8,100000,0.99304,0.99304,0.00696,0.0,-32.436466654239304,13.480808318685915
0.9,83244,photon,5,10.945888223417125,9,100000,0.99536,0.99536,0.00464,0.0,-36.496459699708915,14.287477012758815
0.9,83244,photon,5,10.945888223417125,10,100000,0.9972,0.9972,0.0028,0.0,-40.51078547703718,15.057334654059815
0.9,83244,photon,5,10.945888223417125,11,100000,0.99807,0.99807,0.00193,0.0,-44.54830645177371,15.78380585572978
0.9,83244,photon,5,10.945888223417125,12,100000,0.99879,0.99879,0.00121,0.0,-48.60585325535865,16.474683524740293
0.9,83244,photon,6,11.382894450805844,1,100000,0.76942,0.76942,0.23058,0.0,-4.0838332379686895,4.773493506238852
0.9,83244,photon,6,11.382894450805844,2,100000,0.86543,0.86543,0.13457,0.0,-8.154637259654152,6.753527475587983
0.9,83244,photon,6,11.382894450805844,3,100000,0.92243,0.92243,0.07757,0.0,-12.204316845598719,8.277749197584951
0.9,83244,photon,6,11.382894450805844,4,100000,0.95483,0.95483,0.04517,0.0,-16.296505722780537,9.566605301381712
0.9,83244,photon,6,11.382894450805844,5,100000,0.97207,0.97207,0.02793,0.0,-20.373192207885676,10.67083922356158
0.9,83244,photon,6,11.382894450805844,6,100000,0.98231,0.98231,0.01769,0.0,-24.43890329956555,11.699650964146407
0.9,83244,photon,6,11.382894450805844,7,100000,0.98838,0.98838,0.01162,0.0,-28.503180507055287,12.615757421081561
0.9,83244,photon,6,11.382894450805844,8,100000,0.99246,0.99246,0.00754,0.0,-32.56645683281669,13.505548572784734
0.9,83244,photon,6,11.382894450805844,9,100000,0.9953,0.9953,0.0047,0.0,-36.62173361872715,14.334234968274549
0.9,83244,photon,6,11.382894450805844,10,100000,0.99695,0.99695,0.00305,0.0,-40.698984892910744,15.113050885329724
0.9,83244,photon,6,11.382894450805844,11,100000,0.99815,0.99815,0.00185,0.0,-44.7776085965447,15.8384219483868
0.9,83244,photon,6,11.382894450805844,12,100000,0.99881,0.99881,0.00119,0.0,-48.844019656350355,16.53281291863608
0.9,83244,photon,7,11.837347818059184,1,100000,0.77348,0.77348,0.22652,0.0,-4.156310215900595,4.7851397844917605
0.9,83244,photon,7,11.837347818059184,2,100000,0.86731,0.86731,0.13269,0.0,-8.262096042747329,6.756146640165389
0.9,83244,photon,7,11.837347818059184,3,100000,0.9254,0.9254,0.0746,0.0,-12.361167746458694,8.270568525859073
0.9,83244,photon,7,11.837347818059184,4,100000,0.95573,0.95573,0.04427,0.0,-16.432711041871823,9.553433747563803
0.9,83244,photon,7,11.837347818059184,5,100000,0.97332,0.97332,0.02668,0.0,-20.537791001091627,10.677777154695098
0.9,83244,photon,7,11.837347818059184,6,100000,0.98301,0.98301,0.01699,0.0,-24.643657030772292,11.70247108919552
0.9,83244,photon,7,11.837347818059184,7,100000,0.98919,0.98919,0.01081,0.0,-28.752701017198646,12.658875105122956
0.9,83244,photon,7,11.837347818059184,8,100000,0.99322,0.99322,0.00678,0.0,-32.852226616167506,13.514748396490477
0.9,83244,photon,7,11.837347818059184,9,100000,0.99579,0.99579,0.00421,0.0,-36.938223170173686,14.340311762211828
0.9,83244,photon,7,11.837347818059184,10,100000,0.99731,0.99731,0.00269,0.0,-41.044550949271816,15.121897173157047
0.9,83244,photon,7,11.837347818059184,11,100000,0.99833,0.99833,0.00167,0.0,-45.150726056801,15.849128692262692
0.9,83244,photon,7,11.837347818059184,12,100000,0.9989,0.9989,0.0011,0.0,-49.22441318544382,16.569025196368603
0.9,83244,photon,8,12.309944888910984,1,100000,0.77238,0.77238,0.22762,0.0,-4.156916451289541,4.788462823816843
0.9,83244,photon,8,12.309944888910984,2,100000,0.86681,0.86681,0.13319,0.0,-8.276072851104253,6.766572880159998
0.9,83244,photon,8,12.309944888910984,3,100000,0.92467,0.92467,0.07533,0.0,-12.3908988647076,8.294786311283302
0.9,83244,photon,8,12.309944888910984,4,100000,0.95604,0.95604,0.04396,0.0,-16.488539067506505,9.562983696224478
0.9,83244,photon,8,12.309944888910984,5,100000,0.97299,0.97299,0.02701,0.0,-20.619390581377814,10.707588834808742
0.9,83244,photon,8,12.309944888910984,6,100000,0.98339,0.98339,0.01661,0.0,-24.69778704011879,11.699638658732557
0.9,83244,photon,8,12.309944888910984,7,100000,0.98939,0.98939,0.01061,0.0,-28.813176236402377,12.64023975693124
0.9,83244,photon,8,12.309944888910984,8,100000,0.99315,0.99315,0.00685,0.0,-32.920794867885206,13.541590041509433
0.9,83244,photon,8,12.309944888910984,9,100000,0.99563,0.99563,0.00437,0.0,-37.02585039666299,14.362655984818124
0.9,83244,photon,8,12.309944888910984,10,100000,0.99724,0.99724,0.00276,0.0,-41.11750932184173,15.12917579531117
0.9,83244,photon,8,12.309944888910984,11,100000,0.99823,0.99823,0.00177,0.0,-45.1998359641074,15.847407727794955
0.9,83244,photon,8,12.309944888910984,12,100000,0.99899,0.99899,0.00101,0.0,-49.324753333163876,16.538587150377417
0.9,83244,photon,9,12.801410036870129,1,100000,0.77189,0.77189,0.22811,0.0,-4.163342884321092,4.785945340762878
0.9,83244,photon,9,12.801410036870129,2,100000,0.87052,0.87052,0.12948,0.0,-8.30067650394388,6.735756812085184
0.9,83244,photon,9,12.801410036870129,3,100000,0.92738,0.92738,0.07262,0.0,-12.446314528882013,8.251365874131768
0.9,83244,photon,9,12.801410036870129,4,100000,0.95774,0.95774,0.04226,0.0,-16.567931792475452,9.527866073932882
0.9,83244,photon,9,12.801410036870129,5,100000,0.97419,0.97419,0.02581,0.0,-20.68487199864123,10.662747373454629
0.9,83244,photon,9,12.801410036870129,6,100000,0.98426,0.98426,0.01574,0.0,-24.794810967800952,11.660284240845325
0.9,83244,photon,9,12.801410036870129,7,100000,0.99013,0.99013,0.00987,0.0,-28.90334002135996,12.60619110793343
0.9,83244,photon,9,12.801410036870129,8,100000,0.99354,0.99354,0.00646,0.0,-33.039267031251214,13.465192294001536
0.9,83244,photon,9,12.801410036870129,9,100000,0.99592,0.99592,0.00408,0.0,-37.15377479966247,14.301834227482102
0.9,83244,photon,9,12.801410036870129,10,100000,0.99748,0.99748,0.00252,0.0,-41.27010629933472,15.070064598974765
0.9,83244,photon,9,12.801410036870129,11,100000,0.99825,0.99825,0.00175,0.0,-45.398737950842026,15.820562347165053
0.9,83244,photon,9,12.801410036870129,12,100000,0.99886,0.99886,0.00114,0.0,-49.51286563579378,16.543288423707256
0.9,83244,photon,10,13.312496555504637,1,100000,0.77365,0.77365,0.22635,0.0,-4.187160133400175,4.7921056422944766
0.9,83244,photon,10,13.312496555504637,2,100000,0.86868,0.86868,0.13132,0.0,-8.351176802456708,6.788414961194097
0.9,83244,photon,10,13.312496555504637,3,100000,0.9276,0.9276,0.0724,0.0,-12.488337097505235,8.288272979319151
0.9,83244,photon,10,13.312496555504637,4,100000,0.95819,0.95819,0.04181,0.0,-16.654133038929878,9.555415003890287
0.9,83244,photon,10,13.312496555504637,5,100000,0.97434,0.97434,0.02566,0.0,-20.796147159070646,10.699502280838235
0.9,83244,photon,10,13.312496555504637,6,100000,0.98436,0.98436,0.01564,0.0,-24.9346071915044,11.717415354897671
0.9,83244,photon,10,13.312496555504637,7,100000,0.98985,0.98985,0.01015,0.0,-29.078624232856292,12.655608450937368
0.9,83244,photon,10,13.312496555504637,8,100000,0.99377,0.99377,0.00623,0.0,-33.2210022279666,13.535589713518066
0.9,83244,photon,10,13.312496555504637,9,100000,0.99596,0.99596,0.00404,0.0,-37.36872437226712,14.35372369022491
0.9,83244,photon,10,13.312496555504637,10,100000,0.99741,0.99741,0.00259,0.0,-41.5222209482886,15.134373974212279
0.9,83244,photon,10,13.312496555504637,11,100000,0.9983,0.9983,0.0017,0.0,-45.651963587965405,15.864142074394678
0.9,83244,photon,10,13.312496555504637,12,100000,0.99907,0.99907,0.00093,0.0,-49.79252979413275,16.570398651993315
0.9,83244,photon,11,13.843987813052868,1,100000,0.77509,0.77509,0.22491,0.0,-4.201481607793275,4.791180156994787
0.9,83244,photon,11,13.843987813052868,2,100000,0.86956,0.86956,0.13044,0.0,-8.338387595106845,6.754775895179374
0.9,83244,photon,11,13.843987813052868,3,100000,0.92681,0.92681,0.07319,0.0,-12.505582378353646,8.298128503400921
0.9,83244,photon,11,13.843987813052868,4,100000,0.95711,0.95711,0.04289,0.0,-16.646282399488193,9.590837330495239
0.9,83244,photon,11,13.843987813052868,5,100000,0.97348,0.97348,0.02652,0.0,-20.783344714987827,10.709768118148398
0.9,83244,photon,11,13.843987813052868,6,100000,0.9834,0.9834,0.0166,0.0,-24.93624677976768,11.728037346152837
0.9,83244,photon,11,13.843987813052868,7,100000,0.98975,0.98975,0.01025,0.0,-29.08081816131954,12.644784692662324
0.9,83244,photon,11,13.843987813052868,8,100000,0.99375,0.99375,0.00625,0.0,-33.24193988163948,13.487380947162269
0.9,83244,photon,11,13.843987813052868,9,100000,0.99601,0.99601,0.00399,0.0,-37.37956804522628,14.297066552456096
0.9,83244,photon,11,13.843987813052868,10,100000,0.99761,0.99761,0.00239,0.0,-41.533465265650925,15.087036505059588
0.9,83244,photon,11,13.843987813052868,11,100000,0.99842,0.99842,0.00158,0.0,-45.68279752775561,15.846862172383412
0.9,83244,photon,11,13.843987813052868,12,100000,0.999,0.999,0.001,0.0,-49.83890920716962,16.557113965391352
0.9,83244,photon,12,14.39669845313183,1,100000,0.77555,0.77555,0.22445,0.0,-4.215131576555008,4.791565536471891
0.9,83244,photon,12,14.39669845313183,2,100000,0.87248,0.87248,0.12752,0.0,-8.413749073030543,6.7573138377698525
0.9,83244,photon,12,14.39669845313183,3,100000,0.92815,0.92815,0.07185,0.0,-12.605903077577345,8.28386091759654
0.9,83244,photon,12,14.39669845313183,4,100000,0.9585,0.9585,0.0415,0.0,-16.783458304395225,9.55331038342199
0.9,83244,photon,12,14.39669845313183,5,100000,0.9752,0.9752,0.0248,0.0,-20.979539344102683,10.681329529537965
0.9,83244,photon,12,14.39669845313183,6,100000,0.98437,0.98437,0.01563,0.0,-25.14407878285357,11.715268722272716
0.9,83244,photon,12,14.39669845313183,7,100000,0.99053,0.99053,0.00947,0.0,-29.327366543795332,12.636207711262317
0.9,83244,photon,12,14.39669845313183,8,100000,0.99386,0.99386,0.00614,0.0,-33.49952518225198,13.514461312851877
0.9,83244,photon,12,14.39669845313183,9,100000,0.99628,0.99628,0.00372,0.0,-37.66408754586636,14.32215950225372
0.9,83244,photon,12,14.39669845313183,10,100000,0.99773,0.99773,0.00227,0.0,-41.83757531513452,15.083350158599561
0.9,83244,photon,12,14.39669845313183,11,100000,0.99838,0.99838,0.00162,0.0,-46.01802203530202,15.812875376474294
0.9,83244,photon,12,14.39669845313183,12,100000,0.99914,0.99914,0.00086,0.0,-50.18683153779366,16.51142394471003
0.9,83244,photon,13,14.971475643382725,1,100000,0.77596,0.77596,0.22404,0.0,-4.220417603257192,4.782037399952212
0.9,83244,photon,13,14.971475643382725,2,100000,0.87092,0.87092,0.12908,0.0,-8.406253339983913,6.768372864734396
0.9,83244,photon,13,14.971475643382725,3,100000,0.92846,0.92846,0.07154,0.0,-12.631265908571295,8.29742134842256
0.9,83244,photon,13,14.971475643382725,4,100000,0.95877,0.95877,0.04123,0.0,-16.820333921732885,9.558931177592143
0.9,83244,photon,13,14.971475643382725,5,100000,0.97499,0.97499,0.02501,0.0,-21.034951187236793,10.677048273782558
0.9,83244,photon,13,14.971475643382725,6,100000,0.98482,0.98482,0.01518,0.0,-25.227882100220256,11.704019412087542
0.9,83244,photon,13,14.971475643382725,7,100000,0.99053,0.99053,0.00947,0.0,-29.42023629147821,12.64484965956932
0.9,83244,photon,13,14.971475643382725,8,100000,0.99417,0.99417,0.00583,0.0,-33.618203082452965,13.501733924883663
0.9,83244,photon,13,14.971475643382725,9,100000,0.99604,0.99604,0.00396,0.0,-37.83450606458349,14.327107795478295
0.9,83244,photon,13,14.971475643382725,10,100000,0.99774,0.99774,0.00226,0.0,-42.03369647911209,15.136646771085147
0.9,83244,photon,13,14.971475643382725,11,100000,0.99838,0.99838,0.00162,0.0,-46.23983201918323,15.870072930539772
0.9,83244,photon,13,14.971475643382725,12,100000,0.99905,0.99905,0.00095,0.0,-50.403462238244806,16.585356029832433
0.9,83244,photon,14,15.569200373967842,1,100000,0.77634,0.77634,0.22366,0.0,-4.215543961669131,4.78039124469602
0.9,83244,photon,14,15.569200373967842,2,100000,0.87189,0.87189,0.12811,0.0,-8.418400703403002,6.768820622526182
0.9,83244,photon,14,15.569200373967842,3,100000,0.92963,0.92963,0.07037,0.0,-12.635990023532159,8.282859674268947
0.9,83244,photon,14,15.569200373967842,4,100000,0.95978,0.95978,0.04022,0.0,-16.879628555274977,9.562913615795217
0.9,83244,photon,14,15.569200373967842,5,100000,0.97594,0.97594,0.02406,0.0,-21.095678152761185,10.660111117337163
0.9,83244,photon,14,15.569200373967842,6,100000,0.98502,0.98502,0.01498,0.0,-25.27921147207583,11.68461843183147
0.9,83244,photon,14,15.569200373967842,7,100000,0.99124,0.99124,0.00876,0.0,-29.505063279524407,12.609822976758375
0.9,83244,photon,14,15.569200373967842,8,100000,0.99446,0.99446,0.00554,0.0,-33.72821145571416,13.486313106386477
0.9,83244,photon,14,15.569200373967842,9,100000,0.99638,0.99638,0.00362,0.0,-37.9263041083553,14.30065882220296
0.9,83244,photon,14,15.569200373967842,10,100000,0.99796,0.99796,0.00204,0.0,-42.13466431014072,15.06947213688836
0.9,83244,photon,14,15.569200373967842,11,100000,0.99871,0.99871,0.00129,0.0,-46.33702156850618,15.812351857255896
0.9,83244,photon,14,15.569200373967842,12,100000,0.99909,0.99909,0.00091,0.0,-50.53546997197744,16.54564931346181
0.9,83244,photon,15,16.190788807908802,1,100000,0.77561,0.77561,0.22439,0.0,-4.2190227919299,4.789792678587672
0.9,83244,photon,15,16.190788807908802,2,100000,0.87112,0.87112,0.12888,0.0,-8.439841715962789,6.7663111342621
0.9,83244,photon,15,16.190788807908802,3,100000,0.92937,0.92937,0.07063,0.0,-12.683154750904471,8.284839610766848
0.9,83244,photon,15,16.190788807908802,4,100000,0.95932,0.95932,0.04068,0.0,-16.916472911293983,9.570952286056057
0.9,83244,photon,15,16.190788807908802,5,100000,0.97559,0.97559,0.02441,0.0,-21.12876445623165,10.682584871971544
0.9,83244,photon,15,16.190788807908802,6,100000,0.98568,0.98568,0.01432,0.0,-25.35852368239863,11.681173109281916
0.9,83244,photon,15,16.190788807908802,7,100000,0.99113,0.99113,0.00887,0.0,-29.584754369631447,12.6323648455403
0.9,83244,photon,15,16.190788807908802,8,100000,0.99462,0.99462,0.00538,0.0,-33.80555826095988,13.508324430326764
0.9,83244,photon,15,16.190788807908802,9,100000,0.99678,0.99678,0.00322,0.0,-38.005978897813065,14.317361981638072
0.9,83244,photon,15,16.190788807908802,10,100000,0.99775,0.99775,0.00225,0.0,-42.237247394066586,15.109305760790937
0.9,83244,photon,15,16.190788807908802,11,100000,0.99857,0.99857,0.00143,0.0,-46.4329302048644,15.861024643058244
0.9,83244,photon,15,16.190788807908802,12,100000,0.99914,0.99914,0.00086,0.0,-50.64386770771899,16.550842244955497
0.9,83244,photon,16,16.83719368533617,1,100000,0.77709,0.77709,0.22291,0.0,-4.250980867028206,4.786275454217453
0.9,83244,photon,16,16.83719368533617,2,100000,0.87442,0.87442,0.12558,0.0,-8.489026535535567,6.7602874443219685
0.9,83244,photon,16,16.83719368533617,3,100000,0.93179,0.93179,0.06821,0.0,-12.729803779662568,8.272574942024594
0.9,83244,photon,16,16.83719368533617,4,100000,0.96085,0.96085,0.03915,0.0,-16.95918105320305,9.561554124294904
0.9,83244,photon,16,16.83719368533617,5,100000,0.97694,0.97694,0.02306,0.0,-21.207013350526946,10.691069302492293
0.9,83244,photon,16,16.83719368533617,6,100000,0.98607,0.98607,0.01393,0.0,-25.427998145944724,11.714888492857138
0.9,83244,photon,16,16.83719368533617,7,100000,0.99111,0.99111,0.00889,0.0,-29.64738680475161,12.63765911103175
0.9,83244,photon,16,16.83719368533617,8,100000,0.9946,0.9946,0.0054,0.0,-33.86074492859057,13.486942480715454
0.9,83244,photon,16,16.83719368533617,9,100000,0.99664,0.99664,0.00336,0.0,-38.07100067671242,14.28250246194682
0.9,83244,photon,16,16.83719368533617,10,100000,0.99782,0.99782,0.00218,0.0,-42.32006015690363,15.046336008546069
0.9,83244,photon,16,16.83719368533617,11,100000,0.99854,0.99854,0.00146,0.0,-46.52283051476743,15.776743147197957
0.9,83244,photon,16,16.83719368533617,12,100000,0.99912,0.99912,0.00088,0.0,-50.76647521609765,16.500888694589467
0.9,83244,photon,17,17.509405783802578,1,100000,0.77835,0.77835,0.22165,0.0,-4.261952047858128,4.786313375385357
0.9,83244,photon,17,17.509405783802578,2,100000,0.87484,0.87484,0.12516,0.0,-8.493340228621005,6.741597501809893
0.9,83244,photon,17,17.509405783802578,3,100000,0.93155,0.93155,0.06845,0.0,-12.746639884739519,8.259651782336215
0.9,83244,photon,17,17.509405783802578,4,100000,0.9608,0.9608,0.0392,0.0,-16.990224907170486,9.530870916589821
0.9,83244,photon,17,17.509405783802578,5,100000,0.97696,0.97696,0.02304,0.0,-21.244123481280095,10.673669805745828
0.9,83244,photon,17,17.509405783802578,6,100000,0.98604,0.98604,0.01396,0.0,-25.47591477348591,11.698306487882643
0.9,83244,photon,17,17.509405783802578,7,100000,0.99171,0.99171,0.00829,0.0,-29.714003417752735,12.620931814930698
0.9,83244,photon,17,17.509405783802578,8,100000,0.99497,0.99497,0.00503,0.0,-33.95227014748726,13.497917943704
0.9,83244,photon,17,17.509405783802578,9,100000,0.99662,0.99662,0.00338,0.0,-38.159359126931164,14.327545116524146
0.9,83244,photon,17,17.509405783802578,10,100000,0.99785,0.99785,0.00215,0.0,-42.38924282708355,15.113568584756619
0.9,83244,photon,17,17.509405783802578,11,100000,0.99871,0.99871,0.00129,0.0,-46.62623225987299,15.83494925934187
0.9,83244,photon,17,17.509405783802578,12,100000,0.99916,0.99916,0.00084,0.0,-50.85190889693958,16.531758375137734
0.9,83244,photon,18,18.208455436897705,1,100000,0.78078,0.78078,0.21922,0.0,-4.303460734158453,4.782646171521176
0.9,83244,photon,18,18.208455436897705,2,100000,0.87597,0.87597,0.12403,0.0,-8.569532619352852,6.7569745252182205
0.9,83244,photon,18,18.208455436897705,3,100000,0.93172,0.93172,0.06828,0.0,-12.811438382355112,8.275028393410304
0.9,83244,photon,18,18.208455436897705,4,100000,0.96288,0.96288,0.03712,0.0,-17.042965735503525,9.521537726902482
0.9,83244,photon,18,18.208455436897705,5,100000,0.97799,0.97799,0.02201,0.0,-21.296956178461365,10.64012009473991
0.9,83244,photon,18,18.208455436897705,6,100000,0.98703,0.98703,0.01297,0.0,-25.56475280463014,11.632943835375015
0.9,83244,photon,18,18.208455436897705,7,100000,0.99206,0.99206,0.00794,0.0,-29.828510962678305,12.571055556845078
0.9,83244,photon,18,18.208455436897705,8,100000,0.99504,0.99504,0.00496,0.0,-34.08406639350996,13.435303682071817
0.9,83244,photon,18,18.208455436897705,9,100000,0.99715,0.99715,0.00285,0.0,-38.32533825677804,14.257966206177192
0.9,83244,photon,18,18.208455436897705,10,100000,0.9983,0.9983,0.0017,0.0,-42.604002153971436,15.027927332559095
0.9,83244,photon,18,18.208455436897705,11,100000,0.99886,0.99886,0.00114,0.0,-46.85841371257378,15.772310282895281
0.9,83244,photon,18,18.208455436897705,12,100000,0.99926,0.99926,0.00074,0.0,-51.136391659734855,16.49915124220169
0.9,83244,photon,19,18.935414113492897,1,100000,0.78089,0.78089,0.21911,0.0,-4.317572503475366,4.785161351175578
0.9,83244,photon,19,18.935414113492897,2,100000,0.87571,0.87571,0.12429,0.0,-8.577620402654317,6.768386776479595
0.9,83244,photon,19,18.935414113492897,3,100000,0.93244,0.93244,0.06756,0.0,-12.848600442046665,8.285076524964955
0.9,83244,photon,19,18.935414113492897,4,100000,0.96159,0.96159,0.03841,0.0,-17.097474790449482,9.561692165946146
0.9,83244,photon,19,18.935414113492897,5,100000,0.97736,0.97736,0.02264,0.0,-21.34227224552063,10.694607496880984
0.9,83244,photon,19,18.935414113492897,6,100000,0.98622,0.98622,0.01378,0.0,-25.615948914831076,11.669893990485722
0.9,83244,photon,19,18.935414113492897,7,100000,0.99134,0.99134,0.00866,0.0,-29.880473481571226,12.604729417965581
0.9,83244,photon,19,18.935414113492897,8,100000,0.99467,0.99467,0.00533,0.0,-34.13224026493965,13.462448929005497
0.9,83244,photon,19,18.935414113492897,9,100000,0.99669,0.99669,0.00331,0.0,-38.40218305449346,14.296312554209335
0.9,83244,photon,19,18.935414113492897,10,100000,0.99802,0.99802,0.00198,0.0,-42.675256545080956,15.076889737728218
0.9,83244,photon,19,18.935414113492897,11,100000,0.99879,0.99879,0.00121,0.0,-46.94313900869267,15.801983808065822
0.9,83244,photon,19,18.935414113492897,12,100000,0.99923,0.99923,0.00077,0.0,-51.18957795887373,16.508425472142953
0.9,83244,su2,0,9.000000000000002,1,100000,0.85059,0.14941,0.85059,0.0,2.218940666587038,1.8592988799892098
0.9,83244,su2,0,9.000000000000002,2,100000,0.93371,0.06629,0.93371,0.0,4.420088192366134,2.6243646936943654
0.9,83244,su2,0,9.000000000000002,3,100000,0.96224,0.03776,0.96224,0.0,6.621892212489177,3.209273012076422
0.9,83244,su2,0,9.000000000000002,4,100000,0.97663,0.02337,0.97663,0.0,8.821791138407557,3.71463935089618
0.9,83244,su2,0,9.000000000000002,5,100000,0.9854,0.0146,0.9854,0.0,11.032277021271055,4.16842960052742
0.9,83244,su2,0,9.000000000000002,6,100000,0.99069,0.00931,0.99069,0.0,13.221908752675466,4.571074981239855
0.9,83244,su2,0,9.000000000000002,7,100000,0.99435,0.00565,0.99435,0.0,15.411919549553879,4.937448497696369
0.9,83244,su2,0,9.000000000000002,8,100000,0.99656,0.00344,0.99656,0.0,17.60503448516216,5.277126999393864
0.9,83244,su2,0,9.000000000000002,9,100000,0.99776,0.00224,0.99776,0.0,19.79269287586103,5.593298749956299
0.9,83244,su2,0,9.000000000000002,10,100000,0.99864,0.00136,0.99864,0.0,21.996112138902017,5.8900722436202635
0.9,83244,su2,0,9.000000000000002,11,100000,0.99918,0.00082,0.99918,0.0,24.198614598955885,6.187514103435613
0.9,83244,su2,0,9.000000000000002,12,100000,0.99944,0.00056,0.99944,0.0,26.388351515626823,6.464063072822434
0.9,83244,su2,1,10.478624812597394,1,100000,0.84962,0.15038,0.84962,0.0,2.210341384990609,1.8709251687356991
0.9,83244,su2,1,10.478624812597394,2,100000,0.93108,0.06892,0.93108,0.0,4.3955320591227744,2.6531946984075105
0.9,83244,su2,1,10.478624812597394,3,100000,0.96058,0.03942,0.96058,0.0,6.58361584377284,3.2547459810725146
0.9,83244,su2,1,10.478624812597394,4,100000,0.97441,0.02559,0.97441,0.0,8.761753762041268,3.7728921992514026
0.9,83244,su2,1,10.478624812597394,5,100000,0.98417,0.01583,0.98417,0.0,10.96067494871026,4.2103513848693375
0.9,83244,su2,1,10.478624812597394,6,100000,0.99018,0.00982,0.99018,0.0,13.138390793579065,4.607240601353659
0.9,83244,su2,1,10.478624812597394,7,100000,0.99397,0.00603,0.99397,0.0,15.319990875819007,4.970019873772814
0.9,83244,su2,1,10.478624812597394,8,100000,0.99619,0.00381,0.99619,0.0,17.494347891315535,5.324147642653376
0.9,83244,su2,1,10.478624812597394,9,100000,0.9977,0.0023,0.9977,0.0,19.677068267116795,5.6402010361438295
0.9,83244,su2,1,10.478624812597394,10,100000,0.99852,0.00148,0.99852,0.0,21.85769535289719,5.949505246666541
0.9,83244,su2,1,10.478624812597394,11,100000,0.99903,0.00097,0.99903,0.0,24.037817502230588,6.240765478664909
0.9,83244,su2,1,10.478624812597394,12,100000,0.99937,0.00063,0.99937,0.0,26.211207758057554,6.518484016837239
0.9,83244,su2,2,12.200175329242407,1,100000,0.8472,0.1528,0.8472,0.0,2.1925636346713744,1.903250395715013
0.9,83244,su2,2,12.200175329242407,2,100000,0.92871,0.07129,0.92871,0.0,4.369614409279676,2.679005533600558
0.9,83244,su2,2,12.200175329242407,3,100000,0.95867,0.04133,0.95867,0.0,6.546129589657776,3.2819046583762446
0.9,83244,su2,2,12.200175329242407,4,100000,0.97291,0.02709,0.97291,0.0,8.717991820625835,3.7958362481692483
0.9,83244,su2,2,12.200175329242407,5,100000,0.98289,0.01711,0.98289,0.0,10.893139728357665,4.247392301290873
0.9,83244,su2,2,12.200175329242407,6,100000,0.9893,0.0107,0.9893,0.0,13.062189361798428,4.6511333645261494
0.9,83244,su2,2,12.200175329242407,7,100000,0.99342,0.00658,0.99342,0.0,15.223379986993319,5.034766316626929
0.9,83244,su2,2,12.200175329242407,8,100000,0.99546,0.00454,0.99546,0.0,17.39894780730467,5.388028844063143
0.9,83244,su2,2,12.200175329242407,9,100000,0.99708,0.00292,0.99708,0.0,19.57309102451643,5.706794932626592
0.9,83244,su2,2,12.200175329242407,10,100000,0.99802,0.00198,0.99802,0.0,21.736553839872563,6.027327327569962
0.9,83244,su2,2,12.200175329242407,11,100000,0.99878,0.00122,0.99878,0.0,23.8995787303249,6.318117835293484
0.9,83244,su2,2,12.200175329242407,12,100000,0.99929,0.00071,0.99929,0.0,26.066187523431708,6.595320448556553
0.9,83244,su2,3,14.204562213670894,1,100000,0.84963,0.15037,0.84963,0.0,2.203519347168664,1.8863298904000467
0.9,83244,su2,3,14.204562213670894,2,100000,0.9294,0.0706,0.9294,0.0,4.377136646085753,2.6838612232093086
0.9,83244,su2,3,14.204562213670894,3,100000,0.95874,0.04126,0.95874,0.0,6.5516011273034325,3.2907331950101573
0.9,83244,su2,3,14.204562213670894,4,100000,0.97358,0.02642,0.97358,0.0,8.729453793336289,3.7947979067972097
0.9,83244,su2,3,14.204562213670894,5,100000,0.98278,0.01722,0.98278,0.0,10.89959798992765,4.253956926850034
0.9,83244,su2,3,14.204562213670894,6,100000,0.98941,0.01059,0.98941,0.0,13.065715973081904,4.652952788036144
0.9,83244,su2,3,14.204562213670894,7,100000,0.99327,0.00673,0.99327,0.0,15.228053291879547,5.025028626595503
0.9,83244,su2,3,14.204562213670894,8,100000,0.99559,0.00441,0.99559,0.0,17.394472712410824,5.369321833087107
0.9,83244,su2,3,14.204562213670894,9,100000,0.99714,0.00286,0.99714,0.0,19.561447079040306,5.6961695469238816
0.9,83244,su2,3,14.204562213670894,10,100000,0.99823,0.00177,0.99823,0.0,21.719597351418813,6.006924292296345
0.9,83244,su2,3,14.204562213670894,11,100000,0.99882,0.00118,0.99882,0.0,23.884690391318454,6.296600730953337
0.9,83244,su2,3,14.204562213670894,12,100000,0.99924,0.00076,0.99924,0.0,26.047174661090054,6.5699646489053976
0.9,83244,su2,4,16.538253118250562,1,100000,0.84784,0.15216,0.84784,0.0,2.1900606172374317,1.8864678350746313
0.9,83244,su2,4,16.538253118250562,2,100000,0.92897,0.07103,0.92897,0.0,4.3699145473353695,2.6703293188796
0.9,83244,su2,4,16.538253118250562,3,100000,0.95918,0.04082,0.95918,0.0,6.5296600990875255,3.275965619076275
0.9,83244,su2,4,16.538253118250562,4,100000,0.97342,0.02658,0.97342,0.0,8.688791309940582,3.789717194223856
0.9,83244,su2,4,16.538253118250562,5,100000,0.98337,0.01663,0.98337,0.0,10.850322491802135,4.246113688140404
0.9,83244,su2,4,16.538253118250562,6,100000,0.98913,0.01087,0.98913,0.0,13.005721696149442,4.664580018112197
0.9,83244,su2,4,16.538253118250562,7,100000,0.99327,0.00673,0.99327,0.0,15.15562165501012,5.0361866803780355
0.9,83244,su2,4,16.538253118250562,8,100000,0.99581,0.00419,0.99581,0.0,17.30747207737783,5.401393478915712
0.9,83244,su2,4,16.538253118250562,9,100000,0.99743,0.00257,0.99743,0.0,19.47457495220723,5.717775386410867
0.9,83244,su2,4,16.538253118250562,10,100000,0.99815,0.00185,0.99815,0.0,21.62251916367896,6.035246222256114
0.9,83244,su2,4,16.538253118250562,11,100000,0.99891,0.00109,0.99891,0.0,23.786129508926496,6.324418957474168
0.9,83244,su2,4,16.538253118250562,12,100000,0.99916,0.00084,0.99916,0.0,25.939200703963568,6.614225087297838
0.9,83244,su2,5,19.255349942435167,1,100000,0.84412,0.15588,0.84412,0.0,2.1725413491455843,1.910399022962543
0.9,83244,su2,5,19.255349942435167,2,100000,0.92767,0.07233,0.92767,0.0,4.34106380204169,2.6928866488413754
0.9,83244,su2,5,19.255349942435167,3,100000,0.9568,0.0432,0.9568,0.0,6.497127532634739,3.3046119000582155
0.9,83244,su2,5,19.255349942435167,4,100000,0.97214,0.02786,0.97214,0.0,8.652180778843931,3.8295503986802997
0.9,83244,su2,5,19.255349942435167,5,100000,0.9814,0.0186,0.9814,0.0,10.80559254213754,4.281905808160348
0.9,83244,su2,5,19.255349942435167,6,100000,0.98812,0.01188,0.98812,0.0,12.9639348158262,4.683387783326774
0.9,83244,su2,5,19.255349942435167,7,100000,0.99277,0.00723,0.99277,0.0,15.113596067729933,5.051753593658007
0.9,83244,su2,5,19.255349942435167,8,100000,0.99528,0.00472,0.99528,0.0,17.274891390261477,5.4031449068208435
0.9,83244,su2,5,19.255349942435167,9,100000,0.99697,0.00303,0.99697,0.0,19.426763776041177,5.734291599181139
0.9,83244,su2,5,19.255349942435167,10,100000,0.99817,0.00183,0.99817,0.0,21.581004136568094,6.043769942247493
0.9,83244,su2,5,19.255349942435167,11,100000,0.99878,0.00122,0.99878,0.0,23.73080769162264,6.339218605282798
0.9,83244,su2,5,19.255349942435167,12,100000,0.99908,0.00092,0.99908,0.0,25.874878283480182,6.616322529116281
0.9,83244,su2,6,22.418843075782977,1,100000,0.84361,0.15639,0.84361,0.0,2.1707465947000992,1.9071151196464615
0.9,83244,su2,6,22.418843075782977,2,100000,0.92702,0.07298,0.92702,0.0,4.333387744375655,2.6955287655045406
0.9,83244,su2,6,22.418843075782977,3,100000,0.95721,0.04279,0.95721,0.0,6.499097586962022,3.303639114735103
0.9,83244,su2,6,22.418843075782977,4,100000,0.97221,0.02779,0.97221,0.0,8.664888301582975,3.8158714916923215
0.9,83244,su2,6,22.418843075782977,5,100000,0.9828,0.0172,0.9828,0.0,10.819311241722259,4.265634331210462
0.9,83244,su2,6,22.418843075782977,6,100000,0.98914,0.01086,0.98914,0.0,12.969976315298117,4.675116519093287
0.9,83244,su2,6,22.418843075782977,7,100000,0.99313,0.00687,0.99313,0.0,15.125240012231654,5.050717011862341
0.9,83244,su2,6,22.418843075782977,8,100000,0.99577,0.00423,0.99577,0.0,17.266661428345483,5.395217847784074
0.9,83244,su2,6,22.418843075782977,9,100000,0.99721,0.00279,0.99721,0.0,19.420078610799607,5.728864952820013
0.9,83244,su2,6,22.418843075782977,10,100000,0.99797,0.00203,0.99797,0.0,21.572712026943705,6.036775207332615
0.9,83244,su2,6,22.418843075782977,11,100000,0.99896,0.00104,0.99896,0.0,23.720534554599197,6.333457328730859
0.9,83244,su2,6,22.418843075782977,12,100000,0.99927,0.00073,0.99927,0.0,25.868891827022043,6.607707296741715
0.9,83244,su2,7,26.10207170262519,1,100000,0.84198,0.15802,0.84198,0.0,2.163400361012921,1.9146922467555965
0.9,83244,su2,7,26.10207170262519,2,100000,0.92653,0.07347,0.92653,0.0,4.315999948768825,2.69071530226198
0.9,83244,su2,7,26.10207170262519,3,100000,0.95716,0.04284,0.95716,0.0,6.4735914418640546,3.301153676343657
0.9,83244,su2,7,26.10207170262519,4,100000,0.97242,0.02758,0.97242,0.0,8.626489790456901,3.8142335343092504
0.9,83244,su2,7,26.10207170262519,5,100000,0.98266,0.01734,0.98266,0.0,10.772196932854964,4.27239000961218
0.9,83244,su2,7,26.10207170262519,6,100000,0.98846,0.01154,0.98846,0.0,12.925164214448154,4.685639330417952
0.9,83244,su2,7,26.10207170262519,7,100000,0.9927,0.0073,0.9927,0.0,15.079464096016501,5.066271498160384
0.9,83244,su2,7,26.10207170262519,8,100000,0.9954,0.0046,0.9954,0.0,17.220411001169303,5.412460586015909
0.9,83244,su2,7,26.10207170262519,9,100000,0.99694,0.00306,0.99694,0.0,19.364950571511887,5.743727296072111
0.9,83244,su2,7,26.10207170262519,10,100000,0.99803,0.00197,0.99803,0.0,21.51070552072052,6.060600343020866
0.9,83244,su2,7,26.10207170262519,11,100000,0.99875,0.00125,0.99875,0.0,23.64912194910894,6.353750266248432
0.9,83244,su2,7,26.10207170262519,12,100000,0.9991,0.0009,0.9991,0.0,25.792211600651786,6.643609587346052
0.9,83244,su2,8,30.390424022591617,1,100000,0.84336,0.15664,0.84336,0.0,2.168037534865489,1.9145149925372373
0.9,83244,su2,8,30.390424022591617,2,100000,0.9254,0.0746,0.9254,0.0,4.315308058025349,2.7246324753795768
0.9,83244,su2,8,30.390424022591617,3,100000,0.95528,0.04472,0.95528,0.0,6.462416412863275,3.3243648314772303
0.9,83244,su2,8,30.390424022591617,4,100000,0.97059,0.02941,0.97059,0.0,8.600995086296862,3.840073494311925
0.9,83244,su2,8,30.390424022591617,5,100000,0.98105,0.01895,0.98105,0.0,10.748014023368501,4.302278895748548
0.9,83244,su2,8,30.390424022591617,6,100000,0.98774,0.01226,0.98774,0.0,12.8914649547894,4.725930100762068
0.9,83244,su2,8,30.390424022591617,7,100000,0.99209,0.00791,0.99209,0.0,15.025780368962765,5.1161961944533605
0.9,83244,su2,8,30.390424022591617,8,100000,0.99485,0.00515,0.99485,0.0,17.1757678873172,5.460772328484454
0.9,83244,su2,8,30.390424022591617,9,100000,0.99685,0.00315,0.99685,0.0,19.324938770928227,5.774020260168644
0.9,83244,su2,8,30.390424022591617,10,100000,0.99789,0.00211,0.99789,0.0,21.47462793042345,6.084870229605983
0.9,83244,su2,8,30.390424022591617,11,100000,0.9985,0.0015,0.9985,0.0,23.613796008589677,6.387945851184291
0.9,83244,su2,8,30.390424022591617,12,100000,0.99899,0.00101,0.99899,0.0,25.756450989723234,6.67103923003862
0.9,83244,su2,9,35.3833168031649,1,100000,0.84362,0.15638,0.84362,0.0,2.168977273127542,1.910888672775649
0.9,83244,su2,9,35.3833168031649,2,100000,0.9263,0.0737,0.9263,0.0,4.328248428081014,2.7051292691056736
0.9,83244,su2,9,35.3833168031649,3,100000,0.95591,0.04409,0.95591,0.0,6.470619514608841,3.324286260621199
0.9,83244,su2,9,35.3833168031649,4,100000,0.97156,0.02844,0.97156,0.0,8.617736867054585,3.829499430235396
0.9,83244,su2,9,35.3833168031649,5,100000,0.98144,0.01856,0.98144,0.0,10.752536561971251,4.294265584216123
0.9,83244,su2,9,35.3833168031649,6,100000,0.98812,0.01188,0.98812,0.0,12.901974800343748,4.698894798774665
0.9,83244,su2,9,35.3833168031649,7,100000,0.99273,0.00727,0.99273,0.0,15.051970704788955,5.0590603753440435
0.9,83244,su2,9,35.3833168031649,8,100000,0.99508,0.00492,0.99508,0.0,17.200810293214527,5.416889218421214
0.9,83244,su2,9,35.3833168031649,9,100000,0.99712,0.00288,0.99712,0.0,19.338708444373204,5.7478067635061505
0.9,83244,su2,9,35.3833168031649,10,100000,0.99792,0.00208,0.99792,0.0,21.47636152329343,6.068317102159294
0.9,83244,su2,9,35.3833168031649,11,100000,0.99878,0.00122,0.99878,0.0,23.63002339073114,6.375559813116524
0.9,83244,su2,9,35.3833168031649,12,100000,0.99929,0.00071,0.99929,0.0,25.76956565628415,6.659785206704947
0.9,83244,su2,10,41.196500156181976,1,100000,0.84329,0.15671,0.84329,0.0,2.1625954097988815,1.9180743097139172
0.9,83244,su2,10,41.196500156181976,2,100000,0.92468,0.07532,0.92468,0.0,4.295255423078179,2.7209576236612145
0.9,83244,su2,10,41.196500156181976,3,100000,0.95493,0.04507,0.95493,0.0,6.438369437563693,3.336090971031613
0.9,83244,su2,10,41.196500156181976,4,100000,0.97093,0.02907,0.97093,0.0,8.578086565182636,3.8576568044076427
0.9,83244,su2,10,41.196500156181976,5,100000,0.98103,0.01897,0.98103,0.0,10.706157695939005,4.318987192745362
0.9,83244,su2,10,41.196500156181976,6,100000,0.98793,0.01207,0.98793,0.0,12.845905047245942,4.730911299364054
0.9,83244,su2,10,41.196500156181976,7,100000,0.99192,0.00808,0.99192,0.0,14.983382763560664,5.112828372878575
0.9,83244,su2,10,41.196500156181976,8,100000,0.99465,0.00535,0.99465,0.0,17.11953782909496,5.46108428563834
0.9,83244,su2,10,41.196500156181976,9,100000,0.9967,0.0033,0.9967,0.0,19.244957793179708,5.794426699339237
0.9,83244,su2,10,41.196500156181976,10,100000,0.99779,0.00221,0.99779,0.0,21.380758431849053,6.104368511988673
0.9,83244,su2,10,41.196500156181976,11,100000,0.9986,0.0014,0.9986,0.0,23.51807251311266,6.407839270351178
0.9,83244,su2,10,41.196500156181976,12,100000,0.99914,0.00086,0.99914,0.0,25.65251594448443,6.687350852628131
0.9,83244,su2,11,47.96474096986008,1,100000,0.84199,0.15801,0.84199,0.0,2.161429022129262,1.9273243123666197
0.9,83244,su2,11,47.96474096986008,2,100000,0.92584,0.07416,0.92584,0.0,4.316160072898633,2.7064036686834423
0.9,83244,su2,11,47.96474096986008,3,100000,0.95645,0.04355,0.95645,0.0,6.461610521665896,3.3136280537008256
0.9,83244,su2,11,47.96474096986008,4,100000,0.97203,0.02797,0.97203,0.0,8.601743294367145,3.830385652420936
0.9,83244,su2,11,47.96474096986008,5,100000,0.982,0.018,0.982,0.0,10.742882201504457,4.292989482259285
0.9,83244,su2,11,47.96474096986008,6,100000,0.98844,0.01156,0.98844,0.0,12.892288351561971,4.698590518834223
0.9,83244,su2,11,47.96474096986008,7,100000,0.99267,0.00733,0.99267,0.0,15.042026616822953,5.07293794731515
0.9,83244,su2,11,47.96474096986008,8,100000,0.99516,0.00484,0.99516,0.0,17.17975862708962,5.4284923080287895
0.9,83244,su2,11,47.96474096986008,9,100000,0.99689,0.00311,0.99689,0.0,19.319740189329192,5.750671503611055
0.9,83244,su2,11,47.96474096986008,10,100000,0.99799,0.00201,0.99799,0.0,21.4552157461462,6.065483014061025
0.9,83244,su2,11,47.96474096986008,11,100000,0.99858,0.00142,0.99858,0.0,23.587962281472045,6.372838767404444
0.9,83244,su2,11,47.96474096986008,12,100000,0.99902,0.00098,0.99902,0.0,25.71928014034842,6.6725988770057185
0.9,83244,su2,12,55.844947206286946,1,100000,0.83908,0.16092,0.83908,0.0,2.1432943944909706,1.9373913557535767
0.9,83244,su2,12,55.844947206286946,2,100000,0.92583,0.07417,0.92583,0.0,4.295864385077525,2.7278583333603748
0.9,83244,su2,12,55.844947206286946,3,100000,0.9543,0.0457,0.9543,0.0,6.4270564635036305,3.341615318007707
0.9,83244,su2,12,55.844947206286946,4,100000,0.97007,0.02993,0.97007,0.0,8.55250991044077,3.867702768019157
0.9,83244,su2,12,55.844947206286946,5,100000,0.98062,0.01938,0.98062,0.0,10.676033055408672,4.325538927921762
0.9,83244,su2,12,55.844947206286946,6,100000,0.98792,0.01208,0.98792,0.0,12.808267225931406,4.732135282242136
0.9,83244,su2,12,55.844947206286946,7,100000,0.99179,0.00821,0.99179,0.0,14.94145738784041,5.1123850944497775
0.9,83244,su2,12,55.844947206286946,8,100000,0.99487,0.00513,0.99487,0.0,17.067452635019347,5.474382110510892
0.9,83244,su2,12,55.844947206286946,9,100000,0.99682,0.00318,0.99682,0.0,19.195405677121084,5.814536891435442
0.9,83244,su2,12,55.844947206286946,10,100000,0.99787,0.00213,0.99787,0.0,21.33269568524596,6.127359877068937
0.9,83244,su2,12,55.844947206286946,11,100000,0.99857,0.00143,0.99857,0.0,23.475050457383077,6.42469184623291
0.9,83244,su2,12,55.844947206286946,12,100000,0.99909,0.00091,0.99909,0.0,25.60365782161801,6.71004583955105
0.9,83244,su2,13,65.0198054948877,1,100000,0.84215,0.15785,0.84215,0.0,2.1540349573864606,1.9204671723167357
0.9,83244,su2,13,65.0198054948877,2,100000,0.92532,0.07468,0.92532,0.0,4.300208316549371,2.7042058783696494
0.9,83244,su2,13,65.0198054948877,3,100000,0.95615,0.04385,0.95615,0.0,6.439938753900399,3.314680135619044
0.9,83244,su2,13,65.0198054948877,4,100000,0.97047,0.02953,0.97047,0.0,8.57192114980315,3.8388572825550784
0.9,83244,su2,13,65.0198054948877,5,100000,0.98106,0.01894,0.98106,0.0,10.706497419930647,4.301745401632464
0.9,83244,su2,13,65.0198054948877,6,100000,0.98781,0.01219,0.98781,0.0,12.8386405441083,4.716076953959523
0.9,83244,su2,13,65.0198054948877,7,100000,0.99203,0.00797,0.99203,0.0,14.978657624471875,5.09299318987114
0.9,83244,su2,13,65.0198054948877,8,100000,0.9945,0.0055,0.9945,0.0,17.104466789301675,5.441372464143436
0.9,83244,su2,13,65.0198054948877,9,100000,0.9964,0.0036,0.9964,0.0,19.231573854394917,5.769107518249959
0.9,83244,su2,13,65.0198054948877,10,100000,0.99762,0.00238,0.99762,0.0,21.363321950701792,6.088971270817184
0.9,83244,su2,13,65.0198054948877,11,100000,0.99857,0.00143,0.99857,0.0,23.49988336035966,6.384724917795538
0.9,83244,su2,13,65.0198054948877,12,100000,0.99891,0.00109,0.99891,0.0,25.628789600324716,6.674303161639582
0.9,83244,su2,14,75.70201635210961,1,100000,0.84074,0.15926,0.84074,0.0,2.159098110443048,1.923270909584465
0.9,83244,su2,14,75.70201635210961,2,100000,0.924,0.076,0.924,0.0,4.294961598591174,2.729729877599486
0.9,83244,su2,14,75.70201635210961,3,100000,0.9551,0.0449,0.9551,0.0,6.437185516204346,3.3383076302557013
0.9,83244,su2,14,75.70201635210961,4,100000,0.96912,0.03088,0.96912,0.0,8.56387570008121,3.8667841878195865
0.9,83244,su2,14,75.70201635210961,5,100000,0.98014,0.01986,0.98014,0.0,10.696456490423088,4.329900838914897
0.9,83244,su2,14,75.70201635210961,6,100000,0.98727,0.01273,0.98727,0.0,12.826323821198041,4.7337974367598115
0.9,83244,su2,14,75.70201635210961,7,100000,0.99144,0.00856,0.99144,0.0,14.948675720453654,5.1191933011647945
0.9,83244,su2,14,75.70201635210961,8,100000,0.99473,0.00527,0.99473,0.0,17.079794914287746,5.474985826335102
0.9,83244,su2,14,75.70201635210961,9,100000,0.99628,0.00372,0.99628,0.0,19.204758676355887,5.81276966396776
0.9,83244,su2,14,75.70201635210961,10,100000,0.99753,0.00247,0.99753,0.0,21.32998269368659,6.133275799530206
0.9,83244,su2,14,75.70201635210961,11,100000,0.99838,0.00162,0.99838,0.0,23.449606519464346,6.43986944903127
0.9,83244,su2,14,75.70201635210961,12,100000,0.9988,0.0012,0.9988,0.0,25.57699200084218,6.728756942321957
0.9,83244,su2,15,88.1392252123188,1,100000,0.84179,0.15821,0.84179,0.0,2.150638156345537,1.925888993323549
0.9,83244,su2,15,88.1392252123188,2,100000,0.9228,0.0772,0.9228,0.0,4.280409384872928,2.7316039663279614
0.9,83244,su2,15,88.1392252123188,3,100000,0.9538,0.0462,0.9538,0.0,6.411333986898743,3.352455873860879
0.9,83244,su2,15,88.1392252123188,4,100000,0.96956,0.03044,0.96956,0.0,8.553996889141914,3.862702781439661
0.9,83244,su2,15,88.1392252123188,5,100000,0.98048,0.01952,0.98048,0.0,10.695978464972153,4.320030523305514
0.9,83244,su2,15,88.1392252123188,6,100000,0.98781,0.01219,0.98781,0.0,12.82209973657538,4.74280657823564
0.9,83244,su2,15,88.1392252123188,7,100000,0.9918,0.0082,0.9918,0.0,14.96096232626693,5.123001754410635
0.9,83244,su2,15,88.1392252123188,8,100000,0.99436,0.00564,0.99436,0.0,17.096511664349133,5.4898267857671605
0.9,83244,su2,15,88.1392252123188,9,100000,0.99634,0.00366,0.99634,0.0,19.227390710971775,5.814252623089109
0.9,83244,su2,15,88.1392252123188,10,100000,0.99776,0.00224,0.99776,0.0,21.362809840693185,6.1247363350893655
0.9,83244,su2,15,88.1392252123188,11,100000,0.99854,0.00146,0.99854,0.0,23.48000627970873,6.422136097288527
0.9,83244,su2,15,88.1392252123188,12,100000,0.99902,0.00098,0.99902,0.0,25.60540082451592,6.7076997933755225
0.9,83244,su2,16,102.61976358587921,1,100000,0.83944,0.16056,0.83944,0.0,2.1437235943074042,1.9388804035897427
0.9,83244,su2,16,102.61976358587921,2,100000,0.92179,0.07821,0.92179,0.0,4.27298082685589,2.7359558642297213
0.9,83244,su2,16,102.61976358587921,3,100000,0.95399,0.04601,0.95399,0.0,6.414142643738755,3.3513461535965874
0.9,83244,su2,16,102.61976358587921,4,100000,0.97034,0.02966,0.97034,0.0,8.550473324368292,3.863064998470304
0.9,83244,su2,16,102.61976358587921,5,100000,0.98081,0.01919,0.98081,0.0,10.67665281321142,4.323315934432339
0.9,83244,su2,16,102.61976358587921,6,100000,0.98722,0.01278,0.98722,0.0,12.816650879184042,4.738318434696957
0.9,83244,su2,16,102.61976358587921,7,100000,0.99165,0.00835,0.99165,0.0,14.941283222510231,5.133120587596804
0.9,83244,su2,16,102.61976358587921,8,100000,0.99449,0.00551,0.99449,0.0,17.07065584287999,5.4937917234855345
0.9,83244,su2,16,102.61976358587921,9,100000,0.99624,0.00376,0.99624,0.0,19.189681929213965,5.835254075353391
0.9,83244,su2,16,102.61976358587921,10,100000,0.99748,0.00252,0.99748,0.0,21.308835948152527,6.154472295128101
0.9,83244,su2,16,102.61976358587921,11,100000,0.99828,0.00172,0.99828,0.0,23.423464969867094,6.452483857644277
0.9,83244,su2,16,102.61976358587921,12,100000,0.9989,0.0011,0.9989,0.0,25.54879956221856,6.727313394877429
0.9,83244,su2,17,119.47933344154129,1,100000,0.84035,0.15965,0.84035,0.0,2.1504267451406083,1.9262640149316297
0.9,83244,su2,17,119.47933344154129,2,100000,0.92337,0.07663,0.92337,0.0,4.289575840416555,2.7276054875763553
0.9,83244,su2,17,119.47933344154129,3,100000,0.95513,0.04487,0.95513,0.0,6.4273478449107815,3.3359475020363707
0.9,83244,su2,17,119.47933344154129,4,100000,0.97023,0.02977,0.97023,0.0,8.564788318438891,3.8569800827785903
0.9,83244,su2,17,119.47933344154129,5,100000,0.98101,0.01899,0.98101,0.0,10.708097938375692,4.30782376417321
0.9,83244,su2,17,119.47933344154129,6,100000,0.98756,0.01244,0.98756,0.0,12.840263188662261,4.717648359859372
0.9,83244,su2,17,119.47933344154129,7,100000,0.99183,0.00817,0.99183,0.0,14.973987932650179,5.096432447610769
0.9,83244,su2,17,119.47933344154129,8,100000,0.99468,0.00532,0.99468,0.0,17.11539245949825,5.454603475247495
0.9,83244,su2,17,119.47933344154129,9,100000,0.9967,0.0033,0.9967,0.0,19.24412147021869,5.787449526609975
0.9,83244,su2,17,119.47933344154129,10,100000,0.99789,0.00211,0.99789,0.0,21.38283125171249,6.098827660516136
0.9,83244,su2,17,119.47933344154129,11,100000,0.99853,0.00147,0.99853,0.0,23.509861197216523,6.4079775206749385
0.9,83244,su2,17,119.47933344154129,12,100000,0.99898,0.00102,0.99898,0.0,25.63598055828142,6.69467500054081
0.9,83244,su2,18,139.10878977701455,1,100000,0.84204,0.15796,0.84204,0.0,2.1557600113890425,1.9253497941156614
0.9,83244,su2,18,139.10878977701455,2,100000,0.92324,0.07676,0.92324,0.0,4.284319614351779,2.7316281391926425
0.9,83244,su2,18,139.10878977701455,3,100000,0.95525,0.04475,0.95525,0.0,6.42047376889524,3.3380533237450476
0.9,83244,su2,18,139.10878977701455,4,100000,0.97069,0.02931,0.97069,0.0,8.545240691005368,3.861528407915054
0.9,83244,su2,18,139.10878977701455,5,100000,0.98076,0.01924,0.98076,0.0,10.660076247032608,4.3207871787061425
0.9,83244,su2,18,139.10878977701455,6,100000,0.98716,0.01284,0.98716,0.0,12.786657764525874,4.7427023304577896
0.9,83244,su2,18,139.10878977701455,7,100000,0.99192,0.00808,0.99192,0.0,14.91334478899983,5.126377835987718
0.9,83244,su2,18,139.10878977701455,8,100000,0.99449,0.00551,0.99449,0.0,17.03132781402215,5.488457938659788
0.9,83244,su2,18,139.10878977701455,9,100000,0.99603,0.00397,0.99603,0.0,19.145589067249574,5.816608543362109
0.9,83244,su2,18,139.10878977701455,10,100000,0.99753,0.00247,0.99753,0.0,21.260733538547097,6.130830660026797
0.9,83244,su2,18,139.10878977701455,11,100000,0.9982,0.0018,0.9982,0.0,23.39159132033769,6.4345087392056
0.9,83244,su2,18,139.10878977701455,12,100000,0.99885,0.00115,0.99885,0.0,25.51300860507822,6.727764633706597
0.9,83244,su2,19,161.9632018008689,1,100000,0.83992,0.16008,0.83992,0.0,2.1402864205759338,1.9407383071257616
0.9,83244,su2,19,161.9632018008689,2,100000,0.92454,0.07546,0.92454,0.0,4.2826384753732105,2.731098451821137
0.9,83244,su2,19,161.9632018008689,3,100000,0.95329,0.04671,0.95329,0.0,6.408954651860627,3.350586834675656
0.9,83244,su2,19,161.9632018008689,4,100000,0.96921,0.03079,0.96921,0.0,8.546302856607477,3.879050026201229
0.9,83244,su2,19,161.9632018008689,5,100000,0.97941,0.02059,0.97941,0.0,10.672797876616766,4.338479095724743
0.9,83244,su2,19,161.9632018008689,6,100000,0.98682,0.01318,0.98682,0.0,12.80408489348375,4.755165776481961
0.9,83244,su2,19,161.9632018008689,7,100000,0.99113,0.00887,0.99113,0.0,14.920455868993178,5.147304861801556
0.9,83244,su2,19,161.9632018008689,8,100000,0.99439,0.00561,0.99439,0.0,17.041283417642568,5.501655183985249
0.9,83244,su2,19,161.9632018008689,9,100000,0.99656,0.00344,0.99656,0.0,19.173893606541363,5.828895657134834
0.9,83244,su2,19,161.9632018008689,10,100000,0.99758,0.00242,0.99758,0.0,21.30330160669686,6.145495550789026
0.9,83244,su2,19,161.9632018008689,11,100000,0.99841,0.00159,0.99841,0.0,23.427033911448728,6.455010439022894
0.9,83244,su2,19,161.9632018008689,12,100000,0.99894,0.00106,0.99894,0.0,25.546960224386087,6.742135753621687
0.9,93247,photon,0,9.000000000000002,1,100000,0.76336,0.76336,0.23664,0.0,-3.9884020411665664,4.783416463578765
0.9,93247,photon,0,9.000000000000002,2,100000,0.85798,0.85798,0.14202,0.0,-7.95797688872027,6.740983987365353
0.9,93247,photon,0,9.000000000000002,3,100000,0.91933,0.91933,0.08067,0.0,-11.936711290649885,8.254055619189678
0.9,93247,photon,0,9.000000000000002,4,100000,0.95131,0.95131,0.04869,0.0,-15.86291876362004,9.540824118989743
0.9,93247,photon,0,9.000000000000002,5,100000,0.96948,0.96948,0.03052,0.0,-19.826350699800066,10.649303560896122
0.9,93247,photon,0,9.000000000000002,6,100000,0.98032,0.98032,0.01968,0.0,-23.786948366948735,11.671373583839967
0.9,93247,photon,0,9.000000000000002,7,100000,0.98738,0.98738,0.01262,0.0,-27.732534389442886,12.619099240871744
0.9,93247,photon,0,9.000000000000002,8,100000,0.99177,0.99177,0.00823,0.0,-31.674988585483945,13.501888931282082
0.9,93247,photon,0,9.000000000000002,9,100000,0.99511,0.99511,0.00489,0.0,-35.60939521746697,14.279164762475329
0.9,93247,photon,0,9.000000000000002,10,100000,0.99661,0.99661,0.00339,0.0,-39.541860553733244,15.06458165017168
0.9,93247,photon,0,9.000000000000002,11,100000,0.99777,0.99777,0.00223,0.0,-43.46744485967047,15.789496552142317
0.9,93247,photon,0,9.000000000000002,12,100000,0.99864,0.99864,0.00136,0.0,-47.40919768400577,16.475747323430532
0.9,93247,photon,1,9.359318126242535,1,100000,0.76526,0.76526,0.23474,0.0,-4.031243302937547,4.782273025421041
0.9,93247,photon,1,9.359318126242535,2,100000,0.86032,0.86032,0.13968,0.0,-8.025535727137136,6.748973577204407
0.9,93247,photon,1,9.359318126242535,3,100000,0.92064,0.92064,0.07936,0.0,-12.008400605169964,8.237983487149943
0.9,93247,photon,1,9.359318126242535,4,100000,0.95253,0.95253,0.04747,0.0,-15.96306695709739,9.506742498913546
0.9,93247,photon,1,9.359318126242535,5,100000,0.97031,0.97031,0.02969,0.0,-19.933304831096653,10.641528626037559
0.9,93247,photon,1,9.359318126242535,6,100000,0.98061,0.98061,0.01939,0.0,-23.919940352224163,11.658787649871607
0.9,93247,photon,1,9.359318126242535,7,100000,0.98732,0.98732,0.01268,0.0,-27.864443398437515,12.588530045082571
0.9,93247,photon,1,9.359318126242535,8,100000,0.99188,0.99188,0.00812,0.0,-31.823558995257468,13.456947743823388
0.9,93247,photon,1,9.359318126242535,9,100000,0.99464,0.99464,0.00536,0.0,-35.78097016864214,14.268384043076441
0.9,93247,photon,1,9.359318126242535,10,100000,0.99651,0.99651,0.00349,0.0,-39.74196878285698,15.038082259030618
0.9,93247,photon,1,9.359318126242535,11,100000,0.99754,0.99754,0.00246,0.0,-43.72597047548506,15.77605556739
0.9,93247,photon,1,9.359318126242535,12,100000,0.99829,0.99829,0.00171,0.0,-47.69337724747995,16.502264478295732
0.9,93247,photon,2,9.732981754245785,1,100000,0.76491,0.76491,0.23509,0.0,-4.04691359081864,4.794049931566198
0.9,93247,photon,2,9.732981754245785,2,100000,0.86103,0.86103,0.13897,0.0,-8.066794201600432,6.7607103843038825
0.9,93247,photon,2,9.732981754245785,3,100000,0.9211,0.9211,0.0789,0.0,-12.06556428525283,8.268306583355407
0.9,93247,photon,2,9.732981754245785,4,100000,0.95145,0.95145,0.04855,0.0,-16.041840253329053,9.560992315278034
0.9,93247,photon,2,9.732981754245785,5,100000,0.97007,0.97007,0.02993,0.0,-20.02055163805678,10.675385248329455
0.9,93247,photon,2,9.732981754245785,6,100000,0.98099,0.98099,0.01901,0.0,-24.006738821276716,11.724533233455707
0.9,93247,photon,2,9.732981754245785,7,100000,0.98758,0.98758,0.01242,0.0,-27.9895495705463,12.632907303086878
0.9,93247,photon,2,9.732981754245785,8,100000,0.99195,0.99195,0.00805,0.0,-31.97467656070622,13.508334866125402
0.9,93247,photon,2,9.732981754245785,9,100000,0.9945,0.9945,0.0055,0.0,-35.941106144503586,14.338686375528995
0.9,93247,photon,2,9.732981754245785,10,100000,0.9968,0.9968,0.0032,0.0,-39.94796003593581,15.107105365297175
0.9,93247,photon,2,9.732981754245785,11,100000,0.99797,0.99797,0.00203,0.0,-43.94652773961106,15.866152955867623
0.9,93247,photon,2,9.732981754245785,12,100000,0.9987,0.9987,0.0013,0.0,-47.94968700671758,16.554825958568
0.9,93247,photon,3,10.121563617211155,1,100000,0.76521,0.76521,0.23479,0.0,-4.036968016208181,4.788062165157292
0.9,93247,photon,3,10.121563617211155,2,100000,0.85996,0.85996,0.14004,0.0,-8.064570517513767,6.757413609098086
0.9,93247,photon,3,10.121563617211155,3,100000,0.92035,0.92035,0.07965,0.0,-12.07126310819421,8.266167423238045
0.9,93247,photon,3,10.121563617211155,4,100000,0.95205,0.95205,0.04795,0.0,-16.09642986566219,9.55224293761068
0.9,93247,photon,3,10.121563617211155,5,100000,0.97024,0.97024,0.02976,0.0,-20.079573885106306,10.665595335207076
0.9,93247,photon,3,10.121563617211155,6,100000,0.9819,0.9819,0.0181,0.0,-24.109144376365016,11.679478628518321
0.9,93247,photon,3,10.121563617211155,7,100000,0.98834,0.98834,0.01166,0.0,-28.11565365430299,12.627428893283508
0.9,93247,photon,3,10.121563617211155,8,100000,0.99243,0.99243,0.00757,0.0,-32.145635377709766,13.49090800902699
0.9,93247,photon,3,10.121563617211155,9,100000,0.99536,0.99536,0.00464,0.0,-36.166103749192104,14.313589518563795
0.9,93247,photon,3,10.121563617211155,10,100000,0.99706,0.99706,0.00294,0.0,-40.176670597358246,15.085985299581315
0.9,93247,photon,3,10.121563617211155,11,100000,0.99804,0.99804,0.00196,0.0,-44.19367290364393,15.842526487675638
0.9,93247,photon,3,10.121563617211155,12,100000,0.99876,0.99876,0.00124,0.0,-48.203497825466094,16.541287009823492
0.9,93247,photon,4,10.525659314275703,1,100000,0.76657,0.76657,0.23343,0.0,-4.053120580891567,4.782967937156837
0.9,93247,photon,4,10.525659314275703,2,100000,0.8626,0.8626,0.1374,0.0,-8.10841745566866,6.766557788816278
0.9,93247,photon,4,10.525659314275703,3,100000,0.92171,0.92171,0.07829,0.0,-12.137246475828439,8.279116209014033
0.9,93247,photon,4,10.525659314275703,4,100000,0.95344,0.95344,0.04656,0.0,-16.14768761732176,9.558999941382096
0.9,93247,photon,4,10.525659314275703,5,100000,0.9714,0.9714,0.0286,0.0,-20.174483880113236,10.65459455787941
0.9,93247,photon,4,10.525659314275703,6,100000,0.98176,0.98176,0.01824,0.0,-24.218119688090965,11.659754641898761
0.9,93247,photon,4,10.525659314275703,7,100000,0.98871,0.98871,0.01129,0.0,-28.265897395692253,12.57687027606671
0.9,93247,photon,4,10.525659314275703,8,100000,0.99245,0.99245,0.00755,0.0,-32.28589075707882,13.475417244104055
0.9,93247,photon,4,10.525659314275703,9,100000,0.9948,0.9948,0.0052,0.0,-36.290527509888776,14.292322816991373
0.9,93247,photon,4,10.525659314275703,10,100000,0.99661,0.99661,0.00339,0.0,-40.29211481396689,15.048955478950814
0.9,93247,photon,4,10.525659314275703,11,100000,0.99776,0.99776,0.00224,0.0,-44.303835672437984,15.809756517910277
0.9,93247,photon,4,10.525659314275703,12,100000,0.99859,0.99859,0.00141,0.0,-48.33680969464546,16.500701411271407
0.9,93247,photon,5,10.945888223417125,1,100000,0.76862,0.76862,0.23138,0.0,-4.085726681410806,4.780499442097175
0.9,93247,photon,5,10.945888223417125,2,100000,0.86448,0.86448,0.13552,0.0,-8.14975038477697,6.750260629363029
0.9,93247,photon,5,10.945888223417125,3,100000,0.92206,0.92206,0.07794,0.0,-12.20303975782838,8.281390089968909
0.9,93247,photon,5,10.945888223417125,4,100000,0.9544,0.9544,0.0456,0.0,-16.25714567886794,9.532842637147104
0.9,93247,photon,5,10.945888223417125,5,100000,0.97215,0.97215,0.02785,0.0,-20.31861846935054,10.68832153600107
0.9,93247,photon,5,10.945888223417125,6,100000,0.98206,0.98206,0.01794,0.0,-24.376446189857834,11.691802447363331
0.9,93247,photon,5,10.945888223417125,7,100000,0.98821,0.98821,0.01179,0.0,-28.431257481280454,12.63973438944182
0.9,93247,photon,5,10.945888223417125,8,100000,0.99238,0.99238,0.00762,0.0,-32.48636927248978,13.519649875412261
0.9,93247,photon,5,10.945888223417125,9,100000,0.99526,0.99526,0.00474,0.0,-36.5145858284488,14.327945917176882
0.9,93247,photon,5,10.945888223417125,10,100000,0.99712,0.99712,0.00288,0.0,-40.56929370892108,15.111370758556069
0.9,93247,photon,5,10.945888223417125,11,100000,0.99818,0.99818,0.00182,0.0,-44.63825499696562,15.8370964950027
0.9,93247,photon,5,10.945888223417125,12,100000,0.99887,0.99887,0.00113,0.0,-48.674775394352515,16.553983747105537
0.9,93247,photon,6,11.382894450805844,1,100000,0.76936,0.76936,0.23064,0.0,-4.082860377186624,4.778597405733701
0.9,93247,photon,6,11.382894450805844,2,100000,0.86547,0.86547,0.13453,0.0,-8.171297161279355,6.755437816311448
0.9,93247,photon,6,11.382894450805844,3,100000,0.92361,0.92361,0.07639,0.0,-12.247217262958584,8.272504503124782
0.9,93247,photon,6,11.382894450805844,4,100000,0.95448,0.95448,0.04552,0.0,-16.314369561918944,9.541000558208589
0.9,93247,photon,6,11.382894450805844,5,100000,0.97306,0.97306,0.02694,0.0,-20.368419533408296,10.662124823980918
0.9,93247,photon,6,11.382894450805844,6,100000,0.98316,0.98316,0.01684,0.0,-24.43566322309351,11.671589895889511
0.9,93247,photon,6,11.382894450805844,7,100000,0.98917,0.98917,0.01083,0.0,-28.522467594039245,12.591540204626511
0.9,93247,photon,6,11.382894450805844,8,100000,0.99307,0.99307,0.00693,0.0,-32.598852405851105,13.464379846629312
0.9,93247,photon,6,11.382894450805844,9,100000,0.99599,0.99599,0.00401,0.0,-36.678501385488936,14.289508078929565
0.9,93247,photon,6,11.382894450805844,10,100000,0.99735,0.99735,0.00265,0.0,-40.7400231074086,15.051536144558401
0.9,93247,photon,6,11.382894450805844,11,100000,0.99828,0.99828,0.00172,0.0,-44.815434977883996,15.782082379142455
0.9,93247,photon,6,11.382894450805844,12,100000,0.99887,0.99887,0.00113,0.0,-48.8745685376335,16.48350727250266
0.9,93247,photon,7,11.837347818059184,1,100000,0.77024,0.77024,0.22976,0.0,-4.114596498692292,4.789043049920562
0.9,93247,photon,7,11.837347818059184,2,100000,0.86748,0.86748,0.13252,0.0,-8.217967885654817,6.749456589608691
0.9,93247,photon,7,11.837347818059184,3,100000,0.92398,0.92398,0.07602,0.0,-12.292648707539298,8.28052705021285
0.9,93247,photon,7,11.837347818059184,4,100000,0.95555,0.95555,0.04445,0.0,-16.37623237716926,9.561322884850409
0.9,93247,photon,7,11.837347818059184,5,100000,0.97327,0.97327,0.02673,0.0,-20.48226316962503,10.67706314468327
0.9,93247,photon,7,11.837347818059184,6,100000,0.98349,0.98349,0.01651,0.0,-24.58273760397507,11.684200531377803
0.9,93247,photon,7,11.837347818059184,7,100000,0.98996,0.98996,0.01004,0.0,-28.657488813376542,12.60222831140811
0.9,93247,photon,7,11.837347818059184,8,100000,0.9934,0.9934,0.0066,0.0,-32.761757870636934,13.511061610863676
0.9,93247,photon,7,11.837347818059184,9,100000,0.99581,0.99581,0.00419,0.0,-36.865746076279535,14.33757219013364
0.9,93247,photon,7,11.837347818059184,10,100000,0.99733,0.99733,0.00267,0.0,-40.95526420565186,15.107103070564866
0.9,93247,photon,7,11.837347818059184,11,100000,0.99815,0.99815,0.00185,0.0,-45.02398796961999,15.855387977586284
0.9,93247,photon,7,11.837347818059184,12,100000,0.99873,0.99873,0.00127,0.0,-49.106737578679734,16.585453982295306
0.9,93247,photon,8,12.309944888910984,1,100000,0.77134,0.77134,0.22866,0.0,-4.132929647189065,4.789251647897015
0.9,93247,photon,8,12.309944888910984,2,100000,0.8664,0.8664,0.1336,0.0,-8.257433261820381,6.778312078533134
0.9,93247,photon,8,12.309944888910984,3,100000,0.92428,0.92428,0.07572,0.0,-12.353515412788516,8.299037129076403
0.9,93247,photon,8,12.309944888910984,4,100000,0.95575,0.95575,0.04425,0.0,-16.463818103146995,9.567166683780977
0.9,93247,photon,8,12.309944888910984,5,100000,0.97291,0.97291,0.02709,0.0,-20.55738316787623,10.700908503330252
0.9,93247,photon,8,12.309944888910984,6,100000,0.9832,0.9832,0.0168,0.0,-24.679996265994394,11.724782671393593
0.9,93247,photon,8,12.309944888910984,7,100000,0.98959,0.98959,0.01041,0.0,-28.782582126681273,12.671146413339178
0.9,93247,photon,8,12.309944888910984,8,100000,0.99326,0.99326,0.00674,0.0,-32.900852388071186,13.528529217827966
0.9,93247,photon,8,12.309944888910984,9,100000,0.99594,0.99594,0.00406,0.0,-36.99151515029754,14.328521257646182
0.9,93247,photon,8,12.309944888910984,10,100000,0.99723,0.99723,0.00277,0.0,-41.117631089608665,15.105062752080508
0.9,93247,photon,8,12.309944888910984,11,100000,0.99796,0.99796,0.00204,0.0,-45.22679481701268,15.852190114745529
0.9,93247,photon,8,12.309944888910984,12,100000,0.99882,0.99882,0.00118,0.0,-49.354184104301275,16.537772407479196
0.9,93247,photon,9,12.801410036870129,1,100000,0.76961,0.76961,0.23039,0.0,-4.121095794019617,4.789312158569705
0.9,93247,photon,9,12.801410036870129,2,100000,0.86641,0.86641,0.13359,0.0,-8.25200143208584,6.757419298798244
0.9,93247,photon,9,12.801410036870129,3,100000,0.92499,0.92499,0.07501,0.0,-12.384173234867323,8.281087960673398
0.9,93247,photon,9,12.801410036870129,4,100000,0.9555,0.9555,0.0445,0.0,-16.504915991736368,9.564406201880978
0.9,93247,photon,9,12.801410036870129,5,100000,0.97308,0.97308,0.02692,0.0,-20.606438273665365,10.696181063135382
0.9,93247,photon,9,12.801410036870129,6,100000,0.98347,0.98347,0.01653,0.0,-24.740411224929552,11.70868105277864
0.9,93247,photon,9,12.801410036870129,7,100000,0.98989,0.98989,0.01011,0.0,-28.85989302720319,12.66184319266379
0.9,93247,photon,9,12.801410036870129,8,100000,0.99363,0.99363,0.00637,0.0,-32.96465533995946,13.541388674560359
0.9,93247,photon,9,12.801410036870129,9,100000,0.99593,0.99593,0.00407,0.0,-37.094099132726974,14.367382104408836
0.9,93247,photon,9,12.801410036870129,10,100000,0.99748,0.99748,0.00252,0.0,-41.20545946034846,15.138754058082068
0.9,93247,photon,9,12.801410036870129,11,100000,0.99844,0.99844,0.00156,0.0,-45.30811412574504,15.905866326706738
0.9,93247,photon,9,12.801410036870129,12,100000,0.99899,0.99899,0.00101,0.0,-49.44432233772671,16.611730954792645
0.9,93247,photon,10,13.312496555504637,1,100000,0.77329,0.77329,0.22671,0.0,-4.181531270078465,4.787876474598171
0.9,93247,photon,10,13.312496555504637,2,100000,0.86853,0.86853,0.13147,0.0,-8.321093174502703,6.763062327764806
0.9,93247,photon,10,13.312496555504637,3,100000,0.92872,0.92872,0.07128,0.0,-12.4804874477779,8.264589837973338
0.9,93247,photon,10,13.312496555504637,4,100000,0.95783,0.95783,0.04217,0.0,-16.59887707247676,9.543449978111994
0.9,93247,photon,10,13.312496555504637,5,100000,0.97482,0.97482,0.02518,0.0,-20.74270800210257,10.668912672962971
0.9,93247,photon,10,13.312496555504637,6,100000,0.98437,0.98437,0.01563,0.0,-24.866004989477783,11.687870522478363
0.9,93247,photon,10,13.312496555504637,7,100000,0.99012,0.99012,0.00988,0.0,-29.006665140455286,12.620147497893704
0.9,93247,photon,10,13.312496555504637,8,100000,0.9938,0.9938,0.0062,0.0,-33.14058761281238,13.473789497002935
0.9,93247,photon,10,13.312496555504637,9,100000,0.99633,0.99633,0.00367,0.0,-37.288713380653526,14.300309882942065
0.9,93247,photon,10,13.312496555504637,10,100000,0.99755,0.99755,0.00245,0.0,-41.423513889145646,15.066292549416591
0.9,93247,photon,10,13.312496555504637,11,100000,0.9983,0.9983,0.0017,0.0,-45.562705500168235,15.807415203106043
0.9,93247,photon,10,13.312496555504637,12,100000,0.99911,0.99911,0.00089,0.0,-49.67582718099012,16.501920146428983
0.9,93247,photon,11,13.843987813052868,1,100000,0.77441,0.77441,0.22559,0.0,-4.201299401484145,4.783871853299672
0.9,93247,photon,11,13.843987813052868,2,100000,0.8697,0.8697,0.1303,0.0,-8.332769988105886,6.7492064867299595
0.9,93247,photon,11,13.843987813052868,3,100000,0.92774,0.92774,0.07226,0.0,-12.499397403565942,8.273872652751173
0.9,93247,photon,11,13.843987813052868,4,100000,0.95864,0.95864,0.04136,0.0,-16.667078914262525,9.557186664133582
0.9,93247,photon,11,13.843987813052868,5,100000,0.97533,0.97533,0.02467,0.0,-20.811285298414095,10.650498113329858
0.9,93247,photon,11,13.843987813052868,6,100000,0.98475,0.98475,0.01525,0.0,-24.954730606216522,11.667261051777723
0.9,93247,photon,11,13.843987813052868,7,100000,0.99029,0.99029,0.00971,0.0,-29.10045168821911,12.6134765885908
0.9,93247,photon,11,13.843987813052868,8,100000,0.99371,0.99371,0.00629,0.0,-33.241119667469825,13.481557082799796
0.9,93247,photon,11,13.843987813052868,9,100000,0.99612,0.99612,0.00388,0.0,-37.38056980306919,14.314860517761149
0.9,93247,photon,11,13.843987813052868,10,100000,0.99732,0.99732,0.00268,0.0,-41.531161462307765,15.0844620811345
0.9,93247,photon,11,13.843987813052868,11,100000,0.9983,0.9983,0.0017,0.0,-45.691159882048204,15.812632812760409
0.9,93247,photon,11,13.843987813052868,12,100000,0.99879,0.99879,0.00121,0.0,-49.84891617576186,16.527268524473072
0.9,93247,photon,12,14.39669845313183,1,100000,0.77355,0.77355,0.22645,0.0,-4.196375673574845,4.797867528113056
0.9,93247,photon,12,14.39669845313183,2,100000,0.8696,0.8696,0.1304,0.0,-8.37687741500103,6.775235355395406
0.9,93247,photon,12,14.39669845313183,3,100000,0.92814,0.92814,0.07186,0.0,-12.564449919973189,8.305894514538679
0.9,93247,photon,12,14.39669845313183,4,100000,0.95821,0.95821,0.04179,0.0,-16.725317402280137,9.583429214080544
0.9,93247,photon,12,14.39669845313183,5,100000,0.97485,0.97485,0.02515,0.0,-20.902772221351757,10.713949735858128
0.9,93247,photon,12,14.39669845313183,6,100000,0.98435,0.98435,0.01565,0.0,-25.073957728461348,11.720077540988868
0.9,93247,photon,12,14.39669845313183,7,100000,0.98985,0.98985,0.01015,0.0,-29.263421367756465,12.663273805311253
0.9,93247,photon,12,14.39669845313183,8,100000,0.99347,0.99347,0.00653,0.0,-33.412803318649125,13.5605576668936
0.9,93247,photon,12,14.39669845313183,9,100000,0.99589,0.99589,0.00411,0.0,-37.59472503564611,14.380864369651055
0.9,93247,photon,12,14.39669845313183,10,100000,0.99754,0.99754,0.00246,0.0,-41.76807113133775,15.13780232958177
0.9,93247,photon,12,14.39669845313183,11,100000,0.99838,0.99838,0.00162,0.0,-45.934312258443654,15.861697895136745
0.9,93247,photon,12,14.39669845313183,12,100000,0.99902,0.99902,0.00098,0.0,-50.114278385892995,16.56277608049729
0.9,93247,photon,13,14.971475643382725,1,100000,0.77769,0.77769,0.22231,0.0,-4.246469036009386,4.78511639794147
0.9,93247,photon,13,14.971475643382725,2,100000,0.87255,0.87255,0.12745,0.0,-8.45225788088204,6.744898106734064
0.9,93247,photon,13,14.971475643382725,3,100000,0.93164,0.93164,0.06836,0.0,-12.675756475663322,8.253425326807564
0.9,93247,photon,13,14.971475643382725,4,100000,0.96012,0.96012,0.03988,0.0,-16.880533893615432,9.531184965211413
0.9,93247,photon,13,14.971475643382725,5,100000,0.97598,0.97598,0.02402,0.0,-21.075471968243477,10.676259922362487
0.9,93247,photon,13,14.971475643382725,6,100000,0.98531,0.98531,0.01469,0.0,-25.283240348499902,11.682411246775152
0.9,93247,photon,13,14.971475643382725,7,100000,0.99091,0.99091,0.00909,0.0,-29.47314768394337,12.617863369681682
0.9,93247,photon,13,14.971475643382725,8,100000,0.99399,0.99399,0.00601,0.0,-33.661627134866116,13.47345165679322
0.9,93247,photon,13,14.971475643382725,9,100000,0.99632,0.99632,0.00368,0.0,-37.84796090237262,14.285577089361416
0.9,93247,photon,13,14.971475643382725,10,100000,0.99764,0.99764,0.00236,0.0,-42.03516581633778,15.061008854810117
0.9,93247,photon,13,14.971475643382725,11,100000,0.99857,0.99857,0.00143,0.0,-46.24573079950748,15.813169386470785
0.9,93247,photon,13,14.971475643382725,12,100000,0.99912,0.99912,0.00088,0.0,-50.40612426741115,16.503771204534054
0.9,93247,photon,14,15.569200373967842,1,100000,0.77797,0.77797,0.22203,0.0,-4.24993781346515,4.780867606812771
0.9,93247,photon,14,15.569200373967842,2,100000,0.87235,0.87235,0.12765,0.0,-8.461955169946632,6.760791131868679
0.9,93247,photon,14,15.569200373967842,3,100000,0.93102,0.93102,0.06898,0.0,-12.694139480757832,8.264359171342575
0.9,93247,photon,14,15.569200373967842,4,100000,0.95965,0.95965,0.04035,0.0,-16.885890807529552,9.549131305271256
0.9,93247,photon,14,15.569200373967842,5,100000,0.97571,0.97571,0.02429,0.0,-21.07274974357934,10.668710866623659
0.9,93247,photon,14,15.569200373967842,6,100000,0.98504,0.98504,0.01496,0.0,-25.27584020157034,11.654505908443324
0.9,93247,photon,14,15.569200373967842,7,100000,0.9909,0.9909,0.0091,0.0,-29.44728668245067,12.599077961464783
0.9,93247,photon,14,15.569200373967842,8,100000,0.99443,0.99443,0.00557,0.0,-33.65587639832587,13.494873537756604
0.9,93247,photon,14,15.569200373967842,9,100000,0.99617,0.99617,0.00383,0.0,-37.83655306539357,14.329531356142907
0.9,93247,photon,14,15.569200373967842,10,100000,0.99755,0.99755,0.00245,0.0,-42.067967569205614,15.09888355935841
0.9,93247,photon,14,15.569200373967842,11,100000,0.99852,0.99852,0.00148,0.0,-46.244474992092435,15.838134840240315
0.9,93247,photon,14,15.569200373967842,12,100000,0.99902,0.99902,0.00098,0.0,-50.41640467166411,16.559867623874872
0.9,93247,photon,15,16.190788807908802,1,100000,0.77882,0.77882,0.22118,0.0,-4.255065715684927,4.7812055712301245
0.9,93247,photon,15,16.190788807908802,2,100000,0.87352,0.87352,0.12648,0.0,-8.471072170935118,6.746688514399827
0.9,93247,photon,15,16.190788807908802,3,100000,0.93161,0.93161,0.06839,0.0,-12.71195434755373,8.270406843638233
0.9,93247,photon,15,16.190788807908802,4,100000,0.96047,0.96047,0.03953,0.0,-16.92810894369575,9.563500960319162
0.9,93247,photon,15,16.190788807908802,5,100000,0.97695,0.97695,0.02305,0.0,-21.161405523899905,10.666849441202375
0.9,93247,photon,15,16.190788807908802,6,100000,0.98605,0.98605,0.01395,0.0,-25.37462295413857,11.688964499668518
0.9,93247,photon,15,16.190788807908802,7,100000,0.99143,0.99143,0.00857,0.0,-29.585378356853916,12.584164929350983
0.9,93247,photon,15,16.190788807908802,8,100000,0.99489,0.99489,0.00511,0.0,-33.794216853023535,13.436889245345322
0.9,93247,photon,15,16.190788807908802,9,100000,0.99673,0.99673,0.00327,0.0,-37.98359965367889,14.249562805285516
0.9,93247,photon,15,16.190788807908802,10,100000,0.99801,0.99801,0.00199,0.0,-42.2048543948357,15.012466825280567
0.9,93247,photon,15,16.190788807908802,11,100000,0.99864,0.99864,0.00136,0.0,-46.40924474159179,15.760385133518518
0.9,93247,photon,15,16.190788807908802,12,100000,0.99922,0.99922,0.00078,0.0,-50.62310493325426,16.471020939974707
0.9,93247,photon,16,16.83719368533617,1,100000,0.78,0.78,0.22,0.0,-4.284503311968287,4.780786421448887
0.9,93247,photon,16,16.83719368533617,2,100000,0.87413,0.87413,0.12587,0.0,-8.527346874595715,6.765277741139023
0.9,93247,photon,16,16.83719368533617,3,100000,0.93088,0.93088,0.06912,0.0,-12.783695870289172,8.314537883503654
0.9,93247,photon,16,16.83719368533617,4,100000,0.96062,0.96062,0.03938,0.0,-17.032682462160544,9.595384508711371
0.9,93247,photon,16,16.83719368533617,5,100000,0.97628,0.97628,0.02372,0.0,-21.268361372020706,10.700217476542978
0.9,93247,photon,16,16.83719368533617,6,100000,0.9857,0.9857,0.0143,0.0,-25.520309614457865,11.708861555736938
0.9,93247,photon,16,16.83719368533617,7,100000,0.99065,0.99065,0.00935,0.0,-29.74888620167118,12.684808685716257
0.9,93247,photon,16,16.83719368533617,8,100000,0.99408,0.99408,0.00592,0.0,-33.98733141100306,13.550337386176205
0.9,93247,photon,16,16.83719368533617,9,100000,0.99628,0.99628,0.00372,0.0,-38.22387645279839,14.375819238345136
0.9,93247,photon,16,16.83719368533617,10,100000,0.99774,0.99774,0.00226,0.0,-42.460605866062984,15.141157863350996
0.9,93247,photon,16,16.83719368533617,11,100000,0.99844,0.99844,0.00156,0.0,-46.672478174956254,15.919830280793553
0.9,93247,photon,16,16.83719368533617,12,100000,0.9991,0.9991,0.0009,0.0,-50.917588312533155,16.62269107990003
0.9,93247,photon,17,17.509405783802578,1,100000,0.77941,0.77941,0.22059,0.0,-4.276850652719711,4.781818990368408
0.9,93247,photon,17,17.509405783802578,2,100000,0.87382,0.87382,0.12618,0.0,-8.511799820270287,6.765345340446372
0.9,93247,photon,17,17.509405783802578,3,100000,0.92963,0.92963,0.07037,0.0,-12.754678259471882,8.292799664752273
0.9,93247,photon,17,17.509405783802578,4,100000,0.95982,0.95982,0.04018,0.0,-17.012803323663388,9.565664731930758
0.9,93247,photon,17,17.509405783802578,5,100000,0.97602,0.97602,0.02398,0.0,-21.282393531970655,10.727655673184533
0.9,93247,photon,17,17.509405783802578,6,100000,0.98518,0.98518,0.01482,0.0,-25.514538125578934,11.725517727470477
0.9,93247,photon,17,17.509405783802578,7,100000,0.99106,0.99106,0.00894,0.0,-29.740039250642564,12.687298588398528
0.9,93247,photon,17,17.509405783802578,8,100000,0.99446,0.99446,0.00554,0.0,-33.98707973718461,13.565436319163755
0.9,93247,photon,17,17.509405783802578,9,100000,0.99663,0.99663,0.00337,0.0,-38.22586533080162,14.36698735401342
0.9,93247,photon,17,17.509405783802578,10,100000,0.99776,0.99776,0.00224,0.0,-42.48125893324078,15.125946520860523
0.9,93247,photon,17,17.509405783802578,11,100000,0.9986,0.9986,0.0014,0.0,-46.73271261784356,15.8581239233403
0.9,93247,photon,17,17.509405783802578,12,100000,0.99926,0.99926,0.00074,0.0,-50.95698768544403,16.574401226270545
0.9,93247,photon,18,18.208455436897705,1,100000,0.78048,0.78048,0.21952,0.0,-4.293766582607717,4.787096379141697
0.9,93247,photon,18,18.208455436897705,2,100000,0.87587,0.87587,0.12413,0.0,-8.547807133466325,6.765872633570602
0.9,93247,photon,18,18.208455436897705,3,100000,0.93184,0.93184,0.06816,0.0,-12.816103827166565,8.289530578549792
0.9,93247,photon,18,18.208455436897705,4,100000,0.96189,0.96189,0.03811,0.0,-17.07709205269631,9.560909854385905
0.9,93247,photon,18,18.208455436897705,5,100000,0.97652,0.97652,0.02348,0.0,-21.348722757641692,10.712686807872576
0.9,93247,photon,18,18.208455436897705,6,100000,0.98603,0.98603,0.01397,0.0,-25.61234899502565,11.71542656900937
0.9,93247,photon,18,18.208455436897705,7,100000,0.99171,0.99171,0.00829,0.0,-29.8745990907985,12.655954201700672
0.9,93247,photon,18,18.208455436897705,8,100000,0.99486,0.99486,0.00514,0.0,-34.1438692128283,13.516986871613181
0.9,93247,photon,18,18.208455436897705,9,100000,0.99706,0.99706,0.00294,0.0,-38.41582768470668,14.311658752330365
0.9,93247,photon,18,18.208455436897705,10,100000,0.9982,0.9982,0.0018,0.0,-42.66343320152552,15.10135902590089
0.9,93247,photon,18,18.208455436897705,11,100000,0.99881,0.99881,0.00119,0.0,-46.91306326223543,15.841158908227504
0.9,93247,photon,18,18.208455436897705,12,100000,0.99913,0.99913,0.00087,0.0,-51.14587373530476,16.561795257931035
0.9,93247,photon,19,18.935414113492897,1,100000,0.78109,0.78109,0.21891,0.0,-4.291232078515275,4.779721531240151
0.9,93247,photon,19,18.935414113492897,2,100000,0.87671,0.87671,0.12329,0.0,-8.574434325436862,6.756484078879376
0.9,93247,photon,19,18.935414113492897,3,100000,0.93291,0.93291,0.06709,0.0,-12.856920605469533,8.270077446384747
0.9,93247,photon,19,18.935414113492897,4,100000,0.96238,0.96238,0.03762,0.0,-17.140293589502786,9.526276299060635
0.9,93247,photon,19,18.935414113492897,5,100000,0.97763,0.97763,0.02237,0.0,-21.405778926694058,10.649309192499903
0.9,93247,photon,19,18.935414113492897,6,100000,0.98698,0.98698,0.01302,0.0,-25.683006753180983,11.660879051543908
0.9,93247,photon,19,18.935414113492897,7,100000,0.99202,0.99202,0.00798,0.0,-29.95221872685704,12.58712356260489
0.9,93247,photon,19,18.935414113492897,8,100000,0.99539,0.99539,0.00461,0.0,-34.25359633233286,13.446747790419588
0.9,93247,photon,19,18.935414113492897,9,100000,0.9971,0.9971,0.0029,0.0,-38.515898536199536,14.273367392652347
0.9,93247,photon,19,18.935414113492897,10,100000,0.99812,0.99812,0.00188,0.0,-42.802064153614936,15.048787609672184
0.9,93247,photon,19,18.935414113492897,11,100000,0.99891,0.99891,0.00109,0.0,-47.04326989089508,15.765200099297587
0.9,93247,photon,19,18.935414113492897,12,100000,0.99931,0.99931,0.00069,0.0,-51.277637682357366,16.478902192167055
0.9,93247,su2,0,9.000000000000002,1,100000,0.85106,0.14894,0.85106,0.0,2.220251180974855,1.86032001102061
0.9,93247,su2,0,9.000000000000002,2,100000,0.93263,0.06737,0.93263,0.0,4.423045334431755,2.6449521340190545
0.9,93247,su2,0,9.000000000000002,3,100000,0.96056,0.03944,0.96056,0.0,6.618998299667129,3.2413652028106616
0.9,93247,su2,0,9.000000000000002,4,100000,0.97532,0.02468,0.97532,0.0,8.820927650615868,3.7457991145987024
0.9,93247,su2,0,9.000000000000002,5,100000,0.98455,0.01545,0.98455,0.0,11.010651517061724,4.193165758251849
0.9,93247,su2,0,9.000000000000002,6,100000,0.99037,0.00963,0.99037,0.0,13.202080111693938,4.602208634342474
0.9,93247,su2,0,9.000000000000002,7,100000,0.99423,0.00577,0.99423,0.0,15.3895344827994,4.97128003474279
0.9,93247,su2,0,9.000000000000002,8,100000,0.99637,0.00363,0.99637,0.0,17.58108483140881,5.308121228961541
0.9,93247,su2,0,9.000000000000002,9,100000,0.99767,0.00233,0.99767,0.0,19.77024183785139,5.628773491854105
0.9,93247,su2,0,9.000000000000002,10,100000,0.99856,0.00144,0.99856,0.0,21.96989116989986,5.928364267841827
0.9,93247,su2,0,9.000000000000002,11,100000,0.99917,0.00083,0.99917,0.0,24.158971958882304,6.220028338792337
0.9,93247,su2,0,9.000000000000002,12,100000,0.99939,0.00061,0.99939,0.0,26.350152596891345,6.492093580189544
0.9,93247,su2,1,10.478624812597394,1,100000,0.85081,0.14919,0.85081,0.0,2.215368116152176,1.8622462241762845
0.9,93247,su2,1,10.478624812597394,2,100000,0.93148,0.06852,0.93148,0.0,4.422778324039315,2.64268379921545
0.9,93247,su2,1,10.478624812597394,3,100000,0.96106,0.03894,0.96106,0.0,6.60808796662795,3.253551996367456
0.9,93247,su2,1,10.478624812597394,4,100000,0.97519,0.02481,0.97519,0.0,8.8012616962919,3.7558247678133787
0.9,93247,su2,1,10.478624812597394,5,100000,0.98444,0.01556,0.98444,0.0,10.988543213836456,4.201749549448999
0.9,93247,su2,1,10.478624812597394,6,100000,0.99019,0.00981,0.99019,0.0,13.173877143285114,4.617588563592405
0.9,93247,su2,1,10.478624812597394,7,100000,0.99389,0.00611,0.99389,0.0,15.355002441702409,4.993941828228491
0.9,93247,su2,1,10.478624812597394,8,100000,0.99585,0.00415,0.99585,0.0,17.54259987897812,5.330967930344171
0.9,93247,su2,1,10.478624812597394,9,100000,0.99761,0.00239,0.99761,0.0,19.72228097066375,5.6588164362951545
0.9,93247,su2,1,10.478624812597394,10,100000,0.99841,0.00159,0.99841,0.0,21.905590122126913,5.979377860783017
0.9,93247,su2,1,10.478624812597394,11,100000,0.99912,0.00088,0.99912,0.0,24.085157773854867,6.272711395771168
0.9,93247,su2,1,10.478624812597394,12,100000,0.99938,0.00062,0.99938,0.0,26.263404586586674,6.551302377577308
0.9,93247,su2,2,12.200175329242407,1,100000,0.84668,0.15332,0.84668,0.0,2.1854467504681554,1.89809941491625
0.9,93247,su2,2,12.200175329242407,2,100000,0.92716,0.07284,0.92716,0.0,4.361359984817869,2.6981228271085045
0.9,93247,su2,2,12.200175329242407,3,100000,0.95712,0.04288,0.95712,0.0,6.533104800301924,3.313618869597046
0.9,93247,su2,2,12.200175329242407,4,100000,0.97184,0.02816,0.97184,0.0,8.699651392972385,3.8226800949875748
0.9,93247,su2,2,12.200175329242407,5,100000,0.98209,0.01791,0.98209,0.0,10.861475931635196,4.281201214594627
0.9,93247,su2,2,12.200175329242407,6,100000,0.98866,0.01134,0.98866,0.0,13.033408589445218,4.676055020899737
0.9,93247,su2,2,12.200175329242407,7,100000,0.99245,0.00755,0.99245,0.0,15.195762367534968,5.061689913231019
0.9,93247,su2,2,12.200175329242407,8,100000,0.99511,0.00489,0.99511,0.0,17.370679494394658,5.404420319604347
0.9,93247,su2,2,12.200175329242407,9,100000,0.9969,0.0031,0.9969,0.0,19.54407266558021,5.733154999667597
0.9,93247,su2,2,12.200175329242407,10,100000,0.998,0.002,0.998,0.0,21.70921805178159,6.043055698861872
0.9,93247,su2,2,12.200175329242407,11,100000,0.99874,0.00126,0.99874,0.0,23.865197880620478,6.34069487208924
0.9,93247,su2,2,12.200175329242407,12,100000,0.99913,0.00087,0.99913,0.0,26.02533542261114,6.625526224123884
0.9,93247,su2,3,14.204562213670894,1,100000,0.84716,0.15284,0.84716,0.0,2.1872345824403316,1.8923511245986457
0.9,93247,su2,3,14.204562213670894,2,100000,0.92794,0.07206,0.92794,0.0,4.359894348033486,2.682482134604522
0.9,93247,su2,3,14.204562213670894,3,100000,0.95811,0.04189,0.95811,0.0,6.515601073619084,3.2984132301297167
0.9,93247,su2,3,14.204562213670894,4,100000,0.97287,0.02713,0.97287,0.0,8.677342184575894,3.818123873702106
0.9,93247,su2,3,14.204562213670894,5,100000,0.98235,0.01765,0.98235,0.0,10.839818914921686,4.275417655986064
0.9,93247,su2,3,14.204562213670894,6,100000,0.98851,0.01149,0.98851,0.0,13.015209647652581,4.682207365824416
0.9,93247,su2,3,14.204562213670894,7,100000,0.99309,0.00691,0.99309,0.0,15.181319600300407,5.053595281403705
0.9,93247,su2,3,14.204562213670894,8,100000,0.99544,0.00456,0.99544,0.0,17.34234282177939,5.40319414453186
0.9,93247,su2,3,14.204562213670894,9,100000,0.99715,0.00285,0.99715,0.0,19.50187303305656,5.741088508154467
0.9,93247,su2,3,14.204562213670894,10,100000,0.99801,0.00199,0.99801,0.0,21.65324848798996,6.055617977931414
0.9,93247,su2,3,14.204562213670894,11,100000,0.99873,0.00127,0.99873,0.0,23.81611624416572,6.341302929086796
0.9,93247,su2,3,14.204562213670894,12,100000,0.99914,0.00086,0.99914,0.0,25.97791826331306,6.622552403353588
0.9,93247,su2,4,16.538253118250562,1,100000,0.84472,0.15528,0.84472,0.0,2.1811403359797685,1.9072757099188642
0.9,93247,su2,4,16.538253118250562,2,100000,0.92695,0.07305,0.92695,0.0,4.340029076162909,2.699094139129046
0.9,93247,su2,4,16.538253118250562,3,100000,0.95724,0.04276,0.95724,0.0,6.504030828953106,3.3025781440070374
0.9,93247,su2,4,16.538253118250562,4,100000,0.97217,0.02783,0.97217,0.0,8.664240874291263,3.817039720952413
0.9,93247,su2,4,16.538253118250562,5,100000,0.98242,0.01758,0.98242,0.0,10.817354360676852,4.26653177691628
0.9,93247,su2,4,16.538253118250562,6,100000,0.98823,0.01177,0.98823,0.0,12.977101018844019,4.6806182434608
0.9,93247,su2,4,16.538253118250562,7,100000,0.99272,0.00728,0.99272,0.0,15.132642081034048,5.0487500354545025
0.9,93247,su2,4,16.538253118250562,8,100000,0.99508,0.00492,0.99508,0.0,17.288416488850896,5.401217767725026
0.9,93247,su2,4,16.538253118250562,9,100000,0.99689,0.00311,0.99689,0.0,19.444970753391107,5.727781771615805
0.9,93247,su2,4,16.538253118250562,10,100000,0.99808,0.00192,0.99808,0.0,21.602798381510055,6.035858438082855
0.9,93247,su2,4,16.538253118250562,11,100000,0.99867,0.00133,0.99867,0.0,23.76390631841572,6.329290399817852
0.9,93247,su2,4,16.538253118250562,12,100000,0.99922,0.00078,0.99922,0.0,25.926899874721556,6.610145941086394
0.9,93247,su2,5,19.255349942435167,1,100000,0.84377,0.15623,0.84377,0.0,2.1719389225826813,1.9127043175696743
0.9,93247,su2,5,19.255349942435167,2,100000,0.92737,0.07263,0.92737,0.0,4.340554833396649,2.6993812751437196
0.9,93247,su2,5,19.255349942435167,3,100000,0.95662,0.04338,0.95662,0.0,6.49070784701316,3.3086184484568686
0.9,93247,su2,5,19.255349942435167,4,100000,0.97186,0.02814,0.97186,0.0,8.648629372096227,3.824432064224597
0.9,93247,su2,5,19.255349942435167,5,100000,0.98188,0.01812,0.98188,0.0,10.80641215032168,4.2790199581677975
0.9,93247,su2,5,19.255349942435167,6,100000,0.98813,0.01187,0.98813,0.0,12.960643976446427,4.695355576112849
0.9,93247,su2,5,19.255349942435167,7,100000,0.99268,0.00732,0.99268,0.0,15.115121090322114,5.081856587623305
0.9,93247,su2,5,19.255349942435167,8,100000,0.99514,0.00486,0.99514,0.0,17.27022708749547,5.436700960353979
0.9,93247,su2,5,19.255349942435167,9,100000,0.99683,0.00317,0.99683,0.0,19.424667421880645,5.75971942247978
0.9,93247,su2,5,19.255349942435167,10,100000,0.99799,0.00201,0.99799,0.0,21.587412529583247,6.071178954887272
0.9,93247,su2,5,19.255349942435167,11,100000,0.99866,0.00134,0.99866,0.0,23.73850572082839,6.3717844423161925
0.9,93247,su2,5,19.255349942435167,12,100000,0.99922,0.00078,0.99922,0.0,25.88292776904031,6.650003237958551
0.9,93247,su2,6,22.418843075782977,1,100000,0.84358,0.15642,0.84358,0.0,2.1642779032663406,1.8995034691696617
0.9,93247,su2,6,22.418843075782977,2,100000,0.92804,0.07196,0.92804,0.0,4.328081222688047,2.6934324116989106
0.9,93247,su2,6,22.418843075782977,3,100000,0.95682,0.04318,0.95682,0.0,6.484934009458331,3.3024751835025437
0.9,93247,su2,6,22.418843075782977,4,100000,0.97309,0.02691,0.97309,0.0,8.633715297059696,3.816236898088679
0.9,93247,su2,6,22.418843075782977,5,100000,0.98252,0.01748,0.98252,0.0,10.78001972028427,4.277182823643602
0.9,93247,su2,6,22.418843075782977,6,100000,0.98893,0.01107,0.98893,0.0,12.930326026133427,4.687731872389617
0.9,93247,su2,6,22.418843075782977,7,100000,0.99303,0.00697,0.99303,0.0,15.080325102218561,5.06953492646392
0.9,93247,su2,6,22.418843075782977,8,100000,0.99522,0.00478,0.99522,0.0,17.230243137811225,5.422329204402989
0.9,93247,su2,6,22.418843075782977,9,100000,0.9972,0.0028,0.9972,0.0,19.38386305768721,5.735298869529368
0.9,93247,su2,6,22.418843075782977,10,100000,0.99816,0.00184,0.99816,0.0,21.535565591239838,6.037096839966828
0.9,93247,su2,6,22.418843075782977,11,100000,0.9988,0.0012,0.9988,0.0,23.685721951620007,6.339089647502941
0.9,93247,su2,6,22.418843075782977,12,100000,0.99922,0.00078,0.99922,0.0,25.830121183803303,6.624402821098283
0.9,93247,su2,7,26.10207170262519,1,100000,0.84387,0.15613,0.84387,0.0,2.169371733049315,1.9058234579795432
0.9,93247,su2,7,26.10207170262519,2,100000,0.9258,0.0742,0.9258,0.0,4.3298637250232135,2.697857704042476
0.9,93247,su2,7,26.10207170262519,3,100000,0.95673,0.04327,0.95673,0.0,6.479892549041533,3.3113050825673427
0.9,93247,su2,7,26.10207170262519,4,100000,0.97218,0.02782,0.97218,0.0,8.634861736622792,3.819760356502556
0.9,93247,su2,7,26.10207170262519,5,100000,0.98235,0.01765,0.98235,0.0,10.781046675362507,4.278586831389422
0.9,93247,su2,7,26.10207170262519,6,100000,0.9888,0.0112,0.9888,0.0,12.925310081621573,4.6869973396418665
0.9,93247,su2,7,26.10207170262519,7,100000,0.99279,0.00721,0.99279,0.0,15.071611799021872,5.072041353087699
0.9,93247,su2,7,26.10207170262519,8,100000,0.99535,0.00465,0.99535,0.0,17.214807942960295,5.435536408688836
0.9,93247,su2,7,26.10207170262519,9,100000,0.99687,0.00313,0.99687,0.0,19.367511938424713,5.758962896790798
0.9,93247,su2,7,26.10207170262519,10,100000,0.99801,0.00199,0.99801,0.0,21.524609465875244,6.064286445984675
0.9,93247,su2,7,26.10207170262519,11,100000,0.99871,0.00129,0.99871,0.0,23.660724933477944,6.3626273932034145
0.9,93247,su2,7,26.10207170262519,12,100000,0.99918,0.00082,0.99918,0.0,25.816524833460367,6.645505707334552
0.9,93247,su2,8,30.390424022591617,1,100000,0.84322,0.15678,0.84322,0.0,2.1690030176108643,1.924986477414747
0.9,93247,su2,8,30.390424022591617,2,100000,0.92674,0.07326,0.92674,0.0,4.334885542362816,2.7001158713657802
0.9,93247,su2,8,30.390424022591617,3,100000,0.95632,0.04368,0.95632,0.0,6.49957239391336,3.307540881696773
0.9,93247,su2,8,30.390424022591617,4,100000,0.97176,0.02824,0.97176,0.0,8.650647078192907,3.821386251050488
0.9,93247,su2,8,30.390424022591617,5,100000,0.98193,0.01807,0.98193,0.0,10.78986488724068,4.279984725239632
0.9,93247,su2,8,30.390424022591617,6,100000,0.98817,0.01183,0.98817,0.0,12.941670851335312,4.691748951065002
0.9,93247,su2,8,30.390424022591617,7,100000,0.99233,0.00767,0.99233,0.0,15.080970386130742,5.074754558827396
0.9,93247,su2,8,30.390424022591617,8,100000,0.99481,0.00519,0.99481,0.0,17.238287787377025,5.4253245512859625
0.9,93247,su2,8,30.390424022591617,9,100000,0.99652,0.00348,0.99652,0.0,19.371937939147248,5.7640661446801245
0.9,93247,su2,8,30.390424022591617,10,100000,0.99774,0.00226,0.99774,0.0,21.51101449150613,6.075501753408959
0.9,93247,su2,8,30.390424022591617,11,100000,0.99872,0.00128,0.99872,0.0,23.652621794989663,6.375863916758277
0.9,93247,su2,8,30.390424022591617,12,100000,0.99922,0.00078,0.99922,0.0,25.782064787675942,6.673220407889456
0.9,93247,su2,9,35.3833168031649,1,100000,0.84408,0.15592,0.84408,0.0,2.1698400193442327,1.9127227256720232
0.9,93247,su2,9,35.3833168031649,2,100000,0.92515,0.07485,0.92515,0.0,4.3201393111610455,2.716053967266588
0.9,93247,su2,9,35.3833168031649,3,100000,0.95501,0.04499,0.95501,0.0,6.46946474643727,3.3259907453742468
0.9,93247,su2,9,35.3833168031649,4,100000,0.9719,0.0281,0.9719,0.0,8.620356349464183,3.823925845172985
0.9,93247,su2,9,35.3833168031649,5,100000,0.98193,0.01807,0.98193,0.0,10.754821057102259,4.283526201283121
0.9,93247,su2,9,35.3833168031649,6,100000,0.98854,0.01146,0.98854,0.0,12.886553031421746,4.694191268155225
0.9,93247,su2,9,35.3833168031649,7,100000,0.99279,0.00721,0.99279,0.0,15.030766034625017,5.070129810600151
0.9,93247,su2,9,35.3833168031649,8,100000,0.99513,0.00487,0.99513,0.0,17.16847401863597,5.42965931728896
0.9,93247,su2,9,35.3833168031649,9,100000,0.99676,0.00324,0.99676,0.0,19.31059912396144,5.762147175518454
0.9,93247,su2,9,35.3833168031649,10,100000,0.99792,0.00208,0.99792,0.0,21.457422555196892,6.076577327997407
0.9,93247,su2,9,35.3833168031649,11,100000,0.99865,0.00135,0.99865,0.0,23.60913967332325,6.3741512826473095
0.9,93247,su2,9,35.3833168031649,12,100000,0.99907,0.00093,0.99907,0.0,25.747777736013923,6.651236106255852
0.9,93247,su2,10,41.196500156181976,1,100000,0.84051,0.15949,0.84051,0.0,2.150191648698094,1.9250576692505976
0.9,93247,su2,10,41.196500156181976,2,100000,0.92555,0.07445,0.92555,0.0,4.297594526535578,2.7140198599380803
0.9,93247,su2,10,41.196500156181976,3,100000,0.95433,0.04567,0.95433,0.0,6.4244156060642945,3.3358540332807958
0.9,93247,su2,10,41.196500156181976,4,100000,0.97095,0.02905,0.97095,0.0,8.56806484671485,3.8430155429834216
0.9,93247,su2,10,41.196500156181976,5,100000,0.98147,0.01853,0.98147,0.0,10.707051081423597,4.2948396418709205
0.9,93247,su2,10,41.196500156181976,6,100000,0.98803,0.01197,0.98803,0.0,12.848003461831908,4.70932779798888
0.9,93247,su2,10,41.196500156181976,7,100000,0.99211,0.00789,0.99211,0.0,14.989341316426993,5.090838473525647
0.9,93247,su2,10,41.196500156181976,8,100000,0.99507,0.00493,0.99507,0.0,17.120179007341562,5.438607423181501
0.9,93247,su2,10,41.196500156181976,9,100000,0.99695,0.00305,0.99695,0.0,19.257009231151535,5.769125177558716
0.9,93247,su2,10,41.196500156181976,10,100000,0.99783,0.00217,0.99783,0.0,21.3924846688556,6.0730307011861075
0.9,93247,su2,10,41.196500156181976,11,100000,0.99863,0.00137,0.99863,0.0,23.531639868148147,6.374736172511949
0.9,93247,su2,10,41.196500156181976,12,100000,0.99915,0.00085,0.99915,0.0,25.653936594642936,6.667714313848752
0.9,93247,su2,11,47.96474096986008,1,100000,0.84343,0.15657,0.84343,0.0,2.1686229131005312,1.9085285352296957
0.9,93247,su2,11,47.96474096986008,2,100000,0.92538,0.07462,0.92538,0.0,4.322456390766747,2.7069903532547057
0.9,93247,su2,11,47.96474096986008,3,100000,0.95613,0.04387,0.95613,0.0,6.461639471934871,3.3125325685807465
0.9,93247,su2,11,47.96474096986008,4,100000,0.97127,0.02873,0.97127,0.0,8.600034731786652,3.840893121641521
0.9,93247,su2,11,47.96474096986008,5,100000,0.98156,0.01844,0.98156,0.0,10.74647760022366,4.290722221460464
0.9,93247,su2,11,47.96474096986008,6,100000,0.98817,0.01183,0.98817,0.0,12.896591494695793,4.696979083587125
0.9,93247,su2,11,47.96474096986008,7,100000,0.99261,0.00739,0.99261,0.0,15.046249969515854,5.070587167380125
0.9,93247,su2,11,47.96474096986008,8,100000,0.99514,0.00486,0.99514,0.0,17.187954946887277,5.420685732749427
0.9,93247,su2,11,47.96474096986008,9,100000,0.99676,0.00324,0.99676,0.0,19.326274821869575,5.756620294681077
0.9,93247,su2,11,47.96474096986008,10,100000,0.9977,0.0023,0.9977,0.0,21.470285787253406,6.07314414733789
0.9,93247,su2,11,47.96474096986008,11,100000,0.99854,0.00146,0.99854,0.0,23.6118455688606,6.364152528694832
0.9,93247,su2,11,47.96474096986008,12,100000,0.99916,0.00084,0.99916,0.0,25.759484809878774,6.641013739744828
0.9,93247,su2,12,55.844947206286946,1,100000,0.84104,0.15896,0.84104,0.0,2.156777941308254,1.928451517029048
0.9,93247,su2,12,55.844947206286946,2,100000,0.92393,0.07607,0.92393,0.0,4.299546200707954,2.7364412671318576
0.9,93247,su2,12,55.844947206286946,3,100000,0.95381,0.04619,0.95381,0.0,6.439442019685496,3.352356730429713
0.9,93247,su2,12,55.844947206286946,4,100000,0.96963,0.03037,0.96963,0.0,8.569747109179039,3.880154876043787
0.9,93247,su2,12,55.844947206286946,5,100000,0.98027,0.01973,0.98027,0.0,10.694885707850796,4.337190092087952
0.9,93247,su2,12,55.844947206286946,6,100000,0.98688,0.01312,0.98688,0.0,12.830141900908371,4.761225414544996
0.9,93247,su2,12,55.844947206286946,7,100000,0.99153,0.00847,0.99153,0.0,14.945971992793922,5.14701228780065
0.9,93247,su2,12,55.844947206286946,8,100000,0.99433,0.00567,0.99433,0.0,17.071547056199076,5.500742083106393
0.9,93247,su2,12,55.844947206286946,9,100000,0.9966,0.0034,0.9966,0.0,19.202284804838385,5.830809544439984
0.9,93247,su2,12,55.844947206286946,10,100000,0.99759,0.00241,0.99759,0.0,21.340139140883895,6.152403332927615
0.9,93247,su2,12,55.844947206286946,11,100000,0.99848,0.00152,0.99848,0.0,23.470757199194594,6.454525486653682
0.9,93247,su2,12,55.844947206286946,12,100000,0.99907,0.00093,0.99907,0.0,25.607688784232284,6.740418504617648
0.9,93247,su2,13,65.0198054948877,1,100000,0.8422,0.1578,0.8422,0.0,2.1542653689680376,1.9309395465001795
0.9,93247,su2,13,65.0198054948877,2,100000,0.92383,0.07617,0.92383,0.0,4.3022377680247565,2.7239337400830137
0.9,93247,su2,13,65.0198054948877,3,100000,0.95584,0.04416,0.95584,0.0,6.447000808327788,3.3328719826866413
0.9,93247,su2,13,65.0198054948877,4,100000,0.97056,0.02944,0.97056,0.0,8.579173865124126,3.8603621541262623
0.9,93247,su2,13,65.0198054948877,5,100000,0.98111,0.01889,0.98111,0.0,10.72619326647367,4.311672090202581
0.9,93247,su2,13,65.0198054948877,6,100000,0.9875,0.0125,0.9875,0.0,12.867793564033263,4.717951951310808
0.9,93247,su2,13,65.0198054948877,7,100000,0.99228,0.00772,0.99228,0.0,15.0078926129878,5.092546538637776
0.9,93247,su2,13,65.0198054948877,8,100000,0.99494,0.00506,0.99494,0.0,17.149835996897085,5.445918201946146
0.9,93247,su2,13,65.0198054948877,9,100000,0.99682,0.00318,0.99682,0.0,19.289696951723084,5.772219207292339
0.9,93247,su2,13,65.0198054948877,10,100000,0.99776,0.00224,0.99776,0.0,21.42804247392698,6.081694179066905
0.9,93247,su2,13,65.0198054948877,11,100000,0.9986,0.0014,0.9986,0.0,23.543478728188436,6.383268663985292
0.9,93247,su2,13,65.0198054948877,12,100000,0.99914,0.00086,0.99914,0.0,25.683321148578585,6.670577556030227
0.9,93247,su2,14,75.70201635210961,1,100000,0.84276,0.15724,0.84276,0.0,2.1603522505345705,1.9235042591083429
0.9,93247,su2,14,75.70201635210961,2,100000,0.92491,0.07509,0.92491,0.0,4.301305717426465,2.719310957669396
0.9,93247,su2,14,75.70201635210961,3,100000,0.95409,0.04591,0.95409,0.0,6.435605108502307,3.3445418297462726
0.9,93247,su2,14,75.70201635210961,4,100000,0.96934,0.03066,0.96934,0.0,8.557007828776817,3.8609975608042824
0.9,93247,su2,14,75.70201635210961,5,100000,0.98018,0.01982,0.98018,0.0,10.67801751033108,4.329401010649887
0.9,93247,su2,14,75.70201635210961,6,100000,0.98683,0.01317,0.98683,0.0,12.81030134928711,4.7498824946197535
0.9,93247,su2,14,75.70201635210961,7,100000,0.99175,0.00825,0.99175,0.0,14.942699726075706,5.134499994666494
0.9,93247,su2,14,75.70201635210961,8,100000,0.99482,0.00518,0.99482,0.0,17.07686954348056,5.479129498139689
0.9,93247,su2,14,75.70201635210961,9,100000,0.99671,0.00329,0.99671,0.0,19.20936718191129,5.813208297170493
0.9,93247,su2,14,75.70201635210961,10,100000,0.99793,0.00207,0.99793,0.0,21.342424076177902,6.1351233800503175
0.9,93247,su2,14,75.70201635210961,11,100000,0.99872,0.00128,0.99872,0.0,23.47986345169064,6.431546439723283
0.9,93247,su2,14,75.70201635210961,12,100000,0.99917,0.00083,0.99917,0.0,25.610576956031863,6.721294549548868
0.9,93247,su2,15,88.1392252123188,1,100000,0.84064,0.15936,0.84064,0.0,2.1496346337634233,1.9311900075925958
0.9,93247,su2,15,88.1392252123188,2,100000,0.92404,0.07596,0.92404,0.0,4.295520081146747,2.7214746739655093
0.9,93247,su2,15,88.1392252123188,3,100000,0.95457,0.04543,0.95457,0.0,6.424082649290294,3.3404591810792557
0.9,93247,su2,15,88.1392252123188,4,100000,0.97026,0.02974,0.97026,0.0,8.546013613986027,3.861557102214762
0.9,93247,su2,15,88.1392252123188,5,100000,0.98046,0.01954,0.98046,0.0,10.668849611376736,4.331845611163923
0.9,93247,su2,15,88.1392252123188,6,100000,0.98772,0.01228,0.98772,0.0,12.796793059338732,4.743345587783012
0.9,93247,su2,15,88.1392252123188,7,100000,0.99189,0.00811,0.99189,0.0,14.916855448295163,5.1258954158732974
0.9,93247,su2,15,88.1392252123188,8,100000,0.99448,0.00552,0.99448,0.0,17.041077884541874,5.480234477695366
0.9,93247,su2,15,88.1392252123188,9,100000,0.9964,0.0036,0.9964,0.0,19.16511538885759,5.820993759699774
0.9,93247,su2,15,88.1392252123188,10,100000,0.99762,0.00238,0.99762,0.0,21.29085259992575,6.1363436713711135
0.9,93247,su2,15,88.1392252123188,11,100000,0.9985,0.0015,0.9985,0.0,23.421180300354493,6.4350040918677704
0.9,93247,su2,15,88.1392252123188,12,100000,0.99897,0.00103,0.99897,0.0,25.53088688799401,6.722138288464122
0.9,93247,su2,16,102.61976358587921,1,100000,0.84145,0.15855,0.84145,0.0,2.1507190918269594,1.926671428647709
0.9,93247,su2,16,102.61976358587921,2,100000,0.92209,0.07791,0.92209,0.0,4.286258993386208,2.729288141583877
0.9,93247,su2,16,102.61976358587921,3,100000,0.95372,0.04628,0.95372,0.0,6.423042502054435,3.346355682730614
0.9,93247,su2,16,102.61976358587921,4,100000,0.96976,0.03024,0.96976,0.0,8.54978839200859,3.86869793576442
0.9,93247,su2,16,102.61976358587921,5,100000,0.98034,0.01966,0.98034,0.0,10.684302029562302,4.325210000577502
0.9,93247,su2,16,102.61976358587921,6,100000,0.98739,0.01261,0.98739,0.0,12.8034787034255,4.74827527037896
0.9,93247,su2,16,102.61976358587921,7,100000,0.99138,0.00862,0.99138,0.0,14.931815607748137,5.137084045178922
0.9,93247,su2,16,102.61976358587921,8,100000,0.99464,0.00536,0.99464,0.0,17.065722552693995,5.4750019458781125
0.9,93247,su2,16,102.61976358587921,9,100000,0.99668,0.00332,0.99668,0.0,19.202113812880384,5.80452323553719
0.9,93247,su2,16,102.61976358587921,10,100000,0.99758,0.00242,0.99758,0.0,21.324801870497385,6.128187506531274
0.9,93247,su2,16,102.61976358587921,11,100000,0.99844,0.00156,0.99844,0.0,23.447714457924683,6.425688035911015
0.9,93247,su2,16,102.61976358587921,12,100000,0.999,0.001,0.999,0.0,25.576444811763672,6.715756607855238
0.9,93247,su2,17,119.47933344154129,1,100000,0.84065,0.15935,0.84065,0.0,2.153147300167665,1.9239159390317637
0.9,93247,su2,17,119.47933344154129,2,100000,0.92387,0.07613,0.92387,0.0,4.2942039977758055,2.7193009184804793
0.9,93247,su2,17,119.47933344154129,3,100000,0.95432,0.04568,0.95432,0.0,6.429540403540688,3.3402865321302575
0.9,93247,su2,17,119.47933344154129,4,100000,0.9703,0.0297,0.9703,0.0,8.567364396023965,3.8592902415489743
0.9,93247,su2,17,119.47933344154129,5,100000,0.98068,0.01932,0.98068,0.0,10.69858548748988,4.318680184825991
0.9,93247,su2,17,119.47933344154129,6,100000,0.98783,0.01217,0.98783,0.0,12.837163077065172,4.727416390695917
0.9,93247,su2,17,119.47933344154129,7,100000,0.99182,0.00818,0.99182,0.0,14.96827090776379,5.1146098993828994
0.9,93247,su2,17,119.47933344154129,8,100000,0.99494,0.00506,0.99494,0.0,17.104305332393444,5.465063559607867
0.9,93247,su2,17,119.47933344154129,9,100000,0.99666,0.00334,0.99666,0.0,19.237067985968107,5.793073616969175
0.9,93247,su2,17,119.47933344154129,10,100000,0.99781,0.00219,0.99781,0.0,21.360079610844664,6.102765354041997
0.9,93247,su2,17,119.47933344154129,11,100000,0.99848,0.00152,0.99848,0.0,23.48428570834184,6.392909103762886
0.9,93247,su2,17,119.47933344154129,12,100000,0.99903,0.00097,0.99903,0.0,25.620793508650404,6.6784520483204295
0.9,93247,su2,18,139.10878977701455,1,100000,0.84033,0.15967,0.84033,0.0,2.151584070272,1.9344556425549226
0.9,93247,su2,18,139.10878977701455,2,100000,0.9242,0.0758,0.9242,0.0,4.2893054356563445,2.7283189155516734
0.9,93247,su2,18,139.10878977701455,3,100000,0.95398,0.04602,0.95398,0.0,6.424364282626062,3.3433009658775807
0.9,93247,su2,18,139.10878977701455,4,100000,0.96965,0.03035,0.96965,0.0,8.549871853923149,3.8630912683359084
0.9,93247,su2,18,139.10878977701455,5,100000,0.97996,0.02004,0.97996,0.0,10.689487523505008,4.318649381352296
0.9,93247,su2,18,139.10878977701455,6,100000,0.98742,0.01258,0.98742,0.0,12.819892280430203,4.736216503003177
0.9,93247,su2,18,139.10878977701455,7,100000,0.99186,0.00814,0.99186,0.0,14.93522143633475,5.1216445715175425
0.9,93247,su2,18,139.10878977701455,8,100000,0.99466,0.00534,0.99466,0.0,17.065387765352725,5.47984647776441
0.9,93247,su2,18,139.10878977701455,9,100000,0.9964,0.0036,0.9964,0.0,19.193279319354673,5.807683679352984
0.9,93247,su2,18,139.10878977701455,10,100000,0.99766,0.00234,0.99766,0.0,21.313236323357682,6.125152092727269
0.9,93247,su2,18,139.10878977701455,11,100000,0.9984,0.0016,0.9984,0.0,23.436287461950112,6.42646380808098
0.9,93247,su2,18,139.10878977701455,12,100000,0.99891,0.00109,0.99891,0.0,25.558806853925713,6.714828181993161
0.9,93247,su2,19,161.9632018008689,1,100000,0.84226,0.15774,0.84226,0.0,2.152897363716612,1.9370949376385214
0.9,93247,su2,19,161.9632018008689,2,100000,0.9236,0.0764,0.9236,0.0,4.2916355297850854,2.7350093133995346
0.9,93247,su2,19,161.9632018008689,3,100000,0.95339,0.04661,0.95339,0.0,6.419312146953169,3.35984269265429
0.9,93247,su2,19,161.9632018008689,4,100000,0.96863,0.03137,0.96863,0.0,8.540803021468928,3.8849173214028
0.9,93247,su2,19,161.9632018008689,5,100000,0.97999,0.02001,0.97999,0.0,10.662831994729947,4.341707411706013
0.9,93247,su2,19,161.9632018008689,6,100000,0.98669,0.01331,0.98669,0.0,12.795107231133168,4.758519166696691
0.9,93247,su2,19,161.9632018008689,7,100000,0.99109,0.00891,0.99109,0.0,14.924004369285594,5.143744271937782
0.9,93247,su2,19,161.9632018008689,8,100000,0.99436,0.00564,0.99436,0.0,17.050033254577315,5.492004024528126
0.9,93247,su2,19,161.9632018008689,9,100000,0.99618,0.00382,0.99618,0.0,19.173322369561802,5.826085961753921
0.9,93247,su2,19,161.9632018008689,10,100000,0.99743,0.00257,0.99743,0.0,21.29166605597367,6.148154626921585
0.9,93247,su2,19,161.9632018008689,11,100000,0.99834,0.00166,0.99834,0.0,23.41384025180731,6.443223466362545
0.9,93247,su2,19,161.9632018008689,12,100000,0.99873,0.00127,0.99873,0.0,25.53476073675862,6.7373184470979535
0.9,103250,photon,0,9.000000000000002,1,100000,0.76212,0.76212,0.23788,0.0,-3.981917118041122,4.778702405568565
0.9,103250,photon,0,9.000000000000002,2,100000,0.85683,0.85683,0.14317,0.0,-7.9170030014658215,6.753994413366966
0.9,103250,photon,0,9.000000000000002,3,100000,0.91812,0.91812,0.08188,0.0,-11.876550083909057,8.2777258656157
0.9,103250,photon,0,9.000000000000002,4,100000,0.95059,0.95059,0.04941,0.0,-15.80398305443901,9.529022193721499
0.9,103250,photon,0,9.000000000000002,5,100000,0.96829,0.96829,0.03171,0.0,-19.7170778765684,10.660249554821972
0.9,103250,photon,0,9.000000000000002,6,100000,0.97999,0.97999,0.02001,0.0,-23.65591140348847,11.68781122924215
0.9,103250,photon,0,9.000000000000002,7,100000,0.98701,0.98701,0.01299,0.0,-27.59392925193503,12.627407935359155
0.9,103250,photon,0,9.000000000000002,8,100000,0.99159,0.99159,0.00841,0.0,-31.53210683931352,13.514791458565421
0.9,103250,photon,0,9.000000000000002,9,100000,0.99443,0.99443,0.00557,0.0,-35.46662799770051,14.32967905552812
0.9,103250,photon,0,9.000000000000002,10,100000,0.99625,0.99625,0.00375,0.0,-39.396145813558356,15.088029224762888
0.9,103250,photon,0,9.000000000000002,11,100000,0.99745,0.99745,0.00255,0.0,-43.3284082632778,15.82592060667724
0.9,103250,photon,0,9.000000000000002,12,100000,0.99837,0.99837,0.00163,0.0,-47.25998348771114,16.52735133258511
0.9,103250,photon,1,9.359318126242535,1,100000,0.76374,0.76374,0.23626,0.0,-3.9986051720173617,4.77848401948645
0.9,103250,photon,1,9.359318126242535,2,100000,0.85979,0.85979,0.14021,0.0,-7.974405052906342,6.738321936127523
0.9,103250,photon,1,9.359318126242535,3,100000,0.91797,0.91797,0.08203,0.0,-11.917674848039672,8.253245583427502
0.9,103250,photon,1,9.359318126242535,4,100000,0.95069,0.95069,0.04931,0.0,-15.880026543132134,9.539609232483425
0.9,103250,photon,1,9.359318126242535,5,100000,0.96961,0.96961,0.03039,0.0,-19.85992226255171,10.646567804167963
0.9,103250,photon,1,9.359318126242535,6,100000,0.98066,0.98066,0.01934,0.0,-23.79909473104881,11.66814044161967
0.9,103250,photon,1,9.359318126242535,7,100000,0.98763,0.98763,0.01237,0.0,-27.765301333781448,12.598218921093828
0.9,103250,photon,1,9.359318126242535,8,100000,0.99184,0.99184,0.00816,0.0,-31.741525988624137,13.44859162446064
0.9,103250,photon,1,9.359318126242535,9,100000,0.99458,0.99458,0.00542,0.0,-35.684922363704416,14.286190241254157
0.9,103250,photon,1,9.359318126242535,10,100000,0.99675,0.99675,0.00325,0.0,-39.677278955971104,15.059060563772134
0.9,103250,photon,1,9.359318126242535,11,100000,0.99779,0.99779,0.00221,0.0,-43.66145809130986,15.782178285068909
0.9,103250,photon,1,9.359318126242535,12,100000,0.9985,0.9985,0.0015,0.0,-47.60891403709151,16.48171225341966
0.9,103250,photon,2,9.732981754245785,1,100000,0.76565,0.76565,0.23435,0.0,-4.013368537524009,4.781353684344292
0.9,103250,photon,2,9.732981754245785,2,100000,0.8591,0.8591,0.1409,0.0,-8.026417603888628,6.770925976963891
0.9,103250,photon,2,9.732981754245785,3,100000,0.91935,0.91935,0.08065,0.0,-12.027474860776625,8.293592005658223
0.9,103250,photon,2,9.732981754245785,4,100000,0.95151,0.95151,0.04849,0.0,-16.022979419346584,9.561724714251884
0.9,103250,photon,2,9.732981754245785,5,100000,0.97033,0.97033,0.02967,0.0,-20.011647127599726,10.68858688783673
0.9,103250,photon,2,9.732981754245785,6,100000,0.98103,0.98103,0.01897,0.0,-23.99975907416939,11.71017958246271
0.9,103250,photon,2,9.732981754245785,7,100000,0.98794,0.98794,0.01206,0.0,-27.995527432035022,12.645531191842435
0.9,103250,photon,2,9.732981754245785,8,100000,0.99202,0.99202,0.00798,0.0,-31.96640017769008,13.519860330658451
0.9,103250,photon,2,9.732981754245785,9,100000,0.99486,0.99486,0.00514,0.0,-35.95521198635877,14.322647336219681
0.9,103250,photon,2,9.732981754245785,10,100000,0.99657,0.99657,0.00343,0.0,-39.939261800276206,15.085365158464128
0.9,103250,photon,2,9.732981754245785,11,100000,0.99767,0.99767,0.00233,0.0,-43.92106719401038,15.809861647054381
0.9,103250,photon,2,9.732981754245785,12,100000,0.99848,0.99848,0.00152,0.0,-47.91170868113749,16.51450894840346
0.9,103250,photon,3,10.121563617211155,1,100000,0.7639,0.7639,0.2361,0.0,-4.030233329284456,4.794077190754206
0.9,103250,photon,3,10.121563617211155,2,100000,0.85992,0.85992,0.14008,0.0,-8.032156130552947,6.760785914252939
0.9,103250,photon,3,10.121563617211155,3,100000,0.92006,0.92006,0.07994,0.0,-12.04725810140667,8.269894746866873
0.9,103250,photon,3,10.121563617211155,4,100000,0.9526,0.9526,0.0474,0.0,-16.07595466116606,9.533868411311838
0.9,103250,photon,3,10.121563617211155,5,100000,0.97058,0.97058,0.02942,0.0,-20.090726754132966,10.670096427916972
0.9,103250,photon,3,10.121563617211155,6,100000,0.98199,0.98199,0.01801,0.0,-24.085353767445856,11.658624180216181
0.9,103250,photon,3,10.121563617211155,7,100000,0.98836,0.98836,0.01164,0.0,-28.101101086853426,12.590709579121464
0.9,103250,photon,3,10.121563617211155,8,100000,0.99277,0.99277,0.00723,0.0,-32.111939148780756,13.426580915925207
0.9,103250,photon,3,10.121563617211155,9,100000,0.99514,0.99514,0.00486,0.0,-36.09621923101021,14.23824763055514
0.9,103250,photon,3,10.121563617211155,10,100000,0.99675,0.99675,0.00325,0.0,-40.12709016107847,15.028486243179628
0.9,103250,photon,3,10.121563617211155,11,100000,0.99811,0.99811,0.00189,0.0,-44.15205422665651,15.796377238918154
0.9,103250,photon,3,10.121563617211155,12,100000,0.99873,0.99873,0.00127,0.0,-48.154275863933364,16.49995431382218
0.9,103250,photon,4,10.525659314275703,1,100000,0.7668,0.7668,0.2332,0.0,-4.057367813010196,4.786787153127957
0.9,103250,photon,4,10.525659314275703,2,100000,0.86314,0.86314,0.13686,0.0,-8.104418169449747,6.75794323483446
0.9,103250,photon,4,10.525659314275703,3,100000,0.92076,0.92076,0.07924,0.0,-12.137778895636007,8.287437661550406
0.9,103250,photon,4,10.525659314275703,4,100000,0.95302,0.95302,0.04698,0.0,-16.171778483221132,9.564531592249063
0.9,103250,photon,4,10.525659314275703,5,100000,0.97111,0.97111,0.02889,0.0,-20.188382701397888,10.69873298414077
0.9,103250,photon,4,10.525659314275703,6,100000,0.98126,0.98126,0.01874,0.0,-24.21299040838046,11.699110520780415
0.9,103250,photon,4,10.525659314275703,7,100000,0.9883,0.9883,0.0117,0.0,-28.252231345586814,12.650771469293355
0.9,103250,photon,4,10.525659314275703,8,100000,0.99254,0.99254,0.00746,0.0,-32.2386714402725,13.499614986624787
0.9,103250,photon,4,10.525659314275703,9,100000,0.99517,0.99517,0.00483,0.0,-36.26189191819658,14.321218373309978
0.9,103250,photon,4,10.525659314275703,10,100000,0.99688,0.99688,0.00312,0.0,-40.27024046202119,15.106985715170456
0.9,103250,photon,4,10.525659314275703,11,100000,0.99787,0.99787,0.00213,0.0,-44.289202893447374,15.866478546029732
0.9,103250,photon,4,10.525659314275703,12,100000,0.9986,0.9986,0.0014,0.0,-48.28355894378456,16.57028699714341
0.9,103250,photon,5,10.945888223417125,1,100000,0.76939,0.76939,0.23061,0.0,-4.102464467537245,4.777981503271392
0.9,103250,photon,5,10.945888223417125,2,100000,0.86519,0.86519,0.13481,0.0,-8.188828226037119,6.751729071853423
0.9,103250,photon,5,10.945888223417125,3,100000,0.92342,0.92342,0.07658,0.0,-12.252777164156166,8.275259148101712
0.9,103250,photon,5,10.945888223417125,4,100000,0.95414,0.95414,0.04586,0.0,-16.293507070844903,9.528625827233872
0.9,103250,photon,5,10.945888223417125,5,100000,0.97223,0.97223,0.02777,0.0,-20.35332562722988,10.635471885145167
0.9,103250,photon,5,10.945888223417125,6,100000,0.98256,0.98256,0.01744,0.0,-24.41358487817479,11.657419989274995
0.9,103250,photon,5,10.945888223417125,7,100000,0.98856,0.98856,0.01144,0.0,-28.492915375803705,12.606611100392167
0.9,103250,photon,5,10.945888223417125,8,100000,0.9931,0.9931,0.0069,0.0,-32.53921958118679,13.482680322026303
0.9,103250,photon,5,10.945888223417125,9,100000,0.99558,0.99558,0.00442,0.0,-36.58332609698599,14.313219447468217
0.9,103250,photon,5,10.945888223417125,10,100000,0.99702,0.99702,0.00298,0.0,-40.627954462327516,15.091079554461276
0.9,103250,photon,5,10.945888223417125,11,100000,0.99795,0.99795,0.00205,0.0,-44.68029028445218,15.864838012557827
0.9,103250,photon,5,10.945888223417125,12,100000,0.99866,0.99866,0.00134,0.0,-48.708771891859534,16.57299922597493
0.9,103250,photon,6,11.382894450805844,1,100000,0.76945,0.76945,0.23055,0.0,-4.097696290811304,4.78428597027047
0.9,103250,photon,6,11.382894450805844,2,100000,0.86563,0.86563,0.13437,0.0,-8.185546952406852,6.762387607945693
0.9,103250,photon,6,11.382894450805844,3,100000,0.92321,0.92321,0.07679,0.0,-12.261609034781703,8.270599569479678
0.9,103250,photon,6,11.382894450805844,4,100000,0.95521,0.95521,0.04479,0.0,-16.341869282842776,9.544464090395074
0.9,103250,photon,6,11.382894450805844,5,100000,0.97198,0.97198,0.02802,0.0,-20.421412098989265,10.69811767233112
0.9,103250,photon,6,11.382894450805844,6,100000,0.9828,0.9828,0.0172,0.0,-24.47263000836068,11.71041087438333
0.9,103250,photon,6,11.382894450805844,7,100000,0.98881,0.98881,0.01119,0.0,-28.543873556712605,12.65646037267656
0.9,103250,photon,6,11.382894450805844,8,100000,0.99322,0.99322,0.00678,0.0,-32.60663589131231,13.508514921742252
0.9,103250,photon,6,11.382894450805844,9,100000,0.9956,0.9956,0.0044,0.0,-36.678202587033375,14.328418500806356
0.9,103250,photon,6,11.382894450805844,10,100000,0.99703,0.99703,0.00297,0.0,-40.74454459619675,15.086794569353039
0.9,103250,photon,6,11.382894450805844,11,100000,0.99813,0.99813,0.00187,0.0,-44.78631868846234,15.82614813128715
0.9,103250,photon,6,11.382894450805844,12,100000,0.99879,0.99879,0.00121,0.0,-48.84924192781622,16.523531146963258
0.9,103250,photon,7,11.837347818059184,1,100000,0.76949,0.76949,0.23051,0.0,-4.111724583735825,4.79172229053938
0.9,103250,photon,7,11.837347818059184,2,100000,0.86467,0.86467,0.13533,0.0,-8.190073344656128,6.759866058284972
0.9,103250,photon,7,11.837347818059184,3,100000,0.92509,0.92509,0.07491,0.0,-12.298516849317934,8.261438248084996
0.9,103250,photon,7,11.837347818059184,4,100000,0.9558,0.9558,0.0442,0.0,-16.383723105664192,9.563966199958694
0.9,103250,photon,7,11.837347818059184,5,100000,0.97243,0.97243,0.02757,0.0,-20.498628124744137,10.692886796253061
0.9,103250,photon,7,11.837347818059184,6,100000,0.98305,0.98305,0.01695,0.0,-24.577007613245435,11.687615225044034
0.9,103250,photon,7,11.837347818059184,7,100000,0.98933,0.98933,0.01067,0.0,-28.65716629252118,12.620219909501667
0.9,103250,photon,7,11.837347818059184,8,100000,0.99307,0.99307,0.00693,0.0,-32.76396836403923,13.511078118060153
0.9,103250,photon,7,11.837347818059184,9,100000,0.99576,0.99576,0.00424,0.0,-36.853709749011855,14.339492833906144
0.9,103250,photon,7,11.837347818059184,10,100000,0.99722,0.99722,0.00278,0.0,-40.93312367234533,15.119802404276832
0.9,103250,photon,7,11.837347818059184,11,100000,0.9981,0.9981,0.0019,0.0,-45.03491836646348,15.859660665039407
0.9,103250,photon,7,11.837347818059184,12,100000,0.99898,0.99898,0.00102,0.0,-49.10953389252609,16.54732008761701
0.9,103250,photon,8,12.309944888910984,1,100000,0.77181,0.77181,0.22819,0.0,-4.1495732192905,4.787191510968069
0.9,103250,photon,8,12.309944888910984,2,100000,0.86997,0.86997,0.13003,0.0,-8.29140209285505,6.748837400759723
0.9,103250,photon,8,12.309944888910984,3,100000,0.926,0.926,0.074,0.0,-12.403552354876538,8.268092492690709
0.9,103250,photon,8,12.309944888910984,4,100000,0.95746,0.95746,0.04254,0.0,-16.526228181732264,9.53813614889279
0.9,103250,photon,8,12.309944888910984,5,100000,0.97384,0.97384,0.02616,0.0,-20.631091257962563,10.651289740437521
0.9,103250,photon,8,12.309944888910984,6,100000,0.98429,0.98429,0.01571,0.0,-24.730012101865487,11.642760396097355
0.9,103250,photon,8,12.309944888910984,7,100000,0.99,0.99,0.01,0.0,-28.813168672168185,12.587594700973165
0.9,103250,photon,8,12.309944888910984,8,100000,0.99368,0.99368,0.00632,0.0,-32.914083067412584,13.46124464504415
0.9,103250,photon,8,12.309944888910984,9,100000,0.99606,0.99606,0.00394,0.0,-37.047663931601164,14.276570994400426
0.9,103250,photon,8,12.309944888910984,10,100000,0.99751,0.99751,0.00249,0.0,-41.164958053521865,15.069349041144347
0.9,103250,photon,8,12.309944888910984,11,100000,0.99851,0.99851,0.00149,0.0,-45.2531661709194,15.789539498984603
0.9,103250,photon,8,12.309944888910984,12,100000,0.99903,0.99903,0.00097,0.0,-49.37547398400123,16.483287165896012
0.9,103250,photon,9,12.801410036870129,1,100000,0.77458,0.77458,0.22542,0.0,-4.180055224071302,4.786693042886134
0.9,103250,photon,9,12.801410036870129,2,100000,0.86863,0.86863,0.13137,0.0,-8.276900009626297,6.754004265581508
0.9,103250,photon,9,12.801410036870129,3,100000,0.92657,0.92657,0.07343,0.0,-12.422169344776934,8.28252802395023
0.9,103250,photon,9,12.801410036870129,4,100000,0.95644,0.95644,0.04356,0.0,-16.51668920648074,9.559639732226962
0.9,103250,photon,9,12.801410036870129,5,100000,0.97349,0.97349,0.02651,0.0,-20.617697914931707,10.675885031449074
0.9,103250,photon,9,12.801410036870129,6,100000,0.98311,0.98311,0.01689,0.0,-24.71008372819839,11.704233282679084
0.9,103250,photon,9,12.801410036870129,7,100000,0.98936,0.98936,0.01064,0.0,-28.83092256269621,12.651413204841985
0.9,103250,photon,9,12.801410036870129,8,100000,0.99317,0.99317,0.00683,0.0,-32.95212899433451,13.544560225412813
0.9,103250,photon,9,12.801410036870129,9,100000,0.99574,0.99574,0.00426,0.0,-37.0586914641771,14.329344107677864
0.9,103250,photon,9,12.801410036870129,10,100000,0.99731,0.99731,0.00269,0.0,-41.18125792685171,15.098545207024051
0.9,103250,photon,9,12.801410036870129,11,100000,0.99825,0.99825,0.00175,0.0,-45.28893145403027,15.841380483777241
0.9,103250,photon,9,12.801410036870129,12,100000,0.99896,0.99896,0.00104,0.0,-49.3838836975421,16.56900961133613
0.9,103250,photon,10,13.312496555504637,1,100000,0.77332,0.77332,0.22668,0.0,-4.166587639919094,4.783572472011964
0.9,103250,photon,10,13.312496555504637,2,100000,0.86776,0.86776,0.13224,0.0,-8.320988377444184,6.763681794885278
0.9,103250,photon,10,13.312496555504637,3,100000,0.92614,0.92614,0.07386,0.0,-12.463274035674381,8.291151139595572
0.9,103250,photon,10,13.312496555504637,4,100000,0.95727,0.95727,0.04273,0.0,-16.603904176855128,9.573052464303174
0.9,103250,photon,10,13.312496555504637,5,100000,0.97318,0.97318,0.02682,0.0,-20.745465561864503,10.694209055994483
0.9,103250,photon,10,13.312496555504637,6,100000,0.98371,0.98371,0.01629,0.0,-24.898798302331596,11.690459304627906
0.9,103250,photon,10,13.312496555504637,7,100000,0.98997,0.98997,0.01003,0.0,-29.018727300079796,12.6446332488917
0.9,103250,photon,10,13.312496555504637,8,100000,0.99346,0.99346,0.00654,0.0,-33.15293539826092,13.518506343811552
0.9,103250,photon,10,13.312496555504637,9,100000,0.99582,0.99582,0.00418,0.0,-37.28107991082293,14.316022469076762
0.9,103250,photon,10,13.312496555504637,10,100000,0.99732,0.99732,0.00268,0.0,-41.418410724418905,15.06246225890105
0.9,103250,photon,10,13.312496555504637,11,100000,0.99845,0.99845,0.00155,0.0,-45.562654167584206,15.813244477762495
0.9,103250,photon,10,13.312496555504637,12,100000,0.99896,0.99896,0.00104,0.0,-49.6934628117487,16.5103622698792
0.9,103250,photon,11,13.843987813052868,1,100000,0.77291,0.77291,0.22709,0.0,-4.174650796751906,4.783696732699483
0.9,103250,photon,11,13.843987813052868,2,100000,0.87037,0.87037,0.12963,0.0,-8.343646870281908,6.7571289450556815
0.9,103250,photon,11,13.843987813052868,3,100000,0.9284,0.9284,0.0716,0.0,-12.509579468582684,8.283643316969295
0.9,103250,photon,11,13.843987813052868,4,100000,0.95763,0.95763,0.04237,0.0,-16.67002074787925,9.582069244386064
0.9,103250,photon,11,13.843987813052868,5,100000,0.97449,0.97449,0.02551,0.0,-20.817389942059314,10.712140308267742
0.9,103250,photon,11,13.843987813052868,6,100000,0.98421,0.98421,0.01579,0.0,-24.981041882088206,11.72601401622302
0.9,103250,photon,11,13.843987813052868,7,100000,0.99023,0.99023,0.00977,0.0,-29.118262528889108,12.629362275799265
0.9,103250,photon,11,13.843987813052868,8,100000,0.99364,0.99364,0.00636,0.0,-33.27358491914541,13.523886641987437
0.9,103250,photon,11,13.843987813052868,9,100000,0.99598,0.99598,0.00402,0.0,-37.44725976604085,14.357589226902592
0.9,103250,photon,11,13.843987813052868,10,100000,0.99743,0.99743,0.00257,0.0,-41.60509280823465,15.152177745209437
0.9,103250,photon,11,13.843987813052868,11,100000,0.99832,0.99832,0.00168,0.0,-45.772297132894906,15.888795607297427
0.9,103250,photon,11,13.843987813052868,12,100000,0.99889,0.99889,0.00111,0.0,-49.89724147453324,16.597647403486057
0.9,103250,photon,12,14.39669845313183,1,100000,0.77547,0.77547,0.22453,0.0,-4.22951532692017,4.790513446331937
0.9,103250,photon,12,14.39669845313183,2,100000,0.87158,0.87158,0.12842,0.0,-8.433276861959518,6.780996435247378
0.9,103250,photon,12,14.39669845313183,3,100000,0.93014,0.93014,0.06986,0.0,-12.625400045330172,8.277080912907861
0.9,103250,photon,12,14.39669845313183,4,100000,0.95885,0.95885,0.04115,0.0,-16.774196542203036,9.561611600045893
0.9,103250,photon,12,14.39669845313183,5,100000,0.97535,0.97535,0.02465,0.0,-20.94134773232966,10.674895420467829
0.9,103250,photon,12,14.39669845313183,6,100000,0.98475,0.98475,0.01525,0.0,-25.099590874999137,11.717464422926604
0.9,103250,photon,12,14.39669845313183,7,100000,0.99081,0.99081,0.00919,0.0,-29.26090741478858,12.63535655963557
0.9,103250,photon,12,14.39669845313183,8,100000,0.9944,0.9944,0.0056,0.0,-33.448239412142904,13.481113858271264
0.9,103250,photon,12,14.39669845313183,9,100000,0.99639,0.99639,0.00361,0.0,-37.6197707292739,14.301663090980812
0.9,103250,photon,12,14.39669845313183,10,100000,0.99779,0.99779,0.00221,0.0,-41.79087297725182,15.065146346359507
0.9,103250,photon,12,14.39669845313183,11,100000,0.99861,0.99861,0.00139,0.0,-45.971373131614754,15.793916766784148
0.9,103250,photon,12,14.39669845313183,12,100000,0.99893,0.99893,0.00107,0.0,-50.110016905910165,16.502919402912806
0.9,103250,photon,13,14.971475643382725,1,100000,0.77556,0.77556,0.22444,0.0,-4.22007235385967,4.788951354106777
0.9,103250,photon,13,14.971475643382725,2,100000,0.87081,0.87081,0.12919,0.0,-8.422239503594364,6.761921423211828
0.9,103250,photon,13,14.971475643382725,3,100000,0.92915,0.92915,0.07085,0.0,-12.634218011265759,8.292700241956373
0.9,103250,photon,13,14.971475643382725,4,100000,0.95864,0.95864,0.04136,0.0,-16.83494278715443,9.596767548127357
0.9,103250,photon,13,14.971475643382725,5,100000,0.97521,0.97521,0.02479,0.0,-21.015345482616606,10.719362086891511
0.9,103250,photon,13,14.971475643382725,6,100000,0.98457,0.98457,0.01543,0.0,-25.19443226879996,11.727267874103656
0.9,103250,photon,13,14.971475643382725,7,100000,0.99057,0.99057,0.00943,0.0,-29.401225509393672,12.682732589096664
0.9,103250,photon,13,14.971475643382725,8,100000,0.99407,0.99407,0.00593,0.0,-33.58115692727458,13.542625027631441
0.9,103250,photon,13,14.971475643382725,9,100000,0.99642,0.99642,0.00358,0.0,-37.76182491446999,14.350648942498484
0.9,103250,photon,13,14.971475643382725,10,100000,0.99779,0.99779,0.00221,0.0,-41.93098881169768,15.131351566651155
0.9,103250,photon,13,14.971475643382725,11,100000,0.99864,0.99864,0.00136,0.0,-46.1074357515988,15.870798339563557
0.9,103250,photon,13,14.971475643382725,12,100000,0.99911,0.99911,0.00089,0.0,-50.265782703450164,16.56025888242516
0.9,103250,photon,14,15.569200373967842,1,100000,0.77634,0.77634,0.22366,0.0,-4.2400762029275985,4.791091052231849
0.9,103250,photon,14,15.569200373967842,2,100000,0.87251,0.87251,0.12749,0.0,-8.444191873670984,6.772183513902125
0.9,103250,photon,14,15.569200373967842,3,100000,0.92913,0.92913,0.07087,0.0,-12.637117107674111,8.303571029195735
0.9,103250,photon,14,15.569200373967842,4,100000,0.95937,0.95937,0.04063,0.0,-16.828113182614263,9.58026209773644
0.9,103250,photon,14,15.569200373967842,5,100000,0.97517,0.97517,0.02483,0.0,-21.03177347527948,10.719446687499454
0.9,103250,photon,14,15.569200373967842,6,100000,0.98503,0.98503,0.01497,0.0,-25.24751767267427,11.706195789023537
0.9,103250,photon,14,15.569200373967842,7,100000,0.99091,0.99091,0.00909,0.0,-29.466858757194107,12.642260105212763
0.9,103250,photon,14,15.569200373967842,8,100000,0.99427,0.99427,0.00573,0.0,-33.66754023873058,13.484298946691087
0.9,103250,photon,14,15.569200373967842,9,100000,0.99662,0.99662,0.00338,0.0,-37.8833735956774,14.299695400710236
0.9,103250,photon,14,15.569200373967842,10,100000,0.99783,0.99783,0.00217,0.0,-42.07323594800059,15.067220243165544
0.9,103250,photon,14,15.569200373967842,11,100000,0.99861,0.99861,0.00139,0.0,-46.253629383667906,15.811963111528087
0.9,103250,photon,14,15.569200373967842,12,100000,0.99925,0.99925,0.00075,0.0,-50.467951137227786,16.51415611252973
0.9,103250,photon,15,16.190788807908802,1,100000,0.77506,0.77506,0.22494,0.0,-4.232093595427129,4.79191069470097
0.9,103250,photon,15,16.190788807908802,2,100000,0.87269,0.87269,0.12731,0.0,-8.454423025745449,6.762239489847772
0.9,103250,photon,15,16.190788807908802,3,100000,0.92921,0.92921,0.07079,0.0,-12.687545157265738,8.280660511917075
0.9,103250,photon,15,16.190788807908802,4,100000,0.95994,0.95994,0.04006,0.0,-16.932441785496728,9.566704196493456
0.9,103250,photon,15,16.190788807908802,5,100000,0.97579,0.97579,0.02421,0.0,-21.15385076072981,10.67472358654842
0.9,103250,photon,15,16.190788807908802,6,100000,0.98552,0.98552,0.01448,0.0,-25.374107189484533,11.703660626276271
0.9,103250,photon,15,16.190788807908802,7,100000,0.99094,0.99094,0.00906,0.0,-29.59679555728633,12.647297959954564
0.9,103250,photon,15,16.190788807908802,8,100000,0.9942,0.9942,0.0058,0.0,-33.8050880826716,13.502264677027622
0.9,103250,photon,15,16.190788807908802,9,100000,0.99649,0.99649,0.00351,0.0,-38.04217309606012,14.329973396677538
0.9,103250,photon,15,16.190788807908802,10,100000,0.99783,0.99783,0.00217,0.0,-42.26013976353783,15.102963918452172
0.9,103250,photon,15,16.190788807908802,11,100000,0.99873,0.99873,0.00127,0.0,-46.44488519076554,15.857558223148958
0.9,103250,photon,15,16.190788807908802,12,100000,0.99889,0.99889,0.00111,0.0,-50.67534059679092,16.53524317927452
0.9,103250,photon,16,16.83719368533617,1,100000,0.78035,0.78035,0.21965,0.0,-4.273811567307649,4.770658585869181
0.9,103250,photon,16,16.83719368533617,2,100000,0.87659,0.87659,0.12341,0.0,-8.504244950523606,6.740382118135003
0.9,103250,photon,16,16.83719368533617,3,100000,0.93161,0.93161,0.06839,0.0,-12.718956897544563,8.259401590505357
0.9,103250,photon,16,16.83719368533617,4,100000,0.95999,0.95999,0.04001,0.0,-16.979057615520198,9.54887505851146
0.9,103250,photon,16,16.83719368533617,5,100000,0.97569,0.97569,0.02431,0.0,-21.188112296822915,10.675926464833854
0.9,103250,photon,16,16.83719368533617,6,100000,0.98482,0.98482,0.01518,0.0,-25.427314250661595,11.688684529425414
0.9,103250,photon,16,16.83719368533617,7,100000,0.99038,0.99038,0.00962,0.0,-29.656228873944446,12.63124543254413
0.9,103250,photon,16,16.83719368533617,8,100000,0.99386,0.99386,0.00614,0.0,-33.86050638078498,13.512894169864044
0.9,103250,photon,16,16.83719368533617,9,100000,0.99638,0.99638,0.00362,0.0,-38.06571481827478,14.353037303968277
0.9,103250,photon,16,16.83719368533617,10,100000,0.99766,0.99766,0.00234,0.0,-42.26179886113588,15.101959407332524
0.9,103250,photon,16,16.83719368533617,11,100000,0.99858,0.99858,0.00142,0.0,-46.48792230184903,15.843611121077197
0.9,103250,photon,16,16.83719368533617,12,100000,0.99914,0.99914,0.00086,0.0,-50.68810125237313,16.5570607117119
0.9,103250,photon,17,17.509405783802578,1,100000,0.78017,0.78017,0.21983,0.0,-4.280648781252528,4.784701648329504
0.9,103250,photon,17,17.509405783802578,2,100000,0.87513,0.87513,0.12487,0.0,-8.51664365918845,6.766897092791619
0.9,103250,photon,17,17.509405783802578,3,100000,0.93017,0.93017,0.06983,0.0,-12.743804477727075,8.301090556855119
0.9,103250,photon,17,17.509405783802578,4,100000,0.95939,0.95939,0.04061,0.0,-16.99285653150993,9.565217514220006
0.9,103250,photon,17,17.509405783802578,5,100000,0.97638,0.97638,0.02362,0.0,-21.210721564071342,10.706390918530557
0.9,103250,photon,17,17.509405783802578,6,100000,0.98541,0.98541,0.01459,0.0,-25.42786340152439,11.725962187590836
0.9,103250,photon,17,17.509405783802578,7,100000,0.99146,0.99146,0.00854,0.0,-29.650344081228337,12.637131741690592
0.9,103250,photon,17,17.509405783802578,8,100000,0.99467,0.99467,0.00533,0.0,-33.87562296339225,13.511436487382399
0.9,103250,photon,17,17.509405783802578,9,100000,0.9965,0.9965,0.0035,0.0,-38.102440664193466,14.323988940049025
0.9,103250,photon,17,17.509405783802578,10,100000,0.99779,0.99779,0.00221,0.0,-42.356266266985784,15.124621407564723
0.9,103250,photon,17,17.509405783802578,11,100000,0.99865,0.99865,0.00135,0.0,-46.61177479819155,15.85662451442905
0.9,103250,photon,17,17.509405783802578,12,100000,0.99929,0.99929,0.00071,0.0,-50.847885382413125,16.562129181165744
0.9,103250,photon,18,18.208455436897705,1,100000,0.77973,0.77973,0.22027,0.0,-4.284140650436718,4.784599017096126
0.9,103250,photon,18,18.208455436897705,2,100000,0.87382,0.87382,0.12618,0.0,-8.525366823849517,6.766483863947996
0.9,103250,photon,18,18.208455436897705,3,100000,0.93079,0.93079,0.06921,0.0,-12.792026116631138,8.30961456963315
0.9,103250,photon,18,18.208455436897705,4,100000,0.96077,0.96077,0.03923,0.0,-17.060374682501898,9.587600543314728
0.9,103250,photon,18,18.208455436897705,5,100000,0.97669,0.97669,0.02331,0.0,-21.303753482470604,10.71776199557252
0.9,103250,photon,18,18.208455436897705,6,100000,0.98532,0.98532,0.01468,0.0,-25.559335545105174,11.763346530512532
0.9,103250,photon,18,18.208455436897705,7,100000,0.99139,0.99139,0.00861,0.0,-29.79401168724428,12.669574291128551
0.9,103250,photon,18,18.208455436897705,8,100000,0.99457,0.99457,0.00543,0.0,-34.06982315035252,13.566459727781499
0.9,103250,photon,18,18.208455436897705,9,100000,0.99676,0.99676,0.00324,0.0,-38.324009784055555,14.363485375803767
0.9,103250,photon,18,18.208455436897705,10,100000,0.99798,0.99798,0.00202,0.0,-42.57479464942332,15.121660610166234
0.9,103250,photon,18,18.208455436897705,11,100000,0.99867,0.99867,0.00133,0.0,-46.81813496773764,15.857683646422092
0.9,103250,photon,18,18.208455436897705,12,100000,0.99913,0.99913,0.00087,0.0,-51.069732331809426,16.580266931381058
0.9,103250,photon,19,18.935414113492897,1,100000,0.78101,0.78101,0.21899,0.0,-4.30482725072376,4.782985393432615
0.9,103250,photon,19,18.935414113492897,2,100000,0.87516,0.87516,0.12484,0.0,-8.563847193864154,6.768856391945485
0.9,103250,photon,19,18.935414113492897,3,100000,0.93236,0.93236,0.06764,0.0,-12.83179011458482,8.263996544247247
0.9,103250,photon,19,18.935414113492897,4,100000,0.96119,0.96119,0.03881,0.0,-17.122882276837018,9.580101510322807
0.9,103250,photon,19,18.935414113492897,5,100000,0.97716,0.97716,0.02284,0.0,-21.394880656299204,10.698320799230611
0.9,103250,photon,19,18.935414113492897,6,100000,0.98658,0.98658,0.01342,0.0,-25.673607190978878,11.70619861931642
0.9,103250,photon,19,18.935414113492897,7,100000,0.99182,0.99182,0.00818,0.0,-29.936636051239773,12.641176629177519
0.9,103250,photon,19,18.935414113492897,8,100000,0.9952,0.9952,0.0048,0.0,-34.207562381475086,13.516666479805176
0.9,103250,photon,19,18.935414113492897,9,100000,0.99683,0.99683,0.00317,0.0,-38.44890778688936,14.323941442664209
0.9,103250,photon,19,18.935414113492897,10,100000,0.99813,0.99813,0.00187,0.0,-42.69892559277485,15.098410799779522
0.9,103250,photon,19,18.935414113492897,11,100000,0.99888,0.99888,0.00112,0.0,-46.95712750626437,15.818493183057187
0.9,103250,photon,19,18.935414113492897,12,100000,0.99941,0.99941,0.00059,0.0,-51.21377184957479,16.538992117730185
0.9,103250,su2,0,9.000000000000002,1,100000,0.85054,0.14946,0.85054,0.0,2.216748300757561,1.860206633924728
0.9,103250,su2,0,9.000000000000002,2,100000,0.93212,0.06788,0.93212,0.0,4.416325627949302,2.6440434182212793
0.9,103250,su2,0,9.000000000000002,3,100000,0.96199,0.03801,0.96199,0.0,6.616021470606158,3.239267403315351
0.9,103250,su2,0,9.000000000000002,4,100000,0.97643,0.02357,0.97643,0.0,8.82807996756555,3.7339698894077684
0.9,103250,su2,0,9.000000000000002,5,100000,0.98577,0.01423,0.98577,0.0,11.023574762369261,4.162739005135757
0.9,103250,su2,0,9.000000000000002,6,100000,0.99111,0.00889,0.99111,0.0,13.230154936616017,4.55926137367829
0.9,103250,su2,0,9.000000000000002,7,100000,0.99417,0.00583,0.99417,0.0,15.42411360278165,4.931579054689023
0.9,103250,su2,0,9.000000000000002,8,100000,0.99653,0.00347,0.99653,0.0,17.622416069573145,5.279217827388096
0.9,103250,su2,0,9.000000000000002,9,100000,0.99798,0.00202,0.99798,0.0,19.80991749090814,5.6018817917138675
0.9,103250,su2,0,9.000000000000002,10,100000,0.9987,0.0013,0.9987,0.0,21.993253054245162,5.911406585856262
0.9,103250,su2,0,9.000000000000002,11,100000,0.99924,0.00076,0.99924,0.0,24.181719429770336,6.202447810865725
0.9,103250,su2,0,9.000000000000002,12,100000,0.99942,0.00058,0.99942,0.0,26.38200224739099,6.479160179837017
0.9,103250,su2,1,10.478624812597394,1,100000,0.84922,0.15078,0.84922,0.0,2.2063361319713506,1.8722583619650879
0.9,103250,su2,1,10.478624812597394,2,100000,0.92972,0.07028,0.92972,0.0,4.399858214639166,2.6644897516435515
0.9,103250,su2,1,10.478624812597394,3,100000,0.96005,0.03995,0.96005,0.0,6.590527253767654,3.267070370546637
0.9,103250,su2,1,10.478624812597394,4,100000,0.97513,0.02487,0.97513,0.0,8.776157972423507,3.763905915350293
0.9,103250,su2,1,10.478624812597394,5,100000,0.98421,0.01579,0.98421,0.0,10.964095039027722,4.214856344722534
0.9,103250,su2,1,10.478624812597394,6,100000,0.99014,0.00986,0.99014,0.0,13.146196797257588,4.617799167604761
0.9,103250,su2,1,10.478624812597394,7,100000,0.99387,0.00613,0.99387,0.0,15.320697735874333,4.993757100794903
0.9,103250,su2,1,10.478624812597394,8,100000,0.99604,0.00396,0.99604,0.0,17.495336332496315,5.333279284510762
0.9,103250,su2,1,10.478624812597394,9,100000,0.99756,0.00244,0.99756,0.0,19.683323885003617,5.653792126194156
0.9,103250,su2,1,10.478624812597394,10,100000,0.99842,0.00158,0.99842,0.0,21.865995631584642,5.962772774759574
0.9,103250,su2,1,10.478624812597394,11,100000,0.99881,0.00119,0.99881,0.0,24.040617775090023,6.25525790650528
0.9,103250,su2,1,10.478624812597394,12,100000,0.99931,0.00069,0.99931,0.0,26.21825008545713,6.532722112474587
0.9,103250,su2,2,12.200175329242407,1,100000,0.84798,0.15202,0.84798,0.0,2.195772753168252,1.892003972262951
0.9,103250,su2,2,12.200175329242407,2,100000,0.92995,0.07005,0.92995,0.0,4.382480310860936,2.674884072181908
0.9,103250,su2,2,12.200175329242407,3,100000,0.95759,0.04241,0.95759,0.0,6.5522428077471275,3.2845651159406226
0.9,103250,su2,2,12.200175329242407,4,100000,0.9733,0.0267,0.9733,0.0,8.72295353000226,3.8115684698042034
0.9,103250,su2,2,12.200175329242407,5,100000,0.98276,0.01724,0.98276,0.0,10.889901070187255,4.258486734832762
0.9,103250,su2,2,12.200175329242407,6,100000,0.98886,0.01114,0.98886,0.0,13.062918034147094,4.669821864820785
0.9,103250,su2,2,12.200175329242407,7,100000,0.99281,0.00719,0.99281,0.0,15.227241576680434,5.044452312781862
0.9,103250,su2,2,12.200175329242407,8,100000,0.99576,0.00424,0.99576,0.0,17.39796410650948,5.385174769672141
0.9,103250,su2,2,12.200175329242407,9,100000,0.99709,0.00291,0.99709,0.0,19.558622436841382,5.716363806084325
0.9,103250,su2,2,12.200175329242407,10,100000,0.99814,0.00186,0.99814,0.0,21.722423872179384,6.023856755017828
0.9,103250,su2,2,12.200175329242407,11,100000,0.99883,0.00117,0.99883,0.0,23.873158214498268,6.322713293952393
0.9,103250,su2,2,12.200175329242407,12,100000,0.99912,0.00088,0.99912,0.0,26.042254278550875,6.615235384343207
0.9,103250,su2,3,14.204562213670894,1,100000,0.84576,0.15424,0.84576,0.0,2.178773721723977,1.9146108658382441
0.9,103250,su2,3,14.204562213670894,2,100000,0.92748,0.07252,0.92748,0.0,4.352663956563379,2.6973055982382323
0.9,103250,su2,3,14.204562213670894,3,100000,0.95857,0.04143,0.95857,0.0,6.523328973867455,3.2907662613883026
0.9,103250,su2,3,14.204562213670894,4,100000,0.97253,0.02747,0.97253,0.0,8.684328898782883,3.811880819349826
0.9,103250,su2,3,14.204562213670894,5,100000,0.98272,0.01728,0.98272,0.0,10.843758921197125,4.270758866304051
0.9,103250,su2,3,14.204562213670894,6,100000,0.98858,0.01142,0.98858,0.0,13.011826890742471,4.6692660606381295
0.9,103250,su2,3,14.204562213670894,7,100000,0.99304,0.00696,0.99304,0.0,15.178113790603879,5.057257896600611
0.9,103250,su2,3,14.204562213670894,8,100000,0.99563,0.00437,0.99563,0.0,17.347272682313143,5.392401578685924
0.9,103250,su2,3,14.204562213670894,9,100000,0.99726,0.00274,0.99726,0.0,19.514534230769094,5.726031876825264
0.9,103250,su2,3,14.204562213670894,10,100000,0.99813,0.00187,0.99813,0.0,21.671390227470564,6.035887869311335
0.9,103250,su2,3,14.204562213670894,11,100000,0.99871,0.00129,0.99871,0.0,23.834844529129356,6.336065125191743
0.9,103250,su2,3,14.204562213670894,12,100000,0.99926,0.00074,0.99926,0.0,26.000611723599334,6.634086489750105
0.9,103250,su2,4,16.538253118250562,1,100000,0.84423,0.15577,0.84423,0.0,2.177540531645962,1.9087566011954933
0.9,103250,su2,4,16.538253118250562,2,100000,0.9277,0.0723,0.9277,0.0,4.343981480951092,2.691137895859141
0.9,103250,su2,4,16.538253118250562,3,100000,0.95747,0.04253,0.95747,0.0,6.5037092424841285,3.293265530466217
0.9,103250,su2,4,16.538253118250562,4,100000,0.97253,0.02747,0.97253,0.0,8.667062828338125,3.812912731048079
0.9,103250,su2,4,16.538253118250562,5,100000,0.98267,0.01733,0.98267,0.0,10.828683059362909,4.256847066812265
0.9,103250,su2,4,16.538253118250562,6,100000,0.98899,0.01101,0.98899,0.0,12.992009280248157,4.667587679382898
0.9,103250,su2,4,16.538253118250562,7,100000,0.99281,0.00719,0.99281,0.0,15.14732771022089,5.052140551860051
0.9,103250,su2,4,16.538253118250562,8,100000,0.9955,0.0045,0.9955,0.0,17.304320380595623,5.408590940627079
0.9,103250,su2,4,16.538253118250562,9,100000,0.99742,0.00258,0.99742,0.0,19.458035376340483,5.7320917458660805
0.9,103250,su2,4,16.538253118250562,10,100000,0.99824,0.00176,0.99824,0.0,21.607256650948216,6.042699530178967
0.9,103250,su2,4,16.538253118250562,11,100000,0.99894,0.00106,0.99894,0.0,23.75988611605838,6.334919755372055
0.9,103250,su2,4,16.538253118250562,12,100000,0.9992,0.0008,0.9992,0.0,25.91272214176007,6.616418040220435
0.9,103250,su2,5,19.255349942435167,1,100000,0.84451,0.15549,0.84451,0.0,2.1745924649433395,1.914130262939433
0.9,103250,su2,5,19.255349942435167,2,100000,0.92666,0.07334,0.92666,0.0,4.330393768322162,2.7089725900823693
0.9,103250,su2,5,19.255349942435167,3,100000,0.95658,0.04342,0.95658,0.0,6.496481446492621,3.3092693633246175
0.9,103250,su2,5,19.255349942435167,4,100000,0.97185,0.02815,0.97185,0.0,8.651294244244841,3.8189508859429
0.9,103250,su2,5,19.255349942435167,5,100000,0.98222,0.01778,0.98222,0.0,10.80636592802888,4.272489119120868
0.9,103250,su2,5,19.255349942435167,6,100000,0.98856,0.01144,0.98856,0.0,12.975660912034398,4.671219417361484
0.9,103250,su2,5,19.255349942435167,7,100000,0.99282,0.00718,0.99282,0.0,15.135242844391414,5.042804584107424
0.9,103250,su2,5,19.255349942435167,8,100000,0.99552,0.00448,0.99552,0.0,17.282938914624957,5.408568560699763
0.9,103250,su2,5,19.255349942435167,9,100000,0.99706,0.00294,0.99706,0.0,19.431559547158113,5.747157059908024
0.9,103250,su2,5,19.255349942435167,10,100000,0.99791,0.00209,0.99791,0.0,21.581172630096717,6.062031903384687
0.9,103250,su2,5,19.255349942435167,11,100000,0.99857,0.00143,0.99857,0.0,23.73223004590334,6.362802914222963
0.9,103250,su2,5,19.255349942435167,12,100000,0.99912,0.00088,0.99912,0.0,25.88212688878001,6.647123883259271
0.9,103250,su2,6,22.418843075782977,1,100000,0.8445,0.1555,0.8445,0.0,2.1783221709544542,1.8941051623305878
0.9,103250,su2,6,22.418843075782977,2,100000,0.92782,0.07218,0.92782,0.0,4.342390358322154,2.6725129220859873
0.9,103250,su2,6,22.418843075782977,3,100000,0.95835,0.04165,0.95835,0.0,6.50168441534664,3.2829830388866763
0.9,103250,su2,6,22.418843075782977,4,100000,0.97305,0.02695,0.97305,0.0,8.661507704171042,3.789516945324703
0.9,103250,su2,6,22.418843075782977,5,100000,0.98289,0.01711,0.98289,0.0,10.808510887567145,4.252567367190707
0.9,103250,su2,6,22.418843075782977,6,100000,0.9888,0.0112,0.9888,0.0,12.957309115008776,4.664174174059556
0.9,103250,su2,6,22.418843075782977,7,100000,0.99305,0.00695,0.99305,0.0,15.105804803851722,5.046331395835459
0.9,103250,su2,6,22.418843075782977,8,100000,0.9957,0.0043,0.9957,0.0,17.26448136432388,5.374697371271917
0.9,103250,su2,6,22.418843075782977,9,100000,0.99687,0.00313,0.99687,0.0,19.422757592939845,5.718004516025269
0.9,103250,su2,6,22.418843075782977,10,100000,0.99791,0.00209,0.99791,0.0,21.572259506379513,6.02654830024949
0.9,103250,su2,6,22.418843075782977,11,100000,0.99864,0.00136,0.99864,0.0,23.719938146742084,6.331577347949533
0.9,103250,su2,6,22.418843075782977,12,100000,0.99912,0.00088,0.99912,0.0,25.879664260455755,6.606230676658684
0.9,103250,su2,7,26.10207170262519,1,100000,0.84296,0.15704,0.84296,0.0,2.162333606846811,1.91726332362697
0.9,103250,su2,7,26.10207170262519,2,100000,0.92558,0.07442,0.92558,0.0,4.307264986773612,2.710946326894475
0.9,103250,su2,7,26.10207170262519,3,100000,0.95644,0.04356,0.95644,0.0,6.470752045632722,3.3139567220236334
0.9,103250,su2,7,26.10207170262519,4,100000,0.97226,0.02774,0.97226,0.0,8.620470738389152,3.8284831508192148
0.9,103250,su2,7,26.10207170262519,5,100000,0.98103,0.01897,0.98103,0.0,10.758852312066061,4.284743660539229
0.9,103250,su2,7,26.10207170262519,6,100000,0.98841,0.01159,0.98841,0.0,12.904473087479431,4.700449330917909
0.9,103250,su2,7,26.10207170262519,7,100000,0.99312,0.00688,0.99312,0.0,15.057633471759658,5.072700608293511
0.9,103250,su2,7,26.10207170262519,8,100000,0.99567,0.00433,0.99567,0.0,17.21200927116356,5.416982485758145
0.9,103250,su2,7,26.10207170262519,9,100000,0.99724,0.00276,0.99724,0.0,19.345577166543116,5.762039385512732
0.9,103250,su2,7,26.10207170262519,10,100000,0.99807,0.00193,0.99807,0.0,21.480244173149657,6.07997978547467
0.9,103250,su2,7,26.10207170262519,11,100000,0.99853,0.00147,0.99853,0.0,23.62521346820986,6.387739198119975
0.9,103250,su2,7,26.10207170262519,12,100000,0.99907,0.00093,0.99907,0.0,25.778004731275093,6.661465717566852
0.9,103250,su2,8,30.390424022591617,1,100000,0.84301,0.15699,0.84301,0.0,2.1670095232083733,1.9066970706240558
0.9,103250,su2,8,30.390424022591617,2,100000,0.92733,0.07267,0.92733,0.0,4.321269545527953,2.6964067105247587
0.9,103250,su2,8,30.390424022591617,3,100000,0.95716,0.04284,0.95716,0.0,6.471834305174197,3.3040163846713435
0.9,103250,su2,8,30.390424022591617,4,100000,0.97189,0.02811,0.97189,0.0,8.620885737297787,3.822473421747159
0.9,103250,su2,8,30.390424022591617,5,100000,0.98182,0.01818,0.98182,0.0,10.771570887700051,4.269985992536645
0.9,103250,su2,8,30.390424022591617,6,100000,0.98885,0.01115,0.98885,0.0,12.92038272994368,4.680729814371093
0.9,103250,su2,8,30.390424022591617,7,100000,0.99269,0.00731,0.99269,0.0,15.066002992582947,5.071573579045487
0.9,103250,su2,8,30.390424022591617,8,100000,0.99526,0.00474,0.99526,0.0,17.214553989649296,5.41351413018736
0.9,103250,su2,8,30.390424022591617,9,100000,0.99691,0.00309,0.99691,0.0,19.360165665031488,5.743958362381354
0.9,103250,su2,8,30.390424022591617,10,100000,0.9979,0.0021,0.9979,0.0,21.50225045872392,6.050323791592984
0.9,103250,su2,8,30.390424022591617,11,100000,0.99868,0.00132,0.99868,0.0,23.64079188025756,6.35298760763904
0.9,103250,su2,8,30.390424022591617,12,100000,0.99926,0.00074,0.99926,0.0,25.779498660246254,6.633742939470561
0.9,103250,su2,9,35.3833168031649,1,100000,0.84415,0.15585,0.84415,0.0,2.168443620638538,1.9029616107799703
0.9,103250,su2,9,35.3833168031649,2,100000,0.92523,0.07477,0.92523,0.0,4.31092695109949,2.715816979278482
0.9,103250,su2,9,35.3833168031649,3,100000,0.95511,0.04489,0.95511,0.0,6.46090461334105,3.3277901783980206
0.9,103250,su2,9,35.3833168031649,4,100000,0.97198,0.02802,0.97198,0.0,8.60752361949696,3.8369949267874293
0.9,103250,su2,9,35.3833168031649,5,100000,0.98188,0.01812,0.98188,0.0,10.750861362242835,4.2927030299324285
0.9,103250,su2,9,35.3833168031649,6,100000,0.98824,0.01176,0.98824,0.0,12.892853524901223,4.707106641302004
0.9,103250,su2,9,35.3833168031649,7,100000,0.99211,0.00789,0.99211,0.0,15.034608924707735,5.098173914489089
0.9,103250,su2,9,35.3833168031649,8,100000,0.99504,0.00496,0.99504,0.0,17.186179023098155,5.440997101466104
0.9,103250,su2,9,35.3833168031649,9,100000,0.99662,0.00338,0.99662,0.0,19.33035736148511,5.7682183356411745
0.9,103250,su2,9,35.3833168031649,10,100000,0.99796,0.00204,0.99796,0.0,21.482327667787626,6.065903963100251
0.9,103250,su2,9,35.3833168031649,11,100000,0.99866,0.00134,0.99866,0.0,23.629244527101886,6.369731062661413
0.9,103250,su2,9,35.3833168031649,12,100000,0.99911,0.00089,0.99911,0.0,25.760488668423257,6.649024183713787
0.9,103250,su2,10,41.196500156181976,1,100000,0.84247,0.15753,0.84247,0.0,2.159710349537284,1.8969630342014854
0.9,103250,su2,10,41.196500156181976,2,100000,0.92433,0.07567,0.92433,0.0,4.290117990264441,2.7073535682097485
0.9,103250,su2,10,41.196500156181976,3,100000,0.95546,0.04454,0.95546,0.0,6.422162668460426,3.319590089936408
0.9,103250,su2,10,41.196500156181976,4,100000,0.97073,0.02927,0.97073,0.0,8.561033438936938,3.8334199573253085
0.9,103250,su2,10,41.196500156181976,5,100000,0.98179,0.01821,0.98179,0.0,10.69285301279943,4.291691467505663
0.9,103250,su2,10,41.196500156181976,6,100000,0.98769,0.01231,0.98769,0.0,12.818112248068163,4.718994489769115
0.9,103250,su2,10,41.196500156181976,7,100000,0.99195,0.00805,0.99195,0.0,14.955863684247648,5.100487851531225
0.9,103250,su2,10,41.196500156181976,8,100000,0.99481,0.00519,0.99481,0.0,17.09617465268539,5.449082825876547
0.9,103250,su2,10,41.196500156181976,9,100000,0.9964,0.0036,0.9964,0.0,19.232201357214247,5.7730155108996835
0.9,103250,su2,10,41.196500156181976,10,100000,0.99757,0.00243,0.99757,0.0,21.37038785952631,6.096503834692432
0.9,103250,su2,10,41.196500156181976,11,100000,0.99854,0.00146,0.99854,0.0,23.504735834454767,6.395204612412141
0.9,103250,su2,10,41.196500156181976,12,100000,0.99905,0.00095,0.99905,0.0,25.641759232735275,6.6718950153062195
0.9,103250,su2,11,47.96474096986008,1,100000,0.84383,0.15617,0.84383,0.0,2.1720558945847124,1.9007272510854232
0.9,103250,su2,11,47.96474096986008,2,100000,0.92701,0.07299,0.92701,0.0,4.326182617696331,2.6911314657973504
0.9,103250,su2,11,47.96474096986008,3,100000,0.95594,0.04406,0.95594,0.0,6.4725473083832314,3.3083889412352177
0.9,103250,su2,11,47.96474096986008,4,100000,0.97177,0.02823,0.97177,0.0,8.612688855378419,3.82007325698754
0.9,103250,su2,11,47.96474096986008,5,100000,0.98175,0.01825,0.98175,0.0,10.757995859216873,4.275484054311799
0.9,103250,su2,11,47.96474096986008,6,100000,0.98813,0.01187,0.98813,0.0,12.89415037522057,4.693650245582462
0.9,103250,su2,11,47.96474096986008,7,100000,0.99252,0.00748,0.99252,0.0,15.040989196514385,5.081041724314864
0.9,103250,su2,11,47.96474096986008,8,100000,0.99514,0.00486,0.99514,0.0,17.181759622715923,5.429712585907776
0.9,103250,su2,11,47.96474096986008,9,100000,0.99688,0.00312,0.99688,0.0,19.332253245529028,5.754181563241469
0.9,103250,su2,11,47.96474096986008,10,100000,0.99797,0.00203,0.99797,0.0,21.478951652780626,6.066382903177364
0.9,103250,su2,11,47.96474096986008,11,100000,0.99862,0.00138,0.99862,0.0,23.607212814516927,6.359650282881389
0.9,103250,su2,11,47.96474096986008,12,100000,0.9991,0.0009,0.9991,0.0,25.741559600442887,6.651190914811538
0.9,103250,su2,12,55.844947206286946,1,100000,0.84091,0.15909,0.84091,0.0,2.156885387586122,1.928976921980759
0.9,103250,su2,12,55.844947206286946,2,100000,0.92388,0.07612,0.92388,0.0,4.29098430692965,2.727313985135994
0.9,103250,su2,12,55.844947206286946,3,100000,0.95489,0.04511,0.95489,0.0,6.427796060106018,3.3417190671967756
0.9,103250,su2,12,55.844947206286946,4,100000,0.97052,0.02948,0.97052,0.0,8.566837438307624,3.8488429002931337
0.9,103250,su2,12,55.844947206286946,5,100000,0.9807,0.0193,0.9807,0.0,10.696015160170605,4.306751385490663
0.9,103250,su2,12,55.844947206286946,6,100000,0.98797,0.01203,0.98797,0.0,12.816773206624452,4.714648969904594
0.9,103250,su2,12,55.844947206286946,7,100000,0.99201,0.00799,0.99201,0.0,14.94250314715383,5.093752373161091
0.9,103250,su2,12,55.844947206286946,8,100000,0.99472,0.00528,0.99472,0.0,17.07807107446884,5.454607477000548
0.9,103250,su2,12,55.844947206286946,9,100000,0.99637,0.00363,0.99637,0.0,19.203721043415726,5.788205801141262
0.9,103250,su2,12,55.844947206286946,10,100000,0.99758,0.00242,0.99758,0.0,21.33098283680218,6.105264830220155
0.9,103250,su2,12,55.844947206286946,11,100000,0.99842,0.00158,0.99842,0.0,23.462996491755476,6.408895978733519
0.9,103250,su2,12,55.844947206286946,12,100000,0.99894,0.00106,0.99894,0.0,25.58507056474848,6.672561213998761
0.9,103250,su2,13,65.0198054948877,1,100000,0.84202,0.15798,0.84202,0.0,2.1567411185537364,1.908416630286952
0.9,103250,su2,13,65.0198054948877,2,100000,0.92571,0.07429,0.92571,0.0,4.2960123738612355,2.709418550537357
0.9,103250,su2,13,65.0198054948877,3,100000,0.95482,0.04518,0.95482,0.0,6.441816058713128,3.3317988180003795
0.9,103250,su2,13,65.0198054948877,4,100000,0.9709,0.0291,0.9709,0.0,8.587594364322069,3.8440128938110614
0.9,103250,su2,13,65.0198054948877,5,100000,0.98158,0.01842,0.98158,0.0,10.721804285370162,4.298019732036687
0.9,103250,su2,13,65.0198054948877,6,100000,0.98783,0.01217,0.98783,0.0,12.862478576686865,4.719879343325698
0.9,103250,su2,13,65.0198054948877,7,100000,0.99225,0.00775,0.99225,0.0,14.994616860892817,5.113036831449462
0.9,103250,su2,13,65.0198054948877,8,100000,0.99489,0.00511,0.99489,0.0,17.124787685606197,5.470359766129117
0.9,103250,su2,13,65.0198054948877,9,100000,0.99638,0.00362,0.99638,0.0,19.259409472394463,5.804893066597126
0.9,103250,su2,13,65.0198054948877,10,100000,0.9976,0.0024,0.9976,0.0,21.401566490983097,6.118726219030787
0.9,103250,su2,13,65.0198054948877,11,100000,0.99836,0.00164,0.99836,0.0,23.536346014490597,6.416101248576966
0.9,103250,su2,13,65.0198054948877,12,100000,0.99898,0.00102,0.99898,0.0,25.670506132598078,6.702013559827347
0.9,103250,su2,14,75.70201635210961,1,100000,0.8392,0.1608,0.8392,0.0,2.1456946735024554,1.927415700378186
0.9,103250,su2,14,75.70201635210961,2,100000,0.92466,0.07534,0.92466,0.0,4.283443928795339,2.733103761738301
0.9,103250,su2,14,75.70201635210961,3,100000,0.95419,0.04581,0.95419,0.0,6.4229743320028305,3.342068552004893
0.9,103250,su2,14,75.70201635210961,4,100000,0.971,0.029,0.971,0.0,8.558530980480088,3.858151162127981
0.9,103250,su2,14,75.70201635210961,5,100000,0.98076,0.01924,0.98076,0.0,10.697988537992645,4.308499875331022
0.9,103250,su2,14,75.70201635210961,6,100000,0.98754,0.01246,0.98754,0.0,12.825394766191563,4.721160254268925
0.9,103250,su2,14,75.70201635210961,7,100000,0.99182,0.00818,0.99182,0.0,14.952784082760227,5.109984520016254
0.9,103250,su2,14,75.70201635210961,8,100000,0.99466,0.00534,0.99466,0.0,17.06857022760106,5.451313318602071
0.9,103250,su2,14,75.70201635210961,9,100000,0.99641,0.00359,0.99641,0.0,19.195486177304556,5.792123110059424
0.9,103250,su2,14,75.70201635210961,10,100000,0.99768,0.00232,0.99768,0.0,21.32413086814478,6.1081530993304005
0.9,103250,su2,14,75.70201635210961,11,100000,0.99857,0.00143,0.99857,0.0,23.44672141079611,6.4167739422315835
0.9,103250,su2,14,75.70201635210961,12,100000,0.99903,0.00097,0.99903,0.0,25.563257817312245,6.710909545639196
0.9,103250,su2,15,88.1392252123188,1,100000,0.84269,0.15731,0.84269,0.0,2.1567372127262256,1.924460455654567
0.9,103250,su2,15,88.1392252123188,2,100000,0.92279,0.07721,0.92279,0.0,4.290332799206723,2.739042659875764
0.9,103250,su2,15,88.1392252123188,3,100000,0.95288,0.04712,0.95288,0.0,6.42078903706302,3.366286176456912
0.9,103250,su2,15,88.1392252123188,4,100000,0.96979,0.03021,0.96979,0.0,8.560415009983908,3.8759376979680966
0.9,103250,su2,15,88.1392252123188,5,100000,0.98047,0.01953,0.98047,0.0,10.685130591395481,4.332691643777475
0.9,103250,su2,15,88.1392252123188,6,100000,0.98739,0.01261,0.98739,0.0,12.810507087534422,4.750796668169084
0.9,103250,su2,15,88.1392252123188,7,100000,0.99159,0.00841,0.99159,0.0,14.937813192996394,5.129251624024386
0.9,103250,su2,15,88.1392252123188,8,100000,0.99446,0.00554,0.99446,0.0,17.06086163902566,5.488151398183432
0.9,103250,su2,15,88.1392252123188,9,100000,0.99635,0.00365,0.99635,0.0,19.17956253497131,5.827845781356144
0.9,103250,su2,15,88.1392252123188,10,100000,0.99753,0.00247,0.99753,0.0,21.303478999953338,6.140456495068593
0.9,103250,su2,15,88.1392252123188,11,100000,0.9985,0.0015,0.9985,0.0,23.433015940732396,6.439675759219738
0.9,103250,su2,15,88.1392252123188,12,100000,0.99903,0.00097,0.99903,0.0,25.567352323069375,6.718233380047261
0.9,103250,su2,16,102.61976358587921,1,100000,0.84127,0.15873,0.84127,0.0,2.1520927983180895,1.9232433497163006
0.9,103250,su2,16,102.61976358587921,2,100000,0.92246,0.07754,0.92246,0.0,4.277048922564287,2.7332214908011068
0.9,103250,su2,16,102.61976358587921,3,100000,0.95496,0.04504,0.95496,0.0,6.4137651643906555,3.3437278379697717
0.9,103250,su2,16,102.61976358587921,4,100000,0.9695,0.0305,0.9695,0.0,8.540980815869002,3.863688842131615
0.9,103250,su2,16,102.61976358587921,5,100000,0.9803,0.0197,0.9803,0.0,10.672008988493412,4.331935155280803
0.9,103250,su2,16,102.61976358587921,6,100000,0.98706,0.01294,0.98706,0.0,12.794805010597116,4.741944333615554
0.9,103250,su2,16,102.61976358587921,7,100000,0.99157,0.00843,0.99157,0.0,14.923293895887833,5.118386355076863
0.9,103250,su2,16,102.61976358587921,8,100000,0.99455,0.00545,0.99455,0.0,17.047823003818667,5.483297033603611
0.9,103250,su2,16,102.61976358587921,9,100000,0.99654,0.00346,0.99654,0.0,19.173309497227333,5.817673738480627
0.9,103250,su2,16,102.61976358587921,10,100000,0.99774,0.00226,0.99774,0.0,21.295436205016486,6.134452538477361
0.9,103250,su2,16,102.61976358587921,11,100000,0.99857,0.00143,0.99857,0.0,23.420625963995423,6.435248761917608
0.9,103250,su2,16,102.61976358587921,12,100000,0.99905,0.00095,0.99905,0.0,25.546386883661867,6.722107884757483
0.9,103250,su2,17,119.47933344154129,1,100000,0.84362,0.15638,0.84362,0.0,2.1649879667250986,1.9160280830084273
0.9,103250,su2,17,119.47933344154129,2,100000,0.92442,0.07558,0.92442,0.0,4.309973949716293,2.711817954807689
0.9,103250,su2,17,119.47933344154129,3,100000,0.95469,0.04531,0.95469,0.0,6.44796502373236,3.3250582948009137
0.9,103250,su2,17,119.47933344154129,4,100000,0.97135,0.02865,0.97135,0.0,8.584811966513367,3.8448394585806076
0.9,103250,su2,17,119.47933344154129,5,100000,0.98161,0.01839,0.98161,0.0,10.714152031077242,4.302253240516324
0.9,103250,su2,17,119.47933344154129,6,100000,0.98805,0.01195,0.98805,0.0,12.842676173155928,4.722266386376602
0.9,103250,su2,17,119.47933344154129,7,100000,0.99233,0.00767,0.99233,0.0,14.97986093326675,5.104260418533586
0.9,103250,su2,17,119.47933344154129,8,100000,0.99511,0.00489,0.99511,0.0,17.117070185408547,5.464493187950586
0.9,103250,su2,17,119.47933344154129,9,100000,0.9969,0.0031,0.9969,0.0,19.243549456604672,5.785961321483856
0.9,103250,su2,17,119.47933344154129,10,100000,0.99782,0.00218,0.99782,0.0,21.37498095904612,6.102632098226983
0.9,103250,su2,17,119.47933344154129,11,100000,0.99863,0.00137,0.99863,0.0,23.50794212059236,6.388756950278614
0.9,103250,su2,17,119.47933344154129,12,100000,0.99918,0.00082,0.99918,0.0,25.638634494884023,6.680401659576109
0.9,103250,su2,18,139.10878977701455,1,100000,0.84003,0.15997,0.84003,0.0,2.146530053028071,1.9264593723748415
0.9,103250,su2,18,139.10878977701455,2,100000,0.92311,0.07689,0.92311,0.0,4.2794630205628525,2.7267324013245777
0.9,103250,su2,18,139.10878977701455,3,100000,0.95412,0.04588,0.95412,0.0,6.412459831380212,3.346174033292783
0.9,103250,su2,18,139.10878977701455,4,100000,0.97025,0.02975,0.97025,0.0,8.547727625144086,3.856807717179915
0.9,103250,su2,18,139.10878977701455,5,100000,0.98101,0.01899,0.98101,0.0,10.6866488304916,4.312649540860322
0.9,103250,su2,18,139.10878977701455,6,100000,0.98758,0.01242,0.98758,0.0,12.814157691085631,4.728106960765994
0.9,103250,su2,18,139.10878977701455,7,100000,0.99184,0.00816,0.99184,0.0,14.947179695006351,5.101849949066813
0.9,103250,su2,18,139.10878977701455,8,100000,0.99486,0.00514,0.99486,0.0,17.079461547574617,5.4512217216734005
0.9,103250,su2,18,139.10878977701455,9,100000,0.99683,0.00317,0.99683,0.0,19.214797808722103,5.773357760353564
0.9,103250,su2,18,139.10878977701455,10,100000,0.998,0.002,0.998,0.0,21.336652232607218,6.102104571995017
0.9,103250,su2,18,139.10878977701455,11,100000,0.99875,0.00125,0.99875,0.0,23.461587478541503,6.398541589689258
0.9,103250,su2,18,139.10878977701455,12,100000,0.99925,0.00075,0.99925,0.0,25.596343510342816,6.690238549320639
0.9,103250,su2,19,161.9632018008689,1,100000,0.83737,0.16263,0.83737,0.0,2.1372716430383205,1.9428097700075673
0.9,103250,su2,19,161.9632018008689,2,100000,0.92175,0.07825,0.92175,0.0,4.264111070084346,2.75379946374862
0.9,103250,su2,19,161.9632018008689,3,100000,0.9531,0.0469,0.9531,0.0,6.394006928961261,3.3643567710872144
0.9,103250,su2,19,161.9632018008689,4,100000,0.96843,0.03157,0.96843,0.0,8.51699874953889,3.891527343530434
0.9,103250,su2,19,161.9632018008689,5,100000,0.98014,0.01986,0.98014,0.0,10.64310315929723,4.340482239343341
0.9,103250,su2,19,161.9632018008689,6,100000,0.98674,0.01326,0.98674,0.0,12.763332740266963,4.767914681006821
0.9,103250,su2,19,161.9632018008689,7,100000,0.99108,0.00892,0.99108,0.0,14.881671393167087,5.152402586416446
0.9,103250,su2,19,161.9632018008689,8,100000,0.99419,0.00581,0.99419,0.0,17.006141783342972,5.499540906662649
0.9,103250,su2,19,161.9632018008689,9,100000,0.99604,0.00396,0.99604,0.0,19.121688313761506,5.845665673498067
0.9,103250,su2,19,161.9632018008689,10,100000,0.99728,0.00272,0.99728,0.0,21.238173423974818,6.1592475581786985
0.9,103250,su2,19,161.9632018008689,11,100000,0.99823,0.00177,0.99823,0.0,23.36868301022695,6.4557738465740195
0.9,103250,su2,19,161.9632018008689,12,100000,0.99885,0.00115,0.99885,0.0,25.485080332522784,6.740912556517734
0.9,113253,photon,0,9.000000000000002,1,100000,0.76178,0.76178,0.23822,0.0,-3.9878408903882447,4.786390638038633
0.9,113253,photon,0,9.000000000000002,2,100000,0.85831,0.85831,0.14169,0.0,-7.947135615712969,6.761629954320942
0.9,113253,photon,0,9.000000000000002,3,100000,0.91748,0.91748,0.08252,0.0,-11.907858354512248,8.276374251357447
0.9,113253,photon,0,9.000000000000002,4,100000,0.9506,0.9506,0.0494,0.0,-15.851955432802908,9.555547294769346
0.9,113253,photon,0,9.000000000000002,5,100000,0.96886,0.96886,0.03114,0.0,-19.78202084156723,10.681854693744665
0.9,113253,photon,0,9.000000000000002,6,100000,0.97965,0.97965,0.02035,0.0,-23.73531257636259,11.726210070894462
0.9,113253,photon,0,9.000000000000002,7,100000,0.98667,0.98667,0.01333,0.0,-27.663176374824097,12.644970727697531
0.9,113253,photon,0,9.000000000000002,8,100000,0.99139,0.99139,0.00861,0.0,-31.58345886310298,13.496243374655524
0.9,113253,photon,0,9.000000000000002,9,100000,0.99456,0.99456,0.00544,0.0,-35.54149889508527,14.30386140726438
0.9,113253,photon,0,9.000000000000002,10,100000,0.9964,0.9964,0.0036,0.0,-39.49144041670998,15.100456969358259
0.9,113253,photon,0,9.000000000000002,11,100000,0.99772,0.99772,0.00228,0.0,-43.43322187418438,15.81811264864497
0.9,113253,photon,0,9.000000000000002,12,100000,0.99845,0.99845,0.00155,0.0,-47.394198921738656,16.523217889758726
0.9,113253,photon,1,9.359318126242535,1,100000,0.76276,0.76276,0.23724,0.0,-4.007094125272875,4.792605635837952
0.9,113253,photon,1,9.359318126242535,2,100000,0.85966,0.85966,0.14034,0.0,-8.005531241722768,6.7731684023525
0.9,113253,photon,1,9.359318126242535,3,100000,0.91898,0.91898,0.08102,0.0,-11.999449088333703,8.296275925023865
0.9,113253,photon,1,9.359318126242535,4,100000,0.95196,0.95196,0.04804,0.0,-15.993840068783364,9.563223558617937
0.9,113253,photon,1,9.359318126242535,5,100000,0.96939,0.96939,0.03061,0.0,-19.943148003842413,10.687141846909322
0.9,113253,photon,1,9.359318126242535,6,100000,0.98047,0.98047,0.01953,0.0,-23.90457434353008,11.691529459978167
0.9,113253,photon,1,9.359318126242535,7,100000,0.98778,0.98778,0.01222,0.0,-27.89612121710608,12.624170562636303
0.9,113253,photon,1,9.359318126242535,8,100000,0.99211,0.99211,0.00789,0.0,-31.855099482478224,13.505796392749739
0.9,113253,photon,1,9.359318126242535,9,100000,0.99464,0.99464,0.00536,0.0,-35.79410617146846,14.321935975791243
0.9,113253,photon,1,9.359318126242535,10,100000,0.99659,0.99659,0.00341,0.0,-39.748902791705916,15.08553516465907
0.9,113253,photon,1,9.359318126242535,11,100000,0.9977,0.9977,0.0023,0.0,-43.69415958220739,15.822357213634549
0.9,113253,photon,1,9.359318126242535,12,100000,0.99849,0.99849,0.00151,0.0,-47.65260142932524,16.525298148386753
0.9,113253,photon,2,9.732981754245785,1,100000,0.76272,0.76272,0.23728,0.0,-3.9963051914609404,4.786772522630844
0.9,113253,photon,2,9.732981754245785,2,100000,0.85959,0.85959,0.14041,0.0,-8.014521890651338,6.747547410503425
0.9,113253,photon,2,9.732981754245785,3,100000,0.91902,0.91902,0.08098,0.0,-12.026187242954947,8.283270741864008
0.9,113253,photon,2,9.732981754245785,4,100000,0.95158,0.95158,0.04842,0.0,-16.026114895526838,9.546525273927376
0.9,113253,photon,2,9.732981754245785,5,100000,0.97025,0.97025,0.02975,0.0,-19.99554601208806,10.67076524940178
0.9,113253,photon,2,9.732981754245785,6,100000,0.98124,0.98124,0.01876,0.0,-23.97322229604513,11.700724335915195
0.9,113253,photon,2,9.732981754245785,7,100000,0.98782,0.98782,0.01218,0.0,-27.943549479140852,12.618716824604757
0.9,113253,photon,2,9.732981754245785,8,100000,0.99222,0.99222,0.00778,0.0,-31.924762640588746,13.487768192966328
0.9,113253,photon,2,9.732981754245785,9,100000,0.99475,0.99475,0.00525,0.0,-35.90185400065645,14.296186370596763
0.9,113253,photon,2,9.732981754245785,10,100000,0.99646,0.99646,0.00354,0.0,-39.8782326836987,15.075745139566832
0.9,113253,photon,2,9.732981754245785,11,100000,0.99792,0.99792,0.00208,0.0,-43.85413774568083,15.791565901625773
0.9,113253,photon,2,9.732981754245785,12,100000,0.99856,0.99856,0.00144,0.0,-47.84128473038035,16.50638009922187
0.9,113253,photon,3,10.121563617211155,1,100000,0.76449,0.76449,0.23551,0.0,-4.040008511844505,4.79682823641957
0.9,113253,photon,3,10.121563617211155,2,100000,0.85983,0.85983,0.14017,0.0,-8.04353846260144,6.770928188040645
0.9,113253,photon,3,10.121563617211155,3,100000,0.92067,0.92067,0.07933,0.0,-12.094879810112111,8.291395473862924
0.9,113253,photon,3,10.121563617211155,4,100000,0.95283,0.95283,0.04717,0.0,-16.116545955495372,9.551492800058057
0.9,113253,photon,3,10.121563617211155,5,100000,0.97022,0.97022,0.02978,0.0,-20.11879519970657,10.706224469585539
0.9,113253,photon,3,10.121563617211155,6,100000,0.98093,0.98093,0.01907,0.0,-24.149963398476213,11.747730278511261
0.9,113253,photon,3,10.121563617211155,7,100000,0.98744,0.98744,0.01256,0.0,-28.129685197800804,12.708423065183919
0.9,113253,photon,3,10.121563617211155,8,100000,0.99216,0.99216,0.00784,0.0,-32.13992327951782,13.561545416689267
0.9,113253,photon,3,10.121563617211155,9,100000,0.99506,0.99506,0.00494,0.0,-36.1644448869089,14.370018114451437
0.9,113253,photon,3,10.121563617211155,10,100000,0.99656,0.99656,0.00344,0.0,-40.157019379608016,15.138741574248339
0.9,113253,photon,3,10.121563617211155,11,100000,0.9978,0.9978,0.0022,0.0,-44.176332949541205,15.890727973110696
0.9,113253,photon,3,10.121563617211155,12,100000,0.99856,0.99856,0.00144,0.0,-48.183598652822596,16.588037454599707
0.9,113253,photon,4,10.525659314275703,1,100000,0.76545,0.76545,0.23455,0.0,-4.052735632934528,4.790753913923016
0.9,113253,photon,4,10.525659314275703,2,100000,0.86191,0.86191,0.13809,0.0,-8.08316606260131,6.76782415564236
0.9,113253,photon,4,10.525659314275703,3,100000,0.92036,0.92036,0.07964,0.0,-12.113735791536667,8.288316928947742
0.9,113253,photon,4,10.525659314275703,4,100000,0.95262,0.95262,0.04738,0.0,-16.141274734180634,9.559108437358903
0.9,113253,photon,4,10.525659314275703,5,100000,0.97118,0.97118,0.02882,0.0,-20.16082044783732,10.688076436392976
0.9,113253,photon,4,10.525659314275703,6,100000,0.98174,0.98174,0.01826,0.0,-24.18893509688268,11.684099169203591
0.9,113253,photon,4,10.525659314275703,7,100000,0.98866,0.98866,0.01134,0.0,-28.207781146038318,12.615138210158536
0.9,113253,photon,4,10.525659314275703,8,100000,0.99258,0.99258,0.00742,0.0,-32.22005152724437,13.500100083680383
0.9,113253,photon,4,10.525659314275703,9,100000,0.9954,0.9954,0.0046,0.0,-36.22318285982924,14.31000134629254
0.9,113253,photon,4,10.525659314275703,10,100000,0.99704,0.99704,0.00296,0.0,-40.27583835565864,15.090559211071405
0.9,113253,photon,4,10.525659314275703,11,100000,0.99828,0.99828,0.00172,0.0,-44.282579632417374,15.81791818051605
0.9,113253,photon,4,10.525659314275703,12,100000,0.99869,0.99869,0.00131,0.0,-48.29524773929448,16.543696287509295
0.9,113253,photon,5,10.945888223417125,1,100000,0.76901,0.76901,0.23099,0.0,-4.084922441757988,4.786163878434282
0.9,113253,photon,5,10.945888223417125,2,100000,0.86464,0.86464,0.13536,0.0,-8.17858491671502,6.767418041837594
0.9,113253,photon,5,10.945888223417125,3,100000,0.92286,0.92286,0.07714,0.0,-12.212045770110839,8.268803352316128
0.9,113253,photon,5,10.945888223417125,4,100000,0.95369,0.95369,0.04631,0.0,-16.255894433363636,9.540907551994223
0.9,113253,photon,5,10.945888223417125,5,100000,0.9719,0.9719,0.0281,0.0,-20.302470871060684,10.676295768025858
0.9,113253,photon,5,10.945888223417125,6,100000,0.98273,0.98273,0.01727,0.0,-24.321984108926166,11.701965485698226
0.9,113253,photon,5,10.945888223417125,7,100000,0.9888,0.9888,0.0112,0.0,-28.375431337320283,12.623032932580621
0.9,113253,photon,5,10.945888223417125,8,100000,0.9927,0.9927,0.0073,0.0,-32.42998874192525,13.497865170238459
0.9,113253,photon,5,10.945888223417125,9,100000,0.99519,0.99519,0.00481,0.0,-36.49395239715104,14.323141309075927
0.9,113253,photon,5,10.945888223417125,10,100000,0.99703,0.99703,0.00297,0.0,-40.53980729473613,15.09658845860525
0.9,113253,photon,5,10.945888223417125,11,100000,0.9981,0.9981,0.0019,0.0,-44.584225949720896,15.830406513358806
0.9,113253,photon,5,10.945888223417125,12,100000,0.99867,0.99867,0.00133,0.0,-48.663940585185195,16.53624456498347
0.9,113253,photon,6,11.382894450805844,1,100000,0.76641,0.76641,0.23359,0.0,-4.083912928273373,4.78927787745437
0.9,113253,photon,6,11.382894450805844,2,100000,0.8629,0.8629,0.1371,0.0,-8.15590763190375,6.768897074501815
0.9,113253,photon,6,11.382894450805844,3,100000,0.92289,0.92289,0.07711,0.0,-12.274452637544771,8.299321721262777
0.9,113253,photon,6,11.382894450805844,4,100000,0.95403,0.95403,0.04597,0.0,-16.319755250704514,9.564492512331356
0.9,113253,photon,6,11.382894450805844,5,100000,0.97181,0.97181,0.02819,0.0,-20.37551089170332,10.707806613494746
0.9,113253,photon,6,11.382894450805844,6,100000,0.98116,0.98116,0.01884,0.0,-24.43163713489285,11.723747387250713
0.9,113253,photon,6,11.382894450805844,7,100000,0.98791,0.98791,0.01209,0.0,-28.492286155325502,12.691242247175747
0.9,113253,photon,6,11.382894450805844,8,100000,0.99262,0.99262,0.00738,0.0,-32.57699342904657,13.544744008634972
0.9,113253,photon,6,11.382894450805844,9,100000,0.99515,0.99515,0.00485,0.0,-36.634388421805546,14.347220100829128
0.9,113253,photon,6,11.382894450805844,10,100000,0.99675,0.99675,0.00325,0.0,-40.70847063653905,15.106774571581543
0.9,113253,photon,6,11.382894450805844,11,100000,0.99803,0.99803,0.00197,0.0,-44.7785947114356,15.83760157236954
0.9,113253,photon,6,11.382894450805844,12,100000,0.99884,0.99884,0.00116,0.0,-48.84707011391678,16.537782278649768
0.9,113253,photon,7,11.837347818059184,1,100000,0.76765,0.76765,0.23235,0.0,-4.11426068876177,4.8007948095975
0.9,113253,photon,7,11.837347818059184,2,100000,0.86445,0.86445,0.13555,0.0,-8.209322746049596,6.763363930257365
0.9,113253,photon,7,11.837347818059184,3,100000,0.92519,0.92519,0.07481,0.0,-12.306137471227562,8.263356075544435
0.9,113253,photon,7,11.837347818059184,4,100000,0.95511,0.95511,0.04489,0.0,-16.39945046554527,9.570143465679175
0.9,113253,photon,7,11.837347818059184,5,100000,0.97263,0.97263,0.02737,0.0,-20.499302116413414,10.705127489365932
0.9,113253,photon,7,11.837347818059184,6,100000,0.98299,0.98299,0.01701,0.0,-24.612437925877526,11.730187212993172
0.9,113253,photon,7,11.837347818059184,7,100000,0.98898,0.98898,0.01102,0.0,-28.706837696502514,12.649400671436954
0.9,113253,photon,7,11.837347818059184,8,100000,0.99307,0.99307,0.00693,0.0,-32.78945665444654,13.51704641487879
0.9,113253,photon,7,11.837347818059184,9,100000,0.99566,0.99566,0.00434,0.0,-36.88180352696807,14.336839102305747
0.9,113253,photon,7,11.837347818059184,10,100000,0.99732,0.99732,0.00268,0.0,-40.95920670278871,15.123511483403632
0.9,113253,photon,7,11.837347818059184,11,100000,0.99811,0.99811,0.00189,0.0,-45.06106400790099,15.852132967344929
0.9,113253,photon,7,11.837347818059184,12,100000,0.99884,0.99884,0.00116,0.0,-49.15907820335321,16.57017484454851
0.9,113253,photon,8,12.309944888910984,1,100000,0.77115,0.77115,0.22885,0.0,-4.130644579385704,4.7888881213655345
0.9,113253,photon,8,12.309944888910984,2,100000,0.86889,0.86889,0.13111,0.0,-8.264907746680379,6.746120238800806
0.9,113253,photon,8,12.309944888910984,3,100000,0.92604,0.92604,0.07396,0.0,-12.369480995871767,8.269552180881087
0.9,113253,photon,8,12.309944888910984,4,100000,0.95628,0.95628,0.04372,0.0,-16.462684736080135,9.548624421590166
0.9,113253,photon,8,12.309944888910984,5,100000,0.97357,0.97357,0.02643,0.0,-20.59301373550266,10.664618743239622
0.9,113253,photon,8,12.309944888910984,6,100000,0.98358,0.98358,0.01642,0.0,-24.712976958705102,11.661910375329853
0.9,113253,photon,8,12.309944888910984,7,100000,0.98938,0.98938,0.01062,0.0,-28.832648807469994,12.61441614391822
0.9,113253,photon,8,12.309944888910984,8,100000,0.99337,0.99337,0.00663,0.0,-32.92385014050757,13.491517157279233
0.9,113253,photon,8,12.309944888910984,9,100000,0.99584,0.99584,0.00416,0.0,-37.02734728372647,14.300150600403377
0.9,113253,photon,8,12.309944888910984,10,100000,0.99738,0.99738,0.00262,0.0,-41.15670031795503,15.070313364646752
0.9,113253,photon,8,12.309944888910984,11,100000,0.99824,0.99824,0.00176,0.0,-45.24082674994421,15.812310830983517
0.9,113253,photon,8,12.309944888910984,12,100000,0.99883,0.99883,0.00117,0.0,-49.33898914747463,16.49778353646485
0.9,113253,photon,9,12.801410036870129,1,100000,0.77089,0.77089,0.22911,0.0,-4.156654335197681,4.791676453671996
0.9,113253,photon,9,12.801410036870129,2,100000,0.86726,0.86726,0.13274,0.0,-8.267256579186693,6.765178204173094
0.9,113253,photon,9,12.801410036870129,3,100000,0.92554,0.92554,0.07446,0.0,-12.393165906382606,8.265223439783624
0.9,113253,photon,9,12.801410036870129,4,100000,0.95655,0.95655,0.04345,0.0,-16.500160436813264,9.536063379230173
0.9,113253,photon,9,12.801410036870129,5,100000,0.97415,0.97415,0.02585,0.0,-20.623931466683135,10.663904916489107
0.9,113253,photon,9,12.801410036870129,6,100000,0.98421,0.98421,0.01579,0.0,-24.758660043304413,11.667629868049616
0.9,113253,photon,9,12.801410036870129,7,100000,0.99026,0.99026,0.00974,0.0,-28.882435804296488,12.60639561585465
0.9,113253,photon,9,12.801410036870129,8,100000,0.99355,0.99355,0.00645,0.0,-32.99937125068056,13.488655209832983
0.9,113253,photon,9,12.801410036870129,9,100000,0.99564,0.99564,0.00436,0.0,-37.09118723345991,14.314409462066985
0.9,113253,photon,9,12.801410036870129,10,100000,0.99727,0.99727,0.00273,0.0,-41.21232323443308,15.049006433888408
0.9,113253,photon,9,12.801410036870129,11,100000,0.9982,0.9982,0.0018,0.0,-45.35779779834511,15.765215037759642
0.9,113253,photon,9,12.801410036870129,12,100000,0.99887,0.99887,0.00113,0.0,-49.482313806993446,16.465707788210203
0.9,113253,photon,10,13.312496555504637,1,100000,0.77326,0.77326,0.22674,0.0,-4.180511616474548,4.784066624947868
0.9,113253,photon,10,13.312496555504637,2,100000,0.87002,0.87002,0.12998,0.0,-8.32063801029355,6.77304327742291
0.9,113253,photon,10,13.312496555504637,3,100000,0.92691,0.92691,0.07309,0.0,-12.441587288228384,8.273782954063176
0.9,113253,photon,10,13.312496555504637,4,100000,0.95747,0.95747,0.04253,0.0,-16.588766022910637,9.556210242758315
0.9,113253,photon,10,13.312496555504637,5,100000,0.97361,0.97361,0.02639,0.0,-20.71229861217023,10.68399241338916
0.9,113253,photon,10,13.312496555504637,6,100000,0.98344,0.98344,0.01656,0.0,-24.84992729557592,11.723176353790505
0.9,113253,photon,10,13.312496555504637,7,100000,0.98975,0.98975,0.01025,0.0,-28.98482673338337,12.631996485285184
0.9,113253,photon,10,13.312496555504637,8,100000,0.99376,0.99376,0.00624,0.0,-33.14427208964736,13.509862428820632
0.9,113253,photon,10,13.312496555504637,9,100000,0.9959,0.9959,0.0041,0.0,-37.29574391500543,14.323657745642814
0.9,113253,photon,10,13.312496555504637,10,100000,0.9974,0.9974,0.0026,0.0,-41.42353313963067,15.071853410818449
0.9,113253,photon,10,13.312496555504637,11,100000,0.99815,0.99815,0.00185,0.0,-45.57244604958886,15.811656815886016
0.9,113253,photon,10,13.312496555504637,12,100000,0.9989,0.9989,0.0011,0.0,-49.731032415061215,16.538083772803603
0.9,113253,photon,11,13.843987813052868,1,100000,0.7736,0.7736,0.2264,0.0,-4.169012153210303,4.779788598041526
0.9,113253,photon,11,13.843987813052868,2,100000,0.86983,0.86983,0.13017,0.0,-8.327280765969721,6.753119659123964
0.9,113253,photon,11,13.843987813052868,3,100000,0.92635,0.92635,0.07365,0.0,-12.499199666385383,8.296153260853377
0.9,113253,photon,11,13.843987813052868,4,100000,0.95731,0.95731,0.04269,0.0,-16.64901455405124,9.565204242584858
0.9,113253,photon,11,13.843987813052868,5,100000,0.97433,0.97433,0.02567,0.0,-20.76881527526855,10.69921886047999
0.9,113253,photon,11,13.843987813052868,6,100000,0.98388,0.98388,0.01612,0.0,-24.92653005419847,11.706091031203188
0.9,113253,photon,11,13.843987813052868,7,100000,0.99049,0.99049,0.00951,0.0,-29.08831714254281,12.643160458069643
0.9,113253,photon,11,13.843987813052868,8,100000,0.99417,0.99417,0.00583,0.0,-33.234567830038905,13.499275237969735
0.9,113253,photon,11,13.843987813052868,9,100000,0.99602,0.99602,0.00398,0.0,-37.413897390643314,14.356788384873294
0.9,113253,photon,11,13.843987813052868,10,100000,0.99742,0.99742,0.00258,0.0,-41.59417292792152,15.12391789545354
0.9,113253,photon,11,13.843987813052868,11,100000,0.99843,0.99843,0.00157,0.0,-45.75891124597886,15.837501532793807
0.9,113253,photon,11,13.843987813052868,12,100000,0.99903,0.99903,0.00097,0.0,-49.90066850283002,16.530867838689026
0.9,113253,photon,12,14.39669845313183,1,100000,0.77508,0.77508,0.22492,0.0,-4.192836600008609,4.778995357353876
0.9,113253,photon,12,14.39669845313183,2,100000,0.87216,0.87216,0.12784,0.0,-8.368720433404098,6.737684520096986
0.9,113253,photon,12,14.39669845313183,3,100000,0.92977,0.92977,0.07023,0.0,-12.55030215324369,8.244083361967608
0.9,113253,photon,12,14.39669845313183,4,100000,0.95978,0.95978,0.04022,0.0,-16.741381505921904,9.5167239074235
0.9,113253,photon,12,14.39669845313183,5,100000,0.97539,0.97539,0.02461,0.0,-20.8787356256134,10.660953305233027
0.9,113253,photon,12,14.39669845313183,6,100000,0.98491,0.98491,0.01509,0.0,-25.05290561423464,11.699173104014731
0.9,113253,photon,12,14.39669845313183,7,100000,0.99044,0.99044,0.00956,0.0,-29.224865567700075,12.63599333936193
0.9,113253,photon,12,14.39669845313183,8,100000,0.99419,0.99419,0.00581,0.0,-33.42323879298135,13.501037860566436
0.9,113253,photon,12,14.39669845313183,9,100000,0.99617,0.99617,0.00383,0.0,-37.6153738072914,14.334420240075792
0.9,113253,photon,12,14.39669845313183,10,100000,0.99774,0.99774,0.00226,0.0,-41.77914431748257,15.092447211703835
0.9,113253,photon,12,14.39669845313183,11,100000,0.99833,0.99833,0.00167,0.0,-45.94291262533455,15.832901909286583
0.9,113253,photon,12,14.39669845313183,12,100000,0.99907,0.99907,0.00093,0.0,-50.131388528333794,16.517038936111987
0.9,113253,photon,13,14.971475643382725,1,100000,0.77593,0.77593,0.22407,0.0,-4.227002747880892,4.786615417287873
0.9,113253,photon,13,14.971475643382725,2,100000,0.87238,0.87238,0.12762,0.0,-8.430624004158574,6.758541972834264
0.9,113253,photon,13,14.971475643382725,3,100000,0.92974,0.92974,0.07026,0.0,-12.609988591229403,8.28286741863054
0.9,113253,photon,13,14.971475643382725,4,100000,0.95988,0.95988,0.04012,0.0,-16.810513247920806,9.552996315750093
0.9,113253,photon,13,14.971475643382725,5,100000,0.97523,0.97523,0.02477,0.0,-21.008445137324458,10.676305223171827
0.9,113253,photon,13,14.971475643382725,6,100000,0.98487,0.98487,0.01513,0.0,-25.202435129726773,11.709484182076594
0.9,113253,photon,13,14.971475643382725,7,100000,0.99029,0.99029,0.00971,0.0,-29.38475285940211,12.66185827028978
0.9,113253,photon,13,14.971475643382725,8,100000,0.99372,0.99372,0.00628,0.0,-33.55423030749142,13.55485117635738
0.9,113253,photon,13,14.971475643382725,9,100000,0.99607,0.99607,0.00393,0.0,-37.772975210784416,14.389101483326577
0.9,113253,photon,13,14.971475643382725,10,100000,0.99741,0.99741,0.00259,0.0,-41.92484109883528,15.176917876204651
0.9,113253,photon,13,14.971475643382725,11,100000,0.99839,0.99839,0.00161,0.0,-46.11198810174087,15.88853472187529
0.9,113253,photon,13,14.971475643382725,12,100000,0.99899,0.99899,0.00101,0.0,-50.276392641739996,16.577736899966
0.9,113253,photon,14,15.569200373967842,1,100000,0.77756,0.77756,0.22244,0.0,-4.228652082293718,4.7761687368734895
0.9,113253,photon,14,15.569200373967842,2,100000,0.87183,0.87183,0.12817,0.0,-8.426064003212266,6.747940995029517
0.9,113253,photon,14,15.569200373967842,3,100000,0.93114,0.93114,0.06886,0.0,-12.643924714093684,8.250486005095857
0.9,113253,photon,14,15.569200373967842,4,100000,0.95972,0.95972,0.04028,0.0,-16.843669144618357,9.545804211282192
0.9,113253,photon,14,15.569200373967842,5,100000,0.97591,0.97591,0.02409,0.0,-21.025953666977834,10.68895610438266
0.9,113253,photon,14,15.569200373967842,6,100000,0.98493,0.98493,0.01507,0.0,-25.207240749740315,11.726712309144869
0.9,113253,photon,14,15.569200373967842,7,100000,0.991,0.991,0.009,0.0,-29.386572351318993,12.668739768205825
0.9,113253,photon,14,15.569200373967842,8,100000,0.99459,0.99459,0.00541,0.0,-33.578861667584,13.538181845577387
0.9,113253,photon,14,15.569200373967842,9,100000,0.99642,0.99642,0.00358,0.0,-37.75101091614779,14.352641218612181
0.9,113253,photon,14,15.569200373967842,10,100000,0.99778,0.99778,0.00222,0.0,-41.900458211390145,15.15614280240032
0.9,113253,photon,14,15.569200373967842,11,100000,0.99864,0.99864,0.00136,0.0,-46.0777896697204,15.890685230945191
0.9,113253,photon,14,15.569200373967842,12,100000,0.9992,0.9992,0.0008,0.0,-50.245275130105,16.57486607946074
0.9,113253,photon,15,16.190788807908802,1,100000,0.77821,0.77821,0.22179,0.0,-4.247041172850425,4.779659752360499
0.9,113253,photon,15,16.190788807908802,2,100000,0.87431,0.87431,0.12569,0.0,-8.488694497869202,6.745688975824285
0.9,113253,photon,15,16.190788807908802,3,100000,0.93,0.93,0.07,0.0,-12.722388983619673,8.283417695120754
0.9,113253,photon,15,16.190788807908802,4,100000,0.95979,0.95979,0.04021,0.0,-16.936651382287984,9.572829643824623
0.9,113253,photon,15,16.190788807908802,5,100000,0.97529,0.97529,0.02471,0.0,-21.174483176355135,10.688274281404098
0.9,113253,photon,15,16.190788807908802,6,100000,0.98475,0.98475,0.01525,0.0,-25.363653441710138,11.68404588834682
0.9,113253,photon,15,16.190788807908802,7,100000,0.99078,0.99078,0.00922,0.0,-29.560802877715076,12.615629726825553
0.9,113253,photon,15,16.190788807908802,8,100000,0.99409,0.99409,0.00591,0.0,-33.763812331117116,13.492384532158797
0.9,113253,photon,15,16.190788807908802,9,100000,0.99636,0.99636,0.00364,0.0,-37.964916747000174,14.3240251836954
0.9,113253,photon,15,16.190788807908802,10,100000,0.99771,0.99771,0.00229,0.0,-42.146077594710384,15.104700064630663
0.9,113253,photon,15,16.190788807908802,11,100000,0.99853,0.99853,0.00147,0.0,-46.35798774520544,15.866387248933894
0.9,113253,photon,15,16.190788807908802,12,100000,0.9991,0.9991,0.0009,0.0,-50.56825553439371,16.56570937961214
0.9,113253,photon,16,16.83719368533617,1,100000,0.77861,0.77861,0.22139,0.0,-4.264189496495559,4.78754900908781
0.9,113253,photon,16,16.83719368533617,2,100000,0.87383,0.87383,0.12617,0.0,-8.4928941927926,6.759470605012867
0.9,113253,photon,16,16.83719368533617,3,100000,0.93025,0.93025,0.06975,0.0,-12.72841139722317,8.285474342994744
0.9,113253,photon,16,16.83719368533617,4,100000,0.95969,0.95969,0.04031,0.0,-16.96574732563396,9.57565334895716
0.9,113253,photon,16,16.83719368533617,5,100000,0.97653,0.97653,0.02347,0.0,-21.187241157251695,10.67165587962031
0.9,113253,photon,16,16.83719368533617,6,100000,0.98545,0.98545,0.01455,0.0,-25.420965140390575,11.688982119908118
0.9,113253,photon,16,16.83719368533617,7,100000,0.99105,0.99105,0.00895,0.0,-29.65250335205405,12.643323291901632
0.9,113253,photon,16,16.83719368533617,8,100000,0.99481,0.99481,0.00519,0.0,-33.874774063003024,13.51431597525954
0.9,113253,photon,16,16.83719368533617,9,100000,0.99664,0.99664,0.00336,0.0,-38.10374148777915,14.319168134472044
0.9,113253,photon,16,16.83719368533617,10,100000,0.99795,0.99795,0.00205,0.0,-42.33401818526012,15.098494032802428
0.9,113253,photon,16,16.83719368533617,11,100000,0.99874,0.99874,0.00126,0.0,-46.548929253043504,15.834220463508203
0.9,113253,photon,16,16.83719368533617,12,100000,0.99917,0.99917,0.00083,0.0,-50.75087727586745,16.53866199356742
0.9,113253,photon,17,17.509405783802578,1,100000,0.78041,0.78041,0.21959,0.0,-4.2990886010996325,4.781960312723149
0.9,113253,photon,17,17.509405783802578,2,100000,0.8749,0.8749,0.1251,0.0,-8.551875299975775,6.760259785553096
0.9,113253,photon,17,17.509405783802578,3,100000,0.93215,0.93215,0.06785,0.0,-12.827559023218637,8.271810967973936
0.9,113253,photon,17,17.509405783802578,4,100000,0.96002,0.96002,0.03998,0.0,-17.083238808744447,9.576725393473067
0.9,113253,photon,17,17.509405783802578,5,100000,0.97631,0.97631,0.02369,0.0,-21.32424636193177,10.696762961908638
0.9,113253,photon,17,17.509405783802578,6,100000,0.98562,0.98562,0.01438,0.0,-25.54563055374983,11.70438981400132
0.9,113253,photon,17,17.509405783802578,7,100000,0.99117,0.99117,0.00883,0.0,-29.779519327556443,12.64508702417501
0.9,113253,photon,17,17.509405783802578,8,100000,0.99494,0.99494,0.00506,0.0,-34.03985131383488,13.509082285685624
0.9,113253,photon,17,17.509405783802578,9,100000,0.99666,0.99666,0.00334,0.0,-38.29062760816156,14.347713499592158
0.9,113253,photon,17,17.509405783802578,10,100000,0.99795,0.99795,0.00205,0.0,-42.542180094294025,15.147759594141375
0.9,113253,photon,17,17.509405783802578,11,100000,0.99871,0.99871,0.00129,0.0,-46.77131403530492,15.879899999605819
0.9,113253,photon,17,17.509405783802578,12,100000,0.99926,0.99926,0.00074,0.0,-51.00825374663625,16.569495545961004
0.9,113253,photon,18,18.208455436897705,1,100000,0.77977,0.77977,0.22023,0.0,-4.298318407233003,4.786212394746496
0.9,113253,photon,18,18.208455436897705,2,100000,0.87591,0.87591,0.12409,0.0,-8.562722308669528,6.767037237074438
0.9,113253,photon,18,18.208455436897705,3,100000,0.93054,0.93054,0.06946,0.0,-12.799353012974635,8.305376160664235
0.9,113253,photon,18,18.208455436897705,4,100000,0.96107,0.96107,0.03893,0.0,-17.066778457339677,9.593750723182886
0.9,113253,photon,18,18.208455436897705,5,100000,0.97683,0.97683,0.02317,0.0,-21.322623068486795,10.722220662714873
0.9,113253,photon,18,18.208455436897705,6,100000,0.98561,0.98561,0.01439,0.0,-25.599481411240614,11.731282969145587
0.9,113253,photon,18,18.208455436897705,7,100000,0.99089,0.99089,0.00911,0.0,-29.86666167797599,12.692587791909745
0.9,113253,photon,18,18.208455436897705,8,100000,0.99463,0.99463,0.00537,0.0,-34.13780225890753,13.571977742627478
0.9,113253,photon,18,18.208455436897705,9,100000,0.99667,0.99667,0.00333,0.0,-38.36667563958544,14.379421155369773
0.9,113253,photon,18,18.208455436897705,10,100000,0.99776,0.99776,0.00224,0.0,-42.61931861211215,15.139051270012068
0.9,113253,photon,18,18.208455436897705,11,100000,0.99858,0.99858,0.00142,0.0,-46.834606171113684,15.878711056564281
0.9,113253,photon,18,18.208455436897705,12,100000,0.99916,0.99916,0.00084,0.0,-51.09103293549118,16.590023411850435
0.9,113253,photon,19,18.935414113492897,1,100000,0.77955,0.77955,0.22045,0.0,-4.295167269625877,4.786014453517156
0.9,113253,photon,19,18.935414113492897,2,100000,0.87646,0.87646,0.12354,0.0,-8.567563672373913,6.759321864819132
0.9,113253,photon,19,18.935414113492897,3,100000,0.93304,0.93304,0.06696,0.0,-12.831152888430655,8.269776209147055
0.9,113253,photon,19,18.935414113492897,4,100000,0.96221,0.96221,0.03779,0.0,-17.08653310263758,9.541949935087652
0.9,113253,photon,19,18.935414113492897,5,100000,0.97752,0.97752,0.02248,0.0,-21.336956890535188,10.684579849938215
0.9,113253,photon,19,18.935414113492897,6,100000,0.98588,0.98588,0.01412,0.0,-25.577926958576477,11.75198370702564
0.9,113253,photon,19,18.935414113492897,7,100000,0.9913,0.9913,0.0087,0.0,-29.83617033904609,12.69435152745201
0.9,113253,photon,19,18.935414113492897,8,100000,0.99461,0.99461,0.00539,0.0,-34.1138885747292,13.541504511221389
0.9,113253,photon,19,18.935414113492897,9,100000,0.997,0.997,0.003,0.0,-38.37447698461941,14.355819626141155
0.9,113253,photon,19,18.935414113492897,10,100000,0.9981,0.9981,0.0019,0.0,-42.653810320677515,15.138946763277687
0.9,113253,photon,19,18.935414113492897,11,100000,0.99878,0.99878,0.00122,0.0,-46.89934178198579,15.887929287408294
0.9,113253,photon,19,18.935414113492897,12,100000,0.99928,0.99928,0.00072,0.0,-51.161328224388754,16.58707711004492
0.9,113253,su2,0,9.000000000000002,1,100000,0.85104,0.14896,0.85104,0.0,2.213017382079099,1.8691122591623368
0.9,113253,su2,0,9.000000000000002,2,100000,0.93267,0.06733,0.93267,0.0,4.412526420820865,2.6447900449735515
0.9,113253,su2,0,9.000000000000002,3,100000,0.96169,0.03831,0.96169,0.0,6.616062894188653,3.2356543601692564
0.9,113253,su2,0,9.000000000000002,4,100000,0.97506,0.02494,0.97506,0.0,8.809324045862631,3.7438358791374173
0.9,113253,su2,0,9.000000000000002,5,100000,0.98457,0.01543,0.98457,0.0,11.00614352089138,4.182991701592833
0.9,113253,su2,0,9.000000000000002,6,100000,0.99023,0.00977,0.99023,0.0,13.196783293589709,4.60507322162801
0.9,113253,su2,0,9.000000000000002,7,100000,0.99405,0.00595,0.99405,0.0,15.392507102248258,4.975205543556071
0.9,113253,su2,0,9.000000000000002,8,100000,0.99637,0.00363,0.99637,0.0,17.5897493112331,5.30955055748796
0.9,113253,su2,0,9.000000000000002,9,100000,0.99754,0.00246,0.99754,0.0,19.787434766446875,5.63346863286077
0.9,113253,su2,0,9.000000000000002,10,100000,0.99862,0.00138,0.99862,0.0,21.978650508348053,5.943872311351557
0.9,113253,su2,0,9.000000000000002,11,100000,0.99904,0.00096,0.99904,0.0,24.17404356475918,6.228881995355203
0.9,113253,su2,0,9.000000000000002,12,100000,0.99938,0.00062,0.99938,0.0,26.369028320881768,6.504297266273501
0.9,113253,su2,1,10.478624812597394,1,100000,0.84936,0.15064,0.84936,0.0,2.206586225267919,1.8793237692554339
0.9,113253,su2,1,10.478624812597394,2,100000,0.93046,0.06954,0.93046,0.0,4.402826257524295,2.667000104334816
0.9,113253,su2,1,10.478624812597394,3,100000,0.95979,0.04021,0.95979,0.0,6.589009152867834,3.2654607532105637
0.9,113253,su2,1,10.478624812597394,4,100000,0.97477,0.02523,0.97477,0.0,8.790048795013432,3.7621076337380552
0.9,113253,su2,1,10.478624812597394,5,100000,0.9841,0.0159,0.9841,0.0,10.978035558462583,4.217311031419004
0.9,113253,su2,1,10.478624812597394,6,100000,0.98963,0.01037,0.98963,0.0,13.163030397811156,4.618128728358939
0.9,113253,su2,1,10.478624812597394,7,100000,0.99388,0.00612,0.99388,0.0,15.348060538142738,4.9859495416415776
0.9,113253,su2,1,10.478624812597394,8,100000,0.99617,0.00383,0.99617,0.0,17.53680186368828,5.32368453815637
0.9,113253,su2,1,10.478624812597394,9,100000,0.99759,0.00241,0.99759,0.0,19.73157066251308,5.644228521385763
0.9,113253,su2,1,10.478624812597394,10,100000,0.99857,0.00143,0.99857,0.0,21.913176229539598,5.950616911619859
0.9,113253,su2,1,10.478624812597394,11,100000,0.99896,0.00104,0.99896,0.0,24.09416754469196,6.242592090859195
0.9,113253,su2,1,10.478624812597394,12,100000,0.99939,0.00061,0.99939,0.0,26.277540308159832,6.536990601169826
0.9,113253,su2,2,12.200175329242407,1,100000,0.84655,0.15345,0.84655,0.0,2.190293960412564,1.8916611755581605
0.9,113253,su2,2,12.200175329242407,2,100000,0.92766,0.07234,0.92766,0.0,4.360416647999336,2.6970987741395263
0.9,113253,su2,2,12.200175329242407,3,100000,0.95743,0.04257,0.95743,0.0,6.53689199530266,3.3026530148617614
0.9,113253,su2,2,12.200175329242407,4,100000,0.97304,0.02696,0.97304,0.0,8.715069806706612,3.815774845272315
0.9,113253,su2,2,12.200175329242407,5,100000,0.98276,0.01724,0.98276,0.0,10.883348200216867,4.271859513500879
0.9,113253,su2,2,12.200175329242407,6,100000,0.98817,0.01183,0.98817,0.0,13.040204788162367,4.6947591367767725
0.9,113253,su2,2,12.200175329242407,7,100000,0.99248,0.00752,0.99248,0.0,15.201860923295875,5.0709937186040435
0.9,113253,su2,2,12.200175329242407,8,100000,0.99565,0.00435,0.99565,0.0,17.372531745173788,5.427540699255523
0.9,113253,su2,2,12.200175329242407,9,100000,0.99717,0.00283,0.99717,0.0,19.53694691591544,5.746241678288318
0.9,113253,su2,2,12.200175329242407,10,100000,0.99846,0.00154,0.99846,0.0,21.705530493523987,6.053677610025379
0.9,113253,su2,2,12.200175329242407,11,100000,0.99889,0.00111,0.99889,0.0,23.87816480797065,6.343679030355836
0.9,113253,su2,2,12.200175329242407,12,100000,0.99933,0.00067,0.99933,0.0,26.040284246020164,6.624396161378293
0.9,113253,su2,3,14.204562213670894,1,100000,0.84659,0.15341,0.84659,0.0,2.1820131867498422,1.9061320054370805
0.9,113253,su2,3,14.204562213670894,2,100000,0.9274,0.0726,0.9274,0.0,4.351358529260566,2.6862702646326575
0.9,113253,su2,3,14.204562213670894,3,100000,0.95833,0.04167,0.95833,0.0,6.540073697277363,3.2853408891375193
0.9,113253,su2,3,14.204562213670894,4,100000,0.97355,0.02645,0.97355,0.0,8.69375022278772,3.7923116905350573
0.9,113253,su2,3,14.204562213670894,5,100000,0.9825,0.0175,0.9825,0.0,10.854947651391639,4.250472776012587
0.9,113253,su2,3,14.204562213670894,6,100000,0.98876,0.01124,0.98876,0.0,13.018982720787532,4.665890415277507
0.9,113253,su2,3,14.204562213670894,7,100000,0.99306,0.00694,0.99306,0.0,15.178237284483789,5.038355262755007
0.9,113253,su2,3,14.204562213670894,8,100000,0.99567,0.00433,0.99567,0.0,17.342594086936646,5.378451888809378
0.9,113253,su2,3,14.204562213670894,9,100000,0.99723,0.00277,0.99723,0.0,19.511345057264872,5.7014193443567915
0.9,113253,su2,3,14.204562213670894,10,100000,0.99822,0.00178,0.99822,0.0,21.687445890668112,6.013112364618124
0.9,113253,su2,3,14.204562213670894,11,100000,0.99895,0.00105,0.99895,0.0,23.850773257971284,6.308769488250084
0.9,113253,su2,3,14.204562213670894,12,100000,0.99926,0.00074,0.99926,0.0,26.01944847818849,6.59054363746693
0.9,113253,su2,4,16.538253118250562,1,100000,0.84439,0.15561,0.84439,0.0,2.1793618645584907,1.896453526843366
0.9,113253,su2,4,16.538253118250562,2,100000,0.92694,0.07306,0.92694,0.0,4.339860049378478,2.6895483211728934
0.9,113253,su2,4,16.538253118250562,3,100000,0.95641,0.04359,0.95641,0.0,6.498725874374438,3.3138691013182267
0.9,113253,su2,4,16.538253118250562,4,100000,0.97214,0.02786,0.97214,0.0,8.65443110620736,3.824837350177598
0.9,113253,su2,4,16.538253118250562,5,100000,0.9828,0.0172,0.9828,0.0,10.817338428679427,4.259894374541916
0.9,113253,su2,4,16.538253118250562,6,100000,0.98852,0.01148,0.98852,0.0,12.97659036226348,4.664149155025301
0.9,113253,su2,4,16.538253118250562,7,100000,0.99289,0.00711,0.99289,0.0,15.140199742832337,5.041907184319063
0.9,113253,su2,4,16.538253118250562,8,100000,0.99554,0.00446,0.99554,0.0,17.293325097128072,5.395700074247022
0.9,113253,su2,4,16.538253118250562,9,100000,0.99685,0.00315,0.99685,0.0,19.445658349672982,5.724358188004971
0.9,113253,su2,4,16.538253118250562,10,100000,0.99804,0.00196,0.99804,0.0,21.597853429800804,6.036931551977584
0.9,113253,su2,4,16.538253118250562,11,100000,0.99868,0.00132,0.99868,0.0,23.756920693132002,6.3316392281258915
0.9,113253,su2,4,16.538253118250562,12,100000,0.99919,0.00081,0.99919,0.0,25.910456457446156,6.606210204885657
0.9,113253,su2,5,19.255349942435167,1,100000,0.84503,0.15497,0.84503,0.0,2.182618318603618,1.9039530462123704
0.9,113253,su2,5,19.255349942435167,2,100000,0.92901,0.07099,0.92901,0.0,4.354324024108718,2.690948393416323
0.9,113253,su2,5,19.255349942435167,3,100000,0.95764,0.04236,0.95764,0.0,6.522202431550718,3.2903003131710844
0.9,113253,su2,5,19.255349942435167,4,100000,0.97269,0.02731,0.97269,0.0,8.674795090355083,3.81223751868323
0.9,113253,su2,5,19.255349942435167,5,100000,0.98243,0.01757,0.98243,0.0,10.842639732801782,4.2662537473950914
0.9,113253,su2,5,19.255349942435167,6,100000,0.98841,0.01159,0.98841,0.0,12.992506583158413,4.696308833199918
0.9,113253,su2,5,19.255349942435167,7,100000,0.99241,0.00759,0.99241,0.0,15.144031811934,5.081602889740257
0.9,113253,su2,5,19.255349942435167,8,100000,0.99511,0.00489,0.99511,0.0,17.295666637594298,5.435484210722334
0.9,113253,su2,5,19.255349942435167,9,100000,0.997,0.003,0.997,0.0,19.447510845749555,5.763496491314556
0.9,113253,su2,5,19.255349942435167,10,100000,0.99801,0.00199,0.99801,0.0,21.597063973707492,6.080312987192162
0.9,113253,su2,5,19.255349942435167,11,100000,0.99859,0.00141,0.99859,0.0,23.759439523813647,6.376763408064658
0.9,113253,su2,5,19.255349942435167,12,100000,0.99904,0.00096,0.99904,0.0,25.91563489414999,6.659897119569921
0.9,113253,su2,6,22.418843075782977,1,100000,0.84354,0.15646,0.84354,0.0,2.170944791877499,1.904192108693882
0.9,113253,su2,6,22.418843075782977,2,100000,0.92609,0.07391,0.92609,0.0,4.323640082564772,2.7039181070113862
0.9,113253,su2,6,22.418843075782977,3,100000,0.9564,0.0436,0.9564,0.0,6.475100343612224,3.3116198521719373
0.9,113253,su2,6,22.418843075782977,4,100000,0.97203,0.02797,0.97203,0.0,8.634324609358885,3.8296269030652867
0.9,113253,su2,6,22.418843075782977,5,100000,0.98206,0.01794,0.98206,0.0,10.792906646823,4.277033543754916
0.9,113253,su2,6,22.418843075782977,6,100000,0.98845,0.01155,0.98845,0.0,12.94208002040902,4.6844606811706955
0.9,113253,su2,6,22.418843075782977,7,100000,0.99283,0.00717,0.99283,0.0,15.09532255761278,5.05240087642671
0.9,113253,su2,6,22.418843075782977,8,100000,0.99521,0.00479,0.99521,0.0,17.254678481275427,5.393860791736439
0.9,113253,su2,6,22.418843075782977,9,100000,0.99681,0.00319,0.99681,0.0,19.404654600707563,5.71994727681256
0.9,113253,su2,6,22.418843075782977,10,100000,0.99807,0.00193,0.99807,0.0,21.55553666358569,6.033628788134596
0.9,113253,su2,6,22.418843075782977,11,100000,0.99865,0.00135,0.99865,0.0,23.7093800082,6.33014332358963
0.9,113253,su2,6,22.418843075782977,12,100000,0.99912,0.00088,0.99912,0.0,25.864624420857364,6.617844835529712
0.9,113253,su2,7,26.10207170262519,1,100000,0.84389,0.15611,0.84389,0.0,2.172218534211228,1.9088158968025633
0.9,113253,su2,7,26.10207170262519,2,100000,0.92591,0.07409,0.92591,0.0,4.333829593643138,2.6989536597888244
0.9,113253,su2,7,26.10207170262519,3,100000,0.95646,0.04354,0.95646,0.0,6.47854342618763,3.3066232872808548
0.9,113253,su2,7,26.10207170262519,4,100000,0.97208,0.02792,0.97208,0.0,8.63281376195089,3.8216215167638277
0.9,113253,su2,7,26.10207170262519,5,100000,0.98191,0.01809,0.98191,0.0,10.787200701509692,4.2852726912211505
0.9,113253,su2,7,26.10207170262519,6,100000,0.98863,0.01137,0.98863,0.0,12.93891436270553,4.693911846380434
0.9,113253,su2,7,26.10207170262519,7,100000,0.99262,0.00738,0.99262,0.0,15.077483990979484,5.073230049328388
0.9,113253,su2,7,26.10207170262519,8,100000,0.99538,0.00462,0.99538,0.0,17.230249696970976,5.416118755588489
0.9,113253,su2,7,26.10207170262519,9,100000,0.99687,0.00313,0.99687,0.0,19.372119071857114,5.750085796956197
0.9,113253,su2,7,26.10207170262519,10,100000,0.99799,0.00201,0.99799,0.0,21.51926626015703,6.064268484140068
0.9,113253,su2,7,26.10207170262519,11,100000,0.99885,0.00115,0.99885,0.0,23.67090747018204,6.360292798355466
0.9,113253,su2,7,26.10207170262519,12,100000,0.99919,0.00081,0.99919,0.0,25.80227542735538,6.645360327424494
0.9,113253,su2,8,30.390424022591617,1,100000,0.84477,0.15523,0.84477,0.0,2.174791183007747,1.912091837865161
0.9,113253,su2,8,30.390424022591617,2,100000,0.92766,0.07234,0.92766,0.0,4.333617648618637,2.702342418897902
0.9,113253,su2,8,30.390424022591617,3,100000,0.95646,0.04354,0.95646,0.0,6.483678612569015,3.3123663826236727
0.9,113253,su2,8,30.390424022591617,4,100000,0.97188,0.02812,0.97188,0.0,8.631134520808486,3.8253700740429495
0.9,113253,su2,8,30.390424022591617,5,100000,0.98173,0.01827,0.98173,0.0,10.769208751220482,4.2947509579722976
0.9,113253,su2,8,30.390424022591617,6,100000,0.98845,0.01155,0.98845,0.0,12.922932480789509,4.697280747595681
0.9,113253,su2,8,30.390424022591617,7,100000,0.99269,0.00731,0.99269,0.0,15.06611966006282,5.060918484497153
0.9,113253,su2,8,30.390424022591617,8,100000,0.99546,0.00454,0.99546,0.0,17.211210303819378,5.392298094969452
0.9,113253,su2,8,30.390424022591617,9,100000,0.99718,0.00282,0.99718,0.0,19.350472693840178,5.737479506178522
0.9,113253,su2,8,30.390424022591617,10,100000,0.99788,0.00212,0.99788,0.0,21.493310765938148,6.056265343302425
0.9,113253,su2,8,30.390424022591617,11,100000,0.99843,0.00157,0.99843,0.0,23.640755562764323,6.361219756346713
0.9,113253,su2,8,30.390424022591617,12,100000,0.999,0.001,0.999,0.0,25.780556105485154,6.651999332928456
0.9,113253,su2,9,35.3833168031649,1,100000,0.84336,0.15664,0.84336,0.0,2.1615282022017803,1.9196417918666384
0.9,113253,su2,9,35.3833168031649,2,100000,0.92416,0.07584,0.92416,0.0,4.318624670854022,2.713891701576726
0.9,113253,su2,9,35.3833168031649,3,100000,0.95568,0.04432,0.95568,0.0,6.466858378517801,3.32707242268416
0.9,113253,su2,9,35.3833168031649,4,100000,0.97107,0.02893,0.97107,0.0,8.607193390606737,3.834750695769807
0.9,113253,su2,9,35.3833168031649,5,100000,0.98085,0.01915,0.98085,0.0,10.74936917755058,4.306812365245642
0.9,113253,su2,9,35.3833168031649,6,100000,0.98837,0.01163,0.98837,0.0,12.88621718392695,4.71019724391134
0.9,113253,su2,9,35.3833168031649,7,100000,0.99229,0.00771,0.99229,0.0,15.03617749311724,5.077086493196864
0.9,113253,su2,9,35.3833168031649,8,100000,0.99543,0.00457,0.99543,0.0,17.179278009288215,5.423162000716113
0.9,113253,su2,9,35.3833168031649,9,100000,0.99688,0.00312,0.99688,0.0,19.3207171633646,5.7546299164224886
0.9,113253,su2,9,35.3833168031649,10,100000,0.99785,0.00215,0.99785,0.0,21.480446393534717,6.069311906029137
0.9,113253,su2,9,35.3833168031649,11,100000,0.99852,0.00148,0.99852,0.0,23.622709567119962,6.378326861536713
0.9,113253,su2,9,35.3833168031649,12,100000,0.99909,0.00091,0.99909,0.0,25.779129645539896,6.663960068984044
0.9,113253,su2,10,41.196500156181976,1,100000,0.84297,0.15703,0.84297,0.0,2.1629172155647307,1.9138396312627801
0.9,113253,su2,10,41.196500156181976,2,100000,0.92415,0.07585,0.92415,0.0,4.311482038735357,2.712012967446383
0.9,113253,su2,10,41.196500156181976,3,100000,0.95536,0.04464,0.95536,0.0,6.447223303407583,3.3385537304797728
0.9,113253,su2,10,41.196500156181976,4,100000,0.97083,0.02917,0.97083,0.0,8.585268006288496,3.8600709517666614
0.9,113253,su2,10,41.196500156181976,5,100000,0.98071,0.01929,0.98071,0.0,10.708132454851228,4.322434545108969
0.9,113253,su2,10,41.196500156181976,6,100000,0.98772,0.01228,0.98772,0.0,12.842193590464692,4.732182902402563
0.9,113253,su2,10,41.196500156181976,7,100000,0.99221,0.00779,0.99221,0.0,14.980675756362425,5.102717616399
0.9,113253,su2,10,41.196500156181976,8,100000,0.99505,0.00495,0.99505,0.0,17.11630778148678,5.449608951540755
0.9,113253,su2,10,41.196500156181976,9,100000,0.99664,0.00336,0.99664,0.0,19.24817630172967,5.778753096455406
0.9,113253,su2,10,41.196500156181976,10,100000,0.99787,0.00213,0.99787,0.0,21.385664752227544,6.087391579526058
0.9,113253,su2,10,41.196500156181976,11,100000,0.9986,0.0014,0.9986,0.0,23.520210662989843,6.3889020252362965
0.9,113253,su2,10,41.196500156181976,12,100000,0.99899,0.00101,0.99899,0.0,25.65643520911158,6.679398736767064
0.9,113253,su2,11,47.96474096986008,1,100000,0.84152,0.15848,0.84152,0.0,2.1496389422142768,1.9235430986225877
0.9,113253,su2,11,47.96474096986008,2,100000,0.924,0.076,0.924,0.0,4.3063848911356155,2.7064088238857167
0.9,113253,su2,11,47.96474096986008,3,100000,0.95577,0.04423,0.95577,0.0,6.4439979637671545,3.3362870536301616
0.9,113253,su2,11,47.96474096986008,4,100000,0.97035,0.02965,0.97035,0.0,8.587140016239676,3.853929779374973
0.9,113253,su2,11,47.96474096986008,5,100000,0.98158,0.01842,0.98158,0.0,10.7342892406932,4.3047329014173235
0.9,113253,su2,11,47.96474096986008,6,100000,0.98795,0.01205,0.98795,0.0,12.865646537929399,4.717847276311079
0.9,113253,su2,11,47.96474096986008,7,100000,0.99228,0.00772,0.99228,0.0,15.012554591934595,5.0911027360434735
0.9,113253,su2,11,47.96474096986008,8,100000,0.99515,0.00485,0.99515,0.0,17.15733114985189,5.439315867633666
0.9,113253,su2,11,47.96474096986008,9,100000,0.99696,0.00304,0.99696,0.0,19.29986109129888,5.774531505782183
0.9,113253,su2,11,47.96474096986008,10,100000,0.99797,0.00203,0.99797,0.0,21.439231251768753,6.089355400658537
0.9,113253,su2,11,47.96474096986008,11,100000,0.99871,0.00129,0.99871,0.0,23.581218568511304,6.3904958443671696
0.9,113253,su2,11,47.96474096986008,12,100000,0.9991,0.0009,0.9991,0.0,25.72735457168469,6.670716401573673
0.9,113253,su2,12,55.844947206286946,1,100000,0.84103,0.15897,0.84103,0.0,2.153536002467825,1.9339977086336348
0.9,113253,su2,12,55.844947206286946,2,100000,0.92336,0.07664,0.92336,0.0,4.295207818063487,2.7269600095031756
0.9,113253,su2,12,55.844947206286946,3,100000,0.95389,0.04611,0.95389,0.0,6.429794441519376,3.351382133358351
0.9,113253,su2,12,55.844947206286946,4,100000,0.96984,0.03016,0.96984,0.0,8.561143024475491,3.8802407771141127
0.9,113253,su2,12,55.844947206286946,5,100000,0.9804,0.0196,0.9804,0.0,10.704017354466881,4.332671975601568
0.9,113253,su2,12,55.844947206286946,6,100000,0.98756,0.01244,0.98756,0.0,12.83015600845273,4.741615187927549
0.9,113253,su2,12,55.844947206286946,7,100000,0.99145,0.00855,0.99145,0.0,14.94373170154406,5.1265775147990995
0.9,113253,su2,12,55.844947206286946,8,100000,0.99435,0.00565,0.99435,0.0,17.078860720155628,5.480692735959816
0.9,113253,su2,12,55.844947206286946,9,100000,0.99647,0.00353,0.99647,0.0,19.21461862333924,5.810007797257448
0.9,113253,su2,12,55.844947206286946,10,100000,0.99754,0.00246,0.99754,0.0,21.341205260917853,6.1352156742205795
0.9,113253,su2,12,55.844947206286946,11,100000,0.99832,0.00168,0.99832,0.0,23.47370866583276,6.44540064731311
0.9,113253,su2,12,55.844947206286946,12,100000,0.99899,0.00101,0.99899,0.0,25.60225419909949,6.7410032274678535
0.9,113253,su2,13,65.0198054948877,1,100000,0.8433,0.1567,0.8433,0.0,2.1627931805066876,1.9215693678052865
0.9,113253,su2,13,65.0198054948877,2,100000,0.92503,0.07497,0.92503,0.0,4.304871590071416,2.716915642707039
0.9,113253,su2,13,65.0198054948877,3,100000,0.95565,0.04435,0.95565,0.0,6.439499750841585,3.3293230436002013
0.9,113253,su2,13,65.0198054948877,4,100000,0.97129,0.02871,0.97129,0.0,8.582155149302181,3.8379117795393234
0.9,113253,su2,13,65.0198054948877,5,100000,0.98171,0.01829,0.98171,0.0,10.713251602827695,4.287703838504564
0.9,113253,su2,13,65.0198054948877,6,100000,0.9876,0.0124,0.9876,0.0,12.830563112090752,4.707397827057548
0.9,113253,su2,13,65.0198054948877,7,100000,0.9921,0.0079,0.9921,0.0,14.950387870187473,5.0966408696170475
0.9,113253,su2,13,65.0198054948877,8,100000,0.99482,0.00518,0.99482,0.0,17.076669207553422,5.452145257885072
0.9,113253,su2,13,65.0198054948877,9,100000,0.99668,0.00332,0.99668,0.0,19.20951371249526,5.7867014990723655
0.9,113253,su2,13,65.0198054948877,10,100000,0.99767,0.00233,0.99767,0.0,21.342296784989944,6.102957771898398
0.9,113253,su2,13,65.0198054948877,11,100000,0.99854,0.00146,0.99854,0.0,23.482618563648174,6.398675327811941
0.9,113253,su2,13,65.0198054948877,12,100000,0.99891,0.00109,0.99891,0.0,25.617188114997997,6.690296811945002
0.9,113253,su2,14,75.70201635210961,1,100000,0.84225,0.15775,0.84225,0.0,2.158504409575479,1.9160847243404808
0.9,113253,su2,14,75.70201635210961,2,100000,0.92377,0.07623,0.92377,0.0,4.2956565238037125,2.735495803850578
0.9,113253,su2,14,75.70201635210961,3,100000,0.95347,0.04653,0.95347,0.0,6.428375509388155,3.3588018971960016
0.9,113253,su2,14,75.70201635210961,4,100000,0.96906,0.03094,0.96906,0.0,8.56584145586845,3.8876753295305475
0.9,113253,su2,14,75.70201635210961,5,100000,0.97983,0.02017,0.97983,0.0,10.688716607503421,4.341811162634761
0.9,113253,su2,14,75.70201635210961,6,100000,0.98654,0.01346,0.98654,0.0,12.820727202656851,4.757957290052222
0.9,113253,su2,14,75.70201635210961,7,100000,0.99118,0.00882,0.99118,0.0,14.953568556291975,5.137790738743391
0.9,113253,su2,14,75.70201635210961,8,100000,0.99477,0.00523,0.99477,0.0,17.08908313574302,5.481310862873647
0.9,113253,su2,14,75.70201635210961,9,100000,0.99634,0.00366,0.99634,0.0,19.21885404570045,5.815753221904195
0.9,113253,su2,14,75.70201635210961,10,100000,0.99775,0.00225,0.99775,0.0,21.341634752238313,6.128338339862945
0.9,113253,su2,14,75.70201635210961,11,100000,0.99858,0.00142,0.99858,0.0,23.470163789540273,6.437847816315087
0.9,113253,su2,14,75.70201635210961,12,100000,0.99903,0.00097,0.99903,0.0,25.600898345561646,6.7170548642463235
0.9,113253,su2,15,88.1392252123188,1,100000,0.84292,0.15708,0.84292,0.0,2.1558598891288514,1.9224967820544712
0.9,113253,su2,15,88.1392252123188,2,100000,0.92334,0.07666,0.92334,0.0,4.287990338216218,2.739592272294981
0.9,113253,su2,15,88.1392252123188,3,100000,0.95456,0.04544,0.95456,0.0,6.427810136506908,3.3501959625982214
0.9,113253,su2,15,88.1392252123188,4,100000,0.96968,0.03032,0.96968,0.0,8.554557325181122,3.880634058940305
0.9,113253,su2,15,88.1392252123188,5,100000,0.97939,0.02061,0.97939,0.0,10.692099202137205,4.341771928091832
0.9,113253,su2,15,88.1392252123188,6,100000,0.98682,0.01318,0.98682,0.0,12.811900681064586,4.768662656056509
0.9,113253,su2,15,88.1392252123188,7,100000,0.99163,0.00837,0.99163,0.0,14.944844208731922,5.154130557494302
0.9,113253,su2,15,88.1392252123188,8,100000,0.99458,0.00542,0.99458,0.0,17.064633749947994,5.504713653353741
0.9,113253,su2,15,88.1392252123188,9,100000,0.99625,0.00375,0.99625,0.0,19.198073703215805,5.825777015033275
0.9,113253,su2,15,88.1392252123188,10,100000,0.99753,0.00247,0.99753,0.0,21.312119484083055,6.137807742334428
0.9,113253,su2,15,88.1392252123188,11,100000,0.99833,0.00167,0.99833,0.0,23.44009955058213,6.436007367678795
0.9,113253,su2,15,88.1392252123188,12,100000,0.99895,0.00105,0.99895,0.0,25.571010501766644,6.7117525161523215
0.9,113253,su2,16,102.61976358587921,1,100000,0.84275,0.15725,0.84275,0.0,2.158257923463119,1.9205939248171564
0.9,113253,su2,16,102.61976358587921,2,100000,0.92362,0.07638,0.92362,0.0,4.293208214808033,2.7303147301494652
0.9,113253,su2,16,102.61976358587921,3,100000,0.95558,0.04442,0.95558,0.0,6.432469117753069,3.3289593167106104
0.9,113253,su2,16,102.61976358587921,4,100000,0.97115,0.02885,0.97115,0.0,8.56662156745663,3.8531813263576464
0.9,113253,su2,16,102.61976358587921,5,100000,0.98079,0.01921,0.98079,0.0,10.695863484235032,4.328095998621342
0.9,113253,su2,16,102.61976358587921,6,100000,0.98766,0.01234,0.98766,0.0,12.825960307911242,4.738591344500995
0.9,113253,su2,16,102.61976358587921,7,100000,0.99173,0.00827,0.99173,0.0,14.963683106076969,5.122728646398562
0.9,113253,su2,16,102.61976358587921,8,100000,0.9947,0.0053,0.9947,0.0,17.08939208792259,5.484185863682692
0.9,113253,su2,16,102.61976358587921,9,100000,0.99625,0.00375,0.99625,0.0,19.2059377535263,5.8288732404490995
0.9,113253,su2,16,102.61976358587921,10,100000,0.99749,0.00251,0.99749,0.0,21.335106233953134,6.141654250923009
0.9,113253,su2,16,102.61976358587921,11,100000,0.99821,0.00179,0.99821,0.0,23.464977565766173,6.432264102916753
0.9,113253,su2,16,102.61976358587921,12,100000,0.99887,0.00113,0.99887,0.0,25.593412791564493,6.724073695986131
0.9,113253,su2,17,119.47933344154129,1,100000,0.84261,0.15739,0.84261,0.0,2.157550914816831,1.9179833347152218
0.9,113253,su2,17,119.47933344154129,2,100000,0.92542,0.07458,0.92542,0.0,4.298666391877942,2.721492360592976
0.9,113253,su2,17,119.47933344154129,3,100000,0.95471,0.04529,0.95471,0.0,6.435087689737956,3.3304481375045114
0.9,113253,su2,17,119.47933344154129,4,100000,0.97071,0.02929,0.97071,0.0,8.55715615095135,3.8466842067441394
0.9,113253,su2,17,119.47933344154129,5,100000,0.98081,0.01919,0.98081,0.0,10.687595226210288,4.303115188213963
0.9,113253,su2,17,119.47933344154129,6,100000,0.98749,0.01251,0.98749,0.0,12.813571154173793,4.714800936489746
0.9,113253,su2,17,119.47933344154129,7,100000,0.9918,0.0082,0.9918,0.0,14.94288380841638,5.0922224496875295
0.9,113253,su2,17,119.47933344154129,8,100000,0.99501,0.00499,0.99501,0.0,17.068015698710088,5.434677168278856
0.9,113253,su2,17,119.47933344154129,9,100000,0.99685,0.00315,0.99685,0.0,19.202173684925107,5.7618729312833485
0.9,113253,su2,17,119.47933344154129,10,100000,0.99805,0.00195,0.99805,0.0,21.337710032285653,6.0725325368605265
0.9,113253,su2,17,119.47933344154129,11,100000,0.99859,0.00141,0.99859,0.0,23.46723935315192,6.377550095730006
0.9,113253,su2,17,119.47933344154129,12,100000,0.99908,0.00092,0.99908,0.0,25.588362713626513,6.6611165385952855
0.9,113253,su2,18,139.10878977701455,1,100000,0.83978,0.16022,0.83978,0.0,2.1468285651353156,1.9253426620195393
0.9,113253,su2,18,139.10878977701455,2,100000,0.9234,0.0766,0.9234,0.0,4.2713629693257475,2.73627655153712
0.9,113253,su2,18,139.10878977701455,3,100000,0.95342,0.04658,0.95342,0.0,6.401124059239516,3.357369635654507
0.9,113253,su2,18,139.10878977701455,4,100000,0.97025,0.02975,0.97025,0.0,8.533462388013062,3.8668612633652812
0.9,113253,su2,18,139.10878977701455,5,100000,0.98091,0.01909,0.98091,0.0,10.668833302231352,4.319346524399593
0.9,113253,su2,18,139.10878977701455,6,100000,0.9873,0.0127,0.9873,0.0,12.793833358766348,4.736429750152062
0.9,113253,su2,18,139.10878977701455,7,100000,0.99176,0.00824,0.99176,0.0,14.916125054109598,5.105908506792598
0.9,113253,su2,18,139.10878977701455,8,100000,0.99483,0.00517,0.99483,0.0,17.053726051062444,5.455226445771776
0.9,113253,su2,18,139.10878977701455,9,100000,0.99649,0.00351,0.99649,0.0,19.187817820489286,5.792951483481389
0.9,113253,su2,18,139.10878977701455,10,100000,0.99759,0.00241,0.99759,0.0,21.31743728020365,6.111670865709725
0.9,113253,su2,18,139.10878977701455,11,100000,0.99837,0.00163,0.99837,0.0,23.434993162833102,6.412408722425627
0.9,113253,su2,18,139.10878977701455,12,100000,0.99899,0.00101,0.99899,0.0,25.56390787325301,6.697073761386764
0.9,113253,su2,19,161.9632018008689,1,100000,0.84035,0.15965,0.84035,0.0,2.1539633429751808,1.930826072636462
0.9,113253,su2,19,161.9632018008689,2,100000,0.92354,0.07646,0.92354,0.0,4.286465999928512,2.734348095988886
0.9,113253,su2,19,161.9632018008689,3,100000,0.95265,0.04735,0.95265,0.0,6.422989364192672,3.3555071565872128
0.9,113253,su2,19,161.9632018008689,4,100000,0.97015,0.02985,0.97015,0.0,8.554447373964434,3.865721608152314
0.9,113253,su2,19,161.9632018008689,5,100000,0.98125,0.01875,0.98125,0.0,10.686596766031249,4.310828197257598
0.9,113253,su2,19,161.9632018008689,6,100000,0.98799,0.01201,0.98799,0.0,12.810748429505495,4.731241108921029
0.9,113253,su2,19,161.9632018008689,7,100000,0.99175,0.00825,0.99175,0.0,14.92850526698475,5.117143234084715
0.9,113253,su2,19,161.9632018008689,8,100000,0.99475,0.00525,0.99475,0.0,17.05458498539056,5.479859875396567
0.9,113253,su2,19,161.9632018008689,9,100000,0.99666,0.00334,0.99666,0.0,19.186741367863576,5.800544685019723
0.9,113253,su2,19,161.9632018008689,10,100000,0.99784,0.00216,0.99784,0.0,21.30125690310664,6.128263051467787
0.9,113253,su2,19,161.9632018008689,11,100000,0.99841,0.00159,0.99841,0.0,23.417107884232024,6.4348156224300235
0.9,113253,su2,19,161.9632018008689,12,100000,0.99895,0.00105,0.99895,0.0,25.533675780093922,6.731180426322665
