mass_GeV,seed,truth_model,truth_lifetime_index,truth_ctau_m,number_of_events,number_of_pseudoexperiments,correct_fraction,selected_photon_fraction,selected_su2_fraction,tie_fraction,mean_profile_statistic_T,std_profile_statistic_T
0.6,73241,photon,0,6.0,1,100000,0.82897,0.82897,0.17103,0.0,-6.42522014931536,5.555872452526346
0.6,73241,photon,0,6.0,2,100000,0.92596,0.92596,0.07404,0.0,-12.72460113711717,7.857841296307871
0.6,73241,photon,0,6.0,3,100000,0.96897,0.96897,0.03103,0.0,-19.061248339921935,9.613749821364179
0.6,73241,photon,0,6.0,4,100000,0.98434,0.98434,0.01566,0.0,-25.374457481725727,11.130992561117537
0.6,73241,photon,0,6.0,5,100000,0.99236,0.99236,0.00764,0.0,-31.670931634140064,12.43015410108564
0.6,73241,photon,0,6.0,6,100000,0.99632,0.99632,0.00368,0.0,-37.98583495247111,13.605539318406354
0.6,73241,photon,0,6.0,7,100000,0.99824,0.99824,0.00176,0.0,-44.32558605079696,14.66553438119623
0.6,73241,photon,0,6.0,8,100000,0.99907,0.99907,0.00093,0.0,-50.64761012226375,15.689858060446802
0.6,73241,photon,0,6.0,9,100000,0.99951,0.99951,0.00049,0.0,-56.97826783686645,16.61877635335415
0.6,73241,photon,0,6.0,10,100000,0.99975,0.99975,0.00025,0.0,-63.294812330801896,17.502773944199383
0.6,73241,photon,0,6.0,11,100000,0.99989,0.99989,0.00011,0.0,-69.59093916643026,18.36022268118835
0.6,73241,photon,0,6.0,12,100000,0.99993,0.99993,7e-05,0.0,-75.89067024465264,19.16441079259966
0.6,73241,photon,1,6.7380509865628095,1,100000,0.83621,0.83621,0.16379,0.0,-6.5104896145385664,5.506359650832121
0.6,73241,photon,1,6.7380509865628095,2,100000,0.9314,0.9314,0.0686,0.0,-12.956503102856022,7.798911922709343
0.6,73241,photon,1,6.7380509865628095,3,100000,0.97082,0.97082,0.02918,0.0,-19.38455274401288,9.540050981364391
0.6,73241,photon,1,6.7380509865628095,4,100000,0.98686,0.98686,0.01314,0.0,-25.839575719280088,10.998938762789683
0.6,73241,photon,1,6.7380509865628095,5,100000,0.99361,0.99361,0.00639,0.0,-32.272990569285255,12.297921474390172
0.6,73241,photon,1,6.7380509865628095,6,100000,0.99689,0.99689,0.00311,0.0,-38.68103936285085,13.471995957591433
0.6,73241,photon,1,6.7380509865628095,7,100000,0.99847,0.99847,0.00153,0.0,-45.11409667327074,14.556070588120608
0.6,73241,photon,1,6.7380509865628095,8,100000,0.9992,0.9992,0.0008,0.0,-51.51195903873621,15.538842292671491
0.6,73241,photon,1,6.7380509865628095,9,100000,0.99963,0.99963,0.00037,0.0,-57.885768110976954,16.50044176571291
0.6,73241,photon,1,6.7380509865628095,10,100000,0.99984,0.99984,0.00016,0.0,-64.30938805964307,17.385109929349273
0.6,73241,photon,1,6.7380509865628095,11,100000,0.99994,0.99994,6e-05,0.0,-70.73315616074969,18.231764566736235
0.6,73241,photon,1,6.7380509865628095,12,100000,0.99996,0.99996,4e-05,0.0,-77.14499440607813,19.06057532637336
0.6,73241,photon,2,7.566888516253341,1,100000,0.83953,0.83953,0.16047,0.0,-6.620529022032151,5.481238258373743
0.6,73241,photon,2,7.566888516253341,2,100000,0.93333,0.93333,0.06667,0.0,-13.143593238881962,7.768831202931531
0.6,73241,photon,2,7.566888516253341,3,100000,0.97328,0.97328,0.02672,0.0,-19.652408495384076,9.503833488878938
0.6,73241,photon,2,7.566888516253341,4,100000,0.98766,0.98766,0.01234,0.0,-26.16474218865762,10.940070734944026
0.6,73241,photon,2,7.566888516253341,5,100000,0.99425,0.99425,0.00575,0.0,-32.640545883801806,12.244840302779302
0.6,73241,photon,2,7.566888516253341,6,100000,0.99732,0.99732,0.00268,0.0,-39.16864310257183,13.39618003790383
0.6,73241,photon,2,7.566888516253341,7,100000,0.9987,0.9987,0.0013,0.0,-45.67379099826847,14.488334625896622
0.6,73241,photon,2,7.566888516253341,8,100000,0.99946,0.99946,0.00054,0.0,-52.150051117280135,15.503703997680754
0.6,73241,photon,2,7.566888516253341,9,100000,0.99969,0.99969,0.00031,0.0,-58.65239300031172,16.460491948805455
0.6,73241,photon,2,7.566888516253341,10,100000,0.99979,0.99979,0.00021,0.0,-65.17228016721002,17.349974767728423
0.6,73241,photon,2,7.566888516253341,11,100000,0.99992,0.99992,8e-05,0.0,-71.64972759367407,18.174413018841737
0.6,73241,photon,2,7.566888516253341,12,100000,0.99996,0.99996,4e-05,0.0,-78.16844421625088,18.974195159562516
0.6,73241,photon,3,8.497680105358603,1,100000,0.84248,0.84248,0.15752,0.0,-6.69350230403887,5.4586535285355975
0.6,73241,photon,3,8.497680105358603,2,100000,0.93624,0.93624,0.06376,0.0,-13.281435393873863,7.7362418419241825
0.6,73241,photon,3,8.497680105358603,3,100000,0.97416,0.97416,0.02584,0.0,-19.858102324804694,9.496748699105783
0.6,73241,photon,3,8.497680105358603,4,100000,0.98807,0.98807,0.01193,0.0,-26.450941222803785,10.979494721959595
0.6,73241,photon,3,8.497680105358603,5,100000,0.9945,0.9945,0.0055,0.0,-33.01097431488241,12.27166553146931
0.6,73241,photon,3,8.497680105358603,6,100000,0.99698,0.99698,0.00302,0.0,-39.61924871902131,13.424771021736364
0.6,73241,photon,3,8.497680105358603,7,100000,0.99865,0.99865,0.00135,0.0,-46.184330899006525,14.507055609119528
0.6,73241,photon,3,8.497680105358603,8,100000,0.99927,0.99927,0.00073,0.0,-52.786453127556186,15.50165973971331
0.6,73241,photon,3,8.497680105358603,9,100000,0.99966,0.99966,0.00034,0.0,-59.38047309035928,16.441841053833073
0.6,73241,photon,3,8.497680105358603,10,100000,0.99981,0.99981,0.00019,0.0,-65.95758845054849,17.30252144344067
0.6,73241,photon,3,8.497680105358603,11,100000,0.99991,0.99991,9e-05,0.0,-72.53124829381808,18.13297938720663
0.6,73241,photon,3,8.497680105358603,12,100000,0.99994,0.99994,6e-05,0.0,-79.11255510183045,18.943487553070828
0.6,73241,photon,4,9.542966969567782,1,100000,0.84831,0.84831,0.15169,0.0,-6.8118538688997505,5.417360077539326
0.6,73241,photon,4,9.542966969567782,2,100000,0.93843,0.93843,0.06157,0.0,-13.448677581823066,7.705859352804431
0.6,73241,photon,4,9.542966969567782,3,100000,0.97584,0.97584,0.02416,0.0,-20.08945203062283,9.424015441730244
0.6,73241,photon,4,9.542966969567782,4,100000,0.98929,0.98929,0.01071,0.0,-26.738230101561296,10.904530356031973
0.6,73241,photon,4,9.542966969567782,5,100000,0.99504,0.99504,0.00496,0.0,-33.381875138914886,12.228477804417677
0.6,73241,photon,4,9.542966969567782,6,100000,0.99756,0.99756,0.00244,0.0,-40.031310825019666,13.370526019897701
0.6,73241,photon,4,9.542966969567782,7,100000,0.99896,0.99896,0.00104,0.0,-46.69306827916378,14.44868875228237
0.6,73241,photon,4,9.542966969567782,8,100000,0.99951,0.99951,0.00049,0.0,-53.348970377169884,15.433283904029375
0.6,73241,photon,4,9.542966969567782,9,100000,0.99977,0.99977,0.00023,0.0,-59.96678903663559,16.364035585974477
0.6,73241,photon,4,9.542966969567782,10,100000,0.99988,0.99988,0.00012,0.0,-66.60470512876942,17.245129732296178
0.6,73241,photon,4,9.542966969567782,11,100000,0.99993,0.99993,7e-05,0.0,-73.229777697881,18.093665136809495
0.6,73241,photon,4,9.542966969567782,12,100000,0.99996,0.99996,4e-05,0.0,-79.84573727055427,18.883608612788805
0.6,73241,photon,5,10.716833000672082,1,100000,0.84787,0.84787,0.15213,0.0,-6.819609218469126,5.419256859841971
0.6,73241,photon,5,10.716833000672082,2,100000,0.93995,0.93995,0.06005,0.0,-13.520144029260983,7.675031373809219
0.6,73241,photon,5,10.716833000672082,3,100000,0.97707,0.97707,0.02293,0.0,-20.246522530504823,9.397045244708435
0.6,73241,photon,5,10.716833000672082,4,100000,0.98986,0.98986,0.01014,0.0,-26.967588894939738,10.840137414655363
0.6,73241,photon,5,10.716833000672082,5,100000,0.99506,0.99506,0.00494,0.0,-33.68150451108981,12.125313250068016
0.6,73241,photon,5,10.716833000672082,6,100000,0.99756,0.99756,0.00244,0.0,-40.42442734531053,13.255179533190349
0.6,73241,photon,5,10.716833000672082,7,100000,0.99899,0.99899,0.00101,0.0,-47.145317281874576,14.327893619322602
0.6,73241,photon,5,10.716833000672082,8,100000,0.99946,0.99946,0.00054,0.0,-53.88778814271558,15.297251942692728
0.6,73241,photon,5,10.716833000672082,9,100000,0.99978,0.99978,0.00022,0.0,-60.64308295957312,16.235236521154192
0.6,73241,photon,5,10.716833000672082,10,100000,0.99988,0.99988,0.00012,0.0,-67.38010473561714,17.080987963843274
0.6,73241,photon,5,10.716833000672082,11,100000,0.99991,0.99991,9e-05,0.0,-74.12475553573722,17.938686973946897
0.6,73241,photon,5,10.716833000672082,12,100000,0.99997,0.99997,3e-05,0.0,-80.8291531619967,18.75580102401463
0.6,73241,photon,6,12.035094528834572,1,100000,0.8498,0.8498,0.1502,0.0,-6.88944614193442,5.398603241528482
0.6,73241,photon,6,12.035094528834572,2,100000,0.94203,0.94203,0.05797,0.0,-13.66837140129376,7.666113460853008
0.6,73241,photon,6,12.035094528834572,3,100000,0.97777,0.97777,0.02223,0.0,-20.464329942346755,9.394958315268147
0.6,73241,photon,6,12.035094528834572,4,100000,0.99051,0.99051,0.00949,0.0,-27.24825944858066,10.847498739576542
0.6,73241,photon,6,12.035094528834572,5,100000,0.99563,0.99563,0.00437,0.0,-34.010118302036524,12.142436575348153
0.6,73241,photon,6,12.035094528834572,6,100000,0.99801,0.99801,0.00199,0.0,-40.800190809476604,13.301688739170379
0.6,73241,photon,6,12.035094528834572,7,100000,0.99917,0.99917,0.00083,0.0,-47.58344901627132,14.35897531815229
0.6,73241,photon,6,12.035094528834572,8,100000,0.99973,0.99973,0.00027,0.0,-54.35961921520602,15.347418088415223
0.6,73241,photon,6,12.035094528834572,9,100000,0.99984,0.99984,0.00016,0.0,-61.15910779458092,16.25310275206651
0.6,73241,photon,6,12.035094528834572,10,100000,0.99995,0.99995,5e-05,0.0,-67.92118192565921,17.147052057118614
0.6,73241,photon,6,12.035094528834572,11,100000,0.99997,0.99997,3e-05,0.0,-74.67570590577455,17.994122667506314
0.6,73241,photon,6,12.035094528834572,12,100000,0.99997,0.99997,3e-05,0.0,-81.446648774308,18.801910586901027
0.6,73241,photon,7,13.515513427231737,1,100000,0.85307,0.85307,0.14693,0.0,-6.93799059695139,5.369759292006381
0.6,73241,photon,7,13.515513427231737,2,100000,0.94387,0.94387,0.05613,0.0,-13.780994761495036,7.62392752127539
0.6,73241,photon,7,13.515513427231737,3,100000,0.97934,0.97934,0.02066,0.0,-20.625209677565348,9.327275408220126
0.6,73241,photon,7,13.515513427231737,4,100000,0.99085,0.99085,0.00915,0.0,-27.46570935342902,10.767635231798682
0.6,73241,photon,7,13.515513427231737,5,100000,0.99565,0.99565,0.00435,0.0,-34.32027427794293,12.064570752516547
0.6,73241,photon,7,13.515513427231737,6,100000,0.99813,0.99813,0.00187,0.0,-41.162537704478225,13.211361954164904
0.6,73241,photon,7,13.515513427231737,7,100000,0.99913,0.99913,0.00087,0.0,-47.96308687715517,14.264141520361367
0.6,73241,photon,7,13.515513427231737,8,100000,0.99954,0.99954,0.00046,0.0,-54.7609856172937,15.240110750335653
0.6,73241,photon,7,13.515513427231737,9,100000,0.9998,0.9998,0.0002,0.0,-61.582752104646985,16.179342442772562
0.6,73241,photon,7,13.515513427231737,10,100000,0.99992,0.99992,8e-05,0.0,-68.39939944706782,17.073111562661246
0.6,73241,photon,7,13.515513427231737,11,100000,0.99998,0.99998,2e-05,0.0,-75.22202834806409,17.894266667223434
0.6,73241,photon,7,13.515513427231737,12,100000,0.99999,0.99999,1e-05,0.0,-82.0439927295347,18.698584612874374
0.6,73241,photon,8,15.178036430376956,1,100000,0.85711,0.85711,0.14289,0.0,-7.00587525440413,5.335603462538266
0.6,73241,photon,8,15.178036430376956,2,100000,0.94642,0.94642,0.05358,0.0,-13.945239643411576,7.577153388874252
0.6,73241,photon,8,15.178036430376956,3,100000,0.98051,0.98051,0.01949,0.0,-20.819017078103315,9.283768279088116
0.6,73241,photon,8,15.178036430376956,4,100000,0.99151,0.99151,0.00849,0.0,-27.710933794040802,10.744416906873154
0.6,73241,photon,8,15.178036430376956,5,100000,0.99636,0.99636,0.00364,0.0,-34.58769640425356,12.023780875617822
0.6,73241,photon,8,15.178036430376956,6,100000,0.99846,0.99846,0.00154,0.0,-41.46322883734712,13.193001986505237
0.6,73241,photon,8,15.178036430376956,7,100000,0.99934,0.99934,0.00066,0.0,-48.34414897440892,14.24229007818461
0.6,73241,photon,8,15.178036430376956,8,100000,0.99965,0.99965,0.00035,0.0,-55.214372096938284,15.24408075812415
0.6,73241,photon,8,15.178036430376956,9,100000,0.99983,0.99983,0.00017,0.0,-62.10604252639826,16.188150460156837
0.6,73241,photon,8,15.178036430376956,10,100000,0.99992,0.99992,8e-05,0.0,-68.96644206450256,17.085395528262985
0.6,73241,photon,8,15.178036430376956,11,100000,0.99995,0.99995,5e-05,0.0,-75.84177431479894,17.868970877797558
0.6,73241,photon,8,15.178036430376956,12,100000,0.99995,0.99995,5e-05,0.0,-82.71040108417165,18.674502858690914
0.6,73241,photon,9,17.045063890631276,1,100000,0.85674,0.85674,0.14326,0.0,-6.998568156488301,5.345171800072637
0.6,73241,photon,9,17.045063890631276,2,100000,0.94574,0.94574,0.05426,0.0,-13.930978082049892,7.587354053311292
0.6,73241,photon,9,17.045063890631276,3,100000,0.98041,0.98041,0.01959,0.0,-20.875482558444453,9.272868451287879
0.6,73241,photon,9,17.045063890631276,4,100000,0.99143,0.99143,0.00857,0.0,-27.797272735988507,10.748411751998544
0.6,73241,photon,9,17.045063890631276,5,100000,0.99649,0.99649,0.00351,0.0,-34.73020737882378,12.021290073968812
0.6,73241,photon,9,17.045063890631276,6,100000,0.99844,0.99844,0.00156,0.0,-41.64203606157033,13.176280193522173
0.6,73241,photon,9,17.045063890631276,7,100000,0.99921,0.99921,0.00079,0.0,-48.563657661442356,14.247598730526459
0.6,73241,photon,9,17.045063890631276,8,100000,0.9995,0.9995,0.0005,0.0,-55.48673700513176,15.221042213555574
0.6,73241,photon,9,17.045063890631276,9,100000,0.99981,0.99981,0.00019,0.0,-62.40400598560777,16.151443633829004
0.6,73241,photon,9,17.045063890631276,10,100000,0.99991,0.99991,9e-05,0.0,-69.31594520520137,17.020896078772825
0.6,73241,photon,9,17.045063890631276,11,100000,0.99993,0.99993,7e-05,0.0,-76.2382712600161,17.82792458396411
0.6,73241,photon,9,17.045063890631276,12,100000,0.99997,0.99997,3e-05,0.0,-83.11579963969857,18.613371836145962
0.6,73241,photon,10,19.14175159404904,1,100000,0.85877,0.85877,0.14123,0.0,-7.071443930965205,5.316049401701672
0.6,73241,photon,10,19.14175159404904,2,100000,0.94795,0.94795,0.05205,0.0,-14.038493254892547,7.545577077145824
0.6,73241,photon,10,19.14175159404904,3,100000,0.98034,0.98034,0.01966,0.0,-20.998193118213468,9.28018695855041
0.6,73241,photon,10,19.14175159404904,4,100000,0.99203,0.99203,0.00797,0.0,-27.981047315492606,10.718842400000167
0.6,73241,photon,10,19.14175159404904,5,100000,0.99687,0.99687,0.00313,0.0,-34.921658208884665,11.967261511417327
0.6,73241,photon,10,19.14175159404904,6,100000,0.99864,0.99864,0.00136,0.0,-41.86989572565791,13.111955336706767
0.6,73241,photon,10,19.14175159404904,7,100000,0.99936,0.99936,0.00064,0.0,-48.823786765397244,14.188428380002687
0.6,73241,photon,10,19.14175159404904,8,100000,0.99966,0.99966,0.00034,0.0,-55.77261731256201,15.141317079609356
0.6,73241,photon,10,19.14175159404904,9,100000,0.99988,0.99988,0.00012,0.0,-62.72496449717504,16.06698322371647
0.6,73241,photon,10,19.14175159404904,10,100000,0.99992,0.99992,8e-05,0.0,-69.68171826272314,16.937255222094397
0.6,73241,photon,10,19.14175159404904,11,100000,0.99997,0.99997,3e-05,0.0,-76.65216247823724,17.785876165348448
0.6,73241,photon,10,19.14175159404904,12,100000,1.0,1.0,0.0,0.0,-83.5705664221834,18.583831391696094
0.6,73241,photon,11,21.49634970213705,1,100000,0.86144,0.86144,0.13856,0.0,-7.096077548792137,5.297868847583486
0.6,73241,photon,11,21.49634970213705,2,100000,0.94925,0.94925,0.05075,0.0,-14.109258809028667,7.524735192948974
0.6,73241,photon,11,21.49634970213705,3,100000,0.98206,0.98206,0.01794,0.0,-21.10367992331369,9.219205934636555
0.6,73241,photon,11,21.49634970213705,4,100000,0.9923,0.9923,0.0077,0.0,-28.15250796328458,10.653218253730584
0.6,73241,photon,11,21.49634970213705,5,100000,0.99706,0.99706,0.00294,0.0,-35.126340123318826,11.91003011627295
0.6,73241,photon,11,21.49634970213705,6,100000,0.99852,0.99852,0.00148,0.0,-42.124224724493956,13.05722346327358
0.6,73241,photon,11,21.49634970213705,7,100000,0.99939,0.99939,0.00061,0.0,-49.12950482674063,14.08620668706072
0.6,73241,photon,11,21.49634970213705,8,100000,0.99972,0.99972,0.00028,0.0,-56.100521769830735,15.08279780860635
0.6,73241,photon,11,21.49634970213705,9,100000,0.99987,0.99987,0.00013,0.0,-63.09109645964001,16.014136224169366
0.6,73241,photon,11,21.49634970213705,10,100000,0.99994,0.99994,6e-05,0.0,-70.0780005477367,16.908867624737788
0.6,73241,photon,11,21.49634970213705,11,100000,0.99996,0.99996,4e-05,0.0,-77.06115107435129,17.7232702180186
0.6,73241,photon,11,21.49634970213705,12,100000,0.99998,0.99998,2e-05,0.0,-84.05371216588047,18.509868318255073
0.6,73241,photon,12,24.14058338633063,1,100000,0.86256,0.86256,0.13744,0.0,-7.1411320229285975,5.287294784853883
0.6,73241,photon,12,24.14058338633063,2,100000,0.95024,0.95024,0.04976,0.0,-14.22717490591924,7.503286870234817
0.6,73241,photon,12,24.14058338633063,3,100000,0.98217,0.98217,0.01783,0.0,-21.2575598331883,9.20196994541286
0.6,73241,photon,12,24.14058338633063,4,100000,0.99234,0.99234,0.00766,0.0,-28.29308446622997,10.660650047593961
0.6,73241,photon,12,24.14058338633063,5,100000,0.99667,0.99667,0.00333,0.0,-35.31816146513523,11.9112535527262
0.6,73241,photon,12,24.14058338633063,6,100000,0.9986,0.9986,0.0014,0.0,-42.322007173962,13.070335518900462
0.6,73241,photon,12,24.14058338633063,7,100000,0.99929,0.99929,0.00071,0.0,-49.31981807028164,14.14161445071033
0.6,73241,photon,12,24.14058338633063,8,100000,0.99968,0.99968,0.00032,0.0,-56.31730329898298,15.114138966841404
0.6,73241,photon,12,24.14058338633063,9,100000,0.99988,0.99988,0.00012,0.0,-63.34659398753263,16.0387301563206
0.6,73241,photon,12,24.14058338633063,10,100000,0.99993,0.99993,7e-05,0.0,-70.35242742382799,16.909093974184152
0.6,73241,photon,12,24.14058338633063,11,100000,0.99998,0.99998,2e-05,0.0,-77.33362353074108,17.735865944065793
0.6,73241,photon,12,24.14058338633063,12,100000,0.99999,0.99999,1e-05,0.0,-84.33957404021736,18.5040722997549
0.6,73241,photon,13,27.110080283744477,1,100000,0.86367,0.86367,0.13633,0.0,-7.164969670700294,5.2758917821094675
0.6,73241,photon,13,27.110080283744477,2,100000,0.95167,0.95167,0.04833,0.0,-14.242108151036296,7.491037064892891
0.6,73241,photon,13,27.110080283744477,3,100000,0.98247,0.98247,0.01753,0.0,-21.239255316824334,9.193348773068285
0.6,73241,photon,13,27.110080283744477,4,100000,0.99261,0.99261,0.00739,0.0,-28.354682241834958,10.599150284398345
0.6,73241,photon,13,27.110080283744477,5,100000,0.99723,0.99723,0.00277,0.0,-35.38605222991031,11.853762021934969
0.6,73241,photon,13,27.110080283744477,6,100000,0.9988,0.9988,0.0012,0.0,-42.42013977463638,12.96740152024956
0.6,73241,photon,13,27.110080283744477,7,100000,0.99952,0.99952,0.00048,0.0,-49.449445989709076,14.016372683155536
0.6,73241,photon,13,27.110080283744477,8,100000,0.99973,0.99973,0.00027,0.0,-56.4730875251073,14.975127684133303
0.6,73241,photon,13,27.110080283744477,9,100000,0.99995,0.99995,5e-05,0.0,-63.50051099412184,15.903187043548856
0.6,73241,photon,13,27.110080283744477,10,100000,0.99996,0.99996,4e-05,0.0,-70.51293739338456,16.813523892839918
0.6,73241,photon,13,27.110080283744477,11,100000,0.99999,0.99999,1e-05,0.0,-77.52730177901262,17.64716055244364
0.6,73241,photon,13,27.110080283744477,12,100000,0.99998,0.99998,2e-05,0.0,-84.55707655760203,18.467052801771796
0.6,73241,photon,14,30.44485053361357,1,100000,0.86315,0.86315,0.13685,0.0,-7.157759127518311,5.27783873827488
0.6,73241,photon,14,30.44485053361357,2,100000,0.95103,0.95103,0.04897,0.0,-14.253157014658148,7.507263796198526
0.6,73241,photon,14,30.44485053361357,3,100000,0.98289,0.98289,0.01711,0.0,-21.319915765991677,9.170410804656518
0.6,73241,photon,14,30.44485053361357,4,100000,0.99297,0.99297,0.00703,0.0,-28.36893027666424,10.604975548044791
0.6,73241,photon,14,30.44485053361357,5,100000,0.9969,0.9969,0.0031,0.0,-35.442169156882976,11.849675255805925
0.6,73241,photon,14,30.44485053361357,6,100000,0.99849,0.99849,0.00151,0.0,-42.491944206537745,13.007652088667854
0.6,73241,photon,14,30.44485053361357,7,100000,0.99948,0.99948,0.00052,0.0,-49.550458895790975,14.04232200590375
0.6,73241,photon,14,30.44485053361357,8,100000,0.99978,0.99978,0.00022,0.0,-56.565610631811566,15.032455607993981
0.6,73241,photon,14,30.44485053361357,9,100000,0.9999,0.9999,0.0001,0.0,-63.61882751379673,15.960625355687634
0.6,73241,photon,14,30.44485053361357,10,100000,0.99996,0.99996,4e-05,0.0,-70.6306384087316,16.816215247286117
0.6,73241,photon,14,30.44485053361357,11,100000,0.99999,0.99999,1e-05,0.0,-77.68756059549214,17.642481354006666
0.6,73241,photon,14,30.44485053361357,12,100000,0.99999,0.99999,1e-05,0.0,-84.7853525336829,18.421730031333038
0.6,73241,photon,15,34.189825862295365,1,100000,0.86476,0.86476,0.13524,0.0,-7.197820048133176,5.260537535508832
0.6,73241,photon,15,34.189825862295365,2,100000,0.95271,0.95271,0.04729,0.0,-14.296219063534933,7.44497090498216
0.6,73241,photon,15,34.189825862295365,3,100000,0.98341,0.98341,0.01659,0.0,-21.37977561935743,9.13851198166291
0.6,73241,photon,15,34.189825862295365,4,100000,0.99336,0.99336,0.00664,0.0,-28.449548228183147,10.541010712545361
0.6,73241,photon,15,34.189825862295365,5,100000,0.99725,0.99725,0.00275,0.0,-35.5304329712747,11.791876289895304
0.6,73241,photon,15,34.189825862295365,6,100000,0.99857,0.99857,0.00143,0.0,-42.607274636858676,12.94242817939709
0.6,73241,photon,15,34.189825862295365,7,100000,0.99947,0.99947,0.00053,0.0,-49.68717541645414,14.018112092311455
0.6,73241,photon,15,34.189825862295365,8,100000,0.99977,0.99977,0.00023,0.0,-56.74213636659429,14.992450850716759
0.6,73241,photon,15,34.189825862295365,9,100000,0.9999,0.9999,0.0001,0.0,-63.79048964354623,15.90321462447858
0.6,73241,photon,15,34.189825862295365,10,100000,0.99999,0.99999,1e-05,0.0,-70.87661195838463,16.751965233569138
0.6,73241,photon,15,34.189825862295365,11,100000,1.0,1.0,0.0,0.0,-77.9235863999671,17.58885679945929
0.6,73241,photon,15,34.189825862295365,12,100000,1.0,1.0,0.0,0.0,-85.01767616737098,18.368718306036136
0.6,73241,photon,16,38.395464980308326,1,100000,0.86583,0.86583,0.13417,0.0,-7.223836310274531,5.246588289530984
0.6,73241,photon,16,38.395464980308326,2,100000,0.95273,0.95273,0.04727,0.0,-14.342289914948452,7.458863762290533
0.6,73241,photon,16,38.395464980308326,3,100000,0.98364,0.98364,0.01636,0.0,-21.43681529602613,9.150107137347764
0.6,73241,photon,16,38.395464980308326,4,100000,0.99331,0.99331,0.00669,0.0,-28.537900688571767,10.59709075779234
0.6,73241,photon,16,38.395464980308326,5,100000,0.99692,0.99692,0.00308,0.0,-35.64759584504884,11.891138173024135
0.6,73241,photon,16,38.395464980308326,6,100000,0.9988,0.9988,0.0012,0.0,-42.751353450665675,13.002987095611822
0.6,73241,photon,16,38.395464980308326,7,100000,0.99956,0.99956,0.00044,0.0,-49.830098645020996,14.07489359952209
0.6,73241,photon,16,38.395464980308326,8,100000,0.99981,0.99981,0.00019,0.0,-56.93155312472114,15.038143746042246
0.6,73241,photon,16,38.395464980308326,9,100000,0.99991,0.99991,9e-05,0.0,-64.0214434875766,15.957603645382926
0.6,73241,photon,16,38.395464980308326,10,100000,0.99998,0.99998,2e-05,0.0,-71.14106197471037,16.82099156394564
0.6,73241,photon,16,38.395464980308326,11,100000,1.0,1.0,0.0,0.0,-78.22916281248236,17.661002781232717
0.6,73241,photon,16,38.395464980308326,12,100000,0.99999,0.99999,1e-05,0.0,-85.33685444975544,18.414558759729363
0.6,73241,photon,17,43.11843344835072,1,100000,0.86708,0.86708,0.13292,0.0,-7.221077070385963,5.247125896019828
0.6,73241,photon,17,43.11843344835072,2,100000,0.95272,0.95272,0.04728,0.0,-14.348061997515043,7.458788820014556
0.6,73241,photon,17,43.11843344835072,3,100000,0.98396,0.98396,0.01604,0.0,-21.456991124311962,9.144297726344654
0.6,73241,photon,17,43.11843344835072,4,100000,0.99333,0.99333,0.00667,0.0,-28.609419870837183,10.5608749515515
0.6,73241,photon,17,43.11843344835072,5,100000,0.99728,0.99728,0.00272,0.0,-35.74578402368494,11.81960122042036
0.6,73241,photon,17,43.11843344835072,6,100000,0.999,0.999,0.001,0.0,-42.857506206886534,12.943540741515474
0.6,73241,photon,17,43.11843344835072,7,100000,0.9996,0.9996,0.0004,0.0,-49.95958812870858,13.972837171346862
0.6,73241,photon,17,43.11843344835072,8,100000,0.99988,0.99988,0.00012,0.0,-57.068519031218585,14.942808875940656
0.6,73241,photon,17,43.11843344835072,9,100000,0.99997,0.99997,3e-05,0.0,-64.1950542864384,15.829696757265369
0.6,73241,photon,17,43.11843344835072,10,100000,0.99997,0.99997,3e-05,0.0,-71.34080779790858,16.68190545171566
0.6,73241,photon,17,43.11843344835072,11,100000,0.99997,0.99997,3e-05,0.0,-78.47358770735016,17.4795228526293
0.6,73241,photon,17,43.11843344835072,12,100000,1.0,1.0,0.0,0.0,-85.55509568446654,18.27289196953214
0.6,73241,photon,18,48.422367172617065,1,100000,0.8682,0.8682,0.1318,0.0,-7.254685014006408,5.2345706080460115
0.6,73241,photon,18,48.422367172617065,2,100000,0.95384,0.95384,0.04616,0.0,-14.454190812419828,7.425635177919155
0.6,73241,photon,18,48.422367172617065,3,100000,0.98423,0.98423,0.01577,0.0,-21.64677369385986,9.106667993837972
0.6,73241,photon,18,48.422367172617065,4,100000,0.99333,0.99333,0.00667,0.0,-28.808173194576344,10.53251776916333
0.6,73241,photon,18,48.422367172617065,5,100000,0.99696,0.99696,0.00304,0.0,-35.92095309493935,11.826267848337727
0.6,73241,photon,18,48.422367172617065,6,100000,0.99869,0.99869,0.00131,0.0,-43.062740853183485,12.957178530210886
0.6,73241,photon,18,48.422367172617065,7,100000,0.99957,0.99957,0.00043,0.0,-50.20278364117829,13.973259408936057
0.6,73241,photon,18,48.422367172617065,8,100000,0.99978,0.99978,0.00022,0.0,-57.303800027527075,14.936758180281712
0.6,73241,photon,18,48.422367172617065,9,100000,0.99994,0.99994,6e-05,0.0,-64.4458778368134,15.857195573801778
0.6,73241,photon,18,48.422367172617065,10,100000,0.99995,0.99995,5e-05,0.0,-71.57760671570212,16.740704476625716
0.6,73241,photon,18,48.422367172617065,11,100000,0.99995,0.99995,5e-05,0.0,-78.70429632650085,17.581486995683118
0.6,73241,photon,18,48.422367172617065,12,100000,0.99998,0.99998,2e-05,0.0,-85.79788633161957,18.368816144079293
0.6,73241,photon,19,54.37872981652651,1,100000,0.86809,0.86809,0.13191,0.0,-7.260567050471992,5.225368756131463
0.6,73241,photon,19,54.37872981652651,2,100000,0.95389,0.95389,0.04611,0.0,-14.395858751317654,7.437049468691668
0.6,73241,photon,19,54.37872981652651,3,100000,0.98445,0.98445,0.01555,0.0,-21.514117088632094,9.102503800553249
0.6,73241,photon,19,54.37872981652651,4,100000,0.99353,0.99353,0.00647,0.0,-28.685003307784086,10.525198999784417
0.6,73241,photon,19,54.37872981652651,5,100000,0.99719,0.99719,0.00281,0.0,-35.831848997014205,11.794877979764806
0.6,73241,photon,19,54.37872981652651,6,100000,0.99891,0.99891,0.00109,0.0,-43.0276110014799,12.918000796048247
0.6,73241,photon,19,54.37872981652651,7,100000,0.99944,0.99944,0.00056,0.0,-50.18746537596813,13.961095592600017
0.6,73241,photon,19,54.37872981652651,8,100000,0.99977,0.99977,0.00023,0.0,-57.314364633097846,14.949094854184004
0.6,73241,photon,19,54.37872981652651,9,100000,0.99988,0.99988,0.00012,0.0,-64.45454138744223,15.85455788282185
0.6,73241,photon,19,54.37872981652651,10,100000,0.99995,0.99995,5e-05,0.0,-71.63321929438149,16.704681390972205
0.6,73241,photon,19,54.37872981652651,11,100000,0.99998,0.99998,2e-05,0.0,-78.7738688319005,17.52884743860856
0.6,73241,photon,19,54.37872981652651,12,100000,0.99998,0.99998,2e-05,0.0,-85.89084861606297,18.33105114538832
0.6,73241,su2,0,6.0,1,100000,0.90311,0.09689,0.90311,0.0,3.3788236188608622,2.1081204977726182
0.6,73241,su2,0,6.0,2,100000,0.96854,0.03146,0.96854,0.0,6.741703076181284,2.9716821540822362
0.6,73241,su2,0,6.0,3,100000,0.98556,0.01444,0.98556,0.0,10.109444377126414,3.6311981521761014
0.6,73241,su2,0,6.0,4,100000,0.99279,0.00721,0.99279,0.0,13.469966339349766,4.189623513022074
0.6,73241,su2,0,6.0,5,100000,0.99684,0.00316,0.99684,0.0,16.827009414774444,4.684610141713847
0.6,73241,su2,0,6.0,6,100000,0.99865,0.00135,0.99865,0.0,20.181791328633306,5.143675232424199
0.6,73241,su2,0,6.0,7,100000,0.99938,0.00062,0.99938,0.0,23.537143413560948,5.561555831197114
0.6,73241,su2,0,6.0,8,100000,0.99964,0.00036,0.99964,0.0,26.898957733042003,5.954762366855648
0.6,73241,su2,0,6.0,9,100000,0.9998,0.0002,0.9998,0.0,30.254509556448138,6.31535055950882
0.6,73241,su2,0,6.0,10,100000,0.99991,9e-05,0.99991,0.0,33.618698335290325,6.660949285252017
0.6,73241,su2,0,6.0,11,100000,0.99996,4e-05,0.99996,0.0,36.97798552309586,6.985756285826357
0.6,73241,su2,0,6.0,12,100000,0.99997,3e-05,0.99997,0.0,40.328654858863736,7.299010523039119
0.6,73241,su2,1,7.3107262009924305,1,100000,0.90318,0.09682,0.90318,0.0,3.3723111300198534,2.098156897621953
0.6,73241,su2,1,7.3107262009924305,2,100000,0.96863,0.03137,0.96863,0.0,6.731151563588828,2.961987700271912
0.6,73241,su2,1,7.3107262009924305,3,100000,0.98502,0.01498,0.98502,0.0,10.081234336586052,3.6444401268407653
0.6,73241,su2,1,7.3107262009924305,4,100000,0.99261,0.00739,0.99261,0.0,13.436209244703216,4.204659058510686
0.6,73241,su2,1,7.3107262009924305,5,100000,0.99638,0.00362,0.99638,0.0,16.77569129480906,4.717139858957086
0.6,73241,su2,1,7.3107262009924305,6,100000,0.99826,0.00174,0.99826,0.0,20.123228715875292,5.157330716721179
0.6,73241,su2,1,7.3107262009924305,7,100000,0.99926,0.00074,0.99926,0.0,23.47709788661227,5.576908434785806
0.6,73241,su2,1,7.3107262009924305,8,100000,0.99963,0.00037,0.99963,0.0,26.81877254296081,5.968261826154472
0.6,73241,su2,1,7.3107262009924305,9,100000,0.99987,0.00013,0.99987,0.0,30.16083331394315,6.333641976568593
0.6,73241,su2,1,7.3107262009924305,10,100000,0.99994,6e-05,0.99994,0.0,33.499224012964675,6.6697743572487145
0.6,73241,su2,1,7.3107262009924305,11,100000,0.99998,2e-05,0.99998,0.0,36.84232733523129,7.013322207238185
0.6,73241,su2,1,7.3107262009924305,12,100000,1.0,0.0,1.0,0.0,40.19967257668683,7.327204821127096
0.6,73241,su2,2,8.90778626431287,1,100000,0.90144,0.09856,0.90144,0.0,3.3582943489122705,2.136614436136408
0.6,73241,su2,2,8.90778626431287,2,100000,0.96634,0.03366,0.96634,0.0,6.6988971911375135,3.0227463335712264
0.6,73241,su2,2,8.90778626431287,3,100000,0.98377,0.01623,0.98377,0.0,10.041066099246365,3.6823903268150886
0.6,73241,su2,2,8.90778626431287,4,100000,0.99205,0.00795,0.99205,0.0,13.373248987749605,4.263146923931833
0.6,73241,su2,2,8.90778626431287,5,100000,0.99578,0.00422,0.99578,0.0,16.708621937171163,4.771121425623537
0.6,73241,su2,2,8.90778626431287,6,100000,0.99792,0.00208,0.99792,0.0,20.037768515030724,5.229557067048104
0.6,73241,su2,2,8.90778626431287,7,100000,0.99909,0.00091,0.99909,0.0,23.369979939475883,5.668190208215784
0.6,73241,su2,2,8.90778626431287,8,100000,0.99945,0.00055,0.99945,0.0,26.698933142579683,6.057924627456284
0.6,73241,su2,2,8.90778626431287,9,100000,0.99975,0.00025,0.99975,0.0,30.038720287520956,6.4234186706821665
0.6,73241,su2,2,8.90778626431287,10,100000,0.99987,0.00013,0.99987,0.0,33.35939089985724,6.7787325623341745
0.6,73241,su2,2,8.90778626431287,11,100000,0.99993,7e-05,0.99993,0.0,36.68718033182243,7.113218773147181
0.6,73241,su2,2,8.90778626431287,12,100000,0.99998,2e-05,0.99998,0.0,40.00915968744873,7.427713522706084
0.6,73241,su2,3,10.853731072558768,1,100000,0.89978,0.10022,0.89978,0.0,3.350031926829071,2.1282042860160226
0.6,73241,su2,3,10.853731072558768,2,100000,0.96687,0.03313,0.96687,0.0,6.6868008105247805,2.999612496571862
0.6,73241,su2,3,10.853731072558768,3,100000,0.98349,0.01651,0.98349,0.0,10.004993654419016,3.690201364883417
0.6,73241,su2,3,10.853731072558768,4,100000,0.99203,0.00797,0.99203,0.0,13.338615342660566,4.253266469085989
0.6,73241,su2,3,10.853731072558768,5,100000,0.99561,0.00439,0.99561,0.0,16.65746335454037,4.779691669836231
0.6,73241,su2,3,10.853731072558768,6,100000,0.99797,0.00203,0.99797,0.0,19.99504430195171,5.23423823560657
0.6,73241,su2,3,10.853731072558768,7,100000,0.99917,0.00083,0.99917,0.0,23.318254117641747,5.663119408117528
0.6,73241,su2,3,10.853731072558768,8,100000,0.99964,0.00036,0.99964,0.0,26.636018997739257,6.057574108332042
0.6,73241,su2,3,10.853731072558768,9,100000,0.99978,0.00022,0.99978,0.0,29.95264295745456,6.425420058029747
0.6,73241,su2,3,10.853731072558768,10,100000,0.99987,0.00013,0.99987,0.0,33.27894496373563,6.768917647739527
0.6,73241,su2,3,10.853731072558768,11,100000,0.99994,6e-05,0.99994,0.0,36.60212833233158,7.099043843548147
0.6,73241,su2,3,10.853731072558768,12,100000,0.99999,1e-05,0.99999,0.0,39.93008013882959,7.413142237362487
0.6,73241,su2,4,13.224776021780174,1,100000,0.90053,0.09947,0.90053,0.0,3.3459982575941676,2.118528640614933
0.6,73241,su2,4,13.224776021780174,2,100000,0.96623,0.03377,0.96623,0.0,6.674406239049707,3.0144215000551497
0.6,73241,su2,4,13.224776021780174,3,100000,0.98344,0.01656,0.98344,0.0,9.989117184320392,3.701558467628902
0.6,73241,su2,4,13.224776021780174,4,100000,0.99131,0.00869,0.99131,0.0,13.29895485746977,4.288948674141079
0.6,73241,su2,4,13.224776021780174,5,100000,0.9956,0.0044,0.9956,0.0,16.612671490443965,4.808378015911219
0.6,73241,su2,4,13.224776021780174,6,100000,0.99781,0.00219,0.99781,0.0,19.920855648216268,5.27171270632847
0.6,73241,su2,4,13.224776021780174,7,100000,0.999,0.001,0.999,0.0,23.243587453345196,5.692588138604392
0.6,73241,su2,4,13.224776021780174,8,100000,0.99954,0.00046,0.99954,0.0,26.54925787955348,6.096259521295856
0.6,73241,su2,4,13.224776021780174,9,100000,0.99979,0.00021,0.99979,0.0,29.87001092557976,6.450677545092022
0.6,73241,su2,4,13.224776021780174,10,100000,0.99989,0.00011,0.99989,0.0,33.194664975054714,6.802899477246294
0.6,73241,su2,4,13.224776021780174,11,100000,0.99994,6e-05,0.99994,0.0,36.506091448640284,7.132345189690206
0.6,73241,su2,4,13.224776021780174,12,100000,0.99999,1e-05,0.99999,0.0,39.815514473358206,7.450199255015927
0.6,73241,su2,5,16.113786094114122,1,100000,0.89891,0.10109,0.89891,0.0,3.334618512742591,2.141211163622339
0.6,73241,su2,5,16.113786094114122,2,100000,0.96492,0.03508,0.96492,0.0,6.651954591012206,3.0381466523905742
0.6,73241,su2,5,16.113786094114122,3,100000,0.98237,0.01763,0.98237,0.0,9.968070521844327,3.7276226786251887
0.6,73241,su2,5,16.113786094114122,4,100000,0.99102,0.00898,0.99102,0.0,13.2816659190464,4.310026611308305
0.6,73241,su2,5,16.113786094114122,5,100000,0.99506,0.00494,0.99506,0.0,16.59294499331854,4.820487938648485
0.6,73241,su2,5,16.113786094114122,6,100000,0.99748,0.00252,0.99748,0.0,19.894963328002678,5.290378881740771
0.6,73241,su2,5,16.113786094114122,7,100000,0.99886,0.00114,0.99886,0.0,23.205979707435464,5.709568861174568
0.6,73241,su2,5,16.113786094114122,8,100000,0.99935,0.00065,0.99935,0.0,26.49442931242276,6.105661179405663
0.6,73241,su2,5,16.113786094114122,9,100000,0.99965,0.00035,0.99965,0.0,29.80774209859015,6.469995948338027
0.6,73241,su2,5,16.113786094114122,10,100000,0.99986,0.00014,0.99986,0.0,33.12058804883062,6.8271975520716595
0.6,73241,su2,5,16.113786094114122,11,100000,0.99997,3e-05,0.99997,0.0,36.425595919869465,7.146655350887586
0.6,73241,su2,5,16.113786094114122,12,100000,0.99997,3e-05,0.99997,0.0,39.72726824202614,7.474557340432284
0.6,73241,su2,6,19.63391303257127,1,100000,0.89886,0.10114,0.89886,0.0,3.3313336156180857,2.1380836299242048
0.6,73241,su2,6,19.63391303257127,2,100000,0.96641,0.03359,0.96641,0.0,6.645388437648204,3.020925917238091
0.6,73241,su2,6,19.63391303257127,3,100000,0.98341,0.01659,0.98341,0.0,9.957777139533345,3.7096325653882483
0.6,73241,su2,6,19.63391303257127,4,100000,0.99156,0.00844,0.99156,0.0,13.274631071919478,4.283777434306621
0.6,73241,su2,6,19.63391303257127,5,100000,0.99576,0.00424,0.99576,0.0,16.58567408086316,4.789275995626308
0.6,73241,su2,6,19.63391303257127,6,100000,0.99806,0.00194,0.99806,0.0,19.895006159320733,5.243559599401749
0.6,73241,su2,6,19.63391303257127,7,100000,0.99905,0.00095,0.99905,0.0,23.197214666379804,5.671467937910638
0.6,73241,su2,6,19.63391303257127,8,100000,0.99954,0.00046,0.99954,0.0,26.492641457130002,6.073016057083794
0.6,73241,su2,6,19.63391303257127,9,100000,0.99974,0.00026,0.99974,0.0,29.793531291532734,6.4430484240731865
0.6,73241,su2,6,19.63391303257127,10,100000,0.99991,9e-05,0.99991,0.0,33.109715720100596,6.78981193956368
0.6,73241,su2,6,19.63391303257127,11,100000,0.99993,7e-05,0.99993,0.0,36.41239775059203,7.117446309441156
0.6,73241,su2,6,19.63391303257127,12,100000,0.99996,4e-05,0.99996,0.0,39.71651887503874,7.434047254104109
0.6,73241,su2,7,23.9230270725376,1,100000,0.8993,0.1007,0.8993,0.0,3.3288658997277003,2.143342796916846
0.6,73241,su2,7,23.9230270725376,2,100000,0.96543,0.03457,0.96543,0.0,6.6389761656006065,3.0312868626530496
0.6,73241,su2,7,23.9230270725376,3,100000,0.98271,0.01729,0.98271,0.0,9.940668624173886,3.7233195431263115
0.6,73241,su2,7,23.9230270725376,4,100000,0.99124,0.00876,0.99124,0.0,13.232663860485513,4.300537838747
0.6,73241,su2,7,23.9230270725376,5,100000,0.99558,0.00442,0.99558,0.0,16.537931176995066,4.799196544674478
0.6,73241,su2,7,23.9230270725376,6,100000,0.99773,0.00227,0.99773,0.0,19.83228177296396,5.264784363546044
0.6,73241,su2,7,23.9230270725376,7,100000,0.99909,0.00091,0.99909,0.0,23.134123547118154,5.683314466440114
0.6,73241,su2,7,23.9230270725376,8,100000,0.9996,0.0004,0.9996,0.0,26.440735522670536,6.080060390667191
0.6,73241,su2,7,23.9230270725376,9,100000,0.99978,0.00022,0.99978,0.0,29.743826029487092,6.447557405320285
0.6,73241,su2,7,23.9230270725376,10,100000,0.99984,0.00016,0.99984,0.0,33.04816304154127,6.791942759704096
0.6,73241,su2,7,23.9230270725376,11,100000,0.99991,9e-05,0.99991,0.0,36.349203913982855,7.120918325610109
0.6,73241,su2,7,23.9230270725376,12,100000,0.99994,6e-05,0.99994,0.0,39.644159330877784,7.437840308466332
0.6,73241,su2,8,29.149116804375307,1,100000,0.89612,0.10388,0.89612,0.0,3.3103889212058832,2.1638294097854236
0.6,73241,su2,8,29.149116804375307,2,100000,0.96351,0.03649,0.96351,0.0,6.622113398114848,3.0512518524797545
0.6,73241,su2,8,29.149116804375307,3,100000,0.98223,0.01777,0.98223,0.0,9.926470340741751,3.7439284405243427
0.6,73241,su2,8,29.149116804375307,4,100000,0.9909,0.0091,0.9909,0.0,13.223268784163716,4.324348013299594
0.6,73241,su2,8,29.149116804375307,5,100000,0.99577,0.00423,0.99577,0.0,16.52679473726658,4.826484504710311
0.6,73241,su2,8,29.149116804375307,6,100000,0.99792,0.00208,0.99792,0.0,19.813977448956674,5.292851110083506
0.6,73241,su2,8,29.149116804375307,7,100000,0.99893,0.00107,0.99893,0.0,23.087858535830332,5.7295829634938045
0.6,73241,su2,8,29.149116804375307,8,100000,0.9993,0.0007,0.9993,0.0,26.385764829822964,6.126406606405196
0.6,73241,su2,8,29.149116804375307,9,100000,0.99967,0.00033,0.99967,0.0,29.68732959227002,6.500681112314435
0.6,73241,su2,8,29.149116804375307,10,100000,0.99983,0.00017,0.99983,0.0,32.987263669305314,6.851974267595457
0.6,73241,su2,8,29.149116804375307,11,100000,0.99993,7e-05,0.99993,0.0,36.279981951920185,7.176186727583264
0.6,73241,su2,8,29.149116804375307,12,100000,0.99997,3e-05,0.99997,0.0,39.573796192017596,7.501485427621831
0.6,73241,su2,9,35.51686865958921,1,100000,0.89671,0.10329,0.89671,0.0,3.3169812835711903,2.1484091088300183
0.6,73241,su2,9,35.51686865958921,2,100000,0.9639,0.0361,0.9639,0.0,6.620769871495781,3.047952916569751
0.6,73241,su2,9,35.51686865958921,3,100000,0.98253,0.01747,0.98253,0.0,9.922718149440612,3.7289259491545725
0.6,73241,su2,9,35.51686865958921,4,100000,0.99107,0.00893,0.99107,0.0,13.213114257886803,4.320529947399262
0.6,73241,su2,9,35.51686865958921,5,100000,0.99536,0.00464,0.99536,0.0,16.492408067525254,4.83525594234622
0.6,73241,su2,9,35.51686865958921,6,100000,0.99784,0.00216,0.99784,0.0,19.78980099416411,5.279233442447714
0.6,73241,su2,9,35.51686865958921,7,100000,0.99899,0.00101,0.99899,0.0,23.07770131468336,5.70748190456291
0.6,73241,su2,9,35.51686865958921,8,100000,0.99955,0.00045,0.99955,0.0,26.369179107456603,6.08355270215476
0.6,73241,su2,9,35.51686865958921,9,100000,0.9998,0.0002,0.9998,0.0,29.66022172642149,6.450737226411291
0.6,73241,su2,9,35.51686865958921,10,100000,0.99992,8e-05,0.99992,0.0,32.956100123179404,6.793071161354723
0.6,73241,su2,9,35.51686865958921,11,100000,0.99997,3e-05,0.99997,0.0,36.250408811024236,7.128048925626351
0.6,73241,su2,9,35.51686865958921,12,100000,0.99998,2e-05,0.99998,0.0,39.54052235011992,7.450759478246094
0.6,73241,su2,10,43.27568371447764,1,100000,0.89793,0.10207,0.89793,0.0,3.3259960383224287,2.146219913698078
0.6,73241,su2,10,43.27568371447764,2,100000,0.96467,0.03533,0.96467,0.0,6.63206087002706,3.0368100469538533
0.6,73241,su2,10,43.27568371447764,3,100000,0.98267,0.01733,0.98267,0.0,9.945270935764835,3.7259406612742683
0.6,73241,su2,10,43.27568371447764,4,100000,0.99097,0.00903,0.99097,0.0,13.239448857504154,4.312841871749842
0.6,73241,su2,10,43.27568371447764,5,100000,0.99566,0.00434,0.99566,0.0,16.533116378535045,4.8252041170580995
0.6,73241,su2,10,43.27568371447764,6,100000,0.99787,0.00213,0.99787,0.0,19.815435555717297,5.29355148142206
0.6,73241,su2,10,43.27568371447764,7,100000,0.99881,0.00119,0.99881,0.0,23.117008813535143,5.722967428568337
0.6,73241,su2,10,43.27568371447764,8,100000,0.99936,0.00064,0.99936,0.0,26.416393882638193,6.1113771800607894
0.6,73241,su2,10,43.27568371447764,9,100000,0.99967,0.00033,0.99967,0.0,29.715795679294217,6.478666704872702
0.6,73241,su2,10,43.27568371447764,10,100000,0.9998,0.0002,0.9998,0.0,33.016531989280566,6.8298919102060305
0.6,73241,su2,10,43.27568371447764,11,100000,0.99987,0.00013,0.99987,0.0,36.31340503762454,7.161121858585612
0.6,73241,su2,10,43.27568371447764,12,100000,0.99993,7e-05,0.99993,0.0,39.60349360430684,7.4832617154674805
0.6,73241,su2,11,52.72944579954886,1,100000,0.89525,0.10475,0.89525,0.0,3.309118089959471,2.1694445893999177
0.6,73241,su2,11,52.72944579954886,2,100000,0.96384,0.03616,0.96384,0.0,6.618368108941935,3.052750925370749
0.6,73241,su2,11,52.72944579954886,3,100000,0.98185,0.01815,0.98185,0.0,9.92041564741781,3.7427496012932253
0.6,73241,su2,11,52.72944579954886,4,100000,0.99074,0.00926,0.99074,0.0,13.212442608053248,4.3293545718430035
0.6,73241,su2,11,52.72944579954886,5,100000,0.99543,0.00457,0.99543,0.0,16.495740414087475,4.840053784688561
0.6,73241,su2,11,52.72944579954886,6,100000,0.9978,0.0022,0.9978,0.0,19.767472182556375,5.3042922625220426
0.6,73241,su2,11,52.72944579954886,7,100000,0.99878,0.00122,0.99878,0.0,23.058105974514476,5.732778627682106
0.6,73241,su2,11,52.72944579954886,8,100000,0.99947,0.00053,0.99947,0.0,26.349677641287492,6.130110958181122
0.6,73241,su2,11,52.72944579954886,9,100000,0.99974,0.00026,0.99974,0.0,29.64811943839444,6.486710754644162
0.6,73241,su2,11,52.72944579954886,10,100000,0.99988,0.00012,0.99988,0.0,32.93439779747064,6.832346955661168
0.6,73241,su2,11,52.72944579954886,11,100000,0.9999,0.0001,0.9999,0.0,36.21845408851868,7.176151532154435
0.6,73241,su2,11,52.72944579954886,12,100000,0.99994,6e-05,0.99994,0.0,39.507020849517595,7.502394946910751
0.6,73241,su2,12,64.24842349509534,1,100000,0.89733,0.10267,0.89733,0.0,3.3149561600428266,2.1469171899885637
0.6,73241,su2,12,64.24842349509534,2,100000,0.96374,0.03626,0.96374,0.0,6.61438443401988,3.0457612982914357
0.6,73241,su2,12,64.24842349509534,3,100000,0.98342,0.01658,0.98342,0.0,9.918095813702525,3.7215517527452815
0.6,73241,su2,12,64.24842349509534,4,100000,0.99171,0.00829,0.99171,0.0,13.215881234064247,4.2935963896687435
0.6,73241,su2,12,64.24842349509534,5,100000,0.99565,0.00435,0.99565,0.0,16.512007626340125,4.802655363457841
0.6,73241,su2,12,64.24842349509534,6,100000,0.99796,0.00204,0.99796,0.0,19.807681944668055,5.252522415394938
0.6,73241,su2,12,64.24842349509534,7,100000,0.99888,0.00112,0.99888,0.0,23.1035838366752,5.671808273926247
0.6,73241,su2,12,64.24842349509534,8,100000,0.99952,0.00048,0.99952,0.0,26.402459236932234,6.058710526913043
0.6,73241,su2,12,64.24842349509534,9,100000,0.99973,0.00027,0.99973,0.0,29.68663638409417,6.437942471888737
0.6,73241,su2,12,64.24842349509534,10,100000,0.99988,0.00012,0.99988,0.0,32.96275175858099,6.794336088982745
0.6,73241,su2,12,64.24842349509534,11,100000,0.99997,3e-05,0.99997,0.0,36.24368589233921,7.126187506873536
0.6,73241,su2,12,64.24842349509534,12,100000,0.99999,1e-05,0.99999,0.0,39.5307545491035,7.44188008604929
0.6,73241,su2,13,78.28377216967522,1,100000,0.89658,0.10342,0.89658,0.0,3.3118546328234153,2.160029097463035
0.6,73241,su2,13,78.28377216967522,2,100000,0.96429,0.03571,0.96429,0.0,6.615366869870913,3.0591247919402864
0.6,73241,su2,13,78.28377216967522,3,100000,0.98172,0.01828,0.98172,0.0,9.905933680749763,3.758375769829924
0.6,73241,su2,13,78.28377216967522,4,100000,0.99056,0.00944,0.99056,0.0,13.203813856318186,4.3421561604893215
0.6,73241,su2,13,78.28377216967522,5,100000,0.99517,0.00483,0.99517,0.0,16.490938063648283,4.850058137373205
0.6,73241,su2,13,78.28377216967522,6,100000,0.99764,0.00236,0.99764,0.0,19.79237545448679,5.298382432876608
0.6,73241,su2,13,78.28377216967522,7,100000,0.99893,0.00107,0.99893,0.0,23.082513885250748,5.7264029375331305
0.6,73241,su2,13,78.28377216967522,8,100000,0.99936,0.00064,0.99936,0.0,26.36769780264035,6.13463190338652
0.6,73241,su2,13,78.28377216967522,9,100000,0.99965,0.00035,0.99965,0.0,29.655469005680363,6.504313714124241
0.6,73241,su2,13,78.28377216967522,10,100000,0.99976,0.00024,0.99976,0.0,32.92531329318375,6.858384827559445
0.6,73241,su2,13,78.28377216967522,11,100000,0.99987,0.00013,0.99987,0.0,36.20973778886375,7.19463774559395
0.6,73241,su2,13,78.28377216967522,12,100000,0.99989,0.00011,0.99989,0.0,39.49951016073789,7.517370438170875
0.6,73241,su2,14,95.38520405222776,1,100000,0.89464,0.10536,0.89464,0.0,3.29895252462354,2.174687993870937
0.6,73241,su2,14,95.38520405222776,2,100000,0.96315,0.03685,0.96315,0.0,6.590408981394594,3.066155142627872
0.6,73241,su2,14,95.38520405222776,3,100000,0.98151,0.01849,0.98151,0.0,9.877467607400622,3.7566152677724327
0.6,73241,su2,14,95.38520405222776,4,100000,0.99063,0.00937,0.99063,0.0,13.15129396493751,4.342036205196957
0.6,73241,su2,14,95.38520405222776,5,100000,0.9951,0.0049,0.9951,0.0,16.4345995982266,4.855515068706393
0.6,73241,su2,14,95.38520405222776,6,100000,0.9973,0.0027,0.9973,0.0,19.71669548741205,5.324628402595343
0.6,73241,su2,14,95.38520405222776,7,100000,0.99876,0.00124,0.99876,0.0,23.007495977336987,5.738497865405799
0.6,73241,su2,14,95.38520405222776,8,100000,0.99936,0.00064,0.99936,0.0,26.27934850740799,6.130722926736531
0.6,73241,su2,14,95.38520405222776,9,100000,0.99977,0.00023,0.99977,0.0,29.56166315052386,6.496999497469755
0.6,73241,su2,14,95.38520405222776,10,100000,0.99987,0.00013,0.99987,0.0,32.846485828936956,6.8491655885028235
0.6,73241,su2,14,95.38520405222776,11,100000,0.99991,9e-05,0.99991,0.0,36.14023648934014,7.177438041315909
0.6,73241,su2,14,95.38520405222776,12,100000,0.99995,5e-05,0.99995,0.0,39.42669072895717,7.486196776589221
0.6,73241,su2,15,116.22251840860507,1,100000,0.89882,0.10118,0.89882,0.0,3.3211490461891335,2.1372327230957784
0.6,73241,su2,15,116.22251840860507,2,100000,0.96558,0.03442,0.96558,0.0,6.62757484484142,3.0276424542154
0.6,73241,su2,15,116.22251840860507,3,100000,0.98291,0.01709,0.98291,0.0,9.91925429734757,3.713419896795658
0.6,73241,su2,15,116.22251840860507,4,100000,0.99172,0.00828,0.99172,0.0,13.198411239197375,4.292432095645808
0.6,73241,su2,15,116.22251840860507,5,100000,0.99536,0.00464,0.99536,0.0,16.494955881840873,4.810369512491668
0.6,73241,su2,15,116.22251840860507,6,100000,0.99786,0.00214,0.99786,0.0,19.792227463160565,5.266914298725989
0.6,73241,su2,15,116.22251840860507,7,100000,0.99895,0.00105,0.99895,0.0,23.071042042771094,5.69665660287243
0.6,73241,su2,15,116.22251840860507,8,100000,0.99959,0.00041,0.99959,0.0,26.367986076565018,6.0840357687969115
0.6,73241,su2,15,116.22251840860507,9,100000,0.99977,0.00023,0.99977,0.0,29.65456853641917,6.45595484902769
0.6,73241,su2,15,116.22251840860507,10,100000,0.9999,0.0001,0.9999,0.0,32.9422561199619,6.810441970730229
0.6,73241,su2,15,116.22251840860507,11,100000,0.99993,7e-05,0.99993,0.0,36.22951259755301,7.150299786353327
0.6,73241,su2,15,116.22251840860507,12,100000,0.99998,2e-05,0.99998,0.0,39.51978226106563,7.475710125183008
0.6,73241,su2,16,141.61183507918588,1,100000,0.89572,0.10428,0.89572,0.0,3.3062472589302017,2.1619693000616524
0.6,73241,su2,16,141.61183507918588,2,100000,0.96342,0.03658,0.96342,0.0,6.597920754599714,3.0600886258043447
0.6,73241,su2,16,141.61183507918588,3,100000,0.98191,0.01809,0.98191,0.0,9.881514214781983,3.753789535202163
0.6,73241,su2,16,141.61183507918588,4,100000,0.991,0.009,0.991,0.0,13.171191650555341,4.327368623279948
0.6,73241,su2,16,141.61183507918588,5,100000,0.99548,0.00452,0.99548,0.0,16.449635399144167,4.8394833545492055
0.6,73241,su2,16,141.61183507918588,6,100000,0.99756,0.00244,0.99756,0.0,19.73273911826114,5.308039103903344
0.6,73241,su2,16,141.61183507918588,7,100000,0.99878,0.00122,0.99878,0.0,23.00344127454571,5.738033377529429
0.6,73241,su2,16,141.61183507918588,8,100000,0.9994,0.0006,0.9994,0.0,26.286951296031308,6.1411055928535605
0.6,73241,su2,16,141.61183507918588,9,100000,0.99968,0.00032,0.99968,0.0,29.586185930682365,6.50900010774603
0.6,73241,su2,16,141.61183507918588,10,100000,0.9998,0.0002,0.9998,0.0,32.86600981024177,6.853665708876215
0.6,73241,su2,16,141.61183507918588,11,100000,0.99992,8e-05,0.99992,0.0,36.15138428317997,7.191600205545249
0.6,73241,su2,16,141.61183507918588,12,100000,0.99998,2e-05,0.99998,0.0,39.44156905322106,7.514069030585503
0.6,73241,su2,17,172.5475588473371,1,100000,0.89684,0.10316,0.89684,0.0,3.3124710352944144,2.172516576181374
0.6,73241,su2,17,172.5475588473371,2,100000,0.96369,0.03631,0.96369,0.0,6.607318964820348,3.0749401917861223
0.6,73241,su2,17,172.5475588473371,3,100000,0.98126,0.01874,0.98126,0.0,9.902365995426546,3.7726163159028516
0.6,73241,su2,17,172.5475588473371,4,100000,0.99036,0.00964,0.99036,0.0,13.20091687050006,4.356507360127968
0.6,73241,su2,17,172.5475588473371,5,100000,0.9953,0.0047,0.9953,0.0,16.499846514899083,4.854855664742737
0.6,73241,su2,17,172.5475588473371,6,100000,0.99761,0.00239,0.99761,0.0,19.79473663778169,5.3261324115064665
0.6,73241,su2,17,172.5475588473371,7,100000,0.99885,0.00115,0.99885,0.0,23.074987946816325,5.742196030229754
0.6,73241,su2,17,172.5475588473371,8,100000,0.99941,0.00059,0.99941,0.0,26.35689371612798,6.147193463771438
0.6,73241,su2,17,172.5475588473371,9,100000,0.99968,0.00032,0.99968,0.0,29.638545845800767,6.523368878471572
0.6,73241,su2,17,172.5475588473371,10,100000,0.9998,0.0002,0.9998,0.0,32.91773491334082,6.868972911176163
0.6,73241,su2,17,172.5475588473371,11,100000,0.99993,7e-05,0.99993,0.0,36.1953400876379,7.195531372106857
0.6,73241,su2,17,172.5475588473371,12,100000,0.99997,3e-05,0.99997,0.0,39.4818993662513,7.507540810278009
0.6,73241,su2,18,210.2413265637518,1,100000,0.89673,0.10327,0.89673,0.0,3.316766678216438,2.154874373299872
0.6,73241,su2,18,210.2413265637518,2,100000,0.96399,0.03601,0.96399,0.0,6.5972981236246655,3.065960379862497
0.6,73241,su2,18,210.2413265637518,3,100000,0.98196,0.01804,0.98196,0.0,9.885332631342807,3.7543616889713234
0.6,73241,su2,18,210.2413265637518,4,100000,0.99101,0.00899,0.99101,0.0,13.171570158282185,4.333215592753651
0.6,73241,su2,18,210.2413265637518,5,100000,0.99559,0.00441,0.99559,0.0,16.457678849691998,4.849824764157946
0.6,73241,su2,18,210.2413265637518,6,100000,0.99789,0.00211,0.99789,0.0,19.743939470715052,5.309699872938271
0.6,73241,su2,18,210.2413265637518,7,100000,0.99903,0.00097,0.99903,0.0,23.02811821837833,5.73518615416312
0.6,73241,su2,18,210.2413265637518,8,100000,0.99937,0.00063,0.99937,0.0,26.30177951386001,6.1412298097099045
0.6,73241,su2,18,210.2413265637518,9,100000,0.99962,0.00038,0.99962,0.0,29.58494630156738,6.5116985271631975
0.6,73241,su2,18,210.2413265637518,10,100000,0.9998,0.0002,0.9998,0.0,32.85887326623768,6.8738570031310955
0.6,73241,su2,18,210.2413265637518,11,100000,0.99986,0.00014,0.99986,0.0,36.148463862397044,7.211646704701388
0.6,73241,su2,18,210.2413265637518,12,100000,0.99992,8e-05,0.99992,0.0,39.4478194101325,7.523146979552347
0.6,73241,su2,19,256.1694624401711,1,100000,0.89645,0.10355,0.89645,0.0,3.3059914203472367,2.1435399368039754
0.6,73241,su2,19,256.1694624401711,2,100000,0.9656,0.0344,0.9656,0.0,6.607186440889232,3.039504944468359
0.6,73241,su2,19,256.1694624401711,3,100000,0.98281,0.01719,0.98281,0.0,9.89498460343226,3.7209489947452936
0.6,73241,su2,19,256.1694624401711,4,100000,0.99113,0.00887,0.99113,0.0,13.185208206221217,4.303739273230095
0.6,73241,su2,19,256.1694624401711,5,100000,0.99551,0.00449,0.99551,0.0,16.481583026334402,4.8124577200076075
0.6,73241,su2,19,256.1694624401711,6,100000,0.99789,0.00211,0.99789,0.0,19.76774923790906,5.279768224048858
0.6,73241,su2,19,256.1694624401711,7,100000,0.99884,0.00116,0.99884,0.0,23.05444178741026,5.710837652991837
0.6,73241,su2,19,256.1694624401711,8,100000,0.99944,0.00056,0.99944,0.0,26.341851807323966,6.101151695581951
0.6,73241,su2,19,256.1694624401711,9,100000,0.99968,0.00032,0.99968,0.0,29.617545369472168,6.477874110257067
0.6,73241,su2,19,256.1694624401711,10,100000,0.99977,0.00023,0.99977,0.0,32.897945312397766,6.826603107845641
0.6,73241,su2,19,256.1694624401711,11,100000,0.99992,8e-05,0.99992,0.0,36.180578440205885,7.159872119785295
0.6,73241,su2,19,256.1694624401711,12,100000,0.99998,2e-05,0.99998,0.0,39.4786609074098,7.477313374832722
0.6,83244,photon,0,6.0,1,100000,0.83167,0.83167,0.16833,0.0,-6.406316971063714,5.540234305614484
0.6,83244,photon,0,6.0,2,100000,0.92698,0.92698,0.07302,0.0,-12.709841034913671,7.84332215595252
0.6,83244,photon,0,6.0,3,100000,0.96969,0.96969,0.03031,0.0,-19.03695505777827,9.584844644709106
0.6,83244,photon,0,6.0,4,100000,0.98543,0.98543,0.01457,0.0,-25.367082050497668,11.069139631163374
0.6,83244,photon,0,6.0,5,100000,0.99261,0.99261,0.00739,0.0,-31.67462227124225,12.38056913511648
0.6,83244,photon,0,6.0,6,100000,0.99599,0.99599,0.00401,0.0,-37.998303961199596,13.561213528807388
0.6,83244,photon,0,6.0,7,100000,0.99793,0.99793,0.00207,0.0,-44.31138783656519,14.633276006188112
0.6,83244,photon,0,6.0,8,100000,0.99892,0.99892,0.00108,0.0,-50.620295837423484,15.62980138115563
0.6,83244,photon,0,6.0,9,100000,0.99951,0.99951,0.00049,0.0,-56.93721539523719,16.574277537692108
0.6,83244,photon,0,6.0,10,100000,0.99981,0.99981,0.00019,0.0,-63.233384768628206,17.452937041373982
0.6,83244,photon,0,6.0,11,100000,0.9999,0.9999,0.0001,0.0,-69.52648008090775,18.353162021722458
0.6,83244,photon,0,6.0,12,100000,0.99995,0.99995,5e-05,0.0,-75.81835605323268,19.19082833115323
0.6,83244,photon,1,6.7380509865628095,1,100000,0.83561,0.83561,0.16439,0.0,-6.532383328826585,5.512680334974968
0.6,83244,photon,1,6.7380509865628095,2,100000,0.93032,0.93032,0.06968,0.0,-12.941199723067484,7.829435690742188
0.6,83244,photon,1,6.7380509865628095,3,100000,0.97147,0.97147,0.02853,0.0,-19.37626108618731,9.57109073458168
0.6,83244,photon,1,6.7380509865628095,4,100000,0.98644,0.98644,0.01356,0.0,-25.816078532292888,11.05354229452215
0.6,83244,photon,1,6.7380509865628095,5,100000,0.99324,0.99324,0.00676,0.0,-32.23729511534415,12.36830681146018
0.6,83244,photon,1,6.7380509865628095,6,100000,0.99653,0.99653,0.00347,0.0,-38.64121830326071,13.527472741391023
0.6,83244,photon,1,6.7380509865628095,7,100000,0.99828,0.99828,0.00172,0.0,-45.05630336382229,14.60446038668164
0.6,83244,photon,1,6.7380509865628095,8,100000,0.99919,0.99919,0.00081,0.0,-51.47585611983244,15.615484677200369
0.6,83244,photon,1,6.7380509865628095,9,100000,0.99943,0.99943,0.00057,0.0,-57.9175189138137,16.570029491172875
0.6,83244,photon,1,6.7380509865628095,10,100000,0.99974,0.99974,0.00026,0.0,-64.37738709581636,17.4659108241565
0.6,83244,photon,1,6.7380509865628095,11,100000,0.99989,0.99989,0.00011,0.0,-70.7803685936799,18.33433714085266
0.6,83244,photon,1,6.7380509865628095,12,100000,0.99994,0.99994,6e-05,0.0,-77.18221150060022,19.1248303506097
0.6,83244,photon,2,7.566888516253341,1,100000,0.83773,0.83773,0.16227,0.0,-6.599560714373332,5.4913156714454034
0.6,83244,photon,2,7.566888516253341,2,100000,0.93302,0.93302,0.06698,0.0,-13.104415719887374,7.785084676489286
0.6,83244,photon,2,7.566888516253341,3,100000,0.97299,0.97299,0.02701,0.0,-19.62589101906486,9.50694733992773
0.6,83244,photon,2,7.566888516253341,4,100000,0.98715,0.98715,0.01285,0.0,-26.129954554950558,10.984011255200054
0.6,83244,photon,2,7.566888516253341,5,100000,0.99401,0.99401,0.00599,0.0,-32.654802905001965,12.252918591353396
0.6,83244,photon,2,7.566888516253341,6,100000,0.99673,0.99673,0.00327,0.0,-39.182673763236956,13.440360004490628
0.6,83244,photon,2,7.566888516253341,7,100000,0.9985,0.9985,0.0015,0.0,-45.71012302700128,14.518447251865165
0.6,83244,photon,2,7.566888516253341,8,100000,0.99919,0.99919,0.00081,0.0,-52.22793138987479,15.523789358018854
0.6,83244,photon,2,7.566888516253341,9,100000,0.99959,0.99959,0.00041,0.0,-58.74075735540291,16.434402008689048
0.6,83244,photon,2,7.566888516253341,10,100000,0.9998,0.9998,0.0002,0.0,-65.22271311972196,17.361363107069426
0.6,83244,photon,2,7.566888516253341,11,100000,0.99988,0.99988,0.00012,0.0,-71.72190423753776,18.20301321502639
0.6,83244,photon,2,7.566888516253341,12,100000,0.99996,0.99996,4e-05,0.0,-78.2018135823485,19.030247360695384
0.6,83244,photon,3,8.497680105358603,1,100000,0.84413,0.84413,0.15587,0.0,-6.715341574311776,5.440656260555091
0.6,83244,photon,3,8.497680105358603,2,100000,0.9367,0.9367,0.0633,0.0,-13.311221152332937,7.738496741457277
0.6,83244,photon,3,8.497680105358603,3,100000,0.97498,0.97498,0.02502,0.0,-19.947694319789875,9.46900149472926
0.6,83244,photon,3,8.497680105358603,4,100000,0.98839,0.98839,0.01161,0.0,-26.539461255290988,10.928665978994038
0.6,83244,photon,3,8.497680105358603,5,100000,0.99436,0.99436,0.00564,0.0,-33.11879894348365,12.21220043533994
0.6,83244,photon,3,8.497680105358603,6,100000,0.99749,0.99749,0.00251,0.0,-39.70238014341222,13.39375812711979
0.6,83244,photon,3,8.497680105358603,7,100000,0.99869,0.99869,0.00131,0.0,-46.279827186192406,14.466070693334938
0.6,83244,photon,3,8.497680105358603,8,100000,0.99938,0.99938,0.00062,0.0,-52.839640442437485,15.455704640510888
0.6,83244,photon,3,8.497680105358603,9,100000,0.99968,0.99968,0.00032,0.0,-59.43451535751087,16.398768662175062
0.6,83244,photon,3,8.497680105358603,10,100000,0.99985,0.99985,0.00015,0.0,-66.0204882886345,17.2892428197601
0.6,83244,photon,3,8.497680105358603,11,100000,0.99991,0.99991,9e-05,0.0,-72.59915932915193,18.12248339756395
0.6,83244,photon,3,8.497680105358603,12,100000,0.99995,0.99995,5e-05,0.0,-79.17282469677976,18.957954385428046
0.6,83244,photon,4,9.542966969567782,1,100000,0.84564,0.84564,0.15436,0.0,-6.7583685236932345,5.4364786617778655
0.6,83244,photon,4,9.542966969567782,2,100000,0.93851,0.93851,0.06149,0.0,-13.454596227605041,7.695942917372211
0.6,83244,photon,4,9.542966969567782,3,100000,0.97606,0.97606,0.02394,0.0,-20.073226965231232,9.438055332794853
0.6,83244,photon,4,9.542966969567782,4,100000,0.98946,0.98946,0.01054,0.0,-26.734711232897016,10.890211513060608
0.6,83244,photon,4,9.542966969567782,5,100000,0.99481,0.99481,0.00519,0.0,-33.372978063669436,12.17112714387422
0.6,83244,photon,4,9.542966969567782,6,100000,0.99755,0.99755,0.00245,0.0,-40.043922398353786,13.345169666245416
0.6,83244,photon,4,9.542966969567782,7,100000,0.99884,0.99884,0.00116,0.0,-46.67931058438789,14.417327052064707
0.6,83244,photon,4,9.542966969567782,8,100000,0.99937,0.99937,0.00063,0.0,-53.322432970161124,15.411109306389337
0.6,83244,photon,4,9.542966969567782,9,100000,0.9997,0.9997,0.0003,0.0,-59.98041611947737,16.35480359516545
0.6,83244,photon,4,9.542966969567782,10,100000,0.99991,0.99991,9e-05,0.0,-66.61032328699238,17.239541147050286
0.6,83244,photon,4,9.542966969567782,11,100000,0.99996,0.99996,4e-05,0.0,-73.29730967522289,18.077424737894624
0.6,83244,photon,4,9.542966969567782,12,100000,0.99998,0.99998,2e-05,0.0,-79.95758812530359,18.869182480703007
0.6,83244,photon,5,10.716833000672082,1,100000,0.8479,0.8479,0.1521,0.0,-6.830934875899978,5.410737150251003
0.6,83244,photon,5,10.716833000672082,2,100000,0.93959,0.93959,0.06041,0.0,-13.563192355909559,7.695137123112393
0.6,83244,photon,5,10.716833000672082,3,100000,0.97724,0.97724,0.02276,0.0,-20.2970832867344,9.408382279707226
0.6,83244,photon,5,10.716833000672082,4,100000,0.98995,0.98995,0.01005,0.0,-27.04376967215251,10.866960823266155
0.6,83244,photon,5,10.716833000672082,5,100000,0.99507,0.99507,0.00493,0.0,-33.73780590611569,12.14966105634672
0.6,83244,photon,5,10.716833000672082,6,100000,0.99776,0.99776,0.00224,0.0,-40.431410787613814,13.30600086338468
0.6,83244,photon,5,10.716833000672082,7,100000,0.99916,0.99916,0.00084,0.0,-47.1580740045287,14.39011059007997
0.6,83244,photon,5,10.716833000672082,8,100000,0.99963,0.99963,0.00037,0.0,-53.879915126226514,15.399890459560885
0.6,83244,photon,5,10.716833000672082,9,100000,0.99976,0.99976,0.00024,0.0,-60.59296770893202,16.347383473789982
0.6,83244,photon,5,10.716833000672082,10,100000,0.99992,0.99992,8e-05,0.0,-67.32458034405262,17.210560060155725
0.6,83244,photon,5,10.716833000672082,11,100000,0.99995,0.99995,5e-05,0.0,-74.02237178322899,18.076923203280952
0.6,83244,photon,5,10.716833000672082,12,100000,0.99998,0.99998,2e-05,0.0,-80.72468878772477,18.88507917852657
0.6,83244,photon,6,12.035094528834572,1,100000,0.85153,0.85153,0.14847,0.0,-6.9127623018089634,5.387288669088254
0.6,83244,photon,6,12.035094528834572,2,100000,0.94215,0.94215,0.05785,0.0,-13.67741366835386,7.657593717333532
0.6,83244,photon,6,12.035094528834572,3,100000,0.97872,0.97872,0.02128,0.0,-20.46245471173387,9.367967482910295
0.6,83244,photon,6,12.035094528834572,4,100000,0.99041,0.99041,0.00959,0.0,-27.269338890692932,10.809852568877536
0.6,83244,photon,6,12.035094528834572,5,100000,0.99579,0.99579,0.00421,0.0,-34.021257905320425,12.086819721237378
0.6,83244,photon,6,12.035094528834572,6,100000,0.99805,0.99805,0.00195,0.0,-40.79133014001962,13.232147129862595
0.6,83244,photon,6,12.035094528834572,7,100000,0.99918,0.99918,0.00082,0.0,-47.56376002766965,14.269283437179974
0.6,83244,photon,6,12.035094528834572,8,100000,0.99964,0.99964,0.00036,0.0,-54.358169555631235,15.28853567904577
0.6,83244,photon,6,12.035094528834572,9,100000,0.9998,0.9998,0.0002,0.0,-61.12183849240063,16.289555923969566
0.6,83244,photon,6,12.035094528834572,10,100000,0.99991,0.99991,9e-05,0.0,-67.88450145474117,17.129539200828784
0.6,83244,photon,6,12.035094528834572,11,100000,0.99995,0.99995,5e-05,0.0,-74.65950439946891,17.981902919376815
0.6,83244,photon,6,12.035094528834572,12,100000,0.99997,0.99997,3e-05,0.0,-81.42234101910995,18.746097599853133
0.6,83244,photon,7,13.515513427231737,1,100000,0.85339,0.85339,0.14661,0.0,-6.931251506059504,5.368732951677436
0.6,83244,photon,7,13.515513427231737,2,100000,0.9436,0.9436,0.0564,0.0,-13.780335070473042,7.631347438148171
0.6,83244,photon,7,13.515513427231737,3,100000,0.97946,0.97946,0.02054,0.0,-20.653665024571453,9.327366109078262
0.6,83244,photon,7,13.515513427231737,4,100000,0.99099,0.99099,0.00901,0.0,-27.512432400434374,10.765436005015582
0.6,83244,photon,7,13.515513427231737,5,100000,0.99588,0.99588,0.00412,0.0,-34.33833551471883,12.049813447873019
0.6,83244,photon,7,13.515513427231737,6,100000,0.99822,0.99822,0.00178,0.0,-41.17374237908859,13.216146194823034
0.6,83244,photon,7,13.515513427231737,7,100000,0.99929,0.99929,0.00071,0.0,-47.984572664538845,14.294111156082158
0.6,83244,photon,7,13.515513427231737,8,100000,0.99966,0.99966,0.00034,0.0,-54.8047342109857,15.276482918757521
0.6,83244,photon,7,13.515513427231737,9,100000,0.99984,0.99984,0.00016,0.0,-61.62139496544892,16.176268649971885
0.6,83244,photon,7,13.515513427231737,10,100000,0.99991,0.99991,9e-05,0.0,-68.45565975207876,17.073843181740628
0.6,83244,photon,7,13.515513427231737,11,100000,0.99995,0.99995,5e-05,0.0,-75.27793280387436,17.908871082012876
0.6,83244,photon,7,13.515513427231737,12,100000,0.99997,0.99997,3e-05,0.0,-82.09341462051017,18.71834880200451
0.6,83244,photon,8,15.178036430376956,1,100000,0.8586,0.8586,0.1414,0.0,-7.010339566201403,5.331544864741363
0.6,83244,photon,8,15.178036430376956,2,100000,0.9459,0.9459,0.0541,0.0,-13.912149334658755,7.594423868015041
0.6,83244,photon,8,15.178036430376956,3,100000,0.97955,0.97955,0.02045,0.0,-20.814282758478992,9.327330504213647
0.6,83244,photon,8,15.178036430376956,4,100000,0.99119,0.99119,0.00881,0.0,-27.710475039473184,10.782067788668348
0.6,83244,photon,8,15.178036430376956,5,100000,0.99603,0.99603,0.00397,0.0,-34.57931962000491,12.032843796944054
0.6,83244,photon,8,15.178036430376956,6,100000,0.99841,0.99841,0.00159,0.0,-41.484576833103525,13.174897359463232
0.6,83244,photon,8,15.178036430376956,7,100000,0.99924,0.99924,0.00076,0.0,-48.34582010481495,14.228428610249335
0.6,83244,photon,8,15.178036430376956,8,100000,0.99967,0.99967,0.00033,0.0,-55.20616178637253,15.234838909522376
0.6,83244,photon,8,15.178036430376956,9,100000,0.99987,0.99987,0.00013,0.0,-62.06735671837808,16.173614063615343
0.6,83244,photon,8,15.178036430376956,10,100000,0.99998,0.99998,2e-05,0.0,-68.91511006049893,17.048403758537443
0.6,83244,photon,8,15.178036430376956,11,100000,0.99997,0.99997,3e-05,0.0,-75.80963048050961,17.903454995930545
0.6,83244,photon,8,15.178036430376956,12,100000,0.99998,0.99998,2e-05,0.0,-82.65740177576163,18.687265074120678
0.6,83244,photon,9,17.045063890631276,1,100000,0.85875,0.85875,0.14125,0.0,-7.028014239567796,5.327367365517865
0.6,83244,photon,9,17.045063890631276,2,100000,0.94624,0.94624,0.05376,0.0,-13.927846536655128,7.578863675761399
0.6,83244,photon,9,17.045063890631276,3,100000,0.98061,0.98061,0.01939,0.0,-20.89877591733337,9.276080695416084
0.6,83244,photon,9,17.045063890631276,4,100000,0.99219,0.99219,0.00781,0.0,-27.84960625793368,10.692279783009644
0.6,83244,photon,9,17.045063890631276,5,100000,0.99627,0.99627,0.00373,0.0,-34.76624437180779,11.962061466903485
0.6,83244,photon,9,17.045063890631276,6,100000,0.99835,0.99835,0.00165,0.0,-41.67880252503383,13.12511367217414
0.6,83244,photon,9,17.045063890631276,7,100000,0.99924,0.99924,0.00076,0.0,-48.60453048277841,14.177145756302403
0.6,83244,photon,9,17.045063890631276,8,100000,0.99956,0.99956,0.00044,0.0,-55.50936665040668,15.139136042757816
0.6,83244,photon,9,17.045063890631276,9,100000,0.99978,0.99978,0.00022,0.0,-62.41790156004391,16.08021261557421
0.6,83244,photon,9,17.045063890631276,10,100000,0.99996,0.99996,4e-05,0.0,-69.32590805217451,16.953264638831616
0.6,83244,photon,9,17.045063890631276,11,100000,0.99997,0.99997,3e-05,0.0,-76.23442000915426,17.78838020401652
0.6,83244,photon,9,17.045063890631276,12,100000,0.99999,0.99999,1e-05,0.0,-83.14624863188197,18.56078306475606
0.6,83244,photon,10,19.14175159404904,1,100000,0.85846,0.85846,0.14154,0.0,-7.050192296054572,5.321019015982682
0.6,83244,photon,10,19.14175159404904,2,100000,0.94732,0.94732,0.05268,0.0,-14.038507838497429,7.555682329735332
0.6,83244,photon,10,19.14175159404904,3,100000,0.98157,0.98157,0.01843,0.0,-21.013200257353958,9.248888232995046
0.6,83244,photon,10,19.14175159404904,4,100000,0.99218,0.99218,0.00782,0.0,-27.988532107716306,10.67619012074822
0.6,83244,photon,10,19.14175159404904,5,100000,0.99655,0.99655,0.00345,0.0,-34.91834938771908,11.964255932113364
0.6,83244,photon,10,19.14175159404904,6,100000,0.99827,0.99827,0.00173,0.0,-41.893668768524186,13.078715542614402
0.6,83244,photon,10,19.14175159404904,7,100000,0.99932,0.99932,0.00068,0.0,-48.83482562024177,14.117401684850845
0.6,83244,photon,10,19.14175159404904,8,100000,0.99972,0.99972,0.00028,0.0,-55.813670564764244,15.096281086139703
0.6,83244,photon,10,19.14175159404904,9,100000,0.99989,0.99989,0.00011,0.0,-62.744139588053635,16.03640788621295
0.6,83244,photon,10,19.14175159404904,10,100000,0.99998,0.99998,2e-05,0.0,-69.66922639586446,16.886388356354043
0.6,83244,photon,10,19.14175159404904,11,100000,0.99998,0.99998,2e-05,0.0,-76.60098507458594,17.714405251895762
0.6,83244,photon,10,19.14175159404904,12,100000,1.0,1.0,0.0,0.0,-83.54409886621947,18.51420154044412
0.6,83244,photon,11,21.49634970213705,1,100000,0.85922,0.85922,0.14078,0.0,-7.078592765027692,5.317486535450607
0.6,83244,photon,11,21.49634970213705,2,100000,0.94826,0.94826,0.05174,0.0,-14.059852064755137,7.544744882122637
0.6,83244,photon,11,21.49634970213705,3,100000,0.98175,0.98175,0.01825,0.0,-21.034919473248525,9.243420750375641
0.6,83244,photon,11,21.49634970213705,4,100000,0.9919,0.9919,0.0081,0.0,-28.05796881430857,10.700060639375133
0.6,83244,photon,11,21.49634970213705,5,100000,0.99643,0.99643,0.00357,0.0,-35.04881186876225,11.946644893953714
0.6,83244,photon,11,21.49634970213705,6,100000,0.99856,0.99856,0.00144,0.0,-42.04993550161775,13.085851115720542
0.6,83244,photon,11,21.49634970213705,7,100000,0.99927,0.99927,0.00073,0.0,-49.01383598661255,14.138452460871147
0.6,83244,photon,11,21.49634970213705,8,100000,0.99971,0.99971,0.00029,0.0,-55.97691504822756,15.122139225872006
0.6,83244,photon,11,21.49634970213705,9,100000,0.99988,0.99988,0.00012,0.0,-62.94916074169805,16.07338260059908
0.6,83244,photon,11,21.49634970213705,10,100000,0.99994,0.99994,6e-05,0.0,-69.93036021316422,16.94531835192695
0.6,83244,photon,11,21.49634970213705,11,100000,0.99998,0.99998,2e-05,0.0,-76.9057918037041,17.764436511504325
0.6,83244,photon,11,21.49634970213705,12,100000,0.99997,0.99997,3e-05,0.0,-83.89056265514988,18.55136829883523
0.6,83244,photon,12,24.14058338633063,1,100000,0.86124,0.86124,0.13876,0.0,-7.131578511664885,5.295596065229126
0.6,83244,photon,12,24.14058338633063,2,100000,0.94952,0.94952,0.05048,0.0,-14.184514189908558,7.530038302000282
0.6,83244,photon,12,24.14058338633063,3,100000,0.98193,0.98193,0.01807,0.0,-21.190970387434152,9.249502410067302
0.6,83244,photon,12,24.14058338633063,4,100000,0.99264,0.99264,0.00736,0.0,-28.227569364007955,10.65933008739105
0.6,83244,photon,12,24.14058338633063,5,100000,0.99663,0.99663,0.00337,0.0,-35.23748646360585,11.916189711549308
0.6,83244,photon,12,24.14058338633063,6,100000,0.99861,0.99861,0.00139,0.0,-42.31363624713302,13.024374733092207
0.6,83244,photon,12,24.14058338633063,7,100000,0.99935,0.99935,0.00065,0.0,-49.35473784607607,14.074882843420529
0.6,83244,photon,12,24.14058338633063,8,100000,0.99965,0.99965,0.00035,0.0,-56.40370014234486,15.028096783213464
0.6,83244,photon,12,24.14058338633063,9,100000,0.99983,0.99983,0.00017,0.0,-63.432923193310295,15.950453438974261
0.6,83244,photon,12,24.14058338633063,10,100000,0.9999,0.9999,0.0001,0.0,-70.41534720859048,16.821373494517875
0.6,83244,photon,12,24.14058338633063,11,100000,0.99993,0.99993,7e-05,0.0,-77.42828110411743,17.64215958378561
0.6,83244,photon,12,24.14058338633063,12,100000,0.99998,0.99998,2e-05,0.0,-84.44378238993082,18.420546117162196
0.6,83244,photon,13,27.110080283744477,1,100000,0.86177,0.86177,0.13823,0.0,-7.143820931878294,5.290060783409328
0.6,83244,photon,13,27.110080283744477,2,100000,0.94957,0.94957,0.05043,0.0,-14.20007372262077,7.521004299624753
0.6,83244,photon,13,27.110080283744477,3,100000,0.98251,0.98251,0.01749,0.0,-21.25286514061729,9.228249476214637
0.6,83244,photon,13,27.110080283744477,4,100000,0.99245,0.99245,0.00755,0.0,-28.302763670454937,10.661554818070698
0.6,83244,photon,13,27.110080283744477,5,100000,0.99682,0.99682,0.00318,0.0,-35.35510336332083,11.923809217631717
0.6,83244,photon,13,27.110080283744477,6,100000,0.99886,0.99886,0.00114,0.0,-42.423134888274355,13.059177510104302
0.6,83244,photon,13,27.110080283744477,7,100000,0.99952,0.99952,0.00048,0.0,-49.47191788652849,14.120033820168759
0.6,83244,photon,13,27.110080283744477,8,100000,0.99974,0.99974,0.00026,0.0,-56.47725186536958,15.089544164912272
0.6,83244,photon,13,27.110080283744477,9,100000,0.99983,0.99983,0.00017,0.0,-63.50440743436983,15.997216335703916
0.6,83244,photon,13,27.110080283744477,10,100000,0.99993,0.99993,7e-05,0.0,-70.51585023960654,16.858398120037066
0.6,83244,photon,13,27.110080283744477,11,100000,0.99997,0.99997,3e-05,0.0,-77.54962453516684,17.7068873822842
0.6,83244,photon,13,27.110080283744477,12,100000,0.99999,0.99999,1e-05,0.0,-84.5653294806824,18.47447367579701
0.6,83244,photon,14,30.44485053361357,1,100000,0.86472,0.86472,0.13528,0.0,-7.1786422112289365,5.272612443317307
0.6,83244,photon,14,30.44485053361357,2,100000,0.95086,0.95086,0.04914,0.0,-14.246310738732625,7.4830100735028555
0.6,83244,photon,14,30.44485053361357,3,100000,0.98244,0.98244,0.01756,0.0,-21.278328342332998,9.178609230624488
0.6,83244,photon,14,30.44485053361357,4,100000,0.99252,0.99252,0.00748,0.0,-28.33029001799205,10.627559385036928
0.6,83244,photon,14,30.44485053361357,5,100000,0.99653,0.99653,0.00347,0.0,-35.38219004539761,11.875189128812092
0.6,83244,photon,14,30.44485053361357,6,100000,0.99872,0.99872,0.00128,0.0,-42.43970075984802,13.001446580242256
0.6,83244,photon,14,30.44485053361357,7,100000,0.99947,0.99947,0.00053,0.0,-49.51326465232608,14.060500752401177
0.6,83244,photon,14,30.44485053361357,8,100000,0.99978,0.99978,0.00022,0.0,-56.547347071765856,15.03285057633532
0.6,83244,photon,14,30.44485053361357,9,100000,0.99996,0.99996,4e-05,0.0,-63.60635672509764,15.971361519134739
0.6,83244,photon,14,30.44485053361357,10,100000,0.99997,0.99997,3e-05,0.0,-70.67708068785443,16.817725084168536
0.6,83244,photon,14,30.44485053361357,11,100000,0.99998,0.99998,2e-05,0.0,-77.69889874652634,17.646227643360405
0.6,83244,photon,14,30.44485053361357,12,100000,0.99999,0.99999,1e-05,0.0,-84.75117238163699,18.443035323071832
0.6,83244,photon,15,34.189825862295365,1,100000,0.86389,0.86389,0.13611,0.0,-7.176525861915739,5.273728143221581
0.6,83244,photon,15,34.189825862295365,2,100000,0.95168,0.95168,0.04832,0.0,-14.274895249865994,7.496390007076436
0.6,83244,photon,15,34.189825862295365,3,100000,0.9831,0.9831,0.0169,0.0,-21.36204270467487,9.18404870873558
0.6,83244,photon,15,34.189825862295365,4,100000,0.99276,0.99276,0.00724,0.0,-28.45703599839596,10.615458667603736
0.6,83244,photon,15,34.189825862295365,5,100000,0.9969,0.9969,0.0031,0.0,-35.52110917050261,11.863244954567136
0.6,83244,photon,15,34.189825862295365,6,100000,0.99869,0.99869,0.00131,0.0,-42.60967422685346,13.018988004788268
0.6,83244,photon,15,34.189825862295365,7,100000,0.99942,0.99942,0.00058,0.0,-49.702148236561555,14.065302331280176
0.6,83244,photon,15,34.189825862295365,8,100000,0.99974,0.99974,0.00026,0.0,-56.80259828311732,15.033480087210357
0.6,83244,photon,15,34.189825862295365,9,100000,0.99992,0.99992,8e-05,0.0,-63.855632767020325,15.969200646520328
0.6,83244,photon,15,34.189825862295365,10,100000,0.99995,0.99995,5e-05,0.0,-70.93765061179072,16.846566915369745
0.6,83244,photon,15,34.189825862295365,11,100000,0.99999,0.99999,1e-05,0.0,-78.02510162455029,17.66749929015095
0.6,83244,photon,15,34.189825862295365,12,100000,1.0,1.0,0.0,0.0,-85.08386700623349,18.456696211305424
0.6,83244,photon,16,38.395464980308326,1,100000,0.86667,0.86667,0.13333,0.0,-7.231002755467073,5.245528395755411
0.6,83244,photon,16,38.395464980308326,2,100000,0.95305,0.95305,0.04695,0.0,-14.350636219500139,7.443269716336779
0.6,83244,photon,16,38.395464980308326,3,100000,0.98382,0.98382,0.01618,0.0,-21.447697690791745,9.144212769122843
0.6,83244,photon,16,38.395464980308326,4,100000,0.99308,0.99308,0.00692,0.0,-28.564464285878696,10.562413711782208
0.6,83244,photon,16,38.395464980308326,5,100000,0.99732,0.99732,0.00268,0.0,-35.62911238303635,11.829972163899386
0.6,83244,photon,16,38.395464980308326,6,100000,0.99863,0.99863,0.00137,0.0,-42.751377993193266,12.970524618723449
0.6,83244,photon,16,38.395464980308326,7,100000,0.99937,0.99937,0.00063,0.0,-49.86881472824998,14.019177084230673
0.6,83244,photon,16,38.395464980308326,8,100000,0.9998,0.9998,0.0002,0.0,-56.948673101781715,14.99443035818591
0.6,83244,photon,16,38.395464980308326,9,100000,0.99997,0.99997,3e-05,0.0,-64.03160932121283,15.894523670828704
0.6,83244,photon,16,38.395464980308326,10,100000,0.99996,0.99996,4e-05,0.0,-71.13521076236181,16.772132274665093
0.6,83244,photon,16,38.395464980308326,11,100000,0.99999,0.99999,1e-05,0.0,-78.2127007624421,17.617059764502947
0.6,83244,photon,16,38.395464980308326,12,100000,1.0,1.0,0.0,0.0,-85.30274595486905,18.408287515519397
0.6,83244,photon,17,43.11843344835072,1,100000,0.86671,0.86671,0.13329,0.0,-7.233775522200247,5.243339179194252
0.6,83244,photon,17,43.11843344835072,2,100000,0.95269,0.95269,0.04731,0.0,-14.368226452567534,7.4518971589058465
0.6,83244,photon,17,43.11843344835072,3,100000,0.98338,0.98338,0.01662,0.0,-21.50390017403396,9.148422416364031
0.6,83244,photon,17,43.11843344835072,4,100000,0.9931,0.9931,0.0069,0.0,-28.639013789371905,10.573868728865378
0.6,83244,photon,17,43.11843344835072,5,100000,0.99704,0.99704,0.00296,0.0,-35.75847947412388,11.827903014702299
0.6,83244,photon,17,43.11843344835072,6,100000,0.99879,0.99879,0.00121,0.0,-42.872473440630806,12.952058832421097
0.6,83244,photon,17,43.11843344835072,7,100000,0.99953,0.99953,0.00047,0.0,-49.968889147840294,14.03520670437571
0.6,83244,photon,17,43.11843344835072,8,100000,0.99982,0.99982,0.00018,0.0,-57.071601958279786,14.984360096107425
0.6,83244,photon,17,43.11843344835072,9,100000,0.99992,0.99992,8e-05,0.0,-64.17353481039814,15.892208411758807
0.6,83244,photon,17,43.11843344835072,10,100000,0.99998,0.99998,2e-05,0.0,-71.29673687421243,16.754543048240755
0.6,83244,photon,17,43.11843344835072,11,100000,0.99999,0.99999,1e-05,0.0,-78.42769041141814,17.590769833321424
0.6,83244,photon,17,43.11843344835072,12,100000,1.0,1.0,0.0,0.0,-85.56568182576486,18.364993400922142
0.6,83244,photon,18,48.422367172617065,1,100000,0.86411,0.86411,0.13589,0.0,-7.204333845849975,5.259224274088757
0.6,83244,photon,18,48.422367172617065,2,100000,0.95205,0.95205,0.04795,0.0,-14.364841211185118,7.473678373966762
0.6,83244,photon,18,48.422367172617065,3,100000,0.98368,0.98368,0.01632,0.0,-21.494554002218823,9.141986467536706
0.6,83244,photon,18,48.422367172617065,4,100000,0.99361,0.99361,0.00639,0.0,-28.656836782095223,10.531672111218219
0.6,83244,photon,18,48.422367172617065,5,100000,0.99721,0.99721,0.00279,0.0,-35.783139603386346,11.796804858596866
0.6,83244,photon,18,48.422367172617065,6,100000,0.99864,0.99864,0.00136,0.0,-42.913853343071096,12.945184732647123
0.6,83244,photon,18,48.422367172617065,7,100000,0.99947,0.99947,0.00053,0.0,-50.05991909633436,13.960113206491618
0.6,83244,photon,18,48.422367172617065,8,100000,0.9998,0.9998,0.0002,0.0,-57.186442437877304,14.978412029881731
0.6,83244,photon,18,48.422367172617065,9,100000,0.99993,0.99993,7e-05,0.0,-64.3407215345812,15.906029726606713
0.6,83244,photon,18,48.422367172617065,10,100000,0.99997,0.99997,3e-05,0.0,-71.46170202792501,16.76861913295191
0.6,83244,photon,18,48.422367172617065,11,100000,0.99999,0.99999,1e-05,0.0,-78.62645719184172,17.589014687492167
0.6,83244,photon,18,48.422367172617065,12,100000,1.0,1.0,0.0,0.0,-85.75299919726932,18.3948581192061
0.6,83244,photon,19,54.37872981652651,1,100000,0.86882,0.86882,0.13118,0.0,-7.2752404389182095,5.233850739673283
0.6,83244,photon,19,54.37872981652651,2,100000,0.95377,0.95377,0.04623,0.0,-14.429812330866492,7.432731577516002
0.6,83244,photon,19,54.37872981652651,3,100000,0.98445,0.98445,0.01555,0.0,-21.5633097336308,9.10634503063961
0.6,83244,photon,19,54.37872981652651,4,100000,0.99387,0.99387,0.00613,0.0,-28.733331668986438,10.521171298203845
0.6,83244,photon,19,54.37872981652651,5,100000,0.99739,0.99739,0.00261,0.0,-35.87507397693473,11.791394714111282
0.6,83244,photon,19,54.37872981652651,6,100000,0.99883,0.99883,0.00117,0.0,-42.99674686510268,12.91180153179017
0.6,83244,photon,19,54.37872981652651,7,100000,0.99947,0.99947,0.00053,0.0,-50.147531583597356,13.984227261348739
0.6,83244,photon,19,54.37872981652651,8,100000,0.99978,0.99978,0.00022,0.0,-57.27939845694888,14.971410820248577
0.6,83244,photon,19,54.37872981652651,9,100000,0.9999,0.9999,0.0001,0.0,-64.3952228842255,15.879483089873736
0.6,83244,photon,19,54.37872981652651,10,100000,0.99994,0.99994,6e-05,0.0,-71.55317244318267,16.749122126521684
0.6,83244,photon,19,54.37872981652651,11,100000,0.99996,0.99996,4e-05,0.0,-78.74380421501333,17.57411488248332
0.6,83244,photon,19,54.37872981652651,12,100000,0.99999,0.99999,1e-05,0.0,-85.8733040665528,18.35976986411832
0.6,83244,su2,0,6.0,1,100000,0.90388,0.09612,0.90388,0.0,3.3829136660950074,2.1032486289310572
0.6,83244,su2,0,6.0,2,100000,0.96838,0.03162,0.96838,0.0,6.746418455941207,2.972967427627705
0.6,83244,su2,0,6.0,3,100000,0.98531,0.01469,0.98531,0.0,10.113627487998382,3.6416924943384736
0.6,83244,su2,0,6.0,4,100000,0.99257,0.00743,0.99257,0.0,13.481159303101231,4.211913838990401
0.6,83244,su2,0,6.0,5,100000,0.99602,0.00398,0.99602,0.0,16.845646249089715,4.72685068624698
0.6,83244,su2,0,6.0,6,100000,0.99807,0.00193,0.99807,0.0,20.200282164111325,5.185271371997196
0.6,83244,su2,0,6.0,7,100000,0.99902,0.00098,0.99902,0.0,23.551266252571107,5.616221156688985
0.6,83244,su2,0,6.0,8,100000,0.99952,0.00048,0.99952,0.0,26.906750460048997,5.994961723188095
0.6,83244,su2,0,6.0,9,100000,0.99966,0.00034,0.99966,0.0,30.25623390662294,6.357496652300568
0.6,83244,su2,0,6.0,10,100000,0.99988,0.00012,0.99988,0.0,33.62526841631111,6.6976655856499105
0.6,83244,su2,0,6.0,11,100000,0.99995,5e-05,0.99995,0.0,36.98566380834604,7.025328652744377
0.6,83244,su2,0,6.0,12,100000,0.99998,2e-05,0.99998,0.0,40.335977243133264,7.334006619736713
0.6,83244,su2,1,7.3107262009924305,1,100000,0.90225,0.09775,0.90225,0.0,3.3651688848959633,2.1012801851012717
0.6,83244,su2,1,7.3107262009924305,2,100000,0.96821,0.03179,0.96821,0.0,6.71264338756945,2.9885174112908035
0.6,83244,su2,1,7.3107262009924305,3,100000,0.98425,0.01575,0.98425,0.0,10.066108687055998,3.667329343637565
0.6,83244,su2,1,7.3107262009924305,4,100000,0.99236,0.00764,0.99236,0.0,13.397497072214456,4.246220300828803
0.6,83244,su2,1,7.3107262009924305,5,100000,0.9959,0.0041,0.9959,0.0,16.74588008218812,4.757206793622687
0.6,83244,su2,1,7.3107262009924305,6,100000,0.99791,0.00209,0.99791,0.0,20.077516042207677,5.208782887182254
0.6,83244,su2,1,7.3107262009924305,7,100000,0.99894,0.00106,0.99894,0.0,23.428826256048126,5.622388506223963
0.6,83244,su2,1,7.3107262009924305,8,100000,0.99959,0.00041,0.99959,0.0,26.76479604573927,6.010702027271279
0.6,83244,su2,1,7.3107262009924305,9,100000,0.99978,0.00022,0.99978,0.0,30.11066561841338,6.381210463098599
0.6,83244,su2,1,7.3107262009924305,10,100000,0.99985,0.00015,0.99985,0.0,33.44026363333352,6.730561333207577
0.6,83244,su2,1,7.3107262009924305,11,100000,0.99995,5e-05,0.99995,0.0,36.779259065361785,7.058175147461921
0.6,83244,su2,1,7.3107262009924305,12,100000,0.99998,2e-05,0.99998,0.0,40.12746116714248,7.3829298612916165
0.6,83244,su2,2,8.90778626431287,1,100000,0.90023,0.09977,0.90023,0.0,3.350450286673873,2.1411732435470863
0.6,83244,su2,2,8.90778626431287,2,100000,0.96465,0.03535,0.96465,0.0,6.684778209260877,3.0285394163785835
0.6,83244,su2,2,8.90778626431287,3,100000,0.98331,0.01669,0.98331,0.0,10.00595131456196,3.712636322378586
0.6,83244,su2,2,8.90778626431287,4,100000,0.99172,0.00828,0.99172,0.0,13.332929240508513,4.2813924089539395
0.6,83244,su2,2,8.90778626431287,5,100000,0.99567,0.00433,0.99567,0.0,16.66343421519413,4.787205609604463
0.6,83244,su2,2,8.90778626431287,6,100000,0.99787,0.00213,0.99787,0.0,20.011737803580072,5.240035704560418
0.6,83244,su2,2,8.90778626431287,7,100000,0.99898,0.00102,0.99898,0.0,23.348271104898608,5.665483918577465
0.6,83244,su2,2,8.90778626431287,8,100000,0.99947,0.00053,0.99947,0.0,26.676103477200087,6.054919218624923
0.6,83244,su2,2,8.90778626431287,9,100000,0.99976,0.00024,0.99976,0.0,30.00501063756523,6.425438605380654
0.6,83244,su2,2,8.90778626431287,10,100000,0.99992,8e-05,0.99992,0.0,33.3429515888297,6.75972576500865
0.6,83244,su2,2,8.90778626431287,11,100000,0.99994,6e-05,0.99994,0.0,36.67099750574977,7.089111067614054
0.6,83244,su2,2,8.90778626431287,12,100000,0.99996,4e-05,0.99996,0.0,40.00172781521957,7.40290749384729
0.6,83244,su2,3,10.853731072558768,1,100000,0.89897,0.10103,0.89897,0.0,3.3433964619542014,2.1435842308604784
0.6,83244,su2,3,10.853731072558768,2,100000,0.96629,0.03371,0.96629,0.0,6.676537733930578,3.020369642738186
0.6,83244,su2,3,10.853731072558768,3,100000,0.98311,0.01689,0.98311,0.0,10.0076069693589,3.7163897752326
0.6,83244,su2,3,10.853731072558768,4,100000,0.99139,0.00861,0.99139,0.0,13.337879639796968,4.296850153218906
0.6,83244,su2,3,10.853731072558768,5,100000,0.99558,0.00442,0.99558,0.0,16.649939575555276,4.806538075753006
0.6,83244,su2,3,10.853731072558768,6,100000,0.99788,0.00212,0.99788,0.0,19.975049167049807,5.250048105474062
0.6,83244,su2,3,10.853731072558768,7,100000,0.99892,0.00108,0.99892,0.0,23.291378720134386,5.677252560646721
0.6,83244,su2,3,10.853731072558768,8,100000,0.99951,0.00049,0.99951,0.0,26.618782591788303,6.073579907929868
0.6,83244,su2,3,10.853731072558768,9,100000,0.99976,0.00024,0.99976,0.0,29.937019856856224,6.4413894114085055
0.6,83244,su2,3,10.853731072558768,10,100000,0.99987,0.00013,0.99987,0.0,33.247292238859764,6.785671496689438
0.6,83244,su2,3,10.853731072558768,11,100000,0.99994,6e-05,0.99994,0.0,36.566060732720885,7.120095554277116
0.6,83244,su2,3,10.853731072558768,12,100000,0.99996,4e-05,0.99996,0.0,39.8900256297486,7.4466963947969855
0.6,83244,su2,4,13.224776021780174,1,100000,0.89989,0.10011,0.89989,0.0,3.340130975763428,2.129101757313592
0.6,83244,su2,4,13.224776021780174,2,100000,0.96679,0.03321,0.96679,0.0,6.670322144977504,3.0050827625101606
0.6,83244,su2,4,13.224776021780174,3,100000,0.98342,0.01658,0.98342,0.0,9.996619075991301,3.6963021049099987
0.6,83244,su2,4,13.224776021780174,4,100000,0.99157,0.00843,0.99157,0.0,13.309574496312742,4.274919617482953
0.6,83244,su2,4,13.224776021780174,5,100000,0.99582,0.00418,0.99582,0.0,16.625845683752807,4.7920422153318025
0.6,83244,su2,4,13.224776021780174,6,100000,0.99793,0.00207,0.99793,0.0,19.94541067476677,5.242153286361858
0.6,83244,su2,4,13.224776021780174,7,100000,0.99914,0.00086,0.99914,0.0,23.262008318443993,5.661218850760552
0.6,83244,su2,4,13.224776021780174,8,100000,0.99963,0.00037,0.99963,0.0,26.58410770952872,6.055808087763426
0.6,83244,su2,4,13.224776021780174,9,100000,0.9998,0.0002,0.9998,0.0,29.902798789530756,6.432673165057486
0.6,83244,su2,4,13.224776021780174,10,100000,0.99991,9e-05,0.99991,0.0,33.22312261585169,6.78340489917242
0.6,83244,su2,4,13.224776021780174,11,100000,0.99997,3e-05,0.99997,0.0,36.53454646127743,7.100853893560287
0.6,83244,su2,4,13.224776021780174,12,100000,0.99997,3e-05,0.99997,0.0,39.84602422588938,7.419333976603195
0.6,83244,su2,5,16.113786094114122,1,100000,0.89898,0.10102,0.89898,0.0,3.3370551274150144,2.1283736389822496
0.6,83244,su2,5,16.113786094114122,2,100000,0.96676,0.03324,0.96676,0.0,6.661239247166787,3.021309754966424
0.6,83244,su2,5,16.113786094114122,3,100000,0.98259,0.01741,0.98259,0.0,9.97404758112577,3.7162673950415264
0.6,83244,su2,5,16.113786094114122,4,100000,0.99061,0.00939,0.99061,0.0,13.286087851149956,4.294677696293765
0.6,83244,su2,5,16.113786094114122,5,100000,0.99552,0.00448,0.99552,0.0,16.596729458932764,4.805976953623047
0.6,83244,su2,5,16.113786094114122,6,100000,0.99781,0.00219,0.99781,0.0,19.905893701126637,5.274221019514943
0.6,83244,su2,5,16.113786094114122,7,100000,0.99897,0.00103,0.99897,0.0,23.2175737872322,5.688943793957186
0.6,83244,su2,5,16.113786094114122,8,100000,0.99954,0.00046,0.99954,0.0,26.541367836186545,6.072485441698097
0.6,83244,su2,5,16.113786094114122,9,100000,0.99967,0.00033,0.99967,0.0,29.84412487757337,6.4472895796561716
0.6,83244,su2,5,16.113786094114122,10,100000,0.99982,0.00018,0.99982,0.0,33.15408594558356,6.799265343799706
0.6,83244,su2,5,16.113786094114122,11,100000,0.99992,8e-05,0.99992,0.0,36.461467887966165,7.131273602027585
0.6,83244,su2,5,16.113786094114122,12,100000,0.99995,5e-05,0.99995,0.0,39.768559829257796,7.448075247930876
0.6,83244,su2,6,19.63391303257127,1,100000,0.89729,0.10271,0.89729,0.0,3.333038179462235,2.145226495039907
0.6,83244,su2,6,19.63391303257127,2,100000,0.96467,0.03533,0.96467,0.0,6.655930037598301,3.04286441973353
0.6,83244,su2,6,19.63391303257127,3,100000,0.98335,0.01665,0.98335,0.0,9.982272325248605,3.70433698330344
0.6,83244,su2,6,19.63391303257127,4,100000,0.99105,0.00895,0.99105,0.0,13.282716681297966,4.289744341247759
0.6,83244,su2,6,19.63391303257127,5,100000,0.99585,0.00415,0.99585,0.0,16.592313721479496,4.8001375454181145
0.6,83244,su2,6,19.63391303257127,6,100000,0.99789,0.00211,0.99789,0.0,19.888929610762638,5.264822161810936
0.6,83244,su2,6,19.63391303257127,7,100000,0.99883,0.00117,0.99883,0.0,23.200200732835,5.6809898572831115
0.6,83244,su2,6,19.63391303257127,8,100000,0.99938,0.00062,0.99938,0.0,26.510761512893428,6.083905538112818
0.6,83244,su2,6,19.63391303257127,9,100000,0.99968,0.00032,0.99968,0.0,29.81827831932622,6.4593957873059376
0.6,83244,su2,6,19.63391303257127,10,100000,0.99984,0.00016,0.99984,0.0,33.11530920624465,6.812916481454988
0.6,83244,su2,6,19.63391303257127,11,100000,0.99995,5e-05,0.99995,0.0,36.43130032161448,7.1488806441784085
0.6,83244,su2,6,19.63391303257127,12,100000,0.99996,4e-05,0.99996,0.0,39.731843160780535,7.46744327565929
0.6,83244,su2,7,23.9230270725376,1,100000,0.8971,0.1029,0.8971,0.0,3.317391196966111,2.164899329059861
0.6,83244,su2,7,23.9230270725376,2,100000,0.96465,0.03535,0.96465,0.0,6.6306934623629195,3.046446836517524
0.6,83244,su2,7,23.9230270725376,3,100000,0.98219,0.01781,0.98219,0.0,9.93925101742907,3.728243366230987
0.6,83244,su2,7,23.9230270725376,4,100000,0.99096,0.00904,0.99096,0.0,13.23762834989041,4.316186989542641
0.6,83244,su2,7,23.9230270725376,5,100000,0.99552,0.00448,0.99552,0.0,16.5436973449583,4.810173298609825
0.6,83244,su2,7,23.9230270725376,6,100000,0.99791,0.00209,0.99791,0.0,19.847789230882878,5.275867790395067
0.6,83244,su2,7,23.9230270725376,7,100000,0.99886,0.00114,0.99886,0.0,23.143744511703545,5.69688880133647
0.6,83244,su2,7,23.9230270725376,8,100000,0.99949,0.00051,0.99949,0.0,26.447570130174878,6.0930230491533495
0.6,83244,su2,7,23.9230270725376,9,100000,0.99967,0.00033,0.99967,0.0,29.755126004732883,6.45576914264671
0.6,83244,su2,7,23.9230270725376,10,100000,0.99984,0.00016,0.99984,0.0,33.047784921929,6.817337278697258
0.6,83244,su2,7,23.9230270725376,11,100000,0.99991,9e-05,0.99991,0.0,36.346625066463815,7.150370011119046
0.6,83244,su2,7,23.9230270725376,12,100000,0.99996,4e-05,0.99996,0.0,39.64695649807987,7.4725843726761445
0.6,83244,su2,8,29.149116804375307,1,100000,0.89765,0.10235,0.89765,0.0,3.32200306784648,2.1449417383298015
0.6,83244,su2,8,29.149116804375307,2,100000,0.96508,0.03492,0.96508,0.0,6.620622704435621,3.0384122057420693
0.6,83244,su2,8,29.149116804375307,3,100000,0.98216,0.01784,0.98216,0.0,9.919411613656498,3.7403912918639755
0.6,83244,su2,8,29.149116804375307,4,100000,0.9907,0.0093,0.9907,0.0,13.230878488467573,4.3194323891233735
0.6,83244,su2,8,29.149116804375307,5,100000,0.99551,0.00449,0.99551,0.0,16.532557686839464,4.832881904622143
0.6,83244,su2,8,29.149116804375307,6,100000,0.99786,0.00214,0.99786,0.0,19.823434972593216,5.293610912468837
0.6,83244,su2,8,29.149116804375307,7,100000,0.99884,0.00116,0.99884,0.0,23.114075095083937,5.7304039842384595
0.6,83244,su2,8,29.149116804375307,8,100000,0.99949,0.00051,0.99949,0.0,26.40707193942735,6.121577672269132
0.6,83244,su2,8,29.149116804375307,9,100000,0.99966,0.00034,0.99966,0.0,29.69610109767149,6.494491916005507
0.6,83244,su2,8,29.149116804375307,10,100000,0.99982,0.00018,0.99982,0.0,32.97521736894926,6.851708529730506
0.6,83244,su2,8,29.149116804375307,11,100000,0.99993,7e-05,0.99993,0.0,36.27011608100074,7.178978085813004
0.6,83244,su2,8,29.149116804375307,12,100000,0.99995,5e-05,0.99995,0.0,39.55709253920153,7.502161039963958
0.6,83244,su2,9,35.51686865958921,1,100000,0.89623,0.10377,0.89623,0.0,3.315414439432584,2.1517685115587226
0.6,83244,su2,9,35.51686865958921,2,100000,0.96543,0.03457,0.96543,0.0,6.630961969401657,3.0366745503922536
0.6,83244,su2,9,35.51686865958921,3,100000,0.98298,0.01702,0.98298,0.0,9.934742703853054,3.721425409509764
0.6,83244,su2,9,35.51686865958921,4,100000,0.99119,0.00881,0.99119,0.0,13.237235426699566,4.3132277821569
0.6,83244,su2,9,35.51686865958921,5,100000,0.99551,0.00449,0.99551,0.0,16.525226720362156,4.835805027978963
0.6,83244,su2,9,35.51686865958921,6,100000,0.99777,0.00223,0.99777,0.0,19.823090321455076,5.299318915606243
0.6,83244,su2,9,35.51686865958921,7,100000,0.99896,0.00104,0.99896,0.0,23.10774827515167,5.719224512635811
0.6,83244,su2,9,35.51686865958921,8,100000,0.99952,0.00048,0.99952,0.0,26.39757198148354,6.115247967910178
0.6,83244,su2,9,35.51686865958921,9,100000,0.99971,0.00029,0.99971,0.0,29.683604036341904,6.4863706486998485
0.6,83244,su2,9,35.51686865958921,10,100000,0.99986,0.00014,0.99986,0.0,32.98339504418104,6.840878587054197
0.6,83244,su2,9,35.51686865958921,11,100000,0.99992,8e-05,0.99992,0.0,36.268837790791196,7.171976748543783
0.6,83244,su2,9,35.51686865958921,12,100000,0.99996,4e-05,0.99996,0.0,39.5612880423708,7.501652640704283
0.6,83244,su2,10,43.27568371447764,1,100000,0.89661,0.10339,0.89661,0.0,3.3123499826254967,2.156839075424473
0.6,83244,su2,10,43.27568371447764,2,100000,0.96428,0.03572,0.96428,0.0,6.6067203585956715,3.049736803644524
0.6,83244,su2,10,43.27568371447764,3,100000,0.98206,0.01794,0.98206,0.0,9.9119204746106,3.740748387088667
0.6,83244,su2,10,43.27568371447764,4,100000,0.99041,0.00959,0.99041,0.0,13.213386001898577,4.330003578206696
0.6,83244,su2,10,43.27568371447764,5,100000,0.9953,0.0047,0.9953,0.0,16.521100350742984,4.834835514933162
0.6,83244,su2,10,43.27568371447764,6,100000,0.9976,0.0024,0.9976,0.0,19.814100550034787,5.301216160452217
0.6,83244,su2,10,43.27568371447764,7,100000,0.99869,0.00131,0.99869,0.0,23.103577529499127,5.730166129705543
0.6,83244,su2,10,43.27568371447764,8,100000,0.99933,0.00067,0.99933,0.0,26.391189324042074,6.126775126551166
0.6,83244,su2,10,43.27568371447764,9,100000,0.99969,0.00031,0.99969,0.0,29.688517008551955,6.50143225617349
0.6,83244,su2,10,43.27568371447764,10,100000,0.99987,0.00013,0.99987,0.0,32.97752472968665,6.860072250866266
0.6,83244,su2,10,43.27568371447764,11,100000,0.99993,7e-05,0.99993,0.0,36.27033405635774,7.187375823588463
0.6,83244,su2,10,43.27568371447764,12,100000,0.99997,3e-05,0.99997,0.0,39.55594317644918,7.51399766662406
0.6,83244,su2,11,52.72944579954886,1,100000,0.89636,0.10364,0.89636,0.0,3.315219035719676,2.155988701731505
0.6,83244,su2,11,52.72944579954886,2,100000,0.96388,0.03612,0.96388,0.0,6.6119814922854,3.057305243718466
0.6,83244,su2,11,52.72944579954886,3,100000,0.98188,0.01812,0.98188,0.0,9.8980911853791,3.743651609229165
0.6,83244,su2,11,52.72944579954886,4,100000,0.9905,0.0095,0.9905,0.0,13.1985220313942,4.326237482723901
0.6,83244,su2,11,52.72944579954886,5,100000,0.99526,0.00474,0.99526,0.0,16.482082093433785,4.843647317776362
0.6,83244,su2,11,52.72944579954886,6,100000,0.99768,0.00232,0.99768,0.0,19.765487960158037,5.309795263803688
0.6,83244,su2,11,52.72944579954886,7,100000,0.99878,0.00122,0.99878,0.0,23.054390553391574,5.738813287815491
0.6,83244,su2,11,52.72944579954886,8,100000,0.9994,0.0006,0.9994,0.0,26.34424907502315,6.114099244013677
0.6,83244,su2,11,52.72944579954886,9,100000,0.99973,0.00027,0.99973,0.0,29.626492313283006,6.4938134405005865
0.6,83244,su2,11,52.72944579954886,10,100000,0.9999,0.0001,0.9999,0.0,32.89160116170698,6.8499434438928555
0.6,83244,su2,11,52.72944579954886,11,100000,0.99996,4e-05,0.99996,0.0,36.1728295398584,7.176160031571814
0.6,83244,su2,11,52.72944579954886,12,100000,0.99998,2e-05,0.99998,0.0,39.45946935387102,7.488558775975256
0.6,83244,su2,12,64.24842349509534,1,100000,0.89578,0.10422,0.89578,0.0,3.309188783000556,2.1489057985224456
0.6,83244,su2,12,64.24842349509534,2,100000,0.96455,0.03545,0.96455,0.0,6.616785860552551,3.034674802119556
0.6,83244,su2,12,64.24842349509534,3,100000,0.98261,0.01739,0.98261,0.0,9.916219642131221,3.72365790262973
0.6,83244,su2,12,64.24842349509534,4,100000,0.99161,0.00839,0.99161,0.0,13.220264690375098,4.296190076422396
0.6,83244,su2,12,64.24842349509534,5,100000,0.99557,0.00443,0.99557,0.0,16.506722567278686,4.825578326986768
0.6,83244,su2,12,64.24842349509534,6,100000,0.99781,0.00219,0.99781,0.0,19.806464721125753,5.280549315078723
0.6,83244,su2,12,64.24842349509534,7,100000,0.99884,0.00116,0.99884,0.0,23.09698389381434,5.699104710585669
0.6,83244,su2,12,64.24842349509534,8,100000,0.99941,0.00059,0.99941,0.0,26.37515303100637,6.093729109740827
0.6,83244,su2,12,64.24842349509534,9,100000,0.99968,0.00032,0.99968,0.0,29.666958256319436,6.472562058752535
0.6,83244,su2,12,64.24842349509534,10,100000,0.99987,0.00013,0.99987,0.0,32.96145506366996,6.811693931809484
0.6,83244,su2,12,64.24842349509534,11,100000,0.99995,5e-05,0.99995,0.0,36.25047719538201,7.137017003230427
0.6,83244,su2,12,64.24842349509534,12,100000,0.99994,6e-05,0.99994,0.0,39.54040094298095,7.4662269868246485
0.6,83244,su2,13,78.28377216967522,1,100000,0.89663,0.10337,0.89663,0.0,3.3166497082899524,2.1574963815796964
0.6,83244,su2,13,78.28377216967522,2,100000,0.96404,0.03596,0.96404,0.0,6.615108683650956,3.0595770963180655
0.6,83244,su2,13,78.28377216967522,3,100000,0.98197,0.01803,0.98197,0.0,9.909497890375365,3.7559031454023026
0.6,83244,su2,13,78.28377216967522,4,100000,0.99055,0.00945,0.99055,0.0,13.208140211129608,4.336008112055777
0.6,83244,su2,13,78.28377216967522,5,100000,0.99535,0.00465,0.99535,0.0,16.50434905799687,4.858167995053671
0.6,83244,su2,13,78.28377216967522,6,100000,0.99776,0.00224,0.99776,0.0,19.79798447950633,5.319709733058328
0.6,83244,su2,13,78.28377216967522,7,100000,0.99879,0.00121,0.99879,0.0,23.08898220732794,5.741335405255479
0.6,83244,su2,13,78.28377216967522,8,100000,0.99939,0.00061,0.99939,0.0,26.36951958158989,6.1395600391979315
0.6,83244,su2,13,78.28377216967522,9,100000,0.99971,0.00029,0.99971,0.0,29.663124993517474,6.502549156516655
0.6,83244,su2,13,78.28377216967522,10,100000,0.99987,0.00013,0.99987,0.0,32.95323706517421,6.849537615540728
0.6,83244,su2,13,78.28377216967522,11,100000,0.99993,7e-05,0.99993,0.0,36.2329414536512,7.1856626146705445
0.6,83244,su2,13,78.28377216967522,12,100000,0.99999,1e-05,0.99999,0.0,39.51998788906271,7.5090301570673015
0.6,83244,su2,14,95.38520405222776,1,100000,0.8959,0.1041,0.8959,0.0,3.305598079866213,2.1614969686429606
0.6,83244,su2,14,95.38520405222776,2,100000,0.9642,0.0358,0.9642,0.0,6.59525828390991,3.0566558853472534
0.6,83244,su2,14,95.38520405222776,3,100000,0.98175,0.01825,0.98175,0.0,9.882774331583935,3.7455640945313027
0.6,83244,su2,14,95.38520405222776,4,100000,0.99062,0.00938,0.99062,0.0,13.172408628660284,4.328643578826469
0.6,83244,su2,14,95.38520405222776,5,100000,0.9955,0.0045,0.9955,0.0,16.47388250925546,4.845676787521427
0.6,83244,su2,14,95.38520405222776,6,100000,0.99778,0.00222,0.99778,0.0,19.77183648464157,5.31088794688379
0.6,83244,su2,14,95.38520405222776,7,100000,0.99893,0.00107,0.99893,0.0,23.05768822547521,5.743932511553872
0.6,83244,su2,14,95.38520405222776,8,100000,0.99944,0.00056,0.99944,0.0,26.334293517069494,6.142258774100807
0.6,83244,su2,14,95.38520405222776,9,100000,0.99958,0.00042,0.99958,0.0,29.609647540377004,6.520820213866246
0.6,83244,su2,14,95.38520405222776,10,100000,0.9998,0.0002,0.9998,0.0,32.88922530953364,6.879192785283689
0.6,83244,su2,14,95.38520405222776,11,100000,0.99994,6e-05,0.99994,0.0,36.16688373478822,7.207895668572557
0.6,83244,su2,14,95.38520405222776,12,100000,0.99999,1e-05,0.99999,0.0,39.448228033723304,7.528370080354729
0.6,83244,su2,15,116.22251840860507,1,100000,0.89587,0.10413,0.89587,0.0,3.307167966511837,2.166214479595229
0.6,83244,su2,15,116.22251840860507,2,100000,0.96461,0.03539,0.96461,0.0,6.612175387474489,3.050454304577028
0.6,83244,su2,15,116.22251840860507,3,100000,0.98179,0.01821,0.98179,0.0,9.892355768567185,3.7532846972344953
0.6,83244,su2,15,116.22251840860507,4,100000,0.99087,0.00913,0.99087,0.0,13.19628277723853,4.318715620458455
0.6,83244,su2,15,116.22251840860507,5,100000,0.9954,0.0046,0.9954,0.0,16.48208875317867,4.82748174699696
0.6,83244,su2,15,116.22251840860507,6,100000,0.99782,0.00218,0.99782,0.0,19.773769421183136,5.288743353609127
0.6,83244,su2,15,116.22251840860507,7,100000,0.9989,0.0011,0.9989,0.0,23.06188356704956,5.714114718778502
0.6,83244,su2,15,116.22251840860507,8,100000,0.99945,0.00055,0.99945,0.0,26.343078676607384,6.110236285065761
0.6,83244,su2,15,116.22251840860507,9,100000,0.9997,0.0003,0.9997,0.0,29.631515387570555,6.48785644426365
0.6,83244,su2,15,116.22251840860507,10,100000,0.99986,0.00014,0.99986,0.0,32.921189010974715,6.834684109718875
0.6,83244,su2,15,116.22251840860507,11,100000,0.99994,6e-05,0.99994,0.0,36.210605388855,7.176182544757487
0.6,83244,su2,15,116.22251840860507,12,100000,0.99996,4e-05,0.99996,0.0,39.50004191282173,7.500157106990108
0.6,83244,su2,16,141.61183507918588,1,100000,0.8964,0.1036,0.8964,0.0,3.3112879824995756,2.1582933918175757
0.6,83244,su2,16,141.61183507918588,2,100000,0.96389,0.03611,0.96389,0.0,6.613454178607423,3.052328340510383
0.6,83244,su2,16,141.61183507918588,3,100000,0.98212,0.01788,0.98212,0.0,9.910655885975029,3.7453122525962748
0.6,83244,su2,16,141.61183507918588,4,100000,0.99034,0.00966,0.99034,0.0,13.191028117478178,4.346318394748098
0.6,83244,su2,16,141.61183507918588,5,100000,0.99543,0.00457,0.99543,0.0,16.491748294447298,4.848629932392026
0.6,83244,su2,16,141.61183507918588,6,100000,0.99745,0.00255,0.99745,0.0,19.766166797471158,5.32608341748341
0.6,83244,su2,16,141.61183507918588,7,100000,0.99863,0.00137,0.99863,0.0,23.052536104052272,5.76649275332847
0.6,83244,su2,16,141.61183507918588,8,100000,0.99928,0.00072,0.99928,0.0,26.349932424152385,6.157742586417288
0.6,83244,su2,16,141.61183507918588,9,100000,0.99962,0.00038,0.99962,0.0,29.619118733638576,6.526827694382671
0.6,83244,su2,16,141.61183507918588,10,100000,0.99984,0.00016,0.99984,0.0,32.89294053049282,6.880257450835318
0.6,83244,su2,16,141.61183507918588,11,100000,0.99992,8e-05,0.99992,0.0,36.17003647203068,7.220514894006817
0.6,83244,su2,16,141.61183507918588,12,100000,0.99996,4e-05,0.99996,0.0,39.4614726502977,7.541386552690683
0.6,83244,su2,17,172.5475588473371,1,100000,0.89647,0.10353,0.89647,0.0,3.31714992674691,2.150154582685163
0.6,83244,su2,17,172.5475588473371,2,100000,0.96455,0.03545,0.96455,0.0,6.60795476191793,3.0538546324535685
0.6,83244,su2,17,172.5475588473371,3,100000,0.9819,0.0181,0.9819,0.0,9.888254301504222,3.750297390448267
0.6,83244,su2,17,172.5475588473371,4,100000,0.99049,0.00951,0.99049,0.0,13.17557779173678,4.330517622574165
0.6,83244,su2,17,172.5475588473371,5,100000,0.99533,0.00467,0.99533,0.0,16.45396583446247,4.852522425491834
0.6,83244,su2,17,172.5475588473371,6,100000,0.99779,0.00221,0.99779,0.0,19.741780344427035,5.313490611197771
0.6,83244,su2,17,172.5475588473371,7,100000,0.99887,0.00113,0.99887,0.0,23.034592322735865,5.7300322204877165
0.6,83244,su2,17,172.5475588473371,8,100000,0.99945,0.00055,0.99945,0.0,26.32018489907271,6.127811730570338
0.6,83244,su2,17,172.5475588473371,9,100000,0.99966,0.00034,0.99966,0.0,29.603117209957343,6.497662476679872
0.6,83244,su2,17,172.5475588473371,10,100000,0.99987,0.00013,0.99987,0.0,32.88272140764805,6.85076254400255
0.6,83244,su2,17,172.5475588473371,11,100000,0.99996,4e-05,0.99996,0.0,36.17451830241324,7.180152158509662
0.6,83244,su2,17,172.5475588473371,12,100000,0.99996,4e-05,0.99996,0.0,39.46777002874792,7.493625412727882
0.6,83244,su2,18,210.2413265637518,1,100000,0.89602,0.10398,0.89602,0.0,3.3069042440483125,2.1706082582321082
0.6,83244,su2,18,210.2413265637518,2,100000,0.96411,0.03589,0.96411,0.0,6.608398368230516,3.068446473800398
0.6,83244,su2,18,210.2413265637518,3,100000,0.98133,0.01867,0.98133,0.0,9.893800877761972,3.7569790461698855
0.6,83244,su2,18,210.2413265637518,4,100000,0.99049,0.00951,0.99049,0.0,13.181576894143436,4.344230040385851
0.6,83244,su2,18,210.2413265637518,5,100000,0.99534,0.00466,0.99534,0.0,16.450578129518,4.8567624565949945
0.6,83244,su2,18,210.2413265637518,6,100000,0.99743,0.00257,0.99743,0.0,19.727645703118807,5.326447583346892
0.6,83244,su2,18,210.2413265637518,7,100000,0.99866,0.00134,0.99866,0.0,23.00445302548156,5.750281958186376
0.6,83244,su2,18,210.2413265637518,8,100000,0.99938,0.00062,0.99938,0.0,26.285241659621978,6.144186359033386
0.6,83244,su2,18,210.2413265637518,9,100000,0.99968,0.00032,0.99968,0.0,29.558819173270138,6.519960587891859
0.6,83244,su2,18,210.2413265637518,10,100000,0.99982,0.00018,0.99982,0.0,32.85476417598511,6.856444177555277
0.6,83244,su2,18,210.2413265637518,11,100000,0.99993,7e-05,0.99993,0.0,36.129765963296656,7.198058781430486
0.6,83244,su2,18,210.2413265637518,12,100000,0.99996,4e-05,0.99996,0.0,39.415668381993065,7.521332042721142
0.6,83244,su2,19,256.1694624401711,1,100000,0.89544,0.10456,0.89544,0.0,3.315632531218808,2.1571492887760546
0.6,83244,su2,19,256.1694624401711,2,100000,0.96441,0.03559,0.96441,0.0,6.60234581792023,3.055786598799886
0.6,83244,su2,19,256.1694624401711,3,100000,0.98168,0.01832,0.98168,0.0,9.892265684236824,3.7430167832049825
0.6,83244,su2,19,256.1694624401711,4,100000,0.99066,0.00934,0.99066,0.0,13.194259038573213,4.315549398970147
0.6,83244,su2,19,256.1694624401711,5,100000,0.99544,0.00456,0.99544,0.0,16.472423005483982,4.832204572313345
0.6,83244,su2,19,256.1694624401711,6,100000,0.99788,0.00212,0.99788,0.0,19.74763441020462,5.302337758569316
0.6,83244,su2,19,256.1694624401711,7,100000,0.99889,0.00111,0.99889,0.0,23.0267996247675,5.71945075312165
0.6,83244,su2,19,256.1694624401711,8,100000,0.99936,0.00064,0.99936,0.0,26.31205065551375,6.120484401406215
0.6,83244,su2,19,256.1694624401711,9,100000,0.99964,0.00036,0.99964,0.0,29.59789551459126,6.488023691517991
0.6,83244,su2,19,256.1694624401711,10,100000,0.9999,0.0001,0.9999,0.0,32.87445309930359,6.8408714055670155
0.6,83244,su2,19,256.1694624401711,11,100000,0.99994,6e-05,0.99994,0.0,36.15815010286817,7.169685416730006
0.6,83244,su2,19,256.1694624401711,12,100000,0.99997,3e-05,0.99997,0.0,39.43688129005004,7.500251605188425
0.6,93247,photon,0,6.0,1,100000,0.83249,0.83249,0.16751,0.0,-6.44859572568889,5.537258123892399
0.6,93247,photon,0,6.0,2,100000,0.92641,0.92641,0.07359,0.0,-12.775321189148075,7.864668944269948
0.6,93247,photon,0,6.0,3,100000,0.96871,0.96871,0.03129,0.0,-19.09108357247121,9.616049814565867
0.6,93247,photon,0,6.0,4,100000,0.9847,0.9847,0.0153,0.0,-25.42331174082142,11.10029695646053
0.6,93247,photon,0,6.0,5,100000,0.99257,0.99257,0.00743,0.0,-31.748139351321083,12.410704567672987
0.6,93247,photon,0,6.0,6,100000,0.99626,0.99626,0.00374,0.0,-38.0537707266167,13.571395916517266
0.6,93247,photon,0,6.0,7,100000,0.99824,0.99824,0.00176,0.0,-44.358284608813705,14.660888735434698
0.6,93247,photon,0,6.0,8,100000,0.99916,0.99916,0.00084,0.0,-50.683928351252156,15.659490746252763
0.6,93247,photon,0,6.0,9,100000,0.99941,0.99941,0.00059,0.0,-56.975960622532774,16.600199795372788
0.6,93247,photon,0,6.0,10,100000,0.9997,0.9997,0.0003,0.0,-63.28354584024205,17.503631650648405
0.6,93247,photon,0,6.0,11,100000,0.99983,0.99983,0.00017,0.0,-69.61399062398436,18.349244594483807
0.6,93247,photon,0,6.0,12,100000,0.99991,0.99991,9e-05,0.0,-75.94046551957562,19.163059501934814
0.6,93247,photon,1,6.7380509865628095,1,100000,0.83474,0.83474,0.16526,0.0,-6.5165802056218505,5.520602931702996
0.6,93247,photon,1,6.7380509865628095,2,100000,0.92946,0.92946,0.07054,0.0,-12.944344994723574,7.825833771007779
0.6,93247,photon,1,6.7380509865628095,3,100000,0.97093,0.97093,0.02907,0.0,-19.346290751180597,9.590543899199545
0.6,93247,photon,1,6.7380509865628095,4,100000,0.98609,0.98609,0.01391,0.0,-25.74406773485742,11.06383990288693
0.6,93247,photon,1,6.7380509865628095,5,100000,0.99297,0.99297,0.00703,0.0,-32.14423757120212,12.330353837763354
0.6,93247,photon,1,6.7380509865628095,6,100000,0.99631,0.99631,0.00369,0.0,-38.578223020626616,13.502481261165403
0.6,93247,photon,1,6.7380509865628095,7,100000,0.99824,0.99824,0.00176,0.0,-44.96716203083973,14.585536406436821
0.6,93247,photon,1,6.7380509865628095,8,100000,0.99915,0.99915,0.00085,0.0,-51.38219635767877,15.587820227482542
0.6,93247,photon,1,6.7380509865628095,9,100000,0.99965,0.99965,0.00035,0.0,-57.77432447237242,16.561155621241255
0.6,93247,photon,1,6.7380509865628095,10,100000,0.99982,0.99982,0.00018,0.0,-64.16312851697461,17.44441683907031
0.6,93247,photon,1,6.7380509865628095,11,100000,0.99994,0.99994,6e-05,0.0,-70.55837213831819,18.262321090043386
0.6,93247,photon,1,6.7380509865628095,12,100000,0.99993,0.99993,7e-05,0.0,-76.97320672469061,19.064796253891622
0.6,93247,photon,2,7.566888516253341,1,100000,0.83981,0.83981,0.16019,0.0,-6.6121282094936635,5.480510363731728
0.6,93247,photon,2,7.566888516253341,2,100000,0.93306,0.93306,0.06694,0.0,-13.113151418535963,7.775818879772496
0.6,93247,photon,2,7.566888516253341,3,100000,0.97337,0.97337,0.02663,0.0,-19.587382961976747,9.516326806007076
0.6,93247,photon,2,7.566888516253341,4,100000,0.98756,0.98756,0.01244,0.0,-26.117154905716117,10.974720918291226
0.6,93247,photon,2,7.566888516253341,5,100000,0.99404,0.99404,0.00596,0.0,-32.60023370391409,12.269021484993955
0.6,93247,photon,2,7.566888516253341,6,100000,0.99684,0.99684,0.00316,0.0,-39.13040924481401,13.451536533724527
0.6,93247,photon,2,7.566888516253341,7,100000,0.99839,0.99839,0.00161,0.0,-45.658809358124806,14.519150223985786
0.6,93247,photon,2,7.566888516253341,8,100000,0.9992,0.9992,0.0008,0.0,-52.14335686470748,15.550441866949503
0.6,93247,photon,2,7.566888516253341,9,100000,0.99961,0.99961,0.00039,0.0,-58.64020366273483,16.483058808028748
0.6,93247,photon,2,7.566888516253341,10,100000,0.99978,0.99978,0.00022,0.0,-65.15643829117789,17.356858929939786
0.6,93247,photon,2,7.566888516253341,11,100000,0.9999,0.9999,0.0001,0.0,-71.64754432193483,18.21985505406538
0.6,93247,photon,2,7.566888516253341,12,100000,0.99994,0.99994,6e-05,0.0,-78.16579030264802,19.040584107742802
0.6,93247,photon,3,8.497680105358603,1,100000,0.84546,0.84546,0.15454,0.0,-6.7237166692506545,5.440797110360985
0.6,93247,photon,3,8.497680105358603,2,100000,0.93636,0.93636,0.06364,0.0,-13.339867450546786,7.724931586806844
0.6,93247,photon,3,8.497680105358603,3,100000,0.9746,0.9746,0.0254,0.0,-19.938747223733156,9.463101108663823
0.6,93247,photon,3,8.497680105358603,4,100000,0.98839,0.98839,0.01161,0.0,-26.560673826339613,10.933554344639061
0.6,93247,photon,3,8.497680105358603,5,100000,0.99472,0.99472,0.00528,0.0,-33.16657364724698,12.243512802933882
0.6,93247,photon,3,8.497680105358603,6,100000,0.99753,0.99753,0.00247,0.0,-39.72847478374385,13.40654461590329
0.6,93247,photon,3,8.497680105358603,7,100000,0.99873,0.99873,0.00127,0.0,-46.34538463142544,14.484505618123851
0.6,93247,photon,3,8.497680105358603,8,100000,0.99949,0.99949,0.00051,0.0,-52.927729765393956,15.43620895896658
0.6,93247,photon,3,8.497680105358603,9,100000,0.99972,0.99972,0.00028,0.0,-59.49165050008198,16.36116489709744
0.6,93247,photon,3,8.497680105358603,10,100000,0.99987,0.99987,0.00013,0.0,-66.0930836909582,17.25300003893746
0.6,93247,photon,3,8.497680105358603,11,100000,0.99994,0.99994,6e-05,0.0,-72.66772489420389,18.102511402712672
0.6,93247,photon,3,8.497680105358603,12,100000,0.99993,0.99993,7e-05,0.0,-79.25461282835279,18.879033263374517
0.6,93247,photon,4,9.542966969567782,1,100000,0.84703,0.84703,0.15297,0.0,-6.767396447352688,5.4252533657371576
0.6,93247,photon,4,9.542966969567782,2,100000,0.93734,0.93734,0.06266,0.0,-13.397688828553376,7.707527308367401
0.6,93247,photon,4,9.542966969567782,3,100000,0.97505,0.97505,0.02495,0.0,-20.040009819122748,9.462240241994062
0.6,93247,photon,4,9.542966969567782,4,100000,0.98862,0.98862,0.01138,0.0,-26.701276536900643,10.922446193458958
0.6,93247,photon,4,9.542966969567782,5,100000,0.99442,0.99442,0.00558,0.0,-33.33398395890616,12.181609510712551
0.6,93247,photon,4,9.542966969567782,6,100000,0.99736,0.99736,0.00264,0.0,-40.0252903592709,13.340196452859105
0.6,93247,photon,4,9.542966969567782,7,100000,0.99884,0.99884,0.00116,0.0,-46.65066360412683,14.45736438641928
0.6,93247,photon,4,9.542966969567782,8,100000,0.99945,0.99945,0.00055,0.0,-53.28262500574172,15.439390098090836
0.6,93247,photon,4,9.542966969567782,9,100000,0.99977,0.99977,0.00023,0.0,-59.94455232079477,16.377089118805735
0.6,93247,photon,4,9.542966969567782,10,100000,0.99989,0.99989,0.00011,0.0,-66.56543267440107,17.267582153133155
0.6,93247,photon,4,9.542966969567782,11,100000,0.99993,0.99993,7e-05,0.0,-73.20550127133106,18.116289180252657
0.6,93247,photon,4,9.542966969567782,12,100000,0.99996,0.99996,4e-05,0.0,-79.8720749603326,18.944733706479568
0.6,93247,photon,5,10.716833000672082,1,100000,0.84976,0.84976,0.15024,0.0,-6.852365575089853,5.401567822739957
0.6,93247,photon,5,10.716833000672082,2,100000,0.94046,0.94046,0.05954,0.0,-13.607540379202318,7.669594219207001
0.6,93247,photon,5,10.716833000672082,3,100000,0.97692,0.97692,0.02308,0.0,-20.319576890334933,9.415299360216181
0.6,93247,photon,5,10.716833000672082,4,100000,0.98984,0.98984,0.01016,0.0,-27.098759256140116,10.85459070810157
0.6,93247,photon,5,10.716833000672082,5,100000,0.99536,0.99536,0.00464,0.0,-33.824515918836546,12.097613346455448
0.6,93247,photon,5,10.716833000672082,6,100000,0.99784,0.99784,0.00216,0.0,-40.52660824427156,13.264048833888697
0.6,93247,photon,5,10.716833000672082,7,100000,0.99885,0.99885,0.00115,0.0,-47.239605500146595,14.341798034508306
0.6,93247,photon,5,10.716833000672082,8,100000,0.9995,0.9995,0.0005,0.0,-53.9482232704437,15.316841696196178
0.6,93247,photon,5,10.716833000672082,9,100000,0.99977,0.99977,0.00023,0.0,-60.65450769631822,16.25256697124962
0.6,93247,photon,5,10.716833000672082,10,100000,0.99994,0.99994,6e-05,0.0,-67.39000613929231,17.11919677547524
0.6,93247,photon,5,10.716833000672082,11,100000,0.99997,0.99997,3e-05,0.0,-74.12446696161591,17.95653426364451
0.6,93247,photon,5,10.716833000672082,12,100000,0.99998,0.99998,2e-05,0.0,-80.8659182717281,18.729756154166555
0.6,93247,photon,6,12.035094528834572,1,100000,0.85092,0.85092,0.14908,0.0,-6.887396794915766,5.3930125417561054
0.6,93247,photon,6,12.035094528834572,2,100000,0.94108,0.94108,0.05892,0.0,-13.666742561770539,7.672898330677204
0.6,93247,photon,6,12.035094528834572,3,100000,0.97803,0.97803,0.02197,0.0,-20.409627285688426,9.391005805607245
0.6,93247,photon,6,12.035094528834572,4,100000,0.98997,0.98997,0.01003,0.0,-27.221761999029425,10.82842198621698
0.6,93247,photon,6,12.035094528834572,5,100000,0.99605,0.99605,0.00395,0.0,-33.97829491995999,12.111031806892822
0.6,93247,photon,6,12.035094528834572,6,100000,0.99835,0.99835,0.00165,0.0,-40.7623860410278,13.241454731652555
0.6,93247,photon,6,12.035094528834572,7,100000,0.99916,0.99916,0.00084,0.0,-47.55731028229315,14.310136616370762
0.6,93247,photon,6,12.035094528834572,8,100000,0.99959,0.99959,0.00041,0.0,-54.325500741494245,15.30367131177283
0.6,93247,photon,6,12.035094528834572,9,100000,0.99979,0.99979,0.00021,0.0,-61.06971774298264,16.225797827112476
0.6,93247,photon,6,12.035094528834572,10,100000,0.99992,0.99992,8e-05,0.0,-67.88139726306827,17.085490561587005
0.6,93247,photon,6,12.035094528834572,11,100000,0.99992,0.99992,8e-05,0.0,-74.65900214962225,17.916766550153902
0.6,93247,photon,6,12.035094528834572,12,100000,0.99996,0.99996,4e-05,0.0,-81.4482488376754,18.740914531098614
0.6,93247,photon,7,13.515513427231737,1,100000,0.85415,0.85415,0.14585,0.0,-6.946217252667321,5.369020135119942
0.6,93247,photon,7,13.515513427231737,2,100000,0.9427,0.9427,0.0573,0.0,-13.757040198479341,7.6240909347877235
0.6,93247,photon,7,13.515513427231737,3,100000,0.97899,0.97899,0.02101,0.0,-20.575101709432545,9.33368352285042
0.6,93247,photon,7,13.515513427231737,4,100000,0.99077,0.99077,0.00923,0.0,-27.408730440808913,10.78895848307176
0.6,93247,photon,7,13.515513427231737,5,100000,0.9957,0.9957,0.0043,0.0,-34.220607978001254,12.07916554996108
0.6,93247,photon,7,13.515513427231737,6,100000,0.99789,0.99789,0.00211,0.0,-41.05127644712535,13.230770470155672
0.6,93247,photon,7,13.515513427231737,7,100000,0.99925,0.99925,0.00075,0.0,-47.85766741634729,14.28024800504799
0.6,93247,photon,7,13.515513427231737,8,100000,0.99963,0.99963,0.00037,0.0,-54.67865257263447,15.272270602736063
0.6,93247,photon,7,13.515513427231737,9,100000,0.99983,0.99983,0.00017,0.0,-61.52972038598339,16.22067067822453
0.6,93247,photon,7,13.515513427231737,10,100000,0.99991,0.99991,9e-05,0.0,-68.36876114553546,17.0772303607444
0.6,93247,photon,7,13.515513427231737,11,100000,0.99994,0.99994,6e-05,0.0,-75.18476848691543,17.903493190901358
0.6,93247,photon,7,13.515513427231737,12,100000,1.0,1.0,0.0,0.0,-81.996196214474,18.679575239703862
0.6,93247,photon,8,15.178036430376956,1,100000,0.85744,0.85744,0.14256,0.0,-7.00774348124407,5.333890500951024
0.6,93247,photon,8,15.178036430376956,2,100000,0.94621,0.94621,0.05379,0.0,-13.901331545938511,7.577867808503616
0.6,93247,photon,8,15.178036430376956,3,100000,0.98037,0.98037,0.01963,0.0,-20.82408951670039,9.281621033468442
0.6,93247,photon,8,15.178036430376956,4,100000,0.99145,0.99145,0.00855,0.0,-27.748360473243427,10.725580584085545
0.6,93247,photon,8,15.178036430376956,5,100000,0.9961,0.9961,0.0039,0.0,-34.631827170543595,12.003163450093162
0.6,93247,photon,8,15.178036430376956,6,100000,0.9982,0.9982,0.0018,0.0,-41.508211790726016,13.1459488191361
0.6,93247,photon,8,15.178036430376956,7,100000,0.99923,0.99923,0.00077,0.0,-48.367474813653224,14.22597004432625
0.6,93247,photon,8,15.178036430376956,8,100000,0.9997,0.9997,0.0003,0.0,-55.227128494381795,15.21603046208241
0.6,93247,photon,8,15.178036430376956,9,100000,0.99988,0.99988,0.00012,0.0,-62.11751906792365,16.146114749821482
0.6,93247,photon,8,15.178036430376956,10,100000,0.99996,0.99996,4e-05,0.0,-68.96606672383871,17.04681054259
0.6,93247,photon,8,15.178036430376956,11,100000,0.99999,0.99999,1e-05,0.0,-75.8629811032509,17.874430172959013
0.6,93247,photon,8,15.178036430376956,12,100000,0.99999,0.99999,1e-05,0.0,-82.71038897009602,18.64832373930982
0.6,93247,photon,9,17.045063890631276,1,100000,0.85827,0.85827,0.14173,0.0,-7.029145873231369,5.330912426971193
0.6,93247,photon,9,17.045063890631276,2,100000,0.94615,0.94615,0.05385,0.0,-13.934336773256655,7.586983559807868
0.6,93247,photon,9,17.045063890631276,3,100000,0.98067,0.98067,0.01933,0.0,-20.834913550865515,9.28092272220371
0.6,93247,photon,9,17.045063890631276,4,100000,0.99174,0.99174,0.00826,0.0,-27.78220187865067,10.71636383541044
0.6,93247,photon,9,17.045063890631276,5,100000,0.99632,0.99632,0.00368,0.0,-34.68648311288944,11.983987361388227
0.6,93247,photon,9,17.045063890631276,6,100000,0.99819,0.99819,0.00181,0.0,-41.598181084700926,13.135315752964331
0.6,93247,photon,9,17.045063890631276,7,100000,0.99935,0.99935,0.00065,0.0,-48.50218840809238,14.187023818786166
0.6,93247,photon,9,17.045063890631276,8,100000,0.99974,0.99974,0.00026,0.0,-55.37870465788916,15.15176828253135
0.6,93247,photon,9,17.045063890631276,9,100000,0.99985,0.99985,0.00015,0.0,-62.273631278507004,16.099735566007027
0.6,93247,photon,9,17.045063890631276,10,100000,0.99994,0.99994,6e-05,0.0,-69.19358190112585,16.978868412962445
0.6,93247,photon,9,17.045063890631276,11,100000,0.99996,0.99996,4e-05,0.0,-76.08526118437149,17.826727674914526
0.6,93247,photon,9,17.045063890631276,12,100000,0.99999,0.99999,1e-05,0.0,-82.9784654856586,18.614935834128993
0.6,93247,photon,10,19.14175159404904,1,100000,0.85964,0.85964,0.14036,0.0,-7.070270507611415,5.314196814285748
0.6,93247,photon,10,19.14175159404904,2,100000,0.94834,0.94834,0.05166,0.0,-14.057357547580477,7.545905800187863
0.6,93247,photon,10,19.14175159404904,3,100000,0.98161,0.98161,0.01839,0.0,-21.038490342752883,9.252125850557315
0.6,93247,photon,10,19.14175159404904,4,100000,0.99235,0.99235,0.00765,0.0,-28.00286103225755,10.695534222598688
0.6,93247,photon,10,19.14175159404904,5,100000,0.99652,0.99652,0.00348,0.0,-34.92822610068284,11.98290856011347
0.6,93247,photon,10,19.14175159404904,6,100000,0.99826,0.99826,0.00174,0.0,-41.865446793654485,13.151704687623031
0.6,93247,photon,10,19.14175159404904,7,100000,0.99929,0.99929,0.00071,0.0,-48.77738051958385,14.22108071455729
0.6,93247,photon,10,19.14175159404904,8,100000,0.99959,0.99959,0.00041,0.0,-55.70637409498447,15.19600102012806
0.6,93247,photon,10,19.14175159404904,9,100000,0.99983,0.99983,0.00017,0.0,-62.64434037978624,16.119944519063633
0.6,93247,photon,10,19.14175159404904,10,100000,0.9999,0.9999,0.0001,0.0,-69.57433655319194,16.989701131859434
0.6,93247,photon,10,19.14175159404904,11,100000,0.99996,0.99996,4e-05,0.0,-76.54322234995016,17.799900081005596
0.6,93247,photon,10,19.14175159404904,12,100000,0.99999,0.99999,1e-05,0.0,-83.52747512156647,18.583807971932934
0.6,93247,photon,11,21.49634970213705,1,100000,0.86109,0.86109,0.13891,0.0,-7.108581816823678,5.300382116482908
0.6,93247,photon,11,21.49634970213705,2,100000,0.94941,0.94941,0.05059,0.0,-14.102393863806721,7.5393427233394785
0.6,93247,photon,11,21.49634970213705,3,100000,0.98192,0.98192,0.01808,0.0,-21.092109057253477,9.240688835146651
0.6,93247,photon,11,21.49634970213705,4,100000,0.9921,0.9921,0.0079,0.0,-28.11266579234371,10.667258958531166
0.6,93247,photon,11,21.49634970213705,5,100000,0.99653,0.99653,0.00347,0.0,-35.11123079284018,11.946354367458813
0.6,93247,photon,11,21.49634970213705,6,100000,0.99842,0.99842,0.00158,0.0,-42.134938119761124,13.093152743933736
0.6,93247,photon,11,21.49634970213705,7,100000,0.99928,0.99928,0.00072,0.0,-49.17825513993828,14.121267644348904
0.6,93247,photon,11,21.49634970213705,8,100000,0.99966,0.99966,0.00034,0.0,-56.13941432492113,15.12613874676404
0.6,93247,photon,11,21.49634970213705,9,100000,0.99987,0.99987,0.00013,0.0,-63.118446360781576,16.06912134496911
0.6,93247,photon,11,21.49634970213705,10,100000,0.99993,0.99993,7e-05,0.0,-70.08572615152744,16.9399388997829
0.6,93247,photon,11,21.49634970213705,11,100000,0.99997,0.99997,3e-05,0.0,-77.04686601974002,17.77585700555615
0.6,93247,photon,11,21.49634970213705,12,100000,0.99999,0.99999,1e-05,0.0,-84.01022559033528,18.57592431230555
0.6,93247,photon,12,24.14058338633063,1,100000,0.85916,0.85916,0.14084,0.0,-7.113804247549883,5.308530486020926
0.6,93247,photon,12,24.14058338633063,2,100000,0.94988,0.94988,0.05012,0.0,-14.152371527460545,7.521704265947523
0.6,93247,photon,12,24.14058338633063,3,100000,0.98174,0.98174,0.01826,0.0,-21.17792281130793,9.23628182409997
0.6,93247,photon,12,24.14058338633063,4,100000,0.99256,0.99256,0.00744,0.0,-28.21132074293468,10.676660483673738
0.6,93247,photon,12,24.14058338633063,5,100000,0.99672,0.99672,0.00328,0.0,-35.20810902419099,11.975032204579929
0.6,93247,photon,12,24.14058338633063,6,100000,0.99863,0.99863,0.00137,0.0,-42.2313643214952,13.099537392087093
0.6,93247,photon,12,24.14058338633063,7,100000,0.99941,0.99941,0.00059,0.0,-49.2563249917472,14.162574022123112
0.6,93247,photon,12,24.14058338633063,8,100000,0.9998,0.9998,0.0002,0.0,-56.27084879658794,15.121651358520905
0.6,93247,photon,12,24.14058338633063,9,100000,0.99991,0.99991,9e-05,0.0,-63.28105887686237,16.059509177952577
0.6,93247,photon,12,24.14058338633063,10,100000,0.99996,0.99996,4e-05,0.0,-70.26631762632421,16.902635044340624
0.6,93247,photon,12,24.14058338633063,11,100000,0.99995,0.99995,5e-05,0.0,-77.26628269279834,17.72636300679001
0.6,93247,photon,12,24.14058338633063,12,100000,1.0,1.0,0.0,0.0,-84.25315108305904,18.50056842536596
0.6,93247,photon,13,27.110080283744477,1,100000,0.86336,0.86336,0.13664,0.0,-7.154973927928233,5.279234737712108
0.6,93247,photon,13,27.110080283744477,2,100000,0.95109,0.95109,0.04891,0.0,-14.220644637791617,7.494121887936163
0.6,93247,photon,13,27.110080283744477,3,100000,0.98324,0.98324,0.01676,0.0,-21.245670694747986,9.17870615477685
0.6,93247,photon,13,27.110080283744477,4,100000,0.9925,0.9925,0.0075,0.0,-28.276782361567417,10.634267102262028
0.6,93247,photon,13,27.110080283744477,5,100000,0.99681,0.99681,0.00319,0.0,-35.33374916033134,11.90520579057298
0.6,93247,photon,13,27.110080283744477,6,100000,0.99855,0.99855,0.00145,0.0,-42.33827382847144,13.059962160058136
0.6,93247,photon,13,27.110080283744477,7,100000,0.99947,0.99947,0.00053,0.0,-49.37030848444973,14.117628747695733
0.6,93247,photon,13,27.110080283744477,8,100000,0.99976,0.99976,0.00024,0.0,-56.42471563513618,15.098942999905878
0.6,93247,photon,13,27.110080283744477,9,100000,0.99985,0.99985,0.00015,0.0,-63.49096138447332,16.026749890740145
0.6,93247,photon,13,27.110080283744477,10,100000,0.99995,0.99995,5e-05,0.0,-70.51717244297953,16.898835822889097
0.6,93247,photon,13,27.110080283744477,11,100000,0.99997,0.99997,3e-05,0.0,-77.53978922368299,17.726827312717443
0.6,93247,photon,13,27.110080283744477,12,100000,0.99999,0.99999,1e-05,0.0,-84.5903362557546,18.515778556313855
0.6,93247,photon,14,30.44485053361357,1,100000,0.86398,0.86398,0.13602,0.0,-7.1638793222444175,5.277900986784357
0.6,93247,photon,14,30.44485053361357,2,100000,0.95058,0.95058,0.04942,0.0,-14.230976499485168,7.491796247367567
0.6,93247,photon,14,30.44485053361357,3,100000,0.98236,0.98236,0.01764,0.0,-21.267138349067597,9.168914209773959
0.6,93247,photon,14,30.44485053361357,4,100000,0.99293,0.99293,0.00707,0.0,-28.331298791371452,10.564055754864118
0.6,93247,photon,14,30.44485053361357,5,100000,0.99706,0.99706,0.00294,0.0,-35.38562487916059,11.839435721269735
0.6,93247,photon,14,30.44485053361357,6,100000,0.99875,0.99875,0.00125,0.0,-42.4642447602536,12.986137406770723
0.6,93247,photon,14,30.44485053361357,7,100000,0.99944,0.99944,0.00056,0.0,-49.52409661140523,14.047539679166894
0.6,93247,photon,14,30.44485053361357,8,100000,0.99972,0.99972,0.00028,0.0,-56.571340016965394,15.028874164156683
0.6,93247,photon,14,30.44485053361357,9,100000,0.99989,0.99989,0.00011,0.0,-63.60548909746065,15.956372416456137
0.6,93247,photon,14,30.44485053361357,10,100000,0.99994,0.99994,6e-05,0.0,-70.67184636459662,16.8643531686223
0.6,93247,photon,14,30.44485053361357,11,100000,0.99999,0.99999,1e-05,0.0,-77.74276913621325,17.680165070874207
0.6,93247,photon,14,30.44485053361357,12,100000,1.0,1.0,0.0,0.0,-84.77837548246073,18.505328475730916
0.6,93247,photon,15,34.189825862295365,1,100000,0.86517,0.86517,0.13483,0.0,-7.192926704038456,5.263418384651755
0.6,93247,photon,15,34.189825862295365,2,100000,0.9517,0.9517,0.0483,0.0,-14.264851310318187,7.4793588660232855
0.6,93247,photon,15,34.189825862295365,3,100000,0.98355,0.98355,0.01645,0.0,-21.3353652840582,9.152423745349456
0.6,93247,photon,15,34.189825862295365,4,100000,0.99303,0.99303,0.00697,0.0,-28.41380403411174,10.603823041166553
0.6,93247,photon,15,34.189825862295365,5,100000,0.99697,0.99697,0.00303,0.0,-35.50102982556559,11.849319806029968
0.6,93247,photon,15,34.189825862295365,6,100000,0.99865,0.99865,0.00135,0.0,-42.59411024281132,12.990833916319435
0.6,93247,photon,15,34.189825862295365,7,100000,0.99934,0.99934,0.00066,0.0,-49.67785805123875,14.041755286503962
0.6,93247,photon,15,34.189825862295365,8,100000,0.9997,0.9997,0.0003,0.0,-56.77882357317685,15.02666926876078
0.6,93247,photon,15,34.189825862295365,9,100000,0.99988,0.99988,0.00012,0.0,-63.84038756817562,15.946610589523395
0.6,93247,photon,15,34.189825862295365,10,100000,0.99996,0.99996,4e-05,0.0,-70.92425153025494,16.825482311870694
0.6,93247,photon,15,34.189825862295365,11,100000,0.99998,0.99998,2e-05,0.0,-77.99035838829218,17.636918802621913
0.6,93247,photon,15,34.189825862295365,12,100000,1.0,1.0,0.0,0.0,-85.04478523531671,18.44485727719606
0.6,93247,photon,16,38.395464980308326,1,100000,0.86592,0.86592,0.13408,0.0,-7.217502888442914,5.257629750986544
0.6,93247,photon,16,38.395464980308326,2,100000,0.95043,0.95043,0.04957,0.0,-14.284689931385385,7.512179240660758
0.6,93247,photon,16,38.395464980308326,3,100000,0.98323,0.98323,0.01677,0.0,-21.42983074295939,9.156143521021718
0.6,93247,photon,16,38.395464980308326,4,100000,0.99345,0.99345,0.00655,0.0,-28.545795780510595,10.558716911424991
0.6,93247,photon,16,38.395464980308326,5,100000,0.99702,0.99702,0.00298,0.0,-35.62315550390617,11.818222706997402
0.6,93247,photon,16,38.395464980308326,6,100000,0.99861,0.99861,0.00139,0.0,-42.72801814539097,12.958785029394761
0.6,93247,photon,16,38.395464980308326,7,100000,0.99945,0.99945,0.00055,0.0,-49.84524453412775,13.972209537711024
0.6,93247,photon,16,38.395464980308326,8,100000,0.99982,0.99982,0.00018,0.0,-56.930545080311,14.952243492952624
0.6,93247,photon,16,38.395464980308326,9,100000,0.99994,0.99994,6e-05,0.0,-64.0315940928421,15.85594287477918
0.6,93247,photon,16,38.395464980308326,10,100000,0.99996,0.99996,4e-05,0.0,-71.14027854006345,16.733223884897047
0.6,93247,photon,16,38.395464980308326,11,100000,0.99997,0.99997,3e-05,0.0,-78.2586797022003,17.556553997521828
0.6,93247,photon,16,38.395464980308326,12,100000,0.99999,0.99999,1e-05,0.0,-85.37222378433768,18.36536165692118
0.6,93247,photon,17,43.11843344835072,1,100000,0.86499,0.86499,0.13501,0.0,-7.244558571484701,5.247031832707387
0.6,93247,photon,17,43.11843344835072,2,100000,0.95352,0.95352,0.04648,0.0,-14.387785528729134,7.431105725830666
0.6,93247,photon,17,43.11843344835072,3,100000,0.98379,0.98379,0.01621,0.0,-21.516450265369546,9.116206282021427
0.6,93247,photon,17,43.11843344835072,4,100000,0.99346,0.99346,0.00654,0.0,-28.669571782781336,10.542634656722996
0.6,93247,photon,17,43.11843344835072,5,100000,0.99717,0.99717,0.00283,0.0,-35.80205274977102,11.810307726596267
0.6,93247,photon,17,43.11843344835072,6,100000,0.99891,0.99891,0.00109,0.0,-42.9310318482532,12.925946526612396
0.6,93247,photon,17,43.11843344835072,7,100000,0.99951,0.99951,0.00049,0.0,-50.04374706703246,13.963289306422627
0.6,93247,photon,17,43.11843344835072,8,100000,0.99982,0.99982,0.00018,0.0,-57.16798805975715,14.939971358319424
0.6,93247,photon,17,43.11843344835072,9,100000,0.99989,0.99989,0.00011,0.0,-64.26373306021121,15.849332651202987
0.6,93247,photon,17,43.11843344835072,10,100000,0.99995,0.99995,5e-05,0.0,-71.36030018848527,16.711530189121337
0.6,93247,photon,17,43.11843344835072,11,100000,0.99998,0.99998,2e-05,0.0,-78.47016095284152,17.557589803536956
0.6,93247,photon,17,43.11843344835072,12,100000,1.0,1.0,0.0,0.0,-85.600562243598,18.341426832434355
0.6,93247,photon,18,48.422367172617065,1,100000,0.86647,0.86647,0.13353,0.0,-7.230589358855561,5.2553107594386494
0.6,93247,photon,18,48.422367172617065,2,100000,0.95189,0.95189,0.04811,0.0,-14.398439510796624,7.458462791229281
0.6,93247,photon,18,48.422367172617065,3,100000,0.98334,0.98334,0.01666,0.0,-21.545978649848696,9.14744887737535
0.6,93247,photon,18,48.422367172617065,4,100000,0.99344,0.99344,0.00656,0.0,-28.7187979545006,10.54540204299256
0.6,93247,photon,18,48.422367172617065,5,100000,0.9973,0.9973,0.0027,0.0,-35.83837808752651,11.80791193310358
0.6,93247,photon,18,48.422367172617065,6,100000,0.9988,0.9988,0.0012,0.0,-42.95576664588326,12.955548068775771
0.6,93247,photon,18,48.422367172617065,7,100000,0.99956,0.99956,0.00044,0.0,-50.09531917665078,13.993118520876621
0.6,93247,photon,18,48.422367172617065,8,100000,0.99984,0.99984,0.00016,0.0,-57.2548072255935,14.960282399388888
0.6,93247,photon,18,48.422367172617065,9,100000,0.99993,0.99993,7e-05,0.0,-64.3819386930886,15.838468946397676
0.6,93247,photon,18,48.422367172617065,10,100000,0.99998,0.99998,2e-05,0.0,-71.513698481816,16.68736814977021
0.6,93247,photon,18,48.422367172617065,11,100000,0.99999,0.99999,1e-05,0.0,-78.65918619813034,17.52806436074232
0.6,93247,photon,18,48.422367172617065,12,100000,0.99999,0.99999,1e-05,0.0,-85.81470743835855,18.30558646449464
0.6,93247,photon,19,54.37872981652651,1,100000,0.86632,0.86632,0.13368,0.0,-7.249652158285156,5.251908786366314
0.6,93247,photon,19,54.37872981652651,2,100000,0.95162,0.95162,0.04838,0.0,-14.3950984116884,7.476768667308008
0.6,93247,photon,19,54.37872981652651,3,100000,0.98339,0.98339,0.01661,0.0,-21.53377072693504,9.137814204992363
0.6,93247,photon,19,54.37872981652651,4,100000,0.99312,0.99312,0.00688,0.0,-28.674680326614528,10.559087173058142
0.6,93247,photon,19,54.37872981652651,5,100000,0.9973,0.9973,0.0027,0.0,-35.82851810338819,11.765623374962788
0.6,93247,photon,19,54.37872981652651,6,100000,0.99897,0.99897,0.00103,0.0,-42.98987022207842,12.885929275786076
0.6,93247,photon,19,54.37872981652651,7,100000,0.99953,0.99953,0.00047,0.0,-50.12219342830586,13.93669723667689
0.6,93247,photon,19,54.37872981652651,8,100000,0.99982,0.99982,0.00018,0.0,-57.25513736106252,14.914459290419838
0.6,93247,photon,19,54.37872981652651,9,100000,0.99985,0.99985,0.00015,0.0,-64.40836701594755,15.821693028370245
0.6,93247,photon,19,54.37872981652651,10,100000,0.99996,0.99996,4e-05,0.0,-71.5267811354579,16.68098650926625
0.6,93247,photon,19,54.37872981652651,11,100000,0.99998,0.99998,2e-05,0.0,-78.66453849657964,17.491927638618908
0.6,93247,photon,19,54.37872981652651,12,100000,0.99999,0.99999,1e-05,0.0,-85.78462744516615,18.29015562280235
0.6,93247,su2,0,6.0,1,100000,0.90271,0.09729,0.90271,0.0,3.375312312551575,2.1168235854687056
0.6,93247,su2,0,6.0,2,100000,0.96828,0.03172,0.96828,0.0,6.7568765725534945,2.9816530873592906
0.6,93247,su2,0,6.0,3,100000,0.98471,0.01529,0.98471,0.0,10.13065225347967,3.6400970638384393
0.6,93247,su2,0,6.0,4,100000,0.99278,0.00722,0.99278,0.0,13.502424244481197,4.203781174037266
0.6,93247,su2,0,6.0,5,100000,0.99649,0.00351,0.99649,0.0,16.86676810220411,4.701648612381831
0.6,93247,su2,0,6.0,6,100000,0.99838,0.00162,0.99838,0.0,20.216202691069647,5.153745869065224
0.6,93247,su2,0,6.0,7,100000,0.99899,0.00101,0.99899,0.0,23.568837916020406,5.57725074706725
0.6,93247,su2,0,6.0,8,100000,0.99962,0.00038,0.99962,0.0,26.930041086483133,5.9554059976370155
0.6,93247,su2,0,6.0,9,100000,0.99977,0.00023,0.99977,0.0,30.287911830669266,6.326664697244836
0.6,93247,su2,0,6.0,10,100000,0.99986,0.00014,0.99986,0.0,33.64964530832763,6.674093191217838
0.6,93247,su2,0,6.0,11,100000,0.99995,5e-05,0.99995,0.0,37.016990741604594,7.001277910991682
0.6,93247,su2,0,6.0,12,100000,0.99997,3e-05,0.99997,0.0,40.36087132875285,7.314431469821494
0.6,93247,su2,1,7.3107262009924305,1,100000,0.90182,0.09818,0.90182,0.0,3.3668798567066545,2.1229332002914973
0.6,93247,su2,1,7.3107262009924305,2,100000,0.96744,0.03256,0.96744,0.0,6.7153489544202705,2.9884833669254203
0.6,93247,su2,1,7.3107262009924305,3,100000,0.98409,0.01591,0.98409,0.0,10.064841709446771,3.6649014179168056
0.6,93247,su2,1,7.3107262009924305,4,100000,0.99207,0.00793,0.99207,0.0,13.413554847422047,4.241958716977048
0.6,93247,su2,1,7.3107262009924305,5,100000,0.99588,0.00412,0.99588,0.0,16.74825346572132,4.750265385274497
0.6,93247,su2,1,7.3107262009924305,6,100000,0.99801,0.00199,0.99801,0.0,20.092230803715314,5.209106068300404
0.6,93247,su2,1,7.3107262009924305,7,100000,0.99911,0.00089,0.99911,0.0,23.435589679086483,5.63976637206254
0.6,93247,su2,1,7.3107262009924305,8,100000,0.99951,0.00049,0.99951,0.0,26.779482614327335,6.0200994286160805
0.6,93247,su2,1,7.3107262009924305,9,100000,0.99972,0.00028,0.99972,0.0,30.1239477976757,6.387771520289534
0.6,93247,su2,1,7.3107262009924305,10,100000,0.99989,0.00011,0.99989,0.0,33.46904753832202,6.728588949701833
0.6,93247,su2,1,7.3107262009924305,11,100000,0.99995,5e-05,0.99995,0.0,36.81532442603477,7.057829143771716
0.6,93247,su2,1,7.3107262009924305,12,100000,0.99999,1e-05,0.99999,0.0,40.155297484687324,7.369675527572392
0.6,93247,su2,2,8.90778626431287,1,100000,0.90089,0.09911,0.90089,0.0,3.3554792723390254,2.1298952085170924
0.6,93247,su2,2,8.90778626431287,2,100000,0.96759,0.03241,0.96759,0.0,6.704046260604855,3.0071712214368547
0.6,93247,su2,2,8.90778626431287,3,100000,0.98344,0.01656,0.98344,0.0,10.03904830164263,3.688481724883266
0.6,93247,su2,2,8.90778626431287,4,100000,0.99161,0.00839,0.99161,0.0,13.3698038624134,4.256324503864821
0.6,93247,su2,2,8.90778626431287,5,100000,0.99607,0.00393,0.99607,0.0,16.7152551420889,4.757904572203101
0.6,93247,su2,2,8.90778626431287,6,100000,0.998,0.002,0.998,0.0,20.041813974179522,5.231595665249238
0.6,93247,su2,2,8.90778626431287,7,100000,0.99904,0.00096,0.99904,0.0,23.372148273792686,5.64316080614686
0.6,93247,su2,2,8.90778626431287,8,100000,0.99951,0.00049,0.99951,0.0,26.716918768575233,6.035052368400692
0.6,93247,su2,2,8.90778626431287,9,100000,0.99978,0.00022,0.99978,0.0,30.053618653438985,6.403541041317359
0.6,93247,su2,2,8.90778626431287,10,100000,0.99986,0.00014,0.99986,0.0,33.3690362017493,6.769789742483466
0.6,93247,su2,2,8.90778626431287,11,100000,0.99994,6e-05,0.99994,0.0,36.6914299122254,7.0919203813712395
0.6,93247,su2,2,8.90778626431287,12,100000,0.99996,4e-05,0.99996,0.0,40.01410562360062,7.413302369770767
0.6,93247,su2,3,10.853731072558768,1,100000,0.90012,0.09988,0.90012,0.0,3.352018703622569,2.124233070251405
0.6,93247,su2,3,10.853731072558768,2,100000,0.9665,0.0335,0.9665,0.0,6.690761915828205,3.004342215849787
0.6,93247,su2,3,10.853731072558768,3,100000,0.98354,0.01646,0.98354,0.0,10.015011610331104,3.6959301296392626
0.6,93247,su2,3,10.853731072558768,4,100000,0.99173,0.00827,0.99173,0.0,13.347884203665686,4.263708846462351
0.6,93247,su2,3,10.853731072558768,5,100000,0.99583,0.00417,0.99583,0.0,16.673987884887566,4.768768806015328
0.6,93247,su2,3,10.853731072558768,6,100000,0.99797,0.00203,0.99797,0.0,19.998798623260516,5.234816770792737
0.6,93247,su2,3,10.853731072558768,7,100000,0.99903,0.00097,0.99903,0.0,23.324529897297364,5.66035538362697
0.6,93247,su2,3,10.853731072558768,8,100000,0.99947,0.00053,0.99947,0.0,26.646416140554965,6.065802077216334
0.6,93247,su2,3,10.853731072558768,9,100000,0.99978,0.00022,0.99978,0.0,29.956751020895894,6.440672855170545
0.6,93247,su2,3,10.853731072558768,10,100000,0.99988,0.00012,0.99988,0.0,33.28097674252521,6.794654537545253
0.6,93247,su2,3,10.853731072558768,11,100000,0.99991,9e-05,0.99991,0.0,36.59249247184615,7.127722567616625
0.6,93247,su2,3,10.853731072558768,12,100000,0.99994,6e-05,0.99994,0.0,39.90621428914798,7.441156846842988
0.6,93247,su2,4,13.224776021780174,1,100000,0.90064,0.09936,0.90064,0.0,3.3444579434231003,2.136693717714403
0.6,93247,su2,4,13.224776021780174,2,100000,0.96531,0.03469,0.96531,0.0,6.652500027393449,3.0372022832214616
0.6,93247,su2,4,13.224776021780174,3,100000,0.98277,0.01723,0.98277,0.0,9.970639319028166,3.7158780846502206
0.6,93247,su2,4,13.224776021780174,4,100000,0.9911,0.0089,0.9911,0.0,13.274056375500395,4.285614390687546
0.6,93247,su2,4,13.224776021780174,5,100000,0.99575,0.00425,0.99575,0.0,16.586051966373205,4.7995996433603025
0.6,93247,su2,4,13.224776021780174,6,100000,0.99782,0.00218,0.99782,0.0,19.895847392127422,5.256573419753588
0.6,93247,su2,4,13.224776021780174,7,100000,0.99892,0.00108,0.99892,0.0,23.215233403720866,5.674568524317247
0.6,93247,su2,4,13.224776021780174,8,100000,0.99952,0.00048,0.99952,0.0,26.537090713356562,6.06473680633212
0.6,93247,su2,4,13.224776021780174,9,100000,0.99976,0.00024,0.99976,0.0,29.84662983930745,6.43939110714703
0.6,93247,su2,4,13.224776021780174,10,100000,0.99988,0.00012,0.99988,0.0,33.159580596925494,6.784911048403551
0.6,93247,su2,4,13.224776021780174,11,100000,0.99992,8e-05,0.99992,0.0,36.481250073226114,7.109950522808471
0.6,93247,su2,4,13.224776021780174,12,100000,0.99996,4e-05,0.99996,0.0,39.79718656731904,7.426618086868303
0.6,93247,su2,5,16.113786094114122,1,100000,0.89839,0.10161,0.89839,0.0,3.3375952284417947,2.1476470776008805
0.6,93247,su2,5,16.113786094114122,2,100000,0.96576,0.03424,0.96576,0.0,6.657478416943019,3.026478062299279
0.6,93247,su2,5,16.113786094114122,3,100000,0.98251,0.01749,0.98251,0.0,9.96318460853123,3.7196025929192604
0.6,93247,su2,5,16.113786094114122,4,100000,0.99116,0.00884,0.99116,0.0,13.285712075389885,4.287052099816764
0.6,93247,su2,5,16.113786094114122,5,100000,0.9956,0.0044,0.9956,0.0,16.596946276766637,4.798525523967986
0.6,93247,su2,5,16.113786094114122,6,100000,0.99823,0.00177,0.99823,0.0,19.911708288866503,5.25336485769532
0.6,93247,su2,5,16.113786094114122,7,100000,0.99899,0.00101,0.99899,0.0,23.223653840105957,5.680500587361223
0.6,93247,su2,5,16.113786094114122,8,100000,0.99952,0.00048,0.99952,0.0,26.532981304997957,6.08036331774199
0.6,93247,su2,5,16.113786094114122,9,100000,0.99975,0.00025,0.99975,0.0,29.83543055059838,6.450080468986115
0.6,93247,su2,5,16.113786094114122,10,100000,0.99986,0.00014,0.99986,0.0,33.14336579877335,6.800481498981701
0.6,93247,su2,5,16.113786094114122,11,100000,0.99993,7e-05,0.99993,0.0,36.44488961905236,7.148373540477672
0.6,93247,su2,5,16.113786094114122,12,100000,0.99998,2e-05,0.99998,0.0,39.75850705387616,7.466306854871882
0.6,93247,su2,6,19.63391303257127,1,100000,0.89848,0.10152,0.89848,0.0,3.325926734908946,2.145428818991084
0.6,93247,su2,6,19.63391303257127,2,100000,0.96581,0.03419,0.96581,0.0,6.641298814599586,3.0223097433925434
0.6,93247,su2,6,19.63391303257127,3,100000,0.98319,0.01681,0.98319,0.0,9.938246423932277,3.715308326167166
0.6,93247,su2,6,19.63391303257127,4,100000,0.99131,0.00869,0.99131,0.0,13.259672749777618,4.298689628383976
0.6,93247,su2,6,19.63391303257127,5,100000,0.99561,0.00439,0.99561,0.0,16.567651815055466,4.799161237159698
0.6,93247,su2,6,19.63391303257127,6,100000,0.99797,0.00203,0.99797,0.0,19.880100930794416,5.252193091122875
0.6,93247,su2,6,19.63391303257127,7,100000,0.99893,0.00107,0.99893,0.0,23.184627418439003,5.694460996089726
0.6,93247,su2,6,19.63391303257127,8,100000,0.99957,0.00043,0.99957,0.0,26.498480117184222,6.082599573504318
0.6,93247,su2,6,19.63391303257127,9,100000,0.9998,0.0002,0.9998,0.0,29.80746048895264,6.433798693056834
0.6,93247,su2,6,19.63391303257127,10,100000,0.99985,0.00015,0.99985,0.0,33.12318790163044,6.794472502034169
0.6,93247,su2,6,19.63391303257127,11,100000,0.99995,5e-05,0.99995,0.0,36.41737299913909,7.119491665372322
0.6,93247,su2,6,19.63391303257127,12,100000,0.99995,5e-05,0.99995,0.0,39.718689127574606,7.43119123876129
0.6,93247,su2,7,23.9230270725376,1,100000,0.89803,0.10197,0.89803,0.0,3.328507361606626,2.1458436954966733
0.6,93247,su2,7,23.9230270725376,2,100000,0.96528,0.03472,0.96528,0.0,6.633136194370834,3.037296188486903
0.6,93247,su2,7,23.9230270725376,3,100000,0.98303,0.01697,0.98303,0.0,9.934145558232634,3.722887809163905
0.6,93247,su2,7,23.9230270725376,4,100000,0.9911,0.0089,0.9911,0.0,13.233838234159007,4.2907427452484
0.6,93247,su2,7,23.9230270725376,5,100000,0.99557,0.00443,0.99557,0.0,16.542456115869406,4.8005532448466495
0.6,93247,su2,7,23.9230270725376,6,100000,0.99778,0.00222,0.99778,0.0,19.8382757911071,5.28039302352791
0.6,93247,su2,7,23.9230270725376,7,100000,0.99899,0.00101,0.99899,0.0,23.14543380220725,5.700410819537418
0.6,93247,su2,7,23.9230270725376,8,100000,0.99936,0.00064,0.99936,0.0,26.443405853336237,6.086624422608316
0.6,93247,su2,7,23.9230270725376,9,100000,0.99974,0.00026,0.99974,0.0,29.744120280019587,6.452124610644877
0.6,93247,su2,7,23.9230270725376,10,100000,0.99985,0.00015,0.99985,0.0,33.05170143461394,6.795185405012973
0.6,93247,su2,7,23.9230270725376,11,100000,0.99993,7e-05,0.99993,0.0,36.349925879267815,7.1224005020307235
0.6,93247,su2,7,23.9230270725376,12,100000,0.99998,2e-05,0.99998,0.0,39.64849394996848,7.4422358979031005
0.6,93247,su2,8,29.149116804375307,1,100000,0.89758,0.10242,0.89758,0.0,3.320759314629669,2.1495187692830298
0.6,93247,su2,8,29.149116804375307,2,100000,0.96515,0.03485,0.96515,0.0,6.626098969071836,3.0375812840873686
0.6,93247,su2,8,29.149116804375307,3,100000,0.9827,0.0173,0.9827,0.0,9.933855999044512,3.725584584377251
0.6,93247,su2,8,29.149116804375307,4,100000,0.99131,0.00869,0.99131,0.0,13.229149113617604,4.3065102820449015
0.6,93247,su2,8,29.149116804375307,5,100000,0.99546,0.00454,0.99546,0.0,16.522543792976435,4.8285480100393
0.6,93247,su2,8,29.149116804375307,6,100000,0.99788,0.00212,0.99788,0.0,19.816489941364257,5.288927355176052
0.6,93247,su2,8,29.149116804375307,7,100000,0.99884,0.00116,0.99884,0.0,23.10534661738664,5.717518853654433
0.6,93247,su2,8,29.149116804375307,8,100000,0.99941,0.00059,0.99941,0.0,26.3964560236077,6.118375177610628
0.6,93247,su2,8,29.149116804375307,9,100000,0.99968,0.00032,0.99968,0.0,29.68251846099235,6.495771389822781
0.6,93247,su2,8,29.149116804375307,10,100000,0.99983,0.00017,0.99983,0.0,32.96398733841463,6.860420877867482
0.6,93247,su2,8,29.149116804375307,11,100000,0.99995,5e-05,0.99995,0.0,36.26905449082858,7.202512141125892
0.6,93247,su2,8,29.149116804375307,12,100000,0.99996,4e-05,0.99996,0.0,39.573020345294026,7.519910824350777
0.6,93247,su2,9,35.51686865958921,1,100000,0.89638,0.10362,0.89638,0.0,3.3111107221344986,2.1570044595626574
0.6,93247,su2,9,35.51686865958921,2,100000,0.96459,0.03541,0.96459,0.0,6.618101289692853,3.046077060234425
0.6,93247,su2,9,35.51686865958921,3,100000,0.98265,0.01735,0.98265,0.0,9.916893695343044,3.728169798589249
0.6,93247,su2,9,35.51686865958921,4,100000,0.99124,0.00876,0.99124,0.0,13.212098784667305,4.29943677879697
0.6,93247,su2,9,35.51686865958921,5,100000,0.99559,0.00441,0.99559,0.0,16.510364305595793,4.807104775904839
0.6,93247,su2,9,35.51686865958921,6,100000,0.9978,0.0022,0.9978,0.0,19.801649319996507,5.269248511311667
0.6,93247,su2,9,35.51686865958921,7,100000,0.99907,0.00093,0.99907,0.0,23.082904258564735,5.6969067809886775
0.6,93247,su2,9,35.51686865958921,8,100000,0.9995,0.0005,0.9995,0.0,26.375960514795604,6.083572920465781
0.6,93247,su2,9,35.51686865958921,9,100000,0.99974,0.00026,0.99974,0.0,29.670928139731082,6.454301925730871
0.6,93247,su2,9,35.51686865958921,10,100000,0.9999,0.0001,0.9999,0.0,32.96122605691337,6.8133546564866325
0.6,93247,su2,9,35.51686865958921,11,100000,0.99998,2e-05,0.99998,0.0,36.25895187903844,7.1452708285664075
0.6,93247,su2,9,35.51686865958921,12,100000,0.99999,1e-05,0.99999,0.0,39.56678161832059,7.451598270933554
0.6,93247,su2,10,43.27568371447764,1,100000,0.89644,0.10356,0.89644,0.0,3.3164154992356116,2.1818880426469116
0.6,93247,su2,10,43.27568371447764,2,100000,0.9638,0.0362,0.9638,0.0,6.6037464553532645,3.0728151598737705
0.6,93247,su2,10,43.27568371447764,3,100000,0.98184,0.01816,0.98184,0.0,9.90666172825961,3.765866450754419
0.6,93247,su2,10,43.27568371447764,4,100000,0.99043,0.00957,0.99043,0.0,13.202889854181807,4.337216731156213
0.6,93247,su2,10,43.27568371447764,5,100000,0.99523,0.00477,0.99523,0.0,16.483608293509377,4.871850502398722
0.6,93247,su2,10,43.27568371447764,6,100000,0.99731,0.00269,0.99731,0.0,19.77150841713026,5.3399187195499875
0.6,93247,su2,10,43.27568371447764,7,100000,0.99877,0.00123,0.99877,0.0,23.06810638237952,5.759169455221233
0.6,93247,su2,10,43.27568371447764,8,100000,0.99934,0.00066,0.99934,0.0,26.36409893602837,6.153843012049699
0.6,93247,su2,10,43.27568371447764,9,100000,0.9997,0.0003,0.9997,0.0,29.65525537733839,6.510805630427683
0.6,93247,su2,10,43.27568371447764,10,100000,0.99986,0.00014,0.99986,0.0,32.946993716621606,6.859075743838508
0.6,93247,su2,10,43.27568371447764,11,100000,0.99987,0.00013,0.99987,0.0,36.242363047280065,7.184874240866212
0.6,93247,su2,10,43.27568371447764,12,100000,0.99993,7e-05,0.99993,0.0,39.529502238086174,7.5065960026923415
0.6,93247,su2,11,52.72944579954886,1,100000,0.89563,0.10437,0.89563,0.0,3.309732217800815,2.168266432885861
0.6,93247,su2,11,52.72944579954886,2,100000,0.96426,0.03574,0.96426,0.0,6.611739757871737,3.0643136383165497
0.6,93247,su2,11,52.72944579954886,3,100000,0.98152,0.01848,0.98152,0.0,9.90253970220899,3.7594510084250397
0.6,93247,su2,11,52.72944579954886,4,100000,0.99034,0.00966,0.99034,0.0,13.189491222578384,4.336704768406857
0.6,93247,su2,11,52.72944579954886,5,100000,0.99523,0.00477,0.99523,0.0,16.48606144438099,4.833508613749763
0.6,93247,su2,11,52.72944579954886,6,100000,0.9976,0.0024,0.9976,0.0,19.769785119646656,5.29520125483932
0.6,93247,su2,11,52.72944579954886,7,100000,0.99875,0.00125,0.99875,0.0,23.05072120833261,5.72218669143331
0.6,93247,su2,11,52.72944579954886,8,100000,0.99946,0.00054,0.99946,0.0,26.32479315076823,6.121179053860977
0.6,93247,su2,11,52.72944579954886,9,100000,0.99967,0.00033,0.99967,0.0,29.61381093444501,6.496986493566607
0.6,93247,su2,11,52.72944579954886,10,100000,0.9998,0.0002,0.9998,0.0,32.898968730050505,6.85739799617887
0.6,93247,su2,11,52.72944579954886,11,100000,0.99985,0.00015,0.99985,0.0,36.17817770469849,7.197555438531581
0.6,93247,su2,11,52.72944579954886,12,100000,0.99993,7e-05,0.99993,0.0,39.47591557039784,7.519055253918876
0.6,93247,su2,12,64.24842349509534,1,100000,0.89732,0.10268,0.89732,0.0,3.3245363897134848,2.14476657218918
0.6,93247,su2,12,64.24842349509534,2,100000,0.96537,0.03463,0.96537,0.0,6.633378707072482,3.0285103292177786
0.6,93247,su2,12,64.24842349509534,3,100000,0.98266,0.01734,0.98266,0.0,9.92718333595409,3.7298885759526232
0.6,93247,su2,12,64.24842349509534,4,100000,0.99071,0.00929,0.99071,0.0,13.212969541789896,4.311430792966343
0.6,93247,su2,12,64.24842349509534,5,100000,0.99529,0.00471,0.99529,0.0,16.49862232574437,4.831864943923722
0.6,93247,su2,12,64.24842349509534,6,100000,0.99772,0.00228,0.99772,0.0,19.78559922108953,5.3021267945869415
0.6,93247,su2,12,64.24842349509534,7,100000,0.99878,0.00122,0.99878,0.0,23.076980632249647,5.731543079122454
0.6,93247,su2,12,64.24842349509534,8,100000,0.99942,0.00058,0.99942,0.0,26.360239957810006,6.131089413846789
0.6,93247,su2,12,64.24842349509534,9,100000,0.99963,0.00037,0.99963,0.0,29.644823924483234,6.50201605656639
0.6,93247,su2,12,64.24842349509534,10,100000,0.99983,0.00017,0.99983,0.0,32.9373050700749,6.838090182481588
0.6,93247,su2,12,64.24842349509534,11,100000,0.99994,6e-05,0.99994,0.0,36.22608034840584,7.167185766821788
0.6,93247,su2,12,64.24842349509534,12,100000,0.99994,6e-05,0.99994,0.0,39.51280694705034,7.490831037785559
0.6,93247,su2,13,78.28377216967522,1,100000,0.89657,0.10343,0.89657,0.0,3.31089816986895,2.15576909401478
0.6,93247,su2,13,78.28377216967522,2,100000,0.96388,0.03612,0.96388,0.0,6.603954170852997,3.045229289298218
0.6,93247,su2,13,78.28377216967522,3,100000,0.98211,0.01789,0.98211,0.0,9.884969500292742,3.7373363973584506
0.6,93247,su2,13,78.28377216967522,4,100000,0.99096,0.00904,0.99096,0.0,13.172880684016498,4.3136928137096495
0.6,93247,su2,13,78.28377216967522,5,100000,0.99549,0.00451,0.99549,0.0,16.45780370123143,4.8177358004686335
0.6,93247,su2,13,78.28377216967522,6,100000,0.99786,0.00214,0.99786,0.0,19.74526091124822,5.277633303169764
0.6,93247,su2,13,78.28377216967522,7,100000,0.99896,0.00104,0.99896,0.0,23.034901955464914,5.710236739781723
0.6,93247,su2,13,78.28377216967522,8,100000,0.99947,0.00053,0.99947,0.0,26.31495765715993,6.102055584831446
0.6,93247,su2,13,78.28377216967522,9,100000,0.99974,0.00026,0.99974,0.0,29.609386653852916,6.4615987296584985
0.6,93247,su2,13,78.28377216967522,10,100000,0.99987,0.00013,0.99987,0.0,32.90238664464027,6.816919948370931
0.6,93247,su2,13,78.28377216967522,11,100000,0.99991,9e-05,0.99991,0.0,36.18750968434814,7.161265040349403
0.6,93247,su2,13,78.28377216967522,12,100000,0.99995,5e-05,0.99995,0.0,39.47542667627813,7.481859299008954
0.6,93247,su2,14,95.38520405222776,1,100000,0.89601,0.10399,0.89601,0.0,3.315337674822221,2.1502649878527778
0.6,93247,su2,14,95.38520405222776,2,100000,0.9639,0.0361,0.9639,0.0,6.602204071264162,3.0548151467521807
0.6,93247,su2,14,95.38520405222776,3,100000,0.98228,0.01772,0.98228,0.0,9.891428867479922,3.7376376263318276
0.6,93247,su2,14,95.38520405222776,4,100000,0.99084,0.00916,0.99084,0.0,13.165901591893851,4.324185617198984
0.6,93247,su2,14,95.38520405222776,5,100000,0.99545,0.00455,0.99545,0.0,16.45655499713624,4.825665401918727
0.6,93247,su2,14,95.38520405222776,6,100000,0.99776,0.00224,0.99776,0.0,19.735634559314136,5.298624923992959
0.6,93247,su2,14,95.38520405222776,7,100000,0.99895,0.00105,0.99895,0.0,23.0222844487289,5.722736949382478
0.6,93247,su2,14,95.38520405222776,8,100000,0.99942,0.00058,0.99942,0.0,26.307598014340325,6.135174173681563
0.6,93247,su2,14,95.38520405222776,9,100000,0.99965,0.00035,0.99965,0.0,29.590800935866636,6.506804511609349
0.6,93247,su2,14,95.38520405222776,10,100000,0.99984,0.00016,0.99984,0.0,32.871588847525864,6.868137164363813
0.6,93247,su2,14,95.38520405222776,11,100000,0.9999,0.0001,0.9999,0.0,36.14948721456304,7.205879844121391
0.6,93247,su2,14,95.38520405222776,12,100000,0.99994,6e-05,0.99994,0.0,39.42897314088713,7.524722814806427
0.6,93247,su2,15,116.22251840860507,1,100000,0.89681,0.10319,0.89681,0.0,3.3097596139722887,2.1612266598817067
0.6,93247,su2,15,116.22251840860507,2,100000,0.96423,0.03577,0.96423,0.0,6.60292299855466,3.058048258932941
0.6,93247,su2,15,116.22251840860507,3,100000,0.9821,0.0179,0.9821,0.0,9.900280712179256,3.7362878966102406
0.6,93247,su2,15,116.22251840860507,4,100000,0.99083,0.00917,0.99083,0.0,13.19087010910618,4.316078915911979
0.6,93247,su2,15,116.22251840860507,5,100000,0.9956,0.0044,0.9956,0.0,16.470116318518137,4.8279009572517335
0.6,93247,su2,15,116.22251840860507,6,100000,0.99779,0.00221,0.99779,0.0,19.761635595751237,5.280256317135873
0.6,93247,su2,15,116.22251840860507,7,100000,0.99881,0.00119,0.99881,0.0,23.046204756913614,5.7144515881090445
0.6,93247,su2,15,116.22251840860507,8,100000,0.99933,0.00067,0.99933,0.0,26.33621494256378,6.116830196308067
0.6,93247,su2,15,116.22251840860507,9,100000,0.99962,0.00038,0.99962,0.0,29.625163647142728,6.483959152223281
0.6,93247,su2,15,116.22251840860507,10,100000,0.99981,0.00019,0.99981,0.0,32.913680628702096,6.828964114694023
0.6,93247,su2,15,116.22251840860507,11,100000,0.9999,0.0001,0.9999,0.0,36.20508128327851,7.163500089704406
0.6,93247,su2,15,116.22251840860507,12,100000,0.99997,3e-05,0.99997,0.0,39.491743321058316,7.47424485157186
0.6,93247,su2,16,141.61183507918588,1,100000,0.89671,0.10329,0.89671,0.0,3.3172125859529182,2.170219168826593
0.6,93247,su2,16,141.61183507918588,2,100000,0.9634,0.0366,0.9634,0.0,6.602217632301443,3.0709944850745647
0.6,93247,su2,16,141.61183507918588,3,100000,0.98178,0.01822,0.98178,0.0,9.897815674544361,3.7548860000736948
0.6,93247,su2,16,141.61183507918588,4,100000,0.99014,0.00986,0.99014,0.0,13.171276600789817,4.35003804814205
0.6,93247,su2,16,141.61183507918588,5,100000,0.99501,0.00499,0.99501,0.0,16.46903362624629,4.854821831127041
0.6,93247,su2,16,141.61183507918588,6,100000,0.99746,0.00254,0.99746,0.0,19.757728086996508,5.31081150419579
0.6,93247,su2,16,141.61183507918588,7,100000,0.9987,0.0013,0.9987,0.0,23.044888732523845,5.738740500947879
0.6,93247,su2,16,141.61183507918588,8,100000,0.99941,0.00059,0.99941,0.0,26.32696627496645,6.142261615945661
0.6,93247,su2,16,141.61183507918588,9,100000,0.99975,0.00025,0.99975,0.0,29.605387786530414,6.509628911796637
0.6,93247,su2,16,141.61183507918588,10,100000,0.99986,0.00014,0.99986,0.0,32.897840320934414,6.860303654838102
0.6,93247,su2,16,141.61183507918588,11,100000,0.99989,0.00011,0.99989,0.0,36.18726955187276,7.194052980798252
0.6,93247,su2,16,141.61183507918588,12,100000,0.99995,5e-05,0.99995,0.0,39.46915898939325,7.523572415579742
0.6,93247,su2,17,172.5475588473371,1,100000,0.8961,0.1039,0.8961,0.0,3.314917214441615,2.1637575792114965
0.6,93247,su2,17,172.5475588473371,2,100000,0.96379,0.03621,0.96379,0.0,6.613986707245191,3.065848472329232
0.6,93247,su2,17,172.5475588473371,3,100000,0.982,0.018,0.982,0.0,9.909033817538603,3.756148709944858
0.6,93247,su2,17,172.5475588473371,4,100000,0.99047,0.00953,0.99047,0.0,13.199058713850608,4.332302697767275
0.6,93247,su2,17,172.5475588473371,5,100000,0.99527,0.00473,0.99527,0.0,16.48760989328383,4.844893185814942
0.6,93247,su2,17,172.5475588473371,6,100000,0.99772,0.00228,0.99772,0.0,19.771311459520554,5.293813794833054
0.6,93247,su2,17,172.5475588473371,7,100000,0.99871,0.00129,0.99871,0.0,23.05354357400576,5.727518016979884
0.6,93247,su2,17,172.5475588473371,8,100000,0.99928,0.00072,0.99928,0.0,26.343457822195724,6.123629307295563
0.6,93247,su2,17,172.5475588473371,9,100000,0.99962,0.00038,0.99962,0.0,29.634629036803346,6.500805385683019
0.6,93247,su2,17,172.5475588473371,10,100000,0.99988,0.00012,0.99988,0.0,32.91567109342495,6.86166954969214
0.6,93247,su2,17,172.5475588473371,11,100000,0.99996,4e-05,0.99996,0.0,36.19215945857264,7.203357444458199
0.6,93247,su2,17,172.5475588473371,12,100000,0.99998,2e-05,0.99998,0.0,39.47317093307845,7.514306946147547
0.6,93247,su2,18,210.2413265637518,1,100000,0.89457,0.10543,0.89457,0.0,3.295695075369068,2.187809622871274
0.6,93247,su2,18,210.2413265637518,2,100000,0.96288,0.03712,0.96288,0.0,6.594938285787717,3.0725960015043543
0.6,93247,su2,18,210.2413265637518,3,100000,0.98131,0.01869,0.98131,0.0,9.871852820680786,3.774396443584281
0.6,93247,su2,18,210.2413265637518,4,100000,0.99023,0.00977,0.99023,0.0,13.161367643952024,4.35431884788687
0.6,93247,su2,18,210.2413265637518,5,100000,0.99526,0.00474,0.99526,0.0,16.450553535721692,4.856242252388574
0.6,93247,su2,18,210.2413265637518,6,100000,0.99754,0.00246,0.99754,0.0,19.72659198467705,5.326995266028196
0.6,93247,su2,18,210.2413265637518,7,100000,0.99883,0.00117,0.99883,0.0,23.014830763842824,5.74381301618532
0.6,93247,su2,18,210.2413265637518,8,100000,0.99939,0.00061,0.99939,0.0,26.30290736487,6.137328045123333
0.6,93247,su2,18,210.2413265637518,9,100000,0.99968,0.00032,0.99968,0.0,29.592300467478907,6.5041762050456615
0.6,93247,su2,18,210.2413265637518,10,100000,0.9998,0.0002,0.9998,0.0,32.88347191050426,6.847377879708747
0.6,93247,su2,18,210.2413265637518,11,100000,0.99985,0.00015,0.99985,0.0,36.16906803123984,7.189527939738474
0.6,93247,su2,18,210.2413265637518,12,100000,0.99992,8e-05,0.99992,0.0,39.4481102946555,7.523077306448224
0.6,93247,su2,19,256.1694624401711,1,100000,0.89459,0.10541,0.89459,0.0,3.3091870520297206,2.155996768499956
0.6,93247,su2,19,256.1694624401711,2,100000,0.96415,0.03585,0.96415,0.0,6.6061219238401305,3.040679449010281
0.6,93247,su2,19,256.1694624401711,3,100000,0.98223,0.01777,0.98223,0.0,9.889789432377086,3.7319419845905486
0.6,93247,su2,19,256.1694624401711,4,100000,0.99109,0.00891,0.99109,0.0,13.186037935267601,4.3130192673298415
0.6,93247,su2,19,256.1694624401711,5,100000,0.9955,0.0045,0.9955,0.0,16.468781164205755,4.8252706126871185
0.6,93247,su2,19,256.1694624401711,6,100000,0.99795,0.00205,0.99795,0.0,19.75810561864521,5.287343666743651
0.6,93247,su2,19,256.1694624401711,7,100000,0.99891,0.00109,0.99891,0.0,23.038462470606575,5.714730276152831
0.6,93247,su2,19,256.1694624401711,8,100000,0.99947,0.00053,0.99947,0.0,26.330666097038257,6.108331421807194
0.6,93247,su2,19,256.1694624401711,9,100000,0.99977,0.00023,0.99977,0.0,29.618504698671988,6.483993585833017
0.6,93247,su2,19,256.1694624401711,10,100000,0.99987,0.00013,0.99987,0.0,32.901188183314886,6.824319048384128
0.6,93247,su2,19,256.1694624401711,11,100000,0.99995,5e-05,0.99995,0.0,36.183381724659924,7.167145727876052
0.6,93247,su2,19,256.1694624401711,12,100000,0.99997,3e-05,0.99997,0.0,39.47558189609952,7.48811659845433
0.6,103250,photon,0,6.0,1,100000,0.8307,0.8307,0.1693,0.0,-6.423200984803138,5.538534979549455
0.6,103250,photon,0,6.0,2,100000,0.92692,0.92692,0.07308,0.0,-12.723374757467084,7.849643626251108
0.6,103250,photon,0,6.0,3,100000,0.96882,0.96882,0.03118,0.0,-19.04368000528292,9.60325539371509
0.6,103250,photon,0,6.0,4,100000,0.98491,0.98491,0.01509,0.0,-25.368807970926774,11.100402889060055
0.6,103250,photon,0,6.0,5,100000,0.9922,0.9922,0.0078,0.0,-31.694055492504365,12.435861300377109
0.6,103250,photon,0,6.0,6,100000,0.99585,0.99585,0.00415,0.0,-38.006991306669974,13.618062546193565
0.6,103250,photon,0,6.0,7,100000,0.99782,0.99782,0.00218,0.0,-44.31664726417481,14.685877600447988
0.6,103250,photon,0,6.0,8,100000,0.99888,0.99888,0.00112,0.0,-50.60581249734708,15.694529350837463
0.6,103250,photon,0,6.0,9,100000,0.9995,0.9995,0.0005,0.0,-56.908974001983296,16.66016597875293
0.6,103250,photon,0,6.0,10,100000,0.99973,0.99973,0.00027,0.0,-63.23620750893313,17.57074094980346
0.6,103250,photon,0,6.0,11,100000,0.99989,0.99989,0.00011,0.0,-69.52707048888901,18.394669379201936
0.6,103250,photon,0,6.0,12,100000,0.99994,0.99994,6e-05,0.0,-75.82475655812853,19.216903265853357
0.6,103250,photon,1,6.7380509865628095,1,100000,0.83382,0.83382,0.16618,0.0,-6.496649257743366,5.528327670260999
0.6,103250,photon,1,6.7380509865628095,2,100000,0.93126,0.93126,0.06874,0.0,-12.950493858403684,7.804880724602162
0.6,103250,photon,1,6.7380509865628095,3,100000,0.97134,0.97134,0.02866,0.0,-19.382523013702926,9.557517687036567
0.6,103250,photon,1,6.7380509865628095,4,100000,0.98686,0.98686,0.01314,0.0,-25.81844946250402,11.027927868377569
0.6,103250,photon,1,6.7380509865628095,5,100000,0.9936,0.9936,0.0064,0.0,-32.25524777772338,12.348543507065342
0.6,103250,photon,1,6.7380509865628095,6,100000,0.99679,0.99679,0.00321,0.0,-38.6655778574892,13.548012098603248
0.6,103250,photon,1,6.7380509865628095,7,100000,0.99837,0.99837,0.00163,0.0,-45.062870484134706,14.638990181943784
0.6,103250,photon,1,6.7380509865628095,8,100000,0.99911,0.99911,0.00089,0.0,-51.473429216380445,15.623945952196507
0.6,103250,photon,1,6.7380509865628095,9,100000,0.99952,0.99952,0.00048,0.0,-57.925145678643034,16.587790037555205
0.6,103250,photon,1,6.7380509865628095,10,100000,0.99988,0.99988,0.00012,0.0,-64.33465066940303,17.468408580621585
0.6,103250,photon,1,6.7380509865628095,11,100000,0.99989,0.99989,0.00011,0.0,-70.73482063325181,18.330625737596975
0.6,103250,photon,1,6.7380509865628095,12,100000,0.99995,0.99995,5e-05,0.0,-77.12414484884359,19.148555443789814
0.6,103250,photon,2,7.566888516253341,1,100000,0.8399,0.8399,0.1601,0.0,-6.618241286313912,5.480282129957386
0.6,103250,photon,2,7.566888516253341,2,100000,0.9338,0.9338,0.0662,0.0,-13.158632736783721,7.769535792130416
0.6,103250,photon,2,7.566888516253341,3,100000,0.97308,0.97308,0.02692,0.0,-19.681758347343482,9.502308386128792
0.6,103250,photon,2,7.566888516253341,4,100000,0.98785,0.98785,0.01215,0.0,-26.17460052131002,10.973812435115102
0.6,103250,photon,2,7.566888516253341,5,100000,0.99376,0.99376,0.00624,0.0,-32.681788539731,12.293877819299171
0.6,103250,photon,2,7.566888516253341,6,100000,0.99712,0.99712,0.00288,0.0,-39.18899242196767,13.461337853885928
0.6,103250,photon,2,7.566888516253341,7,100000,0.99864,0.99864,0.00136,0.0,-45.6881930199711,14.546677307120708
0.6,103250,photon,2,7.566888516253341,8,100000,0.99945,0.99945,0.00055,0.0,-52.18211420429987,15.54134747238786
0.6,103250,photon,2,7.566888516253341,9,100000,0.99973,0.99973,0.00027,0.0,-58.69591024723823,16.489630855648524
0.6,103250,photon,2,7.566888516253341,10,100000,0.99988,0.99988,0.00012,0.0,-65.16791364431404,17.366687914630837
0.6,103250,photon,2,7.566888516253341,11,100000,0.99994,0.99994,6e-05,0.0,-71.65495343514861,18.22676298133974
0.6,103250,photon,2,7.566888516253341,12,100000,0.99998,0.99998,2e-05,0.0,-78.14744885063985,19.04437545045734
0.6,103250,photon,3,8.497680105358603,1,100000,0.84165,0.84165,0.15835,0.0,-6.695136564133703,5.459580124693766
0.6,103250,photon,3,8.497680105358603,2,100000,0.9361,0.9361,0.0639,0.0,-13.296053710611563,7.7328889615154655
0.6,103250,photon,3,8.497680105358603,3,100000,0.97433,0.97433,0.02567,0.0,-19.86479323084501,9.485824056242384
0.6,103250,photon,3,8.497680105358603,4,100000,0.98819,0.98819,0.01181,0.0,-26.511160819834902,10.942046155965622
0.6,103250,photon,3,8.497680105358603,5,100000,0.9947,0.9947,0.0053,0.0,-33.11144097303396,12.232329529083618
0.6,103250,photon,3,8.497680105358603,6,100000,0.99734,0.99734,0.00266,0.0,-39.705376046987325,13.370630203839017
0.6,103250,photon,3,8.497680105358603,7,100000,0.99874,0.99874,0.00126,0.0,-46.281581926447714,14.47407084566978
0.6,103250,photon,3,8.497680105358603,8,100000,0.99931,0.99931,0.00069,0.0,-52.8822045773883,15.44875970504474
0.6,103250,photon,3,8.497680105358603,9,100000,0.9997,0.9997,0.0003,0.0,-59.50073444045203,16.385207895929206
0.6,103250,photon,3,8.497680105358603,10,100000,0.99979,0.99979,0.00021,0.0,-66.07996829346908,17.27018155866554
0.6,103250,photon,3,8.497680105358603,11,100000,0.99989,0.99989,0.00011,0.0,-72.68101569682457,18.10099504787251
0.6,103250,photon,3,8.497680105358603,12,100000,0.99995,0.99995,5e-05,0.0,-79.24366996129163,18.873658282340553
0.6,103250,photon,4,9.542966969567782,1,100000,0.84641,0.84641,0.15359,0.0,-6.766794335021435,5.433359907331068
0.6,103250,photon,4,9.542966969567782,2,100000,0.93863,0.93863,0.06137,0.0,-13.421994886464052,7.711325176093751
0.6,103250,photon,4,9.542966969567782,3,100000,0.97599,0.97599,0.02401,0.0,-20.0629285676914,9.449986566752306
0.6,103250,photon,4,9.542966969567782,4,100000,0.98947,0.98947,0.01053,0.0,-26.710216688860726,10.912620648729565
0.6,103250,photon,4,9.542966969567782,5,100000,0.99482,0.99482,0.00518,0.0,-33.35583374171373,12.20291733203071
0.6,103250,photon,4,9.542966969567782,6,100000,0.99751,0.99751,0.00249,0.0,-40.007005765159924,13.399554610004861
0.6,103250,photon,4,9.542966969567782,7,100000,0.99877,0.99877,0.00123,0.0,-46.63833366414644,14.462471721160634
0.6,103250,photon,4,9.542966969567782,8,100000,0.99955,0.99955,0.00045,0.0,-53.2780285967991,15.454183600162251
0.6,103250,photon,4,9.542966969567782,9,100000,0.99979,0.99979,0.00021,0.0,-59.94230822933722,16.39372415599157
0.6,103250,photon,4,9.542966969567782,10,100000,0.99987,0.99987,0.00013,0.0,-66.56123353041073,17.25489896163972
0.6,103250,photon,4,9.542966969567782,11,100000,0.99991,0.99991,9e-05,0.0,-73.17794039395623,18.086526303820886
0.6,103250,photon,4,9.542966969567782,12,100000,0.99995,0.99995,5e-05,0.0,-79.8108234192695,18.874434199545764
0.6,103250,photon,5,10.716833000672082,1,100000,0.85025,0.85025,0.14975,0.0,-6.865247215307296,5.401262474746395
0.6,103250,photon,5,10.716833000672082,2,100000,0.94014,0.94014,0.05986,0.0,-13.605809096961883,7.695111336469262
0.6,103250,photon,5,10.716833000672082,3,100000,0.97688,0.97688,0.02312,0.0,-20.3278283120727,9.40396907149676
0.6,103250,photon,5,10.716833000672082,4,100000,0.9898,0.9898,0.0102,0.0,-27.06271445538702,10.847596868909223
0.6,103250,photon,5,10.716833000672082,5,100000,0.99513,0.99513,0.00487,0.0,-33.76773360154617,12.13619995438133
0.6,103250,photon,5,10.716833000672082,6,100000,0.9978,0.9978,0.0022,0.0,-40.514528078479344,13.333246575421812
0.6,103250,photon,5,10.716833000672082,7,100000,0.99898,0.99898,0.00102,0.0,-47.24512717624625,14.377227265679936
0.6,103250,photon,5,10.716833000672082,8,100000,0.99955,0.99955,0.00045,0.0,-53.983392600848696,15.376231707944905
0.6,103250,photon,5,10.716833000672082,9,100000,0.99973,0.99973,0.00027,0.0,-60.68328950979911,16.330286065449396
0.6,103250,photon,5,10.716833000672082,10,100000,0.99994,0.99994,6e-05,0.0,-67.39432886974781,17.22294746988418
0.6,103250,photon,5,10.716833000672082,11,100000,0.99994,0.99994,6e-05,0.0,-74.1339705356307,18.052724680497303
0.6,103250,photon,5,10.716833000672082,12,100000,0.99997,0.99997,3e-05,0.0,-80.86704154676244,18.85576331750543
0.6,103250,photon,6,12.035094528834572,1,100000,0.85234,0.85234,0.14766,0.0,-6.896194492450511,5.38031274943194
0.6,103250,photon,6,12.035094528834572,2,100000,0.94181,0.94181,0.05819,0.0,-13.668287040127986,7.648211583410757
0.6,103250,photon,6,12.035094528834572,3,100000,0.97848,0.97848,0.02152,0.0,-20.449202034344346,9.370730727114355
0.6,103250,photon,6,12.035094528834572,4,100000,0.99065,0.99065,0.00935,0.0,-27.261545773223094,10.814119390789745
0.6,103250,photon,6,12.035094528834572,5,100000,0.99562,0.99562,0.00438,0.0,-34.041672004223315,12.070607223171756
0.6,103250,photon,6,12.035094528834572,6,100000,0.99811,0.99811,0.00189,0.0,-40.78474589544288,13.222174623087037
0.6,103250,photon,6,12.035094528834572,7,100000,0.99911,0.99911,0.00089,0.0,-47.5792017050078,14.272624257674941
0.6,103250,photon,6,12.035094528834572,8,100000,0.99953,0.99953,0.00047,0.0,-54.346288522565644,15.278754802438252
0.6,103250,photon,6,12.035094528834572,9,100000,0.9998,0.9998,0.0002,0.0,-61.11085807573386,16.210336957044035
0.6,103250,photon,6,12.035094528834572,10,100000,0.99994,0.99994,6e-05,0.0,-67.89606602335276,17.09768922059542
0.6,103250,photon,6,12.035094528834572,11,100000,0.99999,0.99999,1e-05,0.0,-74.67490521469325,17.930281989033983
0.6,103250,photon,6,12.035094528834572,12,100000,0.99998,0.99998,2e-05,0.0,-81.45478289875251,18.737686765780364
0.6,103250,photon,7,13.515513427231737,1,100000,0.85469,0.85469,0.14531,0.0,-6.954583823384028,5.358394907489487
0.6,103250,photon,7,13.515513427231737,2,100000,0.94406,0.94406,0.05594,0.0,-13.799411404043319,7.628978989013717
0.6,103250,photon,7,13.515513427231737,3,100000,0.97932,0.97932,0.02068,0.0,-20.633235731129922,9.334954147397493
0.6,103250,photon,7,13.515513427231737,4,100000,0.99059,0.99059,0.00941,0.0,-27.44324883855417,10.785316755126061
0.6,103250,photon,7,13.515513427231737,5,100000,0.99585,0.99585,0.00415,0.0,-34.27469076941464,12.056454051558696
0.6,103250,photon,7,13.515513427231737,6,100000,0.99809,0.99809,0.00191,0.0,-41.08253639755468,13.241429346246573
0.6,103250,photon,7,13.515513427231737,7,100000,0.99916,0.99916,0.00084,0.0,-47.8870357399992,14.319744475856371
0.6,103250,photon,7,13.515513427231737,8,100000,0.99953,0.99953,0.00047,0.0,-54.659345714984546,15.3298190919203
0.6,103250,photon,7,13.515513427231737,9,100000,0.99976,0.99976,0.00024,0.0,-61.487082305625734,16.267722899961825
0.6,103250,photon,7,13.515513427231737,10,100000,0.99987,0.99987,0.00013,0.0,-68.28498295441902,17.14314415936788
0.6,103250,photon,7,13.515513427231737,11,100000,0.99994,0.99994,6e-05,0.0,-75.10519858987522,17.984079801729674
0.6,103250,photon,7,13.515513427231737,12,100000,0.99996,0.99996,4e-05,0.0,-81.93802844540322,18.76745494819493
0.6,103250,photon,8,15.178036430376956,1,100000,0.85704,0.85704,0.14296,0.0,-7.012675177257313,5.341300954052059
0.6,103250,photon,8,15.178036430376956,2,100000,0.94483,0.94483,0.05517,0.0,-13.88168658577653,7.614213668208724
0.6,103250,photon,8,15.178036430376956,3,100000,0.97987,0.97987,0.02013,0.0,-20.762679753384916,9.324869508939758
0.6,103250,photon,8,15.178036430376956,4,100000,0.99147,0.99147,0.00853,0.0,-27.668586508692886,10.759319465518836
0.6,103250,photon,8,15.178036430376956,5,100000,0.99591,0.99591,0.00409,0.0,-34.511692721857465,12.050298221424441
0.6,103250,photon,8,15.178036430376956,6,100000,0.99813,0.99813,0.00187,0.0,-41.40937608562977,13.181078346545387
0.6,103250,photon,8,15.178036430376956,7,100000,0.99925,0.99925,0.00075,0.0,-48.31223951948758,14.225007769005135
0.6,103250,photon,8,15.178036430376956,8,100000,0.99969,0.99969,0.00031,0.0,-55.17796804945204,15.204105817111724
0.6,103250,photon,8,15.178036430376956,9,100000,0.99983,0.99983,0.00017,0.0,-62.0777569857012,16.142914234931535
0.6,103250,photon,8,15.178036430376956,10,100000,0.9999,0.9999,0.0001,0.0,-68.93658339979721,17.03382739753489
0.6,103250,photon,8,15.178036430376956,11,100000,0.99996,0.99996,4e-05,0.0,-75.7960671295857,17.88613277555557
0.6,103250,photon,8,15.178036430376956,12,100000,0.99999,0.99999,1e-05,0.0,-82.66596213047046,18.682782693216957
0.6,103250,photon,9,17.045063890631276,1,100000,0.85749,0.85749,0.14251,0.0,-7.023140581318857,5.335464228395548
0.6,103250,photon,9,17.045063890631276,2,100000,0.94617,0.94617,0.05383,0.0,-13.96613107417758,7.583194752434839
0.6,103250,photon,9,17.045063890631276,3,100000,0.98029,0.98029,0.01971,0.0,-20.90336809221447,9.27821851306446
0.6,103250,photon,9,17.045063890631276,4,100000,0.99155,0.99155,0.00845,0.0,-27.83207867488925,10.733808032807595
0.6,103250,photon,9,17.045063890631276,5,100000,0.99654,0.99654,0.00346,0.0,-34.76397226948115,12.00672350091559
0.6,103250,photon,9,17.045063890631276,6,100000,0.99856,0.99856,0.00144,0.0,-41.70353207206449,13.162754114827825
0.6,103250,photon,9,17.045063890631276,7,100000,0.99939,0.99939,0.00061,0.0,-48.58648289692147,14.219184038266766
0.6,103250,photon,9,17.045063890631276,8,100000,0.99968,0.99968,0.00032,0.0,-55.51154643599022,15.215806461903174
0.6,103250,photon,9,17.045063890631276,9,100000,0.99988,0.99988,0.00012,0.0,-62.41396840955961,16.134768801326878
0.6,103250,photon,9,17.045063890631276,10,100000,0.99993,0.99993,7e-05,0.0,-69.34683123992372,17.017379318697696
0.6,103250,photon,9,17.045063890631276,11,100000,0.99998,0.99998,2e-05,0.0,-76.26713870065952,17.837536075895684
0.6,103250,photon,9,17.045063890631276,12,100000,0.99999,0.99999,1e-05,0.0,-83.17349499417368,18.645994148533212
0.6,103250,photon,10,19.14175159404904,1,100000,0.86058,0.86058,0.13942,0.0,-7.077301699809818,5.307049744123706
0.6,103250,photon,10,19.14175159404904,2,100000,0.94879,0.94879,0.05121,0.0,-14.031799125713142,7.517736721781341
0.6,103250,photon,10,19.14175159404904,3,100000,0.98202,0.98202,0.01798,0.0,-21.006412086220887,9.213626154422673
0.6,103250,photon,10,19.14175159404904,4,100000,0.99259,0.99259,0.00741,0.0,-27.99609836547397,10.645792559778275
0.6,103250,photon,10,19.14175159404904,5,100000,0.9967,0.9967,0.0033,0.0,-34.94287153641233,11.914607482070284
0.6,103250,photon,10,19.14175159404904,6,100000,0.99835,0.99835,0.00165,0.0,-41.929626017720516,13.070699234764785
0.6,103250,photon,10,19.14175159404904,7,100000,0.9993,0.9993,0.0007,0.0,-48.91923423317696,14.107224599404496
0.6,103250,photon,10,19.14175159404904,8,100000,0.99961,0.99961,0.00039,0.0,-55.86240571426591,15.064162222145344
0.6,103250,photon,10,19.14175159404904,9,100000,0.99982,0.99982,0.00018,0.0,-62.85234312763289,16.011204678355323
0.6,103250,photon,10,19.14175159404904,10,100000,0.99993,0.99993,7e-05,0.0,-69.78316136109906,16.90762058171048
0.6,103250,photon,10,19.14175159404904,11,100000,0.99998,0.99998,2e-05,0.0,-76.76554126205691,17.755497986269024
0.6,103250,photon,10,19.14175159404904,12,100000,0.99999,0.99999,1e-05,0.0,-83.72037799661186,18.555321142598395
0.6,103250,photon,11,21.49634970213705,1,100000,0.85951,0.85951,0.14049,0.0,-7.0917184760477605,5.313076022026082
0.6,103250,photon,11,21.49634970213705,2,100000,0.9471,0.9471,0.0529,0.0,-14.088363067850421,7.58439146784191
0.6,103250,photon,11,21.49634970213705,3,100000,0.98158,0.98158,0.01842,0.0,-21.077314949917557,9.267267989911124
0.6,103250,photon,11,21.49634970213705,4,100000,0.99222,0.99222,0.00778,0.0,-28.063834203662267,10.691711337493233
0.6,103250,photon,11,21.49634970213705,5,100000,0.99658,0.99658,0.00342,0.0,-35.02233299611828,11.979815958401517
0.6,103250,photon,11,21.49634970213705,6,100000,0.99844,0.99844,0.00156,0.0,-42.00426674192134,13.120249509669918
0.6,103250,photon,11,21.49634970213705,7,100000,0.9994,0.9994,0.0006,0.0,-48.98985203252276,14.144653019500522
0.6,103250,photon,11,21.49634970213705,8,100000,0.99976,0.99976,0.00024,0.0,-55.960083982843344,15.134509587849545
0.6,103250,photon,11,21.49634970213705,9,100000,0.99986,0.99986,0.00014,0.0,-62.952568295640106,16.04286480570742
0.6,103250,photon,11,21.49634970213705,10,100000,0.99995,0.99995,5e-05,0.0,-69.93437829810918,16.904353992078843
0.6,103250,photon,11,21.49634970213705,11,100000,1.0,1.0,0.0,0.0,-76.91991687287363,17.719523192294755
0.6,103250,photon,11,21.49634970213705,12,100000,0.99998,0.99998,2e-05,0.0,-83.88552113548336,18.521735613582344
0.6,103250,photon,12,24.14058338633063,1,100000,0.86373,0.86373,0.13627,0.0,-7.154268702248511,5.276430914557389
0.6,103250,photon,12,24.14058338633063,2,100000,0.95018,0.95018,0.04982,0.0,-14.17197831939362,7.517943359395293
0.6,103250,photon,12,24.14058338633063,3,100000,0.98239,0.98239,0.01761,0.0,-21.194612396197698,9.205579144248398
0.6,103250,photon,12,24.14058338633063,4,100000,0.99253,0.99253,0.00747,0.0,-28.224768534678947,10.628038995373238
0.6,103250,photon,12,24.14058338633063,5,100000,0.997,0.997,0.003,0.0,-35.224942985440975,11.912937041824044
0.6,103250,photon,12,24.14058338633063,6,100000,0.99866,0.99866,0.00134,0.0,-42.277018328827566,13.051790290141575
0.6,103250,photon,12,24.14058338633063,7,100000,0.99948,0.99948,0.00052,0.0,-49.31139630364732,14.085741187460988
0.6,103250,photon,12,24.14058338633063,8,100000,0.99978,0.99978,0.00022,0.0,-56.33821705951335,15.044936462034224
0.6,103250,photon,12,24.14058338633063,9,100000,0.99992,0.99992,8e-05,0.0,-63.35443246979544,15.981954298726043
0.6,103250,photon,12,24.14058338633063,10,100000,0.99997,0.99997,3e-05,0.0,-70.38198700684117,16.844815008477216
0.6,103250,photon,12,24.14058338633063,11,100000,0.99997,0.99997,3e-05,0.0,-77.41770634472462,17.66150639457052
0.6,103250,photon,12,24.14058338633063,12,100000,0.99999,0.99999,1e-05,0.0,-84.42604542971428,18.464010736489353
0.6,103250,photon,13,27.110080283744477,1,100000,0.86329,0.86329,0.13671,0.0,-7.1651659385934785,5.278506899738914
0.6,103250,photon,13,27.110080283744477,2,100000,0.95081,0.95081,0.04919,0.0,-14.219596607878858,7.488586483383192
0.6,103250,photon,13,27.110080283744477,3,100000,0.98267,0.98267,0.01733,0.0,-21.248958163234104,9.20219111680067
0.6,103250,photon,13,27.110080283744477,4,100000,0.99272,0.99272,0.00728,0.0,-28.334668029342907,10.621176144260252
0.6,103250,photon,13,27.110080283744477,5,100000,0.997,0.997,0.003,0.0,-35.37449557965258,11.85114746652073
0.6,103250,photon,13,27.110080283744477,6,100000,0.9986,0.9986,0.0014,0.0,-42.40982280766652,12.992293367000093
0.6,103250,photon,13,27.110080283744477,7,100000,0.99937,0.99937,0.00063,0.0,-49.436910552735526,14.055943956492376
0.6,103250,photon,13,27.110080283744477,8,100000,0.99972,0.99972,0.00028,0.0,-56.48430908599714,15.021268566708576
0.6,103250,photon,13,27.110080283744477,9,100000,0.99982,0.99982,0.00018,0.0,-63.528651699271734,15.956173816139295
0.6,103250,photon,13,27.110080283744477,10,100000,0.99995,0.99995,5e-05,0.0,-70.5760275491706,16.826311742932177
0.6,103250,photon,13,27.110080283744477,11,100000,0.99997,0.99997,3e-05,0.0,-77.60252857928998,17.67105036517868
0.6,103250,photon,13,27.110080283744477,12,100000,0.99999,0.99999,1e-05,0.0,-84.6260538963147,18.472045369670738
0.6,103250,photon,14,30.44485053361357,1,100000,0.86368,0.86368,0.13632,0.0,-7.177512581431669,5.269919843465945
0.6,103250,photon,14,30.44485053361357,2,100000,0.95068,0.95068,0.04932,0.0,-14.237580657654727,7.480363838274709
0.6,103250,photon,14,30.44485053361357,3,100000,0.98217,0.98217,0.01783,0.0,-21.293662532667714,9.171956651556545
0.6,103250,photon,14,30.44485053361357,4,100000,0.99227,0.99227,0.00773,0.0,-28.376776280875035,10.623768275883961
0.6,103250,photon,14,30.44485053361357,5,100000,0.99661,0.99661,0.00339,0.0,-35.43851713638262,11.871293389882132
0.6,103250,photon,14,30.44485053361357,6,100000,0.99846,0.99846,0.00154,0.0,-42.52590695682165,13.030505727493862
0.6,103250,photon,14,30.44485053361357,7,100000,0.99929,0.99929,0.00071,0.0,-49.601025111984335,14.07457474037666
0.6,103250,photon,14,30.44485053361357,8,100000,0.99974,0.99974,0.00026,0.0,-56.68835512813537,15.055329019683013
0.6,103250,photon,14,30.44485053361357,9,100000,0.99994,0.99994,6e-05,0.0,-63.764925563095694,15.933119671294145
0.6,103250,photon,14,30.44485053361357,10,100000,0.99995,0.99995,5e-05,0.0,-70.82170170242208,16.7918419506358
0.6,103250,photon,14,30.44485053361357,11,100000,0.99998,0.99998,2e-05,0.0,-77.89242331932971,17.6056642355327
0.6,103250,photon,14,30.44485053361357,12,100000,0.99998,0.99998,2e-05,0.0,-84.9826061086413,18.389717237935013
0.6,103250,photon,15,34.189825862295365,1,100000,0.86368,0.86368,0.13632,0.0,-7.203373711355511,5.268950396653556
0.6,103250,photon,15,34.189825862295365,2,100000,0.95075,0.95075,0.04925,0.0,-14.287849855559163,7.501642777550173
0.6,103250,photon,15,34.189825862295365,3,100000,0.98305,0.98305,0.01695,0.0,-21.38881576981393,9.177588284708882
0.6,103250,photon,15,34.189825862295365,4,100000,0.99309,0.99309,0.00691,0.0,-28.48403278387165,10.63293230630811
0.6,103250,photon,15,34.189825862295365,5,100000,0.99715,0.99715,0.00285,0.0,-35.58272822552859,11.895740922850404
0.6,103250,photon,15,34.189825862295365,6,100000,0.99874,0.99874,0.00126,0.0,-42.67505821633385,13.035838817818526
0.6,103250,photon,15,34.189825862295365,7,100000,0.99948,0.99948,0.00052,0.0,-49.74053358967729,14.093656705143452
0.6,103250,photon,15,34.189825862295365,8,100000,0.99984,0.99984,0.00016,0.0,-56.80777561835725,15.103473896997729
0.6,103250,photon,15,34.189825862295365,9,100000,0.99998,0.99998,2e-05,0.0,-63.90307282953715,16.006475562814195
0.6,103250,photon,15,34.189825862295365,10,100000,0.99997,0.99997,3e-05,0.0,-70.97977340046492,16.884670107334784
0.6,103250,photon,15,34.189825862295365,11,100000,0.99999,0.99999,1e-05,0.0,-78.04573754860385,17.719976327743765
0.6,103250,photon,15,34.189825862295365,12,100000,0.99999,0.99999,1e-05,0.0,-85.1231056199121,18.49258757093911
0.6,103250,photon,16,38.395464980308326,1,100000,0.86582,0.86582,0.13418,0.0,-7.245538222344803,5.2514517417925815
0.6,103250,photon,16,38.395464980308326,2,100000,0.95181,0.95181,0.04819,0.0,-14.394955687705705,7.4693808219329805
0.6,103250,photon,16,38.395464980308326,3,100000,0.98363,0.98363,0.01637,0.0,-21.511788629221957,9.145516903143113
0.6,103250,photon,16,38.395464980308326,4,100000,0.99355,0.99355,0.00645,0.0,-28.620098457878786,10.595531514166382
0.6,103250,photon,16,38.395464980308326,5,100000,0.99712,0.99712,0.00288,0.0,-35.72412430664858,11.881786125400026
0.6,103250,photon,16,38.395464980308326,6,100000,0.99863,0.99863,0.00137,0.0,-42.799541725202985,13.023054074033688
0.6,103250,photon,16,38.395464980308326,7,100000,0.99946,0.99946,0.00054,0.0,-49.91177189768699,14.085400342477879
0.6,103250,photon,16,38.395464980308326,8,100000,0.99977,0.99977,0.00023,0.0,-57.01166551122349,15.063854832026294
0.6,103250,photon,16,38.395464980308326,9,100000,0.99985,0.99985,0.00015,0.0,-64.09187788142424,15.980165675948859
0.6,103250,photon,16,38.395464980308326,10,100000,0.99996,0.99996,4e-05,0.0,-71.16222674364919,16.88247321381444
0.6,103250,photon,16,38.395464980308326,11,100000,0.99996,0.99996,4e-05,0.0,-78.26513945675619,17.704793949709916
0.6,103250,photon,16,38.395464980308326,12,100000,0.99998,0.99998,2e-05,0.0,-85.34228526061419,18.478234688289344
0.6,103250,photon,17,43.11843344835072,1,100000,0.86724,0.86724,0.13276,0.0,-7.2260333439797755,5.2484734568646125
0.6,103250,photon,17,43.11843344835072,2,100000,0.95233,0.95233,0.04767,0.0,-14.353740597690805,7.469066244418759
0.6,103250,photon,17,43.11843344835072,3,100000,0.98335,0.98335,0.01665,0.0,-21.48765400104837,9.150248559140238
0.6,103250,photon,17,43.11843344835072,4,100000,0.99321,0.99321,0.00679,0.0,-28.62980515841888,10.59892059186217
0.6,103250,photon,17,43.11843344835072,5,100000,0.9971,0.9971,0.0029,0.0,-35.77845174855756,11.84189785271196
0.6,103250,photon,17,43.11843344835072,6,100000,0.99896,0.99896,0.00104,0.0,-42.91741810946593,12.983593659141032
0.6,103250,photon,17,43.11843344835072,7,100000,0.99946,0.99946,0.00054,0.0,-50.02480204378181,14.033023295849015
0.6,103250,photon,17,43.11843344835072,8,100000,0.99984,0.99984,0.00016,0.0,-57.16691033699695,14.98617550651432
0.6,103250,photon,17,43.11843344835072,9,100000,0.9999,0.9999,0.0001,0.0,-64.29990780773431,15.878024137674375
0.6,103250,photon,17,43.11843344835072,10,100000,0.99997,0.99997,3e-05,0.0,-71.41922283746823,16.72152998720147
0.6,103250,photon,17,43.11843344835072,11,100000,0.99998,0.99998,2e-05,0.0,-78.54335838510181,17.544145303011927
0.6,103250,photon,17,43.11843344835072,12,100000,0.99999,0.99999,1e-05,0.0,-85.6452154912475,18.320745860392496
0.6,103250,photon,18,48.422367172617065,1,100000,0.86762,0.86762,0.13238,0.0,-7.259067909873956,5.237923065804566
0.6,103250,photon,18,48.422367172617065,2,100000,0.9526,0.9526,0.0474,0.0,-14.398340103718471,7.454297034730605
0.6,103250,photon,18,48.422367172617065,3,100000,0.98398,0.98398,0.01602,0.0,-21.55412215199394,9.147846750966673
0.6,103250,photon,18,48.422367172617065,4,100000,0.99322,0.99322,0.00678,0.0,-28.74662634316219,10.574858157684403
0.6,103250,photon,18,48.422367172617065,5,100000,0.99721,0.99721,0.00279,0.0,-35.872260502788315,11.815225288500272
0.6,103250,photon,18,48.422367172617065,6,100000,0.99867,0.99867,0.00133,0.0,-43.00491143750435,12.949039778283622
0.6,103250,photon,18,48.422367172617065,7,100000,0.99947,0.99947,0.00053,0.0,-50.110896948569206,13.995714813021134
0.6,103250,photon,18,48.422367172617065,8,100000,0.99982,0.99982,0.00018,0.0,-57.230729698208805,14.949371149909647
0.6,103250,photon,18,48.422367172617065,9,100000,0.99991,0.99991,9e-05,0.0,-64.37196033322417,15.874314491988736
0.6,103250,photon,18,48.422367172617065,10,100000,0.99997,0.99997,3e-05,0.0,-71.47606245386902,16.710119595279647
0.6,103250,photon,18,48.422367172617065,11,100000,1.0,1.0,0.0,0.0,-78.6228852666801,17.551089714203304
0.6,103250,photon,18,48.422367172617065,12,100000,1.0,1.0,0.0,0.0,-85.74089541433254,18.346682991859364
0.6,103250,photon,19,54.37872981652651,1,100000,0.86865,0.86865,0.13135,0.0,-7.2716823577982534,5.227844179532154
0.6,103250,photon,19,54.37872981652651,2,100000,0.95335,0.95335,0.04665,0.0,-14.424442012858975,7.423362260795602
0.6,103250,photon,19,54.37872981652651,3,100000,0.98425,0.98425,0.01575,0.0,-21.588502686705723,9.099752130220118
0.6,103250,photon,19,54.37872981652651,4,100000,0.99385,0.99385,0.00615,0.0,-28.777213093642015,10.513713347237008
0.6,103250,photon,19,54.37872981652651,5,100000,0.99744,0.99744,0.00256,0.0,-35.92632274116952,11.75628738606249
0.6,103250,photon,19,54.37872981652651,6,100000,0.99877,0.99877,0.00123,0.0,-43.07568222287917,12.89930207668905
0.6,103250,photon,19,54.37872981652651,7,100000,0.9994,0.9994,0.0006,0.0,-50.223068022158174,13.961612740833008
0.6,103250,photon,19,54.37872981652651,8,100000,0.9998,0.9998,0.0002,0.0,-57.311389594292564,14.94266949606696
0.6,103250,photon,19,54.37872981652651,9,100000,0.99992,0.99992,8e-05,0.0,-64.45069908685132,15.852735665100148
0.6,103250,photon,19,54.37872981652651,10,100000,0.99997,0.99997,3e-05,0.0,-71.5963519795004,16.683353376873065
0.6,103250,photon,19,54.37872981652651,11,100000,0.99999,0.99999,1e-05,0.0,-78.72943607422295,17.474117169514866
0.6,103250,photon,19,54.37872981652651,12,100000,0.99998,0.99998,2e-05,0.0,-85.88594194653308,18.25629551190348
0.6,103250,su2,0,6.0,1,100000,0.90373,0.09627,0.90373,0.0,3.3796207305788295,2.095017809562119
0.6,103250,su2,0,6.0,2,100000,0.96794,0.03206,0.96794,0.0,6.73774368475693,2.9794571371894665
0.6,103250,su2,0,6.0,3,100000,0.98493,0.01507,0.98493,0.0,10.0987107036689,3.6458514877508392
0.6,103250,su2,0,6.0,4,100000,0.99266,0.00734,0.99266,0.0,13.45113545599349,4.211487689364505
0.6,103250,su2,0,6.0,5,100000,0.99643,0.00357,0.99643,0.0,16.813972522312906,4.712971890808838
0.6,103250,su2,0,6.0,6,100000,0.99835,0.00165,0.99835,0.0,20.181078141559727,5.169118519048164
0.6,103250,su2,0,6.0,7,100000,0.9992,0.0008,0.9992,0.0,23.543749529911754,5.58818814401433
0.6,103250,su2,0,6.0,8,100000,0.9996,0.0004,0.9996,0.0,26.903463441993164,5.978627964122438
0.6,103250,su2,0,6.0,9,100000,0.99976,0.00024,0.99976,0.0,30.27236501097531,6.334369181481833
0.6,103250,su2,0,6.0,10,100000,0.99986,0.00014,0.99986,0.0,33.636379345366564,6.694079022187863
0.6,103250,su2,0,6.0,11,100000,0.99995,5e-05,0.99995,0.0,36.99152258412308,7.012399009983674
0.6,103250,su2,0,6.0,12,100000,0.99998,2e-05,0.99998,0.0,40.35853406669822,7.318564328643028
0.6,103250,su2,1,7.3107262009924305,1,100000,0.90221,0.09779,0.90221,0.0,3.3660668057605996,2.1087132396864465
0.6,103250,su2,1,7.3107262009924305,2,100000,0.96766,0.03234,0.96766,0.0,6.722874631078251,2.9909378616766022
0.6,103250,su2,1,7.3107262009924305,3,100000,0.98432,0.01568,0.98432,0.0,10.06539283946288,3.66381890585112
0.6,103250,su2,1,7.3107262009924305,4,100000,0.99225,0.00775,0.99225,0.0,13.411795003797241,4.240901096663779
0.6,103250,su2,1,7.3107262009924305,5,100000,0.9964,0.0036,0.9964,0.0,16.766409445767415,4.738750283604933
0.6,103250,su2,1,7.3107262009924305,6,100000,0.9982,0.0018,0.9982,0.0,20.113459191912998,5.193678082070447
0.6,103250,su2,1,7.3107262009924305,7,100000,0.99917,0.00083,0.99917,0.0,23.461757049618694,5.608630051786942
0.6,103250,su2,1,7.3107262009924305,8,100000,0.99952,0.00048,0.99952,0.0,26.816472045853892,5.991719004978101
0.6,103250,su2,1,7.3107262009924305,9,100000,0.99973,0.00027,0.99973,0.0,30.162170602993463,6.348813405557208
0.6,103250,su2,1,7.3107262009924305,10,100000,0.99991,9e-05,0.99991,0.0,33.502560715286684,6.684124948002387
0.6,103250,su2,1,7.3107262009924305,11,100000,0.99997,3e-05,0.99997,0.0,36.84035223671911,7.027082783589919
0.6,103250,su2,1,7.3107262009924305,12,100000,1.0,0.0,1.0,0.0,40.18589030622052,7.349753454544842
0.6,103250,su2,2,8.90778626431287,1,100000,0.90035,0.09965,0.90035,0.0,3.3514694448937754,2.142088090928759
0.6,103250,su2,2,8.90778626431287,2,100000,0.96688,0.03312,0.96688,0.0,6.692952304033196,3.0181046022819484
0.6,103250,su2,2,8.90778626431287,3,100000,0.98343,0.01657,0.98343,0.0,10.034654963954997,3.6971647488427104
0.6,103250,su2,2,8.90778626431287,4,100000,0.99183,0.00817,0.99183,0.0,13.370084473229792,4.262391729644479
0.6,103250,su2,2,8.90778626431287,5,100000,0.99585,0.00415,0.99585,0.0,16.69706001800828,4.774267904391158
0.6,103250,su2,2,8.90778626431287,6,100000,0.99808,0.00192,0.99808,0.0,20.05039980091367,5.226430212101878
0.6,103250,su2,2,8.90778626431287,7,100000,0.99903,0.00097,0.99903,0.0,23.378741771125224,5.653593731512028
0.6,103250,su2,2,8.90778626431287,8,100000,0.99949,0.00051,0.99949,0.0,26.70287050979371,6.047857816269525
0.6,103250,su2,2,8.90778626431287,9,100000,0.99969,0.00031,0.99969,0.0,30.038522605902042,6.413843982526628
0.6,103250,su2,2,8.90778626431287,10,100000,0.99989,0.00011,0.99989,0.0,33.37017536412628,6.763338079333571
0.6,103250,su2,2,8.90778626431287,11,100000,0.99995,5e-05,0.99995,0.0,36.70381539038085,7.101844994090247
0.6,103250,su2,2,8.90778626431287,12,100000,0.99996,4e-05,0.99996,0.0,40.04680663447752,7.429020197019367
0.6,103250,su2,3,10.853731072558768,1,100000,0.89997,0.10003,0.89997,0.0,3.342398089920596,2.1291716051862752
0.6,103250,su2,3,10.853731072558768,2,100000,0.96653,0.03347,0.96653,0.0,6.663524818471942,3.0116806326570735
0.6,103250,su2,3,10.853731072558768,3,100000,0.98402,0.01598,0.98402,0.0,9.99258162762132,3.6872662974003463
0.6,103250,su2,3,10.853731072558768,4,100000,0.99163,0.00837,0.99163,0.0,13.315399107557411,4.272725271068578
0.6,103250,su2,3,10.853731072558768,5,100000,0.9959,0.0041,0.9959,0.0,16.638967042553183,4.784085025073102
0.6,103250,su2,3,10.853731072558768,6,100000,0.99813,0.00187,0.99813,0.0,19.964993270405593,5.2355385638578955
0.6,103250,su2,3,10.853731072558768,7,100000,0.99911,0.00089,0.99911,0.0,23.278567753496176,5.637591620789841
0.6,103250,su2,3,10.853731072558768,8,100000,0.99952,0.00048,0.99952,0.0,26.600488838024706,6.034466317561572
0.6,103250,su2,3,10.853731072558768,9,100000,0.99975,0.00025,0.99975,0.0,29.92384022374374,6.405989693257086
0.6,103250,su2,3,10.853731072558768,10,100000,0.99991,9e-05,0.99991,0.0,33.24797553072519,6.7618647577998
0.6,103250,su2,3,10.853731072558768,11,100000,0.99996,4e-05,0.99996,0.0,36.55607552248906,7.092039126911112
0.6,103250,su2,3,10.853731072558768,12,100000,0.99996,4e-05,0.99996,0.0,39.8727668868193,7.415579426347295
0.6,103250,su2,4,13.224776021780174,1,100000,0.90002,0.09998,0.90002,0.0,3.3432902535518614,2.128449056811738
0.6,103250,su2,4,13.224776021780174,2,100000,0.96582,0.03418,0.96582,0.0,6.663135971509935,3.0186882808179263
0.6,103250,su2,4,13.224776021780174,3,100000,0.98297,0.01703,0.98297,0.0,9.977316845774924,3.6948453053294577
0.6,103250,su2,4,13.224776021780174,4,100000,0.99178,0.00822,0.99178,0.0,13.291851236864286,4.266885839839054
0.6,103250,su2,4,13.224776021780174,5,100000,0.99596,0.00404,0.99596,0.0,16.586820507204248,4.787079595676004
0.6,103250,su2,4,13.224776021780174,6,100000,0.99794,0.00206,0.99794,0.0,19.902102451602865,5.246084132148099
0.6,103250,su2,4,13.224776021780174,7,100000,0.99902,0.00098,0.99902,0.0,23.2269766259175,5.670406085201737
0.6,103250,su2,4,13.224776021780174,8,100000,0.99943,0.00057,0.99943,0.0,26.542688049500462,6.059311101616846
0.6,103250,su2,4,13.224776021780174,9,100000,0.99972,0.00028,0.99972,0.0,29.85571291368652,6.435996756400714
0.6,103250,su2,4,13.224776021780174,10,100000,0.99986,0.00014,0.99986,0.0,33.15726082061562,6.791024874976279
0.6,103250,su2,4,13.224776021780174,11,100000,0.99997,3e-05,0.99997,0.0,36.463851488435374,7.117783975030157
0.6,103250,su2,4,13.224776021780174,12,100000,0.99996,4e-05,0.99996,0.0,39.77192537191604,7.433553223277976
0.6,103250,su2,5,16.113786094114122,1,100000,0.89921,0.10079,0.89921,0.0,3.33843987021309,2.1543355851431634
0.6,103250,su2,5,16.113786094114122,2,100000,0.96445,0.03555,0.96445,0.0,6.6485760334135104,3.060977789926886
0.6,103250,su2,5,16.113786094114122,3,100000,0.9821,0.0179,0.9821,0.0,9.96477215066198,3.7322485192419657
0.6,103250,su2,5,16.113786094114122,4,100000,0.99123,0.00877,0.99123,0.0,13.27956955702486,4.29358428659053
0.6,103250,su2,5,16.113786094114122,5,100000,0.99558,0.00442,0.99558,0.0,16.596601278676697,4.8184074268873855
0.6,103250,su2,5,16.113786094114122,6,100000,0.99791,0.00209,0.99791,0.0,19.90528008812443,5.284513475145155
0.6,103250,su2,5,16.113786094114122,7,100000,0.99887,0.00113,0.99887,0.0,23.218208997948402,5.712628076106004
0.6,103250,su2,5,16.113786094114122,8,100000,0.99936,0.00064,0.99936,0.0,26.52440184229361,6.106263964272009
0.6,103250,su2,5,16.113786094114122,9,100000,0.99968,0.00032,0.99968,0.0,29.840235420631394,6.462950339736003
0.6,103250,su2,5,16.113786094114122,10,100000,0.99986,0.00014,0.99986,0.0,33.15020383551871,6.814354235240061
0.6,103250,su2,5,16.113786094114122,11,100000,0.99995,5e-05,0.99995,0.0,36.45588142412111,7.139505961924424
0.6,103250,su2,5,16.113786094114122,12,100000,0.99995,5e-05,0.99995,0.0,39.76871867410024,7.452232649042348
0.6,103250,su2,6,19.63391303257127,1,100000,0.89752,0.10248,0.89752,0.0,3.3236228545198445,2.139562754352771
0.6,103250,su2,6,19.63391303257127,2,100000,0.96463,0.03537,0.96463,0.0,6.640572514295317,3.037065837400015
0.6,103250,su2,6,19.63391303257127,3,100000,0.98261,0.01739,0.98261,0.0,9.94264443427538,3.7251535425795357
0.6,103250,su2,6,19.63391303257127,4,100000,0.99114,0.00886,0.99114,0.0,13.24746989611851,4.307640041643823
0.6,103250,su2,6,19.63391303257127,5,100000,0.99541,0.00459,0.99541,0.0,16.554949726732275,4.824094824763459
0.6,103250,su2,6,19.63391303257127,6,100000,0.99769,0.00231,0.99769,0.0,19.859660606890863,5.288461726216525
0.6,103250,su2,6,19.63391303257127,7,100000,0.99886,0.00114,0.99886,0.0,23.162988905465316,5.709288195229776
0.6,103250,su2,6,19.63391303257127,8,100000,0.99939,0.00061,0.99939,0.0,26.475463437460327,6.108147793330361
0.6,103250,su2,6,19.63391303257127,9,100000,0.9997,0.0003,0.9997,0.0,29.785944170236586,6.475668995521403
0.6,103250,su2,6,19.63391303257127,10,100000,0.99992,8e-05,0.99992,0.0,33.08368608130787,6.8228077568364744
0.6,103250,su2,6,19.63391303257127,11,100000,0.99998,2e-05,0.99998,0.0,36.39430241764815,7.148367302222257
0.6,103250,su2,6,19.63391303257127,12,100000,0.99999,1e-05,0.99999,0.0,39.691924419985895,7.466330846876145
0.6,103250,su2,7,23.9230270725376,1,100000,0.89708,0.10292,0.89708,0.0,3.31841631421149,2.155548987945464
0.6,103250,su2,7,23.9230270725376,2,100000,0.96461,0.03539,0.96461,0.0,6.632796302700832,3.0387323366360293
0.6,103250,su2,7,23.9230270725376,3,100000,0.98257,0.01743,0.98257,0.0,9.940332873468401,3.721872073649903
0.6,103250,su2,7,23.9230270725376,4,100000,0.99158,0.00842,0.99158,0.0,13.241276800484899,4.292519091629649
0.6,103250,su2,7,23.9230270725376,5,100000,0.99588,0.00412,0.99588,0.0,16.553294279280195,4.80109760560258
0.6,103250,su2,7,23.9230270725376,6,100000,0.99806,0.00194,0.99806,0.0,19.857067733886012,5.266992694358854
0.6,103250,su2,7,23.9230270725376,7,100000,0.99911,0.00089,0.99911,0.0,23.16618575256627,5.687233576895999
0.6,103250,su2,7,23.9230270725376,8,100000,0.9995,0.0005,0.9995,0.0,26.469870762280202,6.0750299710100535
0.6,103250,su2,7,23.9230270725376,9,100000,0.99975,0.00025,0.99975,0.0,29.76505730183303,6.457401116605177
0.6,103250,su2,7,23.9230270725376,10,100000,0.99985,0.00015,0.99985,0.0,33.07577951720988,6.801647512871464
0.6,103250,su2,7,23.9230270725376,11,100000,0.9999,0.0001,0.9999,0.0,36.376929470699515,7.141782392379389
0.6,103250,su2,7,23.9230270725376,12,100000,0.99997,3e-05,0.99997,0.0,39.68345069257793,7.457598675187682
0.6,103250,su2,8,29.149116804375307,1,100000,0.89842,0.10158,0.89842,0.0,3.3242230099471968,2.136224668207187
0.6,103250,su2,8,29.149116804375307,2,100000,0.96485,0.03515,0.96485,0.0,6.631339403740894,3.0398321738421057
0.6,103250,su2,8,29.149116804375307,3,100000,0.9824,0.0176,0.9824,0.0,9.9306468588504,3.734705333186259
0.6,103250,su2,8,29.149116804375307,4,100000,0.99096,0.00904,0.99096,0.0,13.228498171179123,4.3174632706091485
0.6,103250,su2,8,29.149116804375307,5,100000,0.99533,0.00467,0.99533,0.0,16.527025301159657,4.83085127380243
0.6,103250,su2,8,29.149116804375307,6,100000,0.99766,0.00234,0.99766,0.0,19.821359939121542,5.289548051542749
0.6,103250,su2,8,29.149116804375307,7,100000,0.99878,0.00122,0.99878,0.0,23.119739864087506,5.720164345795568
0.6,103250,su2,8,29.149116804375307,8,100000,0.99934,0.00066,0.99934,0.0,26.4099544364352,6.125855579862926
0.6,103250,su2,8,29.149116804375307,9,100000,0.99969,0.00031,0.99969,0.0,29.699330473573394,6.509261263222447
0.6,103250,su2,8,29.149116804375307,10,100000,0.99989,0.00011,0.99989,0.0,33.000652587884176,6.869704689476316
0.6,103250,su2,8,29.149116804375307,11,100000,0.99994,6e-05,0.99994,0.0,36.2783242104684,7.194218143038325
0.6,103250,su2,8,29.149116804375307,12,100000,0.99998,2e-05,0.99998,0.0,39.5564053306095,7.515260470104657
0.6,103250,su2,9,35.51686865958921,1,100000,0.89799,0.10201,0.89799,0.0,3.331022476311194,2.133643719989268
0.6,103250,su2,9,35.51686865958921,2,100000,0.96712,0.03288,0.96712,0.0,6.641545301621248,3.0085080848765378
0.6,103250,su2,9,35.51686865958921,3,100000,0.98345,0.01655,0.98345,0.0,9.933752425595538,3.708694074929114
0.6,103250,su2,9,35.51686865958921,4,100000,0.99137,0.00863,0.99137,0.0,13.225480514657825,4.293064322304221
0.6,103250,su2,9,35.51686865958921,5,100000,0.99584,0.00416,0.99584,0.0,16.526540583268776,4.791945843383045
0.6,103250,su2,9,35.51686865958921,6,100000,0.99788,0.00212,0.99788,0.0,19.822219188851317,5.260709084974225
0.6,103250,su2,9,35.51686865958921,7,100000,0.9989,0.0011,0.9989,0.0,23.118676205598884,5.689024522807446
0.6,103250,su2,9,35.51686865958921,8,100000,0.99934,0.00066,0.99934,0.0,26.413250081250762,6.085596773071521
0.6,103250,su2,9,35.51686865958921,9,100000,0.99966,0.00034,0.99966,0.0,29.712961003119386,6.454134853375941
0.6,103250,su2,9,35.51686865958921,10,100000,0.99983,0.00017,0.99983,0.0,33.01625464654122,6.812836512209064
0.6,103250,su2,9,35.51686865958921,11,100000,0.99997,3e-05,0.99997,0.0,36.30011613844913,7.14597786527044
0.6,103250,su2,9,35.51686865958921,12,100000,0.99993,7e-05,0.99993,0.0,39.585692276245595,7.474093010127574
0.6,103250,su2,10,43.27568371447764,1,100000,0.89791,0.10209,0.89791,0.0,3.3187419290742732,2.1670941557285275
0.6,103250,su2,10,43.27568371447764,2,100000,0.96488,0.03512,0.96488,0.0,6.629107644078515,3.05272717269541
0.6,103250,su2,10,43.27568371447764,3,100000,0.98201,0.01799,0.98201,0.0,9.930658618275947,3.737507233228714
0.6,103250,su2,10,43.27568371447764,4,100000,0.99079,0.00921,0.99079,0.0,13.219889515233666,4.318991713001907
0.6,103250,su2,10,43.27568371447764,5,100000,0.99532,0.00468,0.99532,0.0,16.508002476772376,4.841085005568932
0.6,103250,su2,10,43.27568371447764,6,100000,0.99758,0.00242,0.99758,0.0,19.800564150322135,5.296599250740516
0.6,103250,su2,10,43.27568371447764,7,100000,0.9989,0.0011,0.9989,0.0,23.09097062426204,5.721959848010757
0.6,103250,su2,10,43.27568371447764,8,100000,0.99948,0.00052,0.99948,0.0,26.378482693320432,6.102901594160711
0.6,103250,su2,10,43.27568371447764,9,100000,0.99969,0.00031,0.99969,0.0,29.668438273991736,6.465535585410677
0.6,103250,su2,10,43.27568371447764,10,100000,0.99983,0.00017,0.99983,0.0,32.95960385034317,6.827522607707772
0.6,103250,su2,10,43.27568371447764,11,100000,0.99995,5e-05,0.99995,0.0,36.25112255101756,7.165567958326363
0.6,103250,su2,10,43.27568371447764,12,100000,0.99992,8e-05,0.99992,0.0,39.54304897871955,7.487875967078659
0.6,103250,su2,11,52.72944579954886,1,100000,0.89523,0.10477,0.89523,0.0,3.30423908894111,2.186055763930027
0.6,103250,su2,11,52.72944579954886,2,100000,0.96413,0.03587,0.96413,0.0,6.60868694253484,3.0559191611405425
0.6,103250,su2,11,52.72944579954886,3,100000,0.98154,0.01846,0.98154,0.0,9.900305303988636,3.7442536126895205
0.6,103250,su2,11,52.72944579954886,4,100000,0.99064,0.00936,0.99064,0.0,13.195725571539528,4.328567577304269
0.6,103250,su2,11,52.72944579954886,5,100000,0.99524,0.00476,0.99524,0.0,16.490970378807663,4.833801671696787
0.6,103250,su2,11,52.72944579954886,6,100000,0.99764,0.00236,0.99764,0.0,19.786099225836022,5.296514270047683
0.6,103250,su2,11,52.72944579954886,7,100000,0.99893,0.00107,0.99893,0.0,23.076848121950224,5.7181737028990876
0.6,103250,su2,11,52.72944579954886,8,100000,0.99945,0.00055,0.99945,0.0,26.362947047969218,6.11520535758359
0.6,103250,su2,11,52.72944579954886,9,100000,0.99972,0.00028,0.99972,0.0,29.656324234540545,6.491415877916683
0.6,103250,su2,11,52.72944579954886,10,100000,0.99986,0.00014,0.99986,0.0,32.93021376322178,6.852257222407706
0.6,103250,su2,11,52.72944579954886,11,100000,0.99995,5e-05,0.99995,0.0,36.21579582707698,7.189498697182193
0.6,103250,su2,11,52.72944579954886,12,100000,0.99997,3e-05,0.99997,0.0,39.51261848569115,7.510624520750745
0.6,103250,su2,12,64.24842349509534,1,100000,0.89842,0.10158,0.89842,0.0,3.3221046778743704,2.1445104524556755
0.6,103250,su2,12,64.24842349509534,2,100000,0.96489,0.03511,0.96489,0.0,6.626587006436417,3.0339418132756792
0.6,103250,su2,12,64.24842349509534,3,100000,0.98259,0.01741,0.98259,0.0,9.926679502942603,3.7226255493725136
0.6,103250,su2,12,64.24842349509534,4,100000,0.99081,0.00919,0.99081,0.0,13.215177886175207,4.314044784769757
0.6,103250,su2,12,64.24842349509534,5,100000,0.99542,0.00458,0.99542,0.0,16.508846665799968,4.839270715229448
0.6,103250,su2,12,64.24842349509534,6,100000,0.99775,0.00225,0.99775,0.0,19.81027662854828,5.292284150837957
0.6,103250,su2,12,64.24842349509534,7,100000,0.99904,0.00096,0.99904,0.0,23.10645736056664,5.708449698761047
0.6,103250,su2,12,64.24842349509534,8,100000,0.99947,0.00053,0.99947,0.0,26.39388437670343,6.110061303925581
0.6,103250,su2,12,64.24842349509534,9,100000,0.99983,0.00017,0.99983,0.0,29.68478489360458,6.474246039806773
0.6,103250,su2,12,64.24842349509534,10,100000,0.99989,0.00011,0.99989,0.0,32.98271927267289,6.823732784328629
0.6,103250,su2,12,64.24842349509534,11,100000,0.99996,4e-05,0.99996,0.0,36.27024136856995,7.160008950590686
0.6,103250,su2,12,64.24842349509534,12,100000,0.99997,3e-05,0.99997,0.0,39.55301836080745,7.4775408526541005
0.6,103250,su2,13,78.28377216967522,1,100000,0.89795,0.10205,0.89795,0.0,3.3148701919338985,2.1635193376208086
0.6,103250,su2,13,78.28377216967522,2,100000,0.96416,0.03584,0.96416,0.0,6.597794956116244,3.055595685042402
0.6,103250,su2,13,78.28377216967522,3,100000,0.98197,0.01803,0.98197,0.0,9.89626761038372,3.7471714036448756
0.6,103250,su2,13,78.28377216967522,4,100000,0.99074,0.00926,0.99074,0.0,13.18614700449486,4.32332302991267
0.6,103250,su2,13,78.28377216967522,5,100000,0.99532,0.00468,0.99532,0.0,16.478098018504227,4.815732793891063
0.6,103250,su2,13,78.28377216967522,6,100000,0.99782,0.00218,0.99782,0.0,19.774863412269212,5.26719169425959
0.6,103250,su2,13,78.28377216967522,7,100000,0.99878,0.00122,0.99878,0.0,23.064386278881667,5.7113225124835445
0.6,103250,su2,13,78.28377216967522,8,100000,0.99945,0.00055,0.99945,0.0,26.346109604658807,6.118837700251289
0.6,103250,su2,13,78.28377216967522,9,100000,0.99972,0.00028,0.99972,0.0,29.624924290900058,6.489685121803143
0.6,103250,su2,13,78.28377216967522,10,100000,0.99991,9e-05,0.99991,0.0,32.91847886096522,6.841667586664763
0.6,103250,su2,13,78.28377216967522,11,100000,0.99994,6e-05,0.99994,0.0,36.210596276569646,7.175883495105404
0.6,103250,su2,13,78.28377216967522,12,100000,0.99999,1e-05,0.99999,0.0,39.49646132690189,7.492377929847784
0.6,103250,su2,14,95.38520405222776,1,100000,0.89679,0.10321,0.89679,0.0,3.311162388247906,2.1599502177309393
0.6,103250,su2,14,95.38520405222776,2,100000,0.96373,0.03627,0.96373,0.0,6.608087209830798,3.0499485316700268
0.6,103250,su2,14,95.38520405222776,3,100000,0.9819,0.0181,0.9819,0.0,9.898541927341919,3.744240211513896
0.6,103250,su2,14,95.38520405222776,4,100000,0.99094,0.00906,0.99094,0.0,13.187234832572901,4.326835408401654
0.6,103250,su2,14,95.38520405222776,5,100000,0.99551,0.00449,0.99551,0.0,16.478177620320448,4.851371272100174
0.6,103250,su2,14,95.38520405222776,6,100000,0.99765,0.00235,0.99765,0.0,19.76292010592874,5.32450745105985
0.6,103250,su2,14,95.38520405222776,7,100000,0.99875,0.00125,0.99875,0.0,23.058218858142727,5.753686600733013
0.6,103250,su2,14,95.38520405222776,8,100000,0.99937,0.00063,0.99937,0.0,26.3405090202696,6.158589095454722
0.6,103250,su2,14,95.38520405222776,9,100000,0.99968,0.00032,0.99968,0.0,29.624208678715146,6.544651717551499
0.6,103250,su2,14,95.38520405222776,10,100000,0.99988,0.00012,0.99988,0.0,32.90566693303862,6.896826609312993
0.6,103250,su2,14,95.38520405222776,11,100000,0.99996,4e-05,0.99996,0.0,36.17592646151144,7.236536581186469
0.6,103250,su2,14,95.38520405222776,12,100000,0.99997,3e-05,0.99997,0.0,39.457456225864476,7.56015558698701
0.6,103250,su2,15,116.22251840860507,1,100000,0.89658,0.10342,0.89658,0.0,3.3028859824174672,2.1631250586360364
0.6,103250,su2,15,116.22251840860507,2,100000,0.96373,0.03627,0.96373,0.0,6.59954244037389,3.0670533767117507
0.6,103250,su2,15,116.22251840860507,3,100000,0.9819,0.0181,0.9819,0.0,9.894521610741707,3.7435126020340026
0.6,103250,su2,15,116.22251840860507,4,100000,0.99055,0.00945,0.99055,0.0,13.187836869591843,4.326274291452789
0.6,103250,su2,15,116.22251840860507,5,100000,0.99517,0.00483,0.99517,0.0,16.4643837566718,4.855811718668229
0.6,103250,su2,15,116.22251840860507,6,100000,0.99776,0.00224,0.99776,0.0,19.759688982224883,5.31461215245566
0.6,103250,su2,15,116.22251840860507,7,100000,0.99887,0.00113,0.99887,0.0,23.0616004148162,5.737318547731139
0.6,103250,su2,15,116.22251840860507,8,100000,0.99934,0.00066,0.99934,0.0,26.354152772873626,6.141163495846317
0.6,103250,su2,15,116.22251840860507,9,100000,0.99978,0.00022,0.99978,0.0,29.648441595007036,6.5080738517451735
0.6,103250,su2,15,116.22251840860507,10,100000,0.99989,0.00011,0.99989,0.0,32.93814293905033,6.857382749478983
0.6,103250,su2,15,116.22251840860507,11,100000,0.99993,7e-05,0.99993,0.0,36.23380652523096,7.19408520355951
0.6,103250,su2,15,116.22251840860507,12,100000,0.99997,3e-05,0.99997,0.0,39.522259128935616,7.501682801858104
0.6,103250,su2,16,141.61183507918588,1,100000,0.89579,0.10421,0.89579,0.0,3.305784888829513,2.16531096909242
0.6,103250,su2,16,141.61183507918588,2,100000,0.96367,0.03633,0.96367,0.0,6.592566618393568,3.076929836534709
0.6,103250,su2,16,141.61183507918588,3,100000,0.98139,0.01861,0.98139,0.0,9.885598075833407,3.7644516405829296
0.6,103250,su2,16,141.61183507918588,4,100000,0.9903,0.0097,0.9903,0.0,13.161814241239396,4.351285319335117
0.6,103250,su2,16,141.61183507918588,5,100000,0.99502,0.00498,0.99502,0.0,16.427596814746558,4.88282687657447
0.6,103250,su2,16,141.61183507918588,6,100000,0.99775,0.00225,0.99775,0.0,19.71032890097626,5.342526532731669
0.6,103250,su2,16,141.61183507918588,7,100000,0.99882,0.00118,0.99882,0.0,22.99489743841814,5.781080022547948
0.6,103250,su2,16,141.61183507918588,8,100000,0.9994,0.0006,0.9994,0.0,26.27622099918408,6.1608659190838635
0.6,103250,su2,16,141.61183507918588,9,100000,0.99975,0.00025,0.99975,0.0,29.55759613194445,6.5277582748973915
0.6,103250,su2,16,141.61183507918588,10,100000,0.99985,0.00015,0.99985,0.0,32.84074459893427,6.881290537673912
0.6,103250,su2,16,141.61183507918588,11,100000,0.99994,6e-05,0.99994,0.0,36.123128924479964,7.21604683852633
0.6,103250,su2,16,141.61183507918588,12,100000,0.99996,4e-05,0.99996,0.0,39.429588293899286,7.5346503304969525
0.6,103250,su2,17,172.5475588473371,1,100000,0.89676,0.10324,0.89676,0.0,3.30566538357641,2.1856002788492086
0.6,103250,su2,17,172.5475588473371,2,100000,0.96332,0.03668,0.96332,0.0,6.616219648335019,3.073832940061161
0.6,103250,su2,17,172.5475588473371,3,100000,0.981,0.019,0.981,0.0,9.9069937544984,3.762534142618127
0.6,103250,su2,17,172.5475588473371,4,100000,0.99062,0.00938,0.99062,0.0,13.200196999435672,4.327822858217323
0.6,103250,su2,17,172.5475588473371,5,100000,0.99521,0.00479,0.99521,0.0,16.498762928856394,4.846295910805303
0.6,103250,su2,17,172.5475588473371,6,100000,0.99761,0.00239,0.99761,0.0,19.776376763123853,5.297586045749603
0.6,103250,su2,17,172.5475588473371,7,100000,0.99892,0.00108,0.99892,0.0,23.0662542739558,5.716667322341731
0.6,103250,su2,17,172.5475588473371,8,100000,0.99939,0.00061,0.99939,0.0,26.354672526313355,6.11157234172776
0.6,103250,su2,17,172.5475588473371,9,100000,0.99976,0.00024,0.99976,0.0,29.645161319011002,6.483152464160881
0.6,103250,su2,17,172.5475588473371,10,100000,0.99991,9e-05,0.99991,0.0,32.92580436292883,6.837661166610627
0.6,103250,su2,17,172.5475588473371,11,100000,0.99994,6e-05,0.99994,0.0,36.20893836262386,7.173011638318482
0.6,103250,su2,17,172.5475588473371,12,100000,0.99996,4e-05,0.99996,0.0,39.49447367832276,7.504873358592403
0.6,103250,su2,18,210.2413265637518,1,100000,0.89696,0.10304,0.89696,0.0,3.3162514968536874,2.1641304546264406
0.6,103250,su2,18,210.2413265637518,2,100000,0.96383,0.03617,0.96383,0.0,6.6073118668904804,3.0662326139016067
0.6,103250,su2,18,210.2413265637518,3,100000,0.98166,0.01834,0.98166,0.0,9.900001526379626,3.748500648544112
0.6,103250,su2,18,210.2413265637518,4,100000,0.99038,0.00962,0.99038,0.0,13.176896891167944,4.330704978193666
0.6,103250,su2,18,210.2413265637518,5,100000,0.99531,0.00469,0.99531,0.0,16.449934327633052,4.843108864078046
0.6,103250,su2,18,210.2413265637518,6,100000,0.99761,0.00239,0.99761,0.0,19.73899537766614,5.314792999450698
0.6,103250,su2,18,210.2413265637518,7,100000,0.99873,0.00127,0.99873,0.0,23.0177329806585,5.7436195226513975
0.6,103250,su2,18,210.2413265637518,8,100000,0.99944,0.00056,0.99944,0.0,26.29452166399025,6.131897610829361
0.6,103250,su2,18,210.2413265637518,9,100000,0.99969,0.00031,0.99969,0.0,29.566900113801882,6.505044340542198
0.6,103250,su2,18,210.2413265637518,10,100000,0.99985,0.00015,0.99985,0.0,32.84628286126621,6.854793977513612
0.6,103250,su2,18,210.2413265637518,11,100000,0.99994,6e-05,0.99994,0.0,36.124671759554715,7.198098968582231
0.6,103250,su2,18,210.2413265637518,12,100000,0.99996,4e-05,0.99996,0.0,39.406601525774896,7.519434521269012
0.6,103250,su2,19,256.1694624401711,1,100000,0.89703,0.10297,0.89703,0.0,3.317803169038553,2.158280593238505
0.6,103250,su2,19,256.1694624401711,2,100000,0.96437,0.03563,0.96437,0.0,6.610895972085396,3.0420274465071517
0.6,103250,su2,19,256.1694624401711,3,100000,0.9824,0.0176,0.9824,0.0,9.89320215338178,3.7227973667007306
0.6,103250,su2,19,256.1694624401711,4,100000,0.99081,0.00919,0.99081,0.0,13.176158504620181,4.310701280763884
0.6,103250,su2,19,256.1694624401711,5,100000,0.99548,0.00452,0.99548,0.0,16.46642718796621,4.817820458064165
0.6,103250,su2,19,256.1694624401711,6,100000,0.99771,0.00229,0.99771,0.0,19.746695431316315,5.271519014760988
0.6,103250,su2,19,256.1694624401711,7,100000,0.99897,0.00103,0.99897,0.0,23.02355356168243,5.695599175293782
0.6,103250,su2,19,256.1694624401711,8,100000,0.99945,0.00055,0.99945,0.0,26.315893180757694,6.105005926212832
0.6,103250,su2,19,256.1694624401711,9,100000,0.99973,0.00027,0.99973,0.0,29.589396359018615,6.467125142497845
0.6,103250,su2,19,256.1694624401711,10,100000,0.9999,0.0001,0.9999,0.0,32.86791676961791,6.824830077503467
0.6,103250,su2,19,256.1694624401711,11,100000,0.99993,7e-05,0.99993,0.0,36.144910022089775,7.153652671297189
0.6,103250,su2,19,256.1694624401711,12,100000,0.99996,4e-05,0.99996,0.0,39.43080470002114,7.4811285123663875
0.6,113253,photon,0,6.0,1,100000,0.82919,0.82919,0.17081,0.0,-6.399734793204593,5.5618438875797205
0.6,113253,photon,0,6.0,2,100000,0.92517,0.92517,0.07483,0.0,-12.701868978806536,7.8830377120329524
0.6,113253,photon,0,6.0,3,100000,0.96871,0.96871,0.03129,0.0,-19.01454145527549,9.629131845659419
0.6,113253,photon,0,6.0,4,100000,0.9847,0.9847,0.0153,0.0,-25.360150086496294,11.121180408450273
0.6,113253,photon,0,6.0,5,100000,0.99243,0.99243,0.00757,0.0,-31.680884982815538,12.392235020794608
0.6,113253,photon,0,6.0,6,100000,0.99634,0.99634,0.00366,0.0,-38.01179147705817,13.57130504978583
0.6,113253,photon,0,6.0,7,100000,0.99806,0.99806,0.00194,0.0,-44.30335577477501,14.683227250772056
0.6,113253,photon,0,6.0,8,100000,0.99909,0.99909,0.00091,0.0,-50.58684847515224,15.67165633920888
0.6,113253,photon,0,6.0,9,100000,0.99945,0.99945,0.00055,0.0,-56.92567123828755,16.611436126116068
0.6,113253,photon,0,6.0,10,100000,0.99973,0.99973,0.00027,0.0,-63.22518901715548,17.473141606878926
0.6,113253,photon,0,6.0,11,100000,0.9999,0.9999,0.0001,0.0,-69.53057775674094,18.316172429225148
0.6,113253,photon,0,6.0,12,100000,0.99996,0.99996,4e-05,0.0,-75.86504217586328,19.135773283420765
0.6,113253,photon,1,6.7380509865628095,1,100000,0.83678,0.83678,0.16322,0.0,-6.525445349815931,5.507300161065127
0.6,113253,photon,1,6.7380509865628095,2,100000,0.92971,0.92971,0.07029,0.0,-12.956836996511804,7.813138152439418
0.6,113253,photon,1,6.7380509865628095,3,100000,0.9715,0.9715,0.0285,0.0,-19.39982667394475,9.562813793189166
0.6,113253,photon,1,6.7380509865628095,4,100000,0.98713,0.98713,0.01287,0.0,-25.861535570081923,11.00897598147669
0.6,113253,photon,1,6.7380509865628095,5,100000,0.9936,0.9936,0.0064,0.0,-32.279164731268224,12.30344540686577
0.6,113253,photon,1,6.7380509865628095,6,100000,0.99692,0.99692,0.00308,0.0,-38.67963736799698,13.476735743934737
0.6,113253,photon,1,6.7380509865628095,7,100000,0.99845,0.99845,0.00155,0.0,-45.11361844472182,14.576324920267902
0.6,113253,photon,1,6.7380509865628095,8,100000,0.99928,0.99928,0.00072,0.0,-51.53262181924933,15.57700008801049
0.6,113253,photon,1,6.7380509865628095,9,100000,0.99957,0.99957,0.00043,0.0,-57.94011646162971,16.524932487765632
0.6,113253,photon,1,6.7380509865628095,10,100000,0.99975,0.99975,0.00025,0.0,-64.35093241698549,17.421943794795496
0.6,113253,photon,1,6.7380509865628095,11,100000,0.99989,0.99989,0.00011,0.0,-70.77953292374181,18.264827363359792
0.6,113253,photon,1,6.7380509865628095,12,100000,0.99997,0.99997,3e-05,0.0,-77.1788281505333,19.085580887100644
0.6,113253,photon,2,7.566888516253341,1,100000,0.8384,0.8384,0.1616,0.0,-6.613104460888386,5.48644886774522
0.6,113253,photon,2,7.566888516253341,2,100000,0.9336,0.9336,0.0664,0.0,-13.1208001990383,7.759607627814652
0.6,113253,photon,2,7.566888516253341,3,100000,0.97314,0.97314,0.02686,0.0,-19.642612268030412,9.50620033766267
0.6,113253,photon,2,7.566888516253341,4,100000,0.98764,0.98764,0.01236,0.0,-26.17206654497111,10.97216499211745
0.6,113253,photon,2,7.566888516253341,5,100000,0.99429,0.99429,0.00571,0.0,-32.69039347621468,12.257528208111037
0.6,113253,photon,2,7.566888516253341,6,100000,0.99701,0.99701,0.00299,0.0,-39.19192233051292,13.428301127823417
0.6,113253,photon,2,7.566888516253341,7,100000,0.99858,0.99858,0.00142,0.0,-45.704881457885044,14.496642320860067
0.6,113253,photon,2,7.566888516253341,8,100000,0.99935,0.99935,0.00065,0.0,-52.20344789425919,15.505507094721816
0.6,113253,photon,2,7.566888516253341,9,100000,0.99966,0.99966,0.00034,0.0,-58.697702879074726,16.43613596412806
0.6,113253,photon,2,7.566888516253341,10,100000,0.99987,0.99987,0.00013,0.0,-65.17218914521472,17.342107548348498
0.6,113253,photon,2,7.566888516253341,11,100000,0.99993,0.99993,7e-05,0.0,-71.69655971430605,18.164817937617467
0.6,113253,photon,2,7.566888516253341,12,100000,0.99997,0.99997,3e-05,0.0,-78.16363219768516,18.96193544073646
0.6,113253,photon,3,8.497680105358603,1,100000,0.84302,0.84302,0.15698,0.0,-6.687620060025694,5.456942686058182
0.6,113253,photon,3,8.497680105358603,2,100000,0.93615,0.93615,0.06385,0.0,-13.272171207125266,7.745106277685043
0.6,113253,photon,3,8.497680105358603,3,100000,0.97457,0.97457,0.02543,0.0,-19.89107090418903,9.481580256759411
0.6,113253,photon,3,8.497680105358603,4,100000,0.98817,0.98817,0.01183,0.0,-26.50343189042703,10.941857572421988
0.6,113253,photon,3,8.497680105358603,5,100000,0.99476,0.99476,0.00524,0.0,-33.10146865248887,12.189937137816385
0.6,113253,photon,3,8.497680105358603,6,100000,0.99733,0.99733,0.00267,0.0,-39.66141931844005,13.377378565268279
0.6,113253,photon,3,8.497680105358603,7,100000,0.99877,0.99877,0.00123,0.0,-46.244895377892924,14.436776293468789
0.6,113253,photon,3,8.497680105358603,8,100000,0.99924,0.99924,0.00076,0.0,-52.84768174529781,15.444961044086265
0.6,113253,photon,3,8.497680105358603,9,100000,0.99977,0.99977,0.00023,0.0,-59.45494496389045,16.348851151349947
0.6,113253,photon,3,8.497680105358603,10,100000,0.99986,0.99986,0.00014,0.0,-66.0539750444874,17.238537520858202
0.6,113253,photon,3,8.497680105358603,11,100000,0.99993,0.99993,7e-05,0.0,-72.66253376654079,18.089741166972242
0.6,113253,photon,3,8.497680105358603,12,100000,0.99996,0.99996,4e-05,0.0,-79.235941108401,18.90666790848876
0.6,113253,photon,4,9.542966969567782,1,100000,0.84612,0.84612,0.15388,0.0,-6.766646697484423,5.43922779112863
0.6,113253,photon,4,9.542966969567782,2,100000,0.93943,0.93943,0.06057,0.0,-13.464178277399611,7.697524737274907
0.6,113253,photon,4,9.542966969567782,3,100000,0.9769,0.9769,0.0231,0.0,-20.12062813357077,9.404459677100087
0.6,113253,photon,4,9.542966969567782,4,100000,0.98951,0.98951,0.01049,0.0,-26.7879247920679,10.896615819597304
0.6,113253,photon,4,9.542966969567782,5,100000,0.99494,0.99494,0.00506,0.0,-33.425670184409476,12.212781479125585
0.6,113253,photon,4,9.542966969567782,6,100000,0.99771,0.99771,0.00229,0.0,-40.09420720785961,13.387276620594253
0.6,113253,photon,4,9.542966969567782,7,100000,0.99892,0.99892,0.00108,0.0,-46.70105141488638,14.444667823215294
0.6,113253,photon,4,9.542966969567782,8,100000,0.99944,0.99944,0.00056,0.0,-53.33782106331511,15.428336730041867
0.6,113253,photon,4,9.542966969567782,9,100000,0.99973,0.99973,0.00027,0.0,-60.00405950424135,16.372000875123405
0.6,113253,photon,4,9.542966969567782,10,100000,0.99991,0.99991,9e-05,0.0,-66.63235336639083,17.254227189395117
0.6,113253,photon,4,9.542966969567782,11,100000,0.99991,0.99991,9e-05,0.0,-73.2560063664643,18.087265622467093
0.6,113253,photon,4,9.542966969567782,12,100000,0.99996,0.99996,4e-05,0.0,-79.90164440432164,18.897731018835604
0.6,113253,photon,5,10.716833000672082,1,100000,0.84996,0.84996,0.15004,0.0,-6.838975104579114,5.4007094927020916
0.6,113253,photon,5,10.716833000672082,2,100000,0.94145,0.94145,0.05855,0.0,-13.567366356921738,7.65578735372864
0.6,113253,photon,5,10.716833000672082,3,100000,0.97727,0.97727,0.02273,0.0,-20.302961062997934,9.382725200845353
0.6,113253,photon,5,10.716833000672082,4,100000,0.99006,0.99006,0.00994,0.0,-27.06579928132789,10.839575242700716
0.6,113253,photon,5,10.716833000672082,5,100000,0.99521,0.99521,0.00479,0.0,-33.77658296527031,12.163032948327103
0.6,113253,photon,5,10.716833000672082,6,100000,0.99779,0.99779,0.00221,0.0,-40.501004260533165,13.296920270800552
0.6,113253,photon,5,10.716833000672082,7,100000,0.99898,0.99898,0.00102,0.0,-47.23224398089346,14.350036641871975
0.6,113253,photon,5,10.716833000672082,8,100000,0.99957,0.99957,0.00043,0.0,-53.92032900775666,15.352604082367122
0.6,113253,photon,5,10.716833000672082,9,100000,0.99983,0.99983,0.00017,0.0,-60.645124559439324,16.26606580094352
0.6,113253,photon,5,10.716833000672082,10,100000,0.99995,0.99995,5e-05,0.0,-67.3495788167547,17.13290748706097
0.6,113253,photon,5,10.716833000672082,11,100000,0.99998,0.99998,2e-05,0.0,-74.06361145760879,17.980779572571674
0.6,113253,photon,5,10.716833000672082,12,100000,0.99999,0.99999,1e-05,0.0,-80.78408151065578,18.781958684973187
0.6,113253,photon,6,12.035094528834572,1,100000,0.85317,0.85317,0.14683,0.0,-6.908060726978163,5.378941388919564
0.6,113253,photon,6,12.035094528834572,2,100000,0.94452,0.94452,0.05548,0.0,-13.719144281164413,7.630919752981749
0.6,113253,photon,6,12.035094528834572,3,100000,0.97872,0.97872,0.02128,0.0,-20.514957759959128,9.34730534408923
0.6,113253,photon,6,12.035094528834572,4,100000,0.99048,0.99048,0.00952,0.0,-27.28474338620218,10.829300614740633
0.6,113253,photon,6,12.035094528834572,5,100000,0.99562,0.99562,0.00438,0.0,-34.05694137953959,12.107695526632433
0.6,113253,photon,6,12.035094528834572,6,100000,0.99797,0.99797,0.00203,0.0,-40.8309891984615,13.275610164356504
0.6,113253,photon,6,12.035094528834572,7,100000,0.99907,0.99907,0.00093,0.0,-47.62141099749716,14.314276405206872
0.6,113253,photon,6,12.035094528834572,8,100000,0.99963,0.99963,0.00037,0.0,-54.377438573138534,15.310307576185007
0.6,113253,photon,6,12.035094528834572,9,100000,0.9998,0.9998,0.0002,0.0,-61.134744002344945,16.239337230271282
0.6,113253,photon,6,12.035094528834572,10,100000,0.99988,0.99988,0.00012,0.0,-67.89021572379048,17.13273795781999
0.6,113253,photon,6,12.035094528834572,11,100000,0.99994,0.99994,6e-05,0.0,-74.68193255714155,17.976599152952648
0.6,113253,photon,6,12.035094528834572,12,100000,0.99999,0.99999,1e-05,0.0,-81.44119760413301,18.766707988895682
0.6,113253,photon,7,13.515513427231737,1,100000,0.85502,0.85502,0.14498,0.0,-6.928316024144239,5.366644859457021
0.6,113253,photon,7,13.515513427231737,2,100000,0.94418,0.94418,0.05582,0.0,-13.749852907920687,7.620936484297486
0.6,113253,photon,7,13.515513427231737,3,100000,0.97889,0.97889,0.02111,0.0,-20.582502735544477,9.352655996372622
0.6,113253,photon,7,13.515513427231737,4,100000,0.99129,0.99129,0.00871,0.0,-27.43050006618031,10.781355565063155
0.6,113253,photon,7,13.515513427231737,5,100000,0.99596,0.99596,0.00404,0.0,-34.251173102145565,12.031025006908159
0.6,113253,photon,7,13.515513427231737,6,100000,0.99816,0.99816,0.00184,0.0,-41.081468941399415,13.1733971641587
0.6,113253,photon,7,13.515513427231737,7,100000,0.99925,0.99925,0.00075,0.0,-47.88690561760418,14.208785386143425
0.6,113253,photon,7,13.515513427231737,8,100000,0.99974,0.99974,0.00026,0.0,-54.72783357098341,15.222600585898624
0.6,113253,photon,7,13.515513427231737,9,100000,0.99989,0.99989,0.00011,0.0,-61.5315276784795,16.147237162286274
0.6,113253,photon,7,13.515513427231737,10,100000,0.99994,0.99994,6e-05,0.0,-68.34250245187248,17.010361286777446
0.6,113253,photon,7,13.515513427231737,11,100000,0.99996,0.99996,4e-05,0.0,-75.15578347976674,17.845729475652195
0.6,113253,photon,7,13.515513427231737,12,100000,0.99998,0.99998,2e-05,0.0,-81.9929441381007,18.64870400944272
0.6,113253,photon,8,15.178036430376956,1,100000,0.85479,0.85479,0.14521,0.0,-6.973590969778992,5.363025667123069
0.6,113253,photon,8,15.178036430376956,2,100000,0.94426,0.94426,0.05574,0.0,-13.857697572036972,7.601871286423341
0.6,113253,photon,8,15.178036430376956,3,100000,0.97931,0.97931,0.02069,0.0,-20.681861979600004,9.32898471957947
0.6,113253,photon,8,15.178036430376956,4,100000,0.99151,0.99151,0.00849,0.0,-27.56402445381417,10.754065044542413
0.6,113253,photon,8,15.178036430376956,5,100000,0.99618,0.99618,0.00382,0.0,-34.43096391311788,12.013114161168502
0.6,113253,photon,8,15.178036430376956,6,100000,0.99823,0.99823,0.00177,0.0,-41.328744082890076,13.153536951808505
0.6,113253,photon,8,15.178036430376956,7,100000,0.99921,0.99921,0.00079,0.0,-48.19506094493149,14.209524515318593
0.6,113253,photon,8,15.178036430376956,8,100000,0.99965,0.99965,0.00035,0.0,-55.067040060787384,15.180487056864877
0.6,113253,photon,8,15.178036430376956,9,100000,0.99983,0.99983,0.00017,0.0,-61.92742572791563,16.08448536911361
0.6,113253,photon,8,15.178036430376956,10,100000,0.99995,0.99995,5e-05,0.0,-68.78315175667686,16.939445839410496
0.6,113253,photon,8,15.178036430376956,11,100000,0.99993,0.99993,7e-05,0.0,-75.6670450680837,17.773235883297808
0.6,113253,photon,8,15.178036430376956,12,100000,0.99998,0.99998,2e-05,0.0,-82.56053095395674,18.54783423467599
0.6,113253,photon,9,17.045063890631276,1,100000,0.85759,0.85759,0.14241,0.0,-7.021609518359828,5.337081425201518
0.6,113253,photon,9,17.045063890631276,2,100000,0.94668,0.94668,0.05332,0.0,-13.939320547083891,7.572302456174393
0.6,113253,photon,9,17.045063890631276,3,100000,0.98098,0.98098,0.01902,0.0,-20.836511919162255,9.261478979446336
0.6,113253,photon,9,17.045063890631276,4,100000,0.99172,0.99172,0.00828,0.0,-27.766216063796847,10.71301156279697
0.6,113253,photon,9,17.045063890631276,5,100000,0.99627,0.99627,0.00373,0.0,-34.6718176247859,11.960400074737237
0.6,113253,photon,9,17.045063890631276,6,100000,0.99839,0.99839,0.00161,0.0,-41.55459541878014,13.106821221125518
0.6,113253,photon,9,17.045063890631276,7,100000,0.99943,0.99943,0.00057,0.0,-48.440617542537154,14.156219465372905
0.6,113253,photon,9,17.045063890631276,8,100000,0.99969,0.99969,0.00031,0.0,-55.3712226423888,15.147577196235973
0.6,113253,photon,9,17.045063890631276,9,100000,0.99988,0.99988,0.00012,0.0,-62.29856060671516,16.06919828598662
0.6,113253,photon,9,17.045063890631276,10,100000,0.99993,0.99993,7e-05,0.0,-69.20458457898434,16.935156073025738
0.6,113253,photon,9,17.045063890631276,11,100000,0.99993,0.99993,7e-05,0.0,-76.11028581929189,17.75164477421227
0.6,113253,photon,9,17.045063890631276,12,100000,0.99998,0.99998,2e-05,0.0,-82.99265390966976,18.552985604717453
0.6,113253,photon,10,19.14175159404904,1,100000,0.85858,0.85858,0.14142,0.0,-7.063400907878718,5.321718201817912
0.6,113253,photon,10,19.14175159404904,2,100000,0.94716,0.94716,0.05284,0.0,-14.007501647361389,7.572172969106795
0.6,113253,photon,10,19.14175159404904,3,100000,0.98081,0.98081,0.01919,0.0,-20.937637457000672,9.274885743478603
0.6,113253,photon,10,19.14175159404904,4,100000,0.99164,0.99164,0.00836,0.0,-27.89808669779468,10.732934201455233
0.6,113253,photon,10,19.14175159404904,5,100000,0.99614,0.99614,0.00386,0.0,-34.847720199799326,12.01007628653907
0.6,113253,photon,10,19.14175159404904,6,100000,0.99822,0.99822,0.00178,0.0,-41.791388215802144,13.159135271010774
0.6,113253,photon,10,19.14175159404904,7,100000,0.99918,0.99918,0.00082,0.0,-48.73749123856497,14.200921086346783
0.6,113253,photon,10,19.14175159404904,8,100000,0.9997,0.9997,0.0003,0.0,-55.660934427927316,15.199276585375221
0.6,113253,photon,10,19.14175159404904,9,100000,0.9998,0.9998,0.0002,0.0,-62.61601504990472,16.154884879460283
0.6,113253,photon,10,19.14175159404904,10,100000,0.99994,0.99994,6e-05,0.0,-69.55686529581789,17.02465976608521
0.6,113253,photon,10,19.14175159404904,11,100000,0.99998,0.99998,2e-05,0.0,-76.49901335929655,17.85596589726311
0.6,113253,photon,10,19.14175159404904,12,100000,0.99999,0.99999,1e-05,0.0,-83.44911611578257,18.643020631694288
0.6,113253,photon,11,21.49634970213705,1,100000,0.86061,0.86061,0.13939,0.0,-7.113779988433893,5.302499661615628
0.6,113253,photon,11,21.49634970213705,2,100000,0.94798,0.94798,0.05202,0.0,-14.118704272258201,7.559412180455428
0.6,113253,photon,11,21.49634970213705,3,100000,0.9813,0.9813,0.0187,0.0,-21.08387534027741,9.255206238608144
0.6,113253,photon,11,21.49634970213705,4,100000,0.99206,0.99206,0.00794,0.0,-28.077397311715412,10.684598842201353
0.6,113253,photon,11,21.49634970213705,5,100000,0.99667,0.99667,0.00333,0.0,-35.03708206823453,11.960088949758088
0.6,113253,photon,11,21.49634970213705,6,100000,0.99854,0.99854,0.00146,0.0,-42.034005769087,13.10047495181898
0.6,113253,photon,11,21.49634970213705,7,100000,0.99939,0.99939,0.00061,0.0,-49.00266644363185,14.156438919619445
0.6,113253,photon,11,21.49634970213705,8,100000,0.99967,0.99967,0.00033,0.0,-56.004994180530325,15.124967140986028
0.6,113253,photon,11,21.49634970213705,9,100000,0.99981,0.99981,0.00019,0.0,-62.97113134730016,16.037520590435477
0.6,113253,photon,11,21.49634970213705,10,100000,0.99991,0.99991,9e-05,0.0,-69.97585754990278,16.91393909478416
0.6,113253,photon,11,21.49634970213705,11,100000,0.99997,0.99997,3e-05,0.0,-76.95592178682483,17.75570296630086
0.6,113253,photon,11,21.49634970213705,12,100000,0.99999,0.99999,1e-05,0.0,-83.93219909380296,18.517008573981794
0.6,113253,photon,12,24.14058338633063,1,100000,0.8621,0.8621,0.1379,0.0,-7.126362626535039,5.291487127819115
0.6,113253,photon,12,24.14058338633063,2,100000,0.94927,0.94927,0.05073,0.0,-14.174734778327318,7.531191639182995
0.6,113253,photon,12,24.14058338633063,3,100000,0.98251,0.98251,0.01749,0.0,-21.171346228459832,9.216167093119667
0.6,113253,photon,12,24.14058338633063,4,100000,0.99241,0.99241,0.00759,0.0,-28.219098437826528,10.671543392215687
0.6,113253,photon,12,24.14058338633063,5,100000,0.99673,0.99673,0.00327,0.0,-35.23238018468862,11.938130929022165
0.6,113253,photon,12,24.14058338633063,6,100000,0.99857,0.99857,0.00143,0.0,-42.27064954843364,13.087277377037655
0.6,113253,photon,12,24.14058338633063,7,100000,0.99928,0.99928,0.00072,0.0,-49.299019498082885,14.171490377877863
0.6,113253,photon,12,24.14058338633063,8,100000,0.99967,0.99967,0.00033,0.0,-56.316690131548846,15.135024891031446
0.6,113253,photon,12,24.14058338633063,9,100000,0.99982,0.99982,0.00018,0.0,-63.34302006336373,16.051977007957465
0.6,113253,photon,12,24.14058338633063,10,100000,0.99994,0.99994,6e-05,0.0,-70.36277322771187,16.919257339573203
0.6,113253,photon,12,24.14058338633063,11,100000,0.99998,0.99998,2e-05,0.0,-77.37670037698244,17.725289636157644
0.6,113253,photon,12,24.14058338633063,12,100000,0.99999,0.99999,1e-05,0.0,-84.37805665100139,18.508353232477457
0.6,113253,photon,13,27.110080283744477,1,100000,0.86352,0.86352,0.13648,0.0,-7.170301414264169,5.274485601914301
0.6,113253,photon,13,27.110080283744477,2,100000,0.95143,0.95143,0.04857,0.0,-14.257917325637212,7.477696087702274
0.6,113253,photon,13,27.110080283744477,3,100000,0.98237,0.98237,0.01763,0.0,-21.29377966490852,9.191547420209888
0.6,113253,photon,13,27.110080283744477,4,100000,0.99268,0.99268,0.00732,0.0,-28.32615729570603,10.620701015292434
0.6,113253,photon,13,27.110080283744477,5,100000,0.99697,0.99697,0.00303,0.0,-35.332381793834834,11.863628229946798
0.6,113253,photon,13,27.110080283744477,6,100000,0.99861,0.99861,0.00139,0.0,-42.38343249679341,13.010263909996496
0.6,113253,photon,13,27.110080283744477,7,100000,0.9994,0.9994,0.0006,0.0,-49.38860213576866,14.042120726800233
0.6,113253,photon,13,27.110080283744477,8,100000,0.99977,0.99977,0.00023,0.0,-56.41770638175006,15.02091057987367
0.6,113253,photon,13,27.110080283744477,9,100000,0.9999,0.9999,0.0001,0.0,-63.433235540785034,15.932649040689611
0.6,113253,photon,13,27.110080283744477,10,100000,1.0,1.0,0.0,0.0,-70.46836422586252,16.820368331088854
0.6,113253,photon,13,27.110080283744477,11,100000,0.99999,0.99999,1e-05,0.0,-77.52560940886492,17.640935437015496
0.6,113253,photon,13,27.110080283744477,12,100000,0.99999,0.99999,1e-05,0.0,-84.53298609964999,18.439990219371303
0.6,113253,photon,14,30.44485053361357,1,100000,0.86416,0.86416,0.13584,0.0,-7.177618999151871,5.2688905817099
0.6,113253,photon,14,30.44485053361357,2,100000,0.95005,0.95005,0.04995,0.0,-14.23486195749177,7.509214749605787
0.6,113253,photon,14,30.44485053361357,3,100000,0.98267,0.98267,0.01733,0.0,-21.31568667076446,9.18134150061957
0.6,113253,photon,14,30.44485053361357,4,100000,0.99321,0.99321,0.00679,0.0,-28.421896994388533,10.601718997761127
0.6,113253,photon,14,30.44485053361357,5,100000,0.997,0.997,0.003,0.0,-35.455766654475866,11.885188577133526
0.6,113253,photon,14,30.44485053361357,6,100000,0.99879,0.99879,0.00121,0.0,-42.51939675292552,13.026037326531407
0.6,113253,photon,14,30.44485053361357,7,100000,0.99936,0.99936,0.00064,0.0,-49.56264354147996,14.10492747027025
0.6,113253,photon,14,30.44485053361357,8,100000,0.99975,0.99975,0.00025,0.0,-56.60186528870768,15.086171719527627
0.6,113253,photon,14,30.44485053361357,9,100000,0.99987,0.99987,0.00013,0.0,-63.68107599923369,15.984146889976232
0.6,113253,photon,14,30.44485053361357,10,100000,0.99998,0.99998,2e-05,0.0,-70.71548081180346,16.83136976210737
0.6,113253,photon,14,30.44485053361357,11,100000,0.99998,0.99998,2e-05,0.0,-77.79078532156419,17.647141263194317
0.6,113253,photon,14,30.44485053361357,12,100000,1.0,1.0,0.0,0.0,-84.8230107052665,18.457499966250936
0.6,113253,photon,15,34.189825862295365,1,100000,0.86466,0.86466,0.13534,0.0,-7.188193025044126,5.274226938774955
0.6,113253,photon,15,34.189825862295365,2,100000,0.95205,0.95205,0.04795,0.0,-14.333043803673789,7.474729098715949
0.6,113253,photon,15,34.189825862295365,3,100000,0.98342,0.98342,0.01658,0.0,-21.410610627447184,9.17347501475688
0.6,113253,photon,15,34.189825862295365,4,100000,0.99327,0.99327,0.00673,0.0,-28.505483781436666,10.593581463519035
0.6,113253,photon,15,34.189825862295365,5,100000,0.99729,0.99729,0.00271,0.0,-35.57401962558587,11.850066052439935
0.6,113253,photon,15,34.189825862295365,6,100000,0.99873,0.99873,0.00127,0.0,-42.66000300332582,12.9695351956096
0.6,113253,photon,15,34.189825862295365,7,100000,0.99963,0.99963,0.00037,0.0,-49.762309574211415,14.02494728041602
0.6,113253,photon,15,34.189825862295365,8,100000,0.99988,0.99988,0.00012,0.0,-56.867756415169936,14.986319358568919
0.6,113253,photon,15,34.189825862295365,9,100000,0.99992,0.99992,8e-05,0.0,-63.96659382093375,15.88247299351931
0.6,113253,photon,15,34.189825862295365,10,100000,0.99995,0.99995,5e-05,0.0,-71.06408248872987,16.74211619184794
0.6,113253,photon,15,34.189825862295365,11,100000,0.99994,0.99994,6e-05,0.0,-78.16499804588558,17.57723243857034
0.6,113253,photon,15,34.189825862295365,12,100000,0.99999,0.99999,1e-05,0.0,-85.24205024278386,18.359564099291568
0.6,113253,photon,16,38.395464980308326,1,100000,0.86437,0.86437,0.13563,0.0,-7.197752499972185,5.263239799825666
0.6,113253,photon,16,38.395464980308326,2,100000,0.95159,0.95159,0.04841,0.0,-14.32336024217349,7.475644291248955
0.6,113253,photon,16,38.395464980308326,3,100000,0.98399,0.98399,0.01601,0.0,-21.425959679787493,9.13190243671366
0.6,113253,photon,16,38.395464980308326,4,100000,0.99316,0.99316,0.00684,0.0,-28.55986744129716,10.55041160574968
0.6,113253,photon,16,38.395464980308326,5,100000,0.99723,0.99723,0.00277,0.0,-35.65836537328331,11.816338354875295
0.6,113253,photon,16,38.395464980308326,6,100000,0.99895,0.99895,0.00105,0.0,-42.77575103319886,12.936159663791159
0.6,113253,photon,16,38.395464980308326,7,100000,0.99957,0.99957,0.00043,0.0,-49.87243734442466,13.985624909446173
0.6,113253,photon,16,38.395464980308326,8,100000,0.99978,0.99978,0.00022,0.0,-56.960064084392805,14.964914953291924
0.6,113253,photon,16,38.395464980308326,9,100000,0.9999,0.9999,0.0001,0.0,-64.06707771890247,15.886850169994823
0.6,113253,photon,16,38.395464980308326,10,100000,0.99996,0.99996,4e-05,0.0,-71.150124750566,16.772083371386113
0.6,113253,photon,16,38.395464980308326,11,100000,0.99998,0.99998,2e-05,0.0,-78.23549362534526,17.61320849454995
0.6,113253,photon,16,38.395464980308326,12,100000,0.99999,0.99999,1e-05,0.0,-85.32862029503562,18.421977432387557
0.6,113253,photon,17,43.11843344835072,1,100000,0.86525,0.86525,0.13475,0.0,-7.221420135256618,5.258472445606233
0.6,113253,photon,17,43.11843344835072,2,100000,0.95214,0.95214,0.04786,0.0,-14.361146624810747,7.47059201695137
0.6,113253,photon,17,43.11843344835072,3,100000,0.98346,0.98346,0.01654,0.0,-21.483184063259344,9.154570768119349
0.6,113253,photon,17,43.11843344835072,4,100000,0.9932,0.9932,0.0068,0.0,-28.637615579807438,10.59879810471913
0.6,113253,photon,17,43.11843344835072,5,100000,0.99716,0.99716,0.00284,0.0,-35.73322990452065,11.847859117673563
0.6,113253,photon,17,43.11843344835072,6,100000,0.99892,0.99892,0.00108,0.0,-42.86862937586797,12.973034482301301
0.6,113253,photon,17,43.11843344835072,7,100000,0.99931,0.99931,0.00069,0.0,-49.99004331707006,14.013005448954551
0.6,113253,photon,17,43.11843344835072,8,100000,0.99977,0.99977,0.00023,0.0,-57.122907711197904,14.975222640779304
0.6,113253,photon,17,43.11843344835072,9,100000,0.99991,0.99991,9e-05,0.0,-64.23974970179016,15.884917167467224
0.6,113253,photon,17,43.11843344835072,10,100000,0.99997,0.99997,3e-05,0.0,-71.37547357147099,16.740579463155214
0.6,113253,photon,17,43.11843344835072,11,100000,0.99999,0.99999,1e-05,0.0,-78.46269468738342,17.57677161234179
0.6,113253,photon,17,43.11843344835072,12,100000,1.0,1.0,0.0,0.0,-85.58596237110581,18.375979947579538
0.6,113253,photon,18,48.422367172617065,1,100000,0.8659,0.8659,0.1341,0.0,-7.235750501816666,5.249067507067371
0.6,113253,photon,18,48.422367172617065,2,100000,0.95176,0.95176,0.04824,0.0,-14.375185022215199,7.468803654396042
0.6,113253,photon,18,48.422367172617065,3,100000,0.98413,0.98413,0.01587,0.0,-21.546425960310298,9.14168243641202
0.6,113253,photon,18,48.422367172617065,4,100000,0.99313,0.99313,0.00687,0.0,-28.700144551313272,10.572621864844375
0.6,113253,photon,18,48.422367172617065,5,100000,0.99709,0.99709,0.00291,0.0,-35.85380312850347,11.821112435309198
0.6,113253,photon,18,48.422367172617065,6,100000,0.99883,0.99883,0.00117,0.0,-43.02149971301579,12.943692651125325
0.6,113253,photon,18,48.422367172617065,7,100000,0.99944,0.99944,0.00056,0.0,-50.12403340044912,13.992897725912458
0.6,113253,photon,18,48.422367172617065,8,100000,0.99978,0.99978,0.00022,0.0,-57.26490866723793,14.969402414128119
0.6,113253,photon,18,48.422367172617065,9,100000,0.9999,0.9999,0.0001,0.0,-64.42304049477653,15.893785535465106
0.6,113253,photon,18,48.422367172617065,10,100000,0.99995,0.99995,5e-05,0.0,-71.55829564196954,16.753523270058306
0.6,113253,photon,18,48.422367172617065,11,100000,0.99999,0.99999,1e-05,0.0,-78.72431757309565,17.598851968056806
0.6,113253,photon,18,48.422367172617065,12,100000,0.99999,0.99999,1e-05,0.0,-85.86134079175187,18.363186707047305
0.6,113253,photon,19,54.37872981652651,1,100000,0.86774,0.86774,0.13226,0.0,-7.240163258242237,5.233880252516551
0.6,113253,photon,19,54.37872981652651,2,100000,0.95418,0.95418,0.04582,0.0,-14.412129361910551,7.431786509904334
0.6,113253,photon,19,54.37872981652651,3,100000,0.98362,0.98362,0.01638,0.0,-21.553930600561298,9.14779319392712
0.6,113253,photon,19,54.37872981652651,4,100000,0.99351,0.99351,0.00649,0.0,-28.735128205159914,10.552404766490382
0.6,113253,photon,19,54.37872981652651,5,100000,0.9969,0.9969,0.0031,0.0,-35.88810007175076,11.835516936886794
0.6,113253,photon,19,54.37872981652651,6,100000,0.99874,0.99874,0.00126,0.0,-43.0768245839738,12.957611340504531
0.6,113253,photon,19,54.37872981652651,7,100000,0.99946,0.99946,0.00054,0.0,-50.22028445686777,13.975558108243934
0.6,113253,photon,19,54.37872981652651,8,100000,0.99971,0.99971,0.00029,0.0,-57.34114271918455,14.94110424037981
0.6,113253,photon,19,54.37872981652651,9,100000,0.99986,0.99986,0.00014,0.0,-64.51729535289789,15.865878987619773
0.6,113253,photon,19,54.37872981652651,10,100000,0.99996,0.99996,4e-05,0.0,-71.66129375520504,16.70298124637195
0.6,113253,photon,19,54.37872981652651,11,100000,0.99999,0.99999,1e-05,0.0,-78.78200992293642,17.53219674767198
0.6,113253,photon,19,54.37872981652651,12,100000,1.0,1.0,0.0,0.0,-85.96176078951217,18.31046103809011
0.6,113253,su2,0,6.0,1,100000,0.9028,0.0972,0.9028,0.0,3.371366059571816,2.106456030989531
0.6,113253,su2,0,6.0,2,100000,0.96906,0.03094,0.96906,0.0,6.739355494085413,2.976270684500835
0.6,113253,su2,0,6.0,3,100000,0.98454,0.01546,0.98454,0.0,10.098870061307876,3.650904104612374
0.6,113253,su2,0,6.0,4,100000,0.99219,0.00781,0.99219,0.0,13.457280479175436,4.215886419478009
0.6,113253,su2,0,6.0,5,100000,0.99623,0.00377,0.99623,0.0,16.814644427212425,4.725138009118031
0.6,113253,su2,0,6.0,6,100000,0.99837,0.00163,0.99837,0.0,20.172140562043452,5.171240762262952
0.6,113253,su2,0,6.0,7,100000,0.99915,0.00085,0.99915,0.0,23.537180718924002,5.590303749264579
0.6,113253,su2,0,6.0,8,100000,0.99962,0.00038,0.99962,0.0,26.896709287125063,5.969693838534099
0.6,113253,su2,0,6.0,9,100000,0.99981,0.00019,0.99981,0.0,30.248768649846976,6.331839284805505
0.6,113253,su2,0,6.0,10,100000,0.99995,5e-05,0.99995,0.0,33.61284610767585,6.675598804865856
0.6,113253,su2,0,6.0,11,100000,0.99997,3e-05,0.99997,0.0,36.968338674576636,7.002528143830974
0.6,113253,su2,0,6.0,12,100000,0.99999,1e-05,0.99999,0.0,40.33261344233762,7.3182389796157405
0.6,113253,su2,1,7.3107262009924305,1,100000,0.90381,0.09619,0.90381,0.0,3.377039331122886,2.097281985906183
0.6,113253,su2,1,7.3107262009924305,2,100000,0.96819,0.03181,0.96819,0.0,6.733765293171661,2.968784641685598
0.6,113253,su2,1,7.3107262009924305,3,100000,0.98471,0.01529,0.98471,0.0,10.087928704928668,3.642132640536919
0.6,113253,su2,1,7.3107262009924305,4,100000,0.9924,0.0076,0.9924,0.0,13.437681027574316,4.22075435246786
0.6,113253,su2,1,7.3107262009924305,5,100000,0.99645,0.00355,0.99645,0.0,16.774289223888534,4.731697580271617
0.6,113253,su2,1,7.3107262009924305,6,100000,0.99816,0.00184,0.99816,0.0,20.120250596538064,5.185906225449479
0.6,113253,su2,1,7.3107262009924305,7,100000,0.9991,0.0009,0.9991,0.0,23.45942463964148,5.601449042862638
0.6,113253,su2,1,7.3107262009924305,8,100000,0.99953,0.00047,0.99953,0.0,26.807348409825888,5.991696602754272
0.6,113253,su2,1,7.3107262009924305,9,100000,0.99974,0.00026,0.99974,0.0,30.15900978378864,6.3622632966904105
0.6,113253,su2,1,7.3107262009924305,10,100000,0.99985,0.00015,0.99985,0.0,33.50457613235358,6.703704137333278
0.6,113253,su2,1,7.3107262009924305,11,100000,0.99996,4e-05,0.99996,0.0,36.83950932889468,7.034220543129313
0.6,113253,su2,1,7.3107262009924305,12,100000,0.99995,5e-05,0.99995,0.0,40.17089995953923,7.347346887011655
0.6,113253,su2,2,8.90778626431287,1,100000,0.90047,0.09953,0.90047,0.0,3.354266932367128,2.130521591397266
0.6,113253,su2,2,8.90778626431287,2,100000,0.9665,0.0335,0.9665,0.0,6.691412641468189,3.011574506218695
0.6,113253,su2,2,8.90778626431287,3,100000,0.98358,0.01642,0.98358,0.0,10.02699322432981,3.6857907147889386
0.6,113253,su2,2,8.90778626431287,4,100000,0.99169,0.00831,0.99169,0.0,13.347614033134574,4.267917184076814
0.6,113253,su2,2,8.90778626431287,5,100000,0.99606,0.00394,0.99606,0.0,16.683846237201067,4.774802028479524
0.6,113253,su2,2,8.90778626431287,6,100000,0.99805,0.00195,0.99805,0.0,20.00849333963871,5.229148041919293
0.6,113253,su2,2,8.90778626431287,7,100000,0.99904,0.00096,0.99904,0.0,23.357995067564865,5.633574903342898
0.6,113253,su2,2,8.90778626431287,8,100000,0.99947,0.00053,0.99947,0.0,26.69447853451684,6.021476180208312
0.6,113253,su2,2,8.90778626431287,9,100000,0.99983,0.00017,0.99983,0.0,30.020345365829872,6.383654253228735
0.6,113253,su2,2,8.90778626431287,10,100000,0.99991,9e-05,0.99991,0.0,33.34569028549061,6.7406033070548546
0.6,113253,su2,2,8.90778626431287,11,100000,0.99993,7e-05,0.99993,0.0,36.68093257697109,7.070849753539181
0.6,113253,su2,2,8.90778626431287,12,100000,0.99995,5e-05,0.99995,0.0,40.0080352703104,7.379928507830086
0.6,113253,su2,3,10.853731072558768,1,100000,0.89824,0.10176,0.89824,0.0,3.3347485401774706,2.1540393952845807
0.6,113253,su2,3,10.853731072558768,2,100000,0.96601,0.03399,0.96601,0.0,6.670480622699492,3.0210202143347105
0.6,113253,su2,3,10.853731072558768,3,100000,0.98269,0.01731,0.98269,0.0,9.988656006394038,3.713130265275692
0.6,113253,su2,3,10.853731072558768,4,100000,0.99156,0.00844,0.99156,0.0,13.327730592519847,4.2867661800743555
0.6,113253,su2,3,10.853731072558768,5,100000,0.99581,0.00419,0.99581,0.0,16.652233654488406,4.796791932168676
0.6,113253,su2,3,10.853731072558768,6,100000,0.99796,0.00204,0.99796,0.0,19.96669404915073,5.26296122395496
0.6,113253,su2,3,10.853731072558768,7,100000,0.99907,0.00093,0.99907,0.0,23.2832235670473,5.682598190391702
0.6,113253,su2,3,10.853731072558768,8,100000,0.99949,0.00051,0.99949,0.0,26.60281203422062,6.07570331687242
0.6,113253,su2,3,10.853731072558768,9,100000,0.99972,0.00028,0.99972,0.0,29.922762779152837,6.444352067654734
0.6,113253,su2,3,10.853731072558768,10,100000,0.99985,0.00015,0.99985,0.0,33.25065643120301,6.792714793784379
0.6,113253,su2,3,10.853731072558768,11,100000,0.99993,7e-05,0.99993,0.0,36.56832854425767,7.131262793566246
0.6,113253,su2,3,10.853731072558768,12,100000,0.99996,4e-05,0.99996,0.0,39.88160288132473,7.443097524749236
0.6,113253,su2,4,13.224776021780174,1,100000,0.89834,0.10166,0.89834,0.0,3.335850601970039,2.1427165558405674
0.6,113253,su2,4,13.224776021780174,2,100000,0.9659,0.0341,0.9659,0.0,6.665386385935535,3.0356735277715527
0.6,113253,su2,4,13.224776021780174,3,100000,0.98361,0.01639,0.98361,0.0,9.99064148628893,3.70343595594055
0.6,113253,su2,4,13.224776021780174,4,100000,0.99139,0.00861,0.99139,0.0,13.292646530036365,4.288539816049386
0.6,113253,su2,4,13.224776021780174,5,100000,0.99579,0.00421,0.99579,0.0,16.608944817698944,4.801100539091236
0.6,113253,su2,4,13.224776021780174,6,100000,0.99798,0.00202,0.99798,0.0,19.920730161360844,5.260186159355411
0.6,113253,su2,4,13.224776021780174,7,100000,0.99877,0.00123,0.99877,0.0,23.221408855686708,5.687185154323899
0.6,113253,su2,4,13.224776021780174,8,100000,0.99941,0.00059,0.99941,0.0,26.54239374392623,6.063890822284261
0.6,113253,su2,4,13.224776021780174,9,100000,0.9997,0.0003,0.9997,0.0,29.845212351366317,6.4259226917424845
0.6,113253,su2,4,13.224776021780174,10,100000,0.99982,0.00018,0.99982,0.0,33.14911774997662,6.775022365939975
0.6,113253,su2,4,13.224776021780174,11,100000,0.99986,0.00014,0.99986,0.0,36.46457089517728,7.103444836329371
0.6,113253,su2,4,13.224776021780174,12,100000,0.99995,5e-05,0.99995,0.0,39.77332953567665,7.420074962816443
0.6,113253,su2,5,16.113786094114122,1,100000,0.90004,0.09996,0.90004,0.0,3.343755093942793,2.132850382224169
0.6,113253,su2,5,16.113786094114122,2,100000,0.96573,0.03427,0.96573,0.0,6.659828455111808,3.0282915371096357
0.6,113253,su2,5,16.113786094114122,3,100000,0.98293,0.01707,0.98293,0.0,9.978956062491458,3.708285159447697
0.6,113253,su2,5,16.113786094114122,4,100000,0.9915,0.0085,0.9915,0.0,13.290479914277824,4.291754376124627
0.6,113253,su2,5,16.113786094114122,5,100000,0.99566,0.00434,0.99566,0.0,16.608726362363825,4.808325153282349
0.6,113253,su2,5,16.113786094114122,6,100000,0.99785,0.00215,0.99785,0.0,19.920633475919686,5.258777148342379
0.6,113253,su2,5,16.113786094114122,7,100000,0.99887,0.00113,0.99887,0.0,23.226439000265525,5.691235523436307
0.6,113253,su2,5,16.113786094114122,8,100000,0.99947,0.00053,0.99947,0.0,26.541286646640902,6.079128848708199
0.6,113253,su2,5,16.113786094114122,9,100000,0.99967,0.00033,0.99967,0.0,29.847266886759886,6.472497834681338
0.6,113253,su2,5,16.113786094114122,10,100000,0.9998,0.0002,0.9998,0.0,33.14974426546513,6.826316521032873
0.6,113253,su2,5,16.113786094114122,11,100000,0.99992,8e-05,0.99992,0.0,36.464631863368254,7.159081255351434
0.6,113253,su2,5,16.113786094114122,12,100000,0.99996,4e-05,0.99996,0.0,39.77288098405416,7.477767651989184
0.6,113253,su2,6,19.63391303257127,1,100000,0.90194,0.09806,0.90194,0.0,3.354313202699374,2.1195322096318616
0.6,113253,su2,6,19.63391303257127,2,100000,0.96612,0.03388,0.96612,0.0,6.680078348031869,3.008738207042818
0.6,113253,su2,6,19.63391303257127,3,100000,0.98378,0.01622,0.98378,0.0,10.005206943491169,3.6938606154592284
0.6,113253,su2,6,19.63391303257127,4,100000,0.99203,0.00797,0.99203,0.0,13.313559540429871,4.270629159038401
0.6,113253,su2,6,19.63391303257127,5,100000,0.99584,0.00416,0.99584,0.0,16.62367483854159,4.779061682094879
0.6,113253,su2,6,19.63391303257127,6,100000,0.9981,0.0019,0.9981,0.0,19.920843614096224,5.247617759644583
0.6,113253,su2,6,19.63391303257127,7,100000,0.99909,0.00091,0.99909,0.0,23.24405964267982,5.654150938290728
0.6,113253,su2,6,19.63391303257127,8,100000,0.9995,0.0005,0.9995,0.0,26.552501589547795,6.0437766793169985
0.6,113253,su2,6,19.63391303257127,9,100000,0.99973,0.00027,0.99973,0.0,29.859782839736148,6.412448221550201
0.6,113253,su2,6,19.63391303257127,10,100000,0.99987,0.00013,0.99987,0.0,33.163710976308884,6.760245364072807
0.6,113253,su2,6,19.63391303257127,11,100000,0.99994,6e-05,0.99994,0.0,36.45705432862008,7.097919190791513
0.6,113253,su2,6,19.63391303257127,12,100000,0.99997,3e-05,0.99997,0.0,39.75564494904561,7.420764270766653
0.6,113253,su2,7,23.9230270725376,1,100000,0.89678,0.10322,0.89678,0.0,3.323368110000675,2.1442674444557857
0.6,113253,su2,7,23.9230270725376,2,100000,0.96543,0.03457,0.96543,0.0,6.638492093998174,3.0222604121253362
0.6,113253,su2,7,23.9230270725376,3,100000,0.98356,0.01644,0.98356,0.0,9.948822897311357,3.7035676016413874
0.6,113253,su2,7,23.9230270725376,4,100000,0.99129,0.00871,0.99129,0.0,13.259930103519647,4.294339408481237
0.6,113253,su2,7,23.9230270725376,5,100000,0.99562,0.00438,0.99562,0.0,16.564131653375465,4.803107781364081
0.6,113253,su2,7,23.9230270725376,6,100000,0.9979,0.0021,0.9979,0.0,19.859330674882727,5.265808774368615
0.6,113253,su2,7,23.9230270725376,7,100000,0.99893,0.00107,0.99893,0.0,23.153080319106003,5.690289623601914
0.6,113253,su2,7,23.9230270725376,8,100000,0.99953,0.00047,0.99953,0.0,26.450341796549182,6.086775719593718
0.6,113253,su2,7,23.9230270725376,9,100000,0.99978,0.00022,0.99978,0.0,29.756588445932515,6.454600629528041
0.6,113253,su2,7,23.9230270725376,10,100000,0.99988,0.00012,0.99988,0.0,33.05923822345874,6.8069554448010825
0.6,113253,su2,7,23.9230270725376,11,100000,0.99993,7e-05,0.99993,0.0,36.36082126062064,7.133616632736284
0.6,113253,su2,7,23.9230270725376,12,100000,0.99996,4e-05,0.99996,0.0,39.653812164533164,7.457509226337945
0.6,113253,su2,8,29.149116804375307,1,100000,0.89684,0.10316,0.89684,0.0,3.3156320476709995,2.1687495277497084
0.6,113253,su2,8,29.149116804375307,2,100000,0.96425,0.03575,0.96425,0.0,6.625655962853613,3.0569048676647994
0.6,113253,su2,8,29.149116804375307,3,100000,0.9811,0.0189,0.9811,0.0,9.91748457818731,3.7640895725682912
0.6,113253,su2,8,29.149116804375307,4,100000,0.99036,0.00964,0.99036,0.0,13.215343491606202,4.338959275484092
0.6,113253,su2,8,29.149116804375307,5,100000,0.99494,0.00506,0.99494,0.0,16.499061016730018,4.843922100459705
0.6,113253,su2,8,29.149116804375307,6,100000,0.99737,0.00263,0.99737,0.0,19.79481637900367,5.304855392028214
0.6,113253,su2,8,29.149116804375307,7,100000,0.99887,0.00113,0.99887,0.0,23.086907409100057,5.736374277340854
0.6,113253,su2,8,29.149116804375307,8,100000,0.99935,0.00065,0.99935,0.0,26.36380049131329,6.141120013880824
0.6,113253,su2,8,29.149116804375307,9,100000,0.9997,0.0003,0.9997,0.0,29.661754195499974,6.512516186779697
0.6,113253,su2,8,29.149116804375307,10,100000,0.99988,0.00012,0.99988,0.0,32.94393675945281,6.8661178848541145
0.6,113253,su2,8,29.149116804375307,11,100000,0.99993,7e-05,0.99993,0.0,36.23862970136921,7.202634572201915
0.6,113253,su2,8,29.149116804375307,12,100000,0.99996,4e-05,0.99996,0.0,39.529042833149575,7.52084844353333
0.6,113253,su2,9,35.51686865958921,1,100000,0.89737,0.10263,0.89737,0.0,3.3283946835448193,2.144433132509914
0.6,113253,su2,9,35.51686865958921,2,100000,0.9646,0.0354,0.9646,0.0,6.6299905201036,3.046611074713706
0.6,113253,su2,9,35.51686865958921,3,100000,0.98249,0.01751,0.98249,0.0,9.927242702099177,3.739294551550431
0.6,113253,su2,9,35.51686865958921,4,100000,0.99126,0.00874,0.99126,0.0,13.227182009563057,4.325803058110843
0.6,113253,su2,9,35.51686865958921,5,100000,0.99556,0.00444,0.99556,0.0,16.51812557833378,4.833795121078769
0.6,113253,su2,9,35.51686865958921,6,100000,0.99777,0.00223,0.99777,0.0,19.797538845838485,5.291138787143133
0.6,113253,su2,9,35.51686865958921,7,100000,0.999,0.001,0.999,0.0,23.078428959825256,5.71936582778479
0.6,113253,su2,9,35.51686865958921,8,100000,0.99947,0.00053,0.99947,0.0,26.363360880747223,6.12114780016795
0.6,113253,su2,9,35.51686865958921,9,100000,0.99983,0.00017,0.99983,0.0,29.663893330886346,6.481280764059002
0.6,113253,su2,9,35.51686865958921,10,100000,0.99995,5e-05,0.99995,0.0,32.95482224230682,6.839387372551983
0.6,113253,su2,9,35.51686865958921,11,100000,0.99993,7e-05,0.99993,0.0,36.24711032364836,7.167650135939511
0.6,113253,su2,9,35.51686865958921,12,100000,0.99997,3e-05,0.99997,0.0,39.55240057839599,7.482865135650395
0.6,113253,su2,10,43.27568371447764,1,100000,0.89713,0.10287,0.89713,0.0,3.3174262608905245,2.15924971137947
0.6,113253,su2,10,43.27568371447764,2,100000,0.96491,0.03509,0.96491,0.0,6.619285601239304,3.0531714426568546
0.6,113253,su2,10,43.27568371447764,3,100000,0.98231,0.01769,0.98231,0.0,9.927941789395224,3.735052901601286
0.6,113253,su2,10,43.27568371447764,4,100000,0.99114,0.00886,0.99114,0.0,13.216332257160323,4.303102480379424
0.6,113253,su2,10,43.27568371447764,5,100000,0.99541,0.00459,0.99541,0.0,16.51066343558455,4.807560805026729
0.6,113253,su2,10,43.27568371447764,6,100000,0.99786,0.00214,0.99786,0.0,19.799194049056236,5.276205076077612
0.6,113253,su2,10,43.27568371447764,7,100000,0.99902,0.00098,0.99902,0.0,23.09265707979898,5.705311113884672
0.6,113253,su2,10,43.27568371447764,8,100000,0.99952,0.00048,0.99952,0.0,26.390657727804854,6.106014276623343
0.6,113253,su2,10,43.27568371447764,9,100000,0.99967,0.00033,0.99967,0.0,29.68630109358911,6.49379916350627
0.6,113253,su2,10,43.27568371447764,10,100000,0.99986,0.00014,0.99986,0.0,32.97496658262485,6.844838655716713
0.6,113253,su2,10,43.27568371447764,11,100000,0.99991,9e-05,0.99991,0.0,36.262434431308805,7.177305509448137
0.6,113253,su2,10,43.27568371447764,12,100000,0.99997,3e-05,0.99997,0.0,39.560009101111056,7.488834217329638
0.6,113253,su2,11,52.72944579954886,1,100000,0.89649,0.10351,0.89649,0.0,3.3124570891811524,2.1598416510445277
0.6,113253,su2,11,52.72944579954886,2,100000,0.96412,0.03588,0.96412,0.0,6.613043856709513,3.056637730900636
0.6,113253,su2,11,52.72944579954886,3,100000,0.98195,0.01805,0.98195,0.0,9.905270335947671,3.7360101562483408
0.6,113253,su2,11,52.72944579954886,4,100000,0.99082,0.00918,0.99082,0.0,13.204579722405521,4.30904180129178
0.6,113253,su2,11,52.72944579954886,5,100000,0.99543,0.00457,0.99543,0.0,16.493116853895767,4.821747442864285
0.6,113253,su2,11,52.72944579954886,6,100000,0.99787,0.00213,0.99787,0.0,19.785366284679306,5.287405366403465
0.6,113253,su2,11,52.72944579954886,7,100000,0.99899,0.00101,0.99899,0.0,23.08479589281132,5.719387758864858
0.6,113253,su2,11,52.72944579954886,8,100000,0.99955,0.00045,0.99955,0.0,26.374909494790515,6.111632526355318
0.6,113253,su2,11,52.72944579954886,9,100000,0.99975,0.00025,0.99975,0.0,29.658212059037485,6.481655401493856
0.6,113253,su2,11,52.72944579954886,10,100000,0.99982,0.00018,0.99982,0.0,32.93212673722761,6.834097990783695
0.6,113253,su2,11,52.72944579954886,11,100000,0.99992,8e-05,0.99992,0.0,36.219001865665156,7.168049498784075
0.6,113253,su2,11,52.72944579954886,12,100000,0.99993,7e-05,0.99993,0.0,39.49537909878728,7.49418120719878
0.6,113253,su2,12,64.24842349509534,1,100000,0.89719,0.10281,0.89719,0.0,3.316950771270837,2.1602433571041306
0.6,113253,su2,12,64.24842349509534,2,100000,0.96426,0.03574,0.96426,0.0,6.616570326319978,3.0589365416991146
0.6,113253,su2,12,64.24842349509534,3,100000,0.98206,0.01794,0.98206,0.0,9.93005732881274,3.74870792241409
0.6,113253,su2,12,64.24842349509534,4,100000,0.99075,0.00925,0.99075,0.0,13.225267734922872,4.326019031321825
0.6,113253,su2,12,64.24842349509534,5,100000,0.99546,0.00454,0.99546,0.0,16.521355767210675,4.823924800569396
0.6,113253,su2,12,64.24842349509534,6,100000,0.99779,0.00221,0.99779,0.0,19.81319764116528,5.2781065845301285
0.6,113253,su2,12,64.24842349509534,7,100000,0.99886,0.00114,0.99886,0.0,23.092823695393644,5.714645800531093
0.6,113253,su2,12,64.24842349509534,8,100000,0.99942,0.00058,0.99942,0.0,26.383803774559865,6.110097080921548
0.6,113253,su2,12,64.24842349509534,9,100000,0.99968,0.00032,0.99968,0.0,29.68252968632521,6.485890852789333
0.6,113253,su2,12,64.24842349509534,10,100000,0.99985,0.00015,0.99985,0.0,32.97033338300067,6.8339315687303435
0.6,113253,su2,12,64.24842349509534,11,100000,0.99989,0.00011,0.99989,0.0,36.265067974604236,7.164750280898541
0.6,113253,su2,12,64.24842349509534,12,100000,0.99996,4e-05,0.99996,0.0,39.559839178347296,7.487303316142096
0.6,113253,su2,13,78.28377216967522,1,100000,0.89749,0.10251,0.89749,0.0,3.315329876153689,2.1629449136011005
0.6,113253,su2,13,78.28377216967522,2,100000,0.96313,0.03687,0.96313,0.0,6.60334612032284,3.063769569369692
0.6,113253,su2,13,78.28377216967522,3,100000,0.98175,0.01825,0.98175,0.0,9.890275376640792,3.7561905504102597
0.6,113253,su2,13,78.28377216967522,4,100000,0.99086,0.00914,0.99086,0.0,13.176972889662562,4.336816157142356
0.6,113253,su2,13,78.28377216967522,5,100000,0.99539,0.00461,0.99539,0.0,16.474158906046156,4.84156619950524
0.6,113253,su2,13,78.28377216967522,6,100000,0.99768,0.00232,0.99768,0.0,19.763435633785868,5.313552652178816
0.6,113253,su2,13,78.28377216967522,7,100000,0.99875,0.00125,0.99875,0.0,23.05563869171819,5.750383414379706
0.6,113253,su2,13,78.28377216967522,8,100000,0.99937,0.00063,0.99937,0.0,26.344241201423145,6.142152704743317
0.6,113253,su2,13,78.28377216967522,9,100000,0.99976,0.00024,0.99976,0.0,29.629178212783188,6.5132159281251045
0.6,113253,su2,13,78.28377216967522,10,100000,0.99984,0.00016,0.99984,0.0,32.89359874036506,6.873056317811215
0.6,113253,su2,13,78.28377216967522,11,100000,0.9999,0.0001,0.9999,0.0,36.17132577465506,7.208663198907243
0.6,113253,su2,13,78.28377216967522,12,100000,0.99992,8e-05,0.99992,0.0,39.46096648436235,7.526974893244637
0.6,113253,su2,14,95.38520405222776,1,100000,0.89679,0.10321,0.89679,0.0,3.3157983879737496,2.1555009850736666
0.6,113253,su2,14,95.38520405222776,2,100000,0.96462,0.03538,0.96462,0.0,6.608661298796915,3.055158173450094
0.6,113253,su2,14,95.38520405222776,3,100000,0.98197,0.01803,0.98197,0.0,9.887966108943393,3.7500833140398138
0.6,113253,su2,14,95.38520405222776,4,100000,0.99065,0.00935,0.99065,0.0,13.18260904503102,4.330428322430235
0.6,113253,su2,14,95.38520405222776,5,100000,0.99539,0.00461,0.99539,0.0,16.47238028294944,4.845926971036756
0.6,113253,su2,14,95.38520405222776,6,100000,0.99764,0.00236,0.99764,0.0,19.747413816096135,5.316884789257132
0.6,113253,su2,14,95.38520405222776,7,100000,0.99882,0.00118,0.99882,0.0,23.03033235770429,5.746549459464468
0.6,113253,su2,14,95.38520405222776,8,100000,0.99933,0.00067,0.99933,0.0,26.310862050793926,6.1565554816141175
0.6,113253,su2,14,95.38520405222776,9,100000,0.99962,0.00038,0.99962,0.0,29.607548412709097,6.525054628362702
0.6,113253,su2,14,95.38520405222776,10,100000,0.99983,0.00017,0.99983,0.0,32.89108095187093,6.877626840014841
0.6,113253,su2,14,95.38520405222776,11,100000,0.99991,9e-05,0.99991,0.0,36.17580701641254,7.209813461385752
0.6,113253,su2,14,95.38520405222776,12,100000,0.99999,1e-05,0.99999,0.0,39.452821683546325,7.530519965990835
0.6,113253,su2,15,116.22251840860507,1,100000,0.89922,0.10078,0.89922,0.0,3.3218581533063505,2.1299688982353504
0.6,113253,su2,15,116.22251840860507,2,100000,0.9651,0.0349,0.9651,0.0,6.6194976871616635,3.040965718565594
0.6,113253,su2,15,116.22251840860507,3,100000,0.98253,0.01747,0.98253,0.0,9.916593148253758,3.732020599695787
0.6,113253,su2,15,116.22251840860507,4,100000,0.99099,0.00901,0.99099,0.0,13.203146622958043,4.315996220797307
0.6,113253,su2,15,116.22251840860507,5,100000,0.99554,0.00446,0.99554,0.0,16.50838784814146,4.81383228226667
0.6,113253,su2,15,116.22251840860507,6,100000,0.99773,0.00227,0.99773,0.0,19.800167510953056,5.274145039556852
0.6,113253,su2,15,116.22251840860507,7,100000,0.99893,0.00107,0.99893,0.0,23.09374594563693,5.707013936566388
0.6,113253,su2,15,116.22251840860507,8,100000,0.99945,0.00055,0.99945,0.0,26.386939011126483,6.1061766954826435
0.6,113253,su2,15,116.22251840860507,9,100000,0.99969,0.00031,0.99969,0.0,29.671196527812683,6.485371842728072
0.6,113253,su2,15,116.22251840860507,10,100000,0.99986,0.00014,0.99986,0.0,32.984436495111574,6.828051351865146
0.6,113253,su2,15,116.22251840860507,11,100000,0.99996,4e-05,0.99996,0.0,36.27539116795997,7.1635309590636105
0.6,113253,su2,15,116.22251840860507,12,100000,0.99997,3e-05,0.99997,0.0,39.562901416571584,7.481746253122792
0.6,113253,su2,16,141.61183507918588,1,100000,0.89496,0.10504,0.89496,0.0,3.2978873412243113,2.172136240405255
0.6,113253,su2,16,141.61183507918588,2,100000,0.96358,0.03642,0.96358,0.0,6.596915346365886,3.0722923119226535
0.6,113253,su2,16,141.61183507918588,3,100000,0.98148,0.01852,0.98148,0.0,9.891784602545211,3.751571526277821
0.6,113253,su2,16,141.61183507918588,4,100000,0.99097,0.00903,0.99097,0.0,13.177434143097589,4.331790093840594
0.6,113253,su2,16,141.61183507918588,5,100000,0.99538,0.00462,0.99538,0.0,16.469029537591826,4.8419068144211215
0.6,113253,su2,16,141.61183507918588,6,100000,0.99788,0.00212,0.99788,0.0,19.744076466858893,5.313739780229133
0.6,113253,su2,16,141.61183507918588,7,100000,0.99913,0.00087,0.99913,0.0,23.030508836930093,5.726665524889522
0.6,113253,su2,16,141.61183507918588,8,100000,0.99941,0.00059,0.99941,0.0,26.317707534501857,6.130813461513425
0.6,113253,su2,16,141.61183507918588,9,100000,0.99976,0.00024,0.99976,0.0,29.586857198636473,6.501524590710347
0.6,113253,su2,16,141.61183507918588,10,100000,0.99985,0.00015,0.99985,0.0,32.8767233969179,6.854896272088871
0.6,113253,su2,16,141.61183507918588,11,100000,0.99992,8e-05,0.99992,0.0,36.15036000966442,7.188560780009239
0.6,113253,su2,16,141.61183507918588,12,100000,0.99995,5e-05,0.99995,0.0,39.43569851848428,7.500013859847424
0.6,113253,su2,17,172.5475588473371,1,100000,0.89726,0.10274,0.89726,0.0,3.3116981295801975,2.1578270794243957
0.6,113253,su2,17,172.5475588473371,2,100000,0.96402,0.03598,0.96402,0.0,6.611781716776682,3.054279173776829
0.6,113253,su2,17,172.5475588473371,3,100000,0.98247,0.01753,0.98247,0.0,9.910071740522353,3.734610045437992
0.6,113253,su2,17,172.5475588473371,4,100000,0.99069,0.00931,0.99069,0.0,13.193228465389359,4.327352481029232
0.6,113253,su2,17,172.5475588473371,5,100000,0.99547,0.00453,0.99547,0.0,16.48214184656436,4.833669996575409
0.6,113253,su2,17,172.5475588473371,6,100000,0.99777,0.00223,0.99777,0.0,19.778079203295626,5.296494428732635
0.6,113253,su2,17,172.5475588473371,7,100000,0.99886,0.00114,0.99886,0.0,23.06819044637281,5.711896763244983
0.6,113253,su2,17,172.5475588473371,8,100000,0.99946,0.00054,0.99946,0.0,26.353507612995788,6.104101449935504
0.6,113253,su2,17,172.5475588473371,9,100000,0.99984,0.00016,0.99984,0.0,29.6399388299974,6.489517394929482
0.6,113253,su2,17,172.5475588473371,10,100000,0.99987,0.00013,0.99987,0.0,32.919868012688184,6.841080099370383
0.6,113253,su2,17,172.5475588473371,11,100000,0.99993,7e-05,0.99993,0.0,36.201244079318194,7.182111296464335
0.6,113253,su2,17,172.5475588473371,12,100000,0.99995,5e-05,0.99995,0.0,39.4813035710393,7.502847118375329
0.6,113253,su2,18,210.2413265637518,1,100000,0.89739,0.10261,0.89739,0.0,3.31053099473137,2.1612064832332356
0.6,113253,su2,18,210.2413265637518,2,100000,0.96376,0.03624,0.96376,0.0,6.597734025962453,3.0678582097181573
0.6,113253,su2,18,210.2413265637518,3,100000,0.98124,0.01876,0.98124,0.0,9.893077342463172,3.7562541084819143
0.6,113253,su2,18,210.2413265637518,4,100000,0.99026,0.00974,0.99026,0.0,13.180205115425599,4.344445578148198
0.6,113253,su2,18,210.2413265637518,5,100000,0.99505,0.00495,0.99505,0.0,16.463595041408798,4.849947661640616
0.6,113253,su2,18,210.2413265637518,6,100000,0.9975,0.0025,0.9975,0.0,19.74378342309929,5.322951774916502
0.6,113253,su2,18,210.2413265637518,7,100000,0.99866,0.00134,0.99866,0.0,23.02275062101305,5.745822918683007
0.6,113253,su2,18,210.2413265637518,8,100000,0.99927,0.00073,0.99927,0.0,26.299599241803726,6.135096172685524
0.6,113253,su2,18,210.2413265637518,9,100000,0.99971,0.00029,0.99971,0.0,29.59106152425606,6.5079677584446785
0.6,113253,su2,18,210.2413265637518,10,100000,0.99985,0.00015,0.99985,0.0,32.87082231729055,6.871508072255243
0.6,113253,su2,18,210.2413265637518,11,100000,0.99992,8e-05,0.99992,0.0,36.16883184274127,7.184440168131028
0.6,113253,su2,18,210.2413265637518,12,100000,0.99999,1e-05,0.99999,0.0,39.44528034374099,7.517005739414212
0.6,113253,su2,19,256.1694624401711,1,100000,0.89666,0.10334,0.89666,0.0,3.317331385676494,2.148909557447832
0.6,113253,su2,19,256.1694624401711,2,100000,0.96522,0.03478,0.96522,0.0,6.615188055731223,3.0381622686225214
0.6,113253,su2,19,256.1694624401711,3,100000,0.98242,0.01758,0.98242,0.0,9.909167382778042,3.7256663155760417
0.6,113253,su2,19,256.1694624401711,4,100000,0.99121,0.00879,0.99121,0.0,13.205301188565214,4.303692121317163
0.6,113253,su2,19,256.1694624401711,5,100000,0.99549,0.00451,0.99549,0.0,16.493286464999795,4.8144201262627915
0.6,113253,su2,19,256.1694624401711,6,100000,0.99771,0.00229,0.99771,0.0,19.778572947242758,5.273143303158679
0.6,113253,su2,19,256.1694624401711,7,100000,0.99907,0.00093,0.99907,0.0,23.062206032045715,5.698192551818243
0.6,113253,su2,19,256.1694624401711,8,100000,0.99946,0.00054,0.99946,0.0,26.34500256620362,6.093752437285737
0.6,113253,su2,19,256.1694624401711,9,100000,0.99972,0.00028,0.99972,0.0,29.630780148799452,6.479362317596781
0.6,113253,su2,19,256.1694624401711,10,100000,0.99988,0.00012,0.99988,0.0,32.906395039892544,6.836891910261708
0.6,113253,su2,19,256.1694624401711,11,100000,0.99994,6e-05,0.99994,0.0,36.186696642704945,7.173734846044016
0.6,113253,su2,19,256.1694624401711,12,100000,0.99998,2e-05,0.99998,0.0,39.469092425260314,7.495532620279738
