mass_GeV,seed,truth_model,truth_lifetime_index,truth_ctau_m,number_of_events,number_of_pseudoexperiments,correct_fraction,selected_photon_fraction,selected_su2_fraction,tie_fraction,mean_profile_statistic_T,std_profile_statistic_T
0.75,73241,photon,0,7.499999999999999,1,100000,0.79711,0.79711,0.20289,0.0,-5.495803891732265,5.693440647486476
0.75,73241,photon,0,7.499999999999999,2,100000,0.89186,0.89186,0.10814,0.0,-10.896797874034307,8.049262079002864
0.75,73241,photon,0,7.499999999999999,3,100000,0.94509,0.94509,0.05491,0.0,-16.370657096852337,9.840769504748497
0.75,73241,photon,0,7.499999999999999,4,100000,0.97056,0.97056,0.02944,0.0,-21.796581758885143,11.392951622628638
0.75,73241,photon,0,7.499999999999999,5,100000,0.98439,0.98439,0.01561,0.0,-27.231483315697776,12.721683325120784
0.75,73241,photon,0,7.499999999999999,6,100000,0.99116,0.99116,0.00884,0.0,-32.6765532682437,13.932928438142484
0.75,73241,photon,0,7.499999999999999,7,100000,0.99474,0.99474,0.00526,0.0,-38.111654488520145,15.038642883649455
0.75,73241,photon,0,7.499999999999999,8,100000,0.99696,0.99696,0.00304,0.0,-43.55927522455818,16.060449519033074
0.75,73241,photon,0,7.499999999999999,9,100000,0.99829,0.99829,0.00171,0.0,-48.97101270234262,17.032030892750186
0.75,73241,photon,0,7.499999999999999,10,100000,0.99895,0.99895,0.00105,0.0,-54.35265173840525,17.926103211362754
0.75,73241,photon,0,7.499999999999999,11,100000,0.99937,0.99937,0.00063,0.0,-59.769037542775955,18.79447410925348
0.75,73241,photon,0,7.499999999999999,12,100000,0.99968,0.99968,0.00032,0.0,-65.18464346491862,19.617157625428685
0.75,73241,photon,1,8.078346172301348,1,100000,0.79861,0.79861,0.20139,0.0,-5.544822676761596,5.676762498386718
0.75,73241,photon,1,8.078346172301348,2,100000,0.89594,0.89594,0.10406,0.0,-11.035714080666185,8.020637167460746
0.75,73241,photon,1,8.078346172301348,3,100000,0.94734,0.94734,0.05266,0.0,-16.521178929925846,9.80456293787142
0.75,73241,photon,1,8.078346172301348,4,100000,0.97269,0.97269,0.02731,0.0,-22.019927587704537,11.316894789128344
0.75,73241,photon,1,8.078346172301348,5,100000,0.98511,0.98511,0.01489,0.0,-27.513980510636138,12.651100679344948
0.75,73241,photon,1,8.078346172301348,6,100000,0.99157,0.99157,0.00843,0.0,-32.97068569024757,13.847028910756611
0.75,73241,photon,1,8.078346172301348,7,100000,0.9953,0.9953,0.0047,0.0,-38.4468994360728,14.968186925114551
0.75,73241,photon,1,8.078346172301348,8,100000,0.9977,0.9977,0.0023,0.0,-43.954802185889605,16.01413773405639
0.75,73241,photon,1,8.078346172301348,9,100000,0.99865,0.99865,0.00135,0.0,-49.411803911959126,16.9862410757588
0.75,73241,photon,1,8.078346172301348,10,100000,0.9993,0.9993,0.0007,0.0,-54.90491172560153,17.899874936872404
0.75,73241,photon,1,8.078346172301348,11,100000,0.99955,0.99955,0.00045,0.0,-60.37973951075406,18.776451100344627
0.75,73241,photon,1,8.078346172301348,12,100000,0.99972,0.99972,0.00028,0.0,-65.88090296566875,19.60021244769308
0.75,73241,photon,2,8.70129025060478,1,100000,0.79919,0.79919,0.20081,0.0,-5.590565441078417,5.687414267747387
0.75,73241,photon,2,8.70129025060478,2,100000,0.89585,0.89585,0.10415,0.0,-11.10410924152769,8.053614831062053
0.75,73241,photon,2,8.70129025060478,3,100000,0.9473,0.9473,0.0527,0.0,-16.667183944424043,9.842663226643438
0.75,73241,photon,2,8.70129025060478,4,100000,0.97261,0.97261,0.02739,0.0,-22.22431892530289,11.365379852078842
0.75,73241,photon,2,8.70129025060478,5,100000,0.98447,0.98447,0.01553,0.0,-27.745157350447727,12.723448731387895
0.75,73241,photon,2,8.70129025060478,6,100000,0.9917,0.9917,0.0083,0.0,-33.28241392572701,13.928701439555699
0.75,73241,photon,2,8.70129025060478,7,100000,0.99563,0.99563,0.00437,0.0,-38.81511638167823,15.050518288905646
0.75,73241,photon,2,8.70129025060478,8,100000,0.99755,0.99755,0.00245,0.0,-44.33697071562247,16.084279600372255
0.75,73241,photon,2,8.70129025060478,9,100000,0.99865,0.99865,0.00135,0.0,-49.863367060451246,17.03526014298505
0.75,73241,photon,2,8.70129025060478,10,100000,0.99924,0.99924,0.00076,0.0,-55.39155126947669,17.943086121261352
0.75,73241,photon,2,8.70129025060478,11,100000,0.99955,0.99955,0.00045,0.0,-60.9298245784808,18.79721878979885
0.75,73241,photon,2,8.70129025060478,12,100000,0.99973,0.99973,0.00027,0.0,-66.49172258466847,19.601881611446668
0.75,73241,photon,3,9.372271305340822,1,100000,0.80361,0.80361,0.19639,0.0,-5.6401632706910725,5.677581627204051
0.75,73241,photon,3,9.372271305340822,2,100000,0.90006,0.90006,0.09994,0.0,-11.225077480315086,8.027116079895977
0.75,73241,photon,3,9.372271305340822,3,100000,0.94942,0.94942,0.05058,0.0,-16.82377283371971,9.8131022198985
0.75,73241,photon,3,9.372271305340822,4,100000,0.97436,0.97436,0.02564,0.0,-22.404049271905286,11.324965606719
0.75,73241,photon,3,9.372271305340822,5,100000,0.98542,0.98542,0.01458,0.0,-28.000449918815203,12.698289909629057
0.75,73241,photon,3,9.372271305340822,6,100000,0.99219,0.99219,0.00781,0.0,-33.5883938410455,13.91874900465324
0.75,73241,photon,3,9.372271305340822,7,100000,0.99529,0.99529,0.00471,0.0,-39.185814485425546,15.024387966167332
0.75,73241,photon,3,9.372271305340822,8,100000,0.99765,0.99765,0.00235,0.0,-44.75108760583308,16.06981007345591
0.75,73241,photon,3,9.372271305340822,9,100000,0.99854,0.99854,0.00146,0.0,-50.31232560031414,17.019622299918964
0.75,73241,photon,3,9.372271305340822,10,100000,0.99917,0.99917,0.00083,0.0,-55.89608008722626,17.92603056239399
0.75,73241,photon,3,9.372271305340822,11,100000,0.99951,0.99951,0.00049,0.0,-61.47481797450963,18.816932957260562
0.75,73241,photon,3,9.372271305340822,12,100000,0.99973,0.99973,0.00027,0.0,-67.03280956548325,19.637417287913546
0.75,73241,photon,4,10.094993603369304,1,100000,0.80721,0.80721,0.19279,0.0,-5.724007446719087,5.6620009487117935
0.75,73241,photon,4,10.094993603369304,2,100000,0.90354,0.90354,0.09646,0.0,-11.367444569056088,7.998267679353773
0.75,73241,photon,4,10.094993603369304,3,100000,0.95171,0.95171,0.04829,0.0,-17.01891913688461,9.78915366629342
0.75,73241,photon,4,10.094993603369304,4,100000,0.97578,0.97578,0.02422,0.0,-22.634131600033804,11.320037441692168
0.75,73241,photon,4,10.094993603369304,5,100000,0.98707,0.98707,0.01293,0.0,-28.277137299011883,12.64917227470009
0.75,73241,photon,4,10.094993603369304,6,100000,0.99256,0.99256,0.00744,0.0,-33.920517111932256,13.887771185231543
0.75,73241,photon,4,10.094993603369304,7,100000,0.99588,0.99588,0.00412,0.0,-39.56546378861019,14.983078426287017
0.75,73241,photon,4,10.094993603369304,8,100000,0.99771,0.99771,0.00229,0.0,-45.190548138513556,16.00499553553029
0.75,73241,photon,4,10.094993603369304,9,100000,0.99882,0.99882,0.00118,0.0,-50.83655037643576,16.982947778524103
0.75,73241,photon,4,10.094993603369304,10,100000,0.99942,0.99942,0.00058,0.0,-56.45693666362947,17.884268214825745
0.75,73241,photon,4,10.094993603369304,11,100000,0.9997,0.9997,0.0003,0.0,-62.093293255947415,18.763830821172032
0.75,73241,photon,4,10.094993603369304,12,100000,0.99981,0.99981,0.00019,0.0,-67.72602421043561,19.61625106792498
0.75,73241,photon,5,10.873447058024672,1,100000,0.80837,0.80837,0.19163,0.0,-5.760385800382126,5.662018849728539
0.75,73241,photon,5,10.873447058024672,2,100000,0.90494,0.90494,0.09506,0.0,-11.459802145846307,7.990819449041728
0.75,73241,photon,5,10.873447058024672,3,100000,0.95292,0.95292,0.04708,0.0,-17.140560263678815,9.788561908318032
0.75,73241,photon,5,10.873447058024672,4,100000,0.97614,0.97614,0.02386,0.0,-22.81192872777983,11.284900393172613
0.75,73241,photon,5,10.873447058024672,5,100000,0.98727,0.98727,0.01273,0.0,-28.468815620425897,12.620138776280928
0.75,73241,photon,5,10.873447058024672,6,100000,0.9932,0.9932,0.0068,0.0,-34.12389245318693,13.82136990380049
0.75,73241,photon,5,10.873447058024672,7,100000,0.99611,0.99611,0.00389,0.0,-39.78258769237825,14.941494350849046
0.75,73241,photon,5,10.873447058024672,8,100000,0.99764,0.99764,0.00236,0.0,-45.459232711812376,16.00128339900505
0.75,73241,photon,5,10.873447058024672,9,100000,0.9988,0.9988,0.0012,0.0,-51.14732664617303,16.951769537566012
0.75,73241,photon,5,10.873447058024672,10,100000,0.99928,0.99928,0.00072,0.0,-56.83343066682849,17.86961010543579
0.75,73241,photon,5,10.873447058024672,11,100000,0.99967,0.99967,0.00033,0.0,-62.50209753282011,18.740225575242658
0.75,73241,photon,5,10.873447058024672,12,100000,0.99981,0.99981,0.00019,0.0,-68.16279679761784,19.551215653575806
0.75,73241,photon,6,11.711929256121993,1,100000,0.81147,0.81147,0.18853,0.0,-5.8080420144824565,5.652751568747334
0.75,73241,photon,6,11.711929256121993,2,100000,0.9061,0.9061,0.0939,0.0,-11.555220817849657,7.99701032305327
0.75,73241,photon,6,11.711929256121993,3,100000,0.9537,0.9537,0.0463,0.0,-17.311733306927515,9.79282289606569
0.75,73241,photon,6,11.711929256121993,4,100000,0.9774,0.9774,0.0226,0.0,-23.023097997882473,11.296819381161159
0.75,73241,photon,6,11.711929256121993,5,100000,0.98847,0.98847,0.01153,0.0,-28.769634449366137,12.619729950576358
0.75,73241,photon,6,11.711929256121993,6,100000,0.99408,0.99408,0.00592,0.0,-34.52043251204832,13.812434625643833
0.75,73241,photon,6,11.711929256121993,7,100000,0.9964,0.9964,0.0036,0.0,-40.27595284740259,14.945517600066527
0.75,73241,photon,6,11.711929256121993,8,100000,0.998,0.998,0.002,0.0,-45.99746074674654,15.98404459702692
0.75,73241,photon,6,11.711929256121993,9,100000,0.99903,0.99903,0.00097,0.0,-51.72644028745784,16.944417581222144
0.75,73241,photon,6,11.711929256121993,10,100000,0.99937,0.99937,0.00063,0.0,-57.416834760617235,17.852713090977726
0.75,73241,photon,6,11.711929256121993,11,100000,0.99974,0.99974,0.00026,0.0,-63.1426787584066,18.7098483395609
0.75,73241,photon,6,11.711929256121993,12,100000,0.99986,0.99986,0.00014,0.0,-68.85610655982407,19.546795874959855
0.75,73241,photon,7,12.615069183527634,1,100000,0.81195,0.81195,0.18805,0.0,-5.828067288364036,5.652153865380494
0.75,73241,photon,7,12.615069183527634,2,100000,0.90482,0.90482,0.09518,0.0,-11.594354293190655,8.031509125429846
0.75,73241,photon,7,12.615069183527634,3,100000,0.95433,0.95433,0.04567,0.0,-17.382757066682423,9.825232535427393
0.75,73241,photon,7,12.615069183527634,4,100000,0.97667,0.97667,0.02333,0.0,-23.12930496672766,11.36061683329881
0.75,73241,photon,7,12.615069183527634,5,100000,0.98761,0.98761,0.01239,0.0,-28.912937713495012,12.694775911975558
0.75,73241,photon,7,12.615069183527634,6,100000,0.99344,0.99344,0.00656,0.0,-34.679225987090625,13.892805076066228
0.75,73241,photon,7,12.615069183527634,7,100000,0.99626,0.99626,0.00374,0.0,-40.43087845213442,14.962125605641308
0.75,73241,photon,7,12.615069183527634,8,100000,0.99815,0.99815,0.00185,0.0,-46.1907312972276,15.989872156326134
0.75,73241,photon,7,12.615069183527634,9,100000,0.99904,0.99904,0.00096,0.0,-51.94988651473923,16.941218135003364
0.75,73241,photon,7,12.615069183527634,10,100000,0.99934,0.99934,0.00066,0.0,-57.71410803447274,17.881012988338725
0.75,73241,photon,7,12.615069183527634,11,100000,0.99962,0.99962,0.00038,0.0,-63.506769480075754,18.748890702471055
0.75,73241,photon,7,12.615069183527634,12,100000,0.99973,0.99973,0.00027,0.0,-69.2393399117125,19.600474802974517
0.75,73241,photon,8,13.587852780275625,1,100000,0.81366,0.81366,0.18634,0.0,-5.861118131984667,5.646104917874634
0.75,73241,photon,8,13.587852780275625,2,100000,0.90837,0.90837,0.09163,0.0,-11.67454605392509,8.001565675962995
0.75,73241,photon,8,13.587852780275625,3,100000,0.955,0.955,0.045,0.0,-17.466035091933996,9.80164469519703
0.75,73241,photon,8,13.587852780275625,4,100000,0.97801,0.97801,0.02199,0.0,-23.253256352026547,11.317939581571128
0.75,73241,photon,8,13.587852780275625,5,100000,0.98848,0.98848,0.01152,0.0,-29.052596175191937,12.64843691191286
0.75,73241,photon,8,13.587852780275625,6,100000,0.99392,0.99392,0.00608,0.0,-34.896097043869936,13.863708681356627
0.75,73241,photon,8,13.587852780275625,7,100000,0.99675,0.99675,0.00325,0.0,-40.71883740857562,14.958242942608328
0.75,73241,photon,8,13.587852780275625,8,100000,0.99818,0.99818,0.00182,0.0,-46.54345140204963,15.96052229129479
0.75,73241,photon,8,13.587852780275625,9,100000,0.99898,0.99898,0.00102,0.0,-52.383694750446935,16.94779646861455
0.75,73241,photon,8,13.587852780275625,10,100000,0.9995,0.9995,0.0005,0.0,-58.180091726333636,17.891658276288837
0.75,73241,photon,8,13.587852780275625,11,100000,0.99977,0.99977,0.00023,0.0,-63.96759692143532,18.749427598641873
0.75,73241,photon,8,13.587852780275625,12,100000,0.9998,0.9998,0.0002,0.0,-69.75192088441437,19.58026131215264
0.75,73241,photon,9,14.635650466311175,1,100000,0.81438,0.81438,0.18562,0.0,-5.895102066619146,5.648119210578481
0.75,73241,photon,9,14.635650466311175,2,100000,0.90957,0.90957,0.09043,0.0,-11.730696037197347,7.99901070195229
0.75,73241,photon,9,14.635650466311175,3,100000,0.95862,0.95862,0.04138,0.0,-17.60674316829179,9.769712524897068
0.75,73241,photon,9,14.635650466311175,4,100000,0.97927,0.97927,0.02073,0.0,-23.45183033881806,11.3080439093928
0.75,73241,photon,9,14.635650466311175,5,100000,0.98959,0.98959,0.01041,0.0,-29.30156873245333,12.614695458656595
0.75,73241,photon,9,14.635650466311175,6,100000,0.99454,0.99454,0.00546,0.0,-35.15340984074438,13.80118427008221
0.75,73241,photon,9,14.635650466311175,7,100000,0.99694,0.99694,0.00306,0.0,-40.96523227810367,14.919955562793927
0.75,73241,photon,9,14.635650466311175,8,100000,0.99837,0.99837,0.00163,0.0,-46.815093813809426,15.929767877351424
0.75,73241,photon,9,14.635650466311175,9,100000,0.99907,0.99907,0.00093,0.0,-52.65008960786824,16.919554920354322
0.75,73241,photon,9,14.635650466311175,10,100000,0.99952,0.99952,0.00048,0.0,-58.47878109025356,17.84350411201437
0.75,73241,photon,9,14.635650466311175,11,100000,0.99976,0.99976,0.00024,0.0,-64.29592032603317,18.695653406712488
0.75,73241,photon,9,14.635650466311175,12,100000,0.99984,0.99984,0.00016,0.0,-70.16336665922519,19.53023659806423
0.75,73241,photon,10,15.764246789822048,1,100000,0.81647,0.81647,0.18353,0.0,-5.9387713281859655,5.648057530809455
0.75,73241,photon,10,15.764246789822048,2,100000,0.9123,0.9123,0.0877,0.0,-11.812748413960058,7.972983743639471
0.75,73241,photon,10,15.764246789822048,3,100000,0.95777,0.95777,0.04223,0.0,-17.706351083940675,9.766917559743428
0.75,73241,photon,10,15.764246789822048,4,100000,0.97953,0.97953,0.02047,0.0,-23.600115449337764,11.283276330763142
0.75,73241,photon,10,15.764246789822048,5,100000,0.98952,0.98952,0.01048,0.0,-29.491447182018025,12.616015099932138
0.75,73241,photon,10,15.764246789822048,6,100000,0.99457,0.99457,0.00543,0.0,-35.362285363888205,13.843848190488764
0.75,73241,photon,10,15.764246789822048,7,100000,0.99701,0.99701,0.00299,0.0,-41.25237606362165,14.938752107465223
0.75,73241,photon,10,15.764246789822048,8,100000,0.99836,0.99836,0.00164,0.0,-47.146218278044884,15.978943491507577
0.75,73241,photon,10,15.764246789822048,9,100000,0.99903,0.99903,0.00097,0.0,-53.01163358261928,16.962291346735224
0.75,73241,photon,10,15.764246789822048,10,100000,0.99951,0.99951,0.00049,0.0,-58.90242620262243,17.878223821021383
0.75,73241,photon,10,15.764246789822048,11,100000,0.99972,0.99972,0.00028,0.0,-64.7515979790515,18.77403999733682
0.75,73241,photon,10,15.764246789822048,12,100000,0.99983,0.99983,0.00017,0.0,-70.6416754535973,19.58739164163221
0.75,73241,photon,11,16.979872361836364,1,100000,0.81907,0.81907,0.18093,0.0,-5.983123217114532,5.635066447367918
0.75,73241,photon,11,16.979872361836364,2,100000,0.91367,0.91367,0.08633,0.0,-11.915987804379085,7.954435131197342
0.75,73241,photon,11,16.979872361836364,3,100000,0.95944,0.95944,0.04056,0.0,-17.861725158283072,9.744312835482718
0.75,73241,photon,11,16.979872361836364,4,100000,0.98052,0.98052,0.01948,0.0,-23.755353152317568,11.26004484736514
0.75,73241,photon,11,16.979872361836364,5,100000,0.98988,0.98988,0.01012,0.0,-29.650730354383633,12.574800709295726
0.75,73241,photon,11,16.979872361836364,6,100000,0.99476,0.99476,0.00524,0.0,-35.56956087923848,13.781601781521067
0.75,73241,photon,11,16.979872361836364,7,100000,0.99724,0.99724,0.00276,0.0,-41.47603831603323,14.88726107085488
0.75,73241,photon,11,16.979872361836364,8,100000,0.99854,0.99854,0.00146,0.0,-47.39163448106802,15.907783722720346
0.75,73241,photon,11,16.979872361836364,9,100000,0.99926,0.99926,0.00074,0.0,-53.2918018670012,16.89065937879435
0.75,73241,photon,11,16.979872361836364,10,100000,0.99962,0.99962,0.00038,0.0,-59.20167056467058,17.799746484401933
0.75,73241,photon,11,16.979872361836364,11,100000,0.99978,0.99978,0.00022,0.0,-65.11228281780024,18.67743715281828
0.75,73241,photon,11,16.979872361836364,12,100000,0.99986,0.99986,0.00014,0.0,-71.01608693299949,19.509670076728877
0.75,73241,photon,12,18.2892382533875,1,100000,0.81918,0.81918,0.18082,0.0,-6.004293203961881,5.633766145218935
0.75,73241,photon,12,18.2892382533875,2,100000,0.91369,0.91369,0.08631,0.0,-11.964169907586134,7.968617927863246
0.75,73241,photon,12,18.2892382533875,3,100000,0.9603,0.9603,0.0397,0.0,-17.907882901194974,9.763932263278953
0.75,73241,photon,12,18.2892382533875,4,100000,0.98023,0.98023,0.01977,0.0,-23.81010962776898,11.283087529339342
0.75,73241,photon,12,18.2892382533875,5,100000,0.99025,0.99025,0.00975,0.0,-29.73542708555524,12.623285968376887
0.75,73241,photon,12,18.2892382533875,6,100000,0.99511,0.99511,0.00489,0.0,-35.67203896501922,13.824299816407452
0.75,73241,photon,12,18.2892382533875,7,100000,0.99746,0.99746,0.00254,0.0,-41.612753823569406,14.948593084421415
0.75,73241,photon,12,18.2892382533875,8,100000,0.99873,0.99873,0.00127,0.0,-47.52902454764707,15.979347378030829
0.75,73241,photon,12,18.2892382533875,9,100000,0.9992,0.9992,0.0008,0.0,-53.4515020327031,16.96432458080849
0.75,73241,photon,12,18.2892382533875,10,100000,0.99965,0.99965,0.00035,0.0,-59.35749910055488,17.8974225186338
0.75,73241,photon,12,18.2892382533875,11,100000,0.99978,0.99978,0.00022,0.0,-65.28210081213832,18.763192728456385
0.75,73241,photon,12,18.2892382533875,12,100000,0.99986,0.99986,0.00014,0.0,-71.1869780445466,19.616342250756148
0.75,73241,photon,13,19.699573045141378,1,100000,0.81889,0.81889,0.18111,0.0,-6.011976360723446,5.636073438110724
0.75,73241,photon,13,19.699573045141378,2,100000,0.91329,0.91329,0.08671,0.0,-11.980469405805902,7.9906284537391485
0.75,73241,photon,13,19.699573045141378,3,100000,0.95909,0.95909,0.04091,0.0,-17.938912543056226,9.799183261733566
0.75,73241,photon,13,19.699573045141378,4,100000,0.9804,0.9804,0.0196,0.0,-23.905485593476616,11.321023771085448
0.75,73241,photon,13,19.699573045141378,5,100000,0.99032,0.99032,0.00968,0.0,-29.87438219062147,12.634872514251503
0.75,73241,photon,13,19.699573045141378,6,100000,0.99487,0.99487,0.00513,0.0,-35.81783073589315,13.794231870583886
0.75,73241,photon,13,19.699573045141378,7,100000,0.99733,0.99733,0.00267,0.0,-41.79297681493744,14.889214386029053
0.75,73241,photon,13,19.699573045141378,8,100000,0.99862,0.99862,0.00138,0.0,-47.74759775506772,15.93765955670996
0.75,73241,photon,13,19.699573045141378,9,100000,0.99928,0.99928,0.00072,0.0,-53.66759367122593,16.926802245640076
0.75,73241,photon,13,19.699573045141378,10,100000,0.99967,0.99967,0.00033,0.0,-59.614342775746955,17.870878047983474
0.75,73241,photon,13,19.699573045141378,11,100000,0.99981,0.99981,0.00019,0.0,-65.56421189973447,18.762668073474487
0.75,73241,photon,13,19.699573045141378,12,100000,0.99988,0.99988,0.00012,0.0,-71.5005755303132,19.594399768657603
0.75,73241,photon,14,21.218662734025152,1,100000,0.82137,0.82137,0.17863,0.0,-6.046064166745901,5.63170139633057
0.75,73241,photon,14,21.218662734025152,2,100000,0.91494,0.91494,0.08506,0.0,-12.030666272596944,7.962954039215378
0.75,73241,photon,14,21.218662734025152,3,100000,0.9606,0.9606,0.0394,0.0,-18.00451957261004,9.745058394862436
0.75,73241,photon,14,21.218662734025152,4,100000,0.98047,0.98047,0.01953,0.0,-23.98184147361485,11.242639604826088
0.75,73241,photon,14,21.218662734025152,5,100000,0.99014,0.99014,0.00986,0.0,-29.955797966161715,12.607516876016852
0.75,73241,photon,14,21.218662734025152,6,100000,0.99481,0.99481,0.00519,0.0,-35.94717207691319,13.807243941677225
0.75,73241,photon,14,21.218662734025152,7,100000,0.99703,0.99703,0.00297,0.0,-41.9224723567563,14.922823651534317
0.75,73241,photon,14,21.218662734025152,8,100000,0.99857,0.99857,0.00143,0.0,-47.91101733791333,15.96663997651739
0.75,73241,photon,14,21.218662734025152,9,100000,0.99921,0.99921,0.00079,0.0,-53.88574622669857,16.947378895228777
0.75,73241,photon,14,21.218662734025152,10,100000,0.99961,0.99961,0.00039,0.0,-59.853620752398605,17.85093569429675
0.75,73241,photon,14,21.218662734025152,11,100000,0.99976,0.99976,0.00024,0.0,-65.79220204222166,18.70764066820009
0.75,73241,photon,14,21.218662734025152,12,100000,0.99992,0.99992,8e-05,0.0,-71.75187912336165,19.520257916062274
0.75,73241,photon,15,22.85489371716872,1,100000,0.8224,0.8224,0.1776,0.0,-6.079505438885333,5.626115010654504
0.75,73241,photon,15,22.85489371716872,2,100000,0.91664,0.91664,0.08336,0.0,-12.061216468264984,7.966699384441779
0.75,73241,photon,15,22.85489371716872,3,100000,0.96073,0.96073,0.03927,0.0,-18.100159843678203,9.74172854414455
0.75,73241,photon,15,22.85489371716872,4,100000,0.98135,0.98135,0.01865,0.0,-24.070771526776873,11.223408636338087
0.75,73241,photon,15,22.85489371716872,5,100000,0.9911,0.9911,0.0089,0.0,-30.071530296161388,12.566790281573113
0.75,73241,photon,15,22.85489371716872,6,100000,0.99496,0.99496,0.00504,0.0,-36.04363800863732,13.763598426972466
0.75,73241,photon,15,22.85489371716872,7,100000,0.99757,0.99757,0.00243,0.0,-42.05793329700066,14.855821283930565
0.75,73241,photon,15,22.85489371716872,8,100000,0.99871,0.99871,0.00129,0.0,-48.08728726645634,15.877990618262602
0.75,73241,photon,15,22.85489371716872,9,100000,0.99942,0.99942,0.00058,0.0,-54.0358719289352,16.855877878296877
0.75,73241,photon,15,22.85489371716872,10,100000,0.99966,0.99966,0.00034,0.0,-60.01957264758289,17.77395149165549
0.75,73241,photon,15,22.85489371716872,11,100000,0.99991,0.99991,9e-05,0.0,-66.06455899163339,18.599105992393504
0.75,73241,photon,15,22.85489371716872,12,100000,0.99989,0.99989,0.00011,0.0,-72.06993033289412,19.44520947250412
0.75,73241,photon,16,24.617299090459206,1,100000,0.82322,0.82322,0.17678,0.0,-6.108104824952779,5.622024729530202
0.75,73241,photon,16,24.617299090459206,2,100000,0.91724,0.91724,0.08276,0.0,-12.13013493102751,7.938444116894077
0.75,73241,photon,16,24.617299090459206,3,100000,0.96147,0.96147,0.03853,0.0,-18.175694069962642,9.727478960331315
0.75,73241,photon,16,24.617299090459206,4,100000,0.98226,0.98226,0.01774,0.0,-24.170619733798656,11.216389043571688
0.75,73241,photon,16,24.617299090459206,5,100000,0.99048,0.99048,0.00952,0.0,-30.180914045392395,12.568305999437683
0.75,73241,photon,16,24.617299090459206,6,100000,0.99514,0.99514,0.00486,0.0,-36.188579481869304,13.781547801278483
0.75,73241,photon,16,24.617299090459206,7,100000,0.99731,0.99731,0.00269,0.0,-42.20892254966349,14.873159701784763
0.75,73241,photon,16,24.617299090459206,8,100000,0.99859,0.99859,0.00141,0.0,-48.22353320082924,15.90677299341674
0.75,73241,photon,16,24.617299090459206,9,100000,0.99921,0.99921,0.00079,0.0,-54.25658529389552,16.86999877357596
0.75,73241,photon,16,24.617299090459206,10,100000,0.9996,0.9996,0.0004,0.0,-60.27089226613197,17.773064348211634
0.75,73241,photon,16,24.617299090459206,11,100000,0.99981,0.99981,0.00019,0.0,-66.30123365390202,18.641359441848117
0.75,73241,photon,16,24.617299090459206,12,100000,0.99985,0.99985,0.00015,0.0,-72.317805238035,19.479565207695924
0.75,73241,photon,17,26.515608517307804,1,100000,0.82168,0.82168,0.17832,0.0,-6.080387546496254,5.623078351864284
0.75,73241,photon,17,26.515608517307804,2,100000,0.91697,0.91697,0.08303,0.0,-12.116250937473188,7.953055475090043
0.75,73241,photon,17,26.515608517307804,3,100000,0.96211,0.96211,0.03789,0.0,-18.149636756093763,9.741704269159321
0.75,73241,photon,17,26.515608517307804,4,100000,0.98208,0.98208,0.01792,0.0,-24.180426356995344,11.239552257297412
0.75,73241,photon,17,26.515608517307804,5,100000,0.99045,0.99045,0.00955,0.0,-30.240451291342463,12.624584466543025
0.75,73241,photon,17,26.515608517307804,6,100000,0.99516,0.99516,0.00484,0.0,-36.25976909674453,13.815894002386957
0.75,73241,photon,17,26.515608517307804,7,100000,0.99768,0.99768,0.00232,0.0,-42.28203687023817,14.904468767772942
0.75,73241,photon,17,26.515608517307804,8,100000,0.99892,0.99892,0.00108,0.0,-48.32805371688003,15.906123415041717
0.75,73241,photon,17,26.515608517307804,9,100000,0.99931,0.99931,0.00069,0.0,-54.388853695362236,16.88678094077093
0.75,73241,photon,17,26.515608517307804,10,100000,0.9997,0.9997,0.0003,0.0,-60.388623732708695,17.8370747055694
0.75,73241,photon,17,26.515608517307804,11,100000,0.99986,0.99986,0.00014,0.0,-66.41538669354541,18.685824278439096
0.75,73241,photon,17,26.515608517307804,12,100000,0.99994,0.99994,6e-05,0.0,-72.46262147112732,19.520374594637914
0.75,73241,photon,18,28.560301942937947,1,100000,0.82438,0.82438,0.17562,0.0,-6.128556959759217,5.614318716485932
0.75,73241,photon,18,28.560301942937947,2,100000,0.918,0.918,0.082,0.0,-12.178292050832278,7.954869226411647
0.75,73241,photon,18,28.560301942937947,3,100000,0.96293,0.96293,0.03707,0.0,-18.259674505958156,9.718911768459503
0.75,73241,photon,18,28.560301942937947,4,100000,0.98324,0.98324,0.01676,0.0,-24.332847127149435,11.216343628248554
0.75,73241,photon,18,28.560301942937947,5,100000,0.99148,0.99148,0.00852,0.0,-30.40318217675467,12.538952595247444
0.75,73241,photon,18,28.560301942937947,6,100000,0.99592,0.99592,0.00408,0.0,-36.486070860964126,13.735244564651028
0.75,73241,photon,18,28.560301942937947,7,100000,0.99781,0.99781,0.00219,0.0,-42.54915407769407,14.841334980382836
0.75,73241,photon,18,28.560301942937947,8,100000,0.99873,0.99873,0.00127,0.0,-48.574873366425784,15.851471326393067
0.75,73241,photon,18,28.560301942937947,9,100000,0.99935,0.99935,0.00065,0.0,-54.6631894420924,16.836082741881093
0.75,73241,photon,18,28.560301942937947,10,100000,0.99962,0.99962,0.00038,0.0,-60.72382894945099,17.738388121970377
0.75,73241,photon,18,28.560301942937947,11,100000,0.99985,0.99985,0.00015,0.0,-66.80169160986824,18.58917017398284
0.75,73241,photon,18,28.560301942937947,12,100000,0.99992,0.99992,8e-05,0.0,-72.84500366025533,19.39784230903454
0.75,73241,photon,19,30.762667450733804,1,100000,0.8255,0.8255,0.1745,0.0,-6.159435511470324,5.608816615281238
0.75,73241,photon,19,30.762667450733804,2,100000,0.91876,0.91876,0.08124,0.0,-12.230415342093313,7.939352400854348
0.75,73241,photon,19,30.762667450733804,3,100000,0.96306,0.96306,0.03694,0.0,-18.303262323106402,9.71771929935262
0.75,73241,photon,19,30.762667450733804,4,100000,0.98246,0.98246,0.01754,0.0,-24.380002695626864,11.23787986278572
0.75,73241,photon,19,30.762667450733804,5,100000,0.99157,0.99157,0.00843,0.0,-30.439035215751055,12.559687616991834
0.75,73241,photon,19,30.762667450733804,6,100000,0.99572,0.99572,0.00428,0.0,-36.51684503962703,13.783400511772491
0.75,73241,photon,19,30.762667450733804,7,100000,0.99789,0.99789,0.00211,0.0,-42.59838465424305,14.889649648781393
0.75,73241,photon,19,30.762667450733804,8,100000,0.99891,0.99891,0.00109,0.0,-48.69868815050037,15.900802364709582
0.75,73241,photon,19,30.762667450733804,9,100000,0.99954,0.99954,0.00046,0.0,-54.7798494345782,16.883484604778133
0.75,73241,photon,19,30.762667450733804,10,100000,0.99979,0.99979,0.00021,0.0,-60.86281218473237,17.802752264087882
0.75,73241,photon,19,30.762667450733804,11,100000,0.99994,0.99994,6e-05,0.0,-66.92258780700199,18.653095338370328
0.75,73241,photon,19,30.762667450733804,12,100000,0.99991,0.99991,9e-05,0.0,-72.99470188514265,19.502018487473645
0.75,73241,su2,0,7.499999999999999,1,100000,0.87651,0.12349,0.87651,0.0,2.744334521626916,1.9827112503392623
0.75,73241,su2,0,7.499999999999999,2,100000,0.952,0.048,0.952,0.0,5.468116055487331,2.8126702685261917
0.75,73241,su2,0,7.499999999999999,3,100000,0.97578,0.02422,0.97578,0.0,8.165559993003404,3.463510956983491
0.75,73241,su2,0,7.499999999999999,4,100000,0.98605,0.01395,0.98605,0.0,10.883091663922984,4.001462610172368
0.75,73241,su2,0,7.499999999999999,5,100000,0.99241,0.00759,0.99241,0.0,13.588298772053822,4.477286282048575
0.75,73241,su2,0,7.499999999999999,6,100000,0.99584,0.00416,0.99584,0.0,16.30173955814688,4.893918746204991
0.75,73241,su2,0,7.499999999999999,7,100000,0.99752,0.00248,0.99752,0.0,19.016798944247785,5.283203584436603
0.75,73241,su2,0,7.499999999999999,8,100000,0.99859,0.00141,0.99859,0.0,21.73456315180195,5.634241800481988
0.75,73241,su2,0,7.499999999999999,9,100000,0.99928,0.00072,0.99928,0.0,24.44535626581176,5.976324135403714
0.75,73241,su2,0,7.499999999999999,10,100000,0.99962,0.00038,0.99962,0.0,27.172156017280244,6.314499047737885
0.75,73241,su2,0,7.499999999999999,11,100000,0.99983,0.00017,0.99983,0.0,29.889562646742686,6.627018721783046
0.75,73241,su2,0,7.499999999999999,12,100000,0.99989,0.00011,0.99989,0.0,32.60334372088657,6.91434306567756
0.75,73241,su2,1,8.913144807036554,1,100000,0.8746,0.1254,0.8746,0.0,2.7398492577069495,1.9873771107359819
0.75,73241,su2,1,8.913144807036554,2,100000,0.95118,0.04882,0.95118,0.0,5.450778895352796,2.8163857649005513
0.75,73241,su2,1,8.913144807036554,3,100000,0.97636,0.02364,0.97636,0.0,8.150103404274287,3.456843028686399
0.75,73241,su2,1,8.913144807036554,4,100000,0.98593,0.01407,0.98593,0.0,10.850255388108227,4.000864401024664
0.75,73241,su2,1,8.913144807036554,5,100000,0.99225,0.00775,0.99225,0.0,13.552487646723153,4.463166481221181
0.75,73241,su2,1,8.913144807036554,6,100000,0.99555,0.00445,0.99555,0.0,16.25510376372939,4.901568897920938
0.75,73241,su2,1,8.913144807036554,7,100000,0.99768,0.00232,0.99768,0.0,18.960587971779724,5.289637211688079
0.75,73241,su2,1,8.913144807036554,8,100000,0.99869,0.00131,0.99869,0.0,21.66131752046279,5.648590254491246
0.75,73241,su2,1,8.913144807036554,9,100000,0.9993,0.0007,0.9993,0.0,24.355543103132554,5.999388916119103
0.75,73241,su2,1,8.913144807036554,10,100000,0.99962,0.00038,0.99962,0.0,27.050922951552494,6.314927057709333
0.75,73241,su2,1,8.913144807036554,11,100000,0.99975,0.00025,0.99975,0.0,29.737682050300034,6.6284792926051965
0.75,73241,su2,1,8.913144807036554,12,100000,0.99987,0.00013,0.99987,0.0,32.43332272842728,6.9237482273790345
0.75,73241,su2,2,10.592553380160359,1,100000,0.87308,0.12692,0.87308,0.0,2.7226700301715407,1.9949574313593408
0.75,73241,su2,2,10.592553380160359,2,100000,0.94982,0.05018,0.94982,0.0,5.430433018279725,2.822367490929901
0.75,73241,su2,2,10.592553380160359,3,100000,0.9758,0.0242,0.9758,0.0,8.13698244518727,3.460751111219395
0.75,73241,su2,2,10.592553380160359,4,100000,0.98585,0.01415,0.98585,0.0,10.829495680324762,4.007800195608691
0.75,73241,su2,2,10.592553380160359,5,100000,0.99179,0.00821,0.99179,0.0,13.528712093108922,4.476737526002034
0.75,73241,su2,2,10.592553380160359,6,100000,0.99557,0.00443,0.99557,0.0,16.220304423098206,4.903009467405165
0.75,73241,su2,2,10.592553380160359,7,100000,0.99757,0.00243,0.99757,0.0,18.91335349144317,5.285841318427088
0.75,73241,su2,2,10.592553380160359,8,100000,0.9987,0.0013,0.9987,0.0,21.61131491072144,5.648612470489782
0.75,73241,su2,2,10.592553380160359,9,100000,0.99924,0.00076,0.99924,0.0,24.317587643210185,5.998196014262312
0.75,73241,su2,2,10.592553380160359,10,100000,0.99956,0.00044,0.99956,0.0,27.011941151791525,6.329430184053741
0.75,73241,su2,2,10.592553380160359,11,100000,0.99983,0.00017,0.99983,0.0,29.706250981885482,6.636363638830887
0.75,73241,su2,2,10.592553380160359,12,100000,0.9999,0.0001,0.9999,0.0,32.39732802077457,6.936584323804139
0.75,73241,su2,3,12.588394953817843,1,100000,0.87106,0.12894,0.87106,0.0,2.70174790137319,2.0169172764708008
0.75,73241,su2,3,12.588394953817843,2,100000,0.94879,0.05121,0.94879,0.0,5.397792506960582,2.8446827418692404
0.75,73241,su2,3,12.588394953817843,3,100000,0.97426,0.02574,0.97426,0.0,8.088979224652526,3.4937733733963245
0.75,73241,su2,3,12.588394953817843,4,100000,0.98556,0.01444,0.98556,0.0,10.779257530240514,4.030960958133441
0.75,73241,su2,3,12.588394953817843,5,100000,0.99172,0.00828,0.99172,0.0,13.470772656220948,4.497572417662978
0.75,73241,su2,3,12.588394953817843,6,100000,0.9953,0.0047,0.9953,0.0,16.157473861732328,4.923491333789424
0.75,73241,su2,3,12.588394953817843,7,100000,0.99718,0.00282,0.99718,0.0,18.84630360101008,5.321566445907619
0.75,73241,su2,3,12.588394953817843,8,100000,0.99833,0.00167,0.99833,0.0,21.53291320853483,5.689265921188088
0.75,73241,su2,3,12.588394953817843,9,100000,0.99902,0.00098,0.99902,0.0,24.217224573609386,6.018060332524943
0.75,73241,su2,3,12.588394953817843,10,100000,0.99953,0.00047,0.99953,0.0,26.898685718269316,6.342815083876255
0.75,73241,su2,3,12.588394953817843,11,100000,0.99967,0.00033,0.99967,0.0,29.59295650886183,6.666159522430476
0.75,73241,su2,3,12.588394953817843,12,100000,0.99984,0.00016,0.99984,0.0,32.26188894384049,6.957708837479695
0.75,73241,su2,4,14.960291614872897,1,100000,0.87201,0.12799,0.87201,0.0,2.7181965152896788,2.0031272270254417
0.75,73241,su2,4,14.960291614872897,2,100000,0.94943,0.05057,0.94943,0.0,5.406870270974355,2.8556851728837738
0.75,73241,su2,4,14.960291614872897,3,100000,0.97486,0.02514,0.97486,0.0,8.091898387381164,3.4926071665012173
0.75,73241,su2,4,14.960291614872897,4,100000,0.98539,0.01461,0.98539,0.0,10.7769419478444,4.02942646199426
0.75,73241,su2,4,14.960291614872897,5,100000,0.99153,0.00847,0.99153,0.0,13.46009689503256,4.505857290734147
0.75,73241,su2,4,14.960291614872897,6,100000,0.99494,0.00506,0.99494,0.0,16.137760502431288,4.942396254272471
0.75,73241,su2,4,14.960291614872897,7,100000,0.99715,0.00285,0.99715,0.0,18.829007731291007,5.3352127422393965
0.75,73241,su2,4,14.960291614872897,8,100000,0.9984,0.0016,0.9984,0.0,21.504440921875634,5.6966521116442435
0.75,73241,su2,4,14.960291614872897,9,100000,0.99896,0.00104,0.99896,0.0,24.191911155115374,6.040736247558586
0.75,73241,su2,4,14.960291614872897,10,100000,0.99939,0.00061,0.99939,0.0,26.88135846141104,6.362662298985336
0.75,73241,su2,4,14.960291614872897,11,100000,0.9997,0.0003,0.9997,0.0,29.564061137126664,6.676089086341161
0.75,73241,su2,4,14.960291614872897,12,100000,0.99986,0.00014,0.99986,0.0,32.241064171878826,6.970347697584791
0.75,73241,su2,5,17.779099402514248,1,100000,0.87002,0.12998,0.87002,0.0,2.6961121526840133,2.0089650560432037
0.75,73241,su2,5,17.779099402514248,2,100000,0.94771,0.05229,0.94771,0.0,5.373222159466136,2.8490877995129655
0.75,73241,su2,5,17.779099402514248,3,100000,0.97457,0.02543,0.97457,0.0,8.066614975364477,3.483917622634197
0.75,73241,su2,5,17.779099402514248,4,100000,0.98519,0.01481,0.98519,0.0,10.748597035021398,4.015750537181879
0.75,73241,su2,5,17.779099402514248,5,100000,0.99144,0.00856,0.99144,0.0,13.440059515429303,4.493270787152532
0.75,73241,su2,5,17.779099402514248,6,100000,0.99505,0.00495,0.99505,0.0,16.117078950627214,4.927440933784963
0.75,73241,su2,5,17.779099402514248,7,100000,0.99739,0.00261,0.99739,0.0,18.80374627309005,5.311963364970471
0.75,73241,su2,5,17.779099402514248,8,100000,0.99849,0.00151,0.99849,0.0,21.479298776734336,5.6717534011734525
0.75,73241,su2,5,17.779099402514248,9,100000,0.99933,0.00067,0.99933,0.0,24.165337992929235,6.015515587932385
0.75,73241,su2,5,17.779099402514248,10,100000,0.99958,0.00042,0.99958,0.0,26.84028865452593,6.337497223918117
0.75,73241,su2,5,17.779099402514248,11,100000,0.99973,0.00027,0.99973,0.0,29.522765059648236,6.642367693679598
0.75,73241,su2,5,17.779099402514248,12,100000,0.9999,0.0001,0.9999,0.0,32.19501493411732,6.955164634830524
0.75,73241,su2,6,21.129025001774206,1,100000,0.8708,0.1292,0.8708,0.0,2.697927121769849,2.0270461047906942
0.75,73241,su2,6,21.129025001774206,2,100000,0.94769,0.05231,0.94769,0.0,5.37495340757737,2.865775536278889
0.75,73241,su2,6,21.129025001774206,3,100000,0.97413,0.02587,0.97413,0.0,8.050132643903169,3.49311595150081
0.75,73241,su2,6,21.129025001774206,4,100000,0.98511,0.01489,0.98511,0.0,10.72609900931675,4.025637123205479
0.75,73241,su2,6,21.129025001774206,5,100000,0.99133,0.00867,0.99133,0.0,13.409117385308624,4.507667234909268
0.75,73241,su2,6,21.129025001774206,6,100000,0.99505,0.00495,0.99505,0.0,16.08791233548696,4.951439785282085
0.75,73241,su2,6,21.129025001774206,7,100000,0.9971,0.0029,0.9971,0.0,18.7532394057663,5.345122288621434
0.75,73241,su2,6,21.129025001774206,8,100000,0.99838,0.00162,0.99838,0.0,21.424581410619364,5.715888177317846
0.75,73241,su2,6,21.129025001774206,9,100000,0.99924,0.00076,0.99924,0.0,24.08960758295588,6.066903192308767
0.75,73241,su2,6,21.129025001774206,10,100000,0.99955,0.00045,0.99955,0.0,26.755434218929867,6.401827904843911
0.75,73241,su2,6,21.129025001774206,11,100000,0.99968,0.00032,0.99968,0.0,29.435448987020802,6.709194972227055
0.75,73241,su2,6,21.129025001774206,12,100000,0.99983,0.00017,0.99983,0.0,32.099816883298566,6.998403992439769
0.75,73241,su2,7,25.110141262974583,1,100000,0.87136,0.12864,0.87136,0.0,2.6997379257350427,2.013362694126988
0.75,73241,su2,7,25.110141262974583,2,100000,0.94941,0.05059,0.94941,0.0,5.385395188014876,2.838759765472425
0.75,73241,su2,7,25.110141262974583,3,100000,0.97445,0.02555,0.97445,0.0,8.05316121489661,3.4882089429954632
0.75,73241,su2,7,25.110141262974583,4,100000,0.98487,0.01513,0.98487,0.0,10.727695978983629,4.03685577704801
0.75,73241,su2,7,25.110141262974583,5,100000,0.99115,0.00885,0.99115,0.0,13.39704699215303,4.514486280814269
0.75,73241,su2,7,25.110141262974583,6,100000,0.99483,0.00517,0.99483,0.0,16.07081971165178,4.944966559324067
0.75,73241,su2,7,25.110141262974583,7,100000,0.99717,0.00283,0.99717,0.0,18.738948366486348,5.335997087527531
0.75,73241,su2,7,25.110141262974583,8,100000,0.99853,0.00147,0.99853,0.0,21.406915678106603,5.715092836721803
0.75,73241,su2,7,25.110141262974583,9,100000,0.9992,0.0008,0.9992,0.0,24.07850890387019,6.0570150147722455
0.75,73241,su2,7,25.110141262974583,10,100000,0.99954,0.00046,0.99954,0.0,26.745221480765057,6.3846317312478185
0.75,73241,su2,7,25.110141262974583,11,100000,0.99973,0.00027,0.99973,0.0,29.422184701192094,6.702161395819229
0.75,73241,su2,7,25.110141262974583,12,100000,0.9998,0.0002,0.9998,0.0,32.083003310318176,7.007981903584583
0.75,73241,su2,8,29.84137669360484,1,100000,0.87009,0.12991,0.87009,0.0,2.6939073311991124,2.010441102191268
0.75,73241,su2,8,29.84137669360484,2,100000,0.94757,0.05243,0.94757,0.0,5.369685814826267,2.8491448937344788
0.75,73241,su2,8,29.84137669360484,3,100000,0.97413,0.02587,0.97413,0.0,8.038293404487137,3.4955836166566194
0.75,73241,su2,8,29.84137669360484,4,100000,0.98555,0.01445,0.98555,0.0,10.722875040631704,4.031598325707017
0.75,73241,su2,8,29.84137669360484,5,100000,0.99136,0.00864,0.99136,0.0,13.395787236543763,4.524288364596427
0.75,73241,su2,8,29.84137669360484,6,100000,0.99538,0.00462,0.99538,0.0,16.069807338580038,4.958838020064423
0.75,73241,su2,8,29.84137669360484,7,100000,0.99745,0.00255,0.99745,0.0,18.73675565114209,5.356267248255444
0.75,73241,su2,8,29.84137669360484,8,100000,0.99849,0.00151,0.99849,0.0,21.408402842465268,5.723711973330132
0.75,73241,su2,8,29.84137669360484,9,100000,0.99921,0.00079,0.99921,0.0,24.07801894467476,6.062789228590443
0.75,73241,su2,8,29.84137669360484,10,100000,0.99961,0.00039,0.99961,0.0,26.744308918431223,6.396954961879501
0.75,73241,su2,8,29.84137669360484,11,100000,0.99968,0.00032,0.99968,0.0,29.39603169606401,6.718673361875505
0.75,73241,su2,8,29.84137669360484,12,100000,0.99984,0.00016,0.99984,0.0,32.06354891521127,7.008390370244112
0.75,73241,su2,9,35.46406822819008,1,100000,0.87016,0.12984,0.87016,0.0,2.6953761175645847,2.0199555551184
0.75,73241,su2,9,35.46406822819008,2,100000,0.9472,0.0528,0.9472,0.0,5.3619822754107,2.8594497234042584
0.75,73241,su2,9,35.46406822819008,3,100000,0.97329,0.02671,0.97329,0.0,8.028907768314939,3.503054191725871
0.75,73241,su2,9,35.46406822819008,4,100000,0.98464,0.01536,0.98464,0.0,10.697634449275775,4.037676548405377
0.75,73241,su2,9,35.46406822819008,5,100000,0.99095,0.00905,0.99095,0.0,13.363285959004607,4.522298145216897
0.75,73241,su2,9,35.46406822819008,6,100000,0.99502,0.00498,0.99502,0.0,16.022432202866344,4.951232175788375
0.75,73241,su2,9,35.46406822819008,7,100000,0.99733,0.00267,0.99733,0.0,18.683102713714398,5.352668981282737
0.75,73241,su2,9,35.46406822819008,8,100000,0.99842,0.00158,0.99842,0.0,21.342828010597188,5.720791656410304
0.75,73241,su2,9,35.46406822819008,9,100000,0.99915,0.00085,0.99915,0.0,24.007963434956245,6.069116873882471
0.75,73241,su2,9,35.46406822819008,10,100000,0.99954,0.00046,0.99954,0.0,26.66920658474275,6.390285627476076
0.75,73241,su2,9,35.46406822819008,11,100000,0.99972,0.00028,0.99972,0.0,29.32390046898736,6.700027941795931
0.75,73241,su2,9,35.46406822819008,12,100000,0.99988,0.00012,0.99988,0.0,31.986079130928804,7.001214044286018
0.75,73241,su2,10,42.14618340859766,1,100000,0.86828,0.13172,0.86828,0.0,2.680096149769018,2.0292078049668243
0.75,73241,su2,10,42.14618340859766,2,100000,0.94633,0.05367,0.94633,0.0,5.348852951412939,2.8702950209546714
0.75,73241,su2,10,42.14618340859766,3,100000,0.97311,0.02689,0.97311,0.0,8.010128383948722,3.5160182274989755
0.75,73241,su2,10,42.14618340859766,4,100000,0.98348,0.01652,0.98348,0.0,10.663491742124734,4.064242440564909
0.75,73241,su2,10,42.14618340859766,5,100000,0.9909,0.0091,0.9909,0.0,13.32658705835771,4.541497380819803
0.75,73241,su2,10,42.14618340859766,6,100000,0.99476,0.00524,0.99476,0.0,15.999644622859245,4.97346455324164
0.75,73241,su2,10,42.14618340859766,7,100000,0.99687,0.00313,0.99687,0.0,18.649288048092014,5.386699496513301
0.75,73241,su2,10,42.14618340859766,8,100000,0.99829,0.00171,0.99829,0.0,21.308537011013176,5.7650517406515345
0.75,73241,su2,10,42.14618340859766,9,100000,0.99891,0.00109,0.99891,0.0,23.960167112531032,6.122283267272246
0.75,73241,su2,10,42.14618340859766,10,100000,0.99938,0.00062,0.99938,0.0,26.607805769731918,6.452464509103083
0.75,73241,su2,10,42.14618340859766,11,100000,0.99956,0.00044,0.99956,0.0,29.270905393256353,6.7727176332007355
0.75,73241,su2,10,42.14618340859766,12,100000,0.99978,0.00022,0.99978,0.0,31.924532944441967,7.061659122713648
0.75,73241,su2,11,50.08733810463367,1,100000,0.86866,0.13134,0.86866,0.0,2.678793282377736,2.023896330686854
0.75,73241,su2,11,50.08733810463367,2,100000,0.94795,0.05205,0.94795,0.0,5.360508729071654,2.8622547106935508
0.75,73241,su2,11,50.08733810463367,3,100000,0.97288,0.02712,0.97288,0.0,8.01685667212209,3.5105119221606973
0.75,73241,su2,11,50.08733810463367,4,100000,0.98441,0.01559,0.98441,0.0,10.67085357602256,4.063056824191269
0.75,73241,su2,11,50.08733810463367,5,100000,0.99099,0.00901,0.99099,0.0,13.326349750065138,4.549223817943288
0.75,73241,su2,11,50.08733810463367,6,100000,0.99482,0.00518,0.99482,0.0,15.992144076192808,4.979920939298285
0.75,73241,su2,11,50.08733810463367,7,100000,0.99714,0.00286,0.99714,0.0,18.657668312622512,5.381575561281734
0.75,73241,su2,11,50.08733810463367,8,100000,0.99839,0.00161,0.99839,0.0,21.314231592716162,5.744470315064899
0.75,73241,su2,11,50.08733810463367,9,100000,0.99911,0.00089,0.99911,0.0,23.975899531205428,6.0981264196750145
0.75,73241,su2,11,50.08733810463367,10,100000,0.99949,0.00051,0.99949,0.0,26.630822047849303,6.4187384087723185
0.75,73241,su2,11,50.08733810463367,11,100000,0.99962,0.00038,0.99962,0.0,29.28434698020242,6.739497728040122
0.75,73241,su2,11,50.08733810463367,12,100000,0.99981,0.00019,0.99981,0.0,31.94198881306842,7.051536970963625
0.75,73241,su2,12,59.52475967007999,1,100000,0.86688,0.13312,0.86688,0.0,2.6737407914021296,2.0179485662000793
0.75,73241,su2,12,59.52475967007999,2,100000,0.94642,0.05358,0.94642,0.0,5.339518227507649,2.8572373357560936
0.75,73241,su2,12,59.52475967007999,3,100000,0.97318,0.02682,0.97318,0.0,7.994695825925439,3.505300095047314
0.75,73241,su2,12,59.52475967007999,4,100000,0.98507,0.01493,0.98507,0.0,10.65550546141546,4.046437886458401
0.75,73241,su2,12,59.52475967007999,5,100000,0.9912,0.0088,0.9912,0.0,13.310452665535914,4.520634918669236
0.75,73241,su2,12,59.52475967007999,6,100000,0.99494,0.00506,0.99494,0.0,15.970456115567089,4.955727571826557
0.75,73241,su2,12,59.52475967007999,7,100000,0.9973,0.0027,0.9973,0.0,18.61913349766758,5.353065422351462
0.75,73241,su2,12,59.52475967007999,8,100000,0.99826,0.00174,0.99826,0.0,21.28551624988266,5.724266280940848
0.75,73241,su2,12,59.52475967007999,9,100000,0.99905,0.00095,0.99905,0.0,23.934628050534613,6.072017531450508
0.75,73241,su2,12,59.52475967007999,10,100000,0.99939,0.00061,0.99939,0.0,26.583697269429695,6.409208163152233
0.75,73241,su2,12,59.52475967007999,11,100000,0.99966,0.00034,0.99966,0.0,29.23453137779619,6.7282684062901446
0.75,73241,su2,12,59.52475967007999,12,100000,0.99984,0.00016,0.99984,0.0,31.8915361134857,7.029437607623449
0.75,73241,su2,13,70.74037367246298,1,100000,0.86802,0.13198,0.86802,0.0,2.680173185269086,2.019616161327784
0.75,73241,su2,13,70.74037367246298,2,100000,0.94594,0.05406,0.94594,0.0,5.340748625633872,2.8761807534855985
0.75,73241,su2,13,70.74037367246298,3,100000,0.97263,0.02737,0.97263,0.0,8.000607408824374,3.5222090821021332
0.75,73241,su2,13,70.74037367246298,4,100000,0.98447,0.01553,0.98447,0.0,10.664456000876578,4.065254372103302
0.75,73241,su2,13,70.74037367246298,5,100000,0.99065,0.00935,0.99065,0.0,13.312012269128036,4.5470868446372235
0.75,73241,su2,13,70.74037367246298,6,100000,0.99464,0.00536,0.99464,0.0,15.95595884841233,4.992737493207798
0.75,73241,su2,13,70.74037367246298,7,100000,0.99692,0.00308,0.99692,0.0,18.613311556922028,5.390464164893187
0.75,73241,su2,13,70.74037367246298,8,100000,0.99823,0.00177,0.99823,0.0,21.261863141961413,5.756118815292589
0.75,73241,su2,13,70.74037367246298,9,100000,0.99901,0.00099,0.99901,0.0,23.917382097830934,6.115224018149354
0.75,73241,su2,13,70.74037367246298,10,100000,0.99946,0.00054,0.99946,0.0,26.558441750165983,6.437681299485022
0.75,73241,su2,13,70.74037367246298,11,100000,0.99969,0.00031,0.99969,0.0,29.212780094217994,6.756319093717995
0.75,73241,su2,13,70.74037367246298,12,100000,0.99975,0.00025,0.99975,0.0,31.865371845879526,7.042702980782615
0.75,73241,su2,14,84.0692258995385,1,100000,0.86792,0.13208,0.86792,0.0,2.68457616430884,2.030684763764558
0.75,73241,su2,14,84.0692258995385,2,100000,0.9465,0.0535,0.9465,0.0,5.352937080574735,2.870182547182922
0.75,73241,su2,14,84.0692258995385,3,100000,0.97284,0.02716,0.97284,0.0,8.0200995677063,3.516174111600874
0.75,73241,su2,14,84.0692258995385,4,100000,0.98401,0.01599,0.98401,0.0,10.683595035148967,4.051511499608788
0.75,73241,su2,14,84.0692258995385,5,100000,0.99108,0.00892,0.99108,0.0,13.334690700811185,4.535790546455269
0.75,73241,su2,14,84.0692258995385,6,100000,0.99484,0.00516,0.99484,0.0,15.998008714663829,4.971428871171208
0.75,73241,su2,14,84.0692258995385,7,100000,0.99693,0.00307,0.99693,0.0,18.651760531480434,5.3816637121329975
0.75,73241,su2,14,84.0692258995385,8,100000,0.9981,0.0019,0.9981,0.0,21.29935901554549,5.755584008228426
0.75,73241,su2,14,84.0692258995385,9,100000,0.99899,0.00101,0.99899,0.0,23.952918564442562,6.105566311419661
0.75,73241,su2,14,84.0692258995385,10,100000,0.99941,0.00059,0.99941,0.0,26.61177919025527,6.436680715414164
0.75,73241,su2,14,84.0692258995385,11,100000,0.99959,0.00041,0.99959,0.0,29.26239384305216,6.758911875364035
0.75,73241,su2,14,84.0692258995385,12,100000,0.99979,0.00021,0.99979,0.0,31.91510773935325,7.061037504009303
0.75,73241,su2,15,99.90949123440735,1,100000,0.86647,0.13353,0.86647,0.0,2.6730929083069115,2.0235864640873333
0.75,73241,su2,15,99.90949123440735,2,100000,0.94614,0.05386,0.94614,0.0,5.323632556218163,2.8515595279112222
0.75,73241,su2,15,99.90949123440735,3,100000,0.97341,0.02659,0.97341,0.0,7.977672546966106,3.49479143185616
0.75,73241,su2,15,99.90949123440735,4,100000,0.98457,0.01543,0.98457,0.0,10.63073206152078,4.045233400617785
0.75,73241,su2,15,99.90949123440735,5,100000,0.99083,0.00917,0.99083,0.0,13.281105890207344,4.534431917123561
0.75,73241,su2,15,99.90949123440735,6,100000,0.99474,0.00526,0.99474,0.0,15.93503344621705,4.966310081383664
0.75,73241,su2,15,99.90949123440735,7,100000,0.99711,0.00289,0.99711,0.0,18.57109940374749,5.369131262570575
0.75,73241,su2,15,99.90949123440735,8,100000,0.99828,0.00172,0.99828,0.0,21.218488035626766,5.7372336344266355
0.75,73241,su2,15,99.90949123440735,9,100000,0.99907,0.00093,0.99907,0.0,23.85579458286521,6.087149317005413
0.75,73241,su2,15,99.90949123440735,10,100000,0.99957,0.00043,0.99957,0.0,26.493934619622323,6.409789669597048
0.75,73241,su2,15,99.90949123440735,11,100000,0.99968,0.00032,0.99968,0.0,29.133880812717802,6.733638238706903
0.75,73241,su2,15,99.90949123440735,12,100000,0.9998,0.0002,0.9998,0.0,31.7704189223414,7.0436098799622275
0.75,73241,su2,16,118.73436839594959,1,100000,0.86853,0.13147,0.86853,0.0,2.673891750924183,2.0322715247288685
0.75,73241,su2,16,118.73436839594959,2,100000,0.94658,0.05342,0.94658,0.0,5.334533067301726,2.869870509618821
0.75,73241,su2,16,118.73436839594959,3,100000,0.97283,0.02717,0.97283,0.0,8.00112084068057,3.5192523634317956
0.75,73241,su2,16,118.73436839594959,4,100000,0.98395,0.01605,0.98395,0.0,10.653313637806932,4.064864974904258
0.75,73241,su2,16,118.73436839594959,5,100000,0.99111,0.00889,0.99111,0.0,13.3140508829211,4.5377429981485875
0.75,73241,su2,16,118.73436839594959,6,100000,0.99458,0.00542,0.99458,0.0,15.957303392436435,4.975476008165276
0.75,73241,su2,16,118.73436839594959,7,100000,0.99695,0.00305,0.99695,0.0,18.60764409930458,5.3732014122640965
0.75,73241,su2,16,118.73436839594959,8,100000,0.99815,0.00185,0.99815,0.0,21.255844165655958,5.743314700006182
0.75,73241,su2,16,118.73436839594959,9,100000,0.99895,0.00105,0.99895,0.0,23.90755578683608,6.101180564451288
0.75,73241,su2,16,118.73436839594959,10,100000,0.99938,0.00062,0.99938,0.0,26.565326770753952,6.417701316335794
0.75,73241,su2,16,118.73436839594959,11,100000,0.99969,0.00031,0.99969,0.0,29.219081881006527,6.73502605488352
0.75,73241,su2,16,118.73436839594959,12,100000,0.99979,0.00021,0.99979,0.0,31.85796384693838,7.038068879196689
0.75,73241,su2,17,141.10621587801643,1,100000,0.86632,0.13368,0.86632,0.0,2.6761594952256935,2.038742845924068
0.75,73241,su2,17,141.10621587801643,2,100000,0.94597,0.05403,0.94597,0.0,5.330478414905765,2.8890121752577103
0.75,73241,su2,17,141.10621587801643,3,100000,0.97268,0.02732,0.97268,0.0,7.984424849491638,3.5385584786713373
0.75,73241,su2,17,141.10621587801643,4,100000,0.98341,0.01659,0.98341,0.0,10.639028684028588,4.085631939177861
0.75,73241,su2,17,141.10621587801643,5,100000,0.99041,0.00959,0.99041,0.0,13.287619760276874,4.5558257040173205
0.75,73241,su2,17,141.10621587801643,6,100000,0.99463,0.00537,0.99463,0.0,15.93405403271383,4.98296685340806
0.75,73241,su2,17,141.10621587801643,7,100000,0.9969,0.0031,0.9969,0.0,18.584334513875326,5.37395343849974
0.75,73241,su2,17,141.10621587801643,8,100000,0.99829,0.00171,0.99829,0.0,21.232285561488723,5.755186801310363
0.75,73241,su2,17,141.10621587801643,9,100000,0.9989,0.0011,0.9989,0.0,23.88034178554787,6.105843309845349
0.75,73241,su2,17,141.10621587801643,10,100000,0.99938,0.00062,0.99938,0.0,26.525820983195974,6.436126255635003
0.75,73241,su2,17,141.10621587801643,11,100000,0.99956,0.00044,0.99956,0.0,29.16725252337619,6.753388198748721
0.75,73241,su2,17,141.10621587801643,12,100000,0.99967,0.00033,0.99967,0.0,31.817585869561327,7.054822363375738
0.75,73241,su2,18,167.69335137249612,1,100000,0.86684,0.13316,0.86684,0.0,2.6643652086375793,2.0406838831560594
0.75,73241,su2,18,167.69335137249612,2,100000,0.94629,0.05371,0.94629,0.0,5.318565414281436,2.8727425339245625
0.75,73241,su2,18,167.69335137249612,3,100000,0.97244,0.02756,0.97244,0.0,7.950837706458443,3.5250020349875584
0.75,73241,su2,18,167.69335137249612,4,100000,0.9837,0.0163,0.9837,0.0,10.603811308487126,4.062067958634453
0.75,73241,su2,18,167.69335137249612,5,100000,0.99031,0.00969,0.99031,0.0,13.260228178806436,4.551518744407958
0.75,73241,su2,18,167.69335137249612,6,100000,0.9946,0.0054,0.9946,0.0,15.908801670925126,4.973845487687699
0.75,73241,su2,18,167.69335137249612,7,100000,0.99705,0.00295,0.99705,0.0,18.5566812233163,5.385775415740655
0.75,73241,su2,18,167.69335137249612,8,100000,0.99815,0.00185,0.99815,0.0,21.20480877312744,5.756355435231364
0.75,73241,su2,18,167.69335137249612,9,100000,0.99889,0.00111,0.99889,0.0,23.853899032666618,6.105104560928327
0.75,73241,su2,18,167.69335137249612,10,100000,0.99931,0.00069,0.99931,0.0,26.507743023957858,6.427664636937737
0.75,73241,su2,18,167.69335137249612,11,100000,0.99963,0.00037,0.99963,0.0,29.153253321977708,6.749993276832183
0.75,73241,su2,18,167.69335137249612,12,100000,0.99978,0.00022,0.99978,0.0,31.805195418359204,7.054129663420385
0.75,73241,su2,19,199.29001652804294,1,100000,0.86714,0.13286,0.86714,0.0,2.666581587175494,2.0351753780632387
0.75,73241,su2,19,199.29001652804294,2,100000,0.94498,0.05502,0.94498,0.0,5.314957534134237,2.8850743045542813
0.75,73241,su2,19,199.29001652804294,3,100000,0.97162,0.02838,0.97162,0.0,7.9645976070591225,3.54235648248111
0.75,73241,su2,19,199.29001652804294,4,100000,0.98319,0.01681,0.98319,0.0,10.609795298517088,4.094480074063235
0.75,73241,su2,19,199.29001652804294,5,100000,0.99042,0.00958,0.99042,0.0,13.254417074262046,4.572414674059888
0.75,73241,su2,19,199.29001652804294,6,100000,0.99456,0.00544,0.99456,0.0,15.913609788658732,5.012316010698999
0.75,73241,su2,19,199.29001652804294,7,100000,0.99668,0.00332,0.99668,0.0,18.566800857071286,5.406185233432252
0.75,73241,su2,19,199.29001652804294,8,100000,0.9981,0.0019,0.9981,0.0,21.210118316546342,5.784045595718298
0.75,73241,su2,19,199.29001652804294,9,100000,0.99902,0.00098,0.99902,0.0,23.857011848906836,6.12834278312577
0.75,73241,su2,19,199.29001652804294,10,100000,0.99953,0.00047,0.99953,0.0,26.501843812292282,6.456137574297645
0.75,73241,su2,19,199.29001652804294,11,100000,0.99961,0.00039,0.99961,0.0,29.1467758273511,6.77947469548477
0.75,73241,su2,19,199.29001652804294,12,100000,0.99981,0.00019,0.99981,0.0,31.792913841426742,7.076948382322522
0.75,83244,photon,0,7.499999999999999,1,100000,0.79687,0.79687,0.20313,0.0,-5.4714369984212645,5.6815943382002425
0.75,83244,photon,0,7.499999999999999,2,100000,0.89272,0.89272,0.10728,0.0,-10.876109771835505,8.009668471231146
0.75,83244,photon,0,7.499999999999999,3,100000,0.94602,0.94602,0.05398,0.0,-16.33441190636959,9.78628082960914
0.75,83244,photon,0,7.499999999999999,4,100000,0.97236,0.97236,0.02764,0.0,-21.80014266732381,11.278038575859506
0.75,83244,photon,0,7.499999999999999,5,100000,0.98514,0.98514,0.01486,0.0,-27.223850692692054,12.629704491058915
0.75,83244,photon,0,7.499999999999999,6,100000,0.99124,0.99124,0.00876,0.0,-32.65168435415643,13.845728212714771
0.75,83244,photon,0,7.499999999999999,7,100000,0.99506,0.99506,0.00494,0.0,-38.082612740107194,14.96095023137324
0.75,83244,photon,0,7.499999999999999,8,100000,0.99722,0.99722,0.00278,0.0,-43.46750966843811,15.96097930925322
0.75,83244,photon,0,7.499999999999999,9,100000,0.99838,0.99838,0.00162,0.0,-48.8841398162701,16.940110110747725
0.75,83244,photon,0,7.499999999999999,10,100000,0.99915,0.99915,0.00085,0.0,-54.33291864197041,17.85772450045932
0.75,83244,photon,0,7.499999999999999,11,100000,0.99953,0.99953,0.00047,0.0,-59.745811604892936,18.737060850627564
0.75,83244,photon,0,7.499999999999999,12,100000,0.9997,0.9997,0.0003,0.0,-65.16887237161181,19.604448869862075
0.75,83244,photon,1,8.078346172301348,1,100000,0.79923,0.79923,0.20077,0.0,-5.548831108963691,5.6826108341860815
0.75,83244,photon,1,8.078346172301348,2,100000,0.89479,0.89479,0.10521,0.0,-11.009496871284945,8.029278900775626
0.75,83244,photon,1,8.078346172301348,3,100000,0.94614,0.94614,0.05386,0.0,-16.49949524476807,9.834534296402653
0.75,83244,photon,1,8.078346172301348,4,100000,0.97185,0.97185,0.02815,0.0,-21.956286538545065,11.350721293755637
0.75,83244,photon,1,8.078346172301348,5,100000,0.98508,0.98508,0.01492,0.0,-27.474177233288103,12.685597643942689
0.75,83244,photon,1,8.078346172301348,6,100000,0.99178,0.99178,0.00822,0.0,-32.937857903813494,13.899967855687041
0.75,83244,photon,1,8.078346172301348,7,100000,0.9953,0.9953,0.0047,0.0,-38.41813445968654,15.03565354572503
0.75,83244,photon,1,8.078346172301348,8,100000,0.99756,0.99756,0.00244,0.0,-43.911632540815866,16.071163776346232
0.75,83244,photon,1,8.078346172301348,9,100000,0.99847,0.99847,0.00153,0.0,-49.385984352842236,17.034897216366108
0.75,83244,photon,1,8.078346172301348,10,100000,0.9992,0.9992,0.0008,0.0,-54.85322337444165,17.961775907747214
0.75,83244,photon,1,8.078346172301348,11,100000,0.99947,0.99947,0.00053,0.0,-60.33455671982621,18.846471269031056
0.75,83244,photon,1,8.078346172301348,12,100000,0.9997,0.9997,0.0003,0.0,-65.8347767656603,19.702032456197685
0.75,83244,photon,2,8.70129025060478,1,100000,0.8014,0.8014,0.1986,0.0,-5.583626330275026,5.676901016253117
0.75,83244,photon,2,8.70129025060478,2,100000,0.89689,0.89689,0.10311,0.0,-11.106340120406674,8.034008913363891
0.75,83244,photon,2,8.70129025060478,3,100000,0.9485,0.9485,0.0515,0.0,-16.63064572426819,9.818420839590154
0.75,83244,photon,2,8.70129025060478,4,100000,0.97271,0.97271,0.02729,0.0,-22.14205847454088,11.369972783378584
0.75,83244,photon,2,8.70129025060478,5,100000,0.98543,0.98543,0.01457,0.0,-27.685816810939503,12.705794569212696
0.75,83244,photon,2,8.70129025060478,6,100000,0.99177,0.99177,0.00823,0.0,-33.21851357176764,13.89926071370982
0.75,83244,photon,2,8.70129025060478,7,100000,0.9954,0.9954,0.0046,0.0,-38.74848810969462,14.994627439699578
0.75,83244,photon,2,8.70129025060478,8,100000,0.99725,0.99725,0.00275,0.0,-44.288004859447156,16.047207215996202
0.75,83244,photon,2,8.70129025060478,9,100000,0.9985,0.9985,0.0015,0.0,-49.81405803998904,17.02110460636227
0.75,83244,photon,2,8.70129025060478,10,100000,0.99919,0.99919,0.00081,0.0,-55.36245506264398,17.920058259498486
0.75,83244,photon,2,8.70129025060478,11,100000,0.99955,0.99955,0.00045,0.0,-60.88067236093096,18.77001102893407
0.75,83244,photon,2,8.70129025060478,12,100000,0.99977,0.99977,0.00023,0.0,-66.41208097257412,19.59492025521054
0.75,83244,photon,3,9.372271305340822,1,100000,0.80499,0.80499,0.19501,0.0,-5.679800478804841,5.672558227229141
0.75,83244,photon,3,9.372271305340822,2,100000,0.90056,0.90056,0.09944,0.0,-11.258968593742841,8.006055749426526
0.75,83244,photon,3,9.372271305340822,3,100000,0.95022,0.95022,0.04978,0.0,-16.878165416677486,9.80219218076139
0.75,83244,photon,3,9.372271305340822,4,100000,0.97453,0.97453,0.02547,0.0,-22.480277535401164,11.335070811022653
0.75,83244,photon,3,9.372271305340822,5,100000,0.9864,0.9864,0.0136,0.0,-28.099997950065678,12.667277620193536
0.75,83244,photon,3,9.372271305340822,6,100000,0.99256,0.99256,0.00744,0.0,-33.69839644339078,13.853882578211723
0.75,83244,photon,3,9.372271305340822,7,100000,0.99622,0.99622,0.00378,0.0,-39.2903927588083,14.97996371682979
0.75,83244,photon,3,9.372271305340822,8,100000,0.9976,0.9976,0.0024,0.0,-44.89258640247639,16.04788143834078
0.75,83244,photon,3,9.372271305340822,9,100000,0.99879,0.99879,0.00121,0.0,-50.503177849621615,16.994336376091937
0.75,83244,photon,3,9.372271305340822,10,100000,0.99942,0.99942,0.00058,0.0,-56.085183061957245,17.89366132703961
0.75,83244,photon,3,9.372271305340822,11,100000,0.99975,0.99975,0.00025,0.0,-61.68342609775588,18.761946129901176
0.75,83244,photon,3,9.372271305340822,12,100000,0.99984,0.99984,0.00016,0.0,-67.27197219669682,19.56181818221966
0.75,83244,photon,4,10.094993603369304,1,100000,0.80674,0.80674,0.19326,0.0,-5.71326208888017,5.673647954959231
0.75,83244,photon,4,10.094993603369304,2,100000,0.90256,0.90256,0.09744,0.0,-11.351323544926846,8.021452861852673
0.75,83244,photon,4,10.094993603369304,3,100000,0.95139,0.95139,0.04861,0.0,-17.009015059305455,9.816095098597417
0.75,83244,photon,4,10.094993603369304,4,100000,0.9755,0.9755,0.0245,0.0,-22.630167914275415,11.30658978859514
0.75,83244,photon,4,10.094993603369304,5,100000,0.98711,0.98711,0.01289,0.0,-28.263392148578852,12.668825802708403
0.75,83244,photon,4,10.094993603369304,6,100000,0.99298,0.99298,0.00702,0.0,-33.89282104755359,13.887830981606207
0.75,83244,photon,4,10.094993603369304,7,100000,0.9963,0.9963,0.0037,0.0,-39.517647095977885,14.986277001575315
0.75,83244,photon,4,10.094993603369304,8,100000,0.99806,0.99806,0.00194,0.0,-45.17201974923105,16.014590095215567
0.75,83244,photon,4,10.094993603369304,9,100000,0.99897,0.99897,0.00103,0.0,-50.79974031659486,16.985772647745407
0.75,83244,photon,4,10.094993603369304,10,100000,0.99946,0.99946,0.00054,0.0,-56.41536284181837,17.876729561033084
0.75,83244,photon,4,10.094993603369304,11,100000,0.99977,0.99977,0.00023,0.0,-62.01907805148517,18.751967916107137
0.75,83244,photon,4,10.094993603369304,12,100000,0.99982,0.99982,0.00018,0.0,-67.62154122793505,19.595422426650682
0.75,83244,photon,5,10.873447058024672,1,100000,0.80671,0.80671,0.19329,0.0,-5.735508068032862,5.665122251891516
0.75,83244,photon,5,10.873447058024672,2,100000,0.90363,0.90363,0.09637,0.0,-11.433743657251675,8.017720577614014
0.75,83244,photon,5,10.873447058024672,3,100000,0.95254,0.95254,0.04746,0.0,-17.091921581785755,9.80265477708511
0.75,83244,photon,5,10.873447058024672,4,100000,0.97563,0.97563,0.02437,0.0,-22.736901065566773,11.332234990177387
0.75,83244,photon,5,10.873447058024672,5,100000,0.98702,0.98702,0.01298,0.0,-28.41863613606562,12.654774696914632
0.75,83244,photon,5,10.873447058024672,6,100000,0.99266,0.99266,0.00734,0.0,-34.07642779949104,13.877168713067672
0.75,83244,photon,5,10.873447058024672,7,100000,0.99609,0.99609,0.00391,0.0,-39.763659873780895,15.004340611830639
0.75,83244,photon,5,10.873447058024672,8,100000,0.99792,0.99792,0.00208,0.0,-45.43170413945815,16.02615211364264
0.75,83244,photon,5,10.873447058024672,9,100000,0.99883,0.99883,0.00117,0.0,-51.11158147793401,16.971149713193523
0.75,83244,photon,5,10.873447058024672,10,100000,0.99921,0.99921,0.00079,0.0,-56.784530313037465,17.859967435918648
0.75,83244,photon,5,10.873447058024672,11,100000,0.99961,0.99961,0.00039,0.0,-62.483353528401125,18.716842155078957
0.75,83244,photon,5,10.873447058024672,12,100000,0.99983,0.99983,0.00017,0.0,-68.12703165728321,19.537253625968294
0.75,83244,photon,6,11.711929256121993,1,100000,0.81223,0.81223,0.18777,0.0,-5.811491679113191,5.649841346151428
0.75,83244,photon,6,11.711929256121993,2,100000,0.90488,0.90488,0.09512,0.0,-11.53773173882006,8.004860428472078
0.75,83244,photon,6,11.711929256121993,3,100000,0.95499,0.95499,0.04501,0.0,-17.266479635887478,9.773749482404623
0.75,83244,photon,6,11.711929256121993,4,100000,0.9768,0.9768,0.0232,0.0,-22.993196473208293,11.344233076708809
0.75,83244,photon,6,11.711929256121993,5,100000,0.98746,0.98746,0.01254,0.0,-28.73428408979294,12.677472638951976
0.75,83244,photon,6,11.711929256121993,6,100000,0.99349,0.99349,0.00651,0.0,-34.4780578006971,13.861119288609029
0.75,83244,photon,6,11.711929256121993,7,100000,0.99647,0.99647,0.00353,0.0,-40.20990462273213,14.96661433620859
0.75,83244,photon,6,11.711929256121993,8,100000,0.99799,0.99799,0.00201,0.0,-45.94439182304037,15.98977323857251
0.75,83244,photon,6,11.711929256121993,9,100000,0.99892,0.99892,0.00108,0.0,-51.66070867285523,16.972676410516822
0.75,83244,photon,6,11.711929256121993,10,100000,0.99948,0.99948,0.00052,0.0,-57.37126293173162,17.881498009971295
0.75,83244,photon,6,11.711929256121993,11,100000,0.99967,0.99967,0.00033,0.0,-63.09437759725131,18.772812242407433
0.75,83244,photon,6,11.711929256121993,12,100000,0.99981,0.99981,0.00019,0.0,-68.81085999099315,19.60164472445206
0.75,83244,photon,7,12.615069183527634,1,100000,0.81127,0.81127,0.18873,0.0,-5.831498759734312,5.654651608882956
0.75,83244,photon,7,12.615069183527634,2,100000,0.9072,0.9072,0.0928,0.0,-11.587694619347085,7.984660913283993
0.75,83244,photon,7,12.615069183527634,3,100000,0.95537,0.95537,0.04463,0.0,-17.35826739761983,9.784738406483193
0.75,83244,photon,7,12.615069183527634,4,100000,0.9779,0.9779,0.0221,0.0,-23.140054104595286,11.32712483904617
0.75,83244,photon,7,12.615069183527634,5,100000,0.98783,0.98783,0.01217,0.0,-28.897935076720294,12.68174741921546
0.75,83244,photon,7,12.615069183527634,6,100000,0.99361,0.99361,0.00639,0.0,-34.63556384730361,13.897288533185927
0.75,83244,photon,7,12.615069183527634,7,100000,0.99647,0.99647,0.00353,0.0,-40.39917385356306,15.009145987345738
0.75,83244,photon,7,12.615069183527634,8,100000,0.99821,0.99821,0.00179,0.0,-46.16209790376623,16.041827334388575
0.75,83244,photon,7,12.615069183527634,9,100000,0.99888,0.99888,0.00112,0.0,-51.931419691837476,17.014156703911596
0.75,83244,photon,7,12.615069183527634,10,100000,0.9994,0.9994,0.0006,0.0,-57.7184922772342,17.914136731434574
0.75,83244,photon,7,12.615069183527634,11,100000,0.99969,0.99969,0.00031,0.0,-63.47231141226428,18.792701598427985
0.75,83244,photon,7,12.615069183527634,12,100000,0.99981,0.99981,0.00019,0.0,-69.21710801116119,19.631421154377346
0.75,83244,photon,8,13.587852780275625,1,100000,0.8138,0.8138,0.1862,0.0,-5.897055714476229,5.655327846392679
0.75,83244,photon,8,13.587852780275625,2,100000,0.90813,0.90813,0.09187,0.0,-11.714506986654671,7.997227126750685
0.75,83244,photon,8,13.587852780275625,3,100000,0.95565,0.95565,0.04435,0.0,-17.5103655101885,9.822090697416183
0.75,83244,photon,8,13.587852780275625,4,100000,0.97778,0.97778,0.02222,0.0,-23.3351721131297,11.335889251339292
0.75,83244,photon,8,13.587852780275625,5,100000,0.98857,0.98857,0.01143,0.0,-29.136838523327928,12.652289656198402
0.75,83244,photon,8,13.587852780275625,6,100000,0.99375,0.99375,0.00625,0.0,-34.938810348574826,13.863746020536807
0.75,83244,photon,8,13.587852780275625,7,100000,0.99641,0.99641,0.00359,0.0,-40.765228137408556,14.989065527431178
0.75,83244,photon,8,13.587852780275625,8,100000,0.99805,0.99805,0.00195,0.0,-46.55925162169857,16.043263164658782
0.75,83244,photon,8,13.587852780275625,9,100000,0.99894,0.99894,0.00106,0.0,-52.35795685778917,17.01386318132268
0.75,83244,photon,8,13.587852780275625,10,100000,0.99942,0.99942,0.00058,0.0,-58.147317957751454,17.941739758412353
0.75,83244,photon,8,13.587852780275625,11,100000,0.99968,0.99968,0.00032,0.0,-63.9646110862074,18.76039534834968
0.75,83244,photon,8,13.587852780275625,12,100000,0.99979,0.99979,0.00021,0.0,-69.75588271642587,19.57799701634963
0.75,83244,photon,9,14.635650466311175,1,100000,0.81669,0.81669,0.18331,0.0,-5.930451119297601,5.642072663070677
0.75,83244,photon,9,14.635650466311175,2,100000,0.90984,0.90984,0.09016,0.0,-11.773443287845216,7.992371143589845
0.75,83244,photon,9,14.635650466311175,3,100000,0.957,0.957,0.043,0.0,-17.62570215926184,9.78100355206006
0.75,83244,photon,9,14.635650466311175,4,100000,0.97974,0.97974,0.02026,0.0,-23.455882122047264,11.275803392849866
0.75,83244,photon,9,14.635650466311175,5,100000,0.98957,0.98957,0.01043,0.0,-29.29923774973528,12.582797194497141
0.75,83244,photon,9,14.635650466311175,6,100000,0.99472,0.99472,0.00528,0.0,-35.13864058286441,13.816664245695105
0.75,83244,photon,9,14.635650466311175,7,100000,0.9972,0.9972,0.0028,0.0,-40.98460104142466,14.911581757552856
0.75,83244,photon,9,14.635650466311175,8,100000,0.99851,0.99851,0.00149,0.0,-46.8344533918911,15.952872168474595
0.75,83244,photon,9,14.635650466311175,9,100000,0.99923,0.99923,0.00077,0.0,-52.64221868718504,16.93314743430185
0.75,83244,photon,9,14.635650466311175,10,100000,0.99966,0.99966,0.00034,0.0,-58.47742695179134,17.846850950370566
0.75,83244,photon,9,14.635650466311175,11,100000,0.99986,0.99986,0.00014,0.0,-64.31677143920336,18.726338314239577
0.75,83244,photon,9,14.635650466311175,12,100000,0.99989,0.99989,0.00011,0.0,-70.15098803933253,19.530533980001817
0.75,83244,photon,10,15.764246789822048,1,100000,0.81464,0.81464,0.18536,0.0,-5.912478082874064,5.644755158762157
0.75,83244,photon,10,15.764246789822048,2,100000,0.90971,0.90971,0.09029,0.0,-11.780398296457042,7.9835908520697485
0.75,83244,photon,10,15.764246789822048,3,100000,0.95766,0.95766,0.04234,0.0,-17.712965084919553,9.780454583467883
0.75,83244,photon,10,15.764246789822048,4,100000,0.97954,0.97954,0.02046,0.0,-23.591822905747822,11.28330317924652
0.75,83244,photon,10,15.764246789822048,5,100000,0.98912,0.98912,0.01088,0.0,-29.48757957648652,12.644657290265007
0.75,83244,photon,10,15.764246789822048,6,100000,0.99449,0.99449,0.00551,0.0,-35.352950032263735,13.823297191945294
0.75,83244,photon,10,15.764246789822048,7,100000,0.99724,0.99724,0.00276,0.0,-41.25891328907961,14.905261001500067
0.75,83244,photon,10,15.764246789822048,8,100000,0.99833,0.99833,0.00167,0.0,-47.096820682094375,15.951030303848684
0.75,83244,photon,10,15.764246789822048,9,100000,0.99911,0.99911,0.00089,0.0,-52.97057957920009,16.90967195248717
0.75,83244,photon,10,15.764246789822048,10,100000,0.99951,0.99951,0.00049,0.0,-58.8318619606334,17.83558781184263
0.75,83244,photon,10,15.764246789822048,11,100000,0.99968,0.99968,0.00032,0.0,-64.73092924474794,18.71285360928691
0.75,83244,photon,10,15.764246789822048,12,100000,0.99986,0.99986,0.00014,0.0,-70.60468758525033,19.54396864589188
0.75,83244,photon,11,16.979872361836364,1,100000,0.8168,0.8168,0.1832,0.0,-5.939668495576057,5.642998857313957
0.75,83244,photon,11,16.979872361836364,2,100000,0.91198,0.91198,0.08802,0.0,-11.847762197045197,7.974177561695037
0.75,83244,photon,11,16.979872361836364,3,100000,0.95829,0.95829,0.04171,0.0,-17.77102204087084,9.742454768212616
0.75,83244,photon,11,16.979872361836364,4,100000,0.97995,0.97995,0.02005,0.0,-23.655603072949326,11.248355125234662
0.75,83244,photon,11,16.979872361836364,5,100000,0.98991,0.98991,0.01009,0.0,-29.549889817841798,12.582625388756785
0.75,83244,photon,11,16.979872361836364,6,100000,0.99507,0.99507,0.00493,0.0,-35.426552549218016,13.768692843730523
0.75,83244,photon,11,16.979872361836364,7,100000,0.99733,0.99733,0.00267,0.0,-41.322536486283056,14.900744494120186
0.75,83244,photon,11,16.979872361836364,8,100000,0.99855,0.99855,0.00145,0.0,-47.227013534046414,15.92263789069435
0.75,83244,photon,11,16.979872361836364,9,100000,0.99916,0.99916,0.00084,0.0,-53.15078816020637,16.872088768506686
0.75,83244,photon,11,16.979872361836364,10,100000,0.9996,0.9996,0.0004,0.0,-59.05057544706301,17.812948808588033
0.75,83244,photon,11,16.979872361836364,11,100000,0.9998,0.9998,0.0002,0.0,-64.96547972345745,18.664614169361684
0.75,83244,photon,11,16.979872361836364,12,100000,0.99989,0.99989,0.00011,0.0,-70.86379774697627,19.521567734123494
0.75,83244,photon,12,18.2892382533875,1,100000,0.81818,0.81818,0.18182,0.0,-5.999814416211603,5.639100296470377
0.75,83244,photon,12,18.2892382533875,2,100000,0.91333,0.91333,0.08667,0.0,-11.931816948119112,7.988034572803262
0.75,83244,photon,12,18.2892382533875,3,100000,0.95917,0.95917,0.04083,0.0,-17.880088872675785,9.785412683623974
0.75,83244,photon,12,18.2892382533875,4,100000,0.98042,0.98042,0.01958,0.0,-23.786462598128058,11.298222471125436
0.75,83244,photon,12,18.2892382533875,5,100000,0.99011,0.99011,0.00989,0.0,-29.732666807221406,12.633716907814572
0.75,83244,photon,12,18.2892382533875,6,100000,0.99482,0.99482,0.00518,0.0,-35.67393470421774,13.803210521115991
0.75,83244,photon,12,18.2892382533875,7,100000,0.9973,0.9973,0.0027,0.0,-41.604715420209274,14.944731594461452
0.75,83244,photon,12,18.2892382533875,8,100000,0.99864,0.99864,0.00136,0.0,-47.497851840946545,15.972084683373787
0.75,83244,photon,12,18.2892382533875,9,100000,0.99923,0.99923,0.00077,0.0,-53.43088359491276,16.924275272087932
0.75,83244,photon,12,18.2892382533875,10,100000,0.99958,0.99958,0.00042,0.0,-59.31462092781505,17.832150331642545
0.75,83244,photon,12,18.2892382533875,11,100000,0.99983,0.99983,0.00017,0.0,-65.2586185881371,18.700226465603134
0.75,83244,photon,12,18.2892382533875,12,100000,0.99988,0.99988,0.00012,0.0,-71.144944473337,19.519821500796457
0.75,83244,photon,13,19.699573045141378,1,100000,0.81858,0.81858,0.18142,0.0,-6.018686301363788,5.643408480943983
0.75,83244,photon,13,19.699573045141378,2,100000,0.91454,0.91454,0.08546,0.0,-11.967219405173967,7.979323167471338
0.75,83244,photon,13,19.699573045141378,3,100000,0.95938,0.95938,0.04062,0.0,-17.933347849880015,9.76449678281051
0.75,83244,photon,13,19.699573045141378,4,100000,0.9816,0.9816,0.0184,0.0,-23.89681413847403,11.252695197991399
0.75,83244,photon,13,19.699573045141378,5,100000,0.99051,0.99051,0.00949,0.0,-29.862671131365005,12.583778329852818
0.75,83244,photon,13,19.699573045141378,6,100000,0.99473,0.99473,0.00527,0.0,-35.79300180957815,13.799833460216679
0.75,83244,photon,13,19.699573045141378,7,100000,0.99709,0.99709,0.00291,0.0,-41.72186518229039,14.91784359115842
0.75,83244,photon,13,19.699573045141378,8,100000,0.99837,0.99837,0.00163,0.0,-47.65407814369388,15.95766805750309
0.75,83244,photon,13,19.699573045141378,9,100000,0.99909,0.99909,0.00091,0.0,-53.60727018560777,16.918716062290706
0.75,83244,photon,13,19.699573045141378,10,100000,0.99961,0.99961,0.00039,0.0,-59.570333734272694,17.837384814665796
0.75,83244,photon,13,19.699573045141378,11,100000,0.99977,0.99977,0.00023,0.0,-65.50773286378292,18.709450313391176
0.75,83244,photon,13,19.699573045141378,12,100000,0.99988,0.99988,0.00012,0.0,-71.40383028224178,19.553561694295652
0.75,83244,photon,14,21.218662734025152,1,100000,0.82019,0.82019,0.17981,0.0,-6.039734543005971,5.634568777042753
0.75,83244,photon,14,21.218662734025152,2,100000,0.91533,0.91533,0.08467,0.0,-12.010401296844558,7.955254010955494
0.75,83244,photon,14,21.218662734025152,3,100000,0.95999,0.95999,0.04001,0.0,-18.003294184298696,9.754505692073897
0.75,83244,photon,14,21.218662734025152,4,100000,0.98096,0.98096,0.01904,0.0,-23.966174469182295,11.25400170771574
0.75,83244,photon,14,21.218662734025152,5,100000,0.99055,0.99055,0.00945,0.0,-29.937175339991086,12.57606987102386
0.75,83244,photon,14,21.218662734025152,6,100000,0.99542,0.99542,0.00458,0.0,-35.90385999065686,13.759881427900352
0.75,83244,photon,14,21.218662734025152,7,100000,0.99777,0.99777,0.00223,0.0,-41.89248465486842,14.871305748023232
0.75,83244,photon,14,21.218662734025152,8,100000,0.9988,0.9988,0.0012,0.0,-47.841305645355526,15.921706492007237
0.75,83244,photon,14,21.218662734025152,9,100000,0.99939,0.99939,0.00061,0.0,-53.82170495470878,16.89456141710254
0.75,83244,photon,14,21.218662734025152,10,100000,0.99967,0.99967,0.00033,0.0,-59.77598376657756,17.832811005135706
0.75,83244,photon,14,21.218662734025152,11,100000,0.99984,0.99984,0.00016,0.0,-65.70513470900062,18.698407413657762
0.75,83244,photon,14,21.218662734025152,12,100000,0.99993,0.99993,7e-05,0.0,-71.69231618932209,19.52160897610313
0.75,83244,photon,15,22.85489371716872,1,100000,0.82369,0.82369,0.17631,0.0,-6.081899684353099,5.616465916905576
0.75,83244,photon,15,22.85489371716872,2,100000,0.91693,0.91693,0.08307,0.0,-12.077319450188156,7.947898462285289
0.75,83244,photon,15,22.85489371716872,3,100000,0.96204,0.96204,0.03796,0.0,-18.136229424561293,9.74238641393688
0.75,83244,photon,15,22.85489371716872,4,100000,0.9816,0.9816,0.0184,0.0,-24.14855670584569,11.272769775622164
0.75,83244,photon,15,22.85489371716872,5,100000,0.99022,0.99022,0.00978,0.0,-30.15197362268998,12.602832336755332
0.75,83244,photon,15,22.85489371716872,6,100000,0.99488,0.99488,0.00512,0.0,-36.145138277571256,13.796195857924728
0.75,83244,photon,15,22.85489371716872,7,100000,0.99735,0.99735,0.00265,0.0,-42.148281326458424,14.934648175687206
0.75,83244,photon,15,22.85489371716872,8,100000,0.99873,0.99873,0.00127,0.0,-48.15581082831346,15.974106571009582
0.75,83244,photon,15,22.85489371716872,9,100000,0.99934,0.99934,0.00066,0.0,-54.17987859530422,16.947296792806398
0.75,83244,photon,15,22.85489371716872,10,100000,0.99962,0.99962,0.00038,0.0,-60.181418617447015,17.867902423926413
0.75,83244,photon,15,22.85489371716872,11,100000,0.99983,0.99983,0.00017,0.0,-66.20060610536598,18.73302270510034
0.75,83244,photon,15,22.85489371716872,12,100000,0.99989,0.99989,0.00011,0.0,-72.19461933671764,19.580949022310076
0.75,83244,photon,16,24.617299090459206,1,100000,0.82233,0.82233,0.17767,0.0,-6.1078580459713026,5.626137599205526
0.75,83244,photon,16,24.617299090459206,2,100000,0.91639,0.91639,0.08361,0.0,-12.12597135746479,7.955911097548208
0.75,83244,photon,16,24.617299090459206,3,100000,0.96127,0.96127,0.03873,0.0,-18.192833502964255,9.754702883670538
0.75,83244,photon,16,24.617299090459206,4,100000,0.98111,0.98111,0.01889,0.0,-24.226692778776044,11.27696944895454
0.75,83244,photon,16,24.617299090459206,5,100000,0.99103,0.99103,0.00897,0.0,-30.23210436164967,12.580006605618273
0.75,83244,photon,16,24.617299090459206,6,100000,0.99528,0.99528,0.00472,0.0,-36.219585194081894,13.806928268343192
0.75,83244,photon,16,24.617299090459206,7,100000,0.99749,0.99749,0.00251,0.0,-42.237600316022274,14.916619401842711
0.75,83244,photon,16,24.617299090459206,8,100000,0.99884,0.99884,0.00116,0.0,-48.258317267731165,15.93292613835028
0.75,83244,photon,16,24.617299090459206,9,100000,0.99932,0.99932,0.00068,0.0,-54.246429766821294,16.895812499328418
0.75,83244,photon,16,24.617299090459206,10,100000,0.99969,0.99969,0.00031,0.0,-60.2759279925897,17.822886861717443
0.75,83244,photon,16,24.617299090459206,11,100000,0.9999,0.9999,0.0001,0.0,-66.28036831176655,18.692778423129784
0.75,83244,photon,16,24.617299090459206,12,100000,0.99995,0.99995,5e-05,0.0,-72.29145778794768,19.533136824612292
0.75,83244,photon,17,26.515608517307804,1,100000,0.82359,0.82359,0.17641,0.0,-6.104229080169439,5.62188543998268
0.75,83244,photon,17,26.515608517307804,2,100000,0.91787,0.91787,0.08213,0.0,-12.153824968035135,7.93539307934411
0.75,83244,photon,17,26.515608517307804,3,100000,0.96255,0.96255,0.03745,0.0,-18.199609880773842,9.736183889826622
0.75,83244,photon,17,26.515608517307804,4,100000,0.98251,0.98251,0.01749,0.0,-24.243330998892638,11.254416454320662
0.75,83244,photon,17,26.515608517307804,5,100000,0.99081,0.99081,0.00919,0.0,-30.276684226278867,12.582711894485513
0.75,83244,photon,17,26.515608517307804,6,100000,0.99534,0.99534,0.00466,0.0,-36.293570178588304,13.758412848677063
0.75,83244,photon,17,26.515608517307804,7,100000,0.99737,0.99737,0.00263,0.0,-42.35774766307047,14.869847151386887
0.75,83244,photon,17,26.515608517307804,8,100000,0.99875,0.99875,0.00125,0.0,-48.36459437050448,15.886049397726277
0.75,83244,photon,17,26.515608517307804,9,100000,0.99938,0.99938,0.00062,0.0,-54.38558310518894,16.85822305213639
0.75,83244,photon,17,26.515608517307804,10,100000,0.99961,0.99961,0.00039,0.0,-60.42314074428752,17.774886069148202
0.75,83244,photon,17,26.515608517307804,11,100000,0.99979,0.99979,0.00021,0.0,-66.45741043390736,18.655646179696618
0.75,83244,photon,17,26.515608517307804,12,100000,0.99991,0.99991,9e-05,0.0,-72.50161906346388,19.472071837258675
0.75,83244,photon,18,28.560301942937947,1,100000,0.82547,0.82547,0.17453,0.0,-6.135563542948194,5.611775395555239
0.75,83244,photon,18,28.560301942937947,2,100000,0.91996,0.91996,0.08004,0.0,-12.22781512873019,7.936522359998484
0.75,83244,photon,18,28.560301942937947,3,100000,0.96293,0.96293,0.03707,0.0,-18.307655334006817,9.711709489750673
0.75,83244,photon,18,28.560301942937947,4,100000,0.98239,0.98239,0.01761,0.0,-24.350336357230983,11.213278621070243
0.75,83244,photon,18,28.560301942937947,5,100000,0.99171,0.99171,0.00829,0.0,-30.41273906446407,12.547762442274456
0.75,83244,photon,18,28.560301942937947,6,100000,0.9957,0.9957,0.0043,0.0,-36.469071000121666,13.752060620999515
0.75,83244,photon,18,28.560301942937947,7,100000,0.9979,0.9979,0.0021,0.0,-42.54357863003396,14.862279738759797
0.75,83244,photon,18,28.560301942937947,8,100000,0.99893,0.99893,0.00107,0.0,-48.55615507198545,15.87380672154773
0.75,83244,photon,18,28.560301942937947,9,100000,0.9994,0.9994,0.0006,0.0,-54.61364379133857,16.846184988673155
0.75,83244,photon,18,28.560301942937947,10,100000,0.9997,0.9997,0.0003,0.0,-60.6546641419976,17.785283520943818
0.75,83244,photon,18,28.560301942937947,11,100000,0.99986,0.99986,0.00014,0.0,-66.69915314202972,18.6210798801739
0.75,83244,photon,18,28.560301942937947,12,100000,0.99991,0.99991,9e-05,0.0,-72.78927026494641,19.441184436105004
0.75,83244,photon,19,30.762667450733804,1,100000,0.82179,0.82179,0.17821,0.0,-6.092743567135525,5.629853033382435
0.75,83244,photon,19,30.762667450733804,2,100000,0.91759,0.91759,0.08241,0.0,-12.158714007258972,7.937588725516713
0.75,83244,photon,19,30.762667450733804,3,100000,0.96298,0.96298,0.03702,0.0,-18.29129717454584,9.712838293698988
0.75,83244,photon,19,30.762667450733804,4,100000,0.98242,0.98242,0.01758,0.0,-24.34855738197185,11.250942408315069
0.75,83244,photon,19,30.762667450733804,5,100000,0.9912,0.9912,0.0088,0.0,-30.425555484705825,12.579216249228205
0.75,83244,photon,19,30.762667450733804,6,100000,0.99553,0.99553,0.00447,0.0,-36.50819063602272,13.753905923242058
0.75,83244,photon,19,30.762667450733804,7,100000,0.99778,0.99778,0.00222,0.0,-42.57738479217624,14.872352213318697
0.75,83244,photon,19,30.762667450733804,8,100000,0.99877,0.99877,0.00123,0.0,-48.64872512489805,15.88837511188942
0.75,83244,photon,19,30.762667450733804,9,100000,0.99938,0.99938,0.00062,0.0,-54.7436898683581,16.855597683304364
0.75,83244,photon,19,30.762667450733804,10,100000,0.99968,0.99968,0.00032,0.0,-60.79870726067021,17.79237109224685
0.75,83244,photon,19,30.762667450733804,11,100000,0.99985,0.99985,0.00015,0.0,-66.86312857360761,18.66943886739099
0.75,83244,photon,19,30.762667450733804,12,100000,0.99992,0.99992,8e-05,0.0,-72.95474234538749,19.518843830274463
0.75,83244,su2,0,7.499999999999999,1,100000,0.87646,0.12354,0.87646,0.0,2.744038535474406,1.9902572547710997
0.75,83244,su2,0,7.499999999999999,2,100000,0.95247,0.04753,0.95247,0.0,5.4602015821575085,2.8123544675817196
0.75,83244,su2,0,7.499999999999999,3,100000,0.97692,0.02308,0.97692,0.0,8.192815933022713,3.440226837902696
0.75,83244,su2,0,7.499999999999999,4,100000,0.98672,0.01328,0.98672,0.0,10.908093039093805,3.9760311889426156
0.75,83244,su2,0,7.499999999999999,5,100000,0.99232,0.00768,0.99232,0.0,13.612977606755166,4.460182933707056
0.75,83244,su2,0,7.499999999999999,6,100000,0.99583,0.00417,0.99583,0.0,16.335423946919093,4.884608354911721
0.75,83244,su2,0,7.499999999999999,7,100000,0.99751,0.00249,0.99751,0.0,19.044538492732745,5.289525700973086
0.75,83244,su2,0,7.499999999999999,8,100000,0.99857,0.00143,0.99857,0.0,21.760516032734095,5.641581506173929
0.75,83244,su2,0,7.499999999999999,9,100000,0.99921,0.00079,0.99921,0.0,24.473019151737713,5.9847048284995825
0.75,83244,su2,0,7.499999999999999,10,100000,0.99952,0.00048,0.99952,0.0,27.18056006028857,6.3164032146894815
0.75,83244,su2,0,7.499999999999999,11,100000,0.99968,0.00032,0.99968,0.0,29.906981906346022,6.614251284348239
0.75,83244,su2,0,7.499999999999999,12,100000,0.9998,0.0002,0.9998,0.0,32.619681612120154,6.914311759890634
0.75,83244,su2,1,8.913144807036554,1,100000,0.87459,0.12541,0.87459,0.0,2.7300449570633214,1.9906867457983595
0.75,83244,su2,1,8.913144807036554,2,100000,0.9504,0.0496,0.9504,0.0,5.433843288855355,2.820556319135423
0.75,83244,su2,1,8.913144807036554,3,100000,0.97615,0.02385,0.97615,0.0,8.139113282643676,3.4599459859923734
0.75,83244,su2,1,8.913144807036554,4,100000,0.9862,0.0138,0.9862,0.0,10.843020811820205,3.99690094441175
0.75,83244,su2,1,8.913144807036554,5,100000,0.99216,0.00784,0.99216,0.0,13.537525578279736,4.4768914891556575
0.75,83244,su2,1,8.913144807036554,6,100000,0.99577,0.00423,0.99577,0.0,16.242381163696347,4.892087412990888
0.75,83244,su2,1,8.913144807036554,7,100000,0.9976,0.0024,0.9976,0.0,18.95006389108741,5.2836796913903425
0.75,83244,su2,1,8.913144807036554,8,100000,0.99881,0.00119,0.99881,0.0,21.663092053563805,5.644441733229787
0.75,83244,su2,1,8.913144807036554,9,100000,0.99924,0.00076,0.99924,0.0,24.37025563232314,5.992855967536054
0.75,83244,su2,1,8.913144807036554,10,100000,0.9996,0.0004,0.9996,0.0,27.070245078670094,6.312112735157287
0.75,83244,su2,1,8.913144807036554,11,100000,0.99974,0.00026,0.99974,0.0,29.761398971911586,6.62749119559713
0.75,83244,su2,1,8.913144807036554,12,100000,0.99984,0.00016,0.99984,0.0,32.464279296905374,6.923122994958927
0.75,83244,su2,2,10.592553380160359,1,100000,0.87354,0.12646,0.87354,0.0,2.7281367016915876,1.9964437421706445
0.75,83244,su2,2,10.592553380160359,2,100000,0.95097,0.04903,0.95097,0.0,5.426583268647466,2.82358661492243
0.75,83244,su2,2,10.592553380160359,3,100000,0.9754,0.0246,0.9754,0.0,8.12931190691181,3.4566675394367827
0.75,83244,su2,2,10.592553380160359,4,100000,0.98598,0.01402,0.98598,0.0,10.821946078191441,3.988709281321768
0.75,83244,su2,2,10.592553380160359,5,100000,0.99212,0.00788,0.99212,0.0,13.516705147497142,4.46220682256135
0.75,83244,su2,2,10.592553380160359,6,100000,0.99526,0.00474,0.99526,0.0,16.22502194951814,4.891114916482926
0.75,83244,su2,2,10.592553380160359,7,100000,0.99727,0.00273,0.99727,0.0,18.922177783346275,5.281889206080014
0.75,83244,su2,2,10.592553380160359,8,100000,0.99847,0.00153,0.99847,0.0,21.608918681140036,5.639586921641898
0.75,83244,su2,2,10.592553380160359,9,100000,0.99918,0.00082,0.99918,0.0,24.305894066096158,5.993271375801017
0.75,83244,su2,2,10.592553380160359,10,100000,0.99948,0.00052,0.99948,0.0,27.005633217220964,6.317636758688847
0.75,83244,su2,2,10.592553380160359,11,100000,0.99974,0.00026,0.99974,0.0,29.704057645606376,6.616726922500374
0.75,83244,su2,2,10.592553380160359,12,100000,0.99992,8e-05,0.99992,0.0,32.39945257230639,6.9049753803707015
0.75,83244,su2,3,12.588394953817843,1,100000,0.87203,0.12797,0.87203,0.0,2.712431680376276,1.9927652835692165
0.75,83244,su2,3,12.588394953817843,2,100000,0.9497,0.0503,0.9497,0.0,5.405980319034735,2.8261912689002027
0.75,83244,su2,3,12.588394953817843,3,100000,0.97497,0.02503,0.97497,0.0,8.09041908297033,3.4745551721339125
0.75,83244,su2,3,12.588394953817843,4,100000,0.9853,0.0147,0.9853,0.0,10.775171455531513,4.020791645857896
0.75,83244,su2,3,12.588394953817843,5,100000,0.99166,0.00834,0.99166,0.0,13.459361304136912,4.49654590230219
0.75,83244,su2,3,12.588394953817843,6,100000,0.99508,0.00492,0.99508,0.0,16.138639878318536,4.940086277297457
0.75,83244,su2,3,12.588394953817843,7,100000,0.9971,0.0029,0.9971,0.0,18.82652691664445,5.341470578581578
0.75,83244,su2,3,12.588394953817843,8,100000,0.99839,0.00161,0.99839,0.0,21.507916940854347,5.703538348438317
0.75,83244,su2,3,12.588394953817843,9,100000,0.99918,0.00082,0.99918,0.0,24.193133132658517,6.057414509288328
0.75,83244,su2,3,12.588394953817843,10,100000,0.99955,0.00045,0.99955,0.0,26.87866691658443,6.377324892719424
0.75,83244,su2,3,12.588394953817843,11,100000,0.99983,0.00017,0.99983,0.0,29.552466977673514,6.685447825106414
0.75,83244,su2,3,12.588394953817843,12,100000,0.99988,0.00012,0.99988,0.0,32.23270005531701,6.985201357011937
0.75,83244,su2,4,14.960291614872897,1,100000,0.87063,0.12937,0.87063,0.0,2.705536113836349,2.008886045352902
0.75,83244,su2,4,14.960291614872897,2,100000,0.94901,0.05099,0.94901,0.0,5.386710064326902,2.8588119344721323
0.75,83244,su2,4,14.960291614872897,3,100000,0.97357,0.02643,0.97357,0.0,8.059922184134416,3.5032559864923343
0.75,83244,su2,4,14.960291614872897,4,100000,0.98546,0.01454,0.98546,0.0,10.74408638380218,4.033674522551818
0.75,83244,su2,4,14.960291614872897,5,100000,0.99158,0.00842,0.99158,0.0,13.422312245538649,4.509980368653107
0.75,83244,su2,4,14.960291614872897,6,100000,0.99506,0.00494,0.99506,0.0,16.100982351089698,4.940429401674604
0.75,83244,su2,4,14.960291614872897,7,100000,0.99723,0.00277,0.99723,0.0,18.78543282037887,5.335847221143528
0.75,83244,su2,4,14.960291614872897,8,100000,0.9984,0.0016,0.9984,0.0,21.463183836993213,5.706337041621437
0.75,83244,su2,4,14.960291614872897,9,100000,0.99912,0.00088,0.99912,0.0,24.145473732303508,6.04541633243134
0.75,83244,su2,4,14.960291614872897,10,100000,0.99948,0.00052,0.99948,0.0,26.832031873463034,6.377620548463157
0.75,83244,su2,4,14.960291614872897,11,100000,0.99969,0.00031,0.99969,0.0,29.513824561795307,6.6856842264169405
0.75,83244,su2,4,14.960291614872897,12,100000,0.99981,0.00019,0.99981,0.0,32.190823610113796,6.982299038394742
0.75,83244,su2,5,17.779099402514248,1,100000,0.8723,0.1277,0.8723,0.0,2.7148096626559326,1.9960500089758797
0.75,83244,su2,5,17.779099402514248,2,100000,0.94915,0.05085,0.94915,0.0,5.3964373057610056,2.8272458190420573
0.75,83244,su2,5,17.779099402514248,3,100000,0.97558,0.02442,0.97558,0.0,8.08333994527393,3.457390374975443
0.75,83244,su2,5,17.779099402514248,4,100000,0.98622,0.01378,0.98622,0.0,10.769779666211614,3.9947799120386747
0.75,83244,su2,5,17.779099402514248,5,100000,0.99199,0.00801,0.99199,0.0,13.451291069839439,4.475603969720905
0.75,83244,su2,5,17.779099402514248,6,100000,0.99558,0.00442,0.99558,0.0,16.14016001161417,4.899859935399576
0.75,83244,su2,5,17.779099402514248,7,100000,0.99756,0.00244,0.99756,0.0,18.821750278305004,5.293665743941264
0.75,83244,su2,5,17.779099402514248,8,100000,0.99883,0.00117,0.99883,0.0,21.500221541492945,5.654857644953079
0.75,83244,su2,5,17.779099402514248,9,100000,0.9993,0.0007,0.9993,0.0,24.174251835759733,6.010856575971358
0.75,83244,su2,5,17.779099402514248,10,100000,0.99954,0.00046,0.99954,0.0,26.84466137348539,6.333885383548383
0.75,83244,su2,5,17.779099402514248,11,100000,0.99975,0.00025,0.99975,0.0,29.52278244088352,6.650711000916253
0.75,83244,su2,5,17.779099402514248,12,100000,0.99984,0.00016,0.99984,0.0,32.20621236498191,6.939558484111093
0.75,83244,su2,6,21.129025001774206,1,100000,0.87107,0.12893,0.87107,0.0,2.6938593054850264,2.0127133472161556
0.75,83244,su2,6,21.129025001774206,2,100000,0.94808,0.05192,0.94808,0.0,5.3856239161659625,2.837304180103808
0.75,83244,su2,6,21.129025001774206,3,100000,0.97482,0.02518,0.97482,0.0,8.065118410648953,3.4786427525942583
0.75,83244,su2,6,21.129025001774206,4,100000,0.98556,0.01444,0.98556,0.0,10.732806800659787,4.019144458835806
0.75,83244,su2,6,21.129025001774206,5,100000,0.99165,0.00835,0.99165,0.0,13.406649286984925,4.503526714755838
0.75,83244,su2,6,21.129025001774206,6,100000,0.99506,0.00494,0.99506,0.0,16.08303116838045,4.945934800317842
0.75,83244,su2,6,21.129025001774206,7,100000,0.99726,0.00274,0.99726,0.0,18.76084358581602,5.345477422181089
0.75,83244,su2,6,21.129025001774206,8,100000,0.99831,0.00169,0.99831,0.0,21.441408773101713,5.708917495012208
0.75,83244,su2,6,21.129025001774206,9,100000,0.99917,0.00083,0.99917,0.0,24.117999394004265,6.0593713121274675
0.75,83244,su2,6,21.129025001774206,10,100000,0.99945,0.00055,0.99945,0.0,26.784967110762206,6.3976729522352835
0.75,83244,su2,6,21.129025001774206,11,100000,0.99966,0.00034,0.99966,0.0,29.4599341584105,6.710089843004946
0.75,83244,su2,6,21.129025001774206,12,100000,0.99986,0.00014,0.99986,0.0,32.12305835280856,7.003499720853902
0.75,83244,su2,7,25.110141262974583,1,100000,0.87098,0.12902,0.87098,0.0,2.7009972330170435,2.005391486150795
0.75,83244,su2,7,25.110141262974583,2,100000,0.94879,0.05121,0.94879,0.0,5.383000708088878,2.8390941061817694
0.75,83244,su2,7,25.110141262974583,3,100000,0.97485,0.02515,0.97485,0.0,8.061031698713146,3.4793014766083594
0.75,83244,su2,7,25.110141262974583,4,100000,0.98548,0.01452,0.98548,0.0,10.733988662063766,4.018365702081299
0.75,83244,su2,7,25.110141262974583,5,100000,0.9919,0.0081,0.9919,0.0,13.399797168564188,4.495554581427328
0.75,83244,su2,7,25.110141262974583,6,100000,0.99517,0.00483,0.99517,0.0,16.065865676191695,4.923261602154988
0.75,83244,su2,7,25.110141262974583,7,100000,0.99729,0.00271,0.99729,0.0,18.72468724817161,5.32248091186944
0.75,83244,su2,7,25.110141262974583,8,100000,0.99852,0.00148,0.99852,0.0,21.390563733448786,5.69854604435685
0.75,83244,su2,7,25.110141262974583,9,100000,0.99914,0.00086,0.99914,0.0,24.065571154418954,6.038071094418003
0.75,83244,su2,7,25.110141262974583,10,100000,0.99954,0.00046,0.99954,0.0,26.73245206089099,6.373140182906384
0.75,83244,su2,7,25.110141262974583,11,100000,0.99968,0.00032,0.99968,0.0,29.408764043813846,6.672778301761581
0.75,83244,su2,7,25.110141262974583,12,100000,0.9998,0.0002,0.9998,0.0,32.07432384947251,6.973105044950617
0.75,83244,su2,8,29.84137669360484,1,100000,0.87088,0.12912,0.87088,0.0,2.7107722757524053,1.9902839549368332
0.75,83244,su2,8,29.84137669360484,2,100000,0.94861,0.05139,0.94861,0.0,5.383771052829676,2.841313606398531
0.75,83244,su2,8,29.84137669360484,3,100000,0.97438,0.02562,0.97438,0.0,8.058553623547311,3.4878796295086247
0.75,83244,su2,8,29.84137669360484,4,100000,0.98595,0.01405,0.98595,0.0,10.725697438066174,4.028621020610648
0.75,83244,su2,8,29.84137669360484,5,100000,0.99173,0.00827,0.99173,0.0,13.3829649000028,4.518441429680705
0.75,83244,su2,8,29.84137669360484,6,100000,0.99527,0.00473,0.99527,0.0,16.057000646794123,4.9442412516025795
0.75,83244,su2,8,29.84137669360484,7,100000,0.99748,0.00252,0.99748,0.0,18.725880940054235,5.33165319563816
0.75,83244,su2,8,29.84137669360484,8,100000,0.99852,0.00148,0.99852,0.0,21.395248724210177,5.70125931682768
0.75,83244,su2,8,29.84137669360484,9,100000,0.99914,0.00086,0.99914,0.0,24.06249727738679,6.063774577633147
0.75,83244,su2,8,29.84137669360484,10,100000,0.99949,0.00051,0.99949,0.0,26.73412888619818,6.389860918034418
0.75,83244,su2,8,29.84137669360484,11,100000,0.99976,0.00024,0.99976,0.0,29.40644597815999,6.70215234734845
0.75,83244,su2,8,29.84137669360484,12,100000,0.99987,0.00013,0.99987,0.0,32.06732360371311,6.993158305264067
0.75,83244,su2,9,35.46406822819008,1,100000,0.87165,0.12835,0.87165,0.0,2.698784157189851,2.008100503184795
0.75,83244,su2,9,35.46406822819008,2,100000,0.94782,0.05218,0.94782,0.0,5.3543639235385365,2.861831735413579
0.75,83244,su2,9,35.46406822819008,3,100000,0.97298,0.02702,0.97298,0.0,8.008256012817712,3.5211280299356646
0.75,83244,su2,9,35.46406822819008,4,100000,0.98435,0.01565,0.98435,0.0,10.684846311722454,4.051574890715173
0.75,83244,su2,9,35.46406822819008,5,100000,0.99095,0.00905,0.99095,0.0,13.338192166036395,4.52130136066723
0.75,83244,su2,9,35.46406822819008,6,100000,0.99501,0.00499,0.99501,0.0,15.994622139336867,4.957960128975279
0.75,83244,su2,9,35.46406822819008,7,100000,0.9971,0.0029,0.9971,0.0,18.64255663437362,5.360969682598353
0.75,83244,su2,9,35.46406822819008,8,100000,0.99833,0.00167,0.99833,0.0,21.307841263735032,5.7263884962136
0.75,83244,su2,9,35.46406822819008,9,100000,0.99891,0.00109,0.99891,0.0,23.96915628947787,6.081468398058176
0.75,83244,su2,9,35.46406822819008,10,100000,0.99947,0.00053,0.99947,0.0,26.62927565246576,6.420239766732294
0.75,83244,su2,9,35.46406822819008,11,100000,0.99974,0.00026,0.99974,0.0,29.295534135227516,6.7390270442625715
0.75,83244,su2,9,35.46406822819008,12,100000,0.9998,0.0002,0.9998,0.0,31.966587823946764,7.022362873569279
0.75,83244,su2,10,42.14618340859766,1,100000,0.86875,0.13125,0.86875,0.0,2.685239260861809,2.030998307188233
0.75,83244,su2,10,42.14618340859766,2,100000,0.9481,0.0519,0.9481,0.0,5.3498623696015395,2.867821684719266
0.75,83244,su2,10,42.14618340859766,3,100000,0.97324,0.02676,0.97324,0.0,8.013779866199227,3.508693210371411
0.75,83244,su2,10,42.14618340859766,4,100000,0.98449,0.01551,0.98449,0.0,10.670000876608633,4.0498479033840304
0.75,83244,su2,10,42.14618340859766,5,100000,0.99084,0.00916,0.99084,0.0,13.316162222667664,4.538328178993539
0.75,83244,su2,10,42.14618340859766,6,100000,0.99474,0.00526,0.99474,0.0,15.97578080388421,4.966240912098036
0.75,83244,su2,10,42.14618340859766,7,100000,0.99688,0.00312,0.99688,0.0,18.63040965679681,5.354441744777212
0.75,83244,su2,10,42.14618340859766,8,100000,0.99816,0.00184,0.99816,0.0,21.283170463642165,5.737388020796895
0.75,83244,su2,10,42.14618340859766,9,100000,0.99911,0.00089,0.99911,0.0,23.947646157326833,6.081295779287521
0.75,83244,su2,10,42.14618340859766,10,100000,0.99935,0.00065,0.99935,0.0,26.60677639974491,6.425631997394326
0.75,83244,su2,10,42.14618340859766,11,100000,0.99966,0.00034,0.99966,0.0,29.259232131442257,6.737007917611503
0.75,83244,su2,10,42.14618340859766,12,100000,0.99976,0.00024,0.99976,0.0,31.906655635332296,7.039400937582277
0.75,83244,su2,11,50.08733810463367,1,100000,0.86705,0.13295,0.86705,0.0,2.6765161929282795,2.031540506347356
0.75,83244,su2,11,50.08733810463367,2,100000,0.94727,0.05273,0.94727,0.0,5.346243824488404,2.872954193530687
0.75,83244,su2,11,50.08733810463367,3,100000,0.97308,0.02692,0.97308,0.0,8.007817390894095,3.5121972488967503
0.75,83244,su2,11,50.08733810463367,4,100000,0.98429,0.01571,0.98429,0.0,10.673456547234194,4.064862191470616
0.75,83244,su2,11,50.08733810463367,5,100000,0.99064,0.00936,0.99064,0.0,13.337069788436667,4.541437220226788
0.75,83244,su2,11,50.08733810463367,6,100000,0.99447,0.00553,0.99447,0.0,15.996502057311782,4.968376914875671
0.75,83244,su2,11,50.08733810463367,7,100000,0.99699,0.00301,0.99699,0.0,18.660698348123027,5.352595967625163
0.75,83244,su2,11,50.08733810463367,8,100000,0.99836,0.00164,0.99836,0.0,21.320822125333944,5.718326459531717
0.75,83244,su2,11,50.08733810463367,9,100000,0.99906,0.00094,0.99906,0.0,23.97746265724695,6.065075041496316
0.75,83244,su2,11,50.08733810463367,10,100000,0.99953,0.00047,0.99953,0.0,26.633603543793058,6.395508407110844
0.75,83244,su2,11,50.08733810463367,11,100000,0.99973,0.00027,0.99973,0.0,29.288761124947783,6.708170426875338
0.75,83244,su2,11,50.08733810463367,12,100000,0.99983,0.00017,0.99983,0.0,31.947258207225087,7.005684682811941
0.75,83244,su2,12,59.52475967007999,1,100000,0.86958,0.13042,0.86958,0.0,2.684887106115412,2.023063842028366
0.75,83244,su2,12,59.52475967007999,2,100000,0.94706,0.05294,0.94706,0.0,5.349738757161709,2.8616201232111558
0.75,83244,su2,12,59.52475967007999,3,100000,0.97306,0.02694,0.97306,0.0,8.000157217732486,3.516137007950189
0.75,83244,su2,12,59.52475967007999,4,100000,0.98393,0.01607,0.98393,0.0,10.650832208363463,4.069587150298863
0.75,83244,su2,12,59.52475967007999,5,100000,0.991,0.009,0.991,0.0,13.307362394746004,4.543338336074561
0.75,83244,su2,12,59.52475967007999,6,100000,0.99467,0.00533,0.99467,0.0,15.969581518573,4.982739487424075
0.75,83244,su2,12,59.52475967007999,7,100000,0.99699,0.00301,0.99699,0.0,18.628165222360895,5.378695060774912
0.75,83244,su2,12,59.52475967007999,8,100000,0.99814,0.00186,0.99814,0.0,21.284109310478676,5.753674070135093
0.75,83244,su2,12,59.52475967007999,9,100000,0.99906,0.00094,0.99906,0.0,23.94148738399947,6.0900999644617375
0.75,83244,su2,12,59.52475967007999,10,100000,0.99942,0.00058,0.99942,0.0,26.60099016875024,6.412275069246811
0.75,83244,su2,12,59.52475967007999,11,100000,0.99975,0.00025,0.99975,0.0,29.249272124610652,6.727455856165047
0.75,83244,su2,12,59.52475967007999,12,100000,0.99982,0.00018,0.99982,0.0,31.91029464177438,7.033755150880922
0.75,83244,su2,13,70.74037367246298,1,100000,0.86785,0.13215,0.86785,0.0,2.6734882052318145,2.0332445661301755
0.75,83244,su2,13,70.74037367246298,2,100000,0.94504,0.05496,0.94504,0.0,5.334729616754285,2.8821419067669085
0.75,83244,su2,13,70.74037367246298,3,100000,0.97266,0.02734,0.97266,0.0,7.98335253018037,3.5428142706272943
0.75,83244,su2,13,70.74037367246298,4,100000,0.98302,0.01698,0.98302,0.0,10.626097587970959,4.092742641303507
0.75,83244,su2,13,70.74037367246298,5,100000,0.99066,0.00934,0.99066,0.0,13.277601409665653,4.57409293460365
0.75,83244,su2,13,70.74037367246298,6,100000,0.99449,0.00551,0.99449,0.0,15.93436895850915,5.015315741510591
0.75,83244,su2,13,70.74037367246298,7,100000,0.99692,0.00308,0.99692,0.0,18.582747608473706,5.407726776327888
0.75,83244,su2,13,70.74037367246298,8,100000,0.99825,0.00175,0.99825,0.0,21.236215681802197,5.7874259041716085
0.75,83244,su2,13,70.74037367246298,9,100000,0.99898,0.00102,0.99898,0.0,23.88228088023336,6.130862162506012
0.75,83244,su2,13,70.74037367246298,10,100000,0.99931,0.00069,0.99931,0.0,26.533932407385986,6.461678850765634
0.75,83244,su2,13,70.74037367246298,11,100000,0.99962,0.00038,0.99962,0.0,29.190423836565447,6.776109703040745
0.75,83244,su2,13,70.74037367246298,12,100000,0.99977,0.00023,0.99977,0.0,31.838669703202296,7.087608659201441
0.75,83244,su2,14,84.0692258995385,1,100000,0.86687,0.13313,0.86687,0.0,2.6785263944229873,2.0213906050510086
0.75,83244,su2,14,84.0692258995385,2,100000,0.94571,0.05429,0.94571,0.0,5.340117575925697,2.878058346943971
0.75,83244,su2,14,84.0692258995385,3,100000,0.97351,0.02649,0.97351,0.0,7.997000998233003,3.516395244613641
0.75,83244,su2,14,84.0692258995385,4,100000,0.98464,0.01536,0.98464,0.0,10.659490599388201,4.057037241031033
0.75,83244,su2,14,84.0692258995385,5,100000,0.99118,0.00882,0.99118,0.0,13.319031876570886,4.538033917894612
0.75,83244,su2,14,84.0692258995385,6,100000,0.99464,0.00536,0.99464,0.0,15.970958488350055,4.984238351158246
0.75,83244,su2,14,84.0692258995385,7,100000,0.99697,0.00303,0.99697,0.0,18.627203535016363,5.3734386602209065
0.75,83244,su2,14,84.0692258995385,8,100000,0.99821,0.00179,0.99821,0.0,21.28066984971842,5.737927170650721
0.75,83244,su2,14,84.0692258995385,9,100000,0.99906,0.00094,0.99906,0.0,23.939679953908445,6.0815386803411915
0.75,83244,su2,14,84.0692258995385,10,100000,0.99939,0.00061,0.99939,0.0,26.58830123221647,6.411570982263396
0.75,83244,su2,14,84.0692258995385,11,100000,0.99975,0.00025,0.99975,0.0,29.240601328193637,6.727738147240826
0.75,83244,su2,14,84.0692258995385,12,100000,0.99983,0.00017,0.99983,0.0,31.89999456123368,7.0373896567883705
0.75,83244,su2,15,99.90949123440735,1,100000,0.86691,0.13309,0.86691,0.0,2.6678382298081083,2.0464162687754355
0.75,83244,su2,15,99.90949123440735,2,100000,0.94509,0.05491,0.94509,0.0,5.328964254380045,2.8857048411913535
0.75,83244,su2,15,99.90949123440735,3,100000,0.97182,0.02818,0.97182,0.0,7.980622510198448,3.5373015722826455
0.75,83244,su2,15,99.90949123440735,4,100000,0.98377,0.01623,0.98377,0.0,10.637419504804297,4.078359423368784
0.75,83244,su2,15,99.90949123440735,5,100000,0.99123,0.00877,0.99123,0.0,13.282114430660185,4.55825852611911
0.75,83244,su2,15,99.90949123440735,6,100000,0.99489,0.00511,0.99489,0.0,15.942978208717102,4.992305134215616
0.75,83244,su2,15,99.90949123440735,7,100000,0.99705,0.00295,0.99705,0.0,18.582924409480967,5.395244833375971
0.75,83244,su2,15,99.90949123440735,8,100000,0.99826,0.00174,0.99826,0.0,21.233887646207066,5.767104915702326
0.75,83244,su2,15,99.90949123440735,9,100000,0.99888,0.00112,0.99888,0.0,23.8903900416177,6.109691776578164
0.75,83244,su2,15,99.90949123440735,10,100000,0.99944,0.00056,0.99944,0.0,26.539381183189132,6.438508076763605
0.75,83244,su2,15,99.90949123440735,11,100000,0.99966,0.00034,0.99966,0.0,29.186060395909468,6.747057446055135
0.75,83244,su2,15,99.90949123440735,12,100000,0.99989,0.00011,0.99989,0.0,31.834746418367136,7.047116994484311
0.75,83244,su2,16,118.73436839594959,1,100000,0.86667,0.13333,0.86667,0.0,2.672401324701923,2.035918565857854
0.75,83244,su2,16,118.73436839594959,2,100000,0.94575,0.05425,0.94575,0.0,5.327738578048205,2.891507959324172
0.75,83244,su2,16,118.73436839594959,3,100000,0.97247,0.02753,0.97247,0.0,7.979111793417817,3.5305290556720195
0.75,83244,su2,16,118.73436839594959,4,100000,0.98398,0.01602,0.98398,0.0,10.635774952740112,4.064454469800005
0.75,83244,su2,16,118.73436839594959,5,100000,0.99015,0.00985,0.99015,0.0,13.285009363900926,4.557297460010083
0.75,83244,su2,16,118.73436839594959,6,100000,0.99463,0.00537,0.99463,0.0,15.939172668224172,4.989944324174771
0.75,83244,su2,16,118.73436839594959,7,100000,0.99664,0.00336,0.99664,0.0,18.598275186887243,5.388575037375667
0.75,83244,su2,16,118.73436839594959,8,100000,0.99822,0.00178,0.99822,0.0,21.255828944169398,5.763215001105401
0.75,83244,su2,16,118.73436839594959,9,100000,0.99897,0.00103,0.99897,0.0,23.914346492956266,6.117202336834664
0.75,83244,su2,16,118.73436839594959,10,100000,0.9995,0.0005,0.9995,0.0,26.557611545848673,6.44254522328799
0.75,83244,su2,16,118.73436839594959,11,100000,0.9997,0.0003,0.9997,0.0,29.213291152476675,6.755855992003691
0.75,83244,su2,16,118.73436839594959,12,100000,0.99984,0.00016,0.99984,0.0,31.86799639539056,7.054697230780199
0.75,83244,su2,17,141.10621587801643,1,100000,0.86734,0.13266,0.86734,0.0,2.6737803803821665,2.0371757624460405
0.75,83244,su2,17,141.10621587801643,2,100000,0.94544,0.05456,0.94544,0.0,5.329861138303813,2.8880707563712122
0.75,83244,su2,17,141.10621587801643,3,100000,0.97275,0.02725,0.97275,0.0,7.984811685434179,3.526386493091756
0.75,83244,su2,17,141.10621587801643,4,100000,0.98427,0.01573,0.98427,0.0,10.636120254782625,4.062223947674479
0.75,83244,su2,17,141.10621587801643,5,100000,0.99062,0.00938,0.99062,0.0,13.284979893865895,4.566232886405117
0.75,83244,su2,17,141.10621587801643,6,100000,0.99447,0.00553,0.99447,0.0,15.929276441462804,4.996994250679782
0.75,83244,su2,17,141.10621587801643,7,100000,0.99667,0.00333,0.99667,0.0,18.578423091083405,5.400337306577608
0.75,83244,su2,17,141.10621587801643,8,100000,0.99797,0.00203,0.99797,0.0,21.216079973143724,5.778584248585046
0.75,83244,su2,17,141.10621587801643,9,100000,0.99902,0.00098,0.99902,0.0,23.858160059571425,6.135337759786337
0.75,83244,su2,17,141.10621587801643,10,100000,0.99947,0.00053,0.99947,0.0,26.498159356119874,6.478701217509849
0.75,83244,su2,17,141.10621587801643,11,100000,0.99959,0.00041,0.99959,0.0,29.134311901596437,6.7917434629515645
0.75,83244,su2,17,141.10621587801643,12,100000,0.9997,0.0003,0.9997,0.0,31.77484029689157,7.100450736876632
0.75,83244,su2,18,167.69335137249612,1,100000,0.86847,0.13153,0.86847,0.0,2.6846498292963785,2.0193036204993526
0.75,83244,su2,18,167.69335137249612,2,100000,0.94661,0.05339,0.94661,0.0,5.342073455795863,2.857605078543231
0.75,83244,su2,18,167.69335137249612,3,100000,0.97369,0.02631,0.97369,0.0,8.00007966324453,3.508127941643738
0.75,83244,su2,18,167.69335137249612,4,100000,0.98491,0.01509,0.98491,0.0,10.643300670818828,4.055502596773613
0.75,83244,su2,18,167.69335137249612,5,100000,0.99123,0.00877,0.99123,0.0,13.29993020430471,4.54007867901172
0.75,83244,su2,18,167.69335137249612,6,100000,0.99494,0.00506,0.99494,0.0,15.947320219707704,4.9774962226667885
0.75,83244,su2,18,167.69335137249612,7,100000,0.99701,0.00299,0.99701,0.0,18.587350474633187,5.387942704973185
0.75,83244,su2,18,167.69335137249612,8,100000,0.99813,0.00187,0.99813,0.0,21.23066694254792,5.7840739791698175
0.75,83244,su2,18,167.69335137249612,9,100000,0.99882,0.00118,0.99882,0.0,23.88724143251574,6.126220446237266
0.75,83244,su2,18,167.69335137249612,10,100000,0.9994,0.0006,0.9994,0.0,26.52625638594468,6.462942594331009
0.75,83244,su2,18,167.69335137249612,11,100000,0.99963,0.00037,0.99963,0.0,29.175207587565694,6.770305147132657
0.75,83244,su2,18,167.69335137249612,12,100000,0.99979,0.00021,0.99979,0.0,31.830458920999142,7.067535968387998
0.75,83244,su2,19,199.29001652804294,1,100000,0.86734,0.13266,0.86734,0.0,2.6742802982169773,2.0430094800322642
0.75,83244,su2,19,199.29001652804294,2,100000,0.94646,0.05354,0.94646,0.0,5.351765672183808,2.8728599117240483
0.75,83244,su2,19,199.29001652804294,3,100000,0.97273,0.02727,0.97273,0.0,8.009976640730525,3.5229129727492334
0.75,83244,su2,19,199.29001652804294,4,100000,0.9844,0.0156,0.9844,0.0,10.663142041368886,4.068338334860202
0.75,83244,su2,19,199.29001652804294,5,100000,0.99077,0.00923,0.99077,0.0,13.315116616729847,4.5501561331734575
0.75,83244,su2,19,199.29001652804294,6,100000,0.99505,0.00495,0.99505,0.0,15.969706855231655,4.9724350915993885
0.75,83244,su2,19,199.29001652804294,7,100000,0.99719,0.00281,0.99719,0.0,18.613646600020104,5.371889192548075
0.75,83244,su2,19,199.29001652804294,8,100000,0.99828,0.00172,0.99828,0.0,21.266501617906396,5.73452869133504
0.75,83244,su2,19,199.29001652804294,9,100000,0.99895,0.00105,0.99895,0.0,23.91762589291333,6.083939069448647
0.75,83244,su2,19,199.29001652804294,10,100000,0.99938,0.00062,0.99938,0.0,26.571510486898315,6.417447587572312
0.75,83244,su2,19,199.29001652804294,11,100000,0.99966,0.00034,0.99966,0.0,29.211284783534055,6.735357483330003
0.75,83244,su2,19,199.29001652804294,12,100000,0.99981,0.00019,0.99981,0.0,31.85585722960507,7.04189810757226
0.75,93247,photon,0,7.499999999999999,1,100000,0.79569,0.79569,0.20431,0.0,-5.476134905883184,5.689183735569593
0.75,93247,photon,0,7.499999999999999,2,100000,0.89348,0.89348,0.10652,0.0,-10.912429182198764,8.026727202414568
0.75,93247,photon,0,7.499999999999999,3,100000,0.9459,0.9459,0.0541,0.0,-16.348645458242956,9.823498916517805
0.75,93247,photon,0,7.499999999999999,4,100000,0.97205,0.97205,0.02795,0.0,-21.80828470360552,11.338403050153724
0.75,93247,photon,0,7.499999999999999,5,100000,0.98418,0.98418,0.01582,0.0,-27.21426894098705,12.64802921934555
0.75,93247,photon,0,7.499999999999999,6,100000,0.99126,0.99126,0.00874,0.0,-32.629309209612806,13.847687328986392
0.75,93247,photon,0,7.499999999999999,7,100000,0.99544,0.99544,0.00456,0.0,-38.073718124410306,14.937176453678783
0.75,93247,photon,0,7.499999999999999,8,100000,0.99726,0.99726,0.00274,0.0,-43.50630847433137,15.963274648342262
0.75,93247,photon,0,7.499999999999999,9,100000,0.99857,0.99857,0.00143,0.0,-48.93144164791023,16.963353000731967
0.75,93247,photon,0,7.499999999999999,10,100000,0.99926,0.99926,0.00074,0.0,-54.362180775825614,17.906427932381817
0.75,93247,photon,0,7.499999999999999,11,100000,0.99949,0.99949,0.00051,0.0,-59.791774052940404,18.76617429063811
0.75,93247,photon,0,7.499999999999999,12,100000,0.99978,0.99978,0.00022,0.0,-65.18565014954363,19.618218091814363
0.75,93247,photon,1,8.078346172301348,1,100000,0.7992,0.7992,0.2008,0.0,-5.541033604661137,5.682339227254739
0.75,93247,photon,1,8.078346172301348,2,100000,0.89746,0.89746,0.10254,0.0,-11.054393937759865,8.008372969007647
0.75,93247,photon,1,8.078346172301348,3,100000,0.94639,0.94639,0.05361,0.0,-16.55836007949588,9.830773908282273
0.75,93247,photon,1,8.078346172301348,4,100000,0.9724,0.9724,0.0276,0.0,-22.055556109977566,11.316225778364522
0.75,93247,photon,1,8.078346172301348,5,100000,0.98495,0.98495,0.01505,0.0,-27.571344780395073,12.642275037099989
0.75,93247,photon,1,8.078346172301348,6,100000,0.99135,0.99135,0.00865,0.0,-33.033989660290594,13.84376020817592
0.75,93247,photon,1,8.078346172301348,7,100000,0.99531,0.99531,0.00469,0.0,-38.500784660237834,14.928817942463134
0.75,93247,photon,1,8.078346172301348,8,100000,0.99745,0.99745,0.00255,0.0,-43.96274576241467,15.952983367311072
0.75,93247,photon,1,8.078346172301348,9,100000,0.99849,0.99849,0.00151,0.0,-49.4605213756046,16.88946219339356
0.75,93247,photon,1,8.078346172301348,10,100000,0.99918,0.99918,0.00082,0.0,-54.90891267480378,17.792349807235283
0.75,93247,photon,1,8.078346172301348,11,100000,0.99944,0.99944,0.00056,0.0,-60.350694834786005,18.650887221070356
0.75,93247,photon,1,8.078346172301348,12,100000,0.99976,0.99976,0.00024,0.0,-65.84796376060713,19.454546118757815
0.75,93247,photon,2,8.70129025060478,1,100000,0.80228,0.80228,0.19772,0.0,-5.622094196389645,5.675593301923337
0.75,93247,photon,2,8.70129025060478,2,100000,0.89931,0.89931,0.10069,0.0,-11.172119902172458,8.010368728135722
0.75,93247,photon,2,8.70129025060478,3,100000,0.94799,0.94799,0.05201,0.0,-16.743235184786258,9.818946588885055
0.75,93247,photon,2,8.70129025060478,4,100000,0.97347,0.97347,0.02653,0.0,-22.24677999988479,11.327895405477456
0.75,93247,photon,2,8.70129025060478,5,100000,0.98541,0.98541,0.01459,0.0,-27.802084468863303,12.676282876156892
0.75,93247,photon,2,8.70129025060478,6,100000,0.99199,0.99199,0.00801,0.0,-33.37999186593311,13.896111166186385
0.75,93247,photon,2,8.70129025060478,7,100000,0.99549,0.99549,0.00451,0.0,-38.94187156098038,14.990861047576695
0.75,93247,photon,2,8.70129025060478,8,100000,0.99755,0.99755,0.00245,0.0,-44.48916967096877,15.997489893373704
0.75,93247,photon,2,8.70129025060478,9,100000,0.99871,0.99871,0.00129,0.0,-50.04963037197508,16.963388785641868
0.75,93247,photon,2,8.70129025060478,10,100000,0.99928,0.99928,0.00072,0.0,-55.60832141759005,17.872709791767218
0.75,93247,photon,2,8.70129025060478,11,100000,0.99957,0.99957,0.00043,0.0,-61.14799736475961,18.74489762295619
0.75,93247,photon,2,8.70129025060478,12,100000,0.99976,0.99976,0.00024,0.0,-66.63326494852949,19.559030905491262
0.75,93247,photon,3,9.372271305340822,1,100000,0.80182,0.80182,0.19818,0.0,-5.6388012006343295,5.681615872797854
0.75,93247,photon,3,9.372271305340822,2,100000,0.90006,0.90006,0.09994,0.0,-11.255842818413374,8.026693737428056
0.75,93247,photon,3,9.372271305340822,3,100000,0.94992,0.94992,0.05008,0.0,-16.867896070759883,9.81122870542503
0.75,93247,photon,3,9.372271305340822,4,100000,0.97401,0.97401,0.02599,0.0,-22.446223907559347,11.338712852944216
0.75,93247,photon,3,9.372271305340822,5,100000,0.98611,0.98611,0.01389,0.0,-28.020485619140054,12.685084728659787
0.75,93247,photon,3,9.372271305340822,6,100000,0.99183,0.99183,0.00817,0.0,-33.62255547365567,13.88466801561148
0.75,93247,photon,3,9.372271305340822,7,100000,0.99561,0.99561,0.00439,0.0,-39.181577825728944,14.983396774198617
0.75,93247,photon,3,9.372271305340822,8,100000,0.99768,0.99768,0.00232,0.0,-44.76186664375722,16.027773205063884
0.75,93247,photon,3,9.372271305340822,9,100000,0.99867,0.99867,0.00133,0.0,-50.32939535639157,17.007427802132447
0.75,93247,photon,3,9.372271305340822,10,100000,0.99916,0.99916,0.00084,0.0,-55.889869845182545,17.909836650996777
0.75,93247,photon,3,9.372271305340822,11,100000,0.99949,0.99949,0.00051,0.0,-61.45126930847207,18.797475272682448
0.75,93247,photon,3,9.372271305340822,12,100000,0.99975,0.99975,0.00025,0.0,-67.06179412591514,19.64394450296644
0.75,93247,photon,4,10.094993603369304,1,100000,0.80586,0.80586,0.19414,0.0,-5.6813886222482335,5.673662087781163
0.75,93247,photon,4,10.094993603369304,2,100000,0.90106,0.90106,0.09894,0.0,-11.3125252216983,8.007279080804317
0.75,93247,photon,4,10.094993603369304,3,100000,0.95157,0.95157,0.04843,0.0,-16.982821316560923,9.789030534515181
0.75,93247,photon,4,10.094993603369304,4,100000,0.97584,0.97584,0.02416,0.0,-22.622706250396046,11.282848032907687
0.75,93247,photon,4,10.094993603369304,5,100000,0.98701,0.98701,0.01299,0.0,-28.294436931673772,12.634419600099882
0.75,93247,photon,4,10.094993603369304,6,100000,0.99305,0.99305,0.00695,0.0,-33.9148688825009,13.820520155734757
0.75,93247,photon,4,10.094993603369304,7,100000,0.99633,0.99633,0.00367,0.0,-39.54324493012869,14.907458796817254
0.75,93247,photon,4,10.094993603369304,8,100000,0.99781,0.99781,0.00219,0.0,-45.18582812920812,15.953455254692322
0.75,93247,photon,4,10.094993603369304,9,100000,0.99885,0.99885,0.00115,0.0,-50.80114534482526,16.95029087057527
0.75,93247,photon,4,10.094993603369304,10,100000,0.99927,0.99927,0.00073,0.0,-56.41491037592442,17.867778392734543
0.75,93247,photon,4,10.094993603369304,11,100000,0.99963,0.99963,0.00037,0.0,-62.042026218539355,18.73601492236907
0.75,93247,photon,4,10.094993603369304,12,100000,0.99978,0.99978,0.00022,0.0,-67.66522309449923,19.56992179947929
0.75,93247,photon,5,10.873447058024672,1,100000,0.80925,0.80925,0.19075,0.0,-5.779072179463883,5.664510965454706
0.75,93247,photon,5,10.873447058024672,2,100000,0.9039,0.9039,0.0961,0.0,-11.480264747733623,8.023143946636417
0.75,93247,photon,5,10.873447058024672,3,100000,0.95287,0.95287,0.04713,0.0,-17.197036555805933,9.819260494425711
0.75,93247,photon,5,10.873447058024672,4,100000,0.97639,0.97639,0.02361,0.0,-22.91173688753973,11.355183379067334
0.75,93247,photon,5,10.873447058024672,5,100000,0.98728,0.98728,0.01272,0.0,-28.603521408895645,12.685873998220025
0.75,93247,photon,5,10.873447058024672,6,100000,0.99299,0.99299,0.00701,0.0,-34.26290120229348,13.893269853108853
0.75,93247,photon,5,10.873447058024672,7,100000,0.996,0.996,0.004,0.0,-39.95198765775,15.018332109572533
0.75,93247,photon,5,10.873447058024672,8,100000,0.9977,0.9977,0.0023,0.0,-45.624523723334896,16.04430901051638
0.75,93247,photon,5,10.873447058024672,9,100000,0.99885,0.99885,0.00115,0.0,-51.289918286241054,16.99126082022831
0.75,93247,photon,5,10.873447058024672,10,100000,0.99944,0.99944,0.00056,0.0,-56.98477825873413,17.931696960004086
0.75,93247,photon,5,10.873447058024672,11,100000,0.99965,0.99965,0.00035,0.0,-62.64359582426815,18.823074370391552
0.75,93247,photon,5,10.873447058024672,12,100000,0.9998,0.9998,0.0002,0.0,-68.30468086526072,19.67188047579395
0.75,93247,photon,6,11.711929256121993,1,100000,0.8112,0.8112,0.1888,0.0,-5.804433970083426,5.6513566409391585
0.75,93247,photon,6,11.711929256121993,2,100000,0.90713,0.90713,0.09287,0.0,-11.54484408176654,7.9745467376575
0.75,93247,photon,6,11.711929256121993,3,100000,0.95512,0.95512,0.04488,0.0,-17.309233492200082,9.790721023672397
0.75,93247,photon,6,11.711929256121993,4,100000,0.97759,0.97759,0.02241,0.0,-23.02822921087603,11.312043667071444
0.75,93247,photon,6,11.711929256121993,5,100000,0.98766,0.98766,0.01234,0.0,-28.766154380705174,12.63819768127597
0.75,93247,photon,6,11.711929256121993,6,100000,0.99368,0.99368,0.00632,0.0,-34.517330802925635,13.839608388029204
0.75,93247,photon,6,11.711929256121993,7,100000,0.99664,0.99664,0.00336,0.0,-40.276638576189,14.96378348730323
0.75,93247,photon,6,11.711929256121993,8,100000,0.99795,0.99795,0.00205,0.0,-45.983080610074566,16.003614010570416
0.75,93247,photon,6,11.711929256121993,9,100000,0.99881,0.99881,0.00119,0.0,-51.70141656955128,17.020053541142797
0.75,93247,photon,6,11.711929256121993,10,100000,0.99936,0.99936,0.00064,0.0,-57.43763631420352,17.95036427898162
0.75,93247,photon,6,11.711929256121993,11,100000,0.99968,0.99968,0.00032,0.0,-63.18548411982406,18.790150023005854
0.75,93247,photon,6,11.711929256121993,12,100000,0.99981,0.99981,0.00019,0.0,-68.9137627519539,19.62195152799014
0.75,93247,photon,7,12.615069183527634,1,100000,0.81362,0.81362,0.18638,0.0,-5.84639170406933,5.646139324089658
0.75,93247,photon,7,12.615069183527634,2,100000,0.90831,0.90831,0.09169,0.0,-11.637725953521489,7.984072734180483
0.75,93247,photon,7,12.615069183527634,3,100000,0.95564,0.95564,0.04436,0.0,-17.413537332667964,9.779385398647623
0.75,93247,photon,7,12.615069183527634,4,100000,0.97825,0.97825,0.02175,0.0,-23.197089094215414,11.319450828960145
0.75,93247,photon,7,12.615069183527634,5,100000,0.98869,0.98869,0.01131,0.0,-28.961897157585366,12.640727340430065
0.75,93247,photon,7,12.615069183527634,6,100000,0.99396,0.99396,0.00604,0.0,-34.70301364120183,13.874009482520526
0.75,93247,photon,7,12.615069183527634,7,100000,0.99694,0.99694,0.00306,0.0,-40.431219453170655,15.01035571881044
0.75,93247,photon,7,12.615069183527634,8,100000,0.99824,0.99824,0.00176,0.0,-46.16465007752324,16.079422075125056
0.75,93247,photon,7,12.615069183527634,9,100000,0.99903,0.99903,0.00097,0.0,-51.916221504491546,17.042267397266205
0.75,93247,photon,7,12.615069183527634,10,100000,0.99947,0.99947,0.00053,0.0,-57.681492644986285,17.930859884427818
0.75,93247,photon,7,12.615069183527634,11,100000,0.99973,0.99973,0.00027,0.0,-63.407795757310836,18.780188048657923
0.75,93247,photon,7,12.615069183527634,12,100000,0.99987,0.99987,0.00013,0.0,-69.17156454659974,19.622008796522184
0.75,93247,photon,8,13.587852780275625,1,100000,0.81479,0.81479,0.18521,0.0,-5.900961795912238,5.651116182978271
0.75,93247,photon,8,13.587852780275625,2,100000,0.90991,0.90991,0.09009,0.0,-11.696440640916393,7.988539781326523
0.75,93247,photon,8,13.587852780275625,3,100000,0.95789,0.95789,0.04211,0.0,-17.514307879346866,9.749341544805617
0.75,93247,photon,8,13.587852780275625,4,100000,0.97855,0.97855,0.02145,0.0,-23.30367360259952,11.279588592471054
0.75,93247,photon,8,13.587852780275625,5,100000,0.98913,0.98913,0.01087,0.0,-29.13837314931119,12.624356130020397
0.75,93247,photon,8,13.587852780275625,6,100000,0.99381,0.99381,0.00619,0.0,-34.910919283672186,13.857574825146115
0.75,93247,photon,8,13.587852780275625,7,100000,0.99667,0.99667,0.00333,0.0,-40.68920753565383,14.963799406436129
0.75,93247,photon,8,13.587852780275625,8,100000,0.9981,0.9981,0.0019,0.0,-46.49168459731497,16.002013687651672
0.75,93247,photon,8,13.587852780275625,9,100000,0.99904,0.99904,0.00096,0.0,-52.24806292533493,16.98956623379355
0.75,93247,photon,8,13.587852780275625,10,100000,0.99945,0.99945,0.00055,0.0,-58.04264999461623,17.913850569894795
0.75,93247,photon,8,13.587852780275625,11,100000,0.99973,0.99973,0.00027,0.0,-63.84251605752017,18.753757598196206
0.75,93247,photon,8,13.587852780275625,12,100000,0.9998,0.9998,0.0002,0.0,-69.57610681264417,19.583545172559905
0.75,93247,photon,9,14.635650466311175,1,100000,0.81524,0.81524,0.18476,0.0,-5.921563948826699,5.646048196716646
0.75,93247,photon,9,14.635650466311175,2,100000,0.90885,0.90885,0.09115,0.0,-11.744172122517579,8.001780127833104
0.75,93247,photon,9,14.635650466311175,3,100000,0.95621,0.95621,0.04379,0.0,-17.584896956211878,9.805253798968213
0.75,93247,photon,9,14.635650466311175,4,100000,0.97846,0.97846,0.02154,0.0,-23.42304925472258,11.33495692816683
0.75,93247,photon,9,14.635650466311175,5,100000,0.98895,0.98895,0.01105,0.0,-29.263113126824535,12.65821987037026
0.75,93247,photon,9,14.635650466311175,6,100000,0.99423,0.99423,0.00577,0.0,-35.09730378542532,13.819204154727336
0.75,93247,photon,9,14.635650466311175,7,100000,0.99675,0.99675,0.00325,0.0,-40.927001251271186,14.951233749330077
0.75,93247,photon,9,14.635650466311175,8,100000,0.99824,0.99824,0.00176,0.0,-46.76885884123892,15.987405650248169
0.75,93247,photon,9,14.635650466311175,9,100000,0.99899,0.99899,0.00101,0.0,-52.600137818394444,16.942966450545985
0.75,93247,photon,9,14.635650466311175,10,100000,0.99947,0.99947,0.00053,0.0,-58.39376208471314,17.857320809633187
0.75,93247,photon,9,14.635650466311175,11,100000,0.9997,0.9997,0.0003,0.0,-64.23913042139762,18.734678779132825
0.75,93247,photon,9,14.635650466311175,12,100000,0.99981,0.99981,0.00019,0.0,-70.05596421648,19.55641429543515
0.75,93247,photon,10,15.764246789822048,1,100000,0.81899,0.81899,0.18101,0.0,-5.961560453534505,5.636414388272705
0.75,93247,photon,10,15.764246789822048,2,100000,0.91113,0.91113,0.08887,0.0,-11.829540113895282,7.993454823745575
0.75,93247,photon,10,15.764246789822048,3,100000,0.95852,0.95852,0.04148,0.0,-17.705307834922,9.77159513878677
0.75,93247,photon,10,15.764246789822048,4,100000,0.97949,0.97949,0.02051,0.0,-23.60031147734068,11.285355412954328
0.75,93247,photon,10,15.764246789822048,5,100000,0.98968,0.98968,0.01032,0.0,-29.483045170667157,12.598984056820013
0.75,93247,photon,10,15.764246789822048,6,100000,0.99478,0.99478,0.00522,0.0,-35.346992641813664,13.817215140920075
0.75,93247,photon,10,15.764246789822048,7,100000,0.9971,0.9971,0.0029,0.0,-41.269328501778126,14.9231189879436
0.75,93247,photon,10,15.764246789822048,8,100000,0.99848,0.99848,0.00152,0.0,-47.15014724118888,15.926494147702536
0.75,93247,photon,10,15.764246789822048,9,100000,0.99925,0.99925,0.00075,0.0,-53.01789042913413,16.91151516013307
0.75,93247,photon,10,15.764246789822048,10,100000,0.99956,0.99956,0.00044,0.0,-58.88030177955761,17.793690952372813
0.75,93247,photon,10,15.764246789822048,11,100000,0.99974,0.99974,0.00026,0.0,-64.74456409730857,18.64762536952311
0.75,93247,photon,10,15.764246789822048,12,100000,0.99986,0.99986,0.00014,0.0,-70.60762091396838,19.510610486840076
0.75,93247,photon,11,16.979872361836364,1,100000,0.81865,0.81865,0.18135,0.0,-5.990371954719203,5.6374403644190565
0.75,93247,photon,11,16.979872361836364,2,100000,0.91222,0.91222,0.08778,0.0,-11.920837386703319,7.982103723615746
0.75,93247,photon,11,16.979872361836364,3,100000,0.95832,0.95832,0.04168,0.0,-17.840309909088948,9.79379660859115
0.75,93247,photon,11,16.979872361836364,4,100000,0.97967,0.97967,0.02033,0.0,-23.73713981614665,11.331208881179101
0.75,93247,photon,11,16.979872361836364,5,100000,0.98988,0.98988,0.01012,0.0,-29.698568622534406,12.6662290423251
0.75,93247,photon,11,16.979872361836364,6,100000,0.99492,0.99492,0.00508,0.0,-35.598506823063346,13.86872657137664
0.75,93247,photon,11,16.979872361836364,7,100000,0.99738,0.99738,0.00262,0.0,-41.51915537576009,15.001862777603527
0.75,93247,photon,11,16.979872361836364,8,100000,0.99862,0.99862,0.00138,0.0,-47.431002201805235,16.010442762049507
0.75,93247,photon,11,16.979872361836364,9,100000,0.99923,0.99923,0.00077,0.0,-53.35034429758228,16.95951086647406
0.75,93247,photon,11,16.979872361836364,10,100000,0.99958,0.99958,0.00042,0.0,-59.25029567754017,17.905706320515446
0.75,93247,photon,11,16.979872361836364,11,100000,0.99971,0.99971,0.00029,0.0,-65.17678161540742,18.78675040279376
0.75,93247,photon,11,16.979872361836364,12,100000,0.99989,0.99989,0.00011,0.0,-71.05596267385796,19.59486609722649
0.75,93247,photon,12,18.2892382533875,1,100000,0.8181,0.8181,0.1819,0.0,-5.969475794849027,5.646912832540472
0.75,93247,photon,12,18.2892382533875,2,100000,0.91229,0.91229,0.08771,0.0,-11.920092386651204,7.996697452349009
0.75,93247,photon,12,18.2892382533875,3,100000,0.95816,0.95816,0.04184,0.0,-17.857471151827074,9.79454335214104
0.75,93247,photon,12,18.2892382533875,4,100000,0.97932,0.97932,0.02068,0.0,-23.76525294988838,11.328087923347676
0.75,93247,photon,12,18.2892382533875,5,100000,0.98944,0.98944,0.01056,0.0,-29.70452856041927,12.666516884453248
0.75,93247,photon,12,18.2892382533875,6,100000,0.99442,0.99442,0.00558,0.0,-35.63061588301365,13.889536835962149
0.75,93247,photon,12,18.2892382533875,7,100000,0.99716,0.99716,0.00284,0.0,-41.55750359194786,14.997357419866836
0.75,93247,photon,12,18.2892382533875,8,100000,0.99855,0.99855,0.00145,0.0,-47.47823661653364,16.068504365985707
0.75,93247,photon,12,18.2892382533875,9,100000,0.99926,0.99926,0.00074,0.0,-53.424843353114035,17.036616832064396
0.75,93247,photon,12,18.2892382533875,10,100000,0.99962,0.99962,0.00038,0.0,-59.360604603479516,17.970033345610535
0.75,93247,photon,12,18.2892382533875,11,100000,0.99985,0.99985,0.00015,0.0,-65.29594320329106,18.8609680910368
0.75,93247,photon,12,18.2892382533875,12,100000,0.99989,0.99989,0.00011,0.0,-71.22445411078492,19.67459474201079
0.75,93247,photon,13,19.699573045141378,1,100000,0.82159,0.82159,0.17841,0.0,-6.023408357731114,5.620835183337195
0.75,93247,photon,13,19.699573045141378,2,100000,0.91395,0.91395,0.08605,0.0,-11.961556182344744,7.983389102609101
0.75,93247,photon,13,19.699573045141378,3,100000,0.95924,0.95924,0.04076,0.0,-17.92933484410006,9.768031513524448
0.75,93247,photon,13,19.699573045141378,4,100000,0.98078,0.98078,0.01922,0.0,-23.899113230702312,11.252118666669508
0.75,93247,photon,13,19.699573045141378,5,100000,0.99017,0.99017,0.00983,0.0,-29.847510197590275,12.60044461652473
0.75,93247,photon,13,19.699573045141378,6,100000,0.99532,0.99532,0.00468,0.0,-35.79565891403516,13.802475359466435
0.75,93247,photon,13,19.699573045141378,7,100000,0.99751,0.99751,0.00249,0.0,-41.734643695610714,14.903661681211945
0.75,93247,photon,13,19.699573045141378,8,100000,0.99868,0.99868,0.00132,0.0,-47.67912367173905,15.951589630821532
0.75,93247,photon,13,19.699573045141378,9,100000,0.99922,0.99922,0.00078,0.0,-53.60147351343992,16.903667348090565
0.75,93247,photon,13,19.699573045141378,10,100000,0.99956,0.99956,0.00044,0.0,-59.578087340305785,17.794060062049923
0.75,93247,photon,13,19.699573045141378,11,100000,0.99982,0.99982,0.00018,0.0,-65.50427647400808,18.659564394084114
0.75,93247,photon,13,19.699573045141378,12,100000,0.99988,0.99988,0.00012,0.0,-71.4713046246251,19.502149183373376
0.75,93247,photon,14,21.218662734025152,1,100000,0.82146,0.82146,0.17854,0.0,-6.033681568886332,5.620841054349722
0.75,93247,photon,14,21.218662734025152,2,100000,0.91463,0.91463,0.08537,0.0,-12.000373583516698,7.95525405994417
0.75,93247,photon,14,21.218662734025152,3,100000,0.96078,0.96078,0.03922,0.0,-18.013574226672635,9.737421846282146
0.75,93247,photon,14,21.218662734025152,4,100000,0.9811,0.9811,0.0189,0.0,-23.958128481737678,11.240312796160271
0.75,93247,photon,14,21.218662734025152,5,100000,0.99052,0.99052,0.00948,0.0,-29.929519721260625,12.56889361010486
0.75,93247,photon,14,21.218662734025152,6,100000,0.99515,0.99515,0.00485,0.0,-35.89756197293579,13.800489651202033
0.75,93247,photon,14,21.218662734025152,7,100000,0.99745,0.99745,0.00255,0.0,-41.856433849567736,14.896044384133189
0.75,93247,photon,14,21.218662734025152,8,100000,0.99857,0.99857,0.00143,0.0,-47.82171640511245,15.930878150495236
0.75,93247,photon,14,21.218662734025152,9,100000,0.99933,0.99933,0.00067,0.0,-53.82255111488157,16.885901825737182
0.75,93247,photon,14,21.218662734025152,10,100000,0.99968,0.99968,0.00032,0.0,-59.8153588415832,17.78927926533065
0.75,93247,photon,14,21.218662734025152,11,100000,0.99983,0.99983,0.00017,0.0,-65.77201941442013,18.65554921302943
0.75,93247,photon,14,21.218662734025152,12,100000,0.99991,0.99991,9e-05,0.0,-71.75170293773598,19.49682642254987
0.75,93247,photon,15,22.85489371716872,1,100000,0.82112,0.82112,0.17888,0.0,-6.072352877436509,5.626289439226686
0.75,93247,photon,15,22.85489371716872,2,100000,0.91577,0.91577,0.08423,0.0,-12.072134740942122,7.9782414921618034
0.75,93247,photon,15,22.85489371716872,3,100000,0.9618,0.9618,0.0382,0.0,-18.09410957821813,9.74971607158303
0.75,93247,photon,15,22.85489371716872,4,100000,0.98122,0.98122,0.01878,0.0,-24.096625832674796,11.27181491633036
0.75,93247,photon,15,22.85489371716872,5,100000,0.99119,0.99119,0.00881,0.0,-30.085500720416725,12.557350097837993
0.75,93247,photon,15,22.85489371716872,6,100000,0.99533,0.99533,0.00467,0.0,-36.09695617087449,13.755737846477734
0.75,93247,photon,15,22.85489371716872,7,100000,0.99781,0.99781,0.00219,0.0,-42.08427281032969,14.84751677410605
0.75,93247,photon,15,22.85489371716872,8,100000,0.99887,0.99887,0.00113,0.0,-48.09712668785806,15.83825369933712
0.75,93247,photon,15,22.85489371716872,9,100000,0.99943,0.99943,0.00057,0.0,-54.1060095999078,16.813821716169894
0.75,93247,photon,15,22.85489371716872,10,100000,0.99968,0.99968,0.00032,0.0,-60.09468466826387,17.760055189385582
0.75,93247,photon,15,22.85489371716872,11,100000,0.99982,0.99982,0.00018,0.0,-66.07813944296257,18.599361846918196
0.75,93247,photon,15,22.85489371716872,12,100000,0.99992,0.99992,8e-05,0.0,-72.09692483638052,19.423383573538615
0.75,93247,photon,16,24.617299090459206,1,100000,0.82098,0.82098,0.17902,0.0,-6.086094938574547,5.633588041044428
0.75,93247,photon,16,24.617299090459206,2,100000,0.91538,0.91538,0.08462,0.0,-12.094483330008318,7.98151631482557
0.75,93247,photon,16,24.617299090459206,3,100000,0.96035,0.96035,0.03965,0.0,-18.121634942656943,9.7742003578119
0.75,93247,photon,16,24.617299090459206,4,100000,0.98156,0.98156,0.01844,0.0,-24.1309969559646,11.281255653462212
0.75,93247,photon,16,24.617299090459206,5,100000,0.99087,0.99087,0.00913,0.0,-30.127822738097464,12.619901208149939
0.75,93247,photon,16,24.617299090459206,6,100000,0.99515,0.99515,0.00485,0.0,-36.10074885848479,13.804244130328454
0.75,93247,photon,16,24.617299090459206,7,100000,0.9974,0.9974,0.0026,0.0,-42.113701921892314,14.908618219023243
0.75,93247,photon,16,24.617299090459206,8,100000,0.99864,0.99864,0.00136,0.0,-48.127113153741256,15.917936909677973
0.75,93247,photon,16,24.617299090459206,9,100000,0.9992,0.9992,0.0008,0.0,-54.10491097277302,16.887885112642536
0.75,93247,photon,16,24.617299090459206,10,100000,0.99961,0.99961,0.00039,0.0,-60.14292875813528,17.789695034298216
0.75,93247,photon,16,24.617299090459206,11,100000,0.99978,0.99978,0.00022,0.0,-66.17189009750508,18.63766894136701
0.75,93247,photon,16,24.617299090459206,12,100000,0.99986,0.99986,0.00014,0.0,-72.16174914708954,19.451323332014773
0.75,93247,photon,17,26.515608517307804,1,100000,0.82395,0.82395,0.17605,0.0,-6.1139263298519815,5.621220613863959
0.75,93247,photon,17,26.515608517307804,2,100000,0.91752,0.91752,0.08248,0.0,-12.164394266120738,7.949133712590215
0.75,93247,photon,17,26.515608517307804,3,100000,0.96249,0.96249,0.03751,0.0,-18.251518452380715,9.743307338321499
0.75,93247,photon,17,26.515608517307804,4,100000,0.98282,0.98282,0.01718,0.0,-24.303026529619498,11.230007293663183
0.75,93247,photon,17,26.515608517307804,5,100000,0.99135,0.99135,0.00865,0.0,-30.36335176947732,12.56109108293398
0.75,93247,photon,17,26.515608517307804,6,100000,0.99535,0.99535,0.00465,0.0,-36.4127632222337,13.794258491737143
0.75,93247,photon,17,26.515608517307804,7,100000,0.99777,0.99777,0.00223,0.0,-42.462247448713065,14.889807444893663
0.75,93247,photon,17,26.515608517307804,8,100000,0.99891,0.99891,0.00109,0.0,-48.51798147000337,15.88222188208939
0.75,93247,photon,17,26.515608517307804,9,100000,0.99949,0.99949,0.00051,0.0,-54.55667905012801,16.842067882973073
0.75,93247,photon,17,26.515608517307804,10,100000,0.99977,0.99977,0.00023,0.0,-60.61410902035366,17.735264963315306
0.75,93247,photon,17,26.515608517307804,11,100000,0.99986,0.99986,0.00014,0.0,-66.66335939283454,18.6290534769085
0.75,93247,photon,17,26.515608517307804,12,100000,0.99993,0.99993,7e-05,0.0,-72.69014076704963,19.458262848036565
0.75,93247,photon,18,28.560301942937947,1,100000,0.82449,0.82449,0.17551,0.0,-6.131227899577934,5.614895798092044
0.75,93247,photon,18,28.560301942937947,2,100000,0.91746,0.91746,0.08254,0.0,-12.169521497472289,7.951932657592204
0.75,93247,photon,18,28.560301942937947,3,100000,0.96284,0.96284,0.03716,0.0,-18.25349686145683,9.759557832119688
0.75,93247,photon,18,28.560301942937947,4,100000,0.98223,0.98223,0.01777,0.0,-24.330347019043614,11.246071492239428
0.75,93247,photon,18,28.560301942937947,5,100000,0.99109,0.99109,0.00891,0.0,-30.3774227828783,12.589696683720895
0.75,93247,photon,18,28.560301942937947,6,100000,0.99517,0.99517,0.00483,0.0,-36.41540189315447,13.7993710672182
0.75,93247,photon,18,28.560301942937947,7,100000,0.99762,0.99762,0.00238,0.0,-42.495257913473566,14.90815255048937
0.75,93247,photon,18,28.560301942937947,8,100000,0.99883,0.99883,0.00117,0.0,-48.5403474603438,15.933764532027572
0.75,93247,photon,18,28.560301942937947,9,100000,0.99944,0.99944,0.00056,0.0,-54.623814008787534,16.93337622476811
0.75,93247,photon,18,28.560301942937947,10,100000,0.99973,0.99973,0.00027,0.0,-60.686064478390826,17.862591568523374
0.75,93247,photon,18,28.560301942937947,11,100000,0.99986,0.99986,0.00014,0.0,-66.73213294107482,18.734528155165236
0.75,93247,photon,18,28.560301942937947,12,100000,0.99993,0.99993,7e-05,0.0,-72.77600262696356,19.515938828442412
0.75,93247,photon,19,30.762667450733804,1,100000,0.82616,0.82616,0.17384,0.0,-6.1499936863700135,5.608850584762043
0.75,93247,photon,19,30.762667450733804,2,100000,0.91959,0.91959,0.08041,0.0,-12.218087709248184,7.9269515562854815
0.75,93247,photon,19,30.762667450733804,3,100000,0.96331,0.96331,0.03669,0.0,-18.278902982912978,9.716782620453907
0.75,93247,photon,19,30.762667450733804,4,100000,0.9832,0.9832,0.0168,0.0,-24.35768640853546,11.218142562260768
0.75,93247,photon,19,30.762667450733804,5,100000,0.99148,0.99148,0.00852,0.0,-30.449095736560924,12.543245163700183
0.75,93247,photon,19,30.762667450733804,6,100000,0.99565,0.99565,0.00435,0.0,-36.530652982419554,13.772429110416628
0.75,93247,photon,19,30.762667450733804,7,100000,0.99793,0.99793,0.00207,0.0,-42.603700936458495,14.892322965247706
0.75,93247,photon,19,30.762667450733804,8,100000,0.99895,0.99895,0.00105,0.0,-48.66467981768014,15.909922174226757
0.75,93247,photon,19,30.762667450733804,9,100000,0.99948,0.99948,0.00052,0.0,-54.74877562809471,16.85795271183947
0.75,93247,photon,19,30.762667450733804,10,100000,0.9997,0.9997,0.0003,0.0,-60.818160391866186,17.77108808594727
0.75,93247,photon,19,30.762667450733804,11,100000,0.99985,0.99985,0.00015,0.0,-66.86777943873952,18.654095414489223
0.75,93247,photon,19,30.762667450733804,12,100000,0.9999,0.9999,0.0001,0.0,-72.93987903190393,19.5011979782228
0.75,93247,su2,0,7.499999999999999,1,100000,0.87764,0.12236,0.87764,0.0,2.7519496593967494,1.975328559975522
0.75,93247,su2,0,7.499999999999999,2,100000,0.95208,0.04792,0.95208,0.0,5.482029860068306,2.8055159718910767
0.75,93247,su2,0,7.499999999999999,3,100000,0.97651,0.02349,0.97651,0.0,8.199220010711054,3.4439849737046084
0.75,93247,su2,0,7.499999999999999,4,100000,0.98677,0.01323,0.98677,0.0,10.921101314893471,3.9827242850146036
0.75,93247,su2,0,7.499999999999999,5,100000,0.99197,0.00803,0.99197,0.0,13.6311272934548,4.457780876190704
0.75,93247,su2,0,7.499999999999999,6,100000,0.99548,0.00452,0.99548,0.0,16.332157422939623,4.892399224021335
0.75,93247,su2,0,7.499999999999999,7,100000,0.99751,0.00249,0.99751,0.0,19.05181764684372,5.2780752980387335
0.75,93247,su2,0,7.499999999999999,8,100000,0.99874,0.00126,0.99874,0.0,21.762937111348815,5.630160567025169
0.75,93247,su2,0,7.499999999999999,9,100000,0.9993,0.0007,0.9993,0.0,24.47207254102376,5.976018542965686
0.75,93247,su2,0,7.499999999999999,10,100000,0.99957,0.00043,0.99957,0.0,27.184205791847244,6.3155539943827534
0.75,93247,su2,0,7.499999999999999,11,100000,0.99973,0.00027,0.99973,0.0,29.89098989441376,6.628400160532585
0.75,93247,su2,0,7.499999999999999,12,100000,0.99988,0.00012,0.99988,0.0,32.59508637071997,6.926688656830435
0.75,93247,su2,1,8.913144807036554,1,100000,0.87428,0.12572,0.87428,0.0,2.7307630900549285,1.9919236948216354
0.75,93247,su2,1,8.913144807036554,2,100000,0.95126,0.04874,0.95126,0.0,5.443437905633119,2.817883629792569
0.75,93247,su2,1,8.913144807036554,3,100000,0.97656,0.02344,0.97656,0.0,8.15728506852242,3.4466858211204925
0.75,93247,su2,1,8.913144807036554,4,100000,0.98624,0.01376,0.98624,0.0,10.858444695384383,3.990006824705873
0.75,93247,su2,1,8.913144807036554,5,100000,0.99225,0.00775,0.99225,0.0,13.561404340556239,4.470342525961111
0.75,93247,su2,1,8.913144807036554,6,100000,0.99545,0.00455,0.99545,0.0,16.2533542045959,4.901333395016983
0.75,93247,su2,1,8.913144807036554,7,100000,0.99779,0.00221,0.99779,0.0,18.961293698193646,5.285633749445598
0.75,93247,su2,1,8.913144807036554,8,100000,0.99863,0.00137,0.99863,0.0,21.67004005570237,5.6453536331463345
0.75,93247,su2,1,8.913144807036554,9,100000,0.99921,0.00079,0.99921,0.0,24.37432141327294,6.001022227890301
0.75,93247,su2,1,8.913144807036554,10,100000,0.9995,0.0005,0.9995,0.0,27.06943567374135,6.329903985055688
0.75,93247,su2,1,8.913144807036554,11,100000,0.99976,0.00024,0.99976,0.0,29.75941015101464,6.640184093287361
0.75,93247,su2,1,8.913144807036554,12,100000,0.99983,0.00017,0.99983,0.0,32.4696432040467,6.9271650427447335
0.75,93247,su2,2,10.592553380160359,1,100000,0.87492,0.12508,0.87492,0.0,2.725337148507803,1.985079525200332
0.75,93247,su2,2,10.592553380160359,2,100000,0.95266,0.04734,0.95266,0.0,5.432613303529621,2.8157425658873114
0.75,93247,su2,2,10.592553380160359,3,100000,0.97625,0.02375,0.97625,0.0,8.141568555941852,3.453640045586994
0.75,93247,su2,2,10.592553380160359,4,100000,0.98602,0.01398,0.98602,0.0,10.847136432246065,3.992981523050966
0.75,93247,su2,2,10.592553380160359,5,100000,0.99199,0.00801,0.99199,0.0,13.540123695355943,4.459791722299829
0.75,93247,su2,2,10.592553380160359,6,100000,0.99542,0.00458,0.99542,0.0,16.24273500003475,4.893511793749989
0.75,93247,su2,2,10.592553380160359,7,100000,0.99751,0.00249,0.99751,0.0,18.928435633540754,5.286178788696219
0.75,93247,su2,2,10.592553380160359,8,100000,0.99855,0.00145,0.99855,0.0,21.6291807649339,5.654506396695656
0.75,93247,su2,2,10.592553380160359,9,100000,0.99911,0.00089,0.99911,0.0,24.31806535462157,6.002648112377046
0.75,93247,su2,2,10.592553380160359,10,100000,0.99952,0.00048,0.99952,0.0,27.011460104247178,6.332805070949723
0.75,93247,su2,2,10.592553380160359,11,100000,0.99967,0.00033,0.99967,0.0,29.706316939098674,6.650361684125716
0.75,93247,su2,2,10.592553380160359,12,100000,0.99984,0.00016,0.99984,0.0,32.406289050187716,6.947566613442453
0.75,93247,su2,3,12.588394953817843,1,100000,0.87089,0.12911,0.87089,0.0,2.710953094850594,2.002800943711282
0.75,93247,su2,3,12.588394953817843,2,100000,0.94962,0.05038,0.94962,0.0,5.41074334494408,2.8256311901598026
0.75,93247,su2,3,12.588394953817843,3,100000,0.9747,0.0253,0.9747,0.0,8.084760730167845,3.4838173186348973
0.75,93247,su2,3,12.588394953817843,4,100000,0.98597,0.01403,0.98597,0.0,10.769844593702802,4.014301223482131
0.75,93247,su2,3,12.588394953817843,5,100000,0.99167,0.00833,0.99167,0.0,13.448925560996704,4.4985886400444945
0.75,93247,su2,3,12.588394953817843,6,100000,0.99542,0.00458,0.99542,0.0,16.145278877501468,4.92556833838673
0.75,93247,su2,3,12.588394953817843,7,100000,0.99733,0.00267,0.99733,0.0,18.82360997088345,5.323585182634076
0.75,93247,su2,3,12.588394953817843,8,100000,0.99846,0.00154,0.99846,0.0,21.50196742526774,5.702501762341823
0.75,93247,su2,3,12.588394953817843,9,100000,0.9991,0.0009,0.9991,0.0,24.192575445081694,6.047933829364242
0.75,93247,su2,3,12.588394953817843,10,100000,0.99949,0.00051,0.99949,0.0,26.880725909273554,6.368076803513202
0.75,93247,su2,3,12.588394953817843,11,100000,0.99975,0.00025,0.99975,0.0,29.573724239496308,6.673568802616362
0.75,93247,su2,3,12.588394953817843,12,100000,0.99987,0.00013,0.99987,0.0,32.25535466462883,6.971661597085306
0.75,93247,su2,4,14.960291614872897,1,100000,0.8699,0.1301,0.8699,0.0,2.6994147603489163,2.0145177509418235
0.75,93247,su2,4,14.960291614872897,2,100000,0.95011,0.04989,0.95011,0.0,5.3905378187356,2.8365399629825734
0.75,93247,su2,4,14.960291614872897,3,100000,0.97461,0.02539,0.97461,0.0,8.075239691053797,3.4685947384250233
0.75,93247,su2,4,14.960291614872897,4,100000,0.98559,0.01441,0.98559,0.0,10.755214310602085,4.010193980545962
0.75,93247,su2,4,14.960291614872897,5,100000,0.9917,0.0083,0.9917,0.0,13.443488604652295,4.481850843506426
0.75,93247,su2,4,14.960291614872897,6,100000,0.9953,0.0047,0.9953,0.0,16.12923894884446,4.913957428609608
0.75,93247,su2,4,14.960291614872897,7,100000,0.99741,0.00259,0.99741,0.0,18.81835542980469,5.307611855638002
0.75,93247,su2,4,14.960291614872897,8,100000,0.99848,0.00152,0.99848,0.0,21.50320193035504,5.676100366115356
0.75,93247,su2,4,14.960291614872897,9,100000,0.99904,0.00096,0.99904,0.0,24.182667477666296,6.02587371088639
0.75,93247,su2,4,14.960291614872897,10,100000,0.99941,0.00059,0.99941,0.0,26.855148315245238,6.356546241040296
0.75,93247,su2,4,14.960291614872897,11,100000,0.99971,0.00029,0.99971,0.0,29.53431989787504,6.678764655481652
0.75,93247,su2,4,14.960291614872897,12,100000,0.9998,0.0002,0.9998,0.0,32.21472055747276,6.977580309902703
0.75,93247,su2,5,17.779099402514248,1,100000,0.87065,0.12935,0.87065,0.0,2.7073290459074055,1.993296416667791
0.75,93247,su2,5,17.779099402514248,2,100000,0.94983,0.05017,0.94983,0.0,5.400962888076983,2.818471775631442
0.75,93247,su2,5,17.779099402514248,3,100000,0.9752,0.0248,0.9752,0.0,8.087870422116739,3.4643299970075856
0.75,93247,su2,5,17.779099402514248,4,100000,0.98636,0.01364,0.98636,0.0,10.778800587616056,3.985660500175376
0.75,93247,su2,5,17.779099402514248,5,100000,0.99262,0.00738,0.99262,0.0,13.467524491077558,4.4608091984926235
0.75,93247,su2,5,17.779099402514248,6,100000,0.99586,0.00414,0.99586,0.0,16.14513041813449,4.88653206978354
0.75,93247,su2,5,17.779099402514248,7,100000,0.99749,0.00251,0.99749,0.0,18.817558343584995,5.307324622325024
0.75,93247,su2,5,17.779099402514248,8,100000,0.99867,0.00133,0.99867,0.0,21.499067960478524,5.680044084046208
0.75,93247,su2,5,17.779099402514248,9,100000,0.99918,0.00082,0.99918,0.0,24.189843267327618,6.038949447564773
0.75,93247,su2,5,17.779099402514248,10,100000,0.99951,0.00049,0.99951,0.0,26.872524871611947,6.366520788174905
0.75,93247,su2,5,17.779099402514248,11,100000,0.99967,0.00033,0.99967,0.0,29.553527669464174,6.681638331881513
0.75,93247,su2,5,17.779099402514248,12,100000,0.99987,0.00013,0.99987,0.0,32.229907141225766,6.974423161693458
0.75,93247,su2,6,21.129025001774206,1,100000,0.87157,0.12843,0.87157,0.0,2.708634196821482,2.0092755448244835
0.75,93247,su2,6,21.129025001774206,2,100000,0.94801,0.05199,0.94801,0.0,5.389927493540788,2.8509013953490103
0.75,93247,su2,6,21.129025001774206,3,100000,0.9743,0.0257,0.9743,0.0,8.067029189464627,3.5010044440679575
0.75,93247,su2,6,21.129025001774206,4,100000,0.98511,0.01489,0.98511,0.0,10.742376392682155,4.033231152870951
0.75,93247,su2,6,21.129025001774206,5,100000,0.99135,0.00865,0.99135,0.0,13.427676738014732,4.511067301675275
0.75,93247,su2,6,21.129025001774206,6,100000,0.99495,0.00505,0.99495,0.0,16.099136172241348,4.945301215961334
0.75,93247,su2,6,21.129025001774206,7,100000,0.99721,0.00279,0.99721,0.0,18.77842954760538,5.345182315191968
0.75,93247,su2,6,21.129025001774206,8,100000,0.99834,0.00166,0.99834,0.0,21.44421952168846,5.718632414355135
0.75,93247,su2,6,21.129025001774206,9,100000,0.99909,0.00091,0.99909,0.0,24.133502067166976,6.066127887210216
0.75,93247,su2,6,21.129025001774206,10,100000,0.99951,0.00049,0.99951,0.0,26.804105989644206,6.398606189739951
0.75,93247,su2,6,21.129025001774206,11,100000,0.9997,0.0003,0.9997,0.0,29.476466697959694,6.710627543155796
0.75,93247,su2,6,21.129025001774206,12,100000,0.99987,0.00013,0.99987,0.0,32.1644543905139,7.016842102160432
0.75,93247,su2,7,25.110141262974583,1,100000,0.86972,0.13028,0.86972,0.0,2.6926862324597365,2.0224395671915896
0.75,93247,su2,7,25.110141262974583,2,100000,0.94758,0.05242,0.94758,0.0,5.3677253726877785,2.8592282922615673
0.75,93247,su2,7,25.110141262974583,3,100000,0.97397,0.02603,0.97397,0.0,8.030978309278652,3.50215992233703
0.75,93247,su2,7,25.110141262974583,4,100000,0.98487,0.01513,0.98487,0.0,10.698044401376787,4.039135710612677
0.75,93247,su2,7,25.110141262974583,5,100000,0.99146,0.00854,0.99146,0.0,13.377444608885801,4.512130306288764
0.75,93247,su2,7,25.110141262974583,6,100000,0.99519,0.00481,0.99519,0.0,16.043773893930602,4.948037782834366
0.75,93247,su2,7,25.110141262974583,7,100000,0.99726,0.00274,0.99726,0.0,18.714497759097988,5.354158721846572
0.75,93247,su2,7,25.110141262974583,8,100000,0.9984,0.0016,0.9984,0.0,21.37983159559647,5.725921375424923
0.75,93247,su2,7,25.110141262974583,9,100000,0.99906,0.00094,0.99906,0.0,24.046843844410702,6.0678511700267
0.75,93247,su2,7,25.110141262974583,10,100000,0.99941,0.00059,0.99941,0.0,26.721443692819918,6.390647947920477
0.75,93247,su2,7,25.110141262974583,11,100000,0.99975,0.00025,0.99975,0.0,29.389998643130536,6.713628827710175
0.75,93247,su2,7,25.110141262974583,12,100000,0.99981,0.00019,0.99981,0.0,32.051038412954455,7.010428547855639
0.75,93247,su2,8,29.84137669360484,1,100000,0.86843,0.13157,0.86843,0.0,2.6920428985948828,2.0193051094389425
0.75,93247,su2,8,29.84137669360484,2,100000,0.94819,0.05181,0.94819,0.0,5.372039470737324,2.8398642274544845
0.75,93247,su2,8,29.84137669360484,3,100000,0.97451,0.02549,0.97451,0.0,8.047987865888839,3.4748048408290715
0.75,93247,su2,8,29.84137669360484,4,100000,0.98503,0.01497,0.98503,0.0,10.713526968920496,4.025781294655901
0.75,93247,su2,8,29.84137669360484,5,100000,0.99171,0.00829,0.99171,0.0,13.379045501589449,4.488939962428935
0.75,93247,su2,8,29.84137669360484,6,100000,0.99556,0.00444,0.99556,0.0,16.032427701022513,4.924289307140646
0.75,93247,su2,8,29.84137669360484,7,100000,0.99723,0.00277,0.99723,0.0,18.7051113866349,5.317983610758209
0.75,93247,su2,8,29.84137669360484,8,100000,0.99827,0.00173,0.99827,0.0,21.3675209857537,5.697271704110602
0.75,93247,su2,8,29.84137669360484,9,100000,0.99899,0.00101,0.99899,0.0,24.037248348459954,6.04760191244604
0.75,93247,su2,8,29.84137669360484,10,100000,0.99945,0.00055,0.99945,0.0,26.711873954563583,6.374008487392094
0.75,93247,su2,8,29.84137669360484,11,100000,0.99966,0.00034,0.99966,0.0,29.3834489970145,6.67711007097427
0.75,93247,su2,8,29.84137669360484,12,100000,0.99975,0.00025,0.99975,0.0,32.05489567768107,6.9763018796310465
0.75,93247,su2,9,35.46406822819008,1,100000,0.86731,0.13269,0.86731,0.0,2.681840578795884,2.027100973054952
0.75,93247,su2,9,35.46406822819008,2,100000,0.94598,0.05402,0.94598,0.0,5.345211236118836,2.876717111601537
0.75,93247,su2,9,35.46406822819008,3,100000,0.97227,0.02773,0.97227,0.0,8.015082683457615,3.5275207852758332
0.75,93247,su2,9,35.46406822819008,4,100000,0.98392,0.01608,0.98392,0.0,10.678068592066596,4.073640250715448
0.75,93247,su2,9,35.46406822819008,5,100000,0.9907,0.0093,0.9907,0.0,13.339007476978209,4.544678125524501
0.75,93247,su2,9,35.46406822819008,6,100000,0.99481,0.00519,0.99481,0.0,16.007552584512435,4.965906685710058
0.75,93247,su2,9,35.46406822819008,7,100000,0.99714,0.00286,0.99714,0.0,18.679292437145065,5.374041179924018
0.75,93247,su2,9,35.46406822819008,8,100000,0.99822,0.00178,0.99822,0.0,21.334162490672554,5.759159731398188
0.75,93247,su2,9,35.46406822819008,9,100000,0.99903,0.00097,0.99903,0.0,23.99396919219743,6.1160698812316765
0.75,93247,su2,9,35.46406822819008,10,100000,0.99944,0.00056,0.99944,0.0,26.653686935836415,6.45674036747419
0.75,93247,su2,9,35.46406822819008,11,100000,0.99968,0.00032,0.99968,0.0,29.32261572925435,6.761976935392919
0.75,93247,su2,9,35.46406822819008,12,100000,0.99979,0.00021,0.99979,0.0,31.974264782266577,7.07254843115141
0.75,93247,su2,10,42.14618340859766,1,100000,0.86883,0.13117,0.86883,0.0,2.690881980333649,2.025497690189096
0.75,93247,su2,10,42.14618340859766,2,100000,0.94637,0.05363,0.94637,0.0,5.349127786240742,2.8768012649031753
0.75,93247,su2,10,42.14618340859766,3,100000,0.9735,0.0265,0.9735,0.0,8.011493279704515,3.5221626915288207
0.75,93247,su2,10,42.14618340859766,4,100000,0.98415,0.01585,0.98415,0.0,10.681353486214311,4.061982815273417
0.75,93247,su2,10,42.14618340859766,5,100000,0.9909,0.0091,0.9909,0.0,13.344831139273424,4.5414163282306355
0.75,93247,su2,10,42.14618340859766,6,100000,0.99436,0.00564,0.99436,0.0,16.00361459596572,4.972489912131181
0.75,93247,su2,10,42.14618340859766,7,100000,0.99691,0.00309,0.99691,0.0,18.656563929760754,5.372957600517718
0.75,93247,su2,10,42.14618340859766,8,100000,0.9983,0.0017,0.9983,0.0,21.308888567873538,5.744806649495498
0.75,93247,su2,10,42.14618340859766,9,100000,0.99901,0.00099,0.99901,0.0,23.972633010360827,6.104400128015675
0.75,93247,su2,10,42.14618340859766,10,100000,0.99937,0.00063,0.99937,0.0,26.637853334790137,6.431030230809397
0.75,93247,su2,10,42.14618340859766,11,100000,0.99968,0.00032,0.99968,0.0,29.292446589294773,6.746797057193118
0.75,93247,su2,10,42.14618340859766,12,100000,0.99981,0.00019,0.99981,0.0,31.956765190133144,7.04331905779464
0.75,93247,su2,11,50.08733810463367,1,100000,0.8698,0.1302,0.8698,0.0,2.6878281266590265,2.0228819724807607
0.75,93247,su2,11,50.08733810463367,2,100000,0.94722,0.05278,0.94722,0.0,5.344144298548733,2.8670864066015436
0.75,93247,su2,11,50.08733810463367,3,100000,0.97294,0.02706,0.97294,0.0,8.000127893747065,3.515214135912798
0.75,93247,su2,11,50.08733810463367,4,100000,0.98437,0.01563,0.98437,0.0,10.652809507945772,4.062705266062907
0.75,93247,su2,11,50.08733810463367,5,100000,0.99075,0.00925,0.99075,0.0,13.316641759665492,4.536427640121261
0.75,93247,su2,11,50.08733810463367,6,100000,0.9952,0.0048,0.9952,0.0,15.982350050388693,4.96275641377787
0.75,93247,su2,11,50.08733810463367,7,100000,0.99738,0.00262,0.99738,0.0,18.650148734074836,5.362730879323761
0.75,93247,su2,11,50.08733810463367,8,100000,0.99834,0.00166,0.99834,0.0,21.315364318891376,5.724765298376268
0.75,93247,su2,11,50.08733810463367,9,100000,0.99911,0.00089,0.99911,0.0,23.980421339467522,6.070043176538505
0.75,93247,su2,11,50.08733810463367,10,100000,0.99945,0.00055,0.99945,0.0,26.641062941675283,6.413117213316456
0.75,93247,su2,11,50.08733810463367,11,100000,0.99974,0.00026,0.99974,0.0,29.301754584636296,6.7224238717968445
0.75,93247,su2,11,50.08733810463367,12,100000,0.99977,0.00023,0.99977,0.0,31.964874013713956,7.028497422940845
0.75,93247,su2,12,59.52475967007999,1,100000,0.86961,0.13039,0.86961,0.0,2.6839370854021083,2.0252750631884586
0.75,93247,su2,12,59.52475967007999,2,100000,0.94653,0.05347,0.94653,0.0,5.344222516949817,2.867410353319105
0.75,93247,su2,12,59.52475967007999,3,100000,0.97287,0.02713,0.97287,0.0,8.007007900092608,3.5101584673549655
0.75,93247,su2,12,59.52475967007999,4,100000,0.98424,0.01576,0.98424,0.0,10.672966271031173,4.05258003190851
0.75,93247,su2,12,59.52475967007999,5,100000,0.99104,0.00896,0.99104,0.0,13.328064550216533,4.535202895869449
0.75,93247,su2,12,59.52475967007999,6,100000,0.99459,0.00541,0.99459,0.0,15.978777867601496,4.976400877123194
0.75,93247,su2,12,59.52475967007999,7,100000,0.99704,0.00296,0.99704,0.0,18.63883523935046,5.371392517007941
0.75,93247,su2,12,59.52475967007999,8,100000,0.99812,0.00188,0.99812,0.0,21.278779438380194,5.75363359038175
0.75,93247,su2,12,59.52475967007999,9,100000,0.99896,0.00104,0.99896,0.0,23.93538029253629,6.097758601085748
0.75,93247,su2,12,59.52475967007999,10,100000,0.99939,0.00061,0.99939,0.0,26.584500237448324,6.427955380534975
0.75,93247,su2,12,59.52475967007999,11,100000,0.99969,0.00031,0.99969,0.0,29.23683836612991,6.738742098963874
0.75,93247,su2,12,59.52475967007999,12,100000,0.99978,0.00022,0.99978,0.0,31.88368237602712,7.049301532885701
0.75,93247,su2,13,70.74037367246298,1,100000,0.86701,0.13299,0.86701,0.0,2.673580838152826,2.0328145337826613
0.75,93247,su2,13,70.74037367246298,2,100000,0.94542,0.05458,0.94542,0.0,5.328573463135503,2.874664954611241
0.75,93247,su2,13,70.74037367246298,3,100000,0.97265,0.02735,0.97265,0.0,7.989736473806378,3.519392311738273
0.75,93247,su2,13,70.74037367246298,4,100000,0.98417,0.01583,0.98417,0.0,10.650823441316339,4.062499748031154
0.75,93247,su2,13,70.74037367246298,5,100000,0.99046,0.00954,0.99046,0.0,13.305516126275025,4.54493050363698
0.75,93247,su2,13,70.74037367246298,6,100000,0.99448,0.00552,0.99448,0.0,15.952979591723617,4.979274466547469
0.75,93247,su2,13,70.74037367246298,7,100000,0.99689,0.00311,0.99689,0.0,18.599243880710365,5.376406589696673
0.75,93247,su2,13,70.74037367246298,8,100000,0.99827,0.00173,0.99827,0.0,21.234094341857773,5.7377080883355775
0.75,93247,su2,13,70.74037367246298,9,100000,0.99901,0.00099,0.99901,0.0,23.87985170575667,6.095686539475613
0.75,93247,su2,13,70.74037367246298,10,100000,0.99951,0.00049,0.99951,0.0,26.537575105259307,6.426477648045217
0.75,93247,su2,13,70.74037367246298,11,100000,0.99974,0.00026,0.99974,0.0,29.182569722977178,6.744729643943778
0.75,93247,su2,13,70.74037367246298,12,100000,0.99976,0.00024,0.99976,0.0,31.834750043767613,7.049008308343327
0.75,93247,su2,14,84.0692258995385,1,100000,0.86747,0.13253,0.86747,0.0,2.682451029125199,2.018027751256851
0.75,93247,su2,14,84.0692258995385,2,100000,0.94687,0.05313,0.94687,0.0,5.342997074989126,2.8652947561358806
0.75,93247,su2,14,84.0692258995385,3,100000,0.97264,0.02736,0.97264,0.0,7.989626627512373,3.5251564122790002
0.75,93247,su2,14,84.0692258995385,4,100000,0.98415,0.01585,0.98415,0.0,10.649513906036375,4.062497176822684
0.75,93247,su2,14,84.0692258995385,5,100000,0.9906,0.0094,0.9906,0.0,13.301058480183226,4.543984962653135
0.75,93247,su2,14,84.0692258995385,6,100000,0.99477,0.00523,0.99477,0.0,15.947079089537466,4.972863332567122
0.75,93247,su2,14,84.0692258995385,7,100000,0.99688,0.00312,0.99688,0.0,18.59906692680904,5.380866921466442
0.75,93247,su2,14,84.0692258995385,8,100000,0.99837,0.00163,0.99837,0.0,21.256178589682886,5.737270986644059
0.75,93247,su2,14,84.0692258995385,9,100000,0.99922,0.00078,0.99922,0.0,23.913049144605996,6.090630834592124
0.75,93247,su2,14,84.0692258995385,10,100000,0.99957,0.00043,0.99957,0.0,26.569270107183623,6.409381585931226
0.75,93247,su2,14,84.0692258995385,11,100000,0.99971,0.00029,0.99971,0.0,29.22146239151623,6.730844144184429
0.75,93247,su2,14,84.0692258995385,12,100000,0.99986,0.00014,0.99986,0.0,31.868594045983343,7.035791086681873
0.75,93247,su2,15,99.90949123440735,1,100000,0.86743,0.13257,0.86743,0.0,2.6812571205381746,2.0139218295594232
0.75,93247,su2,15,99.90949123440735,2,100000,0.94731,0.05269,0.94731,0.0,5.348501234177734,2.8476727128135275
0.75,93247,su2,15,99.90949123440735,3,100000,0.97375,0.02625,0.97375,0.0,8.005451659744287,3.488230651422154
0.75,93247,su2,15,99.90949123440735,4,100000,0.98541,0.01459,0.98541,0.0,10.666541129168738,4.015383573356569
0.75,93247,su2,15,99.90949123440735,5,100000,0.99213,0.00787,0.99213,0.0,13.325116200590529,4.499094411493834
0.75,93247,su2,15,99.90949123440735,6,100000,0.99523,0.00477,0.99523,0.0,15.975009048187935,4.937563738240221
0.75,93247,su2,15,99.90949123440735,7,100000,0.99744,0.00256,0.99744,0.0,18.629086227131207,5.3388933145415365
0.75,93247,su2,15,99.90949123440735,8,100000,0.99856,0.00144,0.99856,0.0,21.276634539552514,5.707799898781685
0.75,93247,su2,15,99.90949123440735,9,100000,0.99915,0.00085,0.99915,0.0,23.927779142477956,6.0592065930422105
0.75,93247,su2,15,99.90949123440735,10,100000,0.99951,0.00049,0.99951,0.0,26.573079431288694,6.398886145919026
0.75,93247,su2,15,99.90949123440735,11,100000,0.99971,0.00029,0.99971,0.0,29.22421905278814,6.714140544816596
0.75,93247,su2,15,99.90949123440735,12,100000,0.99982,0.00018,0.99982,0.0,31.878743292281722,7.013804938440974
0.75,93247,su2,16,118.73436839594959,1,100000,0.86681,0.13319,0.86681,0.0,2.67640709241824,2.0234026943029124
0.75,93247,su2,16,118.73436839594959,2,100000,0.94584,0.05416,0.94584,0.0,5.334511055397463,2.8757297433203446
0.75,93247,su2,16,118.73436839594959,3,100000,0.9731,0.0269,0.9731,0.0,7.991951146282008,3.513788020729997
0.75,93247,su2,16,118.73436839594959,4,100000,0.98473,0.01527,0.98473,0.0,10.643029704312857,4.061818328193986
0.75,93247,su2,16,118.73436839594959,5,100000,0.991,0.009,0.991,0.0,13.298599440527799,4.549415859483821
0.75,93247,su2,16,118.73436839594959,6,100000,0.99443,0.00557,0.99443,0.0,15.944819321278151,4.98974067389507
0.75,93247,su2,16,118.73436839594959,7,100000,0.99689,0.00311,0.99689,0.0,18.602700294118165,5.387951733632862
0.75,93247,su2,16,118.73436839594959,8,100000,0.99822,0.00178,0.99822,0.0,21.249511348428697,5.765247724536313
0.75,93247,su2,16,118.73436839594959,9,100000,0.99898,0.00102,0.99898,0.0,23.90011007934956,6.120898557736711
0.75,93247,su2,16,118.73436839594959,10,100000,0.9994,0.0006,0.9994,0.0,26.546719223352973,6.45138731193118
0.75,93247,su2,16,118.73436839594959,11,100000,0.99961,0.00039,0.99961,0.0,29.193025709703733,6.768226379783011
0.75,93247,su2,16,118.73436839594959,12,100000,0.99976,0.00024,0.99976,0.0,31.84828953748098,7.070968758670283
0.75,93247,su2,17,141.10621587801643,1,100000,0.86732,0.13268,0.86732,0.0,2.6785623873344755,2.033975997552405
0.75,93247,su2,17,141.10621587801643,2,100000,0.94492,0.05508,0.94492,0.0,5.327924631936646,2.8930741439395966
0.75,93247,su2,17,141.10621587801643,3,100000,0.97138,0.02862,0.97138,0.0,7.979928282861203,3.5438795388836946
0.75,93247,su2,17,141.10621587801643,4,100000,0.98327,0.01673,0.98327,0.0,10.628463330076114,4.0863162679882405
0.75,93247,su2,17,141.10621587801643,5,100000,0.99058,0.00942,0.99058,0.0,13.278923545638722,4.5550145144591125
0.75,93247,su2,17,141.10621587801643,6,100000,0.99473,0.00527,0.99473,0.0,15.919195957755365,4.987124846473843
0.75,93247,su2,17,141.10621587801643,7,100000,0.99708,0.00292,0.99708,0.0,18.575031903603797,5.380985433505141
0.75,93247,su2,17,141.10621587801643,8,100000,0.9984,0.0016,0.9984,0.0,21.222405089586307,5.7567829192778746
0.75,93247,su2,17,141.10621587801643,9,100000,0.9991,0.0009,0.9991,0.0,23.87517617660977,6.093929659061077
0.75,93247,su2,17,141.10621587801643,10,100000,0.99942,0.00058,0.99942,0.0,26.51682151237349,6.429535084081738
0.75,93247,su2,17,141.10621587801643,11,100000,0.99964,0.00036,0.99964,0.0,29.155546299040164,6.752457136395108
0.75,93247,su2,17,141.10621587801643,12,100000,0.99975,0.00025,0.99975,0.0,31.799547980704478,7.041752647757121
0.75,93247,su2,18,167.69335137249612,1,100000,0.86692,0.13308,0.86692,0.0,2.674822594177443,2.0240793367601144
0.75,93247,su2,18,167.69335137249612,2,100000,0.94589,0.05411,0.94589,0.0,5.331941771895225,2.8714935057054216
0.75,93247,su2,18,167.69335137249612,3,100000,0.97182,0.02818,0.97182,0.0,7.9772973177425595,3.5385880804909235
0.75,93247,su2,18,167.69335137249612,4,100000,0.98401,0.01599,0.98401,0.0,10.637157952293814,4.082279957254828
0.75,93247,su2,18,167.69335137249612,5,100000,0.99056,0.00944,0.99056,0.0,13.29841991744102,4.562228698337741
0.75,93247,su2,18,167.69335137249612,6,100000,0.99426,0.00574,0.99426,0.0,15.950808424267628,5.004202730967876
0.75,93247,su2,18,167.69335137249612,7,100000,0.99663,0.00337,0.99663,0.0,18.58825586987519,5.417755064200159
0.75,93247,su2,18,167.69335137249612,8,100000,0.99784,0.00216,0.99784,0.0,21.23537339680506,5.798972690774638
0.75,93247,su2,18,167.69335137249612,9,100000,0.99879,0.00121,0.99879,0.0,23.88388727131912,6.145037497140096
0.75,93247,su2,18,167.69335137249612,10,100000,0.99921,0.00079,0.99921,0.0,26.53241528849937,6.472010403026775
0.75,93247,su2,18,167.69335137249612,11,100000,0.99959,0.00041,0.99959,0.0,29.18631558363641,6.791187632498502
0.75,93247,su2,18,167.69335137249612,12,100000,0.99976,0.00024,0.99976,0.0,31.825772577800247,7.080369292269192
0.75,93247,su2,19,199.29001652804294,1,100000,0.86512,0.13488,0.86512,0.0,2.6637423634639283,2.032906044250576
0.75,93247,su2,19,199.29001652804294,2,100000,0.9457,0.0543,0.9457,0.0,5.326576289177812,2.8663900710450636
0.75,93247,su2,19,199.29001652804294,3,100000,0.97361,0.02639,0.97361,0.0,7.9808090958223135,3.5049324467568646
0.75,93247,su2,19,199.29001652804294,4,100000,0.98426,0.01574,0.98426,0.0,10.624559089864707,4.066898855631252
0.75,93247,su2,19,199.29001652804294,5,100000,0.99044,0.00956,0.99044,0.0,13.266844893131529,4.552749404608759
0.75,93247,su2,19,199.29001652804294,6,100000,0.99464,0.00536,0.99464,0.0,15.91801742207847,4.991780517446129
0.75,93247,su2,19,199.29001652804294,7,100000,0.9969,0.0031,0.9969,0.0,18.57052646811069,5.38662215548101
0.75,93247,su2,19,199.29001652804294,8,100000,0.99809,0.00191,0.99809,0.0,21.21606908707181,5.750979631745932
0.75,93247,su2,19,199.29001652804294,9,100000,0.99884,0.00116,0.99884,0.0,23.86180201502271,6.112114630169013
0.75,93247,su2,19,199.29001652804294,10,100000,0.99943,0.00057,0.99943,0.0,26.510915372123637,6.441370252304574
0.75,93247,su2,19,199.29001652804294,11,100000,0.99969,0.00031,0.99969,0.0,29.15922779499853,6.74673359999522
0.75,93247,su2,19,199.29001652804294,12,100000,0.99979,0.00021,0.99979,0.0,31.797178976348984,7.046456174462477
0.75,103250,photon,0,7.499999999999999,1,100000,0.79645,0.79645,0.20355,0.0,-5.493079397818973,5.694988613586031
0.75,103250,photon,0,7.499999999999999,2,100000,0.89382,0.89382,0.10618,0.0,-10.903916549621139,8.041011183239211
0.75,103250,photon,0,7.499999999999999,3,100000,0.94531,0.94531,0.05469,0.0,-16.356734535918264,9.820947317375337
0.75,103250,photon,0,7.499999999999999,4,100000,0.97149,0.97149,0.02851,0.0,-21.79769022845698,11.334826188093725
0.75,103250,photon,0,7.499999999999999,5,100000,0.98444,0.98444,0.01556,0.0,-27.244934587162103,12.666732755320268
0.75,103250,photon,0,7.499999999999999,6,100000,0.99107,0.99107,0.00893,0.0,-32.66007078914879,13.876563253087214
0.75,103250,photon,0,7.499999999999999,7,100000,0.99485,0.99485,0.00515,0.0,-38.09731676079507,15.015427954730303
0.75,103250,photon,0,7.499999999999999,8,100000,0.99701,0.99701,0.00299,0.0,-43.51090186059816,16.04792207478056
0.75,103250,photon,0,7.499999999999999,9,100000,0.99827,0.99827,0.00173,0.0,-48.93348047815503,17.04358810695713
0.75,103250,photon,0,7.499999999999999,10,100000,0.999,0.999,0.001,0.0,-54.344909013766646,17.95973408129317
0.75,103250,photon,0,7.499999999999999,11,100000,0.99938,0.99938,0.00062,0.0,-59.749273984344526,18.843134577238178
0.75,103250,photon,0,7.499999999999999,12,100000,0.99966,0.99966,0.00034,0.0,-65.1853384378388,19.693301034226707
0.75,103250,photon,1,8.078346172301348,1,100000,0.79712,0.79712,0.20288,0.0,-5.537429591734879,5.688754630156576
0.75,103250,photon,1,8.078346172301348,2,100000,0.895,0.895,0.105,0.0,-11.018036416981916,8.037357335952928
0.75,103250,photon,1,8.078346172301348,3,100000,0.94649,0.94649,0.05351,0.0,-16.535805746604655,9.816581156275891
0.75,103250,photon,1,8.078346172301348,4,100000,0.97184,0.97184,0.02816,0.0,-22.007801848251553,11.335553141456243
0.75,103250,photon,1,8.078346172301348,5,100000,0.98459,0.98459,0.01541,0.0,-27.4990642145503,12.668178265538677
0.75,103250,photon,1,8.078346172301348,6,100000,0.99152,0.99152,0.00848,0.0,-33.00958663250437,13.8853497694425
0.75,103250,photon,1,8.078346172301348,7,100000,0.99509,0.99509,0.00491,0.0,-38.49436874561541,14.983702331862677
0.75,103250,photon,1,8.078346172301348,8,100000,0.9971,0.9971,0.0029,0.0,-44.00110572046426,16.02894585385879
0.75,103250,photon,1,8.078346172301348,9,100000,0.99818,0.99818,0.00182,0.0,-49.466805888835985,17.024664146272116
0.75,103250,photon,1,8.078346172301348,10,100000,0.99912,0.99912,0.00088,0.0,-54.933285450620915,17.940853319263073
0.75,103250,photon,1,8.078346172301348,11,100000,0.99946,0.99946,0.00054,0.0,-60.407186021950515,18.804540492997738
0.75,103250,photon,1,8.078346172301348,12,100000,0.99969,0.99969,0.00031,0.0,-65.87484904877613,19.668721561419854
0.75,103250,photon,2,8.70129025060478,1,100000,0.80291,0.80291,0.19709,0.0,-5.618324592945148,5.678330357181181
0.75,103250,photon,2,8.70129025060478,2,100000,0.89803,0.89803,0.10197,0.0,-11.172731553982022,8.00697016868635
0.75,103250,photon,2,8.70129025060478,3,100000,0.94928,0.94928,0.05072,0.0,-16.69594931856124,9.788293722993595
0.75,103250,photon,2,8.70129025060478,4,100000,0.97422,0.97422,0.02578,0.0,-22.221989597304223,11.318754889551021
0.75,103250,photon,2,8.70129025060478,5,100000,0.98627,0.98627,0.01373,0.0,-27.756137181225192,12.661761410600503
0.75,103250,photon,2,8.70129025060478,6,100000,0.99221,0.99221,0.00779,0.0,-33.289269133023666,13.853068670771494
0.75,103250,photon,2,8.70129025060478,7,100000,0.99549,0.99549,0.00451,0.0,-38.85076666002403,14.976883285493189
0.75,103250,photon,2,8.70129025060478,8,100000,0.99735,0.99735,0.00265,0.0,-44.35641896704247,16.02002275461395
0.75,103250,photon,2,8.70129025060478,9,100000,0.9985,0.9985,0.0015,0.0,-49.89481837222697,16.9777238265223
0.75,103250,photon,2,8.70129025060478,10,100000,0.99913,0.99913,0.00087,0.0,-55.42616472641341,17.89048680261509
0.75,103250,photon,2,8.70129025060478,11,100000,0.99949,0.99949,0.00051,0.0,-60.95414910971874,18.77718918978709
0.75,103250,photon,2,8.70129025060478,12,100000,0.99975,0.99975,0.00025,0.0,-66.50298095236776,19.652501096191774
0.75,103250,photon,3,9.372271305340822,1,100000,0.80492,0.80492,0.19508,0.0,-5.653483802360245,5.6705881282392445
0.75,103250,photon,3,9.372271305340822,2,100000,0.8999,0.8999,0.1001,0.0,-11.245566501658791,8.017641107491508
0.75,103250,photon,3,9.372271305340822,3,100000,0.94964,0.94964,0.05036,0.0,-16.86415135185138,9.833353967289487
0.75,103250,photon,3,9.372271305340822,4,100000,0.97453,0.97453,0.02547,0.0,-22.432018419387155,11.35257951580994
0.75,103250,photon,3,9.372271305340822,5,100000,0.98674,0.98674,0.01326,0.0,-28.04585049042855,12.662072545491222
0.75,103250,photon,3,9.372271305340822,6,100000,0.99242,0.99242,0.00758,0.0,-33.61261947722853,13.85065232914411
0.75,103250,photon,3,9.372271305340822,7,100000,0.99564,0.99564,0.00436,0.0,-39.2005426469297,14.955036889798455
0.75,103250,photon,3,9.372271305340822,8,100000,0.9977,0.9977,0.0023,0.0,-44.79431002853331,15.98051119567157
0.75,103250,photon,3,9.372271305340822,9,100000,0.99847,0.99847,0.00153,0.0,-50.40521111492265,16.96171958700234
0.75,103250,photon,3,9.372271305340822,10,100000,0.99918,0.99918,0.00082,0.0,-55.99685222231945,17.89172628842482
0.75,103250,photon,3,9.372271305340822,11,100000,0.99954,0.99954,0.00046,0.0,-61.59260530813955,18.772088918498696
0.75,103250,photon,3,9.372271305340822,12,100000,0.99975,0.99975,0.00025,0.0,-67.16208267660527,19.655658616906738
0.75,103250,photon,4,10.094993603369304,1,100000,0.80685,0.80685,0.19315,0.0,-5.705165303425481,5.667935566144892
0.75,103250,photon,4,10.094993603369304,2,100000,0.90156,0.90156,0.09844,0.0,-11.367305559507134,8.033712117267468
0.75,103250,photon,4,10.094993603369304,3,100000,0.95013,0.95013,0.04987,0.0,-16.996578908874035,9.835118253791434
0.75,103250,photon,4,10.094993603369304,4,100000,0.97517,0.97517,0.02483,0.0,-22.61465761500043,11.339705648838562
0.75,103250,photon,4,10.094993603369304,5,100000,0.98701,0.98701,0.01299,0.0,-28.286754633354253,12.679338513920968
0.75,103250,photon,4,10.094993603369304,6,100000,0.99236,0.99236,0.00764,0.0,-33.91826825713081,13.900554563414845
0.75,103250,photon,4,10.094993603369304,7,100000,0.99577,0.99577,0.00423,0.0,-39.590090706584064,15.014735660855008
0.75,103250,photon,4,10.094993603369304,8,100000,0.99765,0.99765,0.00235,0.0,-45.20895281728623,16.05257036509932
0.75,103250,photon,4,10.094993603369304,9,100000,0.99852,0.99852,0.00148,0.0,-50.83856883474479,16.98117972571559
0.75,103250,photon,4,10.094993603369304,10,100000,0.99924,0.99924,0.00076,0.0,-56.45450374879956,17.902741509369072
0.75,103250,photon,4,10.094993603369304,11,100000,0.99952,0.99952,0.00048,0.0,-62.08950191417506,18.787475503927634
0.75,103250,photon,4,10.094993603369304,12,100000,0.99979,0.99979,0.00021,0.0,-67.72946520524319,19.617806225934075
0.75,103250,photon,5,10.873447058024672,1,100000,0.80792,0.80792,0.19208,0.0,-5.7478838224162825,5.668615550966219
0.75,103250,photon,5,10.873447058024672,2,100000,0.90521,0.90521,0.09479,0.0,-11.435986293432233,7.990413061286225
0.75,103250,photon,5,10.873447058024672,3,100000,0.95274,0.95274,0.04726,0.0,-17.15212183500052,9.794485134223926
0.75,103250,photon,5,10.873447058024672,4,100000,0.97631,0.97631,0.02369,0.0,-22.843982553679055,11.333055365539845
0.75,103250,photon,5,10.873447058024672,5,100000,0.98736,0.98736,0.01264,0.0,-28.51783613265237,12.68598309595367
0.75,103250,photon,5,10.873447058024672,6,100000,0.9931,0.9931,0.0069,0.0,-34.21179161571576,13.896991378011657
0.75,103250,photon,5,10.873447058024672,7,100000,0.99606,0.99606,0.00394,0.0,-39.870597186059776,14.98700726572727
0.75,103250,photon,5,10.873447058024672,8,100000,0.99766,0.99766,0.00234,0.0,-45.555816881735865,16.032774851103685
0.75,103250,photon,5,10.873447058024672,9,100000,0.99863,0.99863,0.00137,0.0,-51.2223620103926,17.013618502322014
0.75,103250,photon,5,10.873447058024672,10,100000,0.99911,0.99911,0.00089,0.0,-56.868318073896596,17.9382475151194
0.75,103250,photon,5,10.873447058024672,11,100000,0.99956,0.99956,0.00044,0.0,-62.52772256712974,18.803803543412837
0.75,103250,photon,5,10.873447058024672,12,100000,0.9998,0.9998,0.0002,0.0,-68.2043445842775,19.62547322341262
0.75,103250,photon,6,11.711929256121993,1,100000,0.81351,0.81351,0.18649,0.0,-5.837175564354778,5.6446146709151375
0.75,103250,photon,6,11.711929256121993,2,100000,0.90692,0.90692,0.09308,0.0,-11.568250172784195,7.992359812160366
0.75,103250,photon,6,11.711929256121993,3,100000,0.9545,0.9545,0.0455,0.0,-17.327738856330434,9.793899945588816
0.75,103250,photon,6,11.711929256121993,4,100000,0.97724,0.97724,0.02276,0.0,-23.036045591260727,11.300940230585933
0.75,103250,photon,6,11.711929256121993,5,100000,0.98789,0.98789,0.01211,0.0,-28.776326822361924,12.614128733812208
0.75,103250,photon,6,11.711929256121993,6,100000,0.99332,0.99332,0.00668,0.0,-34.481963500103845,13.852453338076128
0.75,103250,photon,6,11.711929256121993,7,100000,0.99646,0.99646,0.00354,0.0,-40.22581744916354,14.97006902133975
0.75,103250,photon,6,11.711929256121993,8,100000,0.99806,0.99806,0.00194,0.0,-45.97480245580427,16.015900731784495
0.75,103250,photon,6,11.711929256121993,9,100000,0.99895,0.99895,0.00105,0.0,-51.703447656651214,16.99679546508785
0.75,103250,photon,6,11.711929256121993,10,100000,0.99935,0.99935,0.00065,0.0,-57.42620640591045,17.896497336150148
0.75,103250,photon,6,11.711929256121993,11,100000,0.99963,0.99963,0.00037,0.0,-63.131631024370414,18.793115981361176
0.75,103250,photon,6,11.711929256121993,12,100000,0.99984,0.99984,0.00016,0.0,-68.86204130996639,19.639497863545756
0.75,103250,photon,7,12.615069183527634,1,100000,0.81231,0.81231,0.18769,0.0,-5.832699161481436,5.6567354191496415
0.75,103250,photon,7,12.615069183527634,2,100000,0.90701,0.90701,0.09299,0.0,-11.605924801185434,8.019505957129777
0.75,103250,photon,7,12.615069183527634,3,100000,0.95433,0.95433,0.04567,0.0,-17.403358591416254,9.826518297620801
0.75,103250,photon,7,12.615069183527634,4,100000,0.97706,0.97706,0.02294,0.0,-23.15678638819694,11.332101121719505
0.75,103250,photon,7,12.615069183527634,5,100000,0.98828,0.98828,0.01172,0.0,-28.90554754363223,12.645319055835364
0.75,103250,photon,7,12.615069183527634,6,100000,0.99354,0.99354,0.00646,0.0,-34.68370810052126,13.861216241831764
0.75,103250,photon,7,12.615069183527634,7,100000,0.99655,0.99655,0.00345,0.0,-40.48385923158676,14.946713592864915
0.75,103250,photon,7,12.615069183527634,8,100000,0.9982,0.9982,0.0018,0.0,-46.24243259374817,15.992769976370367
0.75,103250,photon,7,12.615069183527634,9,100000,0.99889,0.99889,0.00111,0.0,-52.045469668023365,16.962571379049628
0.75,103250,photon,7,12.615069183527634,10,100000,0.99959,0.99959,0.00041,0.0,-57.789905631699355,17.884469679247562
0.75,103250,photon,7,12.615069183527634,11,100000,0.99973,0.99973,0.00027,0.0,-63.53990605092817,18.765265680153767
0.75,103250,photon,7,12.615069183527634,12,100000,0.99988,0.99988,0.00012,0.0,-69.29263020977034,19.573949775202042
0.75,103250,photon,8,13.587852780275625,1,100000,0.81276,0.81276,0.18724,0.0,-5.851284546438082,5.650277386417704
0.75,103250,photon,8,13.587852780275625,2,100000,0.90781,0.90781,0.09219,0.0,-11.627104461515978,8.005758983927972
0.75,103250,photon,8,13.587852780275625,3,100000,0.95581,0.95581,0.04419,0.0,-17.448550703179183,9.792203845518692
0.75,103250,photon,8,13.587852780275625,4,100000,0.97846,0.97846,0.02154,0.0,-23.28466346963721,11.302463194264432
0.75,103250,photon,8,13.587852780275625,5,100000,0.98899,0.98899,0.01101,0.0,-29.09365294099592,12.614928568805157
0.75,103250,photon,8,13.587852780275625,6,100000,0.99438,0.99438,0.00562,0.0,-34.88477924691014,13.822289547409179
0.75,103250,photon,8,13.587852780275625,7,100000,0.99693,0.99693,0.00307,0.0,-40.6914257755686,14.951976634789474
0.75,103250,photon,8,13.587852780275625,8,100000,0.99824,0.99824,0.00176,0.0,-46.49110763784389,16.00567811193711
0.75,103250,photon,8,13.587852780275625,9,100000,0.99896,0.99896,0.00104,0.0,-52.31513025580189,16.983132280229214
0.75,103250,photon,8,13.587852780275625,10,100000,0.99946,0.99946,0.00054,0.0,-58.15291472952218,17.865014415077898
0.75,103250,photon,8,13.587852780275625,11,100000,0.99973,0.99973,0.00027,0.0,-63.90990789791375,18.75347222563092
0.75,103250,photon,8,13.587852780275625,12,100000,0.9998,0.9998,0.0002,0.0,-69.69407433671036,19.613349384728462
0.75,103250,photon,9,14.635650466311175,1,100000,0.81324,0.81324,0.18676,0.0,-5.887339767094515,5.655745164798815
0.75,103250,photon,9,14.635650466311175,2,100000,0.90805,0.90805,0.09195,0.0,-11.707030984399678,8.020898266196452
0.75,103250,photon,9,14.635650466311175,3,100000,0.95549,0.95549,0.04451,0.0,-17.555204742420617,9.824525293657073
0.75,103250,photon,9,14.635650466311175,4,100000,0.97849,0.97849,0.02151,0.0,-23.372803417095998,11.342594096867927
0.75,103250,photon,9,14.635650466311175,5,100000,0.98894,0.98894,0.01106,0.0,-29.195135396032363,12.66245092026198
0.75,103250,photon,9,14.635650466311175,6,100000,0.99404,0.99404,0.00596,0.0,-35.04100078076495,13.883206233983403
0.75,103250,photon,9,14.635650466311175,7,100000,0.99682,0.99682,0.00318,0.0,-40.909203679333174,15.004195371580286
0.75,103250,photon,9,14.635650466311175,8,100000,0.99831,0.99831,0.00169,0.0,-46.73041968575312,16.060386976503267
0.75,103250,photon,9,14.635650466311175,9,100000,0.99889,0.99889,0.00111,0.0,-52.564579414843784,17.017417875934726
0.75,103250,photon,9,14.635650466311175,10,100000,0.9995,0.9995,0.0005,0.0,-58.4159331037299,17.93454162113195
0.75,103250,photon,9,14.635650466311175,11,100000,0.99972,0.99972,0.00028,0.0,-64.26668077047279,18.77238620400691
0.75,103250,photon,9,14.635650466311175,12,100000,0.99989,0.99989,0.00011,0.0,-70.10263245972264,19.614403053809912
0.75,103250,photon,10,15.764246789822048,1,100000,0.81515,0.81515,0.18485,0.0,-5.9397666493819505,5.642333302650841
0.75,103250,photon,10,15.764246789822048,2,100000,0.91104,0.91104,0.08896,0.0,-11.82567042849341,7.96645505934492
0.75,103250,photon,10,15.764246789822048,3,100000,0.95804,0.95804,0.04196,0.0,-17.695496552494106,9.749220561741605
0.75,103250,photon,10,15.764246789822048,4,100000,0.9798,0.9798,0.0202,0.0,-23.58438629637813,11.253582556473324
0.75,103250,photon,10,15.764246789822048,5,100000,0.99002,0.99002,0.00998,0.0,-29.479997029853518,12.589910741548776
0.75,103250,photon,10,15.764246789822048,6,100000,0.9948,0.9948,0.0052,0.0,-35.34290058354489,13.795389630775897
0.75,103250,photon,10,15.764246789822048,7,100000,0.99739,0.99739,0.00261,0.0,-41.16623930371655,14.91512313166783
0.75,103250,photon,10,15.764246789822048,8,100000,0.99873,0.99873,0.00127,0.0,-47.04057771303773,15.90695257943148
0.75,103250,photon,10,15.764246789822048,9,100000,0.99908,0.99908,0.00092,0.0,-52.9124976808753,16.876333094955545
0.75,103250,photon,10,15.764246789822048,10,100000,0.9995,0.9995,0.0005,0.0,-58.790745870494426,17.82874404998868
0.75,103250,photon,10,15.764246789822048,11,100000,0.99974,0.99974,0.00026,0.0,-64.65545720805304,18.71128084336915
0.75,103250,photon,10,15.764246789822048,12,100000,0.99982,0.99982,0.00018,0.0,-70.52939196630416,19.540284995054225
0.75,103250,photon,11,16.979872361836364,1,100000,0.81662,0.81662,0.18338,0.0,-5.952256144078477,5.644364304035668
0.75,103250,photon,11,16.979872361836364,2,100000,0.91162,0.91162,0.08838,0.0,-11.837508712878444,7.966480607062748
0.75,103250,photon,11,16.979872361836364,3,100000,0.95958,0.95958,0.04042,0.0,-17.76436818945023,9.709711550131166
0.75,103250,photon,11,16.979872361836364,4,100000,0.98029,0.98029,0.01971,0.0,-23.664619132329356,11.219114641332133
0.75,103250,photon,11,16.979872361836364,5,100000,0.9904,0.9904,0.0096,0.0,-29.585459271406037,12.554394918321423
0.75,103250,photon,11,16.979872361836364,6,100000,0.99518,0.99518,0.00482,0.0,-35.4813359439409,13.755013237767743
0.75,103250,photon,11,16.979872361836364,7,100000,0.99735,0.99735,0.00265,0.0,-41.42490846692223,14.85708152811242
0.75,103250,photon,11,16.979872361836364,8,100000,0.99852,0.99852,0.00148,0.0,-47.317958884751086,15.917381560786064
0.75,103250,photon,11,16.979872361836364,9,100000,0.99917,0.99917,0.00083,0.0,-53.23531468135318,16.887052040663544
0.75,103250,photon,11,16.979872361836364,10,100000,0.99959,0.99959,0.00041,0.0,-59.14352802261588,17.795485099124726
0.75,103250,photon,11,16.979872361836364,11,100000,0.99979,0.99979,0.00021,0.0,-65.06236962041173,18.65867432535678
0.75,103250,photon,11,16.979872361836364,12,100000,0.99991,0.99991,9e-05,0.0,-70.99668837763649,19.505696594931557
0.75,103250,photon,12,18.2892382533875,1,100000,0.81824,0.81824,0.18176,0.0,-5.9713307521142545,5.638992573942995
0.75,103250,photon,12,18.2892382533875,2,100000,0.91314,0.91314,0.08686,0.0,-11.916999416847876,7.961281280633688
0.75,103250,photon,12,18.2892382533875,3,100000,0.95849,0.95849,0.04151,0.0,-17.87521663697146,9.762579109718844
0.75,103250,photon,12,18.2892382533875,4,100000,0.98062,0.98062,0.01938,0.0,-23.82090584908832,11.253612520666831
0.75,103250,photon,12,18.2892382533875,5,100000,0.98986,0.98986,0.01014,0.0,-29.742314378836877,12.59855297453708
0.75,103250,photon,12,18.2892382533875,6,100000,0.99513,0.99513,0.00487,0.0,-35.67742682024213,13.819457962778785
0.75,103250,photon,12,18.2892382533875,7,100000,0.99727,0.99727,0.00273,0.0,-41.63203058016626,14.94891004402589
0.75,103250,photon,12,18.2892382533875,8,100000,0.99848,0.99848,0.00152,0.0,-47.5681170026539,15.955417217054643
0.75,103250,photon,12,18.2892382533875,9,100000,0.99925,0.99925,0.00075,0.0,-53.496539069494645,16.91120971642829
0.75,103250,photon,12,18.2892382533875,10,100000,0.99945,0.99945,0.00055,0.0,-59.39417563180522,17.83677182431801
0.75,103250,photon,12,18.2892382533875,11,100000,0.99977,0.99977,0.00023,0.0,-65.30847540803288,18.722399113875532
0.75,103250,photon,12,18.2892382533875,12,100000,0.99985,0.99985,0.00015,0.0,-71.24243232959708,19.545838631240507
0.75,103250,photon,13,19.699573045141378,1,100000,0.82026,0.82026,0.17974,0.0,-6.030611030500311,5.625387718216086
0.75,103250,photon,13,19.699573045141378,2,100000,0.9147,0.9147,0.0853,0.0,-11.984065265755353,7.958487944862526
0.75,103250,photon,13,19.699573045141378,3,100000,0.96052,0.96052,0.03948,0.0,-17.97328715434717,9.738891402962789
0.75,103250,photon,13,19.699573045141378,4,100000,0.98055,0.98055,0.01945,0.0,-23.921203141828737,11.262746132692696
0.75,103250,photon,13,19.699573045141378,5,100000,0.98995,0.98995,0.01005,0.0,-29.837237488894573,12.599342159388966
0.75,103250,photon,13,19.699573045141378,6,100000,0.99472,0.99472,0.00528,0.0,-35.79858305012231,13.797788337413467
0.75,103250,photon,13,19.699573045141378,7,100000,0.9972,0.9972,0.0028,0.0,-41.7418052404339,14.907987740652484
0.75,103250,photon,13,19.699573045141378,8,100000,0.99844,0.99844,0.00156,0.0,-47.68986426567566,15.92660920785653
0.75,103250,photon,13,19.699573045141378,9,100000,0.99921,0.99921,0.00079,0.0,-53.65059578585258,16.911721639999353
0.75,103250,photon,13,19.699573045141378,10,100000,0.99953,0.99953,0.00047,0.0,-59.6229553699999,17.8375022094755
0.75,103250,photon,13,19.699573045141378,11,100000,0.99977,0.99977,0.00023,0.0,-65.57501269325131,18.737887127349765
0.75,103250,photon,13,19.699573045141378,12,100000,0.99985,0.99985,0.00015,0.0,-71.51122127168948,19.57686216298298
0.75,103250,photon,14,21.218662734025152,1,100000,0.82255,0.82255,0.17745,0.0,-6.055319725140867,5.6190319999902165
0.75,103250,photon,14,21.218662734025152,2,100000,0.91605,0.91605,0.08395,0.0,-12.03371294797593,7.96686085561503
0.75,103250,photon,14,21.218662734025152,3,100000,0.96141,0.96141,0.03859,0.0,-18.022438342352125,9.74585076227277
0.75,103250,photon,14,21.218662734025152,4,100000,0.98185,0.98185,0.01815,0.0,-23.99788420526402,11.275261529690209
0.75,103250,photon,14,21.218662734025152,5,100000,0.99116,0.99116,0.00884,0.0,-30.001199106752043,12.619733269383117
0.75,103250,photon,14,21.218662734025152,6,100000,0.99543,0.99543,0.00457,0.0,-35.95594557828886,13.816188899480819
0.75,103250,photon,14,21.218662734025152,7,100000,0.9977,0.9977,0.0023,0.0,-41.91675429674471,14.895533321435478
0.75,103250,photon,14,21.218662734025152,8,100000,0.99878,0.99878,0.00122,0.0,-47.89662599471434,15.931132387675573
0.75,103250,photon,14,21.218662734025152,9,100000,0.99937,0.99937,0.00063,0.0,-53.887547653128756,16.911231864417267
0.75,103250,photon,14,21.218662734025152,10,100000,0.99965,0.99965,0.00035,0.0,-59.85363982296086,17.80241049951222
0.75,103250,photon,14,21.218662734025152,11,100000,0.99987,0.99987,0.00013,0.0,-65.80482084690853,18.66507134151335
0.75,103250,photon,14,21.218662734025152,12,100000,0.99995,0.99995,5e-05,0.0,-71.75240325683852,19.502168006516023
0.75,103250,photon,15,22.85489371716872,1,100000,0.82281,0.82281,0.17719,0.0,-6.095628347038732,5.6217491571828555
0.75,103250,photon,15,22.85489371716872,2,100000,0.916,0.916,0.084,0.0,-12.09288713100198,7.983615087040854
0.75,103250,photon,15,22.85489371716872,3,100000,0.9603,0.9603,0.0397,0.0,-18.081733297584165,9.749465503890217
0.75,103250,photon,15,22.85489371716872,4,100000,0.98036,0.98036,0.01964,0.0,-24.117647674723017,11.27671552615096
0.75,103250,photon,15,22.85489371716872,5,100000,0.99034,0.99034,0.00966,0.0,-30.139943581157745,12.608858677921686
0.75,103250,photon,15,22.85489371716872,6,100000,0.9951,0.9951,0.0049,0.0,-36.16777710872258,13.796972365788744
0.75,103250,photon,15,22.85489371716872,7,100000,0.99737,0.99737,0.00263,0.0,-42.19196291299449,14.91744452093325
0.75,103250,photon,15,22.85489371716872,8,100000,0.99867,0.99867,0.00133,0.0,-48.218076991750486,15.941014563726952
0.75,103250,photon,15,22.85489371716872,9,100000,0.99926,0.99926,0.00074,0.0,-54.17925962340848,16.934005819767158
0.75,103250,photon,15,22.85489371716872,10,100000,0.99959,0.99959,0.00041,0.0,-60.18049991880499,17.874400499341025
0.75,103250,photon,15,22.85489371716872,11,100000,0.99978,0.99978,0.00022,0.0,-66.18452549022184,18.73062517700038
0.75,103250,photon,15,22.85489371716872,12,100000,0.99991,0.99991,9e-05,0.0,-72.17753524881635,19.568806071736294
0.75,103250,photon,16,24.617299090459206,1,100000,0.82391,0.82391,0.17609,0.0,-6.101147270101675,5.616240327221546
0.75,103250,photon,16,24.617299090459206,2,100000,0.91712,0.91712,0.08288,0.0,-12.135246884563074,7.947242083474261
0.75,103250,photon,16,24.617299090459206,3,100000,0.96106,0.96106,0.03894,0.0,-18.146611045933735,9.744129995553564
0.75,103250,photon,16,24.617299090459206,4,100000,0.98177,0.98177,0.01823,0.0,-24.210487801388762,11.256776363990216
0.75,103250,photon,16,24.617299090459206,5,100000,0.99081,0.99081,0.00919,0.0,-30.258211417733524,12.590954976640877
0.75,103250,photon,16,24.617299090459206,6,100000,0.99519,0.99519,0.00481,0.0,-36.268874243617745,13.769638949611394
0.75,103250,photon,16,24.617299090459206,7,100000,0.9977,0.9977,0.0023,0.0,-42.32334123080291,14.883773746191979
0.75,103250,photon,16,24.617299090459206,8,100000,0.99873,0.99873,0.00127,0.0,-48.36225003518995,15.916581645109153
0.75,103250,photon,16,24.617299090459206,9,100000,0.99955,0.99955,0.00045,0.0,-54.41739715588171,16.90219662386327
0.75,103250,photon,16,24.617299090459206,10,100000,0.99967,0.99967,0.00033,0.0,-60.44209890610448,17.839154374916685
0.75,103250,photon,16,24.617299090459206,11,100000,0.99979,0.99979,0.00021,0.0,-66.46940125211819,18.752674437223497
0.75,103250,photon,16,24.617299090459206,12,100000,0.99988,0.99988,0.00012,0.0,-72.47546586038251,19.570691970100825
0.75,103250,photon,17,26.515608517307804,1,100000,0.82556,0.82556,0.17444,0.0,-6.117438221080423,5.604512831795026
0.75,103250,photon,17,26.515608517307804,2,100000,0.9176,0.9176,0.0824,0.0,-12.154407575482589,7.944698780991117
0.75,103250,photon,17,26.515608517307804,3,100000,0.96226,0.96226,0.03774,0.0,-18.216862877049227,9.734194009569755
0.75,103250,photon,17,26.515608517307804,4,100000,0.98281,0.98281,0.01719,0.0,-24.28897827741446,11.245830978205161
0.75,103250,photon,17,26.515608517307804,5,100000,0.99137,0.99137,0.00863,0.0,-30.31538905174304,12.577460455727374
0.75,103250,photon,17,26.515608517307804,6,100000,0.99557,0.99557,0.00443,0.0,-36.328811359537475,13.780532431910334
0.75,103250,photon,17,26.515608517307804,7,100000,0.99769,0.99769,0.00231,0.0,-42.40464900683486,14.889871006868324
0.75,103250,photon,17,26.515608517307804,8,100000,0.99885,0.99885,0.00115,0.0,-48.44140313194745,15.904613299098324
0.75,103250,photon,17,26.515608517307804,9,100000,0.99935,0.99935,0.00065,0.0,-54.50329435788642,16.842510111458413
0.75,103250,photon,17,26.515608517307804,10,100000,0.99964,0.99964,0.00036,0.0,-60.54039025735853,17.75663558332059
0.75,103250,photon,17,26.515608517307804,11,100000,0.99981,0.99981,0.00019,0.0,-66.57096324735323,18.657867292193057
0.75,103250,photon,17,26.515608517307804,12,100000,0.99992,0.99992,8e-05,0.0,-72.58449608394723,19.48812264108762
0.75,103250,photon,18,28.560301942937947,1,100000,0.82477,0.82477,0.17523,0.0,-6.142656516487372,5.6154880061441075
0.75,103250,photon,18,28.560301942937947,2,100000,0.91855,0.91855,0.08145,0.0,-12.21645719587822,7.935472732633949
0.75,103250,photon,18,28.560301942937947,3,100000,0.96227,0.96227,0.03773,0.0,-18.26461023310628,9.732069177759257
0.75,103250,photon,18,28.560301942937947,4,100000,0.98264,0.98264,0.01736,0.0,-24.31631456704684,11.236892873310685
0.75,103250,photon,18,28.560301942937947,5,100000,0.99135,0.99135,0.00865,0.0,-30.366555532456776,12.553734041121693
0.75,103250,photon,18,28.560301942937947,6,100000,0.9953,0.9953,0.0047,0.0,-36.45434199209097,13.785322105054519
0.75,103250,photon,18,28.560301942937947,7,100000,0.99765,0.99765,0.00235,0.0,-42.518022009025465,14.884387020823143
0.75,103250,photon,18,28.560301942937947,8,100000,0.99869,0.99869,0.00131,0.0,-48.59417859753606,15.917634958521436
0.75,103250,photon,18,28.560301942937947,9,100000,0.99928,0.99928,0.00072,0.0,-54.665178226443324,16.890682036536052
0.75,103250,photon,18,28.560301942937947,10,100000,0.9996,0.9996,0.0004,0.0,-60.713036062955645,17.78069795706388
0.75,103250,photon,18,28.560301942937947,11,100000,0.99979,0.99979,0.00021,0.0,-66.76862948669388,18.641873945843557
0.75,103250,photon,18,28.560301942937947,12,100000,0.99989,0.99989,0.00011,0.0,-72.83361397934338,19.481258730318594
0.75,103250,photon,19,30.762667450733804,1,100000,0.82428,0.82428,0.17572,0.0,-6.1267831494671805,5.614131423687263
0.75,103250,photon,19,30.762667450733804,2,100000,0.91911,0.91911,0.08089,0.0,-12.214648149470658,7.925830063108018
0.75,103250,photon,19,30.762667450733804,3,100000,0.96299,0.96299,0.03701,0.0,-18.287353358388643,9.704309809448736
0.75,103250,photon,19,30.762667450733804,4,100000,0.98275,0.98275,0.01725,0.0,-24.378581095193542,11.230466732646937
0.75,103250,photon,19,30.762667450733804,5,100000,0.99137,0.99137,0.00863,0.0,-30.4589268541608,12.559021966248759
0.75,103250,photon,19,30.762667450733804,6,100000,0.99584,0.99584,0.00416,0.0,-36.53832913810626,13.761849926288406
0.75,103250,photon,19,30.762667450733804,7,100000,0.99784,0.99784,0.00216,0.0,-42.61830093748237,14.88220717021688
0.75,103250,photon,19,30.762667450733804,8,100000,0.99869,0.99869,0.00131,0.0,-48.66081616418238,15.905619194014914
0.75,103250,photon,19,30.762667450733804,9,100000,0.9993,0.9993,0.0007,0.0,-54.74344791662437,16.894645154637296
0.75,103250,photon,19,30.762667450733804,10,100000,0.99972,0.99972,0.00028,0.0,-60.79392938539227,17.80085788388307
0.75,103250,photon,19,30.762667450733804,11,100000,0.99991,0.99991,9e-05,0.0,-66.86697235539457,18.646714344966767
0.75,103250,photon,19,30.762667450733804,12,100000,0.99995,0.99995,5e-05,0.0,-72.94394964334391,19.459003779221078
0.75,103250,su2,0,7.499999999999999,1,100000,0.87429,0.12571,0.87429,0.0,2.735854311793896,1.9932734837801
0.75,103250,su2,0,7.499999999999999,2,100000,0.95099,0.04901,0.95099,0.0,5.448644798487967,2.822143025798186
0.75,103250,su2,0,7.499999999999999,3,100000,0.97592,0.02408,0.97592,0.0,8.1741614363862,3.460435723325835
0.75,103250,su2,0,7.499999999999999,4,100000,0.98647,0.01353,0.98647,0.0,10.895477180516599,3.9961733513848685
0.75,103250,su2,0,7.499999999999999,5,100000,0.99222,0.00778,0.99222,0.0,13.611064298777501,4.469082664483112
0.75,103250,su2,0,7.499999999999999,6,100000,0.99548,0.00452,0.99548,0.0,16.32456851528704,4.891528842652228
0.75,103250,su2,0,7.499999999999999,7,100000,0.99744,0.00256,0.99744,0.0,19.047792435713667,5.281616994518628
0.75,103250,su2,0,7.499999999999999,8,100000,0.99865,0.00135,0.99865,0.0,21.762083823483945,5.646089968900421
0.75,103250,su2,0,7.499999999999999,9,100000,0.99933,0.00067,0.99933,0.0,24.485776429734244,5.983758007890687
0.75,103250,su2,0,7.499999999999999,10,100000,0.99957,0.00043,0.99957,0.0,27.195260913964162,6.304076333590022
0.75,103250,su2,0,7.499999999999999,11,100000,0.99982,0.00018,0.99982,0.0,29.914431761568718,6.6005307513310445
0.75,103250,su2,0,7.499999999999999,12,100000,0.99986,0.00014,0.99986,0.0,32.631071172931954,6.898775365636253
0.75,103250,su2,1,8.913144807036554,1,100000,0.87429,0.12571,0.87429,0.0,2.739466728203749,1.9762861825383016
0.75,103250,su2,1,8.913144807036554,2,100000,0.95189,0.04811,0.95189,0.0,5.444680343321485,2.811189747648216
0.75,103250,su2,1,8.913144807036554,3,100000,0.97612,0.02388,0.97612,0.0,8.1506347029034,3.448132624477327
0.75,103250,su2,1,8.913144807036554,4,100000,0.98647,0.01353,0.98647,0.0,10.856734463579938,3.986887541160968
0.75,103250,su2,1,8.913144807036554,5,100000,0.9924,0.0076,0.9924,0.0,13.574751619894725,4.447097605655532
0.75,103250,su2,1,8.913144807036554,6,100000,0.99593,0.00407,0.99593,0.0,16.278444558964846,4.876883665139908
0.75,103250,su2,1,8.913144807036554,7,100000,0.99782,0.00218,0.99782,0.0,18.979949974165685,5.273769456903679
0.75,103250,su2,1,8.913144807036554,8,100000,0.99871,0.00129,0.99871,0.0,21.687637331292517,5.6351989942474985
0.75,103250,su2,1,8.913144807036554,9,100000,0.9994,0.0006,0.9994,0.0,24.39006389242647,5.983357090982697
0.75,103250,su2,1,8.913144807036554,10,100000,0.99967,0.00033,0.99967,0.0,27.092446077824462,6.301994211621064
0.75,103250,su2,1,8.913144807036554,11,100000,0.99977,0.00023,0.99977,0.0,29.800492487531347,6.609950689037187
0.75,103250,su2,1,8.913144807036554,12,100000,0.99987,0.00013,0.99987,0.0,32.4954038923524,6.910069232110515
0.75,103250,su2,2,10.592553380160359,1,100000,0.87321,0.12679,0.87321,0.0,2.7177040873312204,1.9967855931527134
0.75,103250,su2,2,10.592553380160359,2,100000,0.94964,0.05036,0.94964,0.0,5.4267909832515056,2.8284491165636783
0.75,103250,su2,2,10.592553380160359,3,100000,0.97572,0.02428,0.97572,0.0,8.136066648406379,3.4607040565403118
0.75,103250,su2,2,10.592553380160359,4,100000,0.98617,0.01383,0.98617,0.0,10.836034622845347,3.994614009445199
0.75,103250,su2,2,10.592553380160359,5,100000,0.99221,0.00779,0.99221,0.0,13.537567797565288,4.469787224514878
0.75,103250,su2,2,10.592553380160359,6,100000,0.99542,0.00458,0.99542,0.0,16.238860969373608,4.89125428717422
0.75,103250,su2,2,10.592553380160359,7,100000,0.99753,0.00247,0.99753,0.0,18.928253964676674,5.299087004571123
0.75,103250,su2,2,10.592553380160359,8,100000,0.99853,0.00147,0.99853,0.0,21.626825462596848,5.662664733564552
0.75,103250,su2,2,10.592553380160359,9,100000,0.99921,0.00079,0.99921,0.0,24.327845724674408,5.998552020503343
0.75,103250,su2,2,10.592553380160359,10,100000,0.99958,0.00042,0.99958,0.0,27.018071340836148,6.310858424265944
0.75,103250,su2,2,10.592553380160359,11,100000,0.99975,0.00025,0.99975,0.0,29.703442432150887,6.623585157952094
0.75,103250,su2,2,10.592553380160359,12,100000,0.99983,0.00017,0.99983,0.0,32.38262913763693,6.917739198029515
0.75,103250,su2,3,12.588394953817843,1,100000,0.87117,0.12883,0.87117,0.0,2.704778035775868,1.999681294698894
0.75,103250,su2,3,12.588394953817843,2,100000,0.94792,0.05208,0.94792,0.0,5.393085721431804,2.8392691019197938
0.75,103250,su2,3,12.588394953817843,3,100000,0.97525,0.02475,0.97525,0.0,8.083560292720545,3.469630972604089
0.75,103250,su2,3,12.588394953817843,4,100000,0.98538,0.01462,0.98538,0.0,10.774143824849503,4.007133871937589
0.75,103250,su2,3,12.588394953817843,5,100000,0.99185,0.00815,0.99185,0.0,13.479566284831332,4.47652702023577
0.75,103250,su2,3,12.588394953817843,6,100000,0.9956,0.0044,0.9956,0.0,16.16397825648591,4.911620930793689
0.75,103250,su2,3,12.588394953817843,7,100000,0.99753,0.00247,0.99753,0.0,18.84836121320775,5.301280998245011
0.75,103250,su2,3,12.588394953817843,8,100000,0.99842,0.00158,0.99842,0.0,21.53158157738497,5.675854944032647
0.75,103250,su2,3,12.588394953817843,9,100000,0.99917,0.00083,0.99917,0.0,24.21475966478073,6.023094371590946
0.75,103250,su2,3,12.588394953817843,10,100000,0.99958,0.00042,0.99958,0.0,26.89994784414199,6.338192453006187
0.75,103250,su2,3,12.588394953817843,11,100000,0.99976,0.00024,0.99976,0.0,29.583488035283597,6.648535066367876
0.75,103250,su2,3,12.588394953817843,12,100000,0.99985,0.00015,0.99985,0.0,32.266171468992255,6.951404348929664
0.75,103250,su2,4,14.960291614872897,1,100000,0.8708,0.1292,0.8708,0.0,2.707309463335284,2.006561191360679
0.75,103250,su2,4,14.960291614872897,2,100000,0.94886,0.05114,0.94886,0.0,5.388620601434543,2.841915910141285
0.75,103250,su2,4,14.960291614872897,3,100000,0.97434,0.02566,0.97434,0.0,8.071999422855923,3.488333373341637
0.75,103250,su2,4,14.960291614872897,4,100000,0.98526,0.01474,0.98526,0.0,10.75705742994739,4.025611778218321
0.75,103250,su2,4,14.960291614872897,5,100000,0.99126,0.00874,0.99126,0.0,13.444697420459462,4.4970068222323105
0.75,103250,su2,4,14.960291614872897,6,100000,0.99504,0.00496,0.99504,0.0,16.13289309621943,4.921492050922103
0.75,103250,su2,4,14.960291614872897,7,100000,0.99727,0.00273,0.99727,0.0,18.8214674951212,5.324010076982106
0.75,103250,su2,4,14.960291614872897,8,100000,0.99846,0.00154,0.99846,0.0,21.508626733904894,5.68618611925932
0.75,103250,su2,4,14.960291614872897,9,100000,0.9991,0.0009,0.9991,0.0,24.186328008952085,6.034371556182953
0.75,103250,su2,4,14.960291614872897,10,100000,0.99952,0.00048,0.99952,0.0,26.86132168068707,6.362672871732436
0.75,103250,su2,4,14.960291614872897,11,100000,0.99973,0.00027,0.99973,0.0,29.541527677713383,6.674454936307956
0.75,103250,su2,4,14.960291614872897,12,100000,0.99985,0.00015,0.99985,0.0,32.23054927031862,6.971513897419678
0.75,103250,su2,5,17.779099402514248,1,100000,0.87227,0.12773,0.87227,0.0,2.7107392228063336,1.988843788247952
0.75,103250,su2,5,17.779099402514248,2,100000,0.95026,0.04974,0.95026,0.0,5.406103762453344,2.815218125860538
0.75,103250,su2,5,17.779099402514248,3,100000,0.97597,0.02403,0.97597,0.0,8.092258060722,3.452463809293578
0.75,103250,su2,5,17.779099402514248,4,100000,0.9864,0.0136,0.9864,0.0,10.76786857438051,3.9997912353446976
0.75,103250,su2,5,17.779099402514248,5,100000,0.99234,0.00766,0.99234,0.0,13.446136221959579,4.488109813372654
0.75,103250,su2,5,17.779099402514248,6,100000,0.99572,0.00428,0.99572,0.0,16.135061217338805,4.907451998383101
0.75,103250,su2,5,17.779099402514248,7,100000,0.99755,0.00245,0.99755,0.0,18.815791403057307,5.300247050970257
0.75,103250,su2,5,17.779099402514248,8,100000,0.99857,0.00143,0.99857,0.0,21.495176173202804,5.663241132504242
0.75,103250,su2,5,17.779099402514248,9,100000,0.99925,0.00075,0.99925,0.0,24.180275856638552,6.017548667966056
0.75,103250,su2,5,17.779099402514248,10,100000,0.99951,0.00049,0.99951,0.0,26.861526953970003,6.345403932813582
0.75,103250,su2,5,17.779099402514248,11,100000,0.99978,0.00022,0.99978,0.0,29.5431397672285,6.6538751177084725
0.75,103250,su2,5,17.779099402514248,12,100000,0.99986,0.00014,0.99986,0.0,32.22709881269854,6.948165800872396
0.75,103250,su2,6,21.129025001774206,1,100000,0.87185,0.12815,0.87185,0.0,2.7036274638422317,2.004846740666843
0.75,103250,su2,6,21.129025001774206,2,100000,0.9483,0.0517,0.9483,0.0,5.379672352657367,2.8437976451859037
0.75,103250,su2,6,21.129025001774206,3,100000,0.9747,0.0253,0.9747,0.0,8.054961600657638,3.4922653822013627
0.75,103250,su2,6,21.129025001774206,4,100000,0.98497,0.01503,0.98497,0.0,10.737808503223878,4.031363379049356
0.75,103250,su2,6,21.129025001774206,5,100000,0.99176,0.00824,0.99176,0.0,13.41244462399832,4.502179046306535
0.75,103250,su2,6,21.129025001774206,6,100000,0.99517,0.00483,0.99517,0.0,16.088952157455175,4.943158817570623
0.75,103250,su2,6,21.129025001774206,7,100000,0.99728,0.00272,0.99728,0.0,18.759446850834877,5.334222962280368
0.75,103250,su2,6,21.129025001774206,8,100000,0.99839,0.00161,0.99839,0.0,21.43956207264247,5.7091570338374
0.75,103250,su2,6,21.129025001774206,9,100000,0.99906,0.00094,0.99906,0.0,24.12643489686244,6.048817032067142
0.75,103250,su2,6,21.129025001774206,10,100000,0.99939,0.00061,0.99939,0.0,26.792809471577186,6.385717753020408
0.75,103250,su2,6,21.129025001774206,11,100000,0.99966,0.00034,0.99966,0.0,29.46301107474065,6.699217410034226
0.75,103250,su2,6,21.129025001774206,12,100000,0.99981,0.00019,0.99981,0.0,32.13076934100598,6.994230124071859
0.75,103250,su2,7,25.110141262974583,1,100000,0.86937,0.13063,0.86937,0.0,2.6973650081102627,2.01339322952367
0.75,103250,su2,7,25.110141262974583,2,100000,0.94766,0.05234,0.94766,0.0,5.366906026727308,2.86227836706345
0.75,103250,su2,7,25.110141262974583,3,100000,0.97364,0.02636,0.97364,0.0,8.034960310169522,3.5064632569254064
0.75,103250,su2,7,25.110141262974583,4,100000,0.98456,0.01544,0.98456,0.0,10.715663742679057,4.037720382041714
0.75,103250,su2,7,25.110141262974583,5,100000,0.99154,0.00846,0.99154,0.0,13.405629479285805,4.496354256192538
0.75,103250,su2,7,25.110141262974583,6,100000,0.9953,0.0047,0.9953,0.0,16.065232862160187,4.943982042207402
0.75,103250,su2,7,25.110141262974583,7,100000,0.99766,0.00234,0.99766,0.0,18.74627138883597,5.3299631738846
0.75,103250,su2,7,25.110141262974583,8,100000,0.99853,0.00147,0.99853,0.0,21.41753354416646,5.70493507157501
0.75,103250,su2,7,25.110141262974583,9,100000,0.99918,0.00082,0.99918,0.0,24.087972203622428,6.052191824981727
0.75,103250,su2,7,25.110141262974583,10,100000,0.99946,0.00054,0.99946,0.0,26.762109509094365,6.37230419728337
0.75,103250,su2,7,25.110141262974583,11,100000,0.99971,0.00029,0.99971,0.0,29.426484260132952,6.677306849446127
0.75,103250,su2,7,25.110141262974583,12,100000,0.99983,0.00017,0.99983,0.0,32.09685994708263,6.993970317051902
0.75,103250,su2,8,29.84137669360484,1,100000,0.86854,0.13146,0.86854,0.0,2.6868307644201477,2.004118955699473
0.75,103250,su2,8,29.84137669360484,2,100000,0.94675,0.05325,0.94675,0.0,5.351419723008914,2.8478055811924516
0.75,103250,su2,8,29.84137669360484,3,100000,0.97409,0.02591,0.97409,0.0,8.032088335346275,3.48953405599772
0.75,103250,su2,8,29.84137669360484,4,100000,0.98514,0.01486,0.98514,0.0,10.699880245544371,4.035477181150376
0.75,103250,su2,8,29.84137669360484,5,100000,0.99132,0.00868,0.99132,0.0,13.36253433857722,4.5186404360992345
0.75,103250,su2,8,29.84137669360484,6,100000,0.99502,0.00498,0.99502,0.0,16.024769464207793,4.95604136565879
0.75,103250,su2,8,29.84137669360484,7,100000,0.99721,0.00279,0.99721,0.0,18.68556843266342,5.3463087880330855
0.75,103250,su2,8,29.84137669360484,8,100000,0.99857,0.00143,0.99857,0.0,21.352951207923446,5.708694595100725
0.75,103250,su2,8,29.84137669360484,9,100000,0.99911,0.00089,0.99911,0.0,24.023473863789448,6.061516748944537
0.75,103250,su2,8,29.84137669360484,10,100000,0.99946,0.00054,0.99946,0.0,26.686036888633254,6.389944534831462
0.75,103250,su2,8,29.84137669360484,11,100000,0.99977,0.00023,0.99977,0.0,29.35121172034271,6.699396956311233
0.75,103250,su2,8,29.84137669360484,12,100000,0.99991,9e-05,0.99991,0.0,32.02496038003275,7.00370472771864
0.75,103250,su2,9,35.46406822819008,1,100000,0.86898,0.13102,0.86898,0.0,2.6876510351974052,2.0156241125309573
0.75,103250,su2,9,35.46406822819008,2,100000,0.9485,0.0515,0.9485,0.0,5.356977079977484,2.8528174109903794
0.75,103250,su2,9,35.46406822819008,3,100000,0.97373,0.02627,0.97373,0.0,8.018299792404513,3.496946883831026
0.75,103250,su2,9,35.46406822819008,4,100000,0.98454,0.01546,0.98454,0.0,10.688741297174552,4.036684732857553
0.75,103250,su2,9,35.46406822819008,5,100000,0.99108,0.00892,0.99108,0.0,13.352940788628516,4.515042335727417
0.75,103250,su2,9,35.46406822819008,6,100000,0.99462,0.00538,0.99462,0.0,16.01797356068689,4.948701941915291
0.75,103250,su2,9,35.46406822819008,7,100000,0.99679,0.00321,0.99679,0.0,18.670505060362505,5.3364077730639945
0.75,103250,su2,9,35.46406822819008,8,100000,0.99827,0.00173,0.99827,0.0,21.331031604470773,5.711350724314319
0.75,103250,su2,9,35.46406822819008,9,100000,0.99898,0.00102,0.99898,0.0,23.996987874781844,6.067510608481437
0.75,103250,su2,9,35.46406822819008,10,100000,0.99933,0.00067,0.99933,0.0,26.65926117225051,6.3981017688438975
0.75,103250,su2,9,35.46406822819008,11,100000,0.99964,0.00036,0.99964,0.0,29.3144454549343,6.711204810538482
0.75,103250,su2,9,35.46406822819008,12,100000,0.99975,0.00025,0.99975,0.0,31.972101187731152,7.011911651384686
0.75,103250,su2,10,42.14618340859766,1,100000,0.86801,0.13199,0.86801,0.0,2.6788106825692273,2.0506186224797553
0.75,103250,su2,10,42.14618340859766,2,100000,0.94638,0.05362,0.94638,0.0,5.343793490130258,2.884016663814372
0.75,103250,su2,10,42.14618340859766,3,100000,0.97277,0.02723,0.97277,0.0,7.998004274961278,3.5305841274671503
0.75,103250,su2,10,42.14618340859766,4,100000,0.98395,0.01605,0.98395,0.0,10.65850834322741,4.072541896663623
0.75,103250,su2,10,42.14618340859766,5,100000,0.99014,0.00986,0.99014,0.0,13.310431089764052,4.561785276971381
0.75,103250,su2,10,42.14618340859766,6,100000,0.99404,0.00596,0.99404,0.0,15.960029925300244,5.0084177035486634
0.75,103250,su2,10,42.14618340859766,7,100000,0.99636,0.00364,0.99636,0.0,18.6197504785445,5.4078202701068285
0.75,103250,su2,10,42.14618340859766,8,100000,0.99796,0.00204,0.99796,0.0,21.270430782893957,5.779892847057679
0.75,103250,su2,10,42.14618340859766,9,100000,0.99894,0.00106,0.99894,0.0,23.92203798333875,6.131352212160128
0.75,103250,su2,10,42.14618340859766,10,100000,0.99938,0.00062,0.99938,0.0,26.581610383542223,6.464908956985172
0.75,103250,su2,10,42.14618340859766,11,100000,0.99965,0.00035,0.99965,0.0,29.233084752065455,6.7862647444398
0.75,103250,su2,10,42.14618340859766,12,100000,0.99979,0.00021,0.99979,0.0,31.89235426574986,7.0859625447237375
0.75,103250,su2,11,50.08733810463367,1,100000,0.86752,0.13248,0.86752,0.0,2.677416387039461,2.031117484093519
0.75,103250,su2,11,50.08733810463367,2,100000,0.94641,0.05359,0.94641,0.0,5.343055372236229,2.8833048026567845
0.75,103250,su2,11,50.08733810463367,3,100000,0.97217,0.02783,0.97217,0.0,8.004521061456009,3.5328902867734846
0.75,103250,su2,11,50.08733810463367,4,100000,0.98359,0.01641,0.98359,0.0,10.6552826123935,4.075845843801923
0.75,103250,su2,11,50.08733810463367,5,100000,0.99079,0.00921,0.99079,0.0,13.311788822610723,4.550935346018342
0.75,103250,su2,11,50.08733810463367,6,100000,0.99438,0.00562,0.99438,0.0,15.97046823996713,4.992961660061343
0.75,103250,su2,11,50.08733810463367,7,100000,0.99686,0.00314,0.99686,0.0,18.633193451554163,5.384079232093154
0.75,103250,su2,11,50.08733810463367,8,100000,0.99841,0.00159,0.99841,0.0,21.296109179538288,5.752556418646165
0.75,103250,su2,11,50.08733810463367,9,100000,0.99897,0.00103,0.99897,0.0,23.956818884408396,6.103344245276515
0.75,103250,su2,11,50.08733810463367,10,100000,0.99943,0.00057,0.99943,0.0,26.630615135744215,6.432756941565419
0.75,103250,su2,11,50.08733810463367,11,100000,0.99963,0.00037,0.99963,0.0,29.2798677040026,6.753709831173145
0.75,103250,su2,11,50.08733810463367,12,100000,0.99974,0.00026,0.99974,0.0,31.925546593402977,7.065264558816931
0.75,103250,su2,12,59.52475967007999,1,100000,0.86759,0.13241,0.86759,0.0,2.675805637257696,2.023620069758767
0.75,103250,su2,12,59.52475967007999,2,100000,0.94734,0.05266,0.94734,0.0,5.326495712382563,2.8510389674755006
0.75,103250,su2,12,59.52475967007999,3,100000,0.97374,0.02626,0.97374,0.0,7.976172904660489,3.4955555554366367
0.75,103250,su2,12,59.52475967007999,4,100000,0.98468,0.01532,0.98468,0.0,10.638651651875024,4.038201036736126
0.75,103250,su2,12,59.52475967007999,5,100000,0.99143,0.00857,0.99143,0.0,13.295989346684712,4.512643972449314
0.75,103250,su2,12,59.52475967007999,6,100000,0.99503,0.00497,0.99503,0.0,15.947842677951417,4.957033971405976
0.75,103250,su2,12,59.52475967007999,7,100000,0.9972,0.0028,0.9972,0.0,18.59592269313842,5.350792234043042
0.75,103250,su2,12,59.52475967007999,8,100000,0.99836,0.00164,0.99836,0.0,21.247342713847,5.716898365745134
0.75,103250,su2,12,59.52475967007999,9,100000,0.99911,0.00089,0.99911,0.0,23.91482398191702,6.06799041362827
0.75,103250,su2,12,59.52475967007999,10,100000,0.99943,0.00057,0.99943,0.0,26.582650554617885,6.391524219409884
0.75,103250,su2,12,59.52475967007999,11,100000,0.99965,0.00035,0.99965,0.0,29.236286108431127,6.692167577693297
0.75,103250,su2,12,59.52475967007999,12,100000,0.99976,0.00024,0.99976,0.0,31.88068224135109,6.98865679139278
0.75,103250,su2,13,70.74037367246298,1,100000,0.86622,0.13378,0.86622,0.0,2.674830486039276,2.037680101021967
0.75,103250,su2,13,70.74037367246298,2,100000,0.94516,0.05484,0.94516,0.0,5.339077286627409,2.873143436200521
0.75,103250,su2,13,70.74037367246298,3,100000,0.97287,0.02713,0.97287,0.0,7.990908571973138,3.514617665693109
0.75,103250,su2,13,70.74037367246298,4,100000,0.98403,0.01597,0.98403,0.0,10.630607046692575,4.079030677511067
0.75,103250,su2,13,70.74037367246298,5,100000,0.99041,0.00959,0.99041,0.0,13.295179815146646,4.563074241037773
0.75,103250,su2,13,70.74037367246298,6,100000,0.99461,0.00539,0.99461,0.0,15.93804419610293,5.001124814322094
0.75,103250,su2,13,70.74037367246298,7,100000,0.99664,0.00336,0.99664,0.0,18.586275418717378,5.397053323806841
0.75,103250,su2,13,70.74037367246298,8,100000,0.99823,0.00177,0.99823,0.0,21.230017921765945,5.7629609727295925
0.75,103250,su2,13,70.74037367246298,9,100000,0.9989,0.0011,0.9989,0.0,23.877046324045182,6.1126086224931395
0.75,103250,su2,13,70.74037367246298,10,100000,0.99943,0.00057,0.99943,0.0,26.520494433220694,6.445934929801801
0.75,103250,su2,13,70.74037367246298,11,100000,0.99972,0.00028,0.99972,0.0,29.164523191657068,6.764403895205532
0.75,103250,su2,13,70.74037367246298,12,100000,0.99984,0.00016,0.99984,0.0,31.813831543335247,7.062249118076407
0.75,103250,su2,14,84.0692258995385,1,100000,0.86782,0.13218,0.86782,0.0,2.672589162757217,2.0393372355844046
0.75,103250,su2,14,84.0692258995385,2,100000,0.94573,0.05427,0.94573,0.0,5.320374184337304,2.884534963493009
0.75,103250,su2,14,84.0692258995385,3,100000,0.97264,0.02736,0.97264,0.0,7.980446872344369,3.544504031509488
0.75,103250,su2,14,84.0692258995385,4,100000,0.98368,0.01632,0.98368,0.0,10.639950987366786,4.082716339406636
0.75,103250,su2,14,84.0692258995385,5,100000,0.99079,0.00921,0.99079,0.0,13.29078982635286,4.55897488175807
0.75,103250,su2,14,84.0692258995385,6,100000,0.99442,0.00558,0.99442,0.0,15.950422422705591,4.9890749311748115
0.75,103250,su2,14,84.0692258995385,7,100000,0.99691,0.00309,0.99691,0.0,18.606427525201106,5.3896710514280874
0.75,103250,su2,14,84.0692258995385,8,100000,0.99832,0.00168,0.99832,0.0,21.258998763237443,5.76390085131814
0.75,103250,su2,14,84.0692258995385,9,100000,0.99899,0.00101,0.99899,0.0,23.904941701285615,6.117962291661411
0.75,103250,su2,14,84.0692258995385,10,100000,0.99951,0.00049,0.99951,0.0,26.565489856327876,6.451346050318207
0.75,103250,su2,14,84.0692258995385,11,100000,0.99967,0.00033,0.99967,0.0,29.21824575744505,6.76338219480563
0.75,103250,su2,14,84.0692258995385,12,100000,0.9998,0.0002,0.9998,0.0,31.87630333195795,7.064222277215226
0.75,103250,su2,15,99.90949123440735,1,100000,0.86703,0.13297,0.86703,0.0,2.6750134535247025,2.033776841759139
0.75,103250,su2,15,99.90949123440735,2,100000,0.94564,0.05436,0.94564,0.0,5.338666250419673,2.8808294428155374
0.75,103250,su2,15,99.90949123440735,3,100000,0.9725,0.0275,0.9725,0.0,7.99939289543677,3.5282701672331522
0.75,103250,su2,15,99.90949123440735,4,100000,0.98422,0.01578,0.98422,0.0,10.64895659605734,4.077338556500407
0.75,103250,su2,15,99.90949123440735,5,100000,0.99064,0.00936,0.99064,0.0,13.293560671386219,4.557351699608131
0.75,103250,su2,15,99.90949123440735,6,100000,0.99472,0.00528,0.99472,0.0,15.942232818536205,4.981056029742051
0.75,103250,su2,15,99.90949123440735,7,100000,0.99708,0.00292,0.99708,0.0,18.594032319930218,5.376485738881061
0.75,103250,su2,15,99.90949123440735,8,100000,0.99844,0.00156,0.99844,0.0,21.24028053753817,5.7476326699454425
0.75,103250,su2,15,99.90949123440735,9,100000,0.99907,0.00093,0.99907,0.0,23.878798860315555,6.102458145981231
0.75,103250,su2,15,99.90949123440735,10,100000,0.99946,0.00054,0.99946,0.0,26.526310504963803,6.440795689363151
0.75,103250,su2,15,99.90949123440735,11,100000,0.99972,0.00028,0.99972,0.0,29.17671461201866,6.756512060182627
0.75,103250,su2,15,99.90949123440735,12,100000,0.99987,0.00013,0.99987,0.0,31.83837139444929,7.053825155550612
0.75,103250,su2,16,118.73436839594959,1,100000,0.86618,0.13382,0.86618,0.0,2.6706427677618665,2.0283032383966235
0.75,103250,su2,16,118.73436839594959,2,100000,0.9458,0.0542,0.9458,0.0,5.333681326639105,2.8799091967616133
0.75,103250,su2,16,118.73436839594959,3,100000,0.97298,0.02702,0.97298,0.0,7.999255924446506,3.531296680338317
0.75,103250,su2,16,118.73436839594959,4,100000,0.98365,0.01635,0.98365,0.0,10.646609982005314,4.083274968709529
0.75,103250,su2,16,118.73436839594959,5,100000,0.99074,0.00926,0.99074,0.0,13.299810114778671,4.575577495743418
0.75,103250,su2,16,118.73436839594959,6,100000,0.99461,0.00539,0.99461,0.0,15.954374959104515,5.004759646286436
0.75,103250,su2,16,118.73436839594959,7,100000,0.99693,0.00307,0.99693,0.0,18.59958002578139,5.38958813092069
0.75,103250,su2,16,118.73436839594959,8,100000,0.99821,0.00179,0.99821,0.0,21.249733914037424,5.761505930278477
0.75,103250,su2,16,118.73436839594959,9,100000,0.99899,0.00101,0.99899,0.0,23.899288537958352,6.1201723607388
0.75,103250,su2,16,118.73436839594959,10,100000,0.99946,0.00054,0.99946,0.0,26.54734071799161,6.448136136252426
0.75,103250,su2,16,118.73436839594959,11,100000,0.9997,0.0003,0.9997,0.0,29.197929655165808,6.756228496619952
0.75,103250,su2,16,118.73436839594959,12,100000,0.99979,0.00021,0.99979,0.0,31.850734710627737,7.051169546147418
0.75,103250,su2,17,141.10621587801643,1,100000,0.86687,0.13313,0.86687,0.0,2.6763816230589907,2.0400698328089915
0.75,103250,su2,17,141.10621587801643,2,100000,0.94609,0.05391,0.94609,0.0,5.334034674517282,2.8742659020490104
0.75,103250,su2,17,141.10621587801643,3,100000,0.97305,0.02695,0.97305,0.0,7.987653751878735,3.5223929367321785
0.75,103250,su2,17,141.10621587801643,4,100000,0.9835,0.0165,0.9835,0.0,10.634632440856628,4.0774203019378765
0.75,103250,su2,17,141.10621587801643,5,100000,0.98999,0.01001,0.98999,0.0,13.28019436859835,4.577896143246812
0.75,103250,su2,17,141.10621587801643,6,100000,0.99406,0.00594,0.99406,0.0,15.916749072245699,5.026028866786068
0.75,103250,su2,17,141.10621587801643,7,100000,0.99659,0.00341,0.99659,0.0,18.548183232538488,5.438536526307358
0.75,103250,su2,17,141.10621587801643,8,100000,0.99795,0.00205,0.99795,0.0,21.194272895900077,5.807787553740484
0.75,103250,su2,17,141.10621587801643,9,100000,0.99877,0.00123,0.99877,0.0,23.846570380461547,6.147706860397004
0.75,103250,su2,17,141.10621587801643,10,100000,0.99921,0.00079,0.99921,0.0,26.481876244345504,6.478131446455861
0.75,103250,su2,17,141.10621587801643,11,100000,0.99956,0.00044,0.99956,0.0,29.13514777938095,6.780155191227774
0.75,103250,su2,17,141.10621587801643,12,100000,0.99972,0.00028,0.99972,0.0,31.781459492499994,7.081619562890383
0.75,103250,su2,18,167.69335137249612,1,100000,0.86941,0.13059,0.86941,0.0,2.6887245202949885,2.0175715165345167
0.75,103250,su2,18,167.69335137249612,2,100000,0.94636,0.05364,0.94636,0.0,5.338332055343528,2.881702595831709
0.75,103250,su2,18,167.69335137249612,3,100000,0.97227,0.02773,0.97227,0.0,7.9913464960758,3.537597944885881
0.75,103250,su2,18,167.69335137249612,4,100000,0.98312,0.01688,0.98312,0.0,10.642964565070772,4.085656006868666
0.75,103250,su2,18,167.69335137249612,5,100000,0.99065,0.00935,0.99065,0.0,13.297891016474448,4.5630573902518865
0.75,103250,su2,18,167.69335137249612,6,100000,0.99455,0.00545,0.99455,0.0,15.946775796354105,4.997134906307437
0.75,103250,su2,18,167.69335137249612,7,100000,0.997,0.003,0.997,0.0,18.5836721991125,5.400253816812627
0.75,103250,su2,18,167.69335137249612,8,100000,0.99825,0.00175,0.99825,0.0,21.2264633066501,5.76488887108426
0.75,103250,su2,18,167.69335137249612,9,100000,0.99894,0.00106,0.99894,0.0,23.876706118897847,6.116845296139519
0.75,103250,su2,18,167.69335137249612,10,100000,0.99927,0.00073,0.99927,0.0,26.524514812957804,6.455287419560476
0.75,103250,su2,18,167.69335137249612,11,100000,0.99967,0.00033,0.99967,0.0,29.17146552155901,6.773782442542711
0.75,103250,su2,18,167.69335137249612,12,100000,0.99972,0.00028,0.99972,0.0,31.813430100052486,7.070928586853716
0.75,103250,su2,19,199.29001652804294,1,100000,0.86716,0.13284,0.86716,0.0,2.6704250066599355,2.026886847237762
0.75,103250,su2,19,199.29001652804294,2,100000,0.94509,0.05491,0.94509,0.0,5.329677012532844,2.879603793116016
0.75,103250,su2,19,199.29001652804294,3,100000,0.97281,0.02719,0.97281,0.0,7.97928785559677,3.524412544699512
0.75,103250,su2,19,199.29001652804294,4,100000,0.98395,0.01605,0.98395,0.0,10.627991427788004,4.074938017775014
0.75,103250,su2,19,199.29001652804294,5,100000,0.99095,0.00905,0.99095,0.0,13.27982145137777,4.5463342647903415
0.75,103250,su2,19,199.29001652804294,6,100000,0.99523,0.00477,0.99523,0.0,15.93441353945776,4.978139963944713
0.75,103250,su2,19,199.29001652804294,7,100000,0.99699,0.00301,0.99699,0.0,18.58183175254331,5.3870859427247435
0.75,103250,su2,19,199.29001652804294,8,100000,0.99833,0.00167,0.99833,0.0,21.218159160206678,5.753346925333475
0.75,103250,su2,19,199.29001652804294,9,100000,0.999,0.001,0.999,0.0,23.876752392490342,6.103691963341894
0.75,103250,su2,19,199.29001652804294,10,100000,0.99947,0.00053,0.99947,0.0,26.525863905011523,6.430189137418911
0.75,103250,su2,19,199.29001652804294,11,100000,0.9997,0.0003,0.9997,0.0,29.175839402312352,6.747227639295841
0.75,103250,su2,19,199.29001652804294,12,100000,0.99987,0.00013,0.99987,0.0,31.81496129199864,7.048200993534613
0.75,113253,photon,0,7.499999999999999,1,100000,0.79858,0.79858,0.20142,0.0,-5.503675288671019,5.675203660739772
0.75,113253,photon,0,7.499999999999999,2,100000,0.89442,0.89442,0.10558,0.0,-10.923619593699,8.00941834301909
0.75,113253,photon,0,7.499999999999999,3,100000,0.94592,0.94592,0.05408,0.0,-16.376636287917975,9.832777866762939
0.75,113253,photon,0,7.499999999999999,4,100000,0.971,0.971,0.029,0.0,-21.774053770826967,11.344162511148081
0.75,113253,photon,0,7.499999999999999,5,100000,0.98473,0.98473,0.01527,0.0,-27.21222302792393,12.637112484392853
0.75,113253,photon,0,7.499999999999999,6,100000,0.991,0.991,0.009,0.0,-32.601026639083834,13.868232715404897
0.75,113253,photon,0,7.499999999999999,7,100000,0.99468,0.99468,0.00532,0.0,-38.06039547065005,14.967875119911909
0.75,113253,photon,0,7.499999999999999,8,100000,0.99693,0.99693,0.00307,0.0,-43.49031723403156,16.017600887104816
0.75,113253,photon,0,7.499999999999999,9,100000,0.99818,0.99818,0.00182,0.0,-48.9285006270251,16.99090675618511
0.75,113253,photon,0,7.499999999999999,10,100000,0.99896,0.99896,0.00104,0.0,-54.33998701082658,17.91363515460232
0.75,113253,photon,0,7.499999999999999,11,100000,0.99943,0.99943,0.00057,0.0,-59.78532264769258,18.77352026338463
0.75,113253,photon,0,7.499999999999999,12,100000,0.99971,0.99971,0.00029,0.0,-65.19707429302548,19.600826208961436
0.75,113253,photon,1,8.078346172301348,1,100000,0.79817,0.79817,0.20183,0.0,-5.534346451388067,5.685647009262705
0.75,113253,photon,1,8.078346172301348,2,100000,0.89525,0.89525,0.10475,0.0,-11.021736903672997,8.041387003816403
0.75,113253,photon,1,8.078346172301348,3,100000,0.94599,0.94599,0.05401,0.0,-16.534150913106608,9.862126488875436
0.75,113253,photon,1,8.078346172301348,4,100000,0.97272,0.97272,0.02728,0.0,-21.99774999544425,11.367590513221705
0.75,113253,photon,1,8.078346172301348,5,100000,0.98543,0.98543,0.01457,0.0,-27.512698290661316,12.70858238360813
0.75,113253,photon,1,8.078346172301348,6,100000,0.9915,0.9915,0.0085,0.0,-32.99222574631745,13.952091764310797
0.75,113253,photon,1,8.078346172301348,7,100000,0.99514,0.99514,0.00486,0.0,-38.47472448934109,15.063472854856013
0.75,113253,photon,1,8.078346172301348,8,100000,0.99718,0.99718,0.00282,0.0,-43.973327030422745,16.100299978253346
0.75,113253,photon,1,8.078346172301348,9,100000,0.99839,0.99839,0.00161,0.0,-49.46970897973284,17.08442209465866
0.75,113253,photon,1,8.078346172301348,10,100000,0.99916,0.99916,0.00084,0.0,-54.98964399457016,17.952124589525372
0.75,113253,photon,1,8.078346172301348,11,100000,0.99949,0.99949,0.00051,0.0,-60.46018968785305,18.831452052736815
0.75,113253,photon,1,8.078346172301348,12,100000,0.99969,0.99969,0.00031,0.0,-65.92978644607494,19.644598538493728
0.75,113253,photon,2,8.70129025060478,1,100000,0.80098,0.80098,0.19902,0.0,-5.606389585521636,5.68081089070151
0.75,113253,photon,2,8.70129025060478,2,100000,0.89867,0.89867,0.10133,0.0,-11.165960494749122,8.021771454989132
0.75,113253,photon,2,8.70129025060478,3,100000,0.94945,0.94945,0.05055,0.0,-16.743043367579173,9.824537500557607
0.75,113253,photon,2,8.70129025060478,4,100000,0.97337,0.97337,0.02663,0.0,-22.314616040693092,11.34489054179675
0.75,113253,photon,2,8.70129025060478,5,100000,0.98624,0.98624,0.01376,0.0,-27.88285601649246,12.685921152156345
0.75,113253,photon,2,8.70129025060478,6,100000,0.99246,0.99246,0.00754,0.0,-33.42082164325058,13.891686748734376
0.75,113253,photon,2,8.70129025060478,7,100000,0.99592,0.99592,0.00408,0.0,-38.94922756034118,14.997908281656663
0.75,113253,photon,2,8.70129025060478,8,100000,0.99785,0.99785,0.00215,0.0,-44.484230541926685,16.00064115942308
0.75,113253,photon,2,8.70129025060478,9,100000,0.99879,0.99879,0.00121,0.0,-50.050299777063465,16.991184434418976
0.75,113253,photon,2,8.70129025060478,10,100000,0.99935,0.99935,0.00065,0.0,-55.5801531359548,17.90414882179604
0.75,113253,photon,2,8.70129025060478,11,100000,0.99964,0.99964,0.00036,0.0,-61.07471796617988,18.78458897706106
0.75,113253,photon,2,8.70129025060478,12,100000,0.9997,0.9997,0.0003,0.0,-66.62859046438402,19.60740326274784
0.75,113253,photon,3,9.372271305340822,1,100000,0.80395,0.80395,0.19605,0.0,-5.665747083563988,5.678603915147081
0.75,113253,photon,3,9.372271305340822,2,100000,0.89937,0.89937,0.10063,0.0,-11.236485956318422,8.047050050441706
0.75,113253,photon,3,9.372271305340822,3,100000,0.95045,0.95045,0.04955,0.0,-16.857349253980885,9.854690237451322
0.75,113253,photon,3,9.372271305340822,4,100000,0.97433,0.97433,0.02567,0.0,-22.45092653732337,11.373723990282434
0.75,113253,photon,3,9.372271305340822,5,100000,0.98579,0.98579,0.01421,0.0,-28.055157107110986,12.709710776991905
0.75,113253,photon,3,9.372271305340822,6,100000,0.99206,0.99206,0.00794,0.0,-33.636966727164975,13.921871859679182
0.75,113253,photon,3,9.372271305340822,7,100000,0.99517,0.99517,0.00483,0.0,-39.22314873552515,15.03138953583204
0.75,113253,photon,3,9.372271305340822,8,100000,0.99742,0.99742,0.00258,0.0,-44.845533452327885,16.02739164247795
0.75,113253,photon,3,9.372271305340822,9,100000,0.99861,0.99861,0.00139,0.0,-50.42130857673373,17.005761235548132
0.75,113253,photon,3,9.372271305340822,10,100000,0.99925,0.99925,0.00075,0.0,-56.00035658991323,17.934079568878243
0.75,113253,photon,3,9.372271305340822,11,100000,0.99957,0.99957,0.00043,0.0,-61.596281386588196,18.838897790991684
0.75,113253,photon,3,9.372271305340822,12,100000,0.99981,0.99981,0.00019,0.0,-67.20014555294865,19.673259577501117
0.75,113253,photon,4,10.094993603369304,1,100000,0.80681,0.80681,0.19319,0.0,-5.710539068343389,5.673842953880842
0.75,113253,photon,4,10.094993603369304,2,100000,0.90031,0.90031,0.09969,0.0,-11.327761790015716,8.03261782413724
0.75,113253,photon,4,10.094993603369304,3,100000,0.95119,0.95119,0.04881,0.0,-16.95643038764188,9.8240180495849
0.75,113253,photon,4,10.094993603369304,4,100000,0.97451,0.97451,0.02549,0.0,-22.525348653335296,11.351673186208753
0.75,113253,photon,4,10.094993603369304,5,100000,0.98642,0.98642,0.01358,0.0,-28.179808369869722,12.700529178875346
0.75,113253,photon,4,10.094993603369304,6,100000,0.99257,0.99257,0.00743,0.0,-33.810388413322094,13.904330012960681
0.75,113253,photon,4,10.094993603369304,7,100000,0.99556,0.99556,0.00444,0.0,-39.407017683877534,15.018718260657831
0.75,113253,photon,4,10.094993603369304,8,100000,0.99771,0.99771,0.00229,0.0,-45.03980545089349,16.06223665198495
0.75,113253,photon,4,10.094993603369304,9,100000,0.99879,0.99879,0.00121,0.0,-50.68059013017849,17.019137279619915
0.75,113253,photon,4,10.094993603369304,10,100000,0.9992,0.9992,0.0008,0.0,-56.306513969638615,17.948985684075467
0.75,113253,photon,4,10.094993603369304,11,100000,0.99952,0.99952,0.00048,0.0,-61.969587027555995,18.7955699038481
0.75,113253,photon,4,10.094993603369304,12,100000,0.99972,0.99972,0.00028,0.0,-67.58083269532105,19.64585340400057
0.75,113253,photon,5,10.873447058024672,1,100000,0.80941,0.80941,0.19059,0.0,-5.77499295801883,5.661651568972209
0.75,113253,photon,5,10.873447058024672,2,100000,0.90518,0.90518,0.09482,0.0,-11.459804989318972,7.993372285990552
0.75,113253,photon,5,10.873447058024672,3,100000,0.95325,0.95325,0.04675,0.0,-17.13992099925767,9.788865366023005
0.75,113253,photon,5,10.873447058024672,4,100000,0.97564,0.97564,0.02436,0.0,-22.830445137674985,11.304496424940126
0.75,113253,photon,5,10.873447058024672,5,100000,0.98717,0.98717,0.01283,0.0,-28.51711113002572,12.641673937776643
0.75,113253,photon,5,10.873447058024672,6,100000,0.99328,0.99328,0.00672,0.0,-34.20081638505001,13.850846738068942
0.75,113253,photon,5,10.873447058024672,7,100000,0.99621,0.99621,0.00379,0.0,-39.865001451744774,14.949822526010749
0.75,113253,photon,5,10.873447058024672,8,100000,0.99805,0.99805,0.00195,0.0,-45.53200697111908,15.969189169889262
0.75,113253,photon,5,10.873447058024672,9,100000,0.99885,0.99885,0.00115,0.0,-51.21505581733722,16.92134741003464
0.75,113253,photon,5,10.873447058024672,10,100000,0.99928,0.99928,0.00072,0.0,-56.861357357351835,17.848918615117334
0.75,113253,photon,5,10.873447058024672,11,100000,0.99966,0.99966,0.00034,0.0,-62.549923422963246,18.71660519634636
0.75,113253,photon,5,10.873447058024672,12,100000,0.9998,0.9998,0.0002,0.0,-68.24890794070302,19.550530380108142
0.75,113253,photon,6,11.711929256121993,1,100000,0.81119,0.81119,0.18881,0.0,-5.81606733017599,5.656853448607373
0.75,113253,photon,6,11.711929256121993,2,100000,0.90732,0.90732,0.09268,0.0,-11.549131822487858,7.9824663243215035
0.75,113253,photon,6,11.711929256121993,3,100000,0.95439,0.95439,0.04561,0.0,-17.29555009969178,9.762597237244737
0.75,113253,photon,6,11.711929256121993,4,100000,0.97753,0.97753,0.02247,0.0,-23.01931945922612,11.270366198591558
0.75,113253,photon,6,11.711929256121993,5,100000,0.98803,0.98803,0.01197,0.0,-28.78319177072826,12.58841078685513
0.75,113253,photon,6,11.711929256121993,6,100000,0.99361,0.99361,0.00639,0.0,-34.52574366873547,13.777568932033336
0.75,113253,photon,6,11.711929256121993,7,100000,0.99647,0.99647,0.00353,0.0,-40.25549508497747,14.871102379392518
0.75,113253,photon,6,11.711929256121993,8,100000,0.99788,0.99788,0.00212,0.0,-45.988619955341555,15.897709281707145
0.75,113253,photon,6,11.711929256121993,9,100000,0.99882,0.99882,0.00118,0.0,-51.688987573436506,16.887715104649736
0.75,113253,photon,6,11.711929256121993,10,100000,0.99937,0.99937,0.00063,0.0,-57.420017109627594,17.82038841869121
0.75,113253,photon,6,11.711929256121993,11,100000,0.99957,0.99957,0.00043,0.0,-63.15970671552755,18.72753314769721
0.75,113253,photon,6,11.711929256121993,12,100000,0.99976,0.99976,0.00024,0.0,-68.89373810813639,19.543102939441468
0.75,113253,photon,7,12.615069183527634,1,100000,0.81082,0.81082,0.18918,0.0,-5.809175066605656,5.659345437868913
0.75,113253,photon,7,12.615069183527634,2,100000,0.90641,0.90641,0.09359,0.0,-11.534796041510731,7.993949973105833
0.75,113253,photon,7,12.615069183527634,3,100000,0.95418,0.95418,0.04582,0.0,-17.329645889245676,9.80646482164319
0.75,113253,photon,7,12.615069183527634,4,100000,0.97742,0.97742,0.02258,0.0,-23.093089604547206,11.328996022282812
0.75,113253,photon,7,12.615069183527634,5,100000,0.9877,0.9877,0.0123,0.0,-28.878167926808015,12.68898566057341
0.75,113253,photon,7,12.615069183527634,6,100000,0.99344,0.99344,0.00656,0.0,-34.61499754580675,13.858281498094824
0.75,113253,photon,7,12.615069183527634,7,100000,0.99624,0.99624,0.00376,0.0,-40.356096810756576,14.956986785303949
0.75,113253,photon,7,12.615069183527634,8,100000,0.99818,0.99818,0.00182,0.0,-46.118397016579955,15.97256009181152
0.75,113253,photon,7,12.615069183527634,9,100000,0.99902,0.99902,0.00098,0.0,-51.869347889270124,16.945394849635502
0.75,113253,photon,7,12.615069183527634,10,100000,0.99937,0.99937,0.00063,0.0,-57.62006754641499,17.86534182886269
0.75,113253,photon,7,12.615069183527634,11,100000,0.99966,0.99966,0.00034,0.0,-63.36636964635248,18.76195302770264
0.75,113253,photon,7,12.615069183527634,12,100000,0.99976,0.99976,0.00024,0.0,-69.15820815846898,19.59706464927456
0.75,113253,photon,8,13.587852780275625,1,100000,0.81488,0.81488,0.18512,0.0,-5.884829117189479,5.649257904109793
0.75,113253,photon,8,13.587852780275625,2,100000,0.9088,0.9088,0.0912,0.0,-11.662548590223981,7.999468092969763
0.75,113253,photon,8,13.587852780275625,3,100000,0.95567,0.95567,0.04433,0.0,-17.47401012824573,9.793893716808705
0.75,113253,photon,8,13.587852780275625,4,100000,0.97874,0.97874,0.02126,0.0,-23.288574671190368,11.271018347769976
0.75,113253,photon,8,13.587852780275625,5,100000,0.9889,0.9889,0.0111,0.0,-29.0961179510816,12.600495592759627
0.75,113253,photon,8,13.587852780275625,6,100000,0.99362,0.99362,0.00638,0.0,-34.89279176004848,13.799317283785422
0.75,113253,photon,8,13.587852780275625,7,100000,0.9966,0.9966,0.0034,0.0,-40.69134653526758,14.897582299196204
0.75,113253,photon,8,13.587852780275625,8,100000,0.9982,0.9982,0.0018,0.0,-46.483892893057295,15.956949346324503
0.75,113253,photon,8,13.587852780275625,9,100000,0.99897,0.99897,0.00103,0.0,-52.25927444396315,16.911513677385027
0.75,113253,photon,8,13.587852780275625,10,100000,0.9995,0.9995,0.0005,0.0,-58.08531503107538,17.807906069373807
0.75,113253,photon,8,13.587852780275625,11,100000,0.99977,0.99977,0.00023,0.0,-63.86911904287664,18.65180799504225
0.75,113253,photon,8,13.587852780275625,12,100000,0.99979,0.99979,0.00021,0.0,-69.67238007250957,19.50176226243468
0.75,113253,photon,9,14.635650466311175,1,100000,0.81399,0.81399,0.18601,0.0,-5.8830892768834575,5.65442168866167
0.75,113253,photon,9,14.635650466311175,2,100000,0.90979,0.90979,0.09021,0.0,-11.729960458559562,7.980511187814735
0.75,113253,photon,9,14.635650466311175,3,100000,0.95695,0.95695,0.04305,0.0,-17.60006320355644,9.790197308568024
0.75,113253,photon,9,14.635650466311175,4,100000,0.97915,0.97915,0.02085,0.0,-23.41878018272911,11.291256232047392
0.75,113253,photon,9,14.635650466311175,5,100000,0.98979,0.98979,0.01021,0.0,-29.265387220162715,12.608314605763452
0.75,113253,photon,9,14.635650466311175,6,100000,0.99469,0.99469,0.00531,0.0,-35.083195035210686,13.795713948250427
0.75,113253,photon,9,14.635650466311175,7,100000,0.99693,0.99693,0.00307,0.0,-40.950778818950376,14.937409834541096
0.75,113253,photon,9,14.635650466311175,8,100000,0.99845,0.99845,0.00155,0.0,-46.79901248223434,15.957004598852016
0.75,113253,photon,9,14.635650466311175,9,100000,0.99907,0.99907,0.00093,0.0,-52.60758033579946,16.917976648080245
0.75,113253,photon,9,14.635650466311175,10,100000,0.99958,0.99958,0.00042,0.0,-58.469081974290994,17.808515725022914
0.75,113253,photon,9,14.635650466311175,11,100000,0.99978,0.99978,0.00022,0.0,-64.30905129270842,18.68428855005281
0.75,113253,photon,9,14.635650466311175,12,100000,0.99986,0.99986,0.00014,0.0,-70.13375972493132,19.538181540874152
0.75,113253,photon,10,15.764246789822048,1,100000,0.81913,0.81913,0.18087,0.0,-5.980038869498804,5.628634614233696
0.75,113253,photon,10,15.764246789822048,2,100000,0.91298,0.91298,0.08702,0.0,-11.879763940974428,7.93997784533034
0.75,113253,photon,10,15.764246789822048,3,100000,0.95834,0.95834,0.04166,0.0,-17.77251597989547,9.743429983679452
0.75,113253,photon,10,15.764246789822048,4,100000,0.97982,0.97982,0.02018,0.0,-23.64682762524595,11.251606451213297
0.75,113253,photon,10,15.764246789822048,5,100000,0.98952,0.98952,0.01048,0.0,-29.516827611216353,12.598896573174782
0.75,113253,photon,10,15.764246789822048,6,100000,0.99431,0.99431,0.00569,0.0,-35.36581942202353,13.798272047860017
0.75,113253,photon,10,15.764246789822048,7,100000,0.99706,0.99706,0.00294,0.0,-41.25107491830583,14.903925455317387
0.75,113253,photon,10,15.764246789822048,8,100000,0.99841,0.99841,0.00159,0.0,-47.14559777786918,15.942747193699239
0.75,113253,photon,10,15.764246789822048,9,100000,0.99911,0.99911,0.00089,0.0,-53.03667300978983,16.90299378532814
0.75,113253,photon,10,15.764246789822048,10,100000,0.99937,0.99937,0.00063,0.0,-58.90469362369328,17.848373901915753
0.75,113253,photon,10,15.764246789822048,11,100000,0.99965,0.99965,0.00035,0.0,-64.78163807400615,18.741222680684977
0.75,113253,photon,10,15.764246789822048,12,100000,0.99983,0.99983,0.00017,0.0,-70.66636015156723,19.572138792277638
0.75,113253,photon,11,16.979872361836364,1,100000,0.81938,0.81938,0.18062,0.0,-5.985710285443098,5.6350993282576844
0.75,113253,photon,11,16.979872361836364,2,100000,0.91215,0.91215,0.08785,0.0,-11.863146068378784,7.972615596063239
0.75,113253,photon,11,16.979872361836364,3,100000,0.95895,0.95895,0.04105,0.0,-17.78823041284853,9.739647369367452
0.75,113253,photon,11,16.979872361836364,4,100000,0.9806,0.9806,0.0194,0.0,-23.708908334605777,11.244130442467371
0.75,113253,photon,11,16.979872361836364,5,100000,0.99017,0.99017,0.00983,0.0,-29.655888257066916,12.550670327978066
0.75,113253,photon,11,16.979872361836364,6,100000,0.99493,0.99493,0.00507,0.0,-35.55869326669613,13.75931550411289
0.75,113253,photon,11,16.979872361836364,7,100000,0.99715,0.99715,0.00285,0.0,-41.4555669126856,14.896873834465636
0.75,113253,photon,11,16.979872361836364,8,100000,0.99854,0.99854,0.00146,0.0,-47.356716446534094,15.903898554493006
0.75,113253,photon,11,16.979872361836364,9,100000,0.99922,0.99922,0.00078,0.0,-53.25411572230895,16.900255816862245
0.75,113253,photon,11,16.979872361836364,10,100000,0.99967,0.99967,0.00033,0.0,-59.16989343967469,17.788515586336512
0.75,113253,photon,11,16.979872361836364,11,100000,0.99981,0.99981,0.00019,0.0,-65.06770831553652,18.649141709203892
0.75,113253,photon,11,16.979872361836364,12,100000,0.99994,0.99994,6e-05,0.0,-70.96584044906648,19.496453620474163
0.75,113253,photon,12,18.2892382533875,1,100000,0.8183,0.8183,0.1817,0.0,-5.994609536187241,5.632461195840176
0.75,113253,photon,12,18.2892382533875,2,100000,0.91308,0.91308,0.08692,0.0,-11.909643896265575,7.9638020374290095
0.75,113253,photon,12,18.2892382533875,3,100000,0.9589,0.9589,0.0411,0.0,-17.840075312889503,9.779253083927424
0.75,113253,photon,12,18.2892382533875,4,100000,0.98009,0.98009,0.01991,0.0,-23.771405960596528,11.294406229230967
0.75,113253,photon,12,18.2892382533875,5,100000,0.99017,0.99017,0.00983,0.0,-29.678415990123376,12.620272900421396
0.75,113253,photon,12,18.2892382533875,6,100000,0.9951,0.9951,0.0049,0.0,-35.59602319473881,13.82716080416434
0.75,113253,photon,12,18.2892382533875,7,100000,0.99724,0.99724,0.00276,0.0,-41.51075232718811,14.931770460494777
0.75,113253,photon,12,18.2892382533875,8,100000,0.9986,0.9986,0.0014,0.0,-47.47258590866332,15.971549501823528
0.75,113253,photon,12,18.2892382533875,9,100000,0.99927,0.99927,0.00073,0.0,-53.39381720230727,16.941045436487293
0.75,113253,photon,12,18.2892382533875,10,100000,0.99969,0.99969,0.00031,0.0,-59.32691618997631,17.863432043669988
0.75,113253,photon,12,18.2892382533875,11,100000,0.99979,0.99979,0.00021,0.0,-65.21287445036785,18.717252961321517
0.75,113253,photon,12,18.2892382533875,12,100000,0.99991,0.99991,9e-05,0.0,-71.11437833935094,19.537181367910577
0.75,113253,photon,13,19.699573045141378,1,100000,0.81888,0.81888,0.18112,0.0,-6.021947521197269,5.640157627376917
0.75,113253,photon,13,19.699573045141378,2,100000,0.91459,0.91459,0.08541,0.0,-11.984782342622337,7.978189769814361
0.75,113253,photon,13,19.699573045141378,3,100000,0.95944,0.95944,0.04056,0.0,-17.961726473038535,9.770335771898946
0.75,113253,photon,13,19.699573045141378,4,100000,0.98077,0.98077,0.01923,0.0,-23.94279923939544,11.234674499034762
0.75,113253,photon,13,19.699573045141378,5,100000,0.99026,0.99026,0.00974,0.0,-29.888389857366114,12.566528651876917
0.75,113253,photon,13,19.699573045141378,6,100000,0.99505,0.99505,0.00495,0.0,-35.84866262107483,13.790871170459376
0.75,113253,photon,13,19.699573045141378,7,100000,0.99749,0.99749,0.00251,0.0,-41.81081830011101,14.909620475005994
0.75,113253,photon,13,19.699573045141378,8,100000,0.99861,0.99861,0.00139,0.0,-47.753865235723296,15.948063960095334
0.75,113253,photon,13,19.699573045141378,9,100000,0.9993,0.9993,0.0007,0.0,-53.70603879155982,16.899786372879394
0.75,113253,photon,13,19.699573045141378,10,100000,0.99956,0.99956,0.00044,0.0,-59.639236675710706,17.78092195831799
0.75,113253,photon,13,19.699573045141378,11,100000,0.99987,0.99987,0.00013,0.0,-65.59969678437153,18.672287141544352
0.75,113253,photon,13,19.699573045141378,12,100000,0.99992,0.99992,8e-05,0.0,-71.56238639662446,19.494047979647068
0.75,113253,photon,14,21.218662734025152,1,100000,0.82184,0.82184,0.17816,0.0,-6.037834075902236,5.62196048285723
0.75,113253,photon,14,21.218662734025152,2,100000,0.91487,0.91487,0.08513,0.0,-12.002911950089583,7.954596515641907
0.75,113253,photon,14,21.218662734025152,3,100000,0.96014,0.96014,0.03986,0.0,-17.98763419706721,9.736047699395764
0.75,113253,photon,14,21.218662734025152,4,100000,0.98076,0.98076,0.01924,0.0,-23.93246950572832,11.236834142617086
0.75,113253,photon,14,21.218662734025152,5,100000,0.99006,0.99006,0.00994,0.0,-29.91867295206864,12.575051560262148
0.75,113253,photon,14,21.218662734025152,6,100000,0.99497,0.99497,0.00503,0.0,-35.88154642526,13.786854480237253
0.75,113253,photon,14,21.218662734025152,7,100000,0.99729,0.99729,0.00271,0.0,-41.83631914369487,14.878436401191962
0.75,113253,photon,14,21.218662734025152,8,100000,0.99845,0.99845,0.00155,0.0,-47.766721646059516,15.895243348362536
0.75,113253,photon,14,21.218662734025152,9,100000,0.99921,0.99921,0.00079,0.0,-53.725347764328895,16.886362262881253
0.75,113253,photon,14,21.218662734025152,10,100000,0.99953,0.99953,0.00047,0.0,-59.71131091271109,17.783065103645907
0.75,113253,photon,14,21.218662734025152,11,100000,0.99978,0.99978,0.00022,0.0,-65.69195600226763,18.64349614961536
0.75,113253,photon,14,21.218662734025152,12,100000,0.99988,0.99988,0.00012,0.0,-71.67137942984425,19.49547190543401
0.75,113253,photon,15,22.85489371716872,1,100000,0.82403,0.82403,0.17597,0.0,-6.0896500129910205,5.612527353668386
0.75,113253,photon,15,22.85489371716872,2,100000,0.91677,0.91677,0.08323,0.0,-12.058437986465204,7.95992589884348
0.75,113253,photon,15,22.85489371716872,3,100000,0.9609,0.9609,0.0391,0.0,-18.06463329092548,9.768272821809743
0.75,113253,photon,15,22.85489371716872,4,100000,0.98162,0.98162,0.01838,0.0,-24.077897347660866,11.295268303431527
0.75,113253,photon,15,22.85489371716872,5,100000,0.99061,0.99061,0.00939,0.0,-30.0720990303584,12.631199249051853
0.75,113253,photon,15,22.85489371716872,6,100000,0.9953,0.9953,0.0047,0.0,-36.08754545785951,13.816085296886964
0.75,113253,photon,15,22.85489371716872,7,100000,0.99756,0.99756,0.00244,0.0,-42.1174676486208,14.915823224969081
0.75,113253,photon,15,22.85489371716872,8,100000,0.99871,0.99871,0.00129,0.0,-48.131339587856594,15.933491506191936
0.75,113253,photon,15,22.85489371716872,9,100000,0.9993,0.9993,0.0007,0.0,-54.114418661572465,16.896410403238296
0.75,113253,photon,15,22.85489371716872,10,100000,0.99963,0.99963,0.00037,0.0,-60.096256028171375,17.823770763476094
0.75,113253,photon,15,22.85489371716872,11,100000,0.99983,0.99983,0.00017,0.0,-66.11497311407095,18.702711415095266
0.75,113253,photon,15,22.85489371716872,12,100000,0.99991,0.99991,9e-05,0.0,-72.1231951732815,19.51781024430303
0.75,113253,photon,16,24.617299090459206,1,100000,0.82325,0.82325,0.17675,0.0,-6.094745943779068,5.617133351083684
0.75,113253,photon,16,24.617299090459206,2,100000,0.9178,0.9178,0.0822,0.0,-12.120930200791548,7.942585913084176
0.75,113253,photon,16,24.617299090459206,3,100000,0.96095,0.96095,0.03905,0.0,-18.17911882569252,9.736101133176929
0.75,113253,photon,16,24.617299090459206,4,100000,0.98219,0.98219,0.01781,0.0,-24.189913258224827,11.247603318609189
0.75,113253,photon,16,24.617299090459206,5,100000,0.99112,0.99112,0.00888,0.0,-30.189103839022174,12.580347435046333
0.75,113253,photon,16,24.617299090459206,6,100000,0.99561,0.99561,0.00439,0.0,-36.227172191636704,13.806539321487627
0.75,113253,photon,16,24.617299090459206,7,100000,0.99773,0.99773,0.00227,0.0,-42.262474539489205,14.910308855692074
0.75,113253,photon,16,24.617299090459206,8,100000,0.99885,0.99885,0.00115,0.0,-48.277549082692055,15.938793561447254
0.75,113253,photon,16,24.617299090459206,9,100000,0.99934,0.99934,0.00066,0.0,-54.29214697175298,16.91206652001787
0.75,113253,photon,16,24.617299090459206,10,100000,0.99967,0.99967,0.00033,0.0,-60.30504808581077,17.825733267201397
0.75,113253,photon,16,24.617299090459206,11,100000,0.99982,0.99982,0.00018,0.0,-66.3055981859758,18.70085238597242
0.75,113253,photon,16,24.617299090459206,12,100000,0.99984,0.99984,0.00016,0.0,-72.32088259514391,19.540224469950378
0.75,113253,photon,17,26.515608517307804,1,100000,0.82392,0.82392,0.17608,0.0,-6.127151884871996,5.61946018490806
0.75,113253,photon,17,26.515608517307804,2,100000,0.91768,0.91768,0.08232,0.0,-12.162630452364652,7.9616746139652586
0.75,113253,photon,17,26.515608517307804,3,100000,0.96168,0.96168,0.03832,0.0,-18.22075951189904,9.748832873109519
0.75,113253,photon,17,26.515608517307804,4,100000,0.98252,0.98252,0.01748,0.0,-24.273663456348448,11.247871995942925
0.75,113253,photon,17,26.515608517307804,5,100000,0.9913,0.9913,0.0087,0.0,-30.345998462596686,12.587342938344968
0.75,113253,photon,17,26.515608517307804,6,100000,0.99572,0.99572,0.00428,0.0,-36.411040736899075,13.79231681669777
0.75,113253,photon,17,26.515608517307804,7,100000,0.99777,0.99777,0.00223,0.0,-42.452580590510145,14.90492141546607
0.75,113253,photon,17,26.515608517307804,8,100000,0.99885,0.99885,0.00115,0.0,-48.49488632882277,15.959849798149234
0.75,113253,photon,17,26.515608517307804,9,100000,0.99932,0.99932,0.00068,0.0,-54.50686931065594,16.919559268998796
0.75,113253,photon,17,26.515608517307804,10,100000,0.99968,0.99968,0.00032,0.0,-60.541301751188485,17.863696808935448
0.75,113253,photon,17,26.515608517307804,11,100000,0.99981,0.99981,0.00019,0.0,-66.61519240615921,18.697570221708997
0.75,113253,photon,17,26.515608517307804,12,100000,0.9999,0.9999,0.0001,0.0,-72.61874540887882,19.53135618888528
0.75,113253,photon,18,28.560301942937947,1,100000,0.82458,0.82458,0.17542,0.0,-6.139764846812341,5.612199553294631
0.75,113253,photon,18,28.560301942937947,2,100000,0.91881,0.91881,0.08119,0.0,-12.180403588576109,7.935063352453471
0.75,113253,photon,18,28.560301942937947,3,100000,0.96286,0.96286,0.03714,0.0,-18.250376534462568,9.704497108366176
0.75,113253,photon,18,28.560301942937947,4,100000,0.98222,0.98222,0.01778,0.0,-24.32421663234923,11.196426459209619
0.75,113253,photon,18,28.560301942937947,5,100000,0.99169,0.99169,0.00831,0.0,-30.378778195264474,12.513949986908457
0.75,113253,photon,18,28.560301942937947,6,100000,0.996,0.996,0.004,0.0,-36.446952238487064,13.693999661863463
0.75,113253,photon,18,28.560301942937947,7,100000,0.99804,0.99804,0.00196,0.0,-42.50840665523905,14.803743417953266
0.75,113253,photon,18,28.560301942937947,8,100000,0.99898,0.99898,0.00102,0.0,-48.57780530960737,15.833042279601747
0.75,113253,photon,18,28.560301942937947,9,100000,0.99952,0.99952,0.00048,0.0,-54.66541257988475,16.80725640781818
0.75,113253,photon,18,28.560301942937947,10,100000,0.99982,0.99982,0.00018,0.0,-60.72926408089729,17.69327707157273
0.75,113253,photon,18,28.560301942937947,11,100000,0.99989,0.99989,0.00011,0.0,-66.78804455985652,18.555832722387002
0.75,113253,photon,18,28.560301942937947,12,100000,0.99992,0.99992,8e-05,0.0,-72.86372865938768,19.384127501676183
0.75,113253,photon,19,30.762667450733804,1,100000,0.82304,0.82304,0.17696,0.0,-6.098422606776662,5.629772111554484
0.75,113253,photon,19,30.762667450733804,2,100000,0.91759,0.91759,0.08241,0.0,-12.175078415682108,7.958262959003409
0.75,113253,photon,19,30.762667450733804,3,100000,0.96262,0.96262,0.03738,0.0,-18.282471462529504,9.73181445453784
0.75,113253,photon,19,30.762667450733804,4,100000,0.98252,0.98252,0.01748,0.0,-24.347450690256235,11.24470383872224
0.75,113253,photon,19,30.762667450733804,5,100000,0.99159,0.99159,0.00841,0.0,-30.440868126773644,12.570588667237306
0.75,113253,photon,19,30.762667450733804,6,100000,0.99553,0.99553,0.00447,0.0,-36.49537928618526,13.7782159718632
0.75,113253,photon,19,30.762667450733804,7,100000,0.99783,0.99783,0.00217,0.0,-42.56566353176637,14.911424756194037
0.75,113253,photon,19,30.762667450733804,8,100000,0.99877,0.99877,0.00123,0.0,-48.61719596608023,15.940591951396977
0.75,113253,photon,19,30.762667450733804,9,100000,0.99947,0.99947,0.00053,0.0,-54.657557122914476,16.94329651122573
0.75,113253,photon,19,30.762667450733804,10,100000,0.99972,0.99972,0.00028,0.0,-60.73428609610316,17.841807394758355
0.75,113253,photon,19,30.762667450733804,11,100000,0.99984,0.99984,0.00016,0.0,-66.7723077084382,18.71036573513788
0.75,113253,photon,19,30.762667450733804,12,100000,0.99994,0.99994,6e-05,0.0,-72.8614846514186,19.504900272323386
0.75,113253,su2,0,7.499999999999999,1,100000,0.8744,0.1256,0.8744,0.0,2.737873902855562,1.986381272392991
0.75,113253,su2,0,7.499999999999999,2,100000,0.95102,0.04898,0.95102,0.0,5.448718614929035,2.8269887353704215
0.75,113253,su2,0,7.499999999999999,3,100000,0.97638,0.02362,0.97638,0.0,8.171856201870343,3.449834092551258
0.75,113253,su2,0,7.499999999999999,4,100000,0.98676,0.01324,0.98676,0.0,10.896056659921308,3.9822324111637792
0.75,113253,su2,0,7.499999999999999,5,100000,0.99227,0.00773,0.99227,0.0,13.60756688803612,4.4651249424893935
0.75,113253,su2,0,7.499999999999999,6,100000,0.99578,0.00422,0.99578,0.0,16.32260926501024,4.893645905683768
0.75,113253,su2,0,7.499999999999999,7,100000,0.99781,0.00219,0.99781,0.0,19.02339312570981,5.277361227677559
0.75,113253,su2,0,7.499999999999999,8,100000,0.99877,0.00123,0.99877,0.0,21.742963958889256,5.642109660032594
0.75,113253,su2,0,7.499999999999999,9,100000,0.99934,0.00066,0.99934,0.0,24.449393628534406,5.98076609588778
0.75,113253,su2,0,7.499999999999999,10,100000,0.99962,0.00038,0.99962,0.0,27.1633623790145,6.303741325321395
0.75,113253,su2,0,7.499999999999999,11,100000,0.99976,0.00024,0.99976,0.0,29.875033285841287,6.618955048978027
0.75,113253,su2,0,7.499999999999999,12,100000,0.99984,0.00016,0.99984,0.0,32.58487567316401,6.91224213700283
0.75,113253,su2,1,8.913144807036554,1,100000,0.87463,0.12537,0.87463,0.0,2.72657901681526,1.98874252522926
0.75,113253,su2,1,8.913144807036554,2,100000,0.95069,0.04931,0.95069,0.0,5.442779649765868,2.817855754721769
0.75,113253,su2,1,8.913144807036554,3,100000,0.97544,0.02456,0.97544,0.0,8.139743253226559,3.4606009025229705
0.75,113253,su2,1,8.913144807036554,4,100000,0.98572,0.01428,0.98572,0.0,10.849869879935643,3.9982167203535073
0.75,113253,su2,1,8.913144807036554,5,100000,0.99233,0.00767,0.99233,0.0,13.565067696631798,4.466769342070938
0.75,113253,su2,1,8.913144807036554,6,100000,0.99564,0.00436,0.99564,0.0,16.264605021621737,4.904978164112793
0.75,113253,su2,1,8.913144807036554,7,100000,0.99736,0.00264,0.99736,0.0,18.96320958303019,5.29395114334903
0.75,113253,su2,1,8.913144807036554,8,100000,0.9987,0.0013,0.9987,0.0,21.672081167541126,5.6533229955491615
0.75,113253,su2,1,8.913144807036554,9,100000,0.99923,0.00077,0.99923,0.0,24.37606225294602,5.999731499038426
0.75,113253,su2,1,8.913144807036554,10,100000,0.99958,0.00042,0.99958,0.0,27.09578233049463,6.31083108948969
0.75,113253,su2,1,8.913144807036554,11,100000,0.99977,0.00023,0.99977,0.0,29.806178366236427,6.628100914942441
0.75,113253,su2,1,8.913144807036554,12,100000,0.99988,0.00012,0.99988,0.0,32.49978507339857,6.938096260984658
0.75,113253,su2,2,10.592553380160359,1,100000,0.87316,0.12684,0.87316,0.0,2.724840519887579,1.9910340977943353
0.75,113253,su2,2,10.592553380160359,2,100000,0.95108,0.04892,0.95108,0.0,5.4370450456517325,2.817771003637656
0.75,113253,su2,2,10.592553380160359,3,100000,0.97605,0.02395,0.97605,0.0,8.13562401612985,3.449138909328632
0.75,113253,su2,2,10.592553380160359,4,100000,0.9863,0.0137,0.9863,0.0,10.837599562041401,3.986508758385744
0.75,113253,su2,2,10.592553380160359,5,100000,0.99162,0.00838,0.99162,0.0,13.523306851115136,4.477453893262326
0.75,113253,su2,2,10.592553380160359,6,100000,0.99519,0.00481,0.99519,0.0,16.223587299742245,4.905239838820926
0.75,113253,su2,2,10.592553380160359,7,100000,0.99751,0.00249,0.99751,0.0,18.923847380339865,5.3036055523106835
0.75,113253,su2,2,10.592553380160359,8,100000,0.99851,0.00149,0.99851,0.0,21.623177762029336,5.668910726772284
0.75,113253,su2,2,10.592553380160359,9,100000,0.99921,0.00079,0.99921,0.0,24.31588747667873,6.020568432449857
0.75,113253,su2,2,10.592553380160359,10,100000,0.99954,0.00046,0.99954,0.0,27.011325916956874,6.340700533151366
0.75,113253,su2,2,10.592553380160359,11,100000,0.99977,0.00023,0.99977,0.0,29.710527081209676,6.658126438733192
0.75,113253,su2,2,10.592553380160359,12,100000,0.99989,0.00011,0.99989,0.0,32.407526098185244,6.944924087286874
0.75,113253,su2,3,12.588394953817843,1,100000,0.87255,0.12745,0.87255,0.0,2.7178546230322294,1.99977769068535
0.75,113253,su2,3,12.588394953817843,2,100000,0.94968,0.05032,0.94968,0.0,5.412227740375565,2.832532254723778
0.75,113253,su2,3,12.588394953817843,3,100000,0.97503,0.02497,0.97503,0.0,8.10097928886767,3.478463962595283
0.75,113253,su2,3,12.588394953817843,4,100000,0.98595,0.01405,0.98595,0.0,10.780020274829194,4.018786365410952
0.75,113253,su2,3,12.588394953817843,5,100000,0.99246,0.00754,0.99246,0.0,13.457095783885645,4.488907715812812
0.75,113253,su2,3,12.588394953817843,6,100000,0.99535,0.00465,0.99535,0.0,16.144091871267545,4.9233955628949415
0.75,113253,su2,3,12.588394953817843,7,100000,0.99733,0.00267,0.99733,0.0,18.83214144119383,5.333986478525332
0.75,113253,su2,3,12.588394953817843,8,100000,0.99841,0.00159,0.99841,0.0,21.513598655395928,5.697655816754036
0.75,113253,su2,3,12.588394953817843,9,100000,0.99894,0.00106,0.99894,0.0,24.19499265921557,6.030140738158232
0.75,113253,su2,3,12.588394953817843,10,100000,0.99958,0.00042,0.99958,0.0,26.87443678439646,6.357530367707341
0.75,113253,su2,3,12.588394953817843,11,100000,0.99983,0.00017,0.99983,0.0,29.562675563340477,6.661222566771114
0.75,113253,su2,3,12.588394953817843,12,100000,0.9999,0.0001,0.9999,0.0,32.24347841559004,6.959312512822832
0.75,113253,su2,4,14.960291614872897,1,100000,0.8712,0.1288,0.8712,0.0,2.7027428168787884,2.012707829373254
0.75,113253,su2,4,14.960291614872897,2,100000,0.94821,0.05179,0.94821,0.0,5.387024436963269,2.851489995406415
0.75,113253,su2,4,14.960291614872897,3,100000,0.9743,0.0257,0.9743,0.0,8.084653679229332,3.4862869437673067
0.75,113253,su2,4,14.960291614872897,4,100000,0.98482,0.01518,0.98482,0.0,10.76729121777448,4.023504685638483
0.75,113253,su2,4,14.960291614872897,5,100000,0.99175,0.00825,0.99175,0.0,13.463096736214164,4.482589912511725
0.75,113253,su2,4,14.960291614872897,6,100000,0.99556,0.00444,0.99556,0.0,16.14671873878481,4.914137180101264
0.75,113253,su2,4,14.960291614872897,7,100000,0.99726,0.00274,0.99726,0.0,18.82433500531382,5.31655376160368
0.75,113253,su2,4,14.960291614872897,8,100000,0.99837,0.00163,0.99837,0.0,21.507843293178666,5.69681287950721
0.75,113253,su2,4,14.960291614872897,9,100000,0.99905,0.00095,0.99905,0.0,24.186234495105577,6.045136039264908
0.75,113253,su2,4,14.960291614872897,10,100000,0.99942,0.00058,0.99942,0.0,26.868973648969348,6.369593308068932
0.75,113253,su2,4,14.960291614872897,11,100000,0.99968,0.00032,0.99968,0.0,29.540470749237052,6.668080106168842
0.75,113253,su2,4,14.960291614872897,12,100000,0.99983,0.00017,0.99983,0.0,32.2078504811471,6.9621817692984544
0.75,113253,su2,5,17.779099402514248,1,100000,0.87014,0.12986,0.87014,0.0,2.708672588111255,2.0167918785807646
0.75,113253,su2,5,17.779099402514248,2,100000,0.94876,0.05124,0.94876,0.0,5.401147500719577,2.839506169991753
0.75,113253,su2,5,17.779099402514248,3,100000,0.97493,0.02507,0.97493,0.0,8.0884468560206,3.4809534935975757
0.75,113253,su2,5,17.779099402514248,4,100000,0.98547,0.01453,0.98547,0.0,10.769034319185867,4.025124238102583
0.75,113253,su2,5,17.779099402514248,5,100000,0.99152,0.00848,0.99152,0.0,13.441143671817558,4.520178565806036
0.75,113253,su2,5,17.779099402514248,6,100000,0.99537,0.00463,0.99537,0.0,16.12173003639363,4.954187767085509
0.75,113253,su2,5,17.779099402514248,7,100000,0.99743,0.00257,0.99743,0.0,18.805848096344707,5.341237054147791
0.75,113253,su2,5,17.779099402514248,8,100000,0.99845,0.00155,0.99845,0.0,21.502801706293383,5.704918395379279
0.75,113253,su2,5,17.779099402514248,9,100000,0.99909,0.00091,0.99909,0.0,24.18480748268521,6.059349537808871
0.75,113253,su2,5,17.779099402514248,10,100000,0.99955,0.00045,0.99955,0.0,26.865065387867972,6.382067967733553
0.75,113253,su2,5,17.779099402514248,11,100000,0.99979,0.00021,0.99979,0.0,29.54347689114539,6.69386473106745
0.75,113253,su2,5,17.779099402514248,12,100000,0.9999,0.0001,0.9999,0.0,32.2138911891952,6.987796689360585
0.75,113253,su2,6,21.129025001774206,1,100000,0.87114,0.12886,0.87114,0.0,2.698724986250935,2.004209468277065
0.75,113253,su2,6,21.129025001774206,2,100000,0.94857,0.05143,0.94857,0.0,5.379815795926012,2.854003430812592
0.75,113253,su2,6,21.129025001774206,3,100000,0.97376,0.02624,0.97376,0.0,8.066587572465162,3.5065691920710877
0.75,113253,su2,6,21.129025001774206,4,100000,0.98457,0.01543,0.98457,0.0,10.751197580157639,4.055592355556284
0.75,113253,su2,6,21.129025001774206,5,100000,0.99169,0.00831,0.99169,0.0,13.431573463147775,4.520541021210051
0.75,113253,su2,6,21.129025001774206,6,100000,0.99517,0.00483,0.99517,0.0,16.104494090837914,4.9559660006691875
0.75,113253,su2,6,21.129025001774206,7,100000,0.99726,0.00274,0.99726,0.0,18.7696135793485,5.352924987338735
0.75,113253,su2,6,21.129025001774206,8,100000,0.99848,0.00152,0.99848,0.0,21.44302656631141,5.7178785045434655
0.75,113253,su2,6,21.129025001774206,9,100000,0.99923,0.00077,0.99923,0.0,24.123461095797545,6.057547172847523
0.75,113253,su2,6,21.129025001774206,10,100000,0.99962,0.00038,0.99962,0.0,26.795614462589775,6.402659450143381
0.75,113253,su2,6,21.129025001774206,11,100000,0.99974,0.00026,0.99974,0.0,29.46736180711324,6.71546595296122
0.75,113253,su2,6,21.129025001774206,12,100000,0.99985,0.00015,0.99985,0.0,32.14009752232557,7.019276097404272
0.75,113253,su2,7,25.110141262974583,1,100000,0.87053,0.12947,0.87053,0.0,2.700908128949005,2.0250898534456807
0.75,113253,su2,7,25.110141262974583,2,100000,0.94786,0.05214,0.94786,0.0,5.380129302827034,2.8661301361451192
0.75,113253,su2,7,25.110141262974583,3,100000,0.97424,0.02576,0.97424,0.0,8.058809926639325,3.4912461321670647
0.75,113253,su2,7,25.110141262974583,4,100000,0.98508,0.01492,0.98508,0.0,10.741917387895246,4.0347851515391335
0.75,113253,su2,7,25.110141262974583,5,100000,0.99137,0.00863,0.99137,0.0,13.408015741753454,4.518291910910247
0.75,113253,su2,7,25.110141262974583,6,100000,0.99494,0.00506,0.99494,0.0,16.071260636715618,4.95213801087258
0.75,113253,su2,7,25.110141262974583,7,100000,0.99725,0.00275,0.99725,0.0,18.73486468138916,5.339655507234409
0.75,113253,su2,7,25.110141262974583,8,100000,0.99834,0.00166,0.99834,0.0,21.401834916528813,5.714261976660905
0.75,113253,su2,7,25.110141262974583,9,100000,0.99905,0.00095,0.99905,0.0,24.061816862558356,6.0745500599465405
0.75,113253,su2,7,25.110141262974583,10,100000,0.99941,0.00059,0.99941,0.0,26.73358991500075,6.406690442432325
0.75,113253,su2,7,25.110141262974583,11,100000,0.99973,0.00027,0.99973,0.0,29.398846086012043,6.715146863204416
0.75,113253,su2,7,25.110141262974583,12,100000,0.99978,0.00022,0.99978,0.0,32.06984088002548,7.00935353835952
0.75,113253,su2,8,29.84137669360484,1,100000,0.86735,0.13265,0.86735,0.0,2.6856391464772593,2.0102411896406442
0.75,113253,su2,8,29.84137669360484,2,100000,0.9472,0.0528,0.9472,0.0,5.355897063683605,2.84584380391841
0.75,113253,su2,8,29.84137669360484,3,100000,0.97416,0.02584,0.97416,0.0,8.024681602548963,3.4810379726449563
0.75,113253,su2,8,29.84137669360484,4,100000,0.98542,0.01458,0.98542,0.0,10.686750482563575,4.017993035289945
0.75,113253,su2,8,29.84137669360484,5,100000,0.99175,0.00825,0.99175,0.0,13.355893289919232,4.499617477087417
0.75,113253,su2,8,29.84137669360484,6,100000,0.99526,0.00474,0.99526,0.0,16.024709504780333,4.936721853459187
0.75,113253,su2,8,29.84137669360484,7,100000,0.99729,0.00271,0.99729,0.0,18.696687201698218,5.326047816942435
0.75,113253,su2,8,29.84137669360484,8,100000,0.9986,0.0014,0.9986,0.0,21.373889025179906,5.687739412228245
0.75,113253,su2,8,29.84137669360484,9,100000,0.99917,0.00083,0.99917,0.0,24.046319855745086,6.036687713284043
0.75,113253,su2,8,29.84137669360484,10,100000,0.99949,0.00051,0.99949,0.0,26.706556801344856,6.36019688123107
0.75,113253,su2,8,29.84137669360484,11,100000,0.99977,0.00023,0.99977,0.0,29.363667174780083,6.669528186012669
0.75,113253,su2,8,29.84137669360484,12,100000,0.99987,0.00013,0.99987,0.0,32.03625071409353,6.961582650405713
0.75,113253,su2,9,35.46406822819008,1,100000,0.86887,0.13113,0.86887,0.0,2.692369582438868,2.0225048291168504
0.75,113253,su2,9,35.46406822819008,2,100000,0.9479,0.0521,0.9479,0.0,5.361622158514969,2.862813799482685
0.75,113253,su2,9,35.46406822819008,3,100000,0.97443,0.02557,0.97443,0.0,8.036239102419364,3.4992499094048246
0.75,113253,su2,9,35.46406822819008,4,100000,0.98481,0.01519,0.98481,0.0,10.699277415360338,4.038769486547018
0.75,113253,su2,9,35.46406822819008,5,100000,0.9915,0.0085,0.9915,0.0,13.373990656495675,4.513789072367788
0.75,113253,su2,9,35.46406822819008,6,100000,0.99517,0.00483,0.99517,0.0,16.045307486088706,4.943314207139423
0.75,113253,su2,9,35.46406822819008,7,100000,0.99719,0.00281,0.99719,0.0,18.722914436016698,5.333419469216676
0.75,113253,su2,9,35.46406822819008,8,100000,0.99854,0.00146,0.99854,0.0,21.385300915551078,5.702197786458547
0.75,113253,su2,9,35.46406822819008,9,100000,0.9992,0.0008,0.9992,0.0,24.049530834101557,6.0612165834320795
0.75,113253,su2,9,35.46406822819008,10,100000,0.99946,0.00054,0.99946,0.0,26.707704320076004,6.393984122371236
0.75,113253,su2,9,35.46406822819008,11,100000,0.99964,0.00036,0.99964,0.0,29.37552111414573,6.7125354700188415
0.75,113253,su2,9,35.46406822819008,12,100000,0.99985,0.00015,0.99985,0.0,32.038087976423895,7.009501681050025
0.75,113253,su2,10,42.14618340859766,1,100000,0.86756,0.13244,0.86756,0.0,2.679014965705685,2.040722965993106
0.75,113253,su2,10,42.14618340859766,2,100000,0.94511,0.05489,0.94511,0.0,5.332918268818072,2.8907258450435025
0.75,113253,su2,10,42.14618340859766,3,100000,0.97269,0.02731,0.97269,0.0,7.994565712734513,3.5202352476095844
0.75,113253,su2,10,42.14618340859766,4,100000,0.98389,0.01611,0.98389,0.0,10.649706593330489,4.070004015100055
0.75,113253,su2,10,42.14618340859766,5,100000,0.9904,0.0096,0.9904,0.0,13.299678655674704,4.545788105626289
0.75,113253,su2,10,42.14618340859766,6,100000,0.99471,0.00529,0.99471,0.0,15.957954389673539,4.988812641407302
0.75,113253,su2,10,42.14618340859766,7,100000,0.9969,0.0031,0.9969,0.0,18.615772632938313,5.390492605014503
0.75,113253,su2,10,42.14618340859766,8,100000,0.99831,0.00169,0.99831,0.0,21.2754746564188,5.759794800446646
0.75,113253,su2,10,42.14618340859766,9,100000,0.99894,0.00106,0.99894,0.0,23.92449286172575,6.096647615399358
0.75,113253,su2,10,42.14618340859766,10,100000,0.99931,0.00069,0.99931,0.0,26.580381544689963,6.439371201287308
0.75,113253,su2,10,42.14618340859766,11,100000,0.99956,0.00044,0.99956,0.0,29.23002279191527,6.7498086591687745
0.75,113253,su2,10,42.14618340859766,12,100000,0.99976,0.00024,0.99976,0.0,31.881827071494662,7.055192701749172
0.75,113253,su2,11,50.08733810463367,1,100000,0.86845,0.13155,0.86845,0.0,2.6894343975237303,2.014450611075913
0.75,113253,su2,11,50.08733810463367,2,100000,0.94806,0.05194,0.94806,0.0,5.36234228301252,2.8544368176089874
0.75,113253,su2,11,50.08733810463367,3,100000,0.97392,0.02608,0.97392,0.0,8.016307765043313,3.4999729069821597
0.75,113253,su2,11,50.08733810463367,4,100000,0.98513,0.01487,0.98513,0.0,10.682922245598764,4.036205025048151
0.75,113253,su2,11,50.08733810463367,5,100000,0.9914,0.0086,0.9914,0.0,13.339194104011373,4.517130424941
0.75,113253,su2,11,50.08733810463367,6,100000,0.99477,0.00523,0.99477,0.0,16.002257335239275,4.950265377591861
0.75,113253,su2,11,50.08733810463367,7,100000,0.99712,0.00288,0.99712,0.0,18.65561295093486,5.353620609373902
0.75,113253,su2,11,50.08733810463367,8,100000,0.99821,0.00179,0.99821,0.0,21.318763562376947,5.723232444342068
0.75,113253,su2,11,50.08733810463367,9,100000,0.99896,0.00104,0.99896,0.0,23.96448600402982,6.084189204831775
0.75,113253,su2,11,50.08733810463367,10,100000,0.99938,0.00062,0.99938,0.0,26.63141347022115,6.396671856166773
0.75,113253,su2,11,50.08733810463367,11,100000,0.99962,0.00038,0.99962,0.0,29.284904029648843,6.708674842223123
0.75,113253,su2,11,50.08733810463367,12,100000,0.99981,0.00019,0.99981,0.0,31.936826038157875,7.0158450228995655
0.75,113253,su2,12,59.52475967007999,1,100000,0.86619,0.13381,0.86619,0.0,2.6670108108907984,2.0383467542234195
0.75,113253,su2,12,59.52475967007999,2,100000,0.94554,0.05446,0.94554,0.0,5.330982087099281,2.887246691802184
0.75,113253,su2,12,59.52475967007999,3,100000,0.97255,0.02745,0.97255,0.0,7.993946740174327,3.5273606664214885
0.75,113253,su2,12,59.52475967007999,4,100000,0.98441,0.01559,0.98441,0.0,10.66016981619261,4.067392596968415
0.75,113253,su2,12,59.52475967007999,5,100000,0.99087,0.00913,0.99087,0.0,13.315171103282042,4.54225136123801
0.75,113253,su2,12,59.52475967007999,6,100000,0.9946,0.0054,0.9946,0.0,15.967981170718998,4.978554905838099
0.75,113253,su2,12,59.52475967007999,7,100000,0.99675,0.00325,0.99675,0.0,18.624462918081562,5.369505202661728
0.75,113253,su2,12,59.52475967007999,8,100000,0.99817,0.00183,0.99817,0.0,21.27487958478418,5.735796909331949
0.75,113253,su2,12,59.52475967007999,9,100000,0.99906,0.00094,0.99906,0.0,23.918272552386103,6.076265136354012
0.75,113253,su2,12,59.52475967007999,10,100000,0.99934,0.00066,0.99934,0.0,26.573539412250998,6.402407132349468
0.75,113253,su2,12,59.52475967007999,11,100000,0.99952,0.00048,0.99952,0.0,29.2286460119839,6.728754667553268
0.75,113253,su2,12,59.52475967007999,12,100000,0.99971,0.00029,0.99971,0.0,31.8730102359243,7.041212860215631
0.75,113253,su2,13,70.74037367246298,1,100000,0.86657,0.13343,0.86657,0.0,2.677227825297181,2.0339685690231
0.75,113253,su2,13,70.74037367246298,2,100000,0.94554,0.05446,0.94554,0.0,5.329090486453828,2.883927716429404
0.75,113253,su2,13,70.74037367246298,3,100000,0.97272,0.02728,0.97272,0.0,7.982355182199751,3.5308209505743293
0.75,113253,su2,13,70.74037367246298,4,100000,0.98428,0.01572,0.98428,0.0,10.635754494228404,4.075726883193126
0.75,113253,su2,13,70.74037367246298,5,100000,0.99044,0.00956,0.99044,0.0,13.290938159552429,4.536253574612796
0.75,113253,su2,13,70.74037367246298,6,100000,0.99469,0.00531,0.99469,0.0,15.944376670162116,4.978139139057228
0.75,113253,su2,13,70.74037367246298,7,100000,0.99707,0.00293,0.99707,0.0,18.59505831023235,5.386187988775664
0.75,113253,su2,13,70.74037367246298,8,100000,0.99796,0.00204,0.99796,0.0,21.24623656985712,5.759496460472429
0.75,113253,su2,13,70.74037367246298,9,100000,0.99895,0.00105,0.99895,0.0,23.91104702504783,6.107933690254346
0.75,113253,su2,13,70.74037367246298,10,100000,0.99947,0.00053,0.99947,0.0,26.566010416767448,6.443839788943487
0.75,113253,su2,13,70.74037367246298,11,100000,0.99974,0.00026,0.99974,0.0,29.2157365560352,6.750204644336445
0.75,113253,su2,13,70.74037367246298,12,100000,0.99985,0.00015,0.99985,0.0,31.865313415720337,7.053916387688535
0.75,113253,su2,14,84.0692258995385,1,100000,0.86993,0.13007,0.86993,0.0,2.693145967632008,2.016672655533874
0.75,113253,su2,14,84.0692258995385,2,100000,0.94673,0.05327,0.94673,0.0,5.349440065416069,2.8702360059834398
0.75,113253,su2,14,84.0692258995385,3,100000,0.97308,0.02692,0.97308,0.0,8.00656847889836,3.520188771675133
0.75,113253,su2,14,84.0692258995385,4,100000,0.98442,0.01558,0.98442,0.0,10.678768690970262,4.053451152336403
0.75,113253,su2,14,84.0692258995385,5,100000,0.99099,0.00901,0.99099,0.0,13.32850989172751,4.532057287468497
0.75,113253,su2,14,84.0692258995385,6,100000,0.99431,0.00569,0.99431,0.0,15.97813428226314,4.97855868353888
0.75,113253,su2,14,84.0692258995385,7,100000,0.99672,0.00328,0.99672,0.0,18.64422052196433,5.378720093572527
0.75,113253,su2,14,84.0692258995385,8,100000,0.99813,0.00187,0.99813,0.0,21.297999483922048,5.750464158531625
0.75,113253,su2,14,84.0692258995385,9,100000,0.99899,0.00101,0.99899,0.0,23.943549543575532,6.099220843750594
0.75,113253,su2,14,84.0692258995385,10,100000,0.99939,0.00061,0.99939,0.0,26.610962600679343,6.43751449682494
0.75,113253,su2,14,84.0692258995385,11,100000,0.99968,0.00032,0.99968,0.0,29.265068484498837,6.75179436080967
0.75,113253,su2,14,84.0692258995385,12,100000,0.99978,0.00022,0.99978,0.0,31.912675776106454,7.051860232857486
0.75,113253,su2,15,99.90949123440735,1,100000,0.86745,0.13255,0.86745,0.0,2.6746374268101003,2.0285118136853475
0.75,113253,su2,15,99.90949123440735,2,100000,0.94656,0.05344,0.94656,0.0,5.335556139708444,2.86176184786625
0.75,113253,su2,15,99.90949123440735,3,100000,0.97291,0.02709,0.97291,0.0,7.990397187353388,3.512644162895958
0.75,113253,su2,15,99.90949123440735,4,100000,0.98501,0.01499,0.98501,0.0,10.63231035383262,4.053036997457024
0.75,113253,su2,15,99.90949123440735,5,100000,0.99125,0.00875,0.99125,0.0,13.287612032184668,4.532795818830877
0.75,113253,su2,15,99.90949123440735,6,100000,0.99503,0.00497,0.99503,0.0,15.941438937599841,4.969142592987951
0.75,113253,su2,15,99.90949123440735,7,100000,0.99678,0.00322,0.99678,0.0,18.588299731637058,5.375287510073365
0.75,113253,su2,15,99.90949123440735,8,100000,0.99808,0.00192,0.99808,0.0,21.23490418457107,5.743299012975348
0.75,113253,su2,15,99.90949123440735,9,100000,0.9989,0.0011,0.9989,0.0,23.887383065264416,6.092450228584923
0.75,113253,su2,15,99.90949123440735,10,100000,0.99931,0.00069,0.99931,0.0,26.53396713425112,6.419678508477128
0.75,113253,su2,15,99.90949123440735,11,100000,0.99955,0.00045,0.99955,0.0,29.18928469453497,6.731160112548686
0.75,113253,su2,15,99.90949123440735,12,100000,0.99977,0.00023,0.99977,0.0,31.828233367900555,7.037021548587527
0.75,113253,su2,16,118.73436839594959,1,100000,0.867,0.133,0.867,0.0,2.6713095713245667,2.0354635613872527
0.75,113253,su2,16,118.73436839594959,2,100000,0.947,0.053,0.947,0.0,5.336433525567889,2.875058412333734
0.75,113253,su2,16,118.73436839594959,3,100000,0.97304,0.02696,0.97304,0.0,7.990278062303487,3.5324339082730623
0.75,113253,su2,16,118.73436839594959,4,100000,0.98347,0.01653,0.98347,0.0,10.645069805172943,4.0782080611024565
0.75,113253,su2,16,118.73436839594959,5,100000,0.99041,0.00959,0.99041,0.0,13.29921054987844,4.558782635919352
0.75,113253,su2,16,118.73436839594959,6,100000,0.99437,0.00563,0.99437,0.0,15.959705962538013,5.00416650248198
0.75,113253,su2,16,118.73436839594959,7,100000,0.99662,0.00338,0.99662,0.0,18.60840311962677,5.408471427612458
0.75,113253,su2,16,118.73436839594959,8,100000,0.99816,0.00184,0.99816,0.0,21.264034452150568,5.783712884932756
0.75,113253,su2,16,118.73436839594959,9,100000,0.99889,0.00111,0.99889,0.0,23.9135821238288,6.131637219925718
0.75,113253,su2,16,118.73436839594959,10,100000,0.99925,0.00075,0.99925,0.0,26.559298239917098,6.453751969058929
0.75,113253,su2,16,118.73436839594959,11,100000,0.99951,0.00049,0.99951,0.0,29.204971599567664,6.775658528049374
0.75,113253,su2,16,118.73436839594959,12,100000,0.99978,0.00022,0.99978,0.0,31.85369231365121,7.090806193907287
0.75,113253,su2,17,141.10621587801643,1,100000,0.86561,0.13439,0.86561,0.0,2.665097051397783,2.0466135812218273
0.75,113253,su2,17,141.10621587801643,2,100000,0.94687,0.05313,0.94687,0.0,5.32878375140959,2.880375616576747
0.75,113253,su2,17,141.10621587801643,3,100000,0.97298,0.02702,0.97298,0.0,7.986488106994602,3.520126024125126
0.75,113253,su2,17,141.10621587801643,4,100000,0.98398,0.01602,0.98398,0.0,10.625222770533576,4.073898256345724
0.75,113253,su2,17,141.10621587801643,5,100000,0.99031,0.00969,0.99031,0.0,13.27230854380927,4.562487794376423
0.75,113253,su2,17,141.10621587801643,6,100000,0.99408,0.00592,0.99408,0.0,15.905848395845386,5.0090865613272575
0.75,113253,su2,17,141.10621587801643,7,100000,0.99644,0.00356,0.99644,0.0,18.55145956443466,5.414613408371213
0.75,113253,su2,17,141.10621587801643,8,100000,0.99796,0.00204,0.99796,0.0,21.199240393619082,5.791031917701329
0.75,113253,su2,17,141.10621587801643,9,100000,0.99887,0.00113,0.99887,0.0,23.846476877551904,6.136765516962248
0.75,113253,su2,17,141.10621587801643,10,100000,0.99933,0.00067,0.99933,0.0,26.493858219703473,6.465848559516094
0.75,113253,su2,17,141.10621587801643,11,100000,0.99955,0.00045,0.99955,0.0,29.150900341603336,6.78652376677095
0.75,113253,su2,17,141.10621587801643,12,100000,0.9997,0.0003,0.9997,0.0,31.787478191960485,7.089180171957487
0.75,113253,su2,18,167.69335137249612,1,100000,0.86815,0.13185,0.86815,0.0,2.679195435195452,2.039505365288499
0.75,113253,su2,18,167.69335137249612,2,100000,0.94573,0.05427,0.94573,0.0,5.336676101242915,2.8862351050081987
0.75,113253,su2,18,167.69335137249612,3,100000,0.97256,0.02744,0.97256,0.0,7.998560900672211,3.5372273094206577
0.75,113253,su2,18,167.69335137249612,4,100000,0.98337,0.01663,0.98337,0.0,10.657757160131233,4.086539124238898
0.75,113253,su2,18,167.69335137249612,5,100000,0.99059,0.00941,0.99059,0.0,13.310050190617002,4.562818353558941
0.75,113253,su2,18,167.69335137249612,6,100000,0.99443,0.00557,0.99443,0.0,15.965760487524653,4.995971053064049
0.75,113253,su2,18,167.69335137249612,7,100000,0.99684,0.00316,0.99684,0.0,18.607402445068548,5.3981163050120795
0.75,113253,su2,18,167.69335137249612,8,100000,0.99804,0.00196,0.99804,0.0,21.251716134311334,5.780887461747443
0.75,113253,su2,18,167.69335137249612,9,100000,0.99877,0.00123,0.99877,0.0,23.900217070295113,6.133001536226181
0.75,113253,su2,18,167.69335137249612,10,100000,0.99927,0.00073,0.99927,0.0,26.546371787900096,6.465020702167701
0.75,113253,su2,18,167.69335137249612,11,100000,0.99956,0.00044,0.99956,0.0,29.197266567099874,6.777814658713452
0.75,113253,su2,18,167.69335137249612,12,100000,0.99975,0.00025,0.99975,0.0,31.850649572177286,7.074673164041624
0.75,113253,su2,19,199.29001652804294,1,100000,0.86812,0.13188,0.86812,0.0,2.6841359916973544,2.028002736086958
0.75,113253,su2,19,199.29001652804294,2,100000,0.94728,0.05272,0.94728,0.0,5.345938545937799,2.8654807487596305
0.75,113253,su2,19,199.29001652804294,3,100000,0.9729,0.0271,0.9729,0.0,7.996630444801771,3.5181706764517964
0.75,113253,su2,19,199.29001652804294,4,100000,0.98422,0.01578,0.98422,0.0,10.65392824361132,4.068122798022259
0.75,113253,su2,19,199.29001652804294,5,100000,0.99071,0.00929,0.99071,0.0,13.297271551551734,4.562545256719399
0.75,113253,su2,19,199.29001652804294,6,100000,0.99477,0.00523,0.99477,0.0,15.947559791006565,4.997944334058121
0.75,113253,su2,19,199.29001652804294,7,100000,0.99683,0.00317,0.99683,0.0,18.600843271618317,5.395969263340143
0.75,113253,su2,19,199.29001652804294,8,100000,0.99814,0.00186,0.99814,0.0,21.252826686608383,5.774057199253131
0.75,113253,su2,19,199.29001652804294,9,100000,0.99883,0.00117,0.99883,0.0,23.902010511403088,6.129454095539402
0.75,113253,su2,19,199.29001652804294,10,100000,0.99932,0.00068,0.99932,0.0,26.543511451580116,6.4618466210962255
0.75,113253,su2,19,199.29001652804294,11,100000,0.99961,0.00039,0.99961,0.0,29.194648925894676,6.7703524269577375
0.75,113253,su2,19,199.29001652804294,12,100000,0.99975,0.00025,0.99975,0.0,31.855493879042577,7.071196336569394
