mass_GeV,seed,truth_model,truth_lifetime_index,truth_ctau_m,number_of_events,number_of_pseudoexperiments,correct_fraction,selected_photon_fraction,selected_su2_fraction,tie_fraction,mean_profile_statistic_T,std_profile_statistic_T
1.05,73241,photon,0,10.5,1,100000,0.72122,0.72122,0.27878,0.0,-3.0770692584766715,4.3924078340821895
1.05,73241,photon,0,10.5,2,100000,0.81328,0.81328,0.18672,0.0,-6.141446236996064,6.202098023246718
1.05,73241,photon,0,10.5,3,100000,0.87672,0.87672,0.12328,0.0,-9.214634051697349,7.5818979692924175
1.05,73241,photon,0,10.5,4,100000,0.91882,0.91882,0.08118,0.0,-12.303180606819387,8.771863286974119
1.05,73241,photon,0,10.5,5,100000,0.94458,0.94458,0.05542,0.0,-15.347593717579164,9.80428463689068
1.05,73241,photon,0,10.5,6,100000,0.96178,0.96178,0.03822,0.0,-18.42775602546796,10.74399151227901
1.05,73241,photon,0,10.5,7,100000,0.97202,0.97202,0.02798,0.0,-21.487563376510533,11.625802007061296
1.05,73241,photon,0,10.5,8,100000,0.98073,0.98073,0.01927,0.0,-24.54617613137211,12.406492498432081
1.05,73241,photon,0,10.5,9,100000,0.98625,0.98625,0.01375,0.0,-27.600594011140334,13.150367649944744
1.05,73241,photon,0,10.5,10,100000,0.99046,0.99046,0.00954,0.0,-30.682018591680777,13.860703156828144
1.05,73241,photon,0,10.5,11,100000,0.99265,0.99265,0.00735,0.0,-33.76677683607178,14.550349058332253
1.05,73241,photon,0,10.5,12,100000,0.99457,0.99457,0.00543,0.0,-36.85399688129128,15.20716672624478
1.05,73241,photon,1,10.578886748946001,1,100000,0.72049,0.72049,0.27951,0.0,-3.0805917405424705,4.399488907003441
1.05,73241,photon,1,10.578886748946001,2,100000,0.81447,0.81447,0.18553,0.0,-6.182230880408311,6.211878857185865
1.05,73241,photon,1,10.578886748946001,3,100000,0.87654,0.87654,0.12346,0.0,-9.2609389728842,7.619986263008008
1.05,73241,photon,1,10.578886748946001,4,100000,0.91928,0.91928,0.08072,0.0,-12.34455817482269,8.791274322571923
1.05,73241,photon,1,10.578886748946001,5,100000,0.94522,0.94522,0.05478,0.0,-15.429796768204803,9.82899767668546
1.05,73241,photon,1,10.578886748946001,6,100000,0.96117,0.96117,0.03883,0.0,-18.506459260096616,10.773200155125734
1.05,73241,photon,1,10.578886748946001,7,100000,0.97352,0.97352,0.02648,0.0,-21.60029998313331,11.628236598895121
1.05,73241,photon,1,10.578886748946001,8,100000,0.98055,0.98055,0.01945,0.0,-24.69799892417114,12.443638033435459
1.05,73241,photon,1,10.578886748946001,9,100000,0.98644,0.98644,0.01356,0.0,-27.791175828429452,13.17836633467434
1.05,73241,photon,1,10.578886748946001,10,100000,0.99039,0.99039,0.00961,0.0,-30.875095183736313,13.891550873457579
1.05,73241,photon,1,10.578886748946001,11,100000,0.99328,0.99328,0.00672,0.0,-33.96213544673336,14.582467301012992
1.05,73241,photon,1,10.578886748946001,12,100000,0.99483,0.99483,0.00517,0.0,-37.06646796058388,15.233336139116375
1.05,73241,photon,2,10.658366175907164,1,100000,0.72269,0.72269,0.27731,0.0,-3.0923792234867613,4.392418718666592
1.05,73241,photon,2,10.658366175907164,2,100000,0.81438,0.81438,0.18562,0.0,-6.174554388507473,6.210739696992023
1.05,73241,photon,2,10.658366175907164,3,100000,0.87634,0.87634,0.12366,0.0,-9.25057435048287,7.615549322552052
1.05,73241,photon,2,10.658366175907164,4,100000,0.91927,0.91927,0.08073,0.0,-12.332081148751376,8.811536430715561
1.05,73241,photon,2,10.658366175907164,5,100000,0.94488,0.94488,0.05512,0.0,-15.423253101964004,9.833362495325451
1.05,73241,photon,2,10.658366175907164,6,100000,0.96117,0.96117,0.03883,0.0,-18.502582461260484,10.783096559133567
1.05,73241,photon,2,10.658366175907164,7,100000,0.97192,0.97192,0.02808,0.0,-21.598546684255986,11.663187457941019
1.05,73241,photon,2,10.658366175907164,8,100000,0.98017,0.98017,0.01983,0.0,-24.697790953563082,12.465280968636817
1.05,73241,photon,2,10.658366175907164,9,100000,0.98546,0.98546,0.01454,0.0,-27.78144305156962,13.226739263363738
1.05,73241,photon,2,10.658366175907164,10,100000,0.98994,0.98994,0.01006,0.0,-30.88583459745083,13.947212849984536
1.05,73241,photon,2,10.658366175907164,11,100000,0.99279,0.99279,0.00721,0.0,-33.974935081565036,14.61025463594853
1.05,73241,photon,2,10.658366175907164,12,100000,0.99477,0.99477,0.00523,0.0,-37.04908890457949,15.258256850214643
1.05,73241,photon,3,10.738442733687481,1,100000,0.7218,0.7218,0.2782,0.0,-3.0756139362852695,4.382225580687555
1.05,73241,photon,3,10.738442733687481,2,100000,0.81514,0.81514,0.18486,0.0,-6.176777960146369,6.211075856858323
1.05,73241,photon,3,10.738442733687481,3,100000,0.87594,0.87594,0.12406,0.0,-9.266178808416234,7.635473087596422
1.05,73241,photon,3,10.738442733687481,4,100000,0.91921,0.91921,0.08079,0.0,-12.357141659082014,8.812891289301836
1.05,73241,photon,3,10.738442733687481,5,100000,0.94516,0.94516,0.05484,0.0,-15.43354803319226,9.845008218722926
1.05,73241,photon,3,10.738442733687481,6,100000,0.96096,0.96096,0.03904,0.0,-18.496919941975488,10.775188128361558
1.05,73241,photon,3,10.738442733687481,7,100000,0.97288,0.97288,0.02712,0.0,-21.5847817534969,11.626659618690386
1.05,73241,photon,3,10.738442733687481,8,100000,0.98055,0.98055,0.01945,0.0,-24.67836368150467,12.43411714711761
1.05,73241,photon,3,10.738442733687481,9,100000,0.98583,0.98583,0.01417,0.0,-27.757066898512644,13.227518770567464
1.05,73241,photon,3,10.738442733687481,10,100000,0.98963,0.98963,0.01037,0.0,-30.815452943690484,13.931834689057379
1.05,73241,photon,3,10.738442733687481,11,100000,0.9926,0.9926,0.0074,0.0,-33.90016569560952,14.60526467547362
1.05,73241,photon,3,10.738442733687481,12,100000,0.99455,0.99455,0.00545,0.0,-36.98007846140658,15.259056543841192
1.05,73241,photon,4,10.81912090854495,1,100000,0.71962,0.71962,0.28038,0.0,-3.076024985561928,4.404412820991593
1.05,73241,photon,4,10.81912090854495,2,100000,0.8142,0.8142,0.1858,0.0,-6.167136519721568,6.2312148034989745
1.05,73241,photon,4,10.81912090854495,3,100000,0.87619,0.87619,0.12381,0.0,-9.254172122924608,7.624940168126036
1.05,73241,photon,4,10.81912090854495,4,100000,0.91957,0.91957,0.08043,0.0,-12.363869658183807,8.800343985604977
1.05,73241,photon,4,10.81912090854495,5,100000,0.94488,0.94488,0.05512,0.0,-15.45230212518847,9.840774391015955
1.05,73241,photon,4,10.81912090854495,6,100000,0.96161,0.96161,0.03839,0.0,-18.56445829582702,10.783881381327776
1.05,73241,photon,4,10.81912090854495,7,100000,0.97305,0.97305,0.02695,0.0,-21.667277022480295,11.63337834574111
1.05,73241,photon,4,10.81912090854495,8,100000,0.98067,0.98067,0.01933,0.0,-24.77098857668392,12.43035707025401
1.05,73241,photon,4,10.81912090854495,9,100000,0.98666,0.98666,0.01334,0.0,-27.86446811130451,13.206671988370557
1.05,73241,photon,4,10.81912090854495,10,100000,0.9903,0.9903,0.0097,0.0,-30.984135292302813,13.919905623697892
1.05,73241,photon,4,10.81912090854495,11,100000,0.99287,0.99287,0.00713,0.0,-34.077324583406615,14.569626043688626
1.05,73241,photon,4,10.81912090854495,12,100000,0.99493,0.99493,0.00507,0.0,-37.19522758362344,15.229105829748795
1.05,73241,photon,5,10.900405220442927,1,100000,0.72401,0.72401,0.27599,0.0,-3.089466990515129,4.3894415558792685
1.05,73241,photon,5,10.900405220442927,2,100000,0.81483,0.81483,0.18517,0.0,-6.176750271538841,6.215756292618967
1.05,73241,photon,5,10.900405220442927,3,100000,0.87839,0.87839,0.12161,0.0,-9.254846467779817,7.609547100036627
1.05,73241,photon,5,10.900405220442927,4,100000,0.92024,0.92024,0.07976,0.0,-12.373373749550982,8.781848988652872
1.05,73241,photon,5,10.900405220442927,5,100000,0.94554,0.94554,0.05446,0.0,-15.462472439710618,9.825229630169815
1.05,73241,photon,5,10.900405220442927,6,100000,0.96139,0.96139,0.03861,0.0,-18.559663514954018,10.79451108343221
1.05,73241,photon,5,10.900405220442927,7,100000,0.97292,0.97292,0.02708,0.0,-21.651035315370834,11.65847232490299
1.05,73241,photon,5,10.900405220442927,8,100000,0.98049,0.98049,0.01951,0.0,-24.734652343751588,12.468850632711263
1.05,73241,photon,5,10.900405220442927,9,100000,0.98588,0.98588,0.01412,0.0,-27.79663941761223,13.230093747415218
1.05,73241,photon,5,10.900405220442927,10,100000,0.99006,0.99006,0.00994,0.0,-30.902519290117244,13.943126433708155
1.05,73241,photon,5,10.900405220442927,11,100000,0.99266,0.99266,0.00734,0.0,-34.00853800559856,14.621646418014478
1.05,73241,photon,5,10.900405220442927,12,100000,0.99476,0.99476,0.00524,0.0,-37.112529125571,15.253046904059868
1.05,73241,photon,6,10.98230022330338,1,100000,0.72375,0.72375,0.27625,0.0,-3.118147306098255,4.400363561610459
1.05,73241,photon,6,10.98230022330338,2,100000,0.81559,0.81559,0.18441,0.0,-6.223795894111551,6.233343906754467
1.05,73241,photon,6,10.98230022330338,3,100000,0.87816,0.87816,0.12184,0.0,-9.34766720756859,7.6407933330052025
1.05,73241,photon,6,10.98230022330338,4,100000,0.92001,0.92001,0.07999,0.0,-12.42769588835327,8.821794085797434
1.05,73241,photon,6,10.98230022330338,5,100000,0.94427,0.94427,0.05573,0.0,-15.52297205914184,9.862961407845226
1.05,73241,photon,6,10.98230022330338,6,100000,0.96176,0.96176,0.03824,0.0,-18.608003119817997,10.799666554083906
1.05,73241,photon,6,10.98230022330338,7,100000,0.97366,0.97366,0.02634,0.0,-21.69605030426383,11.647189949313665
1.05,73241,photon,6,10.98230022330338,8,100000,0.98105,0.98105,0.01895,0.0,-24.78123904484337,12.43871663029639
1.05,73241,photon,6,10.98230022330338,9,100000,0.98679,0.98679,0.01321,0.0,-27.865177598525033,13.179931149129322
1.05,73241,photon,6,10.98230022330338,10,100000,0.99058,0.99058,0.00942,0.0,-30.990681583091018,13.884005482457495
1.05,73241,photon,6,10.98230022330338,11,100000,0.99276,0.99276,0.00724,0.0,-34.08447321996464,14.574026128206148
1.05,73241,photon,6,10.98230022330338,12,100000,0.99492,0.99492,0.00508,0.0,-37.20762712487184,15.235687967492458
1.05,73241,photon,7,11.064810505261978,1,100000,0.72154,0.72154,0.27846,0.0,-3.09568460829821,4.398166912521868
1.05,73241,photon,7,11.064810505261978,2,100000,0.81428,0.81428,0.18572,0.0,-6.171545809102637,6.213546450458408
1.05,73241,photon,7,11.064810505261978,3,100000,0.87711,0.87711,0.12289,0.0,-9.250997898239639,7.616063554686189
1.05,73241,photon,7,11.064810505261978,4,100000,0.92058,0.92058,0.07942,0.0,-12.345951746741484,8.7660599974269
1.05,73241,photon,7,11.064810505261978,5,100000,0.94567,0.94567,0.05433,0.0,-15.429825070528581,9.813955020853433
1.05,73241,photon,7,11.064810505261978,6,100000,0.96199,0.96199,0.03801,0.0,-18.508658952093434,10.740076869963712
1.05,73241,photon,7,11.064810505261978,7,100000,0.97362,0.97362,0.02638,0.0,-21.60152143203631,11.587775487416174
1.05,73241,photon,7,11.064810505261978,8,100000,0.98023,0.98023,0.01977,0.0,-24.697787587934364,12.415415463671359
1.05,73241,photon,7,11.064810505261978,9,100000,0.98626,0.98626,0.01374,0.0,-27.815707688899494,13.172577434316864
1.05,73241,photon,7,11.064810505261978,10,100000,0.98995,0.98995,0.01005,0.0,-30.935715549719582,13.907548299888832
1.05,73241,photon,7,11.064810505261978,11,100000,0.99286,0.99286,0.00714,0.0,-34.03953251131472,14.586476635443065
1.05,73241,photon,7,11.064810505261978,12,100000,0.99491,0.99491,0.00509,0.0,-37.122488207651664,15.232442938377647
1.05,73241,photon,8,11.147940688925186,1,100000,0.72162,0.72162,0.27838,0.0,-3.0886038251362247,4.394984126375749
1.05,73241,photon,8,11.147940688925186,2,100000,0.81511,0.81511,0.18489,0.0,-6.177959437617669,6.210338066136097
1.05,73241,photon,8,11.147940688925186,3,100000,0.87904,0.87904,0.12096,0.0,-9.270485411088353,7.594055099277397
1.05,73241,photon,8,11.147940688925186,4,100000,0.92111,0.92111,0.07889,0.0,-12.35999314870071,8.778744599568956
1.05,73241,photon,8,11.147940688925186,5,100000,0.94543,0.94543,0.05457,0.0,-15.4592102149291,9.81669000660641
1.05,73241,photon,8,11.147940688925186,6,100000,0.96157,0.96157,0.03843,0.0,-18.58532506049715,10.775252026617876
1.05,73241,photon,8,11.147940688925186,7,100000,0.97293,0.97293,0.02707,0.0,-21.682587926703356,11.63617317922966
1.05,73241,photon,8,11.147940688925186,8,100000,0.98068,0.98068,0.01932,0.0,-24.754468181968313,12.42631204309462
1.05,73241,photon,8,11.147940688925186,9,100000,0.98634,0.98634,0.01366,0.0,-27.851151026700776,13.180283131902481
1.05,73241,photon,8,11.147940688925186,10,100000,0.99054,0.99054,0.00946,0.0,-30.96449186383553,13.879571371276874
1.05,73241,photon,8,11.147940688925186,11,100000,0.99329,0.99329,0.00671,0.0,-34.05866545336612,14.545438041552972
1.05,73241,photon,8,11.147940688925186,12,100000,0.99542,0.99542,0.00458,0.0,-37.162026970296914,15.17874888136814
1.05,73241,photon,9,11.231695431629198,1,100000,0.72223,0.72223,0.27777,0.0,-3.082801657031426,4.393839842304106
1.05,73241,photon,9,11.231695431629198,2,100000,0.8179,0.8179,0.1821,0.0,-6.203733477850986,6.198344862175344
1.05,73241,photon,9,11.231695431629198,3,100000,0.87788,0.87788,0.12212,0.0,-9.302715593517437,7.609146830599969
1.05,73241,photon,9,11.231695431629198,4,100000,0.92005,0.92005,0.07995,0.0,-12.43613517730316,8.815003952130695
1.05,73241,photon,9,11.231695431629198,5,100000,0.94592,0.94592,0.05408,0.0,-15.55211366267941,9.866618254400976
1.05,73241,photon,9,11.231695431629198,6,100000,0.96237,0.96237,0.03763,0.0,-18.661109692895455,10.794766241813997
1.05,73241,photon,9,11.231695431629198,7,100000,0.97334,0.97334,0.02666,0.0,-21.78281092283075,11.668626848880974
1.05,73241,photon,9,11.231695431629198,8,100000,0.98161,0.98161,0.01839,0.0,-24.8835608245599,12.447803730087122
1.05,73241,photon,9,11.231695431629198,9,100000,0.98658,0.98658,0.01342,0.0,-27.99931259976527,13.207433371105042
1.05,73241,photon,9,11.231695431629198,10,100000,0.99042,0.99042,0.00958,0.0,-31.09911934587765,13.912960160887174
1.05,73241,photon,9,11.231695431629198,11,100000,0.99328,0.99328,0.00672,0.0,-34.225756980016314,14.579091270287742
1.05,73241,photon,9,11.231695431629198,12,100000,0.99481,0.99481,0.00519,0.0,-37.342337430509694,15.211846491236873
1.05,73241,photon,10,11.316079425700895,1,100000,0.72203,0.72203,0.27797,0.0,-3.090421277622094,4.3951764759522725
1.05,73241,photon,10,11.316079425700895,2,100000,0.81593,0.81593,0.18407,0.0,-6.218647657386623,6.204728260450201
1.05,73241,photon,10,11.316079425700895,3,100000,0.88136,0.88136,0.11864,0.0,-9.345864265934013,7.594085279717336
1.05,73241,photon,10,11.316079425700895,4,100000,0.92219,0.92219,0.07781,0.0,-12.467128388285886,8.781099571328593
1.05,73241,photon,10,11.316079425700895,5,100000,0.94695,0.94695,0.05305,0.0,-15.596284035981904,9.817531670750812
1.05,73241,photon,10,11.316079425700895,6,100000,0.96252,0.96252,0.03748,0.0,-18.70827642145654,10.757599700321853
1.05,73241,photon,10,11.316079425700895,7,100000,0.97391,0.97391,0.02609,0.0,-21.817796046970425,11.625837276166607
1.05,73241,photon,10,11.316079425700895,8,100000,0.98087,0.98087,0.01913,0.0,-24.9386625766281,12.463594267581316
1.05,73241,photon,10,11.316079425700895,9,100000,0.98714,0.98714,0.01286,0.0,-28.044212062240252,13.214366763653365
1.05,73241,photon,10,11.316079425700895,10,100000,0.9905,0.9905,0.0095,0.0,-31.16613368144401,13.934852245707653
1.05,73241,photon,10,11.316079425700895,11,100000,0.99328,0.99328,0.00672,0.0,-34.282705136693416,14.61897558470108
1.05,73241,photon,10,11.316079425700895,12,100000,0.99515,0.99515,0.00485,0.0,-37.378847217242786,15.259129215120183
1.05,73241,photon,11,11.401097398720731,1,100000,0.72169,0.72169,0.27831,0.0,-3.089119490160297,4.397893372952793
1.05,73241,photon,11,11.401097398720731,2,100000,0.81795,0.81795,0.18205,0.0,-6.2205077925498005,6.20992673196275
1.05,73241,photon,11,11.401097398720731,3,100000,0.88075,0.88075,0.11925,0.0,-9.334130682779305,7.600846143412735
1.05,73241,photon,11,11.401097398720731,4,100000,0.92155,0.92155,0.07845,0.0,-12.448435357596239,8.792119458486775
1.05,73241,photon,11,11.401097398720731,5,100000,0.946,0.946,0.054,0.0,-15.547473679070736,9.83465191388987
1.05,73241,photon,11,11.401097398720731,6,100000,0.96301,0.96301,0.03699,0.0,-18.67642129263201,10.759145293171139
1.05,73241,photon,11,11.401097398720731,7,100000,0.97414,0.97414,0.02586,0.0,-21.78092754418856,11.608736997669036
1.05,73241,photon,11,11.401097398720731,8,100000,0.98196,0.98196,0.01804,0.0,-24.897837620703516,12.428643205580087
1.05,73241,photon,11,11.401097398720731,9,100000,0.98728,0.98728,0.01272,0.0,-28.00842353560907,13.17189295362995
1.05,73241,photon,11,11.401097398720731,10,100000,0.991,0.991,0.009,0.0,-31.11697134044238,13.89307328712718
1.05,73241,photon,11,11.401097398720731,11,100000,0.99366,0.99366,0.00634,0.0,-34.24122547278514,14.582046704324926
1.05,73241,photon,11,11.401097398720731,12,100000,0.99538,0.99538,0.00462,0.0,-37.33820095942541,15.2261656280048
1.05,73241,photon,12,11.486754113787567,1,100000,0.72209,0.72209,0.27791,0.0,-3.1018608617595076,4.402541339005137
1.05,73241,photon,12,11.486754113787567,2,100000,0.81557,0.81557,0.18443,0.0,-6.20128424230336,6.223519673705267
1.05,73241,photon,12,11.486754113787567,3,100000,0.87938,0.87938,0.12062,0.0,-9.322345089253647,7.61064338495393
1.05,73241,photon,12,11.486754113787567,4,100000,0.92141,0.92141,0.07859,0.0,-12.432358550981604,8.796258795130205
1.05,73241,photon,12,11.486754113787567,5,100000,0.94715,0.94715,0.05285,0.0,-15.53708931774948,9.838941235250113
1.05,73241,photon,12,11.486754113787567,6,100000,0.9636,0.9636,0.0364,0.0,-18.66695593239469,10.776609100957135
1.05,73241,photon,12,11.486754113787567,7,100000,0.97414,0.97414,0.02586,0.0,-21.80238044811004,11.631009146043127
1.05,73241,photon,12,11.486754113787567,8,100000,0.98196,0.98196,0.01804,0.0,-24.908198635771164,12.439207341784057
1.05,73241,photon,12,11.486754113787567,9,100000,0.98712,0.98712,0.01288,0.0,-28.02745701700595,13.19970124768982
1.05,73241,photon,12,11.486754113787567,10,100000,0.99059,0.99059,0.00941,0.0,-31.143222886588536,13.91313824246484
1.05,73241,photon,12,11.486754113787567,11,100000,0.99307,0.99307,0.00693,0.0,-34.290229674744864,14.639228980645246
1.05,73241,photon,12,11.486754113787567,12,100000,0.99503,0.99503,0.00497,0.0,-37.433207654030525,15.282206310758966
1.05,73241,photon,13,11.573054369785543,1,100000,0.72386,0.72386,0.27614,0.0,-3.10309272701089,4.3984358889251745
1.05,73241,photon,13,11.573054369785543,2,100000,0.81683,0.81683,0.18317,0.0,-6.2349979585756214,6.227390614587977
1.05,73241,photon,13,11.573054369785543,3,100000,0.8797,0.8797,0.1203,0.0,-9.357459456828346,7.611389473623151
1.05,73241,photon,13,11.573054369785543,4,100000,0.92203,0.92203,0.07797,0.0,-12.495757738104373,8.804680302222986
1.05,73241,photon,13,11.573054369785543,5,100000,0.94751,0.94751,0.05249,0.0,-15.644073620578904,9.844485532083915
1.05,73241,photon,13,11.573054369785543,6,100000,0.96388,0.96388,0.03612,0.0,-18.769073186404263,10.774084627672895
1.05,73241,photon,13,11.573054369785543,7,100000,0.97472,0.97472,0.02528,0.0,-21.90289149737571,11.645781789616153
1.05,73241,photon,13,11.573054369785543,8,100000,0.98185,0.98185,0.01815,0.0,-25.028878742012218,12.450795543894479
1.05,73241,photon,13,11.573054369785543,9,100000,0.98711,0.98711,0.01289,0.0,-28.153793021424274,13.197410085057845
1.05,73241,photon,13,11.573054369785543,10,100000,0.99081,0.99081,0.00919,0.0,-31.301361547750933,13.935617816886023
1.05,73241,photon,13,11.573054369785543,11,100000,0.99343,0.99343,0.00657,0.0,-34.425347665001155,14.605034306731518
1.05,73241,photon,13,11.573054369785543,12,100000,0.99502,0.99502,0.00498,0.0,-37.556247950231466,15.274330978715257
1.05,73241,photon,14,11.660003001652942,1,100000,0.7237,0.7237,0.2763,0.0,-3.1089461236310125,4.402206244941902
1.05,73241,photon,14,11.660003001652942,2,100000,0.81713,0.81713,0.18287,0.0,-6.239197487918833,6.22314044389837
1.05,73241,photon,14,11.660003001652942,3,100000,0.87816,0.87816,0.12184,0.0,-9.355249229118401,7.630896754983115
1.05,73241,photon,14,11.660003001652942,4,100000,0.92086,0.92086,0.07914,0.0,-12.482562692336266,8.824264982082756
1.05,73241,photon,14,11.660003001652942,5,100000,0.94709,0.94709,0.05291,0.0,-15.595145659491076,9.842928574588372
1.05,73241,photon,14,11.660003001652942,6,100000,0.96335,0.96335,0.03665,0.0,-18.757975496692556,10.792647678544869
1.05,73241,photon,14,11.660003001652942,7,100000,0.97442,0.97442,0.02558,0.0,-21.901669597137772,11.644152171861762
1.05,73241,photon,14,11.660003001652942,8,100000,0.98225,0.98225,0.01775,0.0,-25.039989348961054,12.447349198588821
1.05,73241,photon,14,11.660003001652942,9,100000,0.98752,0.98752,0.01248,0.0,-28.194696119310585,13.198372507262578
1.05,73241,photon,14,11.660003001652942,10,100000,0.99081,0.99081,0.00919,0.0,-31.328403874916276,13.91613924270134
1.05,73241,photon,14,11.660003001652942,11,100000,0.99351,0.99351,0.00649,0.0,-34.48068635244084,14.586377206060208
1.05,73241,photon,14,11.660003001652942,12,100000,0.99549,0.99549,0.00451,0.0,-37.63204130233594,15.214226914601344
1.05,73241,photon,15,11.747604880653032,1,100000,0.72317,0.72317,0.27683,0.0,-3.106380613591313,4.398750265064742
1.05,73241,photon,15,11.747604880653032,2,100000,0.81752,0.81752,0.18248,0.0,-6.233852624288246,6.217230796456175
1.05,73241,photon,15,11.747604880653032,3,100000,0.88045,0.88045,0.11955,0.0,-9.37078861873921,7.631360947972076
1.05,73241,photon,15,11.747604880653032,4,100000,0.92271,0.92271,0.07729,0.0,-12.510884052635086,8.800394463039865
1.05,73241,photon,15,11.747604880653032,5,100000,0.94774,0.94774,0.05226,0.0,-15.659002884715656,9.845212130327976
1.05,73241,photon,15,11.747604880653032,6,100000,0.96398,0.96398,0.03602,0.0,-18.775663402251954,10.776647760504352
1.05,73241,photon,15,11.747604880653032,7,100000,0.97407,0.97407,0.02593,0.0,-21.902457420392725,11.677525507031527
1.05,73241,photon,15,11.747604880653032,8,100000,0.982,0.982,0.018,0.0,-25.044096952983228,12.483753911427268
1.05,73241,photon,15,11.747604880653032,9,100000,0.98735,0.98735,0.01265,0.0,-28.177325462324767,13.239002939228584
1.05,73241,photon,15,11.747604880653032,10,100000,0.99083,0.99083,0.00917,0.0,-31.287121105929742,13.940770235836451
1.05,73241,photon,15,11.747604880653032,11,100000,0.99349,0.99349,0.00651,0.0,-34.44317806741618,14.634732538568496
1.05,73241,photon,15,11.747604880653032,12,100000,0.99535,0.99535,0.00465,0.0,-37.524140913179004,15.271960138030954
1.05,73241,photon,16,11.835864914647022,1,100000,0.7237,0.7237,0.2763,0.0,-3.108346919236583,4.402960687358177
1.05,73241,photon,16,11.835864914647022,2,100000,0.81857,0.81857,0.18143,0.0,-6.240584704327426,6.21525284821692
1.05,73241,photon,16,11.835864914647022,3,100000,0.88134,0.88134,0.11866,0.0,-9.382810771013364,7.609097360270014
1.05,73241,photon,16,11.835864914647022,4,100000,0.9223,0.9223,0.0777,0.0,-12.522209193096753,8.79981113835456
1.05,73241,photon,16,11.835864914647022,5,100000,0.94723,0.94723,0.05277,0.0,-15.665537828217069,9.862299041439453
1.05,73241,photon,16,11.835864914647022,6,100000,0.96368,0.96368,0.03632,0.0,-18.787930363313883,10.787279590973721
1.05,73241,photon,16,11.835864914647022,7,100000,0.97454,0.97454,0.02546,0.0,-21.934285834446683,11.642411227702478
1.05,73241,photon,16,11.835864914647022,8,100000,0.98244,0.98244,0.01756,0.0,-25.07631283184924,12.42893001624526
1.05,73241,photon,16,11.835864914647022,9,100000,0.98739,0.98739,0.01261,0.0,-28.234866591831036,13.176290182183942
1.05,73241,photon,16,11.835864914647022,10,100000,0.99142,0.99142,0.00858,0.0,-31.384850236074524,13.896868407289105
1.05,73241,photon,16,11.835864914647022,11,100000,0.99363,0.99363,0.00637,0.0,-34.5047537969028,14.59624649888235
1.05,73241,photon,16,11.835864914647022,12,100000,0.99543,0.99543,0.00457,0.0,-37.665455022345476,15.26170026967484
1.05,73241,photon,17,11.924788048368978,1,100000,0.72471,0.72471,0.27529,0.0,-3.114893680190863,4.397097794307759
1.05,73241,photon,17,11.924788048368978,2,100000,0.81824,0.81824,0.18176,0.0,-6.280835053532927,6.208240527085561
1.05,73241,photon,17,11.924788048368978,3,100000,0.88083,0.88083,0.11917,0.0,-9.389417390457165,7.6379288784571395
1.05,73241,photon,17,11.924788048368978,4,100000,0.92288,0.92288,0.07712,0.0,-12.552765236393325,8.811585074575957
1.05,73241,photon,17,11.924788048368978,5,100000,0.94818,0.94818,0.05182,0.0,-15.680406907349052,9.849216936722843
1.05,73241,photon,17,11.924788048368978,6,100000,0.96316,0.96316,0.03684,0.0,-18.813527478308455,10.809916728108805
1.05,73241,photon,17,11.924788048368978,7,100000,0.97444,0.97444,0.02556,0.0,-21.934459368919413,11.671667257943227
1.05,73241,photon,17,11.924788048368978,8,100000,0.98139,0.98139,0.01861,0.0,-25.07544897134061,12.490119896051883
1.05,73241,photon,17,11.924788048368978,9,100000,0.9866,0.9866,0.0134,0.0,-28.193272866204268,13.268359053507846
1.05,73241,photon,17,11.924788048368978,10,100000,0.9907,0.9907,0.0093,0.0,-31.352865120769753,13.974506341987087
1.05,73241,photon,17,11.924788048368978,11,100000,0.99331,0.99331,0.00669,0.0,-34.50447510601946,14.67110462771939
1.05,73241,photon,17,11.924788048368978,12,100000,0.99511,0.99511,0.00489,0.0,-37.65344708437929,15.308125965104148
1.05,73241,photon,18,12.014379263702873,1,100000,0.72482,0.72482,0.27518,0.0,-3.1118455578180115,4.3891091834113185
1.05,73241,photon,18,12.014379263702873,2,100000,0.81727,0.81727,0.18273,0.0,-6.23555039698801,6.216111255161672
1.05,73241,photon,18,12.014379263702873,3,100000,0.88086,0.88086,0.11914,0.0,-9.373114736743137,7.604288294563534
1.05,73241,photon,18,12.014379263702873,4,100000,0.92289,0.92289,0.07711,0.0,-12.504540582488907,8.785467032865887
1.05,73241,photon,18,12.014379263702873,5,100000,0.94776,0.94776,0.05224,0.0,-15.633092882644307,9.82373164735024
1.05,73241,photon,18,12.014379263702873,6,100000,0.96302,0.96302,0.03698,0.0,-18.7742926934703,10.802139340809262
1.05,73241,photon,18,12.014379263702873,7,100000,0.97431,0.97431,0.02569,0.0,-21.8949868397278,11.678581614593249
1.05,73241,photon,18,12.014379263702873,8,100000,0.98197,0.98197,0.01803,0.0,-25.050139513544817,12.49404392753961
1.05,73241,photon,18,12.014379263702873,9,100000,0.98658,0.98658,0.01342,0.0,-28.213031431408,13.24440328430407
1.05,73241,photon,18,12.014379263702873,10,100000,0.99047,0.99047,0.00953,0.0,-31.35632870548566,13.945129906592156
1.05,73241,photon,18,12.014379263702873,11,100000,0.99302,0.99302,0.00698,0.0,-34.486378354909995,14.634121930013128
1.05,73241,photon,18,12.014379263702873,12,100000,0.99515,0.99515,0.00485,0.0,-37.622834466489905,15.268845949456637
1.05,73241,photon,19,12.104643579961705,1,100000,0.72198,0.72198,0.27802,0.0,-3.0947586460375733,4.3990117069590555
1.05,73241,photon,19,12.104643579961705,2,100000,0.81755,0.81755,0.18245,0.0,-6.23972411218498,6.228149427833502
1.05,73241,photon,19,12.104643579961705,3,100000,0.88107,0.88107,0.11893,0.0,-9.38855907552885,7.620309826204576
1.05,73241,photon,19,12.104643579961705,4,100000,0.92295,0.92295,0.07705,0.0,-12.556274742056793,8.803854655778
1.05,73241,photon,19,12.104643579961705,5,100000,0.94798,0.94798,0.05202,0.0,-15.717597603700694,9.84084910243737
1.05,73241,photon,19,12.104643579961705,6,100000,0.9641,0.9641,0.0359,0.0,-18.879366507138723,10.794778400831833
1.05,73241,photon,19,12.104643579961705,7,100000,0.97504,0.97504,0.02496,0.0,-22.048472936380225,11.682193845894002
1.05,73241,photon,19,12.104643579961705,8,100000,0.98231,0.98231,0.01769,0.0,-25.216046143850228,12.488664904597464
1.05,73241,photon,19,12.104643579961705,9,100000,0.98732,0.98732,0.01268,0.0,-28.35799344848516,13.236219290263323
1.05,73241,photon,19,12.104643579961705,10,100000,0.99082,0.99082,0.00918,0.0,-31.514549034858852,13.933870233604097
1.05,73241,photon,19,12.104643579961705,11,100000,0.99364,0.99364,0.00636,0.0,-34.66918156918073,14.622247665811285
1.05,73241,photon,19,12.104643579961705,12,100000,0.99534,0.99534,0.00466,0.0,-37.8305773616796,15.290729928690732
1.05,73241,su2,0,10.5,1,100000,0.82309,0.17691,0.82309,0.0,1.7342633996740004,1.7451310476079975
1.05,73241,su2,0,10.5,2,100000,0.90643,0.09357,0.90643,0.0,3.464773736630528,2.4671950692469675
1.05,73241,su2,0,10.5,3,100000,0.94138,0.05862,0.94138,0.0,5.191787115036408,3.020064500991328
1.05,73241,su2,0,10.5,4,100000,0.95945,0.04055,0.95945,0.0,6.916989103181774,3.4798773994226737
1.05,73241,su2,0,10.5,5,100000,0.97218,0.02782,0.97218,0.0,8.638298422292218,3.8938388718272265
1.05,73241,su2,0,10.5,6,100000,0.9806,0.0194,0.9806,0.0,10.363784007779032,4.269488624318591
1.05,73241,su2,0,10.5,7,100000,0.98613,0.01387,0.98613,0.0,12.086012579312738,4.624975280606932
1.05,73241,su2,0,10.5,8,100000,0.99087,0.00913,0.99087,0.0,13.811019461125754,4.947278708235914
1.05,73241,su2,0,10.5,9,100000,0.99394,0.00606,0.99394,0.0,15.5446714946196,5.245388873900659
1.05,73241,su2,0,10.5,10,100000,0.99576,0.00424,0.99576,0.0,17.26860032952098,5.53151860676236
1.05,73241,su2,0,10.5,11,100000,0.99687,0.00313,0.99687,0.0,18.991696630051667,5.795502572242863
1.05,73241,su2,0,10.5,12,100000,0.99781,0.00219,0.99781,0.0,20.714340885320148,6.057219601087607
1.05,73241,su2,1,12.013892726046072,1,100000,0.82568,0.17432,0.82568,0.0,1.7430843538731247,1.7467278271897348
1.05,73241,su2,1,12.013892726046072,2,100000,0.90751,0.09249,0.90751,0.0,3.465077118759716,2.476663888606418
1.05,73241,su2,1,12.013892726046072,3,100000,0.94063,0.05937,0.94063,0.0,5.175893798392705,3.0343973216834264
1.05,73241,su2,1,12.013892726046072,4,100000,0.95748,0.04252,0.95748,0.0,6.886153645830075,3.513311976677245
1.05,73241,su2,1,12.013892726046072,5,100000,0.97091,0.02909,0.97091,0.0,8.599633623043482,3.9322147797230227
1.05,73241,su2,1,12.013892726046072,6,100000,0.98015,0.01985,0.98015,0.0,10.31279417308179,4.303342801038534
1.05,73241,su2,1,12.013892726046072,7,100000,0.98612,0.01388,0.98612,0.0,12.023832598062604,4.6393229559344595
1.05,73241,su2,1,12.013892726046072,8,100000,0.99058,0.00942,0.99058,0.0,13.728557247570405,4.958112854944213
1.05,73241,su2,1,12.013892726046072,9,100000,0.99328,0.00672,0.99328,0.0,15.434819073901378,5.2601156859120906
1.05,73241,su2,1,12.013892726046072,10,100000,0.99548,0.00452,0.99548,0.0,17.140829997892265,5.546744166785673
1.05,73241,su2,1,12.013892726046072,11,100000,0.99695,0.00305,0.99695,0.0,18.846137659204135,5.8182162539551525
1.05,73241,su2,1,12.013892726046072,12,100000,0.99778,0.00222,0.99778,0.0,20.569140436424235,6.075272441595938
1.05,73241,su2,2,13.74605889837549,1,100000,0.82206,0.17794,0.82206,0.0,1.7278274468464625,1.7525816829286032
1.05,73241,su2,2,13.74605889837549,2,100000,0.90393,0.09607,0.90393,0.0,3.4397626275996487,2.491858058665789
1.05,73241,su2,2,13.74605889837549,3,100000,0.93933,0.06067,0.93933,0.0,5.152392488286629,3.050517181032189
1.05,73241,su2,2,13.74605889837549,4,100000,0.958,0.042,0.958,0.0,6.862549811557114,3.5187579107607854
1.05,73241,su2,2,13.74605889837549,5,100000,0.97081,0.02919,0.97081,0.0,8.565875304006113,3.934134087873106
1.05,73241,su2,2,13.74605889837549,6,100000,0.97959,0.02041,0.97959,0.0,10.274060141373969,4.307165843696402
1.05,73241,su2,2,13.74605889837549,7,100000,0.98569,0.01431,0.98569,0.0,11.976433546258718,4.658941941371331
1.05,73241,su2,2,13.74605889837549,8,100000,0.98976,0.01024,0.98976,0.0,13.682040079047578,4.976848762518303
1.05,73241,su2,2,13.74605889837549,9,100000,0.99271,0.00729,0.99271,0.0,15.379974499339825,5.2855016496022
1.05,73241,su2,2,13.74605889837549,10,100000,0.99488,0.00512,0.99488,0.0,17.087138453038865,5.561690105858046
1.05,73241,su2,2,13.74605889837549,11,100000,0.99636,0.00364,0.99636,0.0,18.791589695841175,5.828549681839606
1.05,73241,su2,2,13.74605889837549,12,100000,0.99749,0.00251,0.99749,0.0,20.50049892534874,6.0934970044634165
1.05,73241,su2,3,15.727969239142302,1,100000,0.8204,0.1796,0.8204,0.0,1.7163130669117495,1.7656619590091402
1.05,73241,su2,3,15.727969239142302,2,100000,0.90258,0.09742,0.90258,0.0,3.4279882993269224,2.487997936215938
1.05,73241,su2,3,15.727969239142302,3,100000,0.93998,0.06002,0.93998,0.0,5.1317455443299105,3.046428808843068
1.05,73241,su2,3,15.727969239142302,4,100000,0.95738,0.04262,0.95738,0.0,6.831827318560505,3.513740066430209
1.05,73241,su2,3,15.727969239142302,5,100000,0.96932,0.03068,0.96932,0.0,8.524649106390827,3.939218640121631
1.05,73241,su2,3,15.727969239142302,6,100000,0.97902,0.02098,0.97902,0.0,10.23431140753971,4.319848295904067
1.05,73241,su2,3,15.727969239142302,7,100000,0.98525,0.01475,0.98525,0.0,11.929857742016312,4.666613440842035
1.05,73241,su2,3,15.727969239142302,8,100000,0.98987,0.01013,0.98987,0.0,13.624489477652178,4.992191969200776
1.05,73241,su2,3,15.727969239142302,9,100000,0.9929,0.0071,0.9929,0.0,15.316292111812386,5.293067854318929
1.05,73241,su2,3,15.727969239142302,10,100000,0.99473,0.00527,0.99473,0.0,17.016443890429425,5.593858955756855
1.05,73241,su2,3,15.727969239142302,11,100000,0.99632,0.00368,0.99632,0.0,18.709226294594266,5.860656254643005
1.05,73241,su2,3,15.727969239142302,12,100000,0.99725,0.00275,0.99725,0.0,20.401718716607743,6.1115459921054685
1.05,73241,su2,4,17.995631927391237,1,100000,0.81877,0.18123,0.81877,0.0,1.703705746164795,1.7681098331220184
1.05,73241,su2,4,17.995631927391237,2,100000,0.90242,0.09758,0.90242,0.0,3.410405932717323,2.49914921184068
1.05,73241,su2,4,17.995631927391237,3,100000,0.93679,0.06321,0.93679,0.0,5.103051787898528,3.0676140994249823
1.05,73241,su2,4,17.995631927391237,4,100000,0.95575,0.04425,0.95575,0.0,6.791096481945042,3.5457819840723386
1.05,73241,su2,4,17.995631927391237,5,100000,0.96839,0.03161,0.96839,0.0,8.485981505142385,3.968471794599825
1.05,73241,su2,4,17.995631927391237,6,100000,0.9777,0.0223,0.9777,0.0,10.179993980554347,4.350237408710119
1.05,73241,su2,4,17.995631927391237,7,100000,0.98459,0.01541,0.98459,0.0,11.878371498542398,4.699762129847741
1.05,73241,su2,4,17.995631927391237,8,100000,0.98929,0.01071,0.98929,0.0,13.574719050906504,5.017306317154095
1.05,73241,su2,4,17.995631927391237,9,100000,0.99275,0.00725,0.99275,0.0,15.255130466135007,5.326828973014424
1.05,73241,su2,4,17.995631927391237,10,100000,0.99479,0.00521,0.99479,0.0,16.95205289600302,5.611694505100069
1.05,73241,su2,4,17.995631927391237,11,100000,0.99619,0.00381,0.99619,0.0,18.645952278356646,5.895744963892127
1.05,73241,su2,4,17.995631927391237,12,100000,0.99721,0.00279,0.99721,0.0,20.34183320294167,6.152042374426832
1.05,73241,su2,5,20.59024681077029,1,100000,0.82003,0.17997,0.82003,0.0,1.7139606779109526,1.7729311471273406
1.05,73241,su2,5,20.59024681077029,2,100000,0.90306,0.09694,0.90306,0.0,3.4095326394274736,2.511102170348988
1.05,73241,su2,5,20.59024681077029,3,100000,0.93722,0.06278,0.93722,0.0,5.10218181999302,3.074765648079811
1.05,73241,su2,5,20.59024681077029,4,100000,0.95475,0.04525,0.95475,0.0,6.793272100349451,3.5620984553283717
1.05,73241,su2,5,20.59024681077029,5,100000,0.9677,0.0323,0.9677,0.0,8.479618877592932,3.978288709524151
1.05,73241,su2,5,20.59024681077029,6,100000,0.97753,0.02247,0.97753,0.0,10.164662539591868,4.346765181904255
1.05,73241,su2,5,20.59024681077029,7,100000,0.98396,0.01604,0.98396,0.0,11.850743052076616,4.698826844179028
1.05,73241,su2,5,20.59024681077029,8,100000,0.98908,0.01092,0.98908,0.0,13.545417718259229,5.018387825590036
1.05,73241,su2,5,20.59024681077029,9,100000,0.99208,0.00792,0.99208,0.0,15.224230226949182,5.325497738305317
1.05,73241,su2,5,20.59024681077029,10,100000,0.99419,0.00581,0.99419,0.0,16.9124732888321,5.623309521825181
1.05,73241,su2,5,20.59024681077029,11,100000,0.99593,0.00407,0.99593,0.0,18.593563111491573,5.891586619468026
1.05,73241,su2,5,20.59024681077029,12,100000,0.99692,0.00308,0.99692,0.0,20.283523471141674,6.152345358171694
1.05,73241,su2,6,23.558953941657748,1,100000,0.8193,0.1807,0.8193,0.0,1.7020146946248673,1.7765354993710523
1.05,73241,su2,6,23.558953941657748,2,100000,0.8999,0.1001,0.8999,0.0,3.391193580133674,2.5242541005089847
1.05,73241,su2,6,23.558953941657748,3,100000,0.93664,0.06336,0.93664,0.0,5.083545681673353,3.074529237025186
1.05,73241,su2,6,23.558953941657748,4,100000,0.9546,0.0454,0.9546,0.0,6.76411091132414,3.5538307915683687
1.05,73241,su2,6,23.558953941657748,5,100000,0.96711,0.03289,0.96711,0.0,8.440302520110187,3.9911163334700395
1.05,73241,su2,6,23.558953941657748,6,100000,0.97716,0.02284,0.97716,0.0,10.122545825391832,4.365197908142498
1.05,73241,su2,6,23.558953941657748,7,100000,0.98385,0.01615,0.98385,0.0,11.787971009254479,4.7135347250750765
1.05,73241,su2,6,23.558953941657748,8,100000,0.98836,0.01164,0.98836,0.0,13.473225658689119,5.041167504845196
1.05,73241,su2,6,23.558953941657748,9,100000,0.99172,0.00828,0.99172,0.0,15.148418980004237,5.345566030449405
1.05,73241,su2,6,23.558953941657748,10,100000,0.99437,0.00563,0.99437,0.0,16.828540921181762,5.6306377274150305
1.05,73241,su2,6,23.558953941657748,11,100000,0.99588,0.00412,0.99588,0.0,18.509591031633164,5.911298707517675
1.05,73241,su2,6,23.558953941657748,12,100000,0.99711,0.00289,0.99711,0.0,20.191885369400975,6.165274672010788
1.05,73241,su2,7,26.95569003742252,1,100000,0.81864,0.18136,0.81864,0.0,1.703826632537907,1.7778566289331186
1.05,73241,su2,7,26.95569003742252,2,100000,0.90079,0.09921,0.90079,0.0,3.3890569658193592,2.5192625053772053
1.05,73241,su2,7,26.95569003742252,3,100000,0.93653,0.06347,0.93653,0.0,5.069449150064076,3.078807014515206
1.05,73241,su2,7,26.95569003742252,4,100000,0.95448,0.04552,0.95448,0.0,6.748296778552582,3.551336937761326
1.05,73241,su2,7,26.95569003742252,5,100000,0.96757,0.03243,0.96757,0.0,8.425485251714376,3.9740608656896623
1.05,73241,su2,7,26.95569003742252,6,100000,0.97709,0.02291,0.97709,0.0,10.097723663409816,4.353308639950498
1.05,73241,su2,7,26.95569003742252,7,100000,0.98392,0.01608,0.98392,0.0,11.776182684754625,4.709157604454547
1.05,73241,su2,7,26.95569003742252,8,100000,0.98843,0.01157,0.98843,0.0,13.45453156946877,5.044773120652259
1.05,73241,su2,7,26.95569003742252,9,100000,0.99219,0.00781,0.99219,0.0,15.129907606291978,5.349004695437895
1.05,73241,su2,7,26.95569003742252,10,100000,0.99404,0.00596,0.99404,0.0,16.804757488561904,5.640162499412855
1.05,73241,su2,7,26.95569003742252,11,100000,0.99581,0.00419,0.99581,0.0,18.477555548235973,5.916861813767599
1.05,73241,su2,7,26.95569003742252,12,100000,0.99717,0.00283,0.99717,0.0,20.16721433465234,6.173049483301692
1.05,73241,su2,8,30.842168425346934,1,100000,0.82071,0.17929,0.82071,0.0,1.7060315148234548,1.7801532230510264
1.05,73241,su2,8,30.842168425346934,2,100000,0.90104,0.09896,0.90104,0.0,3.3968585545498926,2.510590957164941
1.05,73241,su2,8,30.842168425346934,3,100000,0.93601,0.06399,0.93601,0.0,5.082787465110639,3.0800864951619484
1.05,73241,su2,8,30.842168425346934,4,100000,0.95435,0.04565,0.95435,0.0,6.76862446442622,3.561511082233124
1.05,73241,su2,8,30.842168425346934,5,100000,0.96785,0.03215,0.96785,0.0,8.454817903400269,3.9882421429274153
1.05,73241,su2,8,30.842168425346934,6,100000,0.97671,0.02329,0.97671,0.0,10.127528463818601,4.381999431852652
1.05,73241,su2,8,30.842168425346934,7,100000,0.98376,0.01624,0.98376,0.0,11.806669903194683,4.735140526615307
1.05,73241,su2,8,30.842168425346934,8,100000,0.98865,0.01135,0.98865,0.0,13.48987221055051,5.067289219918024
1.05,73241,su2,8,30.842168425346934,9,100000,0.99093,0.00907,0.99093,0.0,15.167184351725869,5.380976341762722
1.05,73241,su2,8,30.842168425346934,10,100000,0.9938,0.0062,0.9938,0.0,16.84997000208055,5.657240226951454
1.05,73241,su2,8,30.842168425346934,11,100000,0.99561,0.00439,0.99561,0.0,18.533816239440995,5.922986238619464
1.05,73241,su2,8,30.842168425346934,12,100000,0.99676,0.00324,0.99676,0.0,20.218104482630558,6.199716424045723
1.05,73241,su2,9,35.28900027626318,1,100000,0.81775,0.18225,0.81775,0.0,1.7017739028918004,1.772537008187293
1.05,73241,su2,9,35.28900027626318,2,100000,0.89991,0.10009,0.89991,0.0,3.3882646116670325,2.5153827118813727
1.05,73241,su2,9,35.28900027626318,3,100000,0.93567,0.06433,0.93567,0.0,5.067224833820812,3.082023681154276
1.05,73241,su2,9,35.28900027626318,4,100000,0.95336,0.04664,0.95336,0.0,6.73862346783754,3.5610875302982805
1.05,73241,su2,9,35.28900027626318,5,100000,0.96719,0.03281,0.96719,0.0,8.415994087646315,3.982391724573739
1.05,73241,su2,9,35.28900027626318,6,100000,0.97713,0.02287,0.97713,0.0,10.09122774125998,4.366132646189124
1.05,73241,su2,9,35.28900027626318,7,100000,0.98392,0.01608,0.98392,0.0,11.767277712504466,4.717200499025452
1.05,73241,su2,9,35.28900027626318,8,100000,0.98854,0.01146,0.98854,0.0,13.441618860678014,5.046762284389221
1.05,73241,su2,9,35.28900027626318,9,100000,0.99199,0.00801,0.99199,0.0,15.115954369702111,5.344156848497996
1.05,73241,su2,9,35.28900027626318,10,100000,0.99431,0.00569,0.99431,0.0,16.79167300239908,5.633703492823852
1.05,73241,su2,9,35.28900027626318,11,100000,0.99589,0.00411,0.99589,0.0,18.464542302926596,5.9178779194345505
1.05,73241,su2,9,35.28900027626318,12,100000,0.99704,0.00296,0.99704,0.0,20.144159871830908,6.178170016713143
1.05,73241,su2,10,40.376977497946264,1,100000,0.81933,0.18067,0.81933,0.0,1.7053782466392928,1.7692441498620621
1.05,73241,su2,10,40.376977497946264,2,100000,0.90118,0.09882,0.90118,0.0,3.394866997360068,2.5103682303873254
1.05,73241,su2,10,40.376977497946264,3,100000,0.93538,0.06462,0.93538,0.0,5.0778589336462225,3.084197167962286
1.05,73241,su2,10,40.376977497946264,4,100000,0.95355,0.04645,0.95355,0.0,6.756346501705742,3.5668390884260814
1.05,73241,su2,10,40.376977497946264,5,100000,0.96699,0.03301,0.96699,0.0,8.43059849097338,3.9908406146185356
1.05,73241,su2,10,40.376977497946264,6,100000,0.9763,0.0237,0.9763,0.0,10.104984804093814,4.374804105175292
1.05,73241,su2,10,40.376977497946264,7,100000,0.98336,0.01664,0.98336,0.0,11.779957377703875,4.731429284007715
1.05,73241,su2,10,40.376977497946264,8,100000,0.9887,0.0113,0.9887,0.0,13.458026781257399,5.039107407683461
1.05,73241,su2,10,40.376977497946264,9,100000,0.99222,0.00778,0.99222,0.0,15.134421615115523,5.327124568105293
1.05,73241,su2,10,40.376977497946264,10,100000,0.99441,0.00559,0.99441,0.0,16.803998348486274,5.618968934691013
1.05,73241,su2,10,40.376977497946264,11,100000,0.99591,0.00409,0.99591,0.0,18.47686372672263,5.889417223253925
1.05,73241,su2,10,40.376977497946264,12,100000,0.99727,0.00273,0.99727,0.0,20.15310847506967,6.1515470832097945
1.05,73241,su2,11,46.19854059640977,1,100000,0.81837,0.18163,0.81837,0.0,1.6956200297634105,1.794282699467485
1.05,73241,su2,11,46.19854059640977,2,100000,0.89891,0.10109,0.89891,0.0,3.3749477267316084,2.5482685110174055
1.05,73241,su2,11,46.19854059640977,3,100000,0.93415,0.06585,0.93415,0.0,5.046198402467754,3.1217479007788103
1.05,73241,su2,11,46.19854059640977,4,100000,0.95163,0.04837,0.95163,0.0,6.7157230841362265,3.602656047684268
1.05,73241,su2,11,46.19854059640977,5,100000,0.96581,0.03419,0.96581,0.0,8.389473224997063,4.022438415217201
1.05,73241,su2,11,46.19854059640977,6,100000,0.97533,0.02467,0.97533,0.0,10.0470074723622,4.416879034523439
1.05,73241,su2,11,46.19854059640977,7,100000,0.98275,0.01725,0.98275,0.0,11.714147016559728,4.773235757451182
1.05,73241,su2,11,46.19854059640977,8,100000,0.98782,0.01218,0.98782,0.0,13.384088425111964,5.098571426101377
1.05,73241,su2,11,46.19854059640977,9,100000,0.99098,0.00902,0.99098,0.0,15.054386148662585,5.409250733152376
1.05,73241,su2,11,46.19854059640977,10,100000,0.99356,0.00644,0.99356,0.0,16.7273129153892,5.711209011086633
1.05,73241,su2,11,46.19854059640977,11,100000,0.99515,0.00485,0.99515,0.0,18.396253337139925,5.99075573622646
1.05,73241,su2,11,46.19854059640977,12,100000,0.99648,0.00352,0.99648,0.0,20.054780558098738,6.254009651233047
1.05,73241,su2,12,52.85945817382395,1,100000,0.81842,0.18158,0.81842,0.0,1.6954320778957424,1.7903951795830844
1.05,73241,su2,12,52.85945817382395,2,100000,0.89771,0.10229,0.89771,0.0,3.3645672895944485,2.5482180731620305
1.05,73241,su2,12,52.85945817382395,3,100000,0.93262,0.06738,0.93262,0.0,5.027790107038011,3.1238162468490636
1.05,73241,su2,12,52.85945817382395,4,100000,0.95146,0.04854,0.95146,0.0,6.6932602606170635,3.6158953892801096
1.05,73241,su2,12,52.85945817382395,5,100000,0.96511,0.03489,0.96511,0.0,8.354881200714662,4.040424068155301
1.05,73241,su2,12,52.85945817382395,6,100000,0.97495,0.02505,0.97495,0.0,10.020527520918545,4.427022395507024
1.05,73241,su2,12,52.85945817382395,7,100000,0.98205,0.01795,0.98205,0.0,11.681428458008169,4.786059424541951
1.05,73241,su2,12,52.85945817382395,8,100000,0.98678,0.01322,0.98678,0.0,13.343333602088997,5.1101702601277665
1.05,73241,su2,12,52.85945817382395,9,100000,0.99062,0.00938,0.99062,0.0,15.009349104842633,5.4145758831537645
1.05,73241,su2,12,52.85945817382395,10,100000,0.99292,0.00708,0.99292,0.0,16.668214911609827,5.721621788670413
1.05,73241,su2,12,52.85945817382395,11,100000,0.99488,0.00512,0.99488,0.0,18.32827918595429,6.011672925278997
1.05,73241,su2,12,52.85945817382395,12,100000,0.99631,0.00369,0.99631,0.0,19.99727936996076,6.282045534792595
1.05,73241,su2,13,60.48074857687998,1,100000,0.81669,0.18331,0.81669,0.0,1.6869729349817224,1.7872074397265094
1.05,73241,su2,13,60.48074857687998,2,100000,0.89795,0.10205,0.89795,0.0,3.354711734998798,2.5270190386280036
1.05,73241,su2,13,60.48074857687998,3,100000,0.93493,0.06507,0.93493,0.0,5.029378994608589,3.088516701174249
1.05,73241,su2,13,60.48074857687998,4,100000,0.95284,0.04716,0.95284,0.0,6.697607819221181,3.562436734889941
1.05,73241,su2,13,60.48074857687998,5,100000,0.96636,0.03364,0.96636,0.0,8.369043980890254,4.0010745595282975
1.05,73241,su2,13,60.48074857687998,6,100000,0.97571,0.02429,0.97571,0.0,10.026139368984976,4.387892024116366
1.05,73241,su2,13,60.48074857687998,7,100000,0.98284,0.01716,0.98284,0.0,11.697398835960438,4.7344846516671355
1.05,73241,su2,13,60.48074857687998,8,100000,0.98795,0.01205,0.98795,0.0,13.359856805669086,5.066232994739178
1.05,73241,su2,13,60.48074857687998,9,100000,0.9913,0.0087,0.9913,0.0,15.029230319302194,5.377893193817211
1.05,73241,su2,13,60.48074857687998,10,100000,0.9936,0.0064,0.9936,0.0,16.69182264478878,5.663330270982442
1.05,73241,su2,13,60.48074857687998,11,100000,0.99535,0.00465,0.99535,0.0,18.349834179721274,5.942497989257784
1.05,73241,su2,13,60.48074857687998,12,100000,0.99667,0.00333,0.99667,0.0,20.016009282950527,6.1951788928374105
1.05,73241,su2,14,69.20087860891422,1,100000,0.81722,0.18278,0.81722,0.0,1.6864327887140484,1.791147010737808
1.05,73241,su2,14,69.20087860891422,2,100000,0.89814,0.10186,0.89814,0.0,3.358389923279905,2.5259576853936228
1.05,73241,su2,14,69.20087860891422,3,100000,0.93292,0.06708,0.93292,0.0,5.01428516000295,3.106702253189348
1.05,73241,su2,14,69.20087860891422,4,100000,0.95275,0.04725,0.95275,0.0,6.689137870506358,3.58029618198766
1.05,73241,su2,14,69.20087860891422,5,100000,0.96532,0.03468,0.96532,0.0,8.350781858985792,4.015145223349273
1.05,73241,su2,14,69.20087860891422,6,100000,0.97462,0.02538,0.97462,0.0,10.00300779509254,4.400955483413845
1.05,73241,su2,14,69.20087860891422,7,100000,0.9819,0.0181,0.9819,0.0,11.6548729012705,4.757533281396342
1.05,73241,su2,14,69.20087860891422,8,100000,0.98744,0.01256,0.98744,0.0,13.314923901575382,5.094433592687785
1.05,73241,su2,14,69.20087860891422,9,100000,0.99046,0.00954,0.99046,0.0,14.977960051657545,5.4046488032405255
1.05,73241,su2,14,69.20087860891422,10,100000,0.99286,0.00714,0.99286,0.0,16.6423637452729,5.7094876671562504
1.05,73241,su2,14,69.20087860891422,11,100000,0.99498,0.00502,0.99498,0.0,18.299220761263403,5.991193383527004
1.05,73241,su2,14,69.20087860891422,12,100000,0.99616,0.00384,0.99616,0.0,19.951280814756,6.256011297245046
1.05,73241,su2,15,79.17827925291732,1,100000,0.8159,0.1841,0.8159,0.0,1.6886897742538085,1.7857867871939028
1.05,73241,su2,15,79.17827925291732,2,100000,0.89829,0.10171,0.89829,0.0,3.364997643997559,2.5235558563447573
1.05,73241,su2,15,79.17827925291732,3,100000,0.93524,0.06476,0.93524,0.0,5.042564239039819,3.090249765092145
1.05,73241,su2,15,79.17827925291732,4,100000,0.95316,0.04684,0.95316,0.0,6.715182941175986,3.5783294663020024
1.05,73241,su2,15,79.17827925291732,5,100000,0.96624,0.03376,0.96624,0.0,8.375891382618404,4.007354643291545
1.05,73241,su2,15,79.17827925291732,6,100000,0.97583,0.02417,0.97583,0.0,10.042905715477087,4.401840815405119
1.05,73241,su2,15,79.17827925291732,7,100000,0.98222,0.01778,0.98222,0.0,11.710007662936862,4.763136440821484
1.05,73241,su2,15,79.17827925291732,8,100000,0.98754,0.01246,0.98754,0.0,13.383143313068349,5.090437767093282
1.05,73241,su2,15,79.17827925291732,9,100000,0.99059,0.00941,0.99059,0.0,15.044919032357448,5.407009589915398
1.05,73241,su2,15,79.17827925291732,10,100000,0.99338,0.00662,0.99338,0.0,16.7131303392367,5.699014675943616
1.05,73241,su2,15,79.17827925291732,11,100000,0.9953,0.0047,0.9953,0.0,18.37724979338567,5.970592517375699
1.05,73241,su2,15,79.17827925291732,12,100000,0.9964,0.0036,0.9964,0.0,20.030632258565596,6.2444843654789635
1.05,73241,su2,16,90.5942241121398,1,100000,0.81605,0.18395,0.81605,0.0,1.6870715504538145,1.792801922717169
1.05,73241,su2,16,90.5942241121398,2,100000,0.8973,0.1027,0.8973,0.0,3.35851952162513,2.542014643882456
1.05,73241,su2,16,90.5942241121398,3,100000,0.933,0.067,0.933,0.0,5.029889960988042,3.1210475802937485
1.05,73241,su2,16,90.5942241121398,4,100000,0.95178,0.04822,0.95178,0.0,6.705906081588451,3.5947572356863717
1.05,73241,su2,16,90.5942241121398,5,100000,0.96619,0.03381,0.96619,0.0,8.38093526117971,4.015539199794761
1.05,73241,su2,16,90.5942241121398,6,100000,0.97575,0.02425,0.97575,0.0,10.037073941654803,4.404524518539003
1.05,73241,su2,16,90.5942241121398,7,100000,0.98313,0.01687,0.98313,0.0,11.702588389450714,4.752521477437306
1.05,73241,su2,16,90.5942241121398,8,100000,0.98806,0.01194,0.98806,0.0,13.372023269611747,5.080217418263246
1.05,73241,su2,16,90.5942241121398,9,100000,0.99117,0.00883,0.99117,0.0,15.03809214917107,5.3928894766886515
1.05,73241,su2,16,90.5942241121398,10,100000,0.9937,0.0063,0.9937,0.0,16.6958025338628,5.680056338484921
1.05,73241,su2,16,90.5942241121398,11,100000,0.9955,0.0045,0.9955,0.0,18.358666884250614,5.952291914631278
1.05,73241,su2,16,90.5942241121398,12,100000,0.99677,0.00323,0.99677,0.0,20.030218488886657,6.221909318604155
1.05,73241,su2,17,103.65612286501181,1,100000,0.8176,0.1824,0.8176,0.0,1.6853252135360728,1.7904158399575925
1.05,73241,su2,17,103.65612286501181,2,100000,0.89893,0.10107,0.89893,0.0,3.356314324180717,2.5312590440451976
1.05,73241,su2,17,103.65612286501181,3,100000,0.93337,0.06663,0.93337,0.0,5.012701693819527,3.102036921278978
1.05,73241,su2,17,103.65612286501181,4,100000,0.952,0.048,0.952,0.0,6.669843373793355,3.591233399357412
1.05,73241,su2,17,103.65612286501181,5,100000,0.96578,0.03422,0.96578,0.0,8.326649309867221,4.010144009847033
1.05,73241,su2,17,103.65612286501181,6,100000,0.97581,0.02419,0.97581,0.0,9.991054566925788,4.394712431014457
1.05,73241,su2,17,103.65612286501181,7,100000,0.98279,0.01721,0.98279,0.0,11.651810991754347,4.756993672245017
1.05,73241,su2,17,103.65612286501181,8,100000,0.98733,0.01267,0.98733,0.0,13.315118187810763,5.087067838521454
1.05,73241,su2,17,103.65612286501181,9,100000,0.99061,0.00939,0.99061,0.0,14.977226843324788,5.402725853013761
1.05,73241,su2,17,103.65612286501181,10,100000,0.99311,0.00689,0.99311,0.0,16.645557511556085,5.701359361117264
1.05,73241,su2,17,103.65612286501181,11,100000,0.99495,0.00505,0.99495,0.0,18.29684716283925,5.98432158177729
1.05,73241,su2,17,103.65612286501181,12,100000,0.99637,0.00363,0.99637,0.0,19.95055609840721,6.255277945419406
1.05,73241,su2,18,118.60128957124793,1,100000,0.81905,0.18095,0.81905,0.0,1.7001552046554904,1.7696367718940345
1.05,73241,su2,18,118.60128957124793,2,100000,0.89781,0.10219,0.89781,0.0,3.356557663952391,2.533059946525868
1.05,73241,su2,18,118.60128957124793,3,100000,0.93392,0.06608,0.93392,0.0,5.02173127553274,3.099760251049853
1.05,73241,su2,18,118.60128957124793,4,100000,0.95253,0.04747,0.95253,0.0,6.693885479844464,3.5837073499205148
1.05,73241,su2,18,118.60128957124793,5,100000,0.96557,0.03443,0.96557,0.0,8.349303509017082,4.003750647782837
1.05,73241,su2,18,118.60128957124793,6,100000,0.97556,0.02444,0.97556,0.0,10.013480701960836,4.3825349412590615
1.05,73241,su2,18,118.60128957124793,7,100000,0.98312,0.01688,0.98312,0.0,11.686311256743156,4.731871472790004
1.05,73241,su2,18,118.60128957124793,8,100000,0.98818,0.01182,0.98818,0.0,13.352179755177405,5.057861261339074
1.05,73241,su2,18,118.60128957124793,9,100000,0.99137,0.00863,0.99137,0.0,15.010697848191667,5.3666336318772165
1.05,73241,su2,18,118.60128957124793,10,100000,0.99384,0.00616,0.99384,0.0,16.6680219838099,5.659611769210397
1.05,73241,su2,18,118.60128957124793,11,100000,0.99585,0.00415,0.99585,0.0,18.33456991615942,5.939083644609809
1.05,73241,su2,18,118.60128957124793,12,100000,0.99695,0.00305,0.99695,0.0,19.992424148884236,6.206941011493244
1.05,73241,su2,19,135.70125429330454,1,100000,0.81537,0.18463,0.81537,0.0,1.6825176007885856,1.7876812326664087
1.05,73241,su2,19,135.70125429330454,2,100000,0.89618,0.10382,0.89618,0.0,3.3471594293079265,2.531993515827361
1.05,73241,su2,19,135.70125429330454,3,100000,0.9323,0.0677,0.9323,0.0,4.9987721913421685,3.1190551989066195
1.05,73241,su2,19,135.70125429330454,4,100000,0.95136,0.04864,0.95136,0.0,6.668418918320059,3.5948774840077253
1.05,73241,su2,19,135.70125429330454,5,100000,0.96573,0.03427,0.96573,0.0,8.33694171988081,4.023473985906032
1.05,73241,su2,19,135.70125429330454,6,100000,0.97525,0.02475,0.97525,0.0,10.002375556376403,4.405559065794395
1.05,73241,su2,19,135.70125429330454,7,100000,0.98232,0.01768,0.98232,0.0,11.663840013285126,4.757347423726919
1.05,73241,su2,19,135.70125429330454,8,100000,0.9874,0.0126,0.9874,0.0,13.326082796486979,5.08744780327209
1.05,73241,su2,19,135.70125429330454,9,100000,0.9908,0.0092,0.9908,0.0,14.986213045447037,5.401449019939496
1.05,73241,su2,19,135.70125429330454,10,100000,0.99312,0.00688,0.99312,0.0,16.646103564583957,5.699078973570009
1.05,73241,su2,19,135.70125429330454,11,100000,0.99497,0.00503,0.99497,0.0,18.30122642617982,5.979707347751307
1.05,73241,su2,19,135.70125429330454,12,100000,0.99635,0.00365,0.99635,0.0,19.962450653837276,6.238598826159491
1.05,83244,photon,0,10.5,1,100000,0.72265,0.72265,0.27735,0.0,-3.0825448805663314,4.383018360478014
1.05,83244,photon,0,10.5,2,100000,0.81463,0.81463,0.18537,0.0,-6.155438685042531,6.193332253165513
1.05,83244,photon,0,10.5,3,100000,0.87688,0.87688,0.12312,0.0,-9.23765729661227,7.607112971496978
1.05,83244,photon,0,10.5,4,100000,0.91949,0.91949,0.08051,0.0,-12.308987975660697,8.763265072346345
1.05,83244,photon,0,10.5,5,100000,0.94517,0.94517,0.05483,0.0,-15.395880904645574,9.795795603972856
1.05,83244,photon,0,10.5,6,100000,0.96199,0.96199,0.03801,0.0,-18.492351819642483,10.741157098140725
1.05,83244,photon,0,10.5,7,100000,0.97317,0.97317,0.02683,0.0,-21.58505326289124,11.587468242327345
1.05,83244,photon,0,10.5,8,100000,0.98104,0.98104,0.01896,0.0,-24.668797466386067,12.4064458096559
1.05,83244,photon,0,10.5,9,100000,0.98661,0.98661,0.01339,0.0,-27.75980576119868,13.15485548956305
1.05,83244,photon,0,10.5,10,100000,0.99024,0.99024,0.00976,0.0,-30.848630994986106,13.88118671004837
1.05,83244,photon,0,10.5,11,100000,0.99313,0.99313,0.00687,0.0,-33.947609474681435,14.588022350146892
1.05,83244,photon,0,10.5,12,100000,0.99499,0.99499,0.00501,0.0,-37.02736767828078,15.226578225497098
1.05,83244,photon,1,10.578886748946001,1,100000,0.72079,0.72079,0.27921,0.0,-3.0717813332866655,4.397191846422765
1.05,83244,photon,1,10.578886748946001,2,100000,0.81491,0.81491,0.18509,0.0,-6.17216072193389,6.201199763399325
1.05,83244,photon,1,10.578886748946001,3,100000,0.87834,0.87834,0.12166,0.0,-9.267954285323134,7.607772755665094
1.05,83244,photon,1,10.578886748946001,4,100000,0.91975,0.91975,0.08025,0.0,-12.339416399578862,8.783875728423988
1.05,83244,photon,1,10.578886748946001,5,100000,0.94453,0.94453,0.05547,0.0,-15.411833385679373,9.821052633229124
1.05,83244,photon,1,10.578886748946001,6,100000,0.96115,0.96115,0.03885,0.0,-18.496070200128962,10.776473094827441
1.05,83244,photon,1,10.578886748946001,7,100000,0.97196,0.97196,0.02804,0.0,-21.586818462041734,11.666139161449863
1.05,83244,photon,1,10.578886748946001,8,100000,0.98019,0.98019,0.01981,0.0,-24.643679153226422,12.458860073272534
1.05,83244,photon,1,10.578886748946001,9,100000,0.98589,0.98589,0.01411,0.0,-27.736353839914827,13.212144463635424
1.05,83244,photon,1,10.578886748946001,10,100000,0.98982,0.98982,0.01018,0.0,-30.830784130275706,13.919429445470458
1.05,83244,photon,1,10.578886748946001,11,100000,0.99292,0.99292,0.00708,0.0,-33.93550053153612,14.604726999659722
1.05,83244,photon,1,10.578886748946001,12,100000,0.9948,0.9948,0.0052,0.0,-37.02053683240497,15.232217026840829
1.05,83244,photon,2,10.658366175907164,1,100000,0.72208,0.72208,0.27792,0.0,-3.090645785149282,4.39343713899859
1.05,83244,photon,2,10.658366175907164,2,100000,0.81462,0.81462,0.18538,0.0,-6.150678820155822,6.192031908852301
1.05,83244,photon,2,10.658366175907164,3,100000,0.87767,0.87767,0.12233,0.0,-9.246340853527512,7.60130334343689
1.05,83244,photon,2,10.658366175907164,4,100000,0.92009,0.92009,0.07991,0.0,-12.338159884841508,8.788880060866829
1.05,83244,photon,2,10.658366175907164,5,100000,0.94494,0.94494,0.05506,0.0,-15.416216693343491,9.82719853349116
1.05,83244,photon,2,10.658366175907164,6,100000,0.96174,0.96174,0.03826,0.0,-18.51156815149694,10.781367281477815
1.05,83244,photon,2,10.658366175907164,7,100000,0.97227,0.97227,0.02773,0.0,-21.61194657672421,11.646886765420714
1.05,83244,photon,2,10.658366175907164,8,100000,0.981,0.981,0.019,0.0,-24.721543365921555,12.43034463345116
1.05,83244,photon,2,10.658366175907164,9,100000,0.98613,0.98613,0.01387,0.0,-27.816903198844344,13.201831167990512
1.05,83244,photon,2,10.658366175907164,10,100000,0.99003,0.99003,0.00997,0.0,-30.893271966655533,13.9146994044545
1.05,83244,photon,2,10.658366175907164,11,100000,0.99257,0.99257,0.00743,0.0,-33.97498573953475,14.609180655825117
1.05,83244,photon,2,10.658366175907164,12,100000,0.99468,0.99468,0.00532,0.0,-37.08213986106642,15.26469755396576
1.05,83244,photon,3,10.738442733687481,1,100000,0.72048,0.72048,0.27952,0.0,-3.0730441902662506,4.391745161962415
1.05,83244,photon,3,10.738442733687481,2,100000,0.81535,0.81535,0.18465,0.0,-6.159024283712705,6.193197047324374
1.05,83244,photon,3,10.738442733687481,3,100000,0.8789,0.8789,0.1211,0.0,-9.257723946885472,7.591571739856441
1.05,83244,photon,3,10.738442733687481,4,100000,0.91895,0.91895,0.08105,0.0,-12.334883629978153,8.778833627876697
1.05,83244,photon,3,10.738442733687481,5,100000,0.94412,0.94412,0.05588,0.0,-15.410718785790783,9.817996007307787
1.05,83244,photon,3,10.738442733687481,6,100000,0.96172,0.96172,0.03828,0.0,-18.505965161024434,10.75223628353488
1.05,83244,photon,3,10.738442733687481,7,100000,0.97249,0.97249,0.02751,0.0,-21.606446985746008,11.624102114876065
1.05,83244,photon,3,10.738442733687481,8,100000,0.98045,0.98045,0.01955,0.0,-24.6777785825557,12.4479811156391
1.05,83244,photon,3,10.738442733687481,9,100000,0.98592,0.98592,0.01408,0.0,-27.74654526803858,13.198218685388843
1.05,83244,photon,3,10.738442733687481,10,100000,0.99005,0.99005,0.00995,0.0,-30.84491787403402,13.935222400027873
1.05,83244,photon,3,10.738442733687481,11,100000,0.9928,0.9928,0.0072,0.0,-33.94570095318272,14.595432420058986
1.05,83244,photon,3,10.738442733687481,12,100000,0.99491,0.99491,0.00509,0.0,-37.048794757103984,15.238921298157663
1.05,83244,photon,4,10.81912090854495,1,100000,0.72124,0.72124,0.27876,0.0,-3.0819827461501013,4.395956934855541
1.05,83244,photon,4,10.81912090854495,2,100000,0.81274,0.81274,0.18726,0.0,-6.15703256499305,6.227672689019421
1.05,83244,photon,4,10.81912090854495,3,100000,0.87603,0.87603,0.12397,0.0,-9.253458048117944,7.634893183993653
1.05,83244,photon,4,10.81912090854495,4,100000,0.91848,0.91848,0.08152,0.0,-12.344390058714582,8.82382201213954
1.05,83244,photon,4,10.81912090854495,5,100000,0.94488,0.94488,0.05512,0.0,-15.462723911266965,9.88082289054468
1.05,83244,photon,4,10.81912090854495,6,100000,0.96133,0.96133,0.03867,0.0,-18.57887985195022,10.832779933231242
1.05,83244,photon,4,10.81912090854495,7,100000,0.973,0.973,0.027,0.0,-21.66788902761221,11.700502532884165
1.05,83244,photon,4,10.81912090854495,8,100000,0.98078,0.98078,0.01922,0.0,-24.77013371970213,12.511563896783827
1.05,83244,photon,4,10.81912090854495,9,100000,0.98589,0.98589,0.01411,0.0,-27.869427523020484,13.2719163934861
1.05,83244,photon,4,10.81912090854495,10,100000,0.98988,0.98988,0.01012,0.0,-30.985665867733903,13.983814251085104
1.05,83244,photon,4,10.81912090854495,11,100000,0.99279,0.99279,0.00721,0.0,-34.093854188976565,14.652183461837133
1.05,83244,photon,4,10.81912090854495,12,100000,0.99458,0.99458,0.00542,0.0,-37.18193729396286,15.300308222343219
1.05,83244,photon,5,10.900405220442927,1,100000,0.72111,0.72111,0.27889,0.0,-3.0876791313441796,4.405083595418928
1.05,83244,photon,5,10.900405220442927,2,100000,0.81304,0.81304,0.18696,0.0,-6.158362010759361,6.214777229196159
1.05,83244,photon,5,10.900405220442927,3,100000,0.87683,0.87683,0.12317,0.0,-9.26014269265306,7.616734601323753
1.05,83244,photon,5,10.900405220442927,4,100000,0.9191,0.9191,0.0809,0.0,-12.343650964760705,8.76295094880119
1.05,83244,photon,5,10.900405220442927,5,100000,0.94615,0.94615,0.05385,0.0,-15.429371587213655,9.787585154703693
1.05,83244,photon,5,10.900405220442927,6,100000,0.96245,0.96245,0.03755,0.0,-18.525382273940163,10.742904869729248
1.05,83244,photon,5,10.900405220442927,7,100000,0.97354,0.97354,0.02646,0.0,-21.619682803421295,11.586537002758481
1.05,83244,photon,5,10.900405220442927,8,100000,0.98147,0.98147,0.01853,0.0,-24.715708146156775,12.37221566670849
1.05,83244,photon,5,10.900405220442927,9,100000,0.98675,0.98675,0.01325,0.0,-27.805503048460544,13.11025943085392
1.05,83244,photon,5,10.900405220442927,10,100000,0.99028,0.99028,0.00972,0.0,-30.87907295293116,13.83933173596922
1.05,83244,photon,5,10.900405220442927,11,100000,0.99315,0.99315,0.00685,0.0,-33.96743050599672,14.510377069009348
1.05,83244,photon,5,10.900405220442927,12,100000,0.99502,0.99502,0.00498,0.0,-37.06197606577234,15.158353051400516
1.05,83244,photon,6,10.98230022330338,1,100000,0.72136,0.72136,0.27864,0.0,-3.0840155576594523,4.400912015695203
1.05,83244,photon,6,10.98230022330338,2,100000,0.81451,0.81451,0.18549,0.0,-6.167238523675761,6.212825319626879
1.05,83244,photon,6,10.98230022330338,3,100000,0.87682,0.87682,0.12318,0.0,-9.264976949785671,7.6228324768712294
1.05,83244,photon,6,10.98230022330338,4,100000,0.92107,0.92107,0.07893,0.0,-12.382727086916198,8.792361359915137
1.05,83244,photon,6,10.98230022330338,5,100000,0.9467,0.9467,0.0533,0.0,-15.496596000254302,9.844174817017487
1.05,83244,photon,6,10.98230022330338,6,100000,0.96354,0.96354,0.03646,0.0,-18.577801689421822,10.76222502166742
1.05,83244,photon,6,10.98230022330338,7,100000,0.97387,0.97387,0.02613,0.0,-21.668647875473653,11.639395481934853
1.05,83244,photon,6,10.98230022330338,8,100000,0.98152,0.98152,0.01848,0.0,-24.751951583568225,12.437996831575536
1.05,83244,photon,6,10.98230022330338,9,100000,0.98722,0.98722,0.01278,0.0,-27.838747339084353,13.169599585575467
1.05,83244,photon,6,10.98230022330338,10,100000,0.99021,0.99021,0.00979,0.0,-30.92237351423844,13.897647470885053
1.05,83244,photon,6,10.98230022330338,11,100000,0.99318,0.99318,0.00682,0.0,-34.050462388967716,14.572693651011102
1.05,83244,photon,6,10.98230022330338,12,100000,0.9951,0.9951,0.0049,0.0,-37.15772418682193,15.203586648612042
1.05,83244,photon,7,11.064810505261978,1,100000,0.72354,0.72354,0.27646,0.0,-3.1096763916416363,4.4010837759982735
1.05,83244,photon,7,11.064810505261978,2,100000,0.81583,0.81583,0.18417,0.0,-6.1970473724207205,6.215293528892664
1.05,83244,photon,7,11.064810505261978,3,100000,0.87799,0.87799,0.12201,0.0,-9.284417034745026,7.602046711426391
1.05,83244,photon,7,11.064810505261978,4,100000,0.92049,0.92049,0.07951,0.0,-12.38912228368113,8.76786270496851
1.05,83244,photon,7,11.064810505261978,5,100000,0.94616,0.94616,0.05384,0.0,-15.471197914241998,9.78852136786224
1.05,83244,photon,7,11.064810505261978,6,100000,0.96246,0.96246,0.03754,0.0,-18.591083487841562,10.734876231539275
1.05,83244,photon,7,11.064810505261978,7,100000,0.97342,0.97342,0.02658,0.0,-21.686326532266285,11.603475854902857
1.05,83244,photon,7,11.064810505261978,8,100000,0.98123,0.98123,0.01877,0.0,-24.790490543378148,12.394430441378569
1.05,83244,photon,7,11.064810505261978,9,100000,0.98695,0.98695,0.01305,0.0,-27.913075527305907,13.150089639190455
1.05,83244,photon,7,11.064810505261978,10,100000,0.99051,0.99051,0.00949,0.0,-30.987837002065657,13.860510181736231
1.05,83244,photon,7,11.064810505261978,11,100000,0.99309,0.99309,0.00691,0.0,-34.08847114387276,14.531966825251972
1.05,83244,photon,7,11.064810505261978,12,100000,0.99497,0.99497,0.00503,0.0,-37.191750292526486,15.17982972228943
1.05,83244,photon,8,11.147940688925186,1,100000,0.72366,0.72366,0.27634,0.0,-3.0964721052258093,4.390264432631836
1.05,83244,photon,8,11.147940688925186,2,100000,0.81683,0.81683,0.18317,0.0,-6.190988267331166,6.206038166632467
1.05,83244,photon,8,11.147940688925186,3,100000,0.87972,0.87972,0.12028,0.0,-9.292843848173318,7.591344374961601
1.05,83244,photon,8,11.147940688925186,4,100000,0.92259,0.92259,0.07741,0.0,-12.382389118630282,8.746728608840774
1.05,83244,photon,8,11.147940688925186,5,100000,0.94748,0.94748,0.05252,0.0,-15.485696395527837,9.795771913894624
1.05,83244,photon,8,11.147940688925186,6,100000,0.96284,0.96284,0.03716,0.0,-18.599500542474253,10.719993260701385
1.05,83244,photon,8,11.147940688925186,7,100000,0.97401,0.97401,0.02599,0.0,-21.701728568491504,11.568752817763587
1.05,83244,photon,8,11.147940688925186,8,100000,0.98185,0.98185,0.01815,0.0,-24.801863169771835,12.384821904047362
1.05,83244,photon,8,11.147940688925186,9,100000,0.98718,0.98718,0.01282,0.0,-27.904749551868797,13.113498043678328
1.05,83244,photon,8,11.147940688925186,10,100000,0.99076,0.99076,0.00924,0.0,-31.012482821510996,13.830477004695785
1.05,83244,photon,8,11.147940688925186,11,100000,0.99326,0.99326,0.00674,0.0,-34.10118719107928,14.507382999833252
1.05,83244,photon,8,11.147940688925186,12,100000,0.99518,0.99518,0.00482,0.0,-37.222402322407085,15.149372203913464
1.05,83244,photon,9,11.231695431629198,1,100000,0.72236,0.72236,0.27764,0.0,-3.0959861005644242,4.401030978255492
1.05,83244,photon,9,11.231695431629198,2,100000,0.81613,0.81613,0.18387,0.0,-6.20964919091349,6.222523396535556
1.05,83244,photon,9,11.231695431629198,3,100000,0.87868,0.87868,0.12132,0.0,-9.310805986850937,7.6066440555073465
1.05,83244,photon,9,11.231695431629198,4,100000,0.92063,0.92063,0.07937,0.0,-12.424974593744446,8.797805141712288
1.05,83244,photon,9,11.231695431629198,5,100000,0.94622,0.94622,0.05378,0.0,-15.55147485801402,9.840026423813537
1.05,83244,photon,9,11.231695431629198,6,100000,0.96235,0.96235,0.03765,0.0,-18.6656102172702,10.788731705902187
1.05,83244,photon,9,11.231695431629198,7,100000,0.97338,0.97338,0.02662,0.0,-21.788109047831636,11.678171860417839
1.05,83244,photon,9,11.231695431629198,8,100000,0.9811,0.9811,0.0189,0.0,-24.901927260290346,12.50263510085789
1.05,83244,photon,9,11.231695431629198,9,100000,0.98623,0.98623,0.01377,0.0,-27.98643235808421,13.27398940510625
1.05,83244,photon,9,11.231695431629198,10,100000,0.99011,0.99011,0.00989,0.0,-31.092375004765945,13.984008606469503
1.05,83244,photon,9,11.231695431629198,11,100000,0.99271,0.99271,0.00729,0.0,-34.19594594303519,14.661786572989486
1.05,83244,photon,9,11.231695431629198,12,100000,0.99474,0.99474,0.00526,0.0,-37.3172998757015,15.31411945391067
1.05,83244,photon,10,11.316079425700895,1,100000,0.72434,0.72434,0.27566,0.0,-3.1224149168896598,4.406899679244595
1.05,83244,photon,10,11.316079425700895,2,100000,0.81747,0.81747,0.18253,0.0,-6.254017662481976,6.2220558456567066
1.05,83244,photon,10,11.316079425700895,3,100000,0.87904,0.87904,0.12096,0.0,-9.361746809876596,7.622174965216946
1.05,83244,photon,10,11.316079425700895,4,100000,0.92061,0.92061,0.07939,0.0,-12.45470087600196,8.797665683708399
1.05,83244,photon,10,11.316079425700895,5,100000,0.94695,0.94695,0.05305,0.0,-15.564951421001632,9.809979724142451
1.05,83244,photon,10,11.316079425700895,6,100000,0.96278,0.96278,0.03722,0.0,-18.652018431262796,10.752712064090414
1.05,83244,photon,10,11.316079425700895,7,100000,0.97413,0.97413,0.02587,0.0,-21.789488699861792,11.610470915288644
1.05,83244,photon,10,11.316079425700895,8,100000,0.98197,0.98197,0.01803,0.0,-24.902676328730617,12.420978702905025
1.05,83244,photon,10,11.316079425700895,9,100000,0.98739,0.98739,0.01261,0.0,-28.0109687537152,13.180926103185412
1.05,83244,photon,10,11.316079425700895,10,100000,0.99037,0.99037,0.00963,0.0,-31.122599855707442,13.895891951875615
1.05,83244,photon,10,11.316079425700895,11,100000,0.99336,0.99336,0.00664,0.0,-34.24140229583479,14.570474281268156
1.05,83244,photon,10,11.316079425700895,12,100000,0.99533,0.99533,0.00467,0.0,-37.349478591882665,15.222151457041624
1.05,83244,photon,11,11.401097398720731,1,100000,0.7188,0.7188,0.2812,0.0,-3.077684664860961,4.4071689805887075
1.05,83244,photon,11,11.401097398720731,2,100000,0.81571,0.81571,0.18429,0.0,-6.174091437566015,6.225893358181323
1.05,83244,photon,11,11.401097398720731,3,100000,0.8786,0.8786,0.1214,0.0,-9.299314625465495,7.621559414191648
1.05,83244,photon,11,11.401097398720731,4,100000,0.92022,0.92022,0.07978,0.0,-12.421844556279876,8.806328625702301
1.05,83244,photon,11,11.401097398720731,5,100000,0.94617,0.94617,0.05383,0.0,-15.542763564717024,9.842164009107066
1.05,83244,photon,11,11.401097398720731,6,100000,0.96263,0.96263,0.03737,0.0,-18.65883178289196,10.763926843375925
1.05,83244,photon,11,11.401097398720731,7,100000,0.97399,0.97399,0.02601,0.0,-21.795181798111756,11.635870944438397
1.05,83244,photon,11,11.401097398720731,8,100000,0.98202,0.98202,0.01798,0.0,-24.91054179456311,12.422336869852677
1.05,83244,photon,11,11.401097398720731,9,100000,0.98751,0.98751,0.01249,0.0,-28.013371479323013,13.174843935424105
1.05,83244,photon,11,11.401097398720731,10,100000,0.99057,0.99057,0.00943,0.0,-31.12326445672359,13.90415498994871
1.05,83244,photon,11,11.401097398720731,11,100000,0.99317,0.99317,0.00683,0.0,-34.24128624259431,14.574804422910017
1.05,83244,photon,11,11.401097398720731,12,100000,0.99537,0.99537,0.00463,0.0,-37.35310077363058,15.213701509300542
1.05,83244,photon,12,11.486754113787567,1,100000,0.72218,0.72218,0.27782,0.0,-3.1050623367550476,4.398397287642098
1.05,83244,photon,12,11.486754113787567,2,100000,0.81635,0.81635,0.18365,0.0,-6.220361615906672,6.2299024787466575
1.05,83244,photon,12,11.486754113787567,3,100000,0.87946,0.87946,0.12054,0.0,-9.359549181497757,7.636805395548442
1.05,83244,photon,12,11.486754113787567,4,100000,0.9211,0.9211,0.0789,0.0,-12.471573526253511,8.810806455237334
1.05,83244,photon,12,11.486754113787567,5,100000,0.94587,0.94587,0.05413,0.0,-15.605608292914319,9.8428241170969
1.05,83244,photon,12,11.486754113787567,6,100000,0.96212,0.96212,0.03788,0.0,-18.74606602341077,10.796284986508255
1.05,83244,photon,12,11.486754113787567,7,100000,0.97335,0.97335,0.02665,0.0,-21.861829441522552,11.649484624071725
1.05,83244,photon,12,11.486754113787567,8,100000,0.98068,0.98068,0.01932,0.0,-24.982075662286952,12.44101100599339
1.05,83244,photon,12,11.486754113787567,9,100000,0.98686,0.98686,0.01314,0.0,-28.111606206416884,13.198540814305971
1.05,83244,photon,12,11.486754113787567,10,100000,0.99062,0.99062,0.00938,0.0,-31.22900952122434,13.924866388982835
1.05,83244,photon,12,11.486754113787567,11,100000,0.99323,0.99323,0.00677,0.0,-34.342876220704824,14.604298026446784
1.05,83244,photon,12,11.486754113787567,12,100000,0.99517,0.99517,0.00483,0.0,-37.46409969098545,15.256610763686739
1.05,83244,photon,13,11.573054369785543,1,100000,0.72321,0.72321,0.27679,0.0,-3.1078811007175013,4.397954424180975
1.05,83244,photon,13,11.573054369785543,2,100000,0.81795,0.81795,0.18205,0.0,-6.226232128559359,6.211310832810809
1.05,83244,photon,13,11.573054369785543,3,100000,0.87995,0.87995,0.12005,0.0,-9.361101107471836,7.629944797840486
1.05,83244,photon,13,11.573054369785543,4,100000,0.92101,0.92101,0.07899,0.0,-12.477491895817947,8.813571805503766
1.05,83244,photon,13,11.573054369785543,5,100000,0.94593,0.94593,0.05407,0.0,-15.599355271967662,9.866545129779904
1.05,83244,photon,13,11.573054369785543,6,100000,0.96243,0.96243,0.03757,0.0,-18.737511113965535,10.803217845570638
1.05,83244,photon,13,11.573054369785543,7,100000,0.97381,0.97381,0.02619,0.0,-21.87283636961674,11.674580113701271
1.05,83244,photon,13,11.573054369785543,8,100000,0.98118,0.98118,0.01882,0.0,-24.984760053538242,12.488265512555747
1.05,83244,photon,13,11.573054369785543,9,100000,0.98681,0.98681,0.01319,0.0,-28.08781904387949,13.240431488580052
1.05,83244,photon,13,11.573054369785543,10,100000,0.99071,0.99071,0.00929,0.0,-31.202593419412622,13.964335655862516
1.05,83244,photon,13,11.573054369785543,11,100000,0.99343,0.99343,0.00657,0.0,-34.356366081220095,14.65687581339748
1.05,83244,photon,13,11.573054369785543,12,100000,0.99536,0.99536,0.00464,0.0,-37.51528420080392,15.300791826338735
1.05,83244,photon,14,11.660003001652942,1,100000,0.72433,0.72433,0.27567,0.0,-3.1282873622866085,4.407533269906582
1.05,83244,photon,14,11.660003001652942,2,100000,0.81777,0.81777,0.18223,0.0,-6.261953219132222,6.225001322390523
1.05,83244,photon,14,11.660003001652942,3,100000,0.87998,0.87998,0.12002,0.0,-9.398391485132116,7.616775492845966
1.05,83244,photon,14,11.660003001652942,4,100000,0.92286,0.92286,0.07714,0.0,-12.537364453905276,8.804209589161461
1.05,83244,photon,14,11.660003001652942,5,100000,0.94727,0.94727,0.05273,0.0,-15.653095373005574,9.841724122533101
1.05,83244,photon,14,11.660003001652942,6,100000,0.964,0.964,0.036,0.0,-18.780306463544743,10.75678633090991
1.05,83244,photon,14,11.660003001652942,7,100000,0.9748,0.9748,0.0252,0.0,-21.919641596714303,11.631448596639588
1.05,83244,photon,14,11.660003001652942,8,100000,0.98168,0.98168,0.01832,0.0,-25.036101326599024,12.448473227834754
1.05,83244,photon,14,11.660003001652942,9,100000,0.98696,0.98696,0.01304,0.0,-28.212121881796577,13.21649491954642
1.05,83244,photon,14,11.660003001652942,10,100000,0.99083,0.99083,0.00917,0.0,-31.334476568888483,13.909610753951949
1.05,83244,photon,14,11.660003001652942,11,100000,0.99338,0.99338,0.00662,0.0,-34.46871216255338,14.593202256993226
1.05,83244,photon,14,11.660003001652942,12,100000,0.99536,0.99536,0.00464,0.0,-37.59356851278706,15.242078044017928
1.05,83244,photon,15,11.747604880653032,1,100000,0.72484,0.72484,0.27516,0.0,-3.1180613349220083,4.401761874130922
1.05,83244,photon,15,11.747604880653032,2,100000,0.8171,0.8171,0.1829,0.0,-6.239262329474108,6.226474476060771
1.05,83244,photon,15,11.747604880653032,3,100000,0.88022,0.88022,0.11978,0.0,-9.36998159464791,7.636714902144419
1.05,83244,photon,15,11.747604880653032,4,100000,0.92135,0.92135,0.07865,0.0,-12.486452313105064,8.799808559836084
1.05,83244,photon,15,11.747604880653032,5,100000,0.94797,0.94797,0.05203,0.0,-15.607185422247607,9.843756331162494
1.05,83244,photon,15,11.747604880653032,6,100000,0.9641,0.9641,0.0359,0.0,-18.757033740281127,10.774310208952892
1.05,83244,photon,15,11.747604880653032,7,100000,0.97502,0.97502,0.02498,0.0,-21.90223213868127,11.651508259754793
1.05,83244,photon,15,11.747604880653032,8,100000,0.98231,0.98231,0.01769,0.0,-25.055631578716767,12.433765826451815
1.05,83244,photon,15,11.747604880653032,9,100000,0.98734,0.98734,0.01266,0.0,-28.162607819249416,13.181531730409423
1.05,83244,photon,15,11.747604880653032,10,100000,0.99119,0.99119,0.00881,0.0,-31.29561467610387,13.892398064513444
1.05,83244,photon,15,11.747604880653032,11,100000,0.99387,0.99387,0.00613,0.0,-34.44525199405972,14.562892235223723
1.05,83244,photon,15,11.747604880653032,12,100000,0.99515,0.99515,0.00485,0.0,-37.59207022654373,15.242438774883004
1.05,83244,photon,16,11.835864914647022,1,100000,0.72359,0.72359,0.27641,0.0,-3.124550303369704,4.40742606394025
1.05,83244,photon,16,11.835864914647022,2,100000,0.81866,0.81866,0.18134,0.0,-6.267126132766821,6.232826291004776
1.05,83244,photon,16,11.835864914647022,3,100000,0.88066,0.88066,0.11934,0.0,-9.431475300407959,7.645698109977418
1.05,83244,photon,16,11.835864914647022,4,100000,0.92347,0.92347,0.07653,0.0,-12.603622062212958,8.815483476688314
1.05,83244,photon,16,11.835864914647022,5,100000,0.94876,0.94876,0.05124,0.0,-15.746177840368519,9.859635462923217
1.05,83244,photon,16,11.835864914647022,6,100000,0.96401,0.96401,0.03599,0.0,-18.883805452466934,10.779456337677548
1.05,83244,photon,16,11.835864914647022,7,100000,0.97568,0.97568,0.02432,0.0,-22.017749270745153,11.618829569340521
1.05,83244,photon,16,11.835864914647022,8,100000,0.98281,0.98281,0.01719,0.0,-25.138459587798426,12.416614329824379
1.05,83244,photon,16,11.835864914647022,9,100000,0.98747,0.98747,0.01253,0.0,-28.28495302145576,13.174277480499748
1.05,83244,photon,16,11.835864914647022,10,100000,0.99103,0.99103,0.00897,0.0,-31.432797008626498,13.897255500252314
1.05,83244,photon,16,11.835864914647022,11,100000,0.99373,0.99373,0.00627,0.0,-34.579547585236796,14.573171605466335
1.05,83244,photon,16,11.835864914647022,12,100000,0.99561,0.99561,0.00439,0.0,-37.724689004926674,15.234608173757264
1.05,83244,photon,17,11.924788048368978,1,100000,0.72324,0.72324,0.27676,0.0,-3.1213925964212126,4.407067056642594
1.05,83244,photon,17,11.924788048368978,2,100000,0.8178,0.8178,0.1822,0.0,-6.246031878919423,6.2186483255497045
1.05,83244,photon,17,11.924788048368978,3,100000,0.8819,0.8819,0.1181,0.0,-9.377196259155117,7.602733380448209
1.05,83244,photon,17,11.924788048368978,4,100000,0.92317,0.92317,0.07683,0.0,-12.5233498155212,8.790697527530488
1.05,83244,photon,17,11.924788048368978,5,100000,0.94733,0.94733,0.05267,0.0,-15.661734365600138,9.837474317982334
1.05,83244,photon,17,11.924788048368978,6,100000,0.96364,0.96364,0.03636,0.0,-18.80990141517536,10.78649820701241
1.05,83244,photon,17,11.924788048368978,7,100000,0.97417,0.97417,0.02583,0.0,-21.962817885582187,11.673758354526045
1.05,83244,photon,17,11.924788048368978,8,100000,0.9813,0.9813,0.0187,0.0,-25.114907383669465,12.496404382470539
1.05,83244,photon,17,11.924788048368978,9,100000,0.98719,0.98719,0.01281,0.0,-28.270465929270905,13.232535042995112
1.05,83244,photon,17,11.924788048368978,10,100000,0.99066,0.99066,0.00934,0.0,-31.410803619936136,13.963543771121055
1.05,83244,photon,17,11.924788048368978,11,100000,0.99341,0.99341,0.00659,0.0,-34.55696123583781,14.653527832653172
1.05,83244,photon,17,11.924788048368978,12,100000,0.99486,0.99486,0.00514,0.0,-37.71778649569331,15.3036665857872
1.05,83244,photon,18,12.014379263702873,1,100000,0.7235,0.7235,0.2765,0.0,-3.112593959020105,4.405359785886138
1.05,83244,photon,18,12.014379263702873,2,100000,0.81712,0.81712,0.18288,0.0,-6.235326925864916,6.217287279489561
1.05,83244,photon,18,12.014379263702873,3,100000,0.87987,0.87987,0.12013,0.0,-9.355563176219956,7.603544547689055
1.05,83244,photon,18,12.014379263702873,4,100000,0.92228,0.92228,0.07772,0.0,-12.510274289080899,8.784062224019696
1.05,83244,photon,18,12.014379263702873,5,100000,0.94723,0.94723,0.05277,0.0,-15.660259027053767,9.839455013829685
1.05,83244,photon,18,12.014379263702873,6,100000,0.96369,0.96369,0.03631,0.0,-18.8077619299614,10.783491528197912
1.05,83244,photon,18,12.014379263702873,7,100000,0.97448,0.97448,0.02552,0.0,-21.96041521191301,11.660970378417765
1.05,83244,photon,18,12.014379263702873,8,100000,0.98125,0.98125,0.01875,0.0,-25.088744753627623,12.485973901424998
1.05,83244,photon,18,12.014379263702873,9,100000,0.98658,0.98658,0.01342,0.0,-28.206593485728064,13.238878954676384
1.05,83244,photon,18,12.014379263702873,10,100000,0.99036,0.99036,0.00964,0.0,-31.341917899079355,13.929647147169389
1.05,83244,photon,18,12.014379263702873,11,100000,0.99346,0.99346,0.00654,0.0,-34.477218110799626,14.60055738786725
1.05,83244,photon,18,12.014379263702873,12,100000,0.99528,0.99528,0.00472,0.0,-37.606432406285435,15.259875861452622
1.05,83244,photon,19,12.104643579961705,1,100000,0.7273,0.7273,0.2727,0.0,-3.158813171406553,4.409392619103079
1.05,83244,photon,19,12.104643579961705,2,100000,0.81872,0.81872,0.18128,0.0,-6.292319467621909,6.2282119044042386
1.05,83244,photon,19,12.104643579961705,3,100000,0.88149,0.88149,0.11851,0.0,-9.434534459785878,7.6394203487271515
1.05,83244,photon,19,12.104643579961705,4,100000,0.92381,0.92381,0.07619,0.0,-12.58438761730128,8.820053846747648
1.05,83244,photon,19,12.104643579961705,5,100000,0.94927,0.94927,0.05073,0.0,-15.750742118433626,9.843741810698527
1.05,83244,photon,19,12.104643579961705,6,100000,0.96488,0.96488,0.03512,0.0,-18.869216029806534,10.761679986163886
1.05,83244,photon,19,12.104643579961705,7,100000,0.97505,0.97505,0.02495,0.0,-22.00767298399035,11.640107537208813
1.05,83244,photon,19,12.104643579961705,8,100000,0.98231,0.98231,0.01769,0.0,-25.13855262001122,12.459078466972894
1.05,83244,photon,19,12.104643579961705,9,100000,0.98709,0.98709,0.01291,0.0,-28.271087980433794,13.2392265875925
1.05,83244,photon,19,12.104643579961705,10,100000,0.99124,0.99124,0.00876,0.0,-31.424320656628485,13.948579322740068
1.05,83244,photon,19,12.104643579961705,11,100000,0.99383,0.99383,0.00617,0.0,-34.596276487474604,14.626135525195975
1.05,83244,photon,19,12.104643579961705,12,100000,0.99523,0.99523,0.00477,0.0,-37.75257789975425,15.276360484835754
1.05,83244,su2,0,10.5,1,100000,0.82491,0.17509,0.82491,0.0,1.7393400328297348,1.743898339972142
1.05,83244,su2,0,10.5,2,100000,0.90785,0.09215,0.90785,0.0,3.4748502213331474,2.4532652475572934
1.05,83244,su2,0,10.5,3,100000,0.94307,0.05693,0.94307,0.0,5.204658934482102,3.0045407962974386
1.05,83244,su2,0,10.5,4,100000,0.96038,0.03962,0.96038,0.0,6.92878621970467,3.470307054402929
1.05,83244,su2,0,10.5,5,100000,0.97341,0.02659,0.97341,0.0,8.65189333689519,3.882628715687916
1.05,83244,su2,0,10.5,6,100000,0.98169,0.01831,0.98169,0.0,10.372315780246527,4.253428019800455
1.05,83244,su2,0,10.5,7,100000,0.98744,0.01256,0.98744,0.0,12.096168995635505,4.59604638592971
1.05,83244,su2,0,10.5,8,100000,0.99132,0.00868,0.99132,0.0,13.822156439334254,4.915057800674399
1.05,83244,su2,0,10.5,9,100000,0.9939,0.0061,0.9939,0.0,15.54439077496361,5.2125343160765025
1.05,83244,su2,0,10.5,10,100000,0.99582,0.00418,0.99582,0.0,17.263699341802056,5.504818986754194
1.05,83244,su2,0,10.5,11,100000,0.9969,0.0031,0.9969,0.0,18.99040712468514,5.783530743493945
1.05,83244,su2,0,10.5,12,100000,0.99784,0.00216,0.99784,0.0,20.71202365921667,6.035539205036305
1.05,83244,su2,1,12.013892726046072,1,100000,0.82403,0.17597,0.82403,0.0,1.7290349826425122,1.7518105962712494
1.05,83244,su2,1,12.013892726046072,2,100000,0.90559,0.09441,0.90559,0.0,3.4526607090515147,2.4791740608490977
1.05,83244,su2,1,12.013892726046072,3,100000,0.94091,0.05909,0.94091,0.0,5.176904441576065,3.027864733904301
1.05,83244,su2,1,12.013892726046072,4,100000,0.95897,0.04103,0.95897,0.0,6.896377643503921,3.4991031485890414
1.05,83244,su2,1,12.013892726046072,5,100000,0.97158,0.02842,0.97158,0.0,8.629953214981972,3.9133094298467386
1.05,83244,su2,1,12.013892726046072,6,100000,0.98049,0.01951,0.98049,0.0,10.344890729003932,4.286414566331595
1.05,83244,su2,1,12.013892726046072,7,100000,0.98611,0.01389,0.98611,0.0,12.056724491586174,4.63806034077112
1.05,83244,su2,1,12.013892726046072,8,100000,0.99059,0.00941,0.99059,0.0,13.770814249794665,4.971392531214061
1.05,83244,su2,1,12.013892726046072,9,100000,0.99335,0.00665,0.99335,0.0,15.485884288810231,5.274809060014263
1.05,83244,su2,1,12.013892726046072,10,100000,0.99526,0.00474,0.99526,0.0,17.195225759231292,5.5563178812545795
1.05,83244,su2,1,12.013892726046072,11,100000,0.99659,0.00341,0.99659,0.0,18.902093409729417,5.834684853932131
1.05,83244,su2,1,12.013892726046072,12,100000,0.99755,0.00245,0.99755,0.0,20.61000167291982,6.093559242297412
1.05,83244,su2,2,13.74605889837549,1,100000,0.82357,0.17643,0.82357,0.0,1.7239208523234184,1.7489244334357537
1.05,83244,su2,2,13.74605889837549,2,100000,0.90417,0.09583,0.90417,0.0,3.437492170786888,2.4864041116359186
1.05,83244,su2,2,13.74605889837549,3,100000,0.93922,0.06078,0.93922,0.0,5.146724541467135,3.0451823063195125
1.05,83244,su2,2,13.74605889837549,4,100000,0.95693,0.04307,0.95693,0.0,6.845166600192797,3.5193075976457537
1.05,83244,su2,2,13.74605889837549,5,100000,0.97027,0.02973,0.97027,0.0,8.549832655168284,3.9459400633843487
1.05,83244,su2,2,13.74605889837549,6,100000,0.97943,0.02057,0.97943,0.0,10.257896153123886,4.322874193097966
1.05,83244,su2,2,13.74605889837549,7,100000,0.98544,0.01456,0.98544,0.0,11.965636096540809,4.66286994130268
1.05,83244,su2,2,13.74605889837549,8,100000,0.98981,0.01019,0.98981,0.0,13.674934325554592,4.976609824302685
1.05,83244,su2,2,13.74605889837549,9,100000,0.99272,0.00728,0.99272,0.0,15.376432432277118,5.280460806065225
1.05,83244,su2,2,13.74605889837549,10,100000,0.99465,0.00535,0.99465,0.0,17.077564822231246,5.568007813224165
1.05,83244,su2,2,13.74605889837549,11,100000,0.99622,0.00378,0.99622,0.0,18.77922818038166,5.842217405048776
1.05,83244,su2,2,13.74605889837549,12,100000,0.99746,0.00254,0.99746,0.0,20.485055812983365,6.093477875214853
1.05,83244,su2,3,15.727969239142302,1,100000,0.82329,0.17671,0.82329,0.0,1.7257319384174614,1.7544061063766614
1.05,83244,su2,3,15.727969239142302,2,100000,0.90437,0.09563,0.90437,0.0,3.432971407085332,2.4940841591941783
1.05,83244,su2,3,15.727969239142302,3,100000,0.93869,0.06131,0.93869,0.0,5.136780636041114,3.0616883866799482
1.05,83244,su2,3,15.727969239142302,4,100000,0.95685,0.04315,0.95685,0.0,6.843522733195406,3.5347170309002447
1.05,83244,su2,3,15.727969239142302,5,100000,0.96997,0.03003,0.96997,0.0,8.530850939066129,3.9520897370114
1.05,83244,su2,3,15.727969239142302,6,100000,0.97937,0.02063,0.97937,0.0,10.233419757942041,4.323683843642451
1.05,83244,su2,3,15.727969239142302,7,100000,0.98545,0.01455,0.98545,0.0,11.920105259759566,4.6731995813458855
1.05,83244,su2,3,15.727969239142302,8,100000,0.99012,0.00988,0.99012,0.0,13.611755561914956,4.9899368439984295
1.05,83244,su2,3,15.727969239142302,9,100000,0.99267,0.00733,0.99267,0.0,15.304729287049208,5.295253183576623
1.05,83244,su2,3,15.727969239142302,10,100000,0.99453,0.00547,0.99453,0.0,17.003491636041794,5.582908651984541
1.05,83244,su2,3,15.727969239142302,11,100000,0.99632,0.00368,0.99632,0.0,18.70191950287087,5.847532333972298
1.05,83244,su2,3,15.727969239142302,12,100000,0.99748,0.00252,0.99748,0.0,20.39259867003061,6.113274521572886
1.05,83244,su2,4,17.995631927391237,1,100000,0.82104,0.17896,0.82104,0.0,1.715273862773687,1.755179283665998
1.05,83244,su2,4,17.995631927391237,2,100000,0.90234,0.09766,0.90234,0.0,3.424903037739679,2.4954801372909023
1.05,83244,su2,4,17.995631927391237,3,100000,0.93758,0.06242,0.93758,0.0,5.123013644782489,3.0555304123296407
1.05,83244,su2,4,17.995631927391237,4,100000,0.95554,0.04446,0.95554,0.0,6.812776164761546,3.5383608798923967
1.05,83244,su2,4,17.995631927391237,5,100000,0.96916,0.03084,0.96916,0.0,8.502091240625903,3.950217886024884
1.05,83244,su2,4,17.995631927391237,6,100000,0.97893,0.02107,0.97893,0.0,10.192276770190215,4.3288322074510805
1.05,83244,su2,4,17.995631927391237,7,100000,0.98534,0.01466,0.98534,0.0,11.883522259130709,4.686426467882487
1.05,83244,su2,4,17.995631927391237,8,100000,0.98941,0.01059,0.98941,0.0,13.580600108901784,5.007644006252349
1.05,83244,su2,4,17.995631927391237,9,100000,0.99238,0.00762,0.99238,0.0,15.272843683489098,5.316722222512129
1.05,83244,su2,4,17.995631927391237,10,100000,0.9946,0.0054,0.9946,0.0,16.974386399748443,5.591035226257001
1.05,83244,su2,4,17.995631927391237,11,100000,0.99636,0.00364,0.99636,0.0,18.666864574385475,5.8672617299074
1.05,83244,su2,4,17.995631927391237,12,100000,0.99747,0.00253,0.99747,0.0,20.354949637935345,6.137313705020779
1.05,83244,su2,5,20.59024681077029,1,100000,0.822,0.178,0.822,0.0,1.7156460312497743,1.763108453312312
1.05,83244,su2,5,20.59024681077029,2,100000,0.90172,0.09828,0.90172,0.0,3.4180263286698724,2.4972105509899607
1.05,83244,su2,5,20.59024681077029,3,100000,0.93742,0.06258,0.93742,0.0,5.1139576077654505,3.0705996226633916
1.05,83244,su2,5,20.59024681077029,4,100000,0.9553,0.0447,0.9553,0.0,6.813493045794018,3.5510608780159125
1.05,83244,su2,5,20.59024681077029,5,100000,0.96909,0.03091,0.96909,0.0,8.508643530702242,3.963440645780076
1.05,83244,su2,5,20.59024681077029,6,100000,0.97781,0.02219,0.97781,0.0,10.202866411190291,4.352336448028791
1.05,83244,su2,5,20.59024681077029,7,100000,0.98425,0.01575,0.98425,0.0,11.890395384003007,4.700627941115648
1.05,83244,su2,5,20.59024681077029,8,100000,0.98889,0.01111,0.98889,0.0,13.583390882355152,5.022471838667968
1.05,83244,su2,5,20.59024681077029,9,100000,0.99259,0.00741,0.99259,0.0,15.281886315015317,5.320893394378354
1.05,83244,su2,5,20.59024681077029,10,100000,0.99453,0.00547,0.99453,0.0,16.967893132844022,5.615137771725332
1.05,83244,su2,5,20.59024681077029,11,100000,0.99598,0.00402,0.99598,0.0,18.655484291028642,5.893234584741127
1.05,83244,su2,5,20.59024681077029,12,100000,0.997,0.003,0.997,0.0,20.353459471748643,6.162374600851319
1.05,83244,su2,6,23.558953941657748,1,100000,0.82214,0.17786,0.82214,0.0,1.7162463378435118,1.7662530986894236
1.05,83244,su2,6,23.558953941657748,2,100000,0.90251,0.09749,0.90251,0.0,3.4088344639053485,2.5042087206719192
1.05,83244,su2,6,23.558953941657748,3,100000,0.93688,0.06312,0.93688,0.0,5.09101317723535,3.075657075404856
1.05,83244,su2,6,23.558953941657748,4,100000,0.95426,0.04574,0.95426,0.0,6.777010402671319,3.555845459461813
1.05,83244,su2,6,23.558953941657748,5,100000,0.96833,0.03167,0.96833,0.0,8.461666611595563,3.9750971133466897
1.05,83244,su2,6,23.558953941657748,6,100000,0.97723,0.02277,0.97723,0.0,10.151772259327855,4.350589964500218
1.05,83244,su2,6,23.558953941657748,7,100000,0.98362,0.01638,0.98362,0.0,11.83774608840383,4.710154958841323
1.05,83244,su2,6,23.558953941657748,8,100000,0.98865,0.01135,0.98865,0.0,13.519203349214699,5.028981838333739
1.05,83244,su2,6,23.558953941657748,9,100000,0.99232,0.00768,0.99232,0.0,15.196026552278337,5.3279517480664955
1.05,83244,su2,6,23.558953941657748,10,100000,0.99451,0.00549,0.99451,0.0,16.87622637615549,5.624060581400026
1.05,83244,su2,6,23.558953941657748,11,100000,0.99567,0.00433,0.99567,0.0,18.560391908392653,5.901744629690651
1.05,83244,su2,6,23.558953941657748,12,100000,0.99697,0.00303,0.99697,0.0,20.246148148385387,6.164166688570916
1.05,83244,su2,7,26.95569003742252,1,100000,0.81599,0.18401,0.81599,0.0,1.6978312166775307,1.7694717234441555
1.05,83244,su2,7,26.95569003742252,2,100000,0.8992,0.1008,0.8992,0.0,3.3816555439720988,2.509084759725297
1.05,83244,su2,7,26.95569003742252,3,100000,0.93807,0.06193,0.93807,0.0,5.073824371618383,3.0588939426828814
1.05,83244,su2,7,26.95569003742252,4,100000,0.95579,0.04421,0.95579,0.0,6.753760982905868,3.5373934051750995
1.05,83244,su2,7,26.95569003742252,5,100000,0.96841,0.03159,0.96841,0.0,8.435473927954499,3.9625844757892312
1.05,83244,su2,7,26.95569003742252,6,100000,0.97749,0.02251,0.97749,0.0,10.119361652612723,4.3458177571479775
1.05,83244,su2,7,26.95569003742252,7,100000,0.98393,0.01607,0.98393,0.0,11.795894301641313,4.695027048916591
1.05,83244,su2,7,26.95569003742252,8,100000,0.98818,0.01182,0.98818,0.0,13.47413165188211,5.029634206398576
1.05,83244,su2,7,26.95569003742252,9,100000,0.99166,0.00834,0.99166,0.0,15.149455596511224,5.339854226465566
1.05,83244,su2,7,26.95569003742252,10,100000,0.99411,0.00589,0.99411,0.0,16.817035601545264,5.633924064518394
1.05,83244,su2,7,26.95569003742252,11,100000,0.99585,0.00415,0.99585,0.0,18.485213158284182,5.91544863950775
1.05,83244,su2,7,26.95569003742252,12,100000,0.9972,0.0028,0.9972,0.0,20.161745591676834,6.185237961252796
1.05,83244,su2,8,30.842168425346934,1,100000,0.81809,0.18191,0.81809,0.0,1.695738974827391,1.7854339431268615
1.05,83244,su2,8,30.842168425346934,2,100000,0.90145,0.09855,0.90145,0.0,3.395588222848333,2.5129199770154087
1.05,83244,su2,8,30.842168425346934,3,100000,0.93634,0.06366,0.93634,0.0,5.079212086787165,3.0841864430987402
1.05,83244,su2,8,30.842168425346934,4,100000,0.95356,0.04644,0.95356,0.0,6.765522108446263,3.562648014571296
1.05,83244,su2,8,30.842168425346934,5,100000,0.96767,0.03233,0.96767,0.0,8.45221692854306,3.9838091779773035
1.05,83244,su2,8,30.842168425346934,6,100000,0.97747,0.02253,0.97747,0.0,10.132705899818978,4.3627339003198005
1.05,83244,su2,8,30.842168425346934,7,100000,0.98452,0.01548,0.98452,0.0,11.80930449314668,4.707169464987217
1.05,83244,su2,8,30.842168425346934,8,100000,0.98834,0.01166,0.98834,0.0,13.48593831089913,5.045120657618055
1.05,83244,su2,8,30.842168425346934,9,100000,0.99164,0.00836,0.99164,0.0,15.170772786983235,5.351373756887881
1.05,83244,su2,8,30.842168425346934,10,100000,0.99384,0.00616,0.99384,0.0,16.84712847682738,5.642365049348571
1.05,83244,su2,8,30.842168425346934,11,100000,0.99575,0.00425,0.99575,0.0,18.52803027911927,5.914171806506512
1.05,83244,su2,8,30.842168425346934,12,100000,0.99685,0.00315,0.99685,0.0,20.215663511926184,6.1754633348895505
1.05,83244,su2,9,35.28900027626318,1,100000,0.81857,0.18143,0.81857,0.0,1.7034698214974808,1.7817536642562621
1.05,83244,su2,9,35.28900027626318,2,100000,0.89947,0.10053,0.89947,0.0,3.383257556979895,2.526752852609676
1.05,83244,su2,9,35.28900027626318,3,100000,0.93575,0.06425,0.93575,0.0,5.060660597897406,3.0797906329423075
1.05,83244,su2,9,35.28900027626318,4,100000,0.95343,0.04657,0.95343,0.0,6.740594166969831,3.5696151448410727
1.05,83244,su2,9,35.28900027626318,5,100000,0.96784,0.03216,0.96784,0.0,8.417048686347371,3.9849461203803025
1.05,83244,su2,9,35.28900027626318,6,100000,0.97749,0.02251,0.97749,0.0,10.100923315513214,4.364610450904958
1.05,83244,su2,9,35.28900027626318,7,100000,0.98355,0.01645,0.98355,0.0,11.777611605808273,4.716191155769024
1.05,83244,su2,9,35.28900027626318,8,100000,0.98813,0.01187,0.98813,0.0,13.45600127671337,5.041309160297045
1.05,83244,su2,9,35.28900027626318,9,100000,0.99174,0.00826,0.99174,0.0,15.125281891384695,5.34904381323172
1.05,83244,su2,9,35.28900027626318,10,100000,0.99379,0.00621,0.99379,0.0,16.794819287697468,5.652112865199508
1.05,83244,su2,9,35.28900027626318,11,100000,0.99543,0.00457,0.99543,0.0,18.464654355399272,5.92729416699046
1.05,83244,su2,9,35.28900027626318,12,100000,0.99675,0.00325,0.99675,0.0,20.14489414658456,6.197073648540169
1.05,83244,su2,10,40.376977497946264,1,100000,0.81804,0.18196,0.81804,0.0,1.701231986419284,1.7746430457054394
1.05,83244,su2,10,40.376977497946264,2,100000,0.90111,0.09889,0.90111,0.0,3.394972931392786,2.511995586622819
1.05,83244,su2,10,40.376977497946264,3,100000,0.93606,0.06394,0.93606,0.0,5.077169661676728,3.0804132985557877
1.05,83244,su2,10,40.376977497946264,4,100000,0.95456,0.04544,0.95456,0.0,6.757553487349355,3.5652492972064147
1.05,83244,su2,10,40.376977497946264,5,100000,0.96713,0.03287,0.96713,0.0,8.431156869548717,3.988416982558897
1.05,83244,su2,10,40.376977497946264,6,100000,0.97624,0.02376,0.97624,0.0,10.10596353711304,4.376466993756902
1.05,83244,su2,10,40.376977497946264,7,100000,0.98292,0.01708,0.98292,0.0,11.778989593184521,4.729396333782397
1.05,83244,su2,10,40.376977497946264,8,100000,0.98758,0.01242,0.98758,0.0,13.451955553412605,5.0588591980909365
1.05,83244,su2,10,40.376977497946264,9,100000,0.99124,0.00876,0.99124,0.0,15.120256648301709,5.367757568230738
1.05,83244,su2,10,40.376977497946264,10,100000,0.99389,0.00611,0.99389,0.0,16.790240478840843,5.652898299021945
1.05,83244,su2,10,40.376977497946264,11,100000,0.99593,0.00407,0.99593,0.0,18.46043540128685,5.922928120884659
1.05,83244,su2,10,40.376977497946264,12,100000,0.99706,0.00294,0.99706,0.0,20.13711524116877,6.188870294204382
1.05,83244,su2,11,46.19854059640977,1,100000,0.81763,0.18237,0.81763,0.0,1.6934178033743368,1.7891419491890355
1.05,83244,su2,11,46.19854059640977,2,100000,0.89915,0.10085,0.89915,0.0,3.3732123194414143,2.540335797098556
1.05,83244,su2,11,46.19854059640977,3,100000,0.93495,0.06505,0.93495,0.0,5.054457382947652,3.0981320993462376
1.05,83244,su2,11,46.19854059640977,4,100000,0.95243,0.04757,0.95243,0.0,6.738805735206561,3.5811888299223025
1.05,83244,su2,11,46.19854059640977,5,100000,0.96656,0.03344,0.96656,0.0,8.412419915722712,4.01608421203149
1.05,83244,su2,11,46.19854059640977,6,100000,0.97541,0.02459,0.97541,0.0,10.078874866178516,4.398936981544329
1.05,83244,su2,11,46.19854059640977,7,100000,0.98282,0.01718,0.98282,0.0,11.756010772921096,4.746157982341192
1.05,83244,su2,11,46.19854059640977,8,100000,0.98772,0.01228,0.98772,0.0,13.43523869925825,5.073117591718082
1.05,83244,su2,11,46.19854059640977,9,100000,0.99137,0.00863,0.99137,0.0,15.102198270131073,5.3743391775170535
1.05,83244,su2,11,46.19854059640977,10,100000,0.99386,0.00614,0.99386,0.0,16.769938354539658,5.670513052531027
1.05,83244,su2,11,46.19854059640977,11,100000,0.99561,0.00439,0.99561,0.0,18.42902029949234,5.943918549046271
1.05,83244,su2,11,46.19854059640977,12,100000,0.99687,0.00313,0.99687,0.0,20.098541354476,6.203870241363169
1.05,83244,su2,12,52.85945817382395,1,100000,0.81796,0.18204,0.81796,0.0,1.6966618250522603,1.7813724110821116
1.05,83244,su2,12,52.85945817382395,2,100000,0.89741,0.10259,0.89741,0.0,3.3643956961186614,2.5417387490395367
1.05,83244,su2,12,52.85945817382395,3,100000,0.9331,0.0669,0.9331,0.0,5.036949311462454,3.1114862799905176
1.05,83244,su2,12,52.85945817382395,4,100000,0.95159,0.04841,0.95159,0.0,6.702382096512379,3.595981487801111
1.05,83244,su2,12,52.85945817382395,5,100000,0.96542,0.03458,0.96542,0.0,8.376467281020858,4.029401120218786
1.05,83244,su2,12,52.85945817382395,6,100000,0.97598,0.02402,0.97598,0.0,10.040566621228804,4.398973063449649
1.05,83244,su2,12,52.85945817382395,7,100000,0.98256,0.01744,0.98256,0.0,11.710001732231746,4.745977731323965
1.05,83244,su2,12,52.85945817382395,8,100000,0.98756,0.01244,0.98756,0.0,13.37847847745157,5.083468165194545
1.05,83244,su2,12,52.85945817382395,9,100000,0.99129,0.00871,0.99129,0.0,15.048085451889436,5.399800170999863
1.05,83244,su2,12,52.85945817382395,10,100000,0.99384,0.00616,0.99384,0.0,16.712630965854935,5.68746990084132
1.05,83244,su2,12,52.85945817382395,11,100000,0.99569,0.00431,0.99569,0.0,18.37373195908143,5.960682833262264
1.05,83244,su2,12,52.85945817382395,12,100000,0.99691,0.00309,0.99691,0.0,20.02925118569016,6.222497798456409
1.05,83244,su2,13,60.48074857687998,1,100000,0.81723,0.18277,0.81723,0.0,1.6935784720399298,1.7852989844853462
1.05,83244,su2,13,60.48074857687998,2,100000,0.89893,0.10107,0.89893,0.0,3.3647104631506446,2.531190833613111
1.05,83244,su2,13,60.48074857687998,3,100000,0.93381,0.06619,0.93381,0.0,5.0369320004451295,3.105236138051027
1.05,83244,su2,13,60.48074857687998,4,100000,0.95254,0.04746,0.95254,0.0,6.706973303749481,3.5822741194958376
1.05,83244,su2,13,60.48074857687998,5,100000,0.966,0.034,0.966,0.0,8.368220437453147,4.002030052562553
1.05,83244,su2,13,60.48074857687998,6,100000,0.97581,0.02419,0.97581,0.0,10.036131412283114,4.398266339559774
1.05,83244,su2,13,60.48074857687998,7,100000,0.98242,0.01758,0.98242,0.0,11.696391220487172,4.748650973778752
1.05,83244,su2,13,60.48074857687998,8,100000,0.9876,0.0124,0.9876,0.0,13.367406763147113,5.077682427093604
1.05,83244,su2,13,60.48074857687998,9,100000,0.9912,0.0088,0.9912,0.0,15.0394505589519,5.382085077504278
1.05,83244,su2,13,60.48074857687998,10,100000,0.99361,0.00639,0.99361,0.0,16.711479866297147,5.669239875850404
1.05,83244,su2,13,60.48074857687998,11,100000,0.99563,0.00437,0.99563,0.0,18.377553460395966,5.952296150177838
1.05,83244,su2,13,60.48074857687998,12,100000,0.99674,0.00326,0.99674,0.0,20.041118429987147,6.215088504409547
1.05,83244,su2,14,69.20087860891422,1,100000,0.81542,0.18458,0.81542,0.0,1.678385920861696,1.8029871316411932
1.05,83244,su2,14,69.20087860891422,2,100000,0.89626,0.10374,0.89626,0.0,3.355117005293723,2.5466596425087697
1.05,83244,su2,14,69.20087860891422,3,100000,0.93227,0.06773,0.93227,0.0,5.019394704886897,3.1201717293265707
1.05,83244,su2,14,69.20087860891422,4,100000,0.95193,0.04807,0.95193,0.0,6.691700703686778,3.5952827792256756
1.05,83244,su2,14,69.20087860891422,5,100000,0.96582,0.03418,0.96582,0.0,8.355981740943031,4.020039993376514
1.05,83244,su2,14,69.20087860891422,6,100000,0.97584,0.02416,0.97584,0.0,10.014737966725658,4.404705471632824
1.05,83244,su2,14,69.20087860891422,7,100000,0.98224,0.01776,0.98224,0.0,11.681841294088171,4.757724283524069
1.05,83244,su2,14,69.20087860891422,8,100000,0.98734,0.01266,0.98734,0.0,13.344978439020503,5.090460841888851
1.05,83244,su2,14,69.20087860891422,9,100000,0.99059,0.00941,0.99059,0.0,14.993819727978519,5.405341882830726
1.05,83244,su2,14,69.20087860891422,10,100000,0.99369,0.00631,0.99369,0.0,16.666930597491355,5.698676840915775
1.05,83244,su2,14,69.20087860891422,11,100000,0.99562,0.00438,0.99562,0.0,18.335919447540032,5.974178689104332
1.05,83244,su2,14,69.20087860891422,12,100000,0.99707,0.00293,0.99707,0.0,19.99151580076596,6.239758403558436
1.05,83244,su2,15,79.17827925291732,1,100000,0.81684,0.18316,0.81684,0.0,1.6896480999915096,1.7846337554882734
1.05,83244,su2,15,79.17827925291732,2,100000,0.89745,0.10255,0.89745,0.0,3.3718701189405285,2.5406119693986873
1.05,83244,su2,15,79.17827925291732,3,100000,0.9334,0.0666,0.9334,0.0,5.036019844288434,3.1095557897159027
1.05,83244,su2,15,79.17827925291732,4,100000,0.95214,0.04786,0.95214,0.0,6.7031193183532105,3.5929349517402143
1.05,83244,su2,15,79.17827925291732,5,100000,0.96505,0.03495,0.96505,0.0,8.371593643613695,4.029673192904383
1.05,83244,su2,15,79.17827925291732,6,100000,0.97493,0.02507,0.97493,0.0,10.03105724872078,4.410794699305159
1.05,83244,su2,15,79.17827925291732,7,100000,0.98175,0.01825,0.98175,0.0,11.6992558983535,4.759175481523747
1.05,83244,su2,15,79.17827925291732,8,100000,0.9871,0.0129,0.9871,0.0,13.36596794477795,5.090687132280975
1.05,83244,su2,15,79.17827925291732,9,100000,0.99096,0.00904,0.99096,0.0,15.027385296748404,5.401472710047846
1.05,83244,su2,15,79.17827925291732,10,100000,0.99336,0.00664,0.99336,0.0,16.676641655090222,5.699291616901841
1.05,83244,su2,15,79.17827925291732,11,100000,0.99512,0.00488,0.99512,0.0,18.343213301788822,5.975977017059682
1.05,83244,su2,15,79.17827925291732,12,100000,0.9964,0.0036,0.9964,0.0,20.003474118024556,6.248590553084505
1.05,83244,su2,16,90.5942241121398,1,100000,0.81614,0.18386,0.81614,0.0,1.6829640420252039,1.7945698841582807
1.05,83244,su2,16,90.5942241121398,2,100000,0.89698,0.10302,0.89698,0.0,3.3476642738886806,2.5434481294389313
1.05,83244,su2,16,90.5942241121398,3,100000,0.93352,0.06648,0.93352,0.0,5.015877814823294,3.1035115014607726
1.05,83244,su2,16,90.5942241121398,4,100000,0.95187,0.04813,0.95187,0.0,6.679593760908023,3.587858512378894
1.05,83244,su2,16,90.5942241121398,5,100000,0.96581,0.03419,0.96581,0.0,8.346356272353876,4.0030802813167075
1.05,83244,su2,16,90.5942241121398,6,100000,0.9754,0.0246,0.9754,0.0,10.008473829956616,4.380420970695548
1.05,83244,su2,16,90.5942241121398,7,100000,0.98241,0.01759,0.98241,0.0,11.670526946247941,4.744940689371883
1.05,83244,su2,16,90.5942241121398,8,100000,0.98765,0.01235,0.98765,0.0,13.329678923529368,5.064730533064952
1.05,83244,su2,16,90.5942241121398,9,100000,0.99112,0.00888,0.99112,0.0,14.988463715083011,5.37204964600148
1.05,83244,su2,16,90.5942241121398,10,100000,0.99353,0.00647,0.99353,0.0,16.648638098140385,5.665691799426766
1.05,83244,su2,16,90.5942241121398,11,100000,0.9954,0.0046,0.9954,0.0,18.32034418669854,5.949830702764994
1.05,83244,su2,16,90.5942241121398,12,100000,0.99685,0.00315,0.99685,0.0,19.99005150545875,6.207581315353138
1.05,83244,su2,17,103.65612286501181,1,100000,0.812,0.188,0.812,0.0,1.667135766558334,1.8051034794815681
1.05,83244,su2,17,103.65612286501181,2,100000,0.89569,0.10431,0.89569,0.0,3.33680195254355,2.544003103895552
1.05,83244,su2,17,103.65612286501181,3,100000,0.93209,0.06791,0.93209,0.0,5.008705434362163,3.109981078662122
1.05,83244,su2,17,103.65612286501181,4,100000,0.95093,0.04907,0.95093,0.0,6.666550354282441,3.596768030704169
1.05,83244,su2,17,103.65612286501181,5,100000,0.96526,0.03474,0.96526,0.0,8.330922279596123,4.017262818166882
1.05,83244,su2,17,103.65612286501181,6,100000,0.97552,0.02448,0.97552,0.0,9.984355556207875,4.401556589754622
1.05,83244,su2,17,103.65612286501181,7,100000,0.98263,0.01737,0.98263,0.0,11.650457150905693,4.758912756817035
1.05,83244,su2,17,103.65612286501181,8,100000,0.98693,0.01307,0.98693,0.0,13.306750450963364,5.092732169602329
1.05,83244,su2,17,103.65612286501181,9,100000,0.99097,0.00903,0.99097,0.0,14.966822474128385,5.40086686703549
1.05,83244,su2,17,103.65612286501181,10,100000,0.99351,0.00649,0.99351,0.0,16.620668841860535,5.683197014252109
1.05,83244,su2,17,103.65612286501181,11,100000,0.99542,0.00458,0.99542,0.0,18.286049000818224,5.959716688501567
1.05,83244,su2,17,103.65612286501181,12,100000,0.9965,0.0035,0.9965,0.0,19.94943636304875,6.2269818499475225
1.05,83244,su2,18,118.60128957124793,1,100000,0.81725,0.18275,0.81725,0.0,1.691973852195349,1.7881919594737177
1.05,83244,su2,18,118.60128957124793,2,100000,0.89863,0.10137,0.89863,0.0,3.3683329800929096,2.529167217681711
1.05,83244,su2,18,118.60128957124793,3,100000,0.93356,0.06644,0.93356,0.0,5.043556041737159,3.09341968468689
1.05,83244,su2,18,118.60128957124793,4,100000,0.95337,0.04663,0.95337,0.0,6.714424245546338,3.5726923975949414
1.05,83244,su2,18,118.60128957124793,5,100000,0.96678,0.03322,0.96678,0.0,8.38526320774108,3.9915860824383174
1.05,83244,su2,18,118.60128957124793,6,100000,0.97636,0.02364,0.97636,0.0,10.046952103108827,4.385952845724619
1.05,83244,su2,18,118.60128957124793,7,100000,0.9827,0.0173,0.9827,0.0,11.714317502762992,4.743628725838692
1.05,83244,su2,18,118.60128957124793,8,100000,0.98748,0.01252,0.98748,0.0,13.382313744364286,5.066999345030666
1.05,83244,su2,18,118.60128957124793,9,100000,0.99134,0.00866,0.99134,0.0,15.042511311580597,5.3776801895656465
1.05,83244,su2,18,118.60128957124793,10,100000,0.99344,0.00656,0.99344,0.0,16.698856874144674,5.675436875614109
1.05,83244,su2,18,118.60128957124793,11,100000,0.99534,0.00466,0.99534,0.0,18.360038696502258,5.952914362126209
1.05,83244,su2,18,118.60128957124793,12,100000,0.99653,0.00347,0.99653,0.0,20.023350586405595,6.214815743388544
1.05,83244,su2,19,135.70125429330454,1,100000,0.81585,0.18415,0.81585,0.0,1.6851517331709076,1.7964686007045736
1.05,83244,su2,19,135.70125429330454,2,100000,0.89859,0.10141,0.89859,0.0,3.3495379877321136,2.5418589858209892
1.05,83244,su2,19,135.70125429330454,3,100000,0.93371,0.06629,0.93371,0.0,5.013978397958892,3.105409248308521
1.05,83244,su2,19,135.70125429330454,4,100000,0.95096,0.04904,0.95096,0.0,6.671057350768004,3.6002380507687244
1.05,83244,su2,19,135.70125429330454,5,100000,0.9653,0.0347,0.9653,0.0,8.327543242544868,4.024503989718694
1.05,83244,su2,19,135.70125429330454,6,100000,0.97469,0.02531,0.97469,0.0,9.983951333498725,4.409666783316554
1.05,83244,su2,19,135.70125429330454,7,100000,0.98207,0.01793,0.98207,0.0,11.642089468134388,4.7593900061134224
1.05,83244,su2,19,135.70125429330454,8,100000,0.98756,0.01244,0.98756,0.0,13.294657896977567,5.087985001617305
1.05,83244,su2,19,135.70125429330454,9,100000,0.99122,0.00878,0.99122,0.0,14.958161597280677,5.386081965936143
1.05,83244,su2,19,135.70125429330454,10,100000,0.99366,0.00634,0.99366,0.0,16.61661045010319,5.6819724431398315
1.05,83244,su2,19,135.70125429330454,11,100000,0.99524,0.00476,0.99524,0.0,18.281418290576674,5.962677656606017
1.05,83244,su2,19,135.70125429330454,12,100000,0.99651,0.00349,0.99651,0.0,19.94484116124849,6.230581916149837
1.05,93247,photon,0,10.5,1,100000,0.72121,0.72121,0.27879,0.0,-3.082685263487785,4.394142570318864
1.05,93247,photon,0,10.5,2,100000,0.81399,0.81399,0.18601,0.0,-6.157439131904021,6.21102898588801
1.05,93247,photon,0,10.5,3,100000,0.87663,0.87663,0.12337,0.0,-9.228754859832682,7.620214972191924
1.05,93247,photon,0,10.5,4,100000,0.91941,0.91941,0.08059,0.0,-12.304513439921141,8.797400725250364
1.05,93247,photon,0,10.5,5,100000,0.94507,0.94507,0.05493,0.0,-15.37926492217997,9.81705493872076
1.05,93247,photon,0,10.5,6,100000,0.96209,0.96209,0.03791,0.0,-18.458822518988157,10.745053579898117
1.05,93247,photon,0,10.5,7,100000,0.9728,0.9728,0.0272,0.0,-21.53929218447456,11.617866065841845
1.05,93247,photon,0,10.5,8,100000,0.98005,0.98005,0.01995,0.0,-24.615036253704723,12.448524566215042
1.05,93247,photon,0,10.5,9,100000,0.98561,0.98561,0.01439,0.0,-27.662455223478762,13.215770915535742
1.05,93247,photon,0,10.5,10,100000,0.98992,0.98992,0.01008,0.0,-30.765512410903252,13.936484414012346
1.05,93247,photon,0,10.5,11,100000,0.99259,0.99259,0.00741,0.0,-33.8289180852138,14.603285536570091
1.05,93247,photon,0,10.5,12,100000,0.99434,0.99434,0.00566,0.0,-36.88627279360807,15.238993313357375
1.05,93247,photon,1,10.578886748946001,1,100000,0.72145,0.72145,0.27855,0.0,-3.0710530438804544,4.384744241745251
1.05,93247,photon,1,10.578886748946001,2,100000,0.81421,0.81421,0.18579,0.0,-6.149714380275793,6.2015185544394
1.05,93247,photon,1,10.578886748946001,3,100000,0.87798,0.87798,0.12202,0.0,-9.22289209601079,7.586837655000507
1.05,93247,photon,1,10.578886748946001,4,100000,0.9199,0.9199,0.0801,0.0,-12.29556276637338,8.760091491074078
1.05,93247,photon,1,10.578886748946001,5,100000,0.9444,0.9444,0.0556,0.0,-15.376838748411247,9.801740970096567
1.05,93247,photon,1,10.578886748946001,6,100000,0.96154,0.96154,0.03846,0.0,-18.457192348633956,10.761792430219085
1.05,93247,photon,1,10.578886748946001,7,100000,0.97259,0.97259,0.02741,0.0,-21.542826993418945,11.62829640934658
1.05,93247,photon,1,10.578886748946001,8,100000,0.98075,0.98075,0.01925,0.0,-24.612961972755702,12.411988357080912
1.05,93247,photon,1,10.578886748946001,9,100000,0.98601,0.98601,0.01399,0.0,-27.718294610685636,13.171174519427893
1.05,93247,photon,1,10.578886748946001,10,100000,0.98993,0.98993,0.01007,0.0,-30.81940201403468,13.885769614713304
1.05,93247,photon,1,10.578886748946001,11,100000,0.99293,0.99293,0.00707,0.0,-33.90588293949059,14.552549227151953
1.05,93247,photon,1,10.578886748946001,12,100000,0.99489,0.99489,0.00511,0.0,-37.00783926601437,15.214453216141463
1.05,93247,photon,2,10.658366175907164,1,100000,0.72016,0.72016,0.27984,0.0,-3.0738792489621964,4.394354091726603
1.05,93247,photon,2,10.658366175907164,2,100000,0.81259,0.81259,0.18741,0.0,-6.155472589712562,6.2148248592884805
1.05,93247,photon,2,10.658366175907164,3,100000,0.87675,0.87675,0.12325,0.0,-9.246958698125685,7.631544788456874
1.05,93247,photon,2,10.658366175907164,4,100000,0.91975,0.91975,0.08025,0.0,-12.350863057563991,8.802291516856553
1.05,93247,photon,2,10.658366175907164,5,100000,0.9449,0.9449,0.0551,0.0,-15.461795849888238,9.841065131240471
1.05,93247,photon,2,10.658366175907164,6,100000,0.96261,0.96261,0.03739,0.0,-18.5468857732705,10.761186483303684
1.05,93247,photon,2,10.658366175907164,7,100000,0.97321,0.97321,0.02679,0.0,-21.628910221271973,11.652829527396646
1.05,93247,photon,2,10.658366175907164,8,100000,0.98047,0.98047,0.01953,0.0,-24.709142461309835,12.454688229529758
1.05,93247,photon,2,10.658366175907164,9,100000,0.98603,0.98603,0.01397,0.0,-27.789057251696537,13.212265538978608
1.05,93247,photon,2,10.658366175907164,10,100000,0.99007,0.99007,0.00993,0.0,-30.89146040314795,13.918602736631936
1.05,93247,photon,2,10.658366175907164,11,100000,0.99293,0.99293,0.00707,0.0,-33.99913112108458,14.59829264288866
1.05,93247,photon,2,10.658366175907164,12,100000,0.99507,0.99507,0.00493,0.0,-37.09856388109223,15.23543124777051
1.05,93247,photon,3,10.738442733687481,1,100000,0.7212,0.7212,0.2788,0.0,-3.0759589895479644,4.395738414819265
1.05,93247,photon,3,10.738442733687481,2,100000,0.81395,0.81395,0.18605,0.0,-6.172677048364121,6.2084020276736505
1.05,93247,photon,3,10.738442733687481,3,100000,0.87636,0.87636,0.12364,0.0,-9.24550890596354,7.608823897696119
1.05,93247,photon,3,10.738442733687481,4,100000,0.91912,0.91912,0.08088,0.0,-12.352010957845428,8.781376556202487
1.05,93247,photon,3,10.738442733687481,5,100000,0.94461,0.94461,0.05539,0.0,-15.418888825391237,9.820707296494522
1.05,93247,photon,3,10.738442733687481,6,100000,0.96063,0.96063,0.03937,0.0,-18.501111293465033,10.74887978001007
1.05,93247,photon,3,10.738442733687481,7,100000,0.9728,0.9728,0.0272,0.0,-21.575210263145504,11.59441759284287
1.05,93247,photon,3,10.738442733687481,8,100000,0.98065,0.98065,0.01935,0.0,-24.660054444233,12.387025785505315
1.05,93247,photon,3,10.738442733687481,9,100000,0.98614,0.98614,0.01386,0.0,-27.740709813978533,13.138964307280022
1.05,93247,photon,3,10.738442733687481,10,100000,0.98992,0.98992,0.01008,0.0,-30.839902354259696,13.87249236790243
1.05,93247,photon,3,10.738442733687481,11,100000,0.99253,0.99253,0.00747,0.0,-33.931642685406274,14.561394179716268
1.05,93247,photon,3,10.738442733687481,12,100000,0.99462,0.99462,0.00538,0.0,-37.01409838690408,15.190633132851744
1.05,93247,photon,4,10.81912090854495,1,100000,0.72024,0.72024,0.27976,0.0,-3.089392088110431,4.40217552276761
1.05,93247,photon,4,10.81912090854495,2,100000,0.81719,0.81719,0.18281,0.0,-6.20059756832288,6.219000618829039
1.05,93247,photon,4,10.81912090854495,3,100000,0.87803,0.87803,0.12197,0.0,-9.27769601874362,7.625941678178043
1.05,93247,photon,4,10.81912090854495,4,100000,0.91971,0.91971,0.08029,0.0,-12.397587940846599,8.817525084108583
1.05,93247,photon,4,10.81912090854495,5,100000,0.94516,0.94516,0.05484,0.0,-15.48305966767379,9.84997597535179
1.05,93247,photon,4,10.81912090854495,6,100000,0.96178,0.96178,0.03822,0.0,-18.577573114113115,10.777369247839308
1.05,93247,photon,4,10.81912090854495,7,100000,0.9739,0.9739,0.0261,0.0,-21.668909684558614,11.633728970238257
1.05,93247,photon,4,10.81912090854495,8,100000,0.98102,0.98102,0.01898,0.0,-24.74221750347771,12.43589774656066
1.05,93247,photon,4,10.81912090854495,9,100000,0.98633,0.98633,0.01367,0.0,-27.84110143242825,13.188110253423321
1.05,93247,photon,4,10.81912090854495,10,100000,0.99028,0.99028,0.00972,0.0,-30.92904390439889,13.888233899616525
1.05,93247,photon,4,10.81912090854495,11,100000,0.99306,0.99306,0.00694,0.0,-34.01043231787968,14.563197765856918
1.05,93247,photon,4,10.81912090854495,12,100000,0.99514,0.99514,0.00486,0.0,-37.120284116395126,15.22123277236091
1.05,93247,photon,5,10.900405220442927,1,100000,0.71997,0.71997,0.28003,0.0,-3.073527799713281,4.399842336056005
1.05,93247,photon,5,10.900405220442927,2,100000,0.81691,0.81691,0.18309,0.0,-6.199135708833854,6.203316663324999
1.05,93247,photon,5,10.900405220442927,3,100000,0.87933,0.87933,0.12067,0.0,-9.299500885539365,7.593630360838048
1.05,93247,photon,5,10.900405220442927,4,100000,0.92184,0.92184,0.07816,0.0,-12.412503949501106,8.767736059322539
1.05,93247,photon,5,10.900405220442927,5,100000,0.94581,0.94581,0.05419,0.0,-15.462322192574401,9.802882749436275
1.05,93247,photon,5,10.900405220442927,6,100000,0.96128,0.96128,0.03872,0.0,-18.550618387128193,10.745542074592725
1.05,93247,photon,5,10.900405220442927,7,100000,0.97327,0.97327,0.02673,0.0,-21.63071378525889,11.621720919316578
1.05,93247,photon,5,10.900405220442927,8,100000,0.98087,0.98087,0.01913,0.0,-24.724845817173907,12.440468710846861
1.05,93247,photon,5,10.900405220442927,9,100000,0.98645,0.98645,0.01355,0.0,-27.849754905085295,13.203519996269225
1.05,93247,photon,5,10.900405220442927,10,100000,0.99023,0.99023,0.00977,0.0,-30.92571888502946,13.914258552912429
1.05,93247,photon,5,10.900405220442927,11,100000,0.99318,0.99318,0.00682,0.0,-34.022868518505426,14.616752273326858
1.05,93247,photon,5,10.900405220442927,12,100000,0.99485,0.99485,0.00515,0.0,-37.14321674404479,15.267646370584595
1.05,93247,photon,6,10.98230022330338,1,100000,0.72159,0.72159,0.27841,0.0,-3.0861347634388774,4.400880665424626
1.05,93247,photon,6,10.98230022330338,2,100000,0.81639,0.81639,0.18361,0.0,-6.204453130056432,6.200293546625482
1.05,93247,photon,6,10.98230022330338,3,100000,0.87879,0.87879,0.12121,0.0,-9.277498431236182,7.608238696663595
1.05,93247,photon,6,10.98230022330338,4,100000,0.91938,0.91938,0.08062,0.0,-12.386336446537191,8.818421982052733
1.05,93247,photon,6,10.98230022330338,5,100000,0.94485,0.94485,0.05515,0.0,-15.477751365417365,9.865355047412775
1.05,93247,photon,6,10.98230022330338,6,100000,0.96185,0.96185,0.03815,0.0,-18.58728470183191,10.803209778953196
1.05,93247,photon,6,10.98230022330338,7,100000,0.97324,0.97324,0.02676,0.0,-21.664541189671223,11.658049210122138
1.05,93247,photon,6,10.98230022330338,8,100000,0.981,0.981,0.019,0.0,-24.755589807061607,12.46428968227244
1.05,93247,photon,6,10.98230022330338,9,100000,0.98636,0.98636,0.01364,0.0,-27.845763923879655,13.224729483397127
1.05,93247,photon,6,10.98230022330338,10,100000,0.99019,0.99019,0.00981,0.0,-30.945027512748307,13.959150890827873
1.05,93247,photon,6,10.98230022330338,11,100000,0.99315,0.99315,0.00685,0.0,-34.055881511754635,14.644500985121706
1.05,93247,photon,6,10.98230022330338,12,100000,0.99482,0.99482,0.00518,0.0,-37.15232169674574,15.302594605496973
1.05,93247,photon,7,11.064810505261978,1,100000,0.72092,0.72092,0.27908,0.0,-3.095272255497133,4.408659067475751
1.05,93247,photon,7,11.064810505261978,2,100000,0.81489,0.81489,0.18511,0.0,-6.180585126562491,6.212706742266258
1.05,93247,photon,7,11.064810505261978,3,100000,0.87757,0.87757,0.12243,0.0,-9.28310200333515,7.604490994662083
1.05,93247,photon,7,11.064810505261978,4,100000,0.92047,0.92047,0.07953,0.0,-12.369646494777866,8.780111219881956
1.05,93247,photon,7,11.064810505261978,5,100000,0.9451,0.9451,0.0549,0.0,-15.466455225045287,9.800273446388987
1.05,93247,photon,7,11.064810505261978,6,100000,0.96223,0.96223,0.03777,0.0,-18.555222790669223,10.715700135428378
1.05,93247,photon,7,11.064810505261978,7,100000,0.97355,0.97355,0.02645,0.0,-21.664185554437456,11.573812865522196
1.05,93247,photon,7,11.064810505261978,8,100000,0.98123,0.98123,0.01877,0.0,-24.777826086210794,12.375804626736262
1.05,93247,photon,7,11.064810505261978,9,100000,0.98662,0.98662,0.01338,0.0,-27.86618251946,13.141662493036888
1.05,93247,photon,7,11.064810505261978,10,100000,0.99041,0.99041,0.00959,0.0,-30.94968755720322,13.853644996460709
1.05,93247,photon,7,11.064810505261978,11,100000,0.99305,0.99305,0.00695,0.0,-34.056849815501764,14.54088102174226
1.05,93247,photon,7,11.064810505261978,12,100000,0.99521,0.99521,0.00479,0.0,-37.15412223549803,15.200465201738416
1.05,93247,photon,8,11.147940688925186,1,100000,0.72113,0.72113,0.27887,0.0,-3.089528145608529,4.398909927413128
1.05,93247,photon,8,11.147940688925186,2,100000,0.81383,0.81383,0.18617,0.0,-6.182068789602606,6.227913656687789
1.05,93247,photon,8,11.147940688925186,3,100000,0.87749,0.87749,0.12251,0.0,-9.284080909981169,7.609733719143114
1.05,93247,photon,8,11.147940688925186,4,100000,0.91928,0.91928,0.08072,0.0,-12.357756835067818,8.813835856001159
1.05,93247,photon,8,11.147940688925186,5,100000,0.94387,0.94387,0.05613,0.0,-15.44173444404041,9.84810510086695
1.05,93247,photon,8,11.147940688925186,6,100000,0.96094,0.96094,0.03906,0.0,-18.539692376464036,10.798489312394011
1.05,93247,photon,8,11.147940688925186,7,100000,0.97255,0.97255,0.02745,0.0,-21.649992329256577,11.665312747386482
1.05,93247,photon,8,11.147940688925186,8,100000,0.98054,0.98054,0.01946,0.0,-24.743761386895347,12.485392664581108
1.05,93247,photon,8,11.147940688925186,9,100000,0.98658,0.98658,0.01342,0.0,-27.85257195151888,13.246752362658816
1.05,93247,photon,8,11.147940688925186,10,100000,0.99011,0.99011,0.00989,0.0,-30.950224480796905,13.975231672239973
1.05,93247,photon,8,11.147940688925186,11,100000,0.99299,0.99299,0.00701,0.0,-34.034896459659684,14.642365690187082
1.05,93247,photon,8,11.147940688925186,12,100000,0.99483,0.99483,0.00517,0.0,-37.13696727583439,15.302875755597174
1.05,93247,photon,9,11.231695431629198,1,100000,0.72427,0.72427,0.27573,0.0,-3.100458273034138,4.397006127831231
1.05,93247,photon,9,11.231695431629198,2,100000,0.81438,0.81438,0.18562,0.0,-6.197958442173367,6.227152749200219
1.05,93247,photon,9,11.231695431629198,3,100000,0.87861,0.87861,0.12139,0.0,-9.309021865821164,7.628339596138109
1.05,93247,photon,9,11.231695431629198,4,100000,0.92156,0.92156,0.07844,0.0,-12.4114430700986,8.803371420594752
1.05,93247,photon,9,11.231695431629198,5,100000,0.94619,0.94619,0.05381,0.0,-15.538473411495579,9.851009925269533
1.05,93247,photon,9,11.231695431629198,6,100000,0.96248,0.96248,0.03752,0.0,-18.652238189072172,10.796196513805073
1.05,93247,photon,9,11.231695431629198,7,100000,0.97398,0.97398,0.02602,0.0,-21.742978536078116,11.644846026644217
1.05,93247,photon,9,11.231695431629198,8,100000,0.98112,0.98112,0.01888,0.0,-24.852552160483246,12.456137702108498
1.05,93247,photon,9,11.231695431629198,9,100000,0.98635,0.98635,0.01365,0.0,-27.945547750130896,13.213773732993904
1.05,93247,photon,9,11.231695431629198,10,100000,0.99042,0.99042,0.00958,0.0,-31.06473655409485,13.9382164967127
1.05,93247,photon,9,11.231695431629198,11,100000,0.99304,0.99304,0.00696,0.0,-34.13747114245539,14.622773811918966
1.05,93247,photon,9,11.231695431629198,12,100000,0.99502,0.99502,0.00498,0.0,-37.24115327962094,15.287969232210592
1.05,93247,photon,10,11.316079425700895,1,100000,0.72158,0.72158,0.27842,0.0,-3.090203561003368,4.399727256604259
1.05,93247,photon,10,11.316079425700895,2,100000,0.81629,0.81629,0.18371,0.0,-6.208059752442177,6.215690895077952
1.05,93247,photon,10,11.316079425700895,3,100000,0.8785,0.8785,0.1215,0.0,-9.323757677011058,7.621353790281384
1.05,93247,photon,10,11.316079425700895,4,100000,0.91992,0.91992,0.08008,0.0,-12.41296652531411,8.798646113139894
1.05,93247,photon,10,11.316079425700895,5,100000,0.94641,0.94641,0.05359,0.0,-15.52511517376128,9.832470663760073
1.05,93247,photon,10,11.316079425700895,6,100000,0.96307,0.96307,0.03693,0.0,-18.620840446061518,10.776534754406153
1.05,93247,photon,10,11.316079425700895,7,100000,0.97397,0.97397,0.02603,0.0,-21.7116114440984,11.629839981557948
1.05,93247,photon,10,11.316079425700895,8,100000,0.9816,0.9816,0.0184,0.0,-24.8023514762184,12.422106487407094
1.05,93247,photon,10,11.316079425700895,9,100000,0.98691,0.98691,0.01309,0.0,-27.934929052493846,13.170028057153795
1.05,93247,photon,10,11.316079425700895,10,100000,0.99064,0.99064,0.00936,0.0,-31.03498858807168,13.879229285363904
1.05,93247,photon,10,11.316079425700895,11,100000,0.99331,0.99331,0.00669,0.0,-34.12832652240625,14.547192609808898
1.05,93247,photon,10,11.316079425700895,12,100000,0.99524,0.99524,0.00476,0.0,-37.25668432928475,15.196581148979261
1.05,93247,photon,11,11.401097398720731,1,100000,0.72223,0.72223,0.27777,0.0,-3.1046825523824246,4.40082836648235
1.05,93247,photon,11,11.401097398720731,2,100000,0.81888,0.81888,0.18112,0.0,-6.231499124566809,6.209233042161949
1.05,93247,photon,11,11.401097398720731,3,100000,0.88043,0.88043,0.11957,0.0,-9.34779455774035,7.613875717058466
1.05,93247,photon,11,11.401097398720731,4,100000,0.92148,0.92148,0.07852,0.0,-12.473553448791343,8.782457028572102
1.05,93247,photon,11,11.401097398720731,5,100000,0.94649,0.94649,0.05351,0.0,-15.572512420744228,9.837397929667938
1.05,93247,photon,11,11.401097398720731,6,100000,0.96266,0.96266,0.03734,0.0,-18.673382305617885,10.768331531598609
1.05,93247,photon,11,11.401097398720731,7,100000,0.97417,0.97417,0.02583,0.0,-21.779059277401245,11.606234704776684
1.05,93247,photon,11,11.401097398720731,8,100000,0.98133,0.98133,0.01867,0.0,-24.901284965600684,12.425262036663861
1.05,93247,photon,11,11.401097398720731,9,100000,0.98659,0.98659,0.01341,0.0,-28.01698255632804,13.191597065104945
1.05,93247,photon,11,11.401097398720731,10,100000,0.99039,0.99039,0.00961,0.0,-31.14296542797704,13.933394427104394
1.05,93247,photon,11,11.401097398720731,11,100000,0.9933,0.9933,0.0067,0.0,-34.27534185655481,14.614443812644758
1.05,93247,photon,11,11.401097398720731,12,100000,0.99524,0.99524,0.00476,0.0,-37.36577718700288,15.250641369744296
1.05,93247,photon,12,11.486754113787567,1,100000,0.72268,0.72268,0.27732,0.0,-3.1016564138674863,4.393060950133007
1.05,93247,photon,12,11.486754113787567,2,100000,0.81741,0.81741,0.18259,0.0,-6.210751091343403,6.2011034824356335
1.05,93247,photon,12,11.486754113787567,3,100000,0.87913,0.87913,0.12087,0.0,-9.320807529650931,7.603057594936807
1.05,93247,photon,12,11.486754113787567,4,100000,0.92124,0.92124,0.07876,0.0,-12.452540221421081,8.812621327861109
1.05,93247,photon,12,11.486754113787567,5,100000,0.94624,0.94624,0.05376,0.0,-15.564008206937041,9.85265401841454
1.05,93247,photon,12,11.486754113787567,6,100000,0.96217,0.96217,0.03783,0.0,-18.671384443733935,10.81433390447338
1.05,93247,photon,12,11.486754113787567,7,100000,0.97356,0.97356,0.02644,0.0,-21.782291352318566,11.661873487318719
1.05,93247,photon,12,11.486754113787567,8,100000,0.98142,0.98142,0.01858,0.0,-24.91453919387191,12.442000868096663
1.05,93247,photon,12,11.486754113787567,9,100000,0.98689,0.98689,0.01311,0.0,-28.03604832710872,13.193912213869137
1.05,93247,photon,12,11.486754113787567,10,100000,0.99057,0.99057,0.00943,0.0,-31.187171333102736,13.927723858983141
1.05,93247,photon,12,11.486754113787567,11,100000,0.99358,0.99358,0.00642,0.0,-34.300417311527134,14.605752747221537
1.05,93247,photon,12,11.486754113787567,12,100000,0.99548,0.99548,0.00452,0.0,-37.423061988264315,15.232385055379742
1.05,93247,photon,13,11.573054369785543,1,100000,0.72315,0.72315,0.27685,0.0,-3.1121313947058593,4.396348875708163
1.05,93247,photon,13,11.573054369785543,2,100000,0.81608,0.81608,0.18392,0.0,-6.212745172485969,6.222242585649097
1.05,93247,photon,13,11.573054369785543,3,100000,0.87954,0.87954,0.12046,0.0,-9.33143626369358,7.623993103057421
1.05,93247,photon,13,11.573054369785543,4,100000,0.92124,0.92124,0.07876,0.0,-12.455874486770409,8.8069904384462
1.05,93247,photon,13,11.573054369785543,5,100000,0.94612,0.94612,0.05388,0.0,-15.571407583011652,9.842899873847909
1.05,93247,photon,13,11.573054369785543,6,100000,0.96342,0.96342,0.03658,0.0,-18.69642232559137,10.776910466247632
1.05,93247,photon,13,11.573054369785543,7,100000,0.97422,0.97422,0.02578,0.0,-21.80939231349526,11.639031110827213
1.05,93247,photon,13,11.573054369785543,8,100000,0.98175,0.98175,0.01825,0.0,-24.960688164309506,12.450367775824327
1.05,93247,photon,13,11.573054369785543,9,100000,0.98691,0.98691,0.01309,0.0,-28.08638975894435,13.23170271151916
1.05,93247,photon,13,11.573054369785543,10,100000,0.9907,0.9907,0.0093,0.0,-31.219533623507377,13.928321221519937
1.05,93247,photon,13,11.573054369785543,11,100000,0.99322,0.99322,0.00678,0.0,-34.36609706782067,14.627855763424167
1.05,93247,photon,13,11.573054369785543,12,100000,0.99532,0.99532,0.00468,0.0,-37.497413703290576,15.295280967357543
1.05,93247,photon,14,11.660003001652942,1,100000,0.72344,0.72344,0.27656,0.0,-3.122337031646162,4.407578945261553
1.05,93247,photon,14,11.660003001652942,2,100000,0.81734,0.81734,0.18266,0.0,-6.249596721805664,6.234450388343678
1.05,93247,photon,14,11.660003001652942,3,100000,0.87961,0.87961,0.12039,0.0,-9.389962753821107,7.636555411568889
1.05,93247,photon,14,11.660003001652942,4,100000,0.92278,0.92278,0.07722,0.0,-12.532340164739082,8.817492698500033
1.05,93247,photon,14,11.660003001652942,5,100000,0.94606,0.94606,0.05394,0.0,-15.665250929683438,9.871794655730922
1.05,93247,photon,14,11.660003001652942,6,100000,0.96334,0.96334,0.03666,0.0,-18.79232845582819,10.806630374522262
1.05,93247,photon,14,11.660003001652942,7,100000,0.97472,0.97472,0.02528,0.0,-21.912244566050862,11.6650787830269
1.05,93247,photon,14,11.660003001652942,8,100000,0.98215,0.98215,0.01785,0.0,-25.0749089824981,12.484937262748863
1.05,93247,photon,14,11.660003001652942,9,100000,0.98746,0.98746,0.01254,0.0,-28.215645776898114,13.229150995269567
1.05,93247,photon,14,11.660003001652942,10,100000,0.99116,0.99116,0.00884,0.0,-31.330844729598894,13.93165910929959
1.05,93247,photon,14,11.660003001652942,11,100000,0.9934,0.9934,0.0066,0.0,-34.4747163747362,14.609647922473245
1.05,93247,photon,14,11.660003001652942,12,100000,0.99554,0.99554,0.00446,0.0,-37.589448790169975,15.270585665678533
1.05,93247,photon,15,11.747604880653032,1,100000,0.72239,0.72239,0.27761,0.0,-3.1036649402370107,4.405960256107976
1.05,93247,photon,15,11.747604880653032,2,100000,0.81682,0.81682,0.18318,0.0,-6.22816708155875,6.233811901834144
1.05,93247,photon,15,11.747604880653032,3,100000,0.87812,0.87812,0.12188,0.0,-9.345346183804326,7.640944237963984
1.05,93247,photon,15,11.747604880653032,4,100000,0.92062,0.92062,0.07938,0.0,-12.48215106874028,8.818247776089837
1.05,93247,photon,15,11.747604880653032,5,100000,0.94617,0.94617,0.05383,0.0,-15.620678283813966,9.855360343942149
1.05,93247,photon,15,11.747604880653032,6,100000,0.96313,0.96313,0.03687,0.0,-18.75963442933286,10.790028978698565
1.05,93247,photon,15,11.747604880653032,7,100000,0.97448,0.97448,0.02552,0.0,-21.888017627160117,11.63318884253855
1.05,93247,photon,15,11.747604880653032,8,100000,0.98178,0.98178,0.01822,0.0,-25.00738691825422,12.43401570478613
1.05,93247,photon,15,11.747604880653032,9,100000,0.98703,0.98703,0.01297,0.0,-28.126909001086172,13.212866393539004
1.05,93247,photon,15,11.747604880653032,10,100000,0.99039,0.99039,0.00961,0.0,-31.23332686054813,13.928518100252186
1.05,93247,photon,15,11.747604880653032,11,100000,0.99325,0.99325,0.00675,0.0,-34.36212486881491,14.598391939307652
1.05,93247,photon,15,11.747604880653032,12,100000,0.99501,0.99501,0.00499,0.0,-37.520129704692415,15.256536899766711
1.05,93247,photon,16,11.835864914647022,1,100000,0.72396,0.72396,0.27604,0.0,-3.1323321063060696,4.408942825413869
1.05,93247,photon,16,11.835864914647022,2,100000,0.81909,0.81909,0.18091,0.0,-6.300036206715185,6.22668353289151
1.05,93247,photon,16,11.835864914647022,3,100000,0.88062,0.88062,0.11938,0.0,-9.424914602798825,7.622033886041162
1.05,93247,photon,16,11.835864914647022,4,100000,0.92282,0.92282,0.07718,0.0,-12.55251308917054,8.809299870929456
1.05,93247,photon,16,11.835864914647022,5,100000,0.94843,0.94843,0.05157,0.0,-15.709764066020387,9.843126610745108
1.05,93247,photon,16,11.835864914647022,6,100000,0.96493,0.96493,0.03507,0.0,-18.851225702711126,10.778124472765656
1.05,93247,photon,16,11.835864914647022,7,100000,0.97503,0.97503,0.02497,0.0,-21.98543705171677,11.639141313836681
1.05,93247,photon,16,11.835864914647022,8,100000,0.98248,0.98248,0.01752,0.0,-25.11736590312817,12.440364727314195
1.05,93247,photon,16,11.835864914647022,9,100000,0.98751,0.98751,0.01249,0.0,-28.23342155584963,13.20097269442736
1.05,93247,photon,16,11.835864914647022,10,100000,0.99114,0.99114,0.00886,0.0,-31.356587713388816,13.912728445550096
1.05,93247,photon,16,11.835864914647022,11,100000,0.99348,0.99348,0.00652,0.0,-34.481298854827806,14.572553293401208
1.05,93247,photon,16,11.835864914647022,12,100000,0.99537,0.99537,0.00463,0.0,-37.623930357487765,15.217258775885007
1.05,93247,photon,17,11.924788048368978,1,100000,0.72198,0.72198,0.27802,0.0,-3.122404797587285,4.408527134428509
1.05,93247,photon,17,11.924788048368978,2,100000,0.81939,0.81939,0.18061,0.0,-6.27880513644197,6.234877573521537
1.05,93247,photon,17,11.924788048368978,3,100000,0.88118,0.88118,0.11882,0.0,-9.400578171693246,7.62002400359975
1.05,93247,photon,17,11.924788048368978,4,100000,0.92355,0.92355,0.07645,0.0,-12.531573092148385,8.796931069543017
1.05,93247,photon,17,11.924788048368978,5,100000,0.94873,0.94873,0.05127,0.0,-15.675440549752237,9.844266347111917
1.05,93247,photon,17,11.924788048368978,6,100000,0.96378,0.96378,0.03622,0.0,-18.82478126644712,10.798562951604103
1.05,93247,photon,17,11.924788048368978,7,100000,0.97552,0.97552,0.02448,0.0,-22.00080488045528,11.650312445069913
1.05,93247,photon,17,11.924788048368978,8,100000,0.98283,0.98283,0.01717,0.0,-25.125524082034353,12.44289671506181
1.05,93247,photon,17,11.924788048368978,9,100000,0.98764,0.98764,0.01236,0.0,-28.25544871658598,13.209897871028362
1.05,93247,photon,17,11.924788048368978,10,100000,0.99116,0.99116,0.00884,0.0,-31.375576190483407,13.92351609828622
1.05,93247,photon,17,11.924788048368978,11,100000,0.99359,0.99359,0.00641,0.0,-34.49122906520395,14.597690006691726
1.05,93247,photon,17,11.924788048368978,12,100000,0.99522,0.99522,0.00478,0.0,-37.60811816687233,15.23409116970429
1.05,93247,photon,18,12.014379263702873,1,100000,0.72719,0.72719,0.27281,0.0,-3.1441172794001435,4.400987424144097
1.05,93247,photon,18,12.014379263702873,2,100000,0.81911,0.81911,0.18089,0.0,-6.286499669146903,6.226091787360652
1.05,93247,photon,18,12.014379263702873,3,100000,0.8817,0.8817,0.1183,0.0,-9.403110940591366,7.604836165042329
1.05,93247,photon,18,12.014379263702873,4,100000,0.9231,0.9231,0.0769,0.0,-12.538551259426706,8.785643673847716
1.05,93247,photon,18,12.014379263702873,5,100000,0.94846,0.94846,0.05154,0.0,-15.675438494889127,9.833838093491428
1.05,93247,photon,18,12.014379263702873,6,100000,0.96361,0.96361,0.03639,0.0,-18.844207078049365,10.778681326454908
1.05,93247,photon,18,12.014379263702873,7,100000,0.97524,0.97524,0.02476,0.0,-21.996112129939736,11.656038289844107
1.05,93247,photon,18,12.014379263702873,8,100000,0.98243,0.98243,0.01757,0.0,-25.140279673440233,12.45548135616838
1.05,93247,photon,18,12.014379263702873,9,100000,0.98752,0.98752,0.01248,0.0,-28.310568451428487,13.214723613024365
1.05,93247,photon,18,12.014379263702873,10,100000,0.99116,0.99116,0.00884,0.0,-31.456981585070473,13.940265185099184
1.05,93247,photon,18,12.014379263702873,11,100000,0.99376,0.99376,0.00624,0.0,-34.60192141534338,14.626724526237926
1.05,93247,photon,18,12.014379263702873,12,100000,0.9957,0.9957,0.0043,0.0,-37.7582676962257,15.286868070924145
1.05,93247,photon,19,12.104643579961705,1,100000,0.72743,0.72743,0.27257,0.0,-3.15196411198847,4.401875669964762
1.05,93247,photon,19,12.104643579961705,2,100000,0.81958,0.81958,0.18042,0.0,-6.268763969643891,6.229937366715981
1.05,93247,photon,19,12.104643579961705,3,100000,0.88154,0.88154,0.11846,0.0,-9.436322265814823,7.630047812886272
1.05,93247,photon,19,12.104643579961705,4,100000,0.9248,0.9248,0.0752,0.0,-12.610120081020904,8.811551129771708
1.05,93247,photon,19,12.104643579961705,5,100000,0.94783,0.94783,0.05217,0.0,-15.758570980370585,9.846361404119126
1.05,93247,photon,19,12.104643579961705,6,100000,0.96502,0.96502,0.03498,0.0,-18.930444733271877,10.785323172957321
1.05,93247,photon,19,12.104643579961705,7,100000,0.97521,0.97521,0.02479,0.0,-22.124380068590394,11.646136592715612
1.05,93247,photon,19,12.104643579961705,8,100000,0.98298,0.98298,0.01702,0.0,-25.284973077449155,12.475046433948233
1.05,93247,photon,19,12.104643579961705,9,100000,0.98791,0.98791,0.01209,0.0,-28.44061959320425,13.237076626490719
1.05,93247,photon,19,12.104643579961705,10,100000,0.99132,0.99132,0.00868,0.0,-31.584807504298478,13.940115631933798
1.05,93247,photon,19,12.104643579961705,11,100000,0.99362,0.99362,0.00638,0.0,-34.72982663818496,14.622328484423463
1.05,93247,photon,19,12.104643579961705,12,100000,0.99595,0.99595,0.00405,0.0,-37.89392542708596,15.280418766574387
1.05,93247,su2,0,10.5,1,100000,0.82544,0.17456,0.82544,0.0,1.736740992177325,1.7464155785207272
1.05,93247,su2,0,10.5,2,100000,0.90674,0.09326,0.90674,0.0,3.4660658320094533,2.479274281556472
1.05,93247,su2,0,10.5,3,100000,0.94236,0.05764,0.94236,0.0,5.191840465911209,3.0220165095844096
1.05,93247,su2,0,10.5,4,100000,0.95937,0.04063,0.95937,0.0,6.909454374606047,3.4795961014968926
1.05,93247,su2,0,10.5,5,100000,0.97252,0.02748,0.97252,0.0,8.635276221691399,3.8818421162591537
1.05,93247,su2,0,10.5,6,100000,0.98134,0.01866,0.98134,0.0,10.364624218891656,4.25871654260505
1.05,93247,su2,0,10.5,7,100000,0.98695,0.01305,0.98695,0.0,12.082257234118147,4.599352223755441
1.05,93247,su2,0,10.5,8,100000,0.99057,0.00943,0.99057,0.0,13.811914312301278,4.9260538725026555
1.05,93247,su2,0,10.5,9,100000,0.99378,0.00622,0.99378,0.0,15.541141503873101,5.222925417657165
1.05,93247,su2,0,10.5,10,100000,0.99563,0.00437,0.99563,0.0,17.246027859223137,5.516846131317182
1.05,93247,su2,0,10.5,11,100000,0.9969,0.0031,0.9969,0.0,18.963623565271057,5.791316707036519
1.05,93247,su2,0,10.5,12,100000,0.99781,0.00219,0.99781,0.0,20.68606707757609,6.043673821727606
1.05,93247,su2,1,12.013892726046072,1,100000,0.82429,0.17571,0.82429,0.0,1.7273888307367458,1.7551877703101952
1.05,93247,su2,1,12.013892726046072,2,100000,0.9065,0.0935,0.9065,0.0,3.452291108745411,2.4703130748513114
1.05,93247,su2,1,12.013892726046072,3,100000,0.94007,0.05993,0.94007,0.0,5.162460977133612,3.0368029041774305
1.05,93247,su2,1,12.013892726046072,4,100000,0.95838,0.04162,0.95838,0.0,6.885783686463343,3.5035312937030367
1.05,93247,su2,1,12.013892726046072,5,100000,0.97179,0.02821,0.97179,0.0,8.593387670318467,3.9166348228685233
1.05,93247,su2,1,12.013892726046072,6,100000,0.98029,0.01971,0.98029,0.0,10.316888655901808,4.291405390645748
1.05,93247,su2,1,12.013892726046072,7,100000,0.98588,0.01412,0.98588,0.0,12.04025610800016,4.63824285100263
1.05,93247,su2,1,12.013892726046072,8,100000,0.99039,0.00961,0.99039,0.0,13.759096433943624,4.955267024405422
1.05,93247,su2,1,12.013892726046072,9,100000,0.99347,0.00653,0.99347,0.0,15.462609207733863,5.255366641300299
1.05,93247,su2,1,12.013892726046072,10,100000,0.99512,0.00488,0.99512,0.0,17.16583600884195,5.549517496936292
1.05,93247,su2,1,12.013892726046072,11,100000,0.99628,0.00372,0.99628,0.0,18.88311745368571,5.820454054668935
1.05,93247,su2,1,12.013892726046072,12,100000,0.9974,0.0026,0.9974,0.0,20.585329178795487,6.083331893163683
1.05,93247,su2,2,13.74605889837549,1,100000,0.82159,0.17841,0.82159,0.0,1.7205311370232725,1.7534701402283732
1.05,93247,su2,2,13.74605889837549,2,100000,0.90387,0.09613,0.90387,0.0,3.437077045690419,2.4900015150607104
1.05,93247,su2,2,13.74605889837549,3,100000,0.93933,0.06067,0.93933,0.0,5.1451538155023275,3.0531656825591527
1.05,93247,su2,2,13.74605889837549,4,100000,0.95748,0.04252,0.95748,0.0,6.853727531941163,3.519969305242187
1.05,93247,su2,2,13.74605889837549,5,100000,0.9706,0.0294,0.9706,0.0,8.559672304555221,3.933606118687394
1.05,93247,su2,2,13.74605889837549,6,100000,0.9794,0.0206,0.9794,0.0,10.276414966165461,4.308509128223066
1.05,93247,su2,2,13.74605889837549,7,100000,0.98568,0.01432,0.98568,0.0,11.979093175669318,4.6420184187127465
1.05,93247,su2,2,13.74605889837549,8,100000,0.99032,0.00968,0.99032,0.0,13.682230236748593,4.964108162986013
1.05,93247,su2,2,13.74605889837549,9,100000,0.99355,0.00645,0.99355,0.0,15.387710787634527,5.262702339623983
1.05,93247,su2,2,13.74605889837549,10,100000,0.99507,0.00493,0.99507,0.0,17.095230964789266,5.542090723605813
1.05,93247,su2,2,13.74605889837549,11,100000,0.99665,0.00335,0.99665,0.0,18.806519215865325,5.805772559017448
1.05,93247,su2,2,13.74605889837549,12,100000,0.99768,0.00232,0.99768,0.0,20.513583616730447,6.071900704670139
1.05,93247,su2,3,15.727969239142302,1,100000,0.82252,0.17748,0.82252,0.0,1.7215573499262804,1.7633636005490188
1.05,93247,su2,3,15.727969239142302,2,100000,0.90569,0.09431,0.90569,0.0,3.442162588809555,2.4738455047767807
1.05,93247,su2,3,15.727969239142302,3,100000,0.94255,0.05745,0.94255,0.0,5.158340157031817,3.02367474754752
1.05,93247,su2,3,15.727969239142302,4,100000,0.95841,0.04159,0.95841,0.0,6.860132726732522,3.504899780734022
1.05,93247,su2,3,15.727969239142302,5,100000,0.97108,0.02892,0.97108,0.0,8.558148833436912,3.9335577522767347
1.05,93247,su2,3,15.727969239142302,6,100000,0.97928,0.02072,0.97928,0.0,10.254674927702089,4.317955425192519
1.05,93247,su2,3,15.727969239142302,7,100000,0.98571,0.01429,0.98571,0.0,11.960364537091488,4.660466311254236
1.05,93247,su2,3,15.727969239142302,8,100000,0.98986,0.01014,0.98986,0.0,13.657595988965667,4.988865560681917
1.05,93247,su2,3,15.727969239142302,9,100000,0.9927,0.0073,0.9927,0.0,15.35379402689959,5.287146618686989
1.05,93247,su2,3,15.727969239142302,10,100000,0.99494,0.00506,0.99494,0.0,17.05454685233634,5.567953729210148
1.05,93247,su2,3,15.727969239142302,11,100000,0.9963,0.0037,0.9963,0.0,18.742438549955573,5.83129400873078
1.05,93247,su2,3,15.727969239142302,12,100000,0.99743,0.00257,0.99743,0.0,20.44245027261639,6.097387566324497
1.05,93247,su2,4,17.995631927391237,1,100000,0.82042,0.17958,0.82042,0.0,1.7168798784103363,1.7623447929438703
1.05,93247,su2,4,17.995631927391237,2,100000,0.90318,0.09682,0.90318,0.0,3.4193800767668616,2.487503693183081
1.05,93247,su2,4,17.995631927391237,3,100000,0.93829,0.06171,0.93829,0.0,5.117069111686687,3.051911133126477
1.05,93247,su2,4,17.995631927391237,4,100000,0.95652,0.04348,0.95652,0.0,6.821287325183883,3.5248326727065757
1.05,93247,su2,4,17.995631927391237,5,100000,0.96896,0.03104,0.96896,0.0,8.510525909649838,3.9568154481097646
1.05,93247,su2,4,17.995631927391237,6,100000,0.9786,0.0214,0.9786,0.0,10.206503362586332,4.329951676972653
1.05,93247,su2,4,17.995631927391237,7,100000,0.9849,0.0151,0.9849,0.0,11.899613971632242,4.673082385747553
1.05,93247,su2,4,17.995631927391237,8,100000,0.9897,0.0103,0.9897,0.0,13.593809225962675,5.004193205540008
1.05,93247,su2,4,17.995631927391237,9,100000,0.99293,0.00707,0.99293,0.0,15.290834923081698,5.318400951764323
1.05,93247,su2,4,17.995631927391237,10,100000,0.99464,0.00536,0.99464,0.0,16.990061003472075,5.602642049297791
1.05,93247,su2,4,17.995631927391237,11,100000,0.99628,0.00372,0.99628,0.0,18.68574665839236,5.876346290786249
1.05,93247,su2,4,17.995631927391237,12,100000,0.99729,0.00271,0.99729,0.0,20.375691611958665,6.142756643981442
1.05,93247,su2,5,20.59024681077029,1,100000,0.82203,0.17797,0.82203,0.0,1.711380077271444,1.7700751736590468
1.05,93247,su2,5,20.59024681077029,2,100000,0.90283,0.09717,0.90283,0.0,3.412502481705998,2.4938602751844483
1.05,93247,su2,5,20.59024681077029,3,100000,0.93816,0.06184,0.93816,0.0,5.102396457149259,3.066459590323105
1.05,93247,su2,5,20.59024681077029,4,100000,0.95568,0.04432,0.95568,0.0,6.788588055140749,3.554780740824517
1.05,93247,su2,5,20.59024681077029,5,100000,0.96866,0.03134,0.96866,0.0,8.483032524919572,3.968858314045846
1.05,93247,su2,5,20.59024681077029,6,100000,0.97748,0.02252,0.97748,0.0,10.169002308815909,4.358652177708161
1.05,93247,su2,5,20.59024681077029,7,100000,0.98459,0.01541,0.98459,0.0,11.86244743336983,4.721387083697199
1.05,93247,su2,5,20.59024681077029,8,100000,0.98911,0.01089,0.98911,0.0,13.543314506726107,5.042943031413652
1.05,93247,su2,5,20.59024681077029,9,100000,0.99234,0.00766,0.99234,0.0,15.243222109239907,5.3494625859635985
1.05,93247,su2,5,20.59024681077029,10,100000,0.9942,0.0058,0.9942,0.0,16.93172746648795,5.640307600736692
1.05,93247,su2,5,20.59024681077029,11,100000,0.99561,0.00439,0.99561,0.0,18.61603745454012,5.925991913473668
1.05,93247,su2,5,20.59024681077029,12,100000,0.99689,0.00311,0.99689,0.0,20.314514173949078,6.186180893759276
1.05,93247,su2,6,23.558953941657748,1,100000,0.82037,0.17963,0.82037,0.0,1.7088398217429432,1.766292760754527
1.05,93247,su2,6,23.558953941657748,2,100000,0.90236,0.09764,0.90236,0.0,3.399077349605352,2.506805681601375
1.05,93247,su2,6,23.558953941657748,3,100000,0.93695,0.06305,0.93695,0.0,5.08855191351572,3.071136434109272
1.05,93247,su2,6,23.558953941657748,4,100000,0.95492,0.04508,0.95492,0.0,6.780515251246678,3.54522447385993
1.05,93247,su2,6,23.558953941657748,5,100000,0.96792,0.03208,0.96792,0.0,8.462077458217898,3.9658359116448287
1.05,93247,su2,6,23.558953941657748,6,100000,0.97768,0.02232,0.97768,0.0,10.14659393060943,4.347535639209388
1.05,93247,su2,6,23.558953941657748,7,100000,0.98425,0.01575,0.98425,0.0,11.829048648936071,4.700053204236754
1.05,93247,su2,6,23.558953941657748,8,100000,0.98858,0.01142,0.98858,0.0,13.519913253314625,5.023186337414808
1.05,93247,su2,6,23.558953941657748,9,100000,0.99198,0.00802,0.99198,0.0,15.200083449985081,5.335569616769851
1.05,93247,su2,6,23.558953941657748,10,100000,0.99423,0.00577,0.99423,0.0,16.883209699109017,5.628352096087423
1.05,93247,su2,6,23.558953941657748,11,100000,0.99575,0.00425,0.99575,0.0,18.5661981778905,5.9042801207837625
1.05,93247,su2,6,23.558953941657748,12,100000,0.9971,0.0029,0.9971,0.0,20.255539538672245,6.165248952950975
1.05,93247,su2,7,26.95569003742252,1,100000,0.81776,0.18224,0.81776,0.0,1.7033900200670375,1.7705772282841008
1.05,93247,su2,7,26.95569003742252,2,100000,0.90076,0.09924,0.90076,0.0,3.397145975968917,2.510448056927878
1.05,93247,su2,7,26.95569003742252,3,100000,0.93645,0.06355,0.93645,0.0,5.078979670600598,3.076734858478563
1.05,93247,su2,7,26.95569003742252,4,100000,0.95388,0.04612,0.95388,0.0,6.7628938484388454,3.5573445640447408
1.05,93247,su2,7,26.95569003742252,5,100000,0.96823,0.03177,0.96823,0.0,8.441702400058837,3.9760904504441417
1.05,93247,su2,7,26.95569003742252,6,100000,0.97769,0.02231,0.97769,0.0,10.13072843903584,4.35894565960255
1.05,93247,su2,7,26.95569003742252,7,100000,0.98384,0.01616,0.98384,0.0,11.794420263867025,4.716982234208109
1.05,93247,su2,7,26.95569003742252,8,100000,0.98843,0.01157,0.98843,0.0,13.464300477109877,5.059272181628883
1.05,93247,su2,7,26.95569003742252,9,100000,0.99189,0.00811,0.99189,0.0,15.145000759139242,5.363163518654297
1.05,93247,su2,7,26.95569003742252,10,100000,0.99413,0.00587,0.99413,0.0,16.82132778453437,5.656373844728184
1.05,93247,su2,7,26.95569003742252,11,100000,0.99577,0.00423,0.99577,0.0,18.490752944815796,5.935738753595645
1.05,93247,su2,7,26.95569003742252,12,100000,0.9969,0.0031,0.9969,0.0,20.16967802611417,6.197689994328183
1.05,93247,su2,8,30.842168425346934,1,100000,0.82056,0.17944,0.82056,0.0,1.7097511653327104,1.7650297561024924
1.05,93247,su2,8,30.842168425346934,2,100000,0.90053,0.09947,0.90053,0.0,3.394316667355906,2.5156921636976204
1.05,93247,su2,8,30.842168425346934,3,100000,0.93598,0.06402,0.93598,0.0,5.077460998501838,3.0817511597548735
1.05,93247,su2,8,30.842168425346934,4,100000,0.95395,0.04605,0.95395,0.0,6.761778094045409,3.5509955750448947
1.05,93247,su2,8,30.842168425346934,5,100000,0.96768,0.03232,0.96768,0.0,8.438497466050451,3.98822503045149
1.05,93247,su2,8,30.842168425346934,6,100000,0.97686,0.02314,0.97686,0.0,10.120524100680797,4.373380906829201
1.05,93247,su2,8,30.842168425346934,7,100000,0.98378,0.01622,0.98378,0.0,11.806813497824285,4.729631978982555
1.05,93247,su2,8,30.842168425346934,8,100000,0.98864,0.01136,0.98864,0.0,13.494041393536143,5.048237008676974
1.05,93247,su2,8,30.842168425346934,9,100000,0.99201,0.00799,0.99201,0.0,15.181042231639058,5.355746582969913
1.05,93247,su2,8,30.842168425346934,10,100000,0.99426,0.00574,0.99426,0.0,16.857653925933224,5.643475224926559
1.05,93247,su2,8,30.842168425346934,11,100000,0.99587,0.00413,0.99587,0.0,18.54190595759954,5.919417793848071
1.05,93247,su2,8,30.842168425346934,12,100000,0.99714,0.00286,0.99714,0.0,20.22385934402923,6.181786844560094
1.05,93247,su2,9,35.28900027626318,1,100000,0.8169,0.1831,0.8169,0.0,1.692937354738702,1.787604043650564
1.05,93247,su2,9,35.28900027626318,2,100000,0.90003,0.09997,0.90003,0.0,3.383411942976949,2.513473123094368
1.05,93247,su2,9,35.28900027626318,3,100000,0.93525,0.06475,0.93525,0.0,5.068421634332439,3.0839108533871777
1.05,93247,su2,9,35.28900027626318,4,100000,0.9538,0.0462,0.9538,0.0,6.750200936068753,3.5721024770036283
1.05,93247,su2,9,35.28900027626318,5,100000,0.96731,0.03269,0.96731,0.0,8.422718096064875,3.995343141533831
1.05,93247,su2,9,35.28900027626318,6,100000,0.97658,0.02342,0.97658,0.0,10.098944628095708,4.371195032577109
1.05,93247,su2,9,35.28900027626318,7,100000,0.98365,0.01635,0.98365,0.0,11.771034334046366,4.7179342536950575
1.05,93247,su2,9,35.28900027626318,8,100000,0.98836,0.01164,0.98836,0.0,13.446596382556777,5.04778543038794
1.05,93247,su2,9,35.28900027626318,9,100000,0.99156,0.00844,0.99156,0.0,15.127140366842928,5.34751965022397
1.05,93247,su2,9,35.28900027626318,10,100000,0.99388,0.00612,0.99388,0.0,16.814474685837393,5.633927532917392
1.05,93247,su2,9,35.28900027626318,11,100000,0.99564,0.00436,0.99564,0.0,18.494336010894457,5.912707165407156
1.05,93247,su2,9,35.28900027626318,12,100000,0.99682,0.00318,0.99682,0.0,20.16374543322209,6.181893500151335
1.05,93247,su2,10,40.376977497946264,1,100000,0.81927,0.18073,0.81927,0.0,1.705286214887661,1.7731471140566282
1.05,93247,su2,10,40.376977497946264,2,100000,0.90166,0.09834,0.90166,0.0,3.3996467888381523,2.5145033906703835
1.05,93247,su2,10,40.376977497946264,3,100000,0.93573,0.06427,0.93573,0.0,5.079419218299797,3.0845605849360322
1.05,93247,su2,10,40.376977497946264,4,100000,0.95417,0.04583,0.95417,0.0,6.760845559034652,3.5586619133548965
1.05,93247,su2,10,40.376977497946264,5,100000,0.9671,0.0329,0.9671,0.0,8.4415805285785,3.982528401144285
1.05,93247,su2,10,40.376977497946264,6,100000,0.97623,0.02377,0.97623,0.0,10.118796719706046,4.369002840179887
1.05,93247,su2,10,40.376977497946264,7,100000,0.98328,0.01672,0.98328,0.0,11.791071672404856,4.718870058351884
1.05,93247,su2,10,40.376977497946264,8,100000,0.988,0.012,0.988,0.0,13.47048128427716,5.040262748572746
1.05,93247,su2,10,40.376977497946264,9,100000,0.99147,0.00853,0.99147,0.0,15.14719384126751,5.351217910219803
1.05,93247,su2,10,40.376977497946264,10,100000,0.99407,0.00593,0.99407,0.0,16.83362138549583,5.635075864601328
1.05,93247,su2,10,40.376977497946264,11,100000,0.99605,0.00395,0.99605,0.0,18.504239499382855,5.912655425169713
1.05,93247,su2,10,40.376977497946264,12,100000,0.99694,0.00306,0.99694,0.0,20.169024508127034,6.186158048222031
1.05,93247,su2,11,46.19854059640977,1,100000,0.81752,0.18248,0.81752,0.0,1.6922776425946713,1.786474033530491
1.05,93247,su2,11,46.19854059640977,2,100000,0.89679,0.10321,0.89679,0.0,3.3528746861573606,2.5467379425305965
1.05,93247,su2,11,46.19854059640977,3,100000,0.9331,0.0669,0.9331,0.0,5.018508712324969,3.1213989806939404
1.05,93247,su2,11,46.19854059640977,4,100000,0.95212,0.04788,0.95212,0.0,6.68764342354017,3.594320115856543
1.05,93247,su2,11,46.19854059640977,5,100000,0.96622,0.03378,0.96622,0.0,8.356192929914979,4.009770980526789
1.05,93247,su2,11,46.19854059640977,6,100000,0.97514,0.02486,0.97514,0.0,10.024878094836067,4.395325935878404
1.05,93247,su2,11,46.19854059640977,7,100000,0.98224,0.01776,0.98224,0.0,11.69235412411914,4.749177620290499
1.05,93247,su2,11,46.19854059640977,8,100000,0.98737,0.01263,0.98737,0.0,13.376013364207383,5.0668044999246815
1.05,93247,su2,11,46.19854059640977,9,100000,0.99122,0.00878,0.99122,0.0,15.050517539062403,5.384019713707484
1.05,93247,su2,11,46.19854059640977,10,100000,0.99367,0.00633,0.99367,0.0,16.717551878695026,5.673576547071706
1.05,93247,su2,11,46.19854059640977,11,100000,0.9952,0.0048,0.9952,0.0,18.387769175092274,5.948805167672489
1.05,93247,su2,11,46.19854059640977,12,100000,0.99685,0.00315,0.99685,0.0,20.049137595991656,6.215665565141828
1.05,93247,su2,12,52.85945817382395,1,100000,0.81526,0.18474,0.81526,0.0,1.678927740235025,1.7967502970489888
1.05,93247,su2,12,52.85945817382395,2,100000,0.89663,0.10337,0.89663,0.0,3.353740221784623,2.55090796778398
1.05,93247,su2,12,52.85945817382395,3,100000,0.93182,0.06818,0.93182,0.0,5.013617218013635,3.1247101436574223
1.05,93247,su2,12,52.85945817382395,4,100000,0.95095,0.04905,0.95095,0.0,6.681561385685713,3.6106969927946775
1.05,93247,su2,12,52.85945817382395,5,100000,0.96458,0.03542,0.96458,0.0,8.342560909759417,4.0346958117415435
1.05,93247,su2,12,52.85945817382395,6,100000,0.97443,0.02557,0.97443,0.0,10.003363822897551,4.4113258026317865
1.05,93247,su2,12,52.85945817382395,7,100000,0.98229,0.01771,0.98229,0.0,11.667727698575503,4.762685647987537
1.05,93247,su2,12,52.85945817382395,8,100000,0.98751,0.01249,0.98751,0.0,13.324315305316206,5.089699200011863
1.05,93247,su2,12,52.85945817382395,9,100000,0.99102,0.00898,0.99102,0.0,14.99230907729742,5.399647823363673
1.05,93247,su2,12,52.85945817382395,10,100000,0.99359,0.00641,0.99359,0.0,16.658332487194595,5.684634484609193
1.05,93247,su2,12,52.85945817382395,11,100000,0.99538,0.00462,0.99538,0.0,18.319575257835336,5.966614599286003
1.05,93247,su2,12,52.85945817382395,12,100000,0.99666,0.00334,0.99666,0.0,19.98993784289118,6.231033448043737
1.05,93247,su2,13,60.48074857687998,1,100000,0.8148,0.1852,0.8148,0.0,1.6853948501294254,1.7855901954600937
1.05,93247,su2,13,60.48074857687998,2,100000,0.8983,0.1017,0.8983,0.0,3.355349912773286,2.5280845151631857
1.05,93247,su2,13,60.48074857687998,3,100000,0.93424,0.06576,0.93424,0.0,5.02161903102885,3.0971533050853193
1.05,93247,su2,13,60.48074857687998,4,100000,0.9523,0.0477,0.9523,0.0,6.688970234457135,3.5783179993309133
1.05,93247,su2,13,60.48074857687998,5,100000,0.96598,0.03402,0.96598,0.0,8.35195778077763,3.998239783794123
1.05,93247,su2,13,60.48074857687998,6,100000,0.97574,0.02426,0.97574,0.0,10.008229980171084,4.392311617940027
1.05,93247,su2,13,60.48074857687998,7,100000,0.98276,0.01724,0.98276,0.0,11.666195939043346,4.750466988200892
1.05,93247,su2,13,60.48074857687998,8,100000,0.9879,0.0121,0.9879,0.0,13.337246893237582,5.079294057653378
1.05,93247,su2,13,60.48074857687998,9,100000,0.99125,0.00875,0.99125,0.0,15.0006167915985,5.3822431536901725
1.05,93247,su2,13,60.48074857687998,10,100000,0.9936,0.0064,0.9936,0.0,16.676580066535912,5.660662151090737
1.05,93247,su2,13,60.48074857687998,11,100000,0.99553,0.00447,0.99553,0.0,18.34539391189123,5.942076130737545
1.05,93247,su2,13,60.48074857687998,12,100000,0.99692,0.00308,0.99692,0.0,20.003130793886374,6.208476049802857
1.05,93247,su2,14,69.20087860891422,1,100000,0.8159,0.1841,0.8159,0.0,1.682843605291454,1.783192283707608
1.05,93247,su2,14,69.20087860891422,2,100000,0.89768,0.10232,0.89768,0.0,3.3449817297352378,2.5406106793859435
1.05,93247,su2,14,69.20087860891422,3,100000,0.93236,0.06764,0.93236,0.0,5.016772020897894,3.11243008400532
1.05,93247,su2,14,69.20087860891422,4,100000,0.95223,0.04777,0.95223,0.0,6.68501811942732,3.590049811377114
1.05,93247,su2,14,69.20087860891422,5,100000,0.96511,0.03489,0.96511,0.0,8.347267559333087,4.0172486614352785
1.05,93247,su2,14,69.20087860891422,6,100000,0.97545,0.02455,0.97545,0.0,10.002236305213584,4.389805478931902
1.05,93247,su2,14,69.20087860891422,7,100000,0.98277,0.01723,0.98277,0.0,11.667086148368199,4.743627919369636
1.05,93247,su2,14,69.20087860891422,8,100000,0.98797,0.01203,0.98797,0.0,13.325430809930582,5.082080870479943
1.05,93247,su2,14,69.20087860891422,9,100000,0.99087,0.00913,0.99087,0.0,14.991186988706104,5.390875111179442
1.05,93247,su2,14,69.20087860891422,10,100000,0.99361,0.00639,0.99361,0.0,16.652221064514684,5.689097149658963
1.05,93247,su2,14,69.20087860891422,11,100000,0.99546,0.00454,0.99546,0.0,18.314759457842488,5.95822135483126
1.05,93247,su2,14,69.20087860891422,12,100000,0.99685,0.00315,0.99685,0.0,19.972893483249727,6.2273614183526105
1.05,93247,su2,15,79.17827925291732,1,100000,0.81589,0.18411,0.81589,0.0,1.6819509567915607,1.7929242745144116
1.05,93247,su2,15,79.17827925291732,2,100000,0.89689,0.10311,0.89689,0.0,3.352910353642283,2.5448721355861466
1.05,93247,su2,15,79.17827925291732,3,100000,0.9331,0.0669,0.9331,0.0,5.026986503552075,3.11802212887184
1.05,93247,su2,15,79.17827925291732,4,100000,0.95209,0.04791,0.95209,0.0,6.705872563938735,3.5934963521434424
1.05,93247,su2,15,79.17827925291732,5,100000,0.9658,0.0342,0.9658,0.0,8.37530770272757,4.009722783755151
1.05,93247,su2,15,79.17827925291732,6,100000,0.9761,0.0239,0.9761,0.0,10.045465529682351,4.388307419213921
1.05,93247,su2,15,79.17827925291732,7,100000,0.98318,0.01682,0.98318,0.0,11.72274911923681,4.740033004400672
1.05,93247,su2,15,79.17827925291732,8,100000,0.98783,0.01217,0.98783,0.0,13.389142101356677,5.063635374640685
1.05,93247,su2,15,79.17827925291732,9,100000,0.9916,0.0084,0.9916,0.0,15.050675339301764,5.366262374497257
1.05,93247,su2,15,79.17827925291732,10,100000,0.99399,0.00601,0.99399,0.0,16.714743009980975,5.660960521755779
1.05,93247,su2,15,79.17827925291732,11,100000,0.99548,0.00452,0.99548,0.0,18.38419114934528,5.954164914140842
1.05,93247,su2,15,79.17827925291732,12,100000,0.99655,0.00345,0.99655,0.0,20.04539029409447,6.226208921091531
1.05,93247,su2,16,90.5942241121398,1,100000,0.81773,0.18227,0.81773,0.0,1.698248587641196,1.7808480396932875
1.05,93247,su2,16,90.5942241121398,2,100000,0.89943,0.10057,0.89943,0.0,3.3663391436797467,2.5198539129511404
1.05,93247,su2,16,90.5942241121398,3,100000,0.93477,0.06523,0.93477,0.0,5.038817005541951,3.0866758084979584
1.05,93247,su2,16,90.5942241121398,4,100000,0.95251,0.04749,0.95251,0.0,6.705625197671467,3.572045465213124
1.05,93247,su2,16,90.5942241121398,5,100000,0.96629,0.03371,0.96629,0.0,8.37525043500612,3.9976300498114754
1.05,93247,su2,16,90.5942241121398,6,100000,0.97597,0.02403,0.97597,0.0,10.051457362200988,4.389143733263167
1.05,93247,su2,16,90.5942241121398,7,100000,0.98271,0.01729,0.98271,0.0,11.717949493523804,4.746857270060886
1.05,93247,su2,16,90.5942241121398,8,100000,0.98745,0.01255,0.98745,0.0,13.38076314203175,5.0743240615658936
1.05,93247,su2,16,90.5942241121398,9,100000,0.99058,0.00942,0.99058,0.0,15.04326751343576,5.396814176173539
1.05,93247,su2,16,90.5942241121398,10,100000,0.9932,0.0068,0.9932,0.0,16.70389708710288,5.685614154768347
1.05,93247,su2,16,90.5942241121398,11,100000,0.99525,0.00475,0.99525,0.0,18.3632951695642,5.954429961612782
1.05,93247,su2,16,90.5942241121398,12,100000,0.9964,0.0036,0.9964,0.0,20.024627587387524,6.217787384171198
1.05,93247,su2,17,103.65612286501181,1,100000,0.81663,0.18337,0.81663,0.0,1.6829184371401649,1.7873215281378019
1.05,93247,su2,17,103.65612286501181,2,100000,0.89705,0.10295,0.89705,0.0,3.3493267119015773,2.5470038503761967
1.05,93247,su2,17,103.65612286501181,3,100000,0.93239,0.06761,0.93239,0.0,5.009361664327107,3.1203369161118797
1.05,93247,su2,17,103.65612286501181,4,100000,0.95042,0.04958,0.95042,0.0,6.66719708060717,3.6151872389484527
1.05,93247,su2,17,103.65612286501181,5,100000,0.96461,0.03539,0.96461,0.0,8.328981291411747,4.044021999082865
1.05,93247,su2,17,103.65612286501181,6,100000,0.97477,0.02523,0.97477,0.0,10.001217199452052,4.418070126240788
1.05,93247,su2,17,103.65612286501181,7,100000,0.98161,0.01839,0.98161,0.0,11.660464533510575,4.771880216910115
1.05,93247,su2,17,103.65612286501181,8,100000,0.98716,0.01284,0.98716,0.0,13.326566303249788,5.093495928245903
1.05,93247,su2,17,103.65612286501181,9,100000,0.9906,0.0094,0.9906,0.0,14.990961600887717,5.405556928877186
1.05,93247,su2,17,103.65612286501181,10,100000,0.99359,0.00641,0.99359,0.0,16.644811252896396,5.686662086681704
1.05,93247,su2,17,103.65612286501181,11,100000,0.99519,0.00481,0.99519,0.0,18.310183450617412,5.971540350846163
1.05,93247,su2,17,103.65612286501181,12,100000,0.99664,0.00336,0.99664,0.0,19.96847478837871,6.2384349813777495
1.05,93247,su2,18,118.60128957124793,1,100000,0.81711,0.18289,0.81711,0.0,1.6893335411493255,1.7793480011334792
1.05,93247,su2,18,118.60128957124793,2,100000,0.89864,0.10136,0.89864,0.0,3.3649544617329328,2.536589231571614
1.05,93247,su2,18,118.60128957124793,3,100000,0.93296,0.06704,0.93296,0.0,5.028887616502738,3.1151553404296246
1.05,93247,su2,18,118.60128957124793,4,100000,0.95236,0.04764,0.95236,0.0,6.69470491619927,3.597437728040067
1.05,93247,su2,18,118.60128957124793,5,100000,0.96566,0.03434,0.96566,0.0,8.356798093840654,4.024570729944567
1.05,93247,su2,18,118.60128957124793,6,100000,0.97542,0.02458,0.97542,0.0,10.021187136286809,4.4023769232879655
1.05,93247,su2,18,118.60128957124793,7,100000,0.98217,0.01783,0.98217,0.0,11.69467484931111,4.756049825396105
1.05,93247,su2,18,118.60128957124793,8,100000,0.98735,0.01265,0.98735,0.0,13.356706328893841,5.0859871755443535
1.05,93247,su2,18,118.60128957124793,9,100000,0.99125,0.00875,0.99125,0.0,15.029542275907161,5.394941060943278
1.05,93247,su2,18,118.60128957124793,10,100000,0.99356,0.00644,0.99356,0.0,16.695305111450022,5.67866387286041
1.05,93247,su2,18,118.60128957124793,11,100000,0.99519,0.00481,0.99519,0.0,18.365592188378784,5.954586360136881
1.05,93247,su2,18,118.60128957124793,12,100000,0.99656,0.00344,0.99656,0.0,20.026728485713537,6.220528618611515
1.05,93247,su2,19,135.70125429330454,1,100000,0.81622,0.18378,0.81622,0.0,1.6812837211763905,1.7873302199580074
1.05,93247,su2,19,135.70125429330454,2,100000,0.89752,0.10248,0.89752,0.0,3.352164192001111,2.5429226509340404
1.05,93247,su2,19,135.70125429330454,3,100000,0.93429,0.06571,0.93429,0.0,5.018413629141787,3.114942262458071
1.05,93247,su2,19,135.70125429330454,4,100000,0.95147,0.04853,0.95147,0.0,6.682108857466452,3.6036758559666935
1.05,93247,su2,19,135.70125429330454,5,100000,0.9648,0.0352,0.9648,0.0,8.347298226653855,4.033341649181828
1.05,93247,su2,19,135.70125429330454,6,100000,0.97478,0.02522,0.97478,0.0,10.015079572058909,4.421950899632028
1.05,93247,su2,19,135.70125429330454,7,100000,0.98215,0.01785,0.98215,0.0,11.670711060953119,4.77589856442995
1.05,93247,su2,19,135.70125429330454,8,100000,0.9873,0.0127,0.9873,0.0,13.334256794192543,5.099528793119663
1.05,93247,su2,19,135.70125429330454,9,100000,0.99099,0.00901,0.99099,0.0,14.999962922401076,5.406054938711655
1.05,93247,su2,19,135.70125429330454,10,100000,0.99331,0.00669,0.99331,0.0,16.66660950850515,5.699236926398605
1.05,93247,su2,19,135.70125429330454,11,100000,0.99505,0.00495,0.99505,0.0,18.32737249923371,5.97646981904979
1.05,93247,su2,19,135.70125429330454,12,100000,0.99626,0.00374,0.99626,0.0,19.9896246279155,6.234379640428349
1.05,103250,photon,0,10.5,1,100000,0.72245,0.72245,0.27755,0.0,-3.089559182891744,4.402668285100593
1.05,103250,photon,0,10.5,2,100000,0.81239,0.81239,0.18761,0.0,-6.148447252884635,6.212349069164597
1.05,103250,photon,0,10.5,3,100000,0.87518,0.87518,0.12482,0.0,-9.212378628198659,7.613399967849136
1.05,103250,photon,0,10.5,4,100000,0.91773,0.91773,0.08227,0.0,-12.28391915022253,8.820074339427173
1.05,103250,photon,0,10.5,5,100000,0.94321,0.94321,0.05679,0.0,-15.338318660729385,9.868830277252512
1.05,103250,photon,0,10.5,6,100000,0.96083,0.96083,0.03917,0.0,-18.39475349208296,10.807686479012062
1.05,103250,photon,0,10.5,7,100000,0.97236,0.97236,0.02764,0.0,-21.475787756519065,11.656858822102029
1.05,103250,photon,0,10.5,8,100000,0.98052,0.98052,0.01948,0.0,-24.515441641094494,12.458597016780306
1.05,103250,photon,0,10.5,9,100000,0.98614,0.98614,0.01386,0.0,-27.5858530475032,13.206171781927958
1.05,103250,photon,0,10.5,10,100000,0.98983,0.98983,0.01017,0.0,-30.64928331151486,13.91514606507874
1.05,103250,photon,0,10.5,11,100000,0.99262,0.99262,0.00738,0.0,-33.740744550769875,14.593106457768288
1.05,103250,photon,0,10.5,12,100000,0.99436,0.99436,0.00564,0.0,-36.818779783294,15.252380733106387
1.05,103250,photon,1,10.578886748946001,1,100000,0.72123,0.72123,0.27877,0.0,-3.0822950592506135,4.395413077661689
1.05,103250,photon,1,10.578886748946001,2,100000,0.8144,0.8144,0.1856,0.0,-6.1657589262000645,6.2198066754525
1.05,103250,photon,1,10.578886748946001,3,100000,0.87587,0.87587,0.12413,0.0,-9.232577282389352,7.6247664825127375
1.05,103250,photon,1,10.578886748946001,4,100000,0.91973,0.91973,0.08027,0.0,-12.289342805359272,8.766075340009719
1.05,103250,photon,1,10.578886748946001,5,100000,0.94465,0.94465,0.05535,0.0,-15.367983073138301,9.810903543311447
1.05,103250,photon,1,10.578886748946001,6,100000,0.96136,0.96136,0.03864,0.0,-18.44914935085189,10.769774094633314
1.05,103250,photon,1,10.578886748946001,7,100000,0.97185,0.97185,0.02815,0.0,-21.5396730659098,11.645887493683132
1.05,103250,photon,1,10.578886748946001,8,100000,0.98016,0.98016,0.01984,0.0,-24.604328844384685,12.426865683667396
1.05,103250,photon,1,10.578886748946001,9,100000,0.98607,0.98607,0.01393,0.0,-27.691768274037006,13.166990924153732
1.05,103250,photon,1,10.578886748946001,10,100000,0.98972,0.98972,0.01028,0.0,-30.779545807397472,13.901430215093033
1.05,103250,photon,1,10.578886748946001,11,100000,0.99252,0.99252,0.00748,0.0,-33.85554570875763,14.56034797239288
1.05,103250,photon,1,10.578886748946001,12,100000,0.99441,0.99441,0.00559,0.0,-36.94256133355249,15.2050434271612
1.05,103250,photon,2,10.658366175907164,1,100000,0.72101,0.72101,0.27899,0.0,-3.082644578952372,4.402334714002678
1.05,103250,photon,2,10.658366175907164,2,100000,0.81485,0.81485,0.18515,0.0,-6.14736471706257,6.208250283453226
1.05,103250,photon,2,10.658366175907164,3,100000,0.87583,0.87583,0.12417,0.0,-9.230007188199377,7.62103917622646
1.05,103250,photon,2,10.658366175907164,4,100000,0.91797,0.91797,0.08203,0.0,-12.297364578723064,8.795867432861396
1.05,103250,photon,2,10.658366175907164,5,100000,0.94461,0.94461,0.05539,0.0,-15.3897076032771,9.815748166027824
1.05,103250,photon,2,10.658366175907164,6,100000,0.96132,0.96132,0.03868,0.0,-18.45833584381134,10.751872513079574
1.05,103250,photon,2,10.658366175907164,7,100000,0.97266,0.97266,0.02734,0.0,-21.555891000396922,11.63321909831201
1.05,103250,photon,2,10.658366175907164,8,100000,0.98029,0.98029,0.01971,0.0,-24.648533297863743,12.44800063404754
1.05,103250,photon,2,10.658366175907164,9,100000,0.98643,0.98643,0.01357,0.0,-27.730285543455825,13.174463437965722
1.05,103250,photon,2,10.658366175907164,10,100000,0.98979,0.98979,0.01021,0.0,-30.828744245957903,13.879605543025384
1.05,103250,photon,2,10.658366175907164,11,100000,0.9927,0.9927,0.0073,0.0,-33.900140907954814,14.562611621171015
1.05,103250,photon,2,10.658366175907164,12,100000,0.99477,0.99477,0.00523,0.0,-36.981845253831835,15.217818048935737
1.05,103250,photon,3,10.738442733687481,1,100000,0.72261,0.72261,0.27739,0.0,-3.1012782198823023,4.400295321231529
1.05,103250,photon,3,10.738442733687481,2,100000,0.81359,0.81359,0.18641,0.0,-6.161443578494826,6.218541598732082
1.05,103250,photon,3,10.738442733687481,3,100000,0.87636,0.87636,0.12364,0.0,-9.256877126313183,7.624686368897342
1.05,103250,photon,3,10.738442733687481,4,100000,0.91916,0.91916,0.08084,0.0,-12.344527720514224,8.80257967899404
1.05,103250,photon,3,10.738442733687481,5,100000,0.94458,0.94458,0.05542,0.0,-15.416751626172248,9.839653355700936
1.05,103250,photon,3,10.738442733687481,6,100000,0.96192,0.96192,0.03808,0.0,-18.50300806410995,10.778028818099802
1.05,103250,photon,3,10.738442733687481,7,100000,0.97242,0.97242,0.02758,0.0,-21.579668373542262,11.660444615635555
1.05,103250,photon,3,10.738442733687481,8,100000,0.98049,0.98049,0.01951,0.0,-24.686513794202202,12.482543424566053
1.05,103250,photon,3,10.738442733687481,9,100000,0.98647,0.98647,0.01353,0.0,-27.790161455880764,13.217343035423319
1.05,103250,photon,3,10.738442733687481,10,100000,0.99019,0.99019,0.00981,0.0,-30.884968172343736,13.93006333997315
1.05,103250,photon,3,10.738442733687481,11,100000,0.99284,0.99284,0.00716,0.0,-33.97312486912217,14.612488537492569
1.05,103250,photon,3,10.738442733687481,12,100000,0.99514,0.99514,0.00486,0.0,-37.05966484828972,15.238522257886453
1.05,103250,photon,4,10.81912090854495,1,100000,0.71842,0.71842,0.28158,0.0,-3.067439913463701,4.397320345046698
1.05,103250,photon,4,10.81912090854495,2,100000,0.81414,0.81414,0.18586,0.0,-6.162630860887042,6.213699357392326
1.05,103250,photon,4,10.81912090854495,3,100000,0.87761,0.87761,0.12239,0.0,-9.253755201021043,7.59272197599329
1.05,103250,photon,4,10.81912090854495,4,100000,0.9187,0.9187,0.0813,0.0,-12.336444909286865,8.790913425929194
1.05,103250,photon,4,10.81912090854495,5,100000,0.94532,0.94532,0.05468,0.0,-15.430930125838978,9.813489492334476
1.05,103250,photon,4,10.81912090854495,6,100000,0.96178,0.96178,0.03822,0.0,-18.528915546625342,10.744740459332537
1.05,103250,photon,4,10.81912090854495,7,100000,0.9731,0.9731,0.0269,0.0,-21.609749120067494,11.604571861655554
1.05,103250,photon,4,10.81912090854495,8,100000,0.98115,0.98115,0.01885,0.0,-24.691379957576935,12.431492248173921
1.05,103250,photon,4,10.81912090854495,9,100000,0.9866,0.9866,0.0134,0.0,-27.816796977107753,13.183516822961167
1.05,103250,photon,4,10.81912090854495,10,100000,0.99055,0.99055,0.00945,0.0,-30.90338945180729,13.885236546558637
1.05,103250,photon,4,10.81912090854495,11,100000,0.99334,0.99334,0.00666,0.0,-34.011161384100106,14.558908503874527
1.05,103250,photon,4,10.81912090854495,12,100000,0.99532,0.99532,0.00468,0.0,-37.11756598891453,15.208778237792531
1.05,103250,photon,5,10.900405220442927,1,100000,0.72074,0.72074,0.27926,0.0,-3.0767306081795844,4.402667754292251
1.05,103250,photon,5,10.900405220442927,2,100000,0.81363,0.81363,0.18637,0.0,-6.17113368359054,6.2198600170004354
1.05,103250,photon,5,10.900405220442927,3,100000,0.87837,0.87837,0.12163,0.0,-9.257854632173371,7.60340961939588
1.05,103250,photon,5,10.900405220442927,4,100000,0.92046,0.92046,0.07954,0.0,-12.353964009564567,8.778864204607572
1.05,103250,photon,5,10.900405220442927,5,100000,0.94505,0.94505,0.05495,0.0,-15.439175568350583,9.82636325821731
1.05,103250,photon,5,10.900405220442927,6,100000,0.9618,0.9618,0.0382,0.0,-18.529405715533034,10.772124541771326
1.05,103250,photon,5,10.900405220442927,7,100000,0.97303,0.97303,0.02697,0.0,-21.616697744378722,11.629730738245753
1.05,103250,photon,5,10.900405220442927,8,100000,0.98102,0.98102,0.01898,0.0,-24.718990688737556,12.438383893745044
1.05,103250,photon,5,10.900405220442927,9,100000,0.98638,0.98638,0.01362,0.0,-27.822899495099634,13.191810881499949
1.05,103250,photon,5,10.900405220442927,10,100000,0.99002,0.99002,0.00998,0.0,-30.899702910634055,13.921190700178492
1.05,103250,photon,5,10.900405220442927,11,100000,0.99255,0.99255,0.00745,0.0,-33.98555492224002,14.615367603397937
1.05,103250,photon,5,10.900405220442927,12,100000,0.99474,0.99474,0.00526,0.0,-37.107590774108985,15.266466396152449
1.05,103250,photon,6,10.98230022330338,1,100000,0.71934,0.71934,0.28066,0.0,-3.062683513741612,4.397977501054967
1.05,103250,photon,6,10.98230022330338,2,100000,0.81215,0.81215,0.18785,0.0,-6.133317981390254,6.214694815198658
1.05,103250,photon,6,10.98230022330338,3,100000,0.87539,0.87539,0.12461,0.0,-9.208391122134689,7.616557771841735
1.05,103250,photon,6,10.98230022330338,4,100000,0.91759,0.91759,0.08241,0.0,-12.26279820045551,8.803622525031031
1.05,103250,photon,6,10.98230022330338,5,100000,0.94355,0.94355,0.05645,0.0,-15.344457738334158,9.840181106224875
1.05,103250,photon,6,10.98230022330338,6,100000,0.96072,0.96072,0.03928,0.0,-18.43637455857804,10.783408235040843
1.05,103250,photon,6,10.98230022330338,7,100000,0.97251,0.97251,0.02749,0.0,-21.534382641257878,11.633885269519725
1.05,103250,photon,6,10.98230022330338,8,100000,0.98113,0.98113,0.01887,0.0,-24.623120291103014,12.405144289916823
1.05,103250,photon,6,10.98230022330338,9,100000,0.98676,0.98676,0.01324,0.0,-27.727870626772024,13.169661649474842
1.05,103250,photon,6,10.98230022330338,10,100000,0.99017,0.99017,0.00983,0.0,-30.822645461836988,13.877141117797619
1.05,103250,photon,6,10.98230022330338,11,100000,0.99319,0.99319,0.00681,0.0,-33.9147340470471,14.550938736537551
1.05,103250,photon,6,10.98230022330338,12,100000,0.995,0.995,0.005,0.0,-37.02278221813852,15.193143322751348
1.05,103250,photon,7,11.064810505261978,1,100000,0.71913,0.71913,0.28087,0.0,-3.079312052220699,4.40596688868777
1.05,103250,photon,7,11.064810505261978,2,100000,0.81408,0.81408,0.18592,0.0,-6.1953696055505905,6.233404975073886
1.05,103250,photon,7,11.064810505261978,3,100000,0.87622,0.87622,0.12378,0.0,-9.305832542479497,7.665159416429246
1.05,103250,photon,7,11.064810505261978,4,100000,0.91861,0.91861,0.08139,0.0,-12.399096824899967,8.839152575970418
1.05,103250,photon,7,11.064810505261978,5,100000,0.94517,0.94517,0.05483,0.0,-15.464231104167414,9.861155402638863
1.05,103250,photon,7,11.064810505261978,6,100000,0.96125,0.96125,0.03875,0.0,-18.55185801839887,10.783356124331414
1.05,103250,photon,7,11.064810505261978,7,100000,0.9725,0.9725,0.0275,0.0,-21.649626998866186,11.689430096440683
1.05,103250,photon,7,11.064810505261978,8,100000,0.98035,0.98035,0.01965,0.0,-24.749315020424117,12.468400305900344
1.05,103250,photon,7,11.064810505261978,9,100000,0.98594,0.98594,0.01406,0.0,-27.83975287254407,13.205076621248946
1.05,103250,photon,7,11.064810505261978,10,100000,0.99026,0.99026,0.00974,0.0,-30.940641536783225,13.940865997877989
1.05,103250,photon,7,11.064810505261978,11,100000,0.99298,0.99298,0.00702,0.0,-34.03638453614855,14.632531285134375
1.05,103250,photon,7,11.064810505261978,12,100000,0.99515,0.99515,0.00485,0.0,-37.13578737463286,15.28070565284337
1.05,103250,photon,8,11.147940688925186,1,100000,0.72152,0.72152,0.27848,0.0,-3.073309326887901,4.38386585354999
1.05,103250,photon,8,11.147940688925186,2,100000,0.81618,0.81618,0.18382,0.0,-6.175815645819986,6.20605292672556
1.05,103250,photon,8,11.147940688925186,3,100000,0.87773,0.87773,0.12227,0.0,-9.255868487713172,7.591151320489615
1.05,103250,photon,8,11.147940688925186,4,100000,0.92214,0.92214,0.07786,0.0,-12.373855241684545,8.75519270671168
1.05,103250,photon,8,11.147940688925186,5,100000,0.94724,0.94724,0.05276,0.0,-15.505183603340894,9.795920453547199
1.05,103250,photon,8,11.147940688925186,6,100000,0.96379,0.96379,0.03621,0.0,-18.636173950213063,10.732445007359738
1.05,103250,photon,8,11.147940688925186,7,100000,0.97489,0.97489,0.02511,0.0,-21.726083883133224,11.620780848748826
1.05,103250,photon,8,11.147940688925186,8,100000,0.98221,0.98221,0.01779,0.0,-24.822388142802282,12.415177149605828
1.05,103250,photon,8,11.147940688925186,9,100000,0.98754,0.98754,0.01246,0.0,-27.927471827345858,13.169239436979217
1.05,103250,photon,8,11.147940688925186,10,100000,0.99102,0.99102,0.00898,0.0,-31.0146085583501,13.872213856694504
1.05,103250,photon,8,11.147940688925186,11,100000,0.99347,0.99347,0.00653,0.0,-34.10625094333473,14.540789884792288
1.05,103250,photon,8,11.147940688925186,12,100000,0.99541,0.99541,0.00459,0.0,-37.22549993790464,15.180594855706264
1.05,103250,photon,9,11.231695431629198,1,100000,0.72077,0.72077,0.27923,0.0,-3.0873055372818503,4.402453093279317
1.05,103250,photon,9,11.231695431629198,2,100000,0.81635,0.81635,0.18365,0.0,-6.205833509363896,6.215032187710814
1.05,103250,photon,9,11.231695431629198,3,100000,0.878,0.878,0.122,0.0,-9.311248201025174,7.6268808678254185
1.05,103250,photon,9,11.231695431629198,4,100000,0.91877,0.91877,0.08123,0.0,-12.39927775100403,8.804007980308906
1.05,103250,photon,9,11.231695431629198,5,100000,0.94508,0.94508,0.05492,0.0,-15.488964674573541,9.827923996952133
1.05,103250,photon,9,11.231695431629198,6,100000,0.96196,0.96196,0.03804,0.0,-18.62606602032466,10.754653724148808
1.05,103250,photon,9,11.231695431629198,7,100000,0.97284,0.97284,0.02716,0.0,-21.761034928641003,11.62540503590507
1.05,103250,photon,9,11.231695431629198,8,100000,0.98153,0.98153,0.01847,0.0,-24.874061635589413,12.413730794104206
1.05,103250,photon,9,11.231695431629198,9,100000,0.9865,0.9865,0.0135,0.0,-27.97210336548486,13.173753094055664
1.05,103250,photon,9,11.231695431629198,10,100000,0.99044,0.99044,0.00956,0.0,-31.071420212743096,13.876487051211734
1.05,103250,photon,9,11.231695431629198,11,100000,0.99302,0.99302,0.00698,0.0,-34.16070142538278,14.568855491295379
1.05,103250,photon,9,11.231695431629198,12,100000,0.99489,0.99489,0.00511,0.0,-37.277383691239955,15.195013188075519
1.05,103250,photon,10,11.316079425700895,1,100000,0.72232,0.72232,0.27768,0.0,-3.0989834874344386,4.399992174661595
1.05,103250,photon,10,11.316079425700895,2,100000,0.81471,0.81471,0.18529,0.0,-6.222946602126049,6.238121470845928
1.05,103250,photon,10,11.316079425700895,3,100000,0.87898,0.87898,0.12102,0.0,-9.339398548068731,7.628429710738497
1.05,103250,photon,10,11.316079425700895,4,100000,0.92194,0.92194,0.07806,0.0,-12.461121015665897,8.811108114212717
1.05,103250,photon,10,11.316079425700895,5,100000,0.94646,0.94646,0.05354,0.0,-15.57483519779613,9.848400065358156
1.05,103250,photon,10,11.316079425700895,6,100000,0.96322,0.96322,0.03678,0.0,-18.700583339177914,10.78430590331066
1.05,103250,photon,10,11.316079425700895,7,100000,0.97416,0.97416,0.02584,0.0,-21.850223974629554,11.646662298515313
1.05,103250,photon,10,11.316079425700895,8,100000,0.98201,0.98201,0.01799,0.0,-24.98565074664587,12.45542700966828
1.05,103250,photon,10,11.316079425700895,9,100000,0.98677,0.98677,0.01323,0.0,-28.095571908034472,13.195487250592022
1.05,103250,photon,10,11.316079425700895,10,100000,0.99051,0.99051,0.00949,0.0,-31.226617269066022,13.893136872839571
1.05,103250,photon,10,11.316079425700895,11,100000,0.9932,0.9932,0.0068,0.0,-34.347661419806364,14.566335810037192
1.05,103250,photon,10,11.316079425700895,12,100000,0.99537,0.99537,0.00463,0.0,-37.462881180509726,15.20355624813103
1.05,103250,photon,11,11.401097398720731,1,100000,0.72418,0.72418,0.27582,0.0,-3.1164108873305425,4.40206286533726
1.05,103250,photon,11,11.401097398720731,2,100000,0.81858,0.81858,0.18142,0.0,-6.236826464984526,6.20503345932806
1.05,103250,photon,11,11.401097398720731,3,100000,0.88095,0.88095,0.11905,0.0,-9.374124184559582,7.612547718337163
1.05,103250,photon,11,11.401097398720731,4,100000,0.92292,0.92292,0.07708,0.0,-12.48561383896276,8.790355287005966
1.05,103250,photon,11,11.401097398720731,5,100000,0.94622,0.94622,0.05378,0.0,-15.59560103166726,9.827515468784341
1.05,103250,photon,11,11.401097398720731,6,100000,0.963,0.963,0.037,0.0,-18.703389014855194,10.745799022560488
1.05,103250,photon,11,11.401097398720731,7,100000,0.97406,0.97406,0.02594,0.0,-21.80864385242623,11.61462500335879
1.05,103250,photon,11,11.401097398720731,8,100000,0.98213,0.98213,0.01787,0.0,-24.932189077330655,12.410806258298523
1.05,103250,photon,11,11.401097398720731,9,100000,0.9871,0.9871,0.0129,0.0,-28.04817861779979,13.17246708690422
1.05,103250,photon,11,11.401097398720731,10,100000,0.99042,0.99042,0.00958,0.0,-31.17719325340481,13.896368645929053
1.05,103250,photon,11,11.401097398720731,11,100000,0.99336,0.99336,0.00664,0.0,-34.268992720938485,14.572880545588513
1.05,103250,photon,11,11.401097398720731,12,100000,0.99505,0.99505,0.00495,0.0,-37.38616746524378,15.221648041205336
1.05,103250,photon,12,11.486754113787567,1,100000,0.72282,0.72282,0.27718,0.0,-3.1074741933652974,4.395283815031051
1.05,103250,photon,12,11.486754113787567,2,100000,0.81724,0.81724,0.18276,0.0,-6.2150868719735834,6.204354190076879
1.05,103250,photon,12,11.486754113787567,3,100000,0.87879,0.87879,0.12121,0.0,-9.322195880851124,7.60830207593916
1.05,103250,photon,12,11.486754113787567,4,100000,0.92118,0.92118,0.07882,0.0,-12.436014569543637,8.794283624624256
1.05,103250,photon,12,11.486754113787567,5,100000,0.94685,0.94685,0.05315,0.0,-15.543177275128752,9.855771891355902
1.05,103250,photon,12,11.486754113787567,6,100000,0.96397,0.96397,0.03603,0.0,-18.666987654624734,10.778437149526832
1.05,103250,photon,12,11.486754113787567,7,100000,0.9753,0.9753,0.0247,0.0,-21.82191639527254,11.64086582659437
1.05,103250,photon,12,11.486754113787567,8,100000,0.9824,0.9824,0.0176,0.0,-24.97111600939991,12.463592369985431
1.05,103250,photon,12,11.486754113787567,9,100000,0.98734,0.98734,0.01266,0.0,-28.094107745830332,13.214420375566974
1.05,103250,photon,12,11.486754113787567,10,100000,0.99052,0.99052,0.00948,0.0,-31.18406402942742,13.928817543503659
1.05,103250,photon,12,11.486754113787567,11,100000,0.99367,0.99367,0.00633,0.0,-34.289317926411755,14.601065617621868
1.05,103250,photon,12,11.486754113787567,12,100000,0.99529,0.99529,0.00471,0.0,-37.402053159488155,15.263567612074556
1.05,103250,photon,13,11.573054369785543,1,100000,0.72341,0.72341,0.27659,0.0,-3.104394918240864,4.405590094172315
1.05,103250,photon,13,11.573054369785543,2,100000,0.81672,0.81672,0.18328,0.0,-6.235133721537147,6.230066284554783
1.05,103250,photon,13,11.573054369785543,3,100000,0.88026,0.88026,0.11974,0.0,-9.346917718280162,7.607842148723437
1.05,103250,photon,13,11.573054369785543,4,100000,0.92217,0.92217,0.07783,0.0,-12.492003390510382,8.806288148031962
1.05,103250,photon,13,11.573054369785543,5,100000,0.94727,0.94727,0.05273,0.0,-15.623938320352766,9.871899701896885
1.05,103250,photon,13,11.573054369785543,6,100000,0.96261,0.96261,0.03739,0.0,-18.747215402579467,10.819841024085735
1.05,103250,photon,13,11.573054369785543,7,100000,0.9741,0.9741,0.0259,0.0,-21.882548827553297,11.687513806090632
1.05,103250,photon,13,11.573054369785543,8,100000,0.98101,0.98101,0.01899,0.0,-24.998609445638596,12.494661859718484
1.05,103250,photon,13,11.573054369785543,9,100000,0.98686,0.98686,0.01314,0.0,-28.10981325070564,13.23292082626839
1.05,103250,photon,13,11.573054369785543,10,100000,0.99021,0.99021,0.00979,0.0,-31.229403151580062,13.952460889506947
1.05,103250,photon,13,11.573054369785543,11,100000,0.99271,0.99271,0.00729,0.0,-34.344165393861914,14.62446707526399
1.05,103250,photon,13,11.573054369785543,12,100000,0.99522,0.99522,0.00478,0.0,-37.485212330085545,15.260866220789215
1.05,103250,photon,14,11.660003001652942,1,100000,0.72312,0.72312,0.27688,0.0,-3.126635004744617,4.39848907207761
1.05,103250,photon,14,11.660003001652942,2,100000,0.81761,0.81761,0.18239,0.0,-6.252334201492648,6.219324050553887
1.05,103250,photon,14,11.660003001652942,3,100000,0.87987,0.87987,0.12013,0.0,-9.37871339895974,7.607452835159347
1.05,103250,photon,14,11.660003001652942,4,100000,0.92187,0.92187,0.07813,0.0,-12.508790980613366,8.791862032330261
1.05,103250,photon,14,11.660003001652942,5,100000,0.94748,0.94748,0.05252,0.0,-15.644553629564335,9.822426634361042
1.05,103250,photon,14,11.660003001652942,6,100000,0.96292,0.96292,0.03708,0.0,-18.776947717999757,10.78315311715842
1.05,103250,photon,14,11.660003001652942,7,100000,0.9742,0.9742,0.0258,0.0,-21.89383406065818,11.652892849442885
1.05,103250,photon,14,11.660003001652942,8,100000,0.98196,0.98196,0.01804,0.0,-25.040744139007813,12.474113606453878
1.05,103250,photon,14,11.660003001652942,9,100000,0.98715,0.98715,0.01285,0.0,-28.171155284835276,13.21548229009498
1.05,103250,photon,14,11.660003001652942,10,100000,0.99095,0.99095,0.00905,0.0,-31.311856091161726,13.940786375522654
1.05,103250,photon,14,11.660003001652942,11,100000,0.99365,0.99365,0.00635,0.0,-34.42917680424736,14.603923264278258
1.05,103250,photon,14,11.660003001652942,12,100000,0.99529,0.99529,0.00471,0.0,-37.52938020208218,15.267333090755342
1.05,103250,photon,15,11.747604880653032,1,100000,0.72442,0.72442,0.27558,0.0,-3.1381358058759266,4.407823488468828
1.05,103250,photon,15,11.747604880653032,2,100000,0.8183,0.8183,0.1817,0.0,-6.248746765019533,6.226990119311829
1.05,103250,photon,15,11.747604880653032,3,100000,0.88068,0.88068,0.11932,0.0,-9.373216771715082,7.624232633931433
1.05,103250,photon,15,11.747604880653032,4,100000,0.9223,0.9223,0.0777,0.0,-12.495919389796795,8.811293216732631
1.05,103250,photon,15,11.747604880653032,5,100000,0.94789,0.94789,0.05211,0.0,-15.632138194056772,9.854786936810557
1.05,103250,photon,15,11.747604880653032,6,100000,0.96415,0.96415,0.03585,0.0,-18.74870394138054,10.78344702230246
1.05,103250,photon,15,11.747604880653032,7,100000,0.97464,0.97464,0.02536,0.0,-21.88120329730263,11.644837221240875
1.05,103250,photon,15,11.747604880653032,8,100000,0.98209,0.98209,0.01791,0.0,-25.029117724511487,12.441637868024397
1.05,103250,photon,15,11.747604880653032,9,100000,0.98729,0.98729,0.01271,0.0,-28.168200200786337,13.195372888395971
1.05,103250,photon,15,11.747604880653032,10,100000,0.99097,0.99097,0.00903,0.0,-31.29164214220248,13.918600505142704
1.05,103250,photon,15,11.747604880653032,11,100000,0.99336,0.99336,0.00664,0.0,-34.40664397951942,14.601856091631378
1.05,103250,photon,15,11.747604880653032,12,100000,0.99532,0.99532,0.00468,0.0,-37.52906772813788,15.254986018910655
1.05,103250,photon,16,11.835864914647022,1,100000,0.72397,0.72397,0.27603,0.0,-3.127838496893217,4.411614072175845
1.05,103250,photon,16,11.835864914647022,2,100000,0.81572,0.81572,0.18428,0.0,-6.242371350878809,6.231200280225808
1.05,103250,photon,16,11.835864914647022,3,100000,0.87877,0.87877,0.12123,0.0,-9.357849744893963,7.621897182537278
1.05,103250,photon,16,11.835864914647022,4,100000,0.92303,0.92303,0.07697,0.0,-12.521963126910007,8.796076949783323
1.05,103250,photon,16,11.835864914647022,5,100000,0.94766,0.94766,0.05234,0.0,-15.660504894699915,9.83764018058046
1.05,103250,photon,16,11.835864914647022,6,100000,0.96469,0.96469,0.03531,0.0,-18.800010064490248,10.772279084793817
1.05,103250,photon,16,11.835864914647022,7,100000,0.97519,0.97519,0.02481,0.0,-21.933527208004858,11.633449733570457
1.05,103250,photon,16,11.835864914647022,8,100000,0.9826,0.9826,0.0174,0.0,-25.067699969265565,12.458431536877127
1.05,103250,photon,16,11.835864914647022,9,100000,0.98764,0.98764,0.01236,0.0,-28.19563330643797,13.206053473218855
1.05,103250,photon,16,11.835864914647022,10,100000,0.99091,0.99091,0.00909,0.0,-31.37422430227106,13.941887189447463
1.05,103250,photon,16,11.835864914647022,11,100000,0.99357,0.99357,0.00643,0.0,-34.49789984430702,14.626143880597004
1.05,103250,photon,16,11.835864914647022,12,100000,0.99526,0.99526,0.00474,0.0,-37.61075486001615,15.283617755491187
1.05,103250,photon,17,11.924788048368978,1,100000,0.7226,0.7226,0.2774,0.0,-3.1188996448573123,4.4077680482971155
1.05,103250,photon,17,11.924788048368978,2,100000,0.81848,0.81848,0.18152,0.0,-6.259412764378854,6.229562795631595
1.05,103250,photon,17,11.924788048368978,3,100000,0.8811,0.8811,0.1189,0.0,-9.403737540864158,7.62321975293952
1.05,103250,photon,17,11.924788048368978,4,100000,0.92259,0.92259,0.07741,0.0,-12.53711149149809,8.818454323424351
1.05,103250,photon,17,11.924788048368978,5,100000,0.94763,0.94763,0.05237,0.0,-15.685111872471811,9.87048313006859
1.05,103250,photon,17,11.924788048368978,6,100000,0.9637,0.9637,0.0363,0.0,-18.826161395675438,10.81954520528955
1.05,103250,photon,17,11.924788048368978,7,100000,0.97398,0.97398,0.02602,0.0,-21.973589685046264,11.70966865996124
1.05,103250,photon,17,11.924788048368978,8,100000,0.98129,0.98129,0.01871,0.0,-25.09606444904898,12.525358524596369
1.05,103250,photon,17,11.924788048368978,9,100000,0.98669,0.98669,0.01331,0.0,-28.220253262431306,13.262857415646078
1.05,103250,photon,17,11.924788048368978,10,100000,0.99061,0.99061,0.00939,0.0,-31.352690098988415,13.935435140167945
1.05,103250,photon,17,11.924788048368978,11,100000,0.99341,0.99341,0.00659,0.0,-34.48001025869389,14.614773893715551
1.05,103250,photon,17,11.924788048368978,12,100000,0.9954,0.9954,0.0046,0.0,-37.62754703625645,15.267855886155314
1.05,103250,photon,18,12.014379263702873,1,100000,0.72353,0.72353,0.27647,0.0,-3.1321912078005236,4.413880731111547
1.05,103250,photon,18,12.014379263702873,2,100000,0.81709,0.81709,0.18291,0.0,-6.263779361708582,6.232378935247682
1.05,103250,photon,18,12.014379263702873,3,100000,0.87969,0.87969,0.12031,0.0,-9.404170075928732,7.658122722462987
1.05,103250,photon,18,12.014379263702873,4,100000,0.92287,0.92287,0.07713,0.0,-12.55409341219893,8.827342069022816
1.05,103250,photon,18,12.014379263702873,5,100000,0.94815,0.94815,0.05185,0.0,-15.695345257894056,9.855057376586071
1.05,103250,photon,18,12.014379263702873,6,100000,0.96466,0.96466,0.03534,0.0,-18.817370640834746,10.80534067259881
1.05,103250,photon,18,12.014379263702873,7,100000,0.97461,0.97461,0.02539,0.0,-21.927585635791033,11.669317304046038
1.05,103250,photon,18,12.014379263702873,8,100000,0.98216,0.98216,0.01784,0.0,-25.090692521601465,12.460246086607597
1.05,103250,photon,18,12.014379263702873,9,100000,0.98738,0.98738,0.01262,0.0,-28.240074754356822,13.221111796953876
1.05,103250,photon,18,12.014379263702873,10,100000,0.99107,0.99107,0.00893,0.0,-31.408067301935954,13.946653683990139
1.05,103250,photon,18,12.014379263702873,11,100000,0.99363,0.99363,0.00637,0.0,-34.54924944419466,14.60369360976299
1.05,103250,photon,18,12.014379263702873,12,100000,0.99545,0.99545,0.00455,0.0,-37.678304420827814,15.23848520012472
1.05,103250,photon,19,12.104643579961705,1,100000,0.72505,0.72505,0.27495,0.0,-3.14264145683492,4.408872560059531
1.05,103250,photon,19,12.104643579961705,2,100000,0.81994,0.81994,0.18006,0.0,-6.290116370857149,6.217583693037436
1.05,103250,photon,19,12.104643579961705,3,100000,0.88213,0.88213,0.11787,0.0,-9.462903571904258,7.623350458897896
1.05,103250,photon,19,12.104643579961705,4,100000,0.92463,0.92463,0.07537,0.0,-12.623594392354908,8.805211202165522
1.05,103250,photon,19,12.104643579961705,5,100000,0.94909,0.94909,0.05091,0.0,-15.778461206047696,9.831880375789966
1.05,103250,photon,19,12.104643579961705,6,100000,0.96514,0.96514,0.03486,0.0,-18.94014570967891,10.778708832242188
1.05,103250,photon,19,12.104643579961705,7,100000,0.9757,0.9757,0.0243,0.0,-22.082486878556228,11.668767973646158
1.05,103250,photon,19,12.104643579961705,8,100000,0.98262,0.98262,0.01738,0.0,-25.245564636892578,12.469043319036356
1.05,103250,photon,19,12.104643579961705,9,100000,0.98781,0.98781,0.01219,0.0,-28.39027932146928,13.21747962697623
1.05,103250,photon,19,12.104643579961705,10,100000,0.9912,0.9912,0.0088,0.0,-31.57157196374112,13.946063705407258
1.05,103250,photon,19,12.104643579961705,11,100000,0.99369,0.99369,0.00631,0.0,-34.72098393782289,14.628822544955918
1.05,103250,photon,19,12.104643579961705,12,100000,0.99555,0.99555,0.00445,0.0,-37.85411002972331,15.277387566652989
1.05,103250,su2,0,10.5,1,100000,0.82603,0.17397,0.82603,0.0,1.7473170557411384,1.734388102188697
1.05,103250,su2,0,10.5,2,100000,0.90846,0.09154,0.90846,0.0,3.479348447757142,2.4449607352807075
1.05,103250,su2,0,10.5,3,100000,0.94278,0.05722,0.94278,0.0,5.2018639463940435,3.003847606064263
1.05,103250,su2,0,10.5,4,100000,0.96041,0.03959,0.96041,0.0,6.924295757103689,3.4718833238776097
1.05,103250,su2,0,10.5,5,100000,0.97373,0.02627,0.97373,0.0,8.654062962272567,3.8830544680902364
1.05,103250,su2,0,10.5,6,100000,0.98204,0.01796,0.98204,0.0,10.380110571571597,4.259193055483064
1.05,103250,su2,0,10.5,7,100000,0.98741,0.01259,0.98741,0.0,12.101694515684638,4.6019955744956045
1.05,103250,su2,0,10.5,8,100000,0.9911,0.0089,0.9911,0.0,13.823600985376464,4.918800764454739
1.05,103250,su2,0,10.5,9,100000,0.99407,0.00593,0.99407,0.0,15.533307031329613,5.211936619527891
1.05,103250,su2,0,10.5,10,100000,0.9957,0.0043,0.9957,0.0,17.25603969174441,5.501639530593921
1.05,103250,su2,0,10.5,11,100000,0.9968,0.0032,0.9968,0.0,18.971041968350093,5.776630508022895
1.05,103250,su2,0,10.5,12,100000,0.9977,0.0023,0.9977,0.0,20.69526138960984,6.028110790786127
1.05,103250,su2,1,12.013892726046072,1,100000,0.82577,0.17423,0.82577,0.0,1.7466287927677622,1.7380636464116086
1.05,103250,su2,1,12.013892726046072,2,100000,0.90608,0.09392,0.90608,0.0,3.4628069699054165,2.472410674984668
1.05,103250,su2,1,12.013892726046072,3,100000,0.94141,0.05859,0.94141,0.0,5.191056441832618,3.028039462791803
1.05,103250,su2,1,12.013892726046072,4,100000,0.95879,0.04121,0.95879,0.0,6.906996979219098,3.499710933408843
1.05,103250,su2,1,12.013892726046072,5,100000,0.97129,0.02871,0.97129,0.0,8.625577477067228,3.92315617612705
1.05,103250,su2,1,12.013892726046072,6,100000,0.98039,0.01961,0.98039,0.0,10.343796879809412,4.293647159017817
1.05,103250,su2,1,12.013892726046072,7,100000,0.98587,0.01413,0.98587,0.0,12.065752771966569,4.636738700858625
1.05,103250,su2,1,12.013892726046072,8,100000,0.99007,0.00993,0.99007,0.0,13.779648543971422,4.953212112628651
1.05,103250,su2,1,12.013892726046072,9,100000,0.99344,0.00656,0.99344,0.0,15.494270747581409,5.253611323023521
1.05,103250,su2,1,12.013892726046072,10,100000,0.99545,0.00455,0.99545,0.0,17.206305335697248,5.543017848851189
1.05,103250,su2,1,12.013892726046072,11,100000,0.99672,0.00328,0.99672,0.0,18.92083035662571,5.819536283955844
1.05,103250,su2,1,12.013892726046072,12,100000,0.99773,0.00227,0.99773,0.0,20.636024715645338,6.087926696808067
1.05,103250,su2,2,13.74605889837549,1,100000,0.82544,0.17456,0.82544,0.0,1.733479365714085,1.7383423705765635
1.05,103250,su2,2,13.74605889837549,2,100000,0.90562,0.09438,0.90562,0.0,3.4518593765599244,2.462716834244919
1.05,103250,su2,2,13.74605889837549,3,100000,0.94168,0.05832,0.94168,0.0,5.150765903343684,3.023505958063228
1.05,103250,su2,2,13.74605889837549,4,100000,0.95792,0.04208,0.95792,0.0,6.856851583103554,3.4975070338382053
1.05,103250,su2,2,13.74605889837549,5,100000,0.97037,0.02963,0.97037,0.0,8.56246839444632,3.918702921079111
1.05,103250,su2,2,13.74605889837549,6,100000,0.98014,0.01986,0.98014,0.0,10.263782950859401,4.286618173930348
1.05,103250,su2,2,13.74605889837549,7,100000,0.98559,0.01441,0.98559,0.0,11.963719253334098,4.6379078712266635
1.05,103250,su2,2,13.74605889837549,8,100000,0.9904,0.0096,0.9904,0.0,13.663532761459031,4.960377256013874
1.05,103250,su2,2,13.74605889837549,9,100000,0.99338,0.00662,0.99338,0.0,15.368054172928955,5.2722491606753215
1.05,103250,su2,2,13.74605889837549,10,100000,0.99554,0.00446,0.99554,0.0,17.073716582822353,5.5562057996657375
1.05,103250,su2,2,13.74605889837549,11,100000,0.99687,0.00313,0.99687,0.0,18.779328616263793,5.829994338025854
1.05,103250,su2,2,13.74605889837549,12,100000,0.99778,0.00222,0.99778,0.0,20.481449245867726,6.08410490530855
1.05,103250,su2,3,15.727969239142302,1,100000,0.82375,0.17625,0.82375,0.0,1.731661147118406,1.7538929452466117
1.05,103250,su2,3,15.727969239142302,2,100000,0.90545,0.09455,0.90545,0.0,3.4327643682121947,2.488802650610279
1.05,103250,su2,3,15.727969239142302,3,100000,0.93944,0.06056,0.93944,0.0,5.139159044879465,3.0509258672214963
1.05,103250,su2,3,15.727969239142302,4,100000,0.95709,0.04291,0.95709,0.0,6.849233072515733,3.531490117272656
1.05,103250,su2,3,15.727969239142302,5,100000,0.96957,0.03043,0.96957,0.0,8.546663936052823,3.9518763301176296
1.05,103250,su2,3,15.727969239142302,6,100000,0.97886,0.02114,0.97886,0.0,10.253452930446914,4.320723771533512
1.05,103250,su2,3,15.727969239142302,7,100000,0.98539,0.01461,0.98539,0.0,11.956742269737159,4.664990191176903
1.05,103250,su2,3,15.727969239142302,8,100000,0.98975,0.01025,0.98975,0.0,13.660595285282028,4.984227702432444
1.05,103250,su2,3,15.727969239142302,9,100000,0.99274,0.00726,0.99274,0.0,15.366118983163044,5.2782922939898596
1.05,103250,su2,3,15.727969239142302,10,100000,0.9945,0.0055,0.9945,0.0,17.06815919152489,5.567060241212065
1.05,103250,su2,3,15.727969239142302,11,100000,0.99652,0.00348,0.99652,0.0,18.761689266341122,5.835953945372194
1.05,103250,su2,3,15.727969239142302,12,100000,0.99754,0.00246,0.99754,0.0,20.470459884718764,6.097116864912058
1.05,103250,su2,4,17.995631927391237,1,100000,0.82235,0.17765,0.82235,0.0,1.7198355578460858,1.765279273979892
1.05,103250,su2,4,17.995631927391237,2,100000,0.90265,0.09735,0.90265,0.0,3.423680123841887,2.4930365173085103
1.05,103250,su2,4,17.995631927391237,3,100000,0.93735,0.06265,0.93735,0.0,5.117037882533816,3.0636448023227505
1.05,103250,su2,4,17.995631927391237,4,100000,0.9554,0.0446,0.9554,0.0,6.805542094055388,3.5502789369969
1.05,103250,su2,4,17.995631927391237,5,100000,0.96955,0.03045,0.96955,0.0,8.49544721398797,3.96788313947591
1.05,103250,su2,4,17.995631927391237,6,100000,0.97815,0.02185,0.97815,0.0,10.186916254594282,4.344834349747748
1.05,103250,su2,4,17.995631927391237,7,100000,0.98495,0.01505,0.98495,0.0,11.895854801124262,4.687667958043874
1.05,103250,su2,4,17.995631927391237,8,100000,0.98929,0.01071,0.98929,0.0,13.597788437120759,5.01473444721506
1.05,103250,su2,4,17.995631927391237,9,100000,0.99215,0.00785,0.99215,0.0,15.285018927660694,5.322094614999007
1.05,103250,su2,4,17.995631927391237,10,100000,0.99443,0.00557,0.99443,0.0,16.976224553653672,5.601240989955883
1.05,103250,su2,4,17.995631927391237,11,100000,0.99595,0.00405,0.99595,0.0,18.672871482192985,5.879150007109762
1.05,103250,su2,4,17.995631927391237,12,100000,0.99724,0.00276,0.99724,0.0,20.366031965305904,6.135071545550636
1.05,103250,su2,5,20.59024681077029,1,100000,0.82267,0.17733,0.82267,0.0,1.7192132498041326,1.767411885500762
1.05,103250,su2,5,20.59024681077029,2,100000,0.90171,0.09829,0.90171,0.0,3.4106896925363843,2.502127932058172
1.05,103250,su2,5,20.59024681077029,3,100000,0.93766,0.06234,0.93766,0.0,5.107449646135736,3.0661706100283492
1.05,103250,su2,5,20.59024681077029,4,100000,0.95625,0.04375,0.95625,0.0,6.799240236342504,3.5387294420398967
1.05,103250,su2,5,20.59024681077029,5,100000,0.96801,0.03199,0.96801,0.0,8.480097855012467,3.9674964569664324
1.05,103250,su2,5,20.59024681077029,6,100000,0.97821,0.02179,0.97821,0.0,10.171488776522756,4.347528930818916
1.05,103250,su2,5,20.59024681077029,7,100000,0.9844,0.0156,0.9844,0.0,11.862609615229356,4.6985175385686455
1.05,103250,su2,5,20.59024681077029,8,100000,0.98891,0.01109,0.98891,0.0,13.554064859583436,5.024942971736635
1.05,103250,su2,5,20.59024681077029,9,100000,0.99221,0.00779,0.99221,0.0,15.249541192951298,5.32745175586212
1.05,103250,su2,5,20.59024681077029,10,100000,0.99439,0.00561,0.99439,0.0,16.949796319443333,5.628960804891086
1.05,103250,su2,5,20.59024681077029,11,100000,0.99589,0.00411,0.99589,0.0,18.63477076515057,5.908790511475649
1.05,103250,su2,5,20.59024681077029,12,100000,0.99727,0.00273,0.99727,0.0,20.325965794885274,6.172139277764242
1.05,103250,su2,6,23.558953941657748,1,100000,0.81928,0.18072,0.81928,0.0,1.7002304742125047,1.7805490334404552
1.05,103250,su2,6,23.558953941657748,2,100000,0.89925,0.10075,0.89925,0.0,3.396955681293953,2.5186759338003277
1.05,103250,su2,6,23.558953941657748,3,100000,0.93591,0.06409,0.93591,0.0,5.085352892382417,3.0891935018862764
1.05,103250,su2,6,23.558953941657748,4,100000,0.95356,0.04644,0.95356,0.0,6.766987654610319,3.5742979255655563
1.05,103250,su2,6,23.558953941657748,5,100000,0.96728,0.03272,0.96728,0.0,8.452219192561161,4.007266674073546
1.05,103250,su2,6,23.558953941657748,6,100000,0.97694,0.02306,0.97694,0.0,10.145615230595306,4.385409757717181
1.05,103250,su2,6,23.558953941657748,7,100000,0.98385,0.01615,0.98385,0.0,11.83822603041321,4.731739245433145
1.05,103250,su2,6,23.558953941657748,8,100000,0.98834,0.01166,0.98834,0.0,13.518053745863472,5.059442349809078
1.05,103250,su2,6,23.558953941657748,9,100000,0.99116,0.00884,0.99116,0.0,15.204532901590154,5.37360978517517
1.05,103250,su2,6,23.558953941657748,10,100000,0.99389,0.00611,0.99389,0.0,16.88739196842753,5.666686322354622
1.05,103250,su2,6,23.558953941657748,11,100000,0.99566,0.00434,0.99566,0.0,18.57990473296195,5.929809066727572
1.05,103250,su2,6,23.558953941657748,12,100000,0.99701,0.00299,0.99701,0.0,20.26812295880952,6.188903350419127
1.05,103250,su2,7,26.95569003742252,1,100000,0.82021,0.17979,0.82021,0.0,1.7119524491385716,1.770932128638318
1.05,103250,su2,7,26.95569003742252,2,100000,0.90027,0.09973,0.90027,0.0,3.3987708936587127,2.5141496277959257
1.05,103250,su2,7,26.95569003742252,3,100000,0.9369,0.0631,0.9369,0.0,5.082129402176509,3.0847800138987465
1.05,103250,su2,7,26.95569003742252,4,100000,0.95425,0.04575,0.95425,0.0,6.751013629856357,3.5661265855939477
1.05,103250,su2,7,26.95569003742252,5,100000,0.96724,0.03276,0.96724,0.0,8.428065262455856,3.987419023059599
1.05,103250,su2,7,26.95569003742252,6,100000,0.97719,0.02281,0.97719,0.0,10.103876212502831,4.368660894276605
1.05,103250,su2,7,26.95569003742252,7,100000,0.98341,0.01659,0.98341,0.0,11.783122228718119,4.720541349402009
1.05,103250,su2,7,26.95569003742252,8,100000,0.98832,0.01168,0.98832,0.0,13.4648282478659,5.047519050364496
1.05,103250,su2,7,26.95569003742252,9,100000,0.99167,0.00833,0.99167,0.0,15.148856413295984,5.352682663231234
1.05,103250,su2,7,26.95569003742252,10,100000,0.99414,0.00586,0.99414,0.0,16.827954242292908,5.640289273520999
1.05,103250,su2,7,26.95569003742252,11,100000,0.99588,0.00412,0.99588,0.0,18.50479034776838,5.9231897886305624
1.05,103250,su2,7,26.95569003742252,12,100000,0.99696,0.00304,0.99696,0.0,20.17815569728958,6.188042917570206
1.05,103250,su2,8,30.842168425346934,1,100000,0.81738,0.18262,0.81738,0.0,1.6903921590851418,1.7899774609005619
1.05,103250,su2,8,30.842168425346934,2,100000,0.89905,0.10095,0.89905,0.0,3.377159892676112,2.5369692697770856
1.05,103250,su2,8,30.842168425346934,3,100000,0.93441,0.06559,0.93441,0.0,5.059586650323608,3.103307073489882
1.05,103250,su2,8,30.842168425346934,4,100000,0.95358,0.04642,0.95358,0.0,6.745790225679507,3.575982286150964
1.05,103250,su2,8,30.842168425346934,5,100000,0.96708,0.03292,0.96708,0.0,8.439850278603483,3.991536377967729
1.05,103250,su2,8,30.842168425346934,6,100000,0.97723,0.02277,0.97723,0.0,10.121995379215136,4.369645416015453
1.05,103250,su2,8,30.842168425346934,7,100000,0.98431,0.01569,0.98431,0.0,11.807904148509778,4.7161024101223346
1.05,103250,su2,8,30.842168425346934,8,100000,0.98885,0.01115,0.98885,0.0,13.490860489846531,5.040474524679481
1.05,103250,su2,8,30.842168425346934,9,100000,0.99207,0.00793,0.99207,0.0,15.173650717266108,5.349309206139314
1.05,103250,su2,8,30.842168425346934,10,100000,0.99449,0.00551,0.99449,0.0,16.857437626879403,5.639204327991248
1.05,103250,su2,8,30.842168425346934,11,100000,0.99593,0.00407,0.99593,0.0,18.541341458338874,5.918130803261001
1.05,103250,su2,8,30.842168425346934,12,100000,0.99686,0.00314,0.99686,0.0,20.225145078894002,6.188467469531994
1.05,103250,su2,9,35.28900027626318,1,100000,0.81912,0.18088,0.81912,0.0,1.7011702013344752,1.7789387567127302
1.05,103250,su2,9,35.28900027626318,2,100000,0.90061,0.09939,0.90061,0.0,3.388558732422862,2.515662719828557
1.05,103250,su2,9,35.28900027626318,3,100000,0.93587,0.06413,0.93587,0.0,5.069209480715035,3.082700155789439
1.05,103250,su2,9,35.28900027626318,4,100000,0.95362,0.04638,0.95362,0.0,6.747067402308983,3.5626808468640743
1.05,103250,su2,9,35.28900027626318,5,100000,0.96721,0.03279,0.96721,0.0,8.424637830966098,3.9850673912589345
1.05,103250,su2,9,35.28900027626318,6,100000,0.97697,0.02303,0.97697,0.0,10.101963180681789,4.354342339251376
1.05,103250,su2,9,35.28900027626318,7,100000,0.9839,0.0161,0.9839,0.0,11.781809566324046,4.710478817816675
1.05,103250,su2,9,35.28900027626318,8,100000,0.98883,0.01117,0.98883,0.0,13.449574920961847,5.036840487099797
1.05,103250,su2,9,35.28900027626318,9,100000,0.99231,0.00769,0.99231,0.0,15.134803593018521,5.332021798806773
1.05,103250,su2,9,35.28900027626318,10,100000,0.99461,0.00539,0.99461,0.0,16.802915257208625,5.623358526039602
1.05,103250,su2,9,35.28900027626318,11,100000,0.9963,0.0037,0.9963,0.0,18.46450561747128,5.905117682734048
1.05,103250,su2,9,35.28900027626318,12,100000,0.99728,0.00272,0.99728,0.0,20.134646791052013,6.188714947354981
1.05,103250,su2,10,40.376977497946264,1,100000,0.8172,0.1828,0.8172,0.0,1.696311655647144,1.780363109530668
1.05,103250,su2,10,40.376977497946264,2,100000,0.90057,0.09943,0.90057,0.0,3.3835229458679104,2.5117343790048174
1.05,103250,su2,10,40.376977497946264,3,100000,0.93482,0.06518,0.93482,0.0,5.063346759636458,3.092144053290526
1.05,103250,su2,10,40.376977497946264,4,100000,0.95401,0.04599,0.95401,0.0,6.7444817468352865,3.5649381590616587
1.05,103250,su2,10,40.376977497946264,5,100000,0.96747,0.03253,0.96747,0.0,8.423320620026914,3.98420019057862
1.05,103250,su2,10,40.376977497946264,6,100000,0.97667,0.02333,0.97667,0.0,10.09859307078674,4.366977479568039
1.05,103250,su2,10,40.376977497946264,7,100000,0.9843,0.0157,0.9843,0.0,11.781462040687902,4.704848565014864
1.05,103250,su2,10,40.376977497946264,8,100000,0.98872,0.01128,0.98872,0.0,13.449317005671293,5.033301727837976
1.05,103250,su2,10,40.376977497946264,9,100000,0.99172,0.00828,0.99172,0.0,15.120008933137152,5.3436626332766775
1.05,103250,su2,10,40.376977497946264,10,100000,0.9942,0.0058,0.9942,0.0,16.78974923051816,5.634107472421263
1.05,103250,su2,10,40.376977497946264,11,100000,0.99574,0.00426,0.99574,0.0,18.465197247317786,5.911408744966805
1.05,103250,su2,10,40.376977497946264,12,100000,0.99694,0.00306,0.99694,0.0,20.12779850405039,6.176258552049843
1.05,103250,su2,11,46.19854059640977,1,100000,0.81786,0.18214,0.81786,0.0,1.6984309995927924,1.7864498321548758
1.05,103250,su2,11,46.19854059640977,2,100000,0.89933,0.10067,0.89933,0.0,3.3786914073772367,2.5344473670157077
1.05,103250,su2,11,46.19854059640977,3,100000,0.93484,0.06516,0.93484,0.0,5.054744638989187,3.1020162208567084
1.05,103250,su2,11,46.19854059640977,4,100000,0.95167,0.04833,0.95167,0.0,6.724457419188275,3.5901998892801767
1.05,103250,su2,11,46.19854059640977,5,100000,0.9655,0.0345,0.9655,0.0,8.391227969407579,4.020606352203815
1.05,103250,su2,11,46.19854059640977,6,100000,0.97458,0.02542,0.97458,0.0,10.055220080900009,4.420413636319482
1.05,103250,su2,11,46.19854059640977,7,100000,0.98202,0.01798,0.98202,0.0,11.725084662297418,4.774735977299662
1.05,103250,su2,11,46.19854059640977,8,100000,0.98727,0.01273,0.98727,0.0,13.40194948642311,5.102600081879636
1.05,103250,su2,11,46.19854059640977,9,100000,0.99083,0.00917,0.99083,0.0,15.065095021576516,5.409112640627609
1.05,103250,su2,11,46.19854059640977,10,100000,0.99343,0.00657,0.99343,0.0,16.726012400510452,5.702984327663707
1.05,103250,su2,11,46.19854059640977,11,100000,0.99514,0.00486,0.99514,0.0,18.392973291418606,5.982085231063894
1.05,103250,su2,11,46.19854059640977,12,100000,0.99646,0.00354,0.99646,0.0,20.057140517289756,6.246813316601152
1.05,103250,su2,12,52.85945817382395,1,100000,0.81778,0.18222,0.81778,0.0,1.686297447288199,1.79360872575693
1.05,103250,su2,12,52.85945817382395,2,100000,0.89981,0.10019,0.89981,0.0,3.3672270461585216,2.53735534445776
1.05,103250,su2,12,52.85945817382395,3,100000,0.93417,0.06583,0.93417,0.0,5.036761478803037,3.110509212464809
1.05,103250,su2,12,52.85945817382395,4,100000,0.9512,0.0488,0.9512,0.0,6.7068090578386865,3.595152902066562
1.05,103250,su2,12,52.85945817382395,5,100000,0.96563,0.03437,0.96563,0.0,8.371576787451867,4.0190737772522604
1.05,103250,su2,12,52.85945817382395,6,100000,0.97503,0.02497,0.97503,0.0,10.027115620790829,4.409212119603816
1.05,103250,su2,12,52.85945817382395,7,100000,0.98177,0.01823,0.98177,0.0,11.69211361537799,4.770489344036426
1.05,103250,su2,12,52.85945817382395,8,100000,0.98744,0.01256,0.98744,0.0,13.35787316530696,5.093128726046905
1.05,103250,su2,12,52.85945817382395,9,100000,0.99076,0.00924,0.99076,0.0,15.021352891175185,5.413790192616205
1.05,103250,su2,12,52.85945817382395,10,100000,0.99349,0.00651,0.99349,0.0,16.681458691862144,5.704814203420926
1.05,103250,su2,12,52.85945817382395,11,100000,0.99499,0.00501,0.99499,0.0,18.35520439437761,5.97235355619222
1.05,103250,su2,12,52.85945817382395,12,100000,0.99663,0.00337,0.99663,0.0,20.019362525829692,6.228553940440665
1.05,103250,su2,13,60.48074857687998,1,100000,0.81368,0.18632,0.81368,0.0,1.6712326700951698,1.803936202881504
1.05,103250,su2,13,60.48074857687998,2,100000,0.89806,0.10194,0.89806,0.0,3.3569542747853016,2.5342903790499873
1.05,103250,su2,13,60.48074857687998,3,100000,0.93304,0.06696,0.93304,0.0,5.022614029117899,3.105678539505118
1.05,103250,su2,13,60.48074857687998,4,100000,0.95126,0.04874,0.95126,0.0,6.688851291478176,3.5937939051674292
1.05,103250,su2,13,60.48074857687998,5,100000,0.96638,0.03362,0.96638,0.0,8.3626861312172,4.011742046907075
1.05,103250,su2,13,60.48074857687998,6,100000,0.97559,0.02441,0.97559,0.0,10.024745757318065,4.394190780638685
1.05,103250,su2,13,60.48074857687998,7,100000,0.98286,0.01714,0.98286,0.0,11.695978779766106,4.748174934872781
1.05,103250,su2,13,60.48074857687998,8,100000,0.98785,0.01215,0.98785,0.0,13.362943815985478,5.07295705315999
1.05,103250,su2,13,60.48074857687998,9,100000,0.99132,0.00868,0.99132,0.0,15.029272632995166,5.374253090143944
1.05,103250,su2,13,60.48074857687998,10,100000,0.99375,0.00625,0.99375,0.0,16.691197991907654,5.664781468288406
1.05,103250,su2,13,60.48074857687998,11,100000,0.99539,0.00461,0.99539,0.0,18.359138314103966,5.933015475544621
1.05,103250,su2,13,60.48074857687998,12,100000,0.99659,0.00341,0.99659,0.0,20.03101443189782,6.2050036479221085
1.05,103250,su2,14,69.20087860891422,1,100000,0.81462,0.18538,0.81462,0.0,1.679464564870975,1.788327590174874
1.05,103250,su2,14,69.20087860891422,2,100000,0.89688,0.10312,0.89688,0.0,3.346211735248093,2.540189944708809
1.05,103250,su2,14,69.20087860891422,3,100000,0.93329,0.06671,0.93329,0.0,5.010554336324966,3.1093042498801533
1.05,103250,su2,14,69.20087860891422,4,100000,0.95108,0.04892,0.95108,0.0,6.6773762614893695,3.5995017400569465
1.05,103250,su2,14,69.20087860891422,5,100000,0.96549,0.03451,0.96549,0.0,8.35042532691956,4.019580020676622
1.05,103250,su2,14,69.20087860891422,6,100000,0.97605,0.02395,0.97605,0.0,10.019780964341455,4.395308357342683
1.05,103250,su2,14,69.20087860891422,7,100000,0.98283,0.01717,0.98283,0.0,11.686527317775477,4.748332155531956
1.05,103250,su2,14,69.20087860891422,8,100000,0.98787,0.01213,0.98787,0.0,13.351370285584105,5.071378213167994
1.05,103250,su2,14,69.20087860891422,9,100000,0.99097,0.00903,0.99097,0.0,15.01442581648781,5.38372574442084
1.05,103250,su2,14,69.20087860891422,10,100000,0.99343,0.00657,0.99343,0.0,16.683135540343056,5.682212613109573
1.05,103250,su2,14,69.20087860891422,11,100000,0.99515,0.00485,0.99515,0.0,18.339365093305283,5.956749187759187
1.05,103250,su2,14,69.20087860891422,12,100000,0.99646,0.00354,0.99646,0.0,19.99698324473606,6.2245682180417194
1.05,103250,su2,15,79.17827925291732,1,100000,0.8162,0.1838,0.8162,0.0,1.682812351771557,1.7870288785724622
1.05,103250,su2,15,79.17827925291732,2,100000,0.89807,0.10193,0.89807,0.0,3.3593446264819304,2.5284255304507006
1.05,103250,su2,15,79.17827925291732,3,100000,0.93243,0.06757,0.93243,0.0,5.026219219877847,3.113218600063493
1.05,103250,su2,15,79.17827925291732,4,100000,0.95224,0.04776,0.95224,0.0,6.70106530939067,3.587850252378244
1.05,103250,su2,15,79.17827925291732,5,100000,0.96556,0.03444,0.96556,0.0,8.367426427938806,4.025043611369383
1.05,103250,su2,15,79.17827925291732,6,100000,0.97584,0.02416,0.97584,0.0,10.041753093305168,4.404877015473105
1.05,103250,su2,15,79.17827925291732,7,100000,0.98273,0.01727,0.98273,0.0,11.708336069730034,4.759874059258892
1.05,103250,su2,15,79.17827925291732,8,100000,0.98776,0.01224,0.98776,0.0,13.376479343757026,5.089214500809585
1.05,103250,su2,15,79.17827925291732,9,100000,0.99108,0.00892,0.99108,0.0,15.042882663711323,5.393554708382981
1.05,103250,su2,15,79.17827925291732,10,100000,0.99335,0.00665,0.99335,0.0,16.699951153568815,5.68519389514803
1.05,103250,su2,15,79.17827925291732,11,100000,0.9952,0.0048,0.9952,0.0,18.364978562937512,5.96909758020123
1.05,103250,su2,15,79.17827925291732,12,100000,0.9964,0.0036,0.9964,0.0,20.02332736491917,6.235832859480878
1.05,103250,su2,16,90.5942241121398,1,100000,0.81749,0.18251,0.81749,0.0,1.6956809233665042,1.7839104984812957
1.05,103250,su2,16,90.5942241121398,2,100000,0.89792,0.10208,0.89792,0.0,3.359000714126825,2.52978632757382
1.05,103250,su2,16,90.5942241121398,3,100000,0.93337,0.06663,0.93337,0.0,5.025363498341816,3.09923586055022
1.05,103250,su2,16,90.5942241121398,4,100000,0.95229,0.04771,0.95229,0.0,6.69265696595049,3.5896762496737558
1.05,103250,su2,16,90.5942241121398,5,100000,0.96543,0.03457,0.96543,0.0,8.367032721553455,4.019997531778022
1.05,103250,su2,16,90.5942241121398,6,100000,0.97573,0.02427,0.97573,0.0,10.026152306798645,4.41257267002192
1.05,103250,su2,16,90.5942241121398,7,100000,0.98215,0.01785,0.98215,0.0,11.700116760838176,4.773607821419728
1.05,103250,su2,16,90.5942241121398,8,100000,0.98724,0.01276,0.98724,0.0,13.369328844480261,5.106204838127513
1.05,103250,su2,16,90.5942241121398,9,100000,0.99099,0.00901,0.99099,0.0,15.030735048693705,5.414956704712675
1.05,103250,su2,16,90.5942241121398,10,100000,0.99361,0.00639,0.99361,0.0,16.691133499738687,5.705619121040571
1.05,103250,su2,16,90.5942241121398,11,100000,0.99527,0.00473,0.99527,0.0,18.35302288888727,5.988813057293499
1.05,103250,su2,16,90.5942241121398,12,100000,0.9965,0.0035,0.9965,0.0,20.019112232202044,6.249168141039304
1.05,103250,su2,17,103.65612286501181,1,100000,0.81649,0.18351,0.81649,0.0,1.6858888300112853,1.791409787776709
1.05,103250,su2,17,103.65612286501181,2,100000,0.898,0.102,0.898,0.0,3.355236263838349,2.5306265576205655
1.05,103250,su2,17,103.65612286501181,3,100000,0.93464,0.06536,0.93464,0.0,5.014720173865131,3.096167656206778
1.05,103250,su2,17,103.65612286501181,4,100000,0.95174,0.04826,0.95174,0.0,6.681407170798087,3.5828280010762623
1.05,103250,su2,17,103.65612286501181,5,100000,0.96568,0.03432,0.96568,0.0,8.350220421222232,4.006546270307114
1.05,103250,su2,17,103.65612286501181,6,100000,0.97527,0.02473,0.97527,0.0,10.003543256841045,4.386500114742217
1.05,103250,su2,17,103.65612286501181,7,100000,0.98264,0.01736,0.98264,0.0,11.66655008437141,4.741962670460343
1.05,103250,su2,17,103.65612286501181,8,100000,0.9873,0.0127,0.9873,0.0,13.329899488759656,5.078260155297777
1.05,103250,su2,17,103.65612286501181,9,100000,0.99081,0.00919,0.99081,0.0,14.981239074012993,5.384823754929739
1.05,103250,su2,17,103.65612286501181,10,100000,0.99318,0.00682,0.99318,0.0,16.63691043777856,5.673415393797123
1.05,103250,su2,17,103.65612286501181,11,100000,0.99516,0.00484,0.99516,0.0,18.281054057093467,5.956919990857334
1.05,103250,su2,17,103.65612286501181,12,100000,0.99646,0.00354,0.99646,0.0,19.938021868513296,6.222157030231771
1.05,103250,su2,18,118.60128957124793,1,100000,0.81597,0.18403,0.81597,0.0,1.6834178781354587,1.7938722445126365
1.05,103250,su2,18,118.60128957124793,2,100000,0.89788,0.10212,0.89788,0.0,3.3581224559870293,2.5358337530026382
1.05,103250,su2,18,118.60128957124793,3,100000,0.93384,0.06616,0.93384,0.0,5.041433013987464,3.1031124463120348
1.05,103250,su2,18,118.60128957124793,4,100000,0.95163,0.04837,0.95163,0.0,6.7052371301791505,3.586994598797609
1.05,103250,su2,18,118.60128957124793,5,100000,0.96508,0.03492,0.96508,0.0,8.367681055271635,4.016959326674226
1.05,103250,su2,18,118.60128957124793,6,100000,0.97553,0.02447,0.97553,0.0,10.026535253041136,4.403387574257669
1.05,103250,su2,18,118.60128957124793,7,100000,0.9829,0.0171,0.9829,0.0,11.69819734461281,4.752452335303986
1.05,103250,su2,18,118.60128957124793,8,100000,0.98747,0.01253,0.98747,0.0,13.363136686444925,5.087445587955595
1.05,103250,su2,18,118.60128957124793,9,100000,0.99134,0.00866,0.99134,0.0,15.025495796199662,5.377828181675522
1.05,103250,su2,18,118.60128957124793,10,100000,0.99405,0.00595,0.99405,0.0,16.6927162933285,5.671411545430806
1.05,103250,su2,18,118.60128957124793,11,100000,0.99529,0.00471,0.99529,0.0,18.348573103762735,5.947587233451651
1.05,103250,su2,18,118.60128957124793,12,100000,0.99655,0.00345,0.99655,0.0,20.014162966905502,6.210406921707283
1.05,103250,su2,19,135.70125429330454,1,100000,0.8151,0.1849,0.8151,0.0,1.6758655351883203,1.8007422269525437
1.05,103250,su2,19,135.70125429330454,2,100000,0.89822,0.10178,0.89822,0.0,3.344813892621891,2.537148652674426
1.05,103250,su2,19,135.70125429330454,3,100000,0.9338,0.0662,0.9338,0.0,5.009239657099656,3.106917482744279
1.05,103250,su2,19,135.70125429330454,4,100000,0.952,0.048,0.952,0.0,6.671832695775794,3.5923753801327667
1.05,103250,su2,19,135.70125429330454,5,100000,0.96594,0.03406,0.96594,0.0,8.334507055061133,4.009516192608798
1.05,103250,su2,19,135.70125429330454,6,100000,0.97539,0.02461,0.97539,0.0,9.99716422689714,4.395600844683243
1.05,103250,su2,19,135.70125429330454,7,100000,0.98266,0.01734,0.98266,0.0,11.666114449831767,4.748035449307998
1.05,103250,su2,19,135.70125429330454,8,100000,0.98763,0.01237,0.98763,0.0,13.324001256630183,5.074601514648558
1.05,103250,su2,19,135.70125429330454,9,100000,0.99128,0.00872,0.99128,0.0,14.984701266125661,5.376091688101073
1.05,103250,su2,19,135.70125429330454,10,100000,0.99373,0.00627,0.99373,0.0,16.6391075157839,5.661000890037996
1.05,103250,su2,19,135.70125429330454,11,100000,0.99576,0.00424,0.99576,0.0,18.29777101550758,5.938022648890028
1.05,103250,su2,19,135.70125429330454,12,100000,0.99676,0.00324,0.99676,0.0,19.956588866899295,6.210230348824394
1.05,113253,photon,0,10.5,1,100000,0.7174,0.7174,0.2826,0.0,-3.0407934571172666,4.396422038948116
1.05,113253,photon,0,10.5,2,100000,0.81147,0.81147,0.18853,0.0,-6.12711207592323,6.218573204124895
1.05,113253,photon,0,10.5,3,100000,0.87523,0.87523,0.12477,0.0,-9.188591103463295,7.610513286819541
1.05,113253,photon,0,10.5,4,100000,0.91811,0.91811,0.08189,0.0,-12.266666283118449,8.78631164155664
1.05,113253,photon,0,10.5,5,100000,0.94396,0.94396,0.05604,0.0,-15.352000104264697,9.837174919563369
1.05,113253,photon,0,10.5,6,100000,0.96057,0.96057,0.03943,0.0,-18.415756674079937,10.775151634057648
1.05,113253,photon,0,10.5,7,100000,0.97196,0.97196,0.02804,0.0,-21.472492662716462,11.64059449743589
1.05,113253,photon,0,10.5,8,100000,0.97981,0.97981,0.02019,0.0,-24.562530730377556,12.449003427241378
1.05,113253,photon,0,10.5,9,100000,0.98608,0.98608,0.01392,0.0,-27.66717716892156,13.180504423725647
1.05,113253,photon,0,10.5,10,100000,0.98964,0.98964,0.01036,0.0,-30.737169132735886,13.905789509844418
1.05,113253,photon,0,10.5,11,100000,0.99225,0.99225,0.00775,0.0,-33.81726254051661,14.592368226428485
1.05,113253,photon,0,10.5,12,100000,0.99433,0.99433,0.00567,0.0,-36.87039976466204,15.25874588930599
1.05,113253,photon,1,10.578886748946001,1,100000,0.72181,0.72181,0.27819,0.0,-3.0738052674734626,4.39063689023625
1.05,113253,photon,1,10.578886748946001,2,100000,0.81318,0.81318,0.18682,0.0,-6.145108023145738,6.213767206122814
1.05,113253,photon,1,10.578886748946001,3,100000,0.87639,0.87639,0.12361,0.0,-9.212677726616384,7.60910590372971
1.05,113253,photon,1,10.578886748946001,4,100000,0.91841,0.91841,0.08159,0.0,-12.306509892201188,8.799025856027384
1.05,113253,photon,1,10.578886748946001,5,100000,0.94425,0.94425,0.05575,0.0,-15.394630428882188,9.829659205670096
1.05,113253,photon,1,10.578886748946001,6,100000,0.96121,0.96121,0.03879,0.0,-18.483000725175586,10.763110739752202
1.05,113253,photon,1,10.578886748946001,7,100000,0.97232,0.97232,0.02768,0.0,-21.56080014582044,11.66045105787598
1.05,113253,photon,1,10.578886748946001,8,100000,0.97986,0.97986,0.02014,0.0,-24.631309534993665,12.468741320555475
1.05,113253,photon,1,10.578886748946001,9,100000,0.98579,0.98579,0.01421,0.0,-27.69941656022841,13.215041613958272
1.05,113253,photon,1,10.578886748946001,10,100000,0.9895,0.9895,0.0105,0.0,-30.783826101315714,13.899338035241023
1.05,113253,photon,1,10.578886748946001,11,100000,0.99264,0.99264,0.00736,0.0,-33.887282835657146,14.586060291840035
1.05,113253,photon,1,10.578886748946001,12,100000,0.99448,0.99448,0.00552,0.0,-36.98482602384535,15.208813234946861
1.05,113253,photon,2,10.658366175907164,1,100000,0.72287,0.72287,0.27713,0.0,-3.0839435815804306,4.39439316325356
1.05,113253,photon,2,10.658366175907164,2,100000,0.81365,0.81365,0.18635,0.0,-6.16082070610248,6.2104442476718935
1.05,113253,photon,2,10.658366175907164,3,100000,0.87738,0.87738,0.12262,0.0,-9.240375483126286,7.596270638784176
1.05,113253,photon,2,10.658366175907164,4,100000,0.91995,0.91995,0.08005,0.0,-12.347121078015263,8.771223747540917
1.05,113253,photon,2,10.658366175907164,5,100000,0.94521,0.94521,0.05479,0.0,-15.43471165371735,9.816797221190901
1.05,113253,photon,2,10.658366175907164,6,100000,0.96242,0.96242,0.03758,0.0,-18.499790081143946,10.745301839414902
1.05,113253,photon,2,10.658366175907164,7,100000,0.97306,0.97306,0.02694,0.0,-21.60686315733613,11.610884402252177
1.05,113253,photon,2,10.658366175907164,8,100000,0.98106,0.98106,0.01894,0.0,-24.70081208887378,12.416864005023537
1.05,113253,photon,2,10.658366175907164,9,100000,0.98684,0.98684,0.01316,0.0,-27.788839223342467,13.14931146384899
1.05,113253,photon,2,10.658366175907164,10,100000,0.99036,0.99036,0.00964,0.0,-30.880880459804793,13.870183912012054
1.05,113253,photon,2,10.658366175907164,11,100000,0.9932,0.9932,0.0068,0.0,-33.98470153855132,14.52997435633451
1.05,113253,photon,2,10.658366175907164,12,100000,0.99506,0.99506,0.00494,0.0,-37.07862177468072,15.183725182016023
1.05,113253,photon,3,10.738442733687481,1,100000,0.7201,0.7201,0.2799,0.0,-3.068972345095498,4.397160065440317
1.05,113253,photon,3,10.738442733687481,2,100000,0.81291,0.81291,0.18709,0.0,-6.129518932814668,6.206966448284905
1.05,113253,photon,3,10.738442733687481,3,100000,0.87653,0.87653,0.12347,0.0,-9.21391692909962,7.5818357672262895
1.05,113253,photon,3,10.738442733687481,4,100000,0.9199,0.9199,0.0801,0.0,-12.32993270350947,8.760612993827406
1.05,113253,photon,3,10.738442733687481,5,100000,0.94509,0.94509,0.05491,0.0,-15.410134852792073,9.805081120093146
1.05,113253,photon,3,10.738442733687481,6,100000,0.96183,0.96183,0.03817,0.0,-18.4933339769897,10.74473529618466
1.05,113253,photon,3,10.738442733687481,7,100000,0.97269,0.97269,0.02731,0.0,-21.56271307166621,11.60431419135427
1.05,113253,photon,3,10.738442733687481,8,100000,0.98078,0.98078,0.01922,0.0,-24.681281525679598,12.415295665628841
1.05,113253,photon,3,10.738442733687481,9,100000,0.98595,0.98595,0.01405,0.0,-27.763371318410222,13.168591544364709
1.05,113253,photon,3,10.738442733687481,10,100000,0.99003,0.99003,0.00997,0.0,-30.87197156842401,13.909010874038774
1.05,113253,photon,3,10.738442733687481,11,100000,0.99269,0.99269,0.00731,0.0,-33.97643144292457,14.580148769545904
1.05,113253,photon,3,10.738442733687481,12,100000,0.99465,0.99465,0.00535,0.0,-37.05334587907938,15.229986120400826
1.05,113253,photon,4,10.81912090854495,1,100000,0.72257,0.72257,0.27743,0.0,-3.080370298836587,4.38872438790991
1.05,113253,photon,4,10.81912090854495,2,100000,0.8139,0.8139,0.1861,0.0,-6.177991740868665,6.226968251783491
1.05,113253,photon,4,10.81912090854495,3,100000,0.87722,0.87722,0.12278,0.0,-9.266862833993384,7.621533418004597
1.05,113253,photon,4,10.81912090854495,4,100000,0.91989,0.91989,0.08011,0.0,-12.361796727274267,8.816329478216726
1.05,113253,photon,4,10.81912090854495,5,100000,0.94437,0.94437,0.05563,0.0,-15.450575679357494,9.854441217738934
1.05,113253,photon,4,10.81912090854495,6,100000,0.96141,0.96141,0.03859,0.0,-18.554129843326947,10.795513338066181
1.05,113253,photon,4,10.81912090854495,7,100000,0.973,0.973,0.027,0.0,-21.6441723055724,11.681829166596023
1.05,113253,photon,4,10.81912090854495,8,100000,0.98129,0.98129,0.01871,0.0,-24.744598325863183,12.475333341216126
1.05,113253,photon,4,10.81912090854495,9,100000,0.98668,0.98668,0.01332,0.0,-27.83904358873203,13.221399721666343
1.05,113253,photon,4,10.81912090854495,10,100000,0.99015,0.99015,0.00985,0.0,-30.9156848663327,13.940799322041853
1.05,113253,photon,4,10.81912090854495,11,100000,0.99275,0.99275,0.00725,0.0,-34.021978764092,14.629711452239325
1.05,113253,photon,4,10.81912090854495,12,100000,0.99485,0.99485,0.00515,0.0,-37.14663548693212,15.29009759235124
1.05,113253,photon,5,10.900405220442927,1,100000,0.72382,0.72382,0.27618,0.0,-3.1141143453126117,4.400728310396466
1.05,113253,photon,5,10.900405220442927,2,100000,0.81611,0.81611,0.18389,0.0,-6.208822146158385,6.225457067686022
1.05,113253,photon,5,10.900405220442927,3,100000,0.87909,0.87909,0.12091,0.0,-9.322511138316457,7.639478639094064
1.05,113253,photon,5,10.900405220442927,4,100000,0.92009,0.92009,0.07991,0.0,-12.427903354993951,8.82900936224405
1.05,113253,photon,5,10.900405220442927,5,100000,0.94569,0.94569,0.05431,0.0,-15.527864769985408,9.874479141473442
1.05,113253,photon,5,10.900405220442927,6,100000,0.96274,0.96274,0.03726,0.0,-18.64691929248405,10.799178088403318
1.05,113253,photon,5,10.900405220442927,7,100000,0.97365,0.97365,0.02635,0.0,-21.747616517288353,11.674755364918406
1.05,113253,photon,5,10.900405220442927,8,100000,0.98135,0.98135,0.01865,0.0,-24.838300762836067,12.489823438107642
1.05,113253,photon,5,10.900405220442927,9,100000,0.98736,0.98736,0.01264,0.0,-27.945020666406272,13.24751209467372
1.05,113253,photon,5,10.900405220442927,10,100000,0.99063,0.99063,0.00937,0.0,-31.023496871120287,13.96811220185029
1.05,113253,photon,5,10.900405220442927,11,100000,0.99321,0.99321,0.00679,0.0,-34.1133267996209,14.640759702010156
1.05,113253,photon,5,10.900405220442927,12,100000,0.99509,0.99509,0.00491,0.0,-37.23042846334349,15.285706752151055
1.05,113253,photon,6,10.98230022330338,1,100000,0.71855,0.71855,0.28145,0.0,-3.0765594368999265,4.407458942304585
1.05,113253,photon,6,10.98230022330338,2,100000,0.81399,0.81399,0.18601,0.0,-6.158171388221894,6.20979635955885
1.05,113253,photon,6,10.98230022330338,3,100000,0.8782,0.8782,0.1218,0.0,-9.287670380989189,7.586550318426581
1.05,113253,photon,6,10.98230022330338,4,100000,0.91998,0.91998,0.08002,0.0,-12.376633692552208,8.766697548570566
1.05,113253,photon,6,10.98230022330338,5,100000,0.94529,0.94529,0.05471,0.0,-15.476735708161932,9.805057112699586
1.05,113253,photon,6,10.98230022330338,6,100000,0.96203,0.96203,0.03797,0.0,-18.563797258645618,10.74430825296065
1.05,113253,photon,6,10.98230022330338,7,100000,0.97291,0.97291,0.02709,0.0,-21.66335311639685,11.621942827975793
1.05,113253,photon,6,10.98230022330338,8,100000,0.98147,0.98147,0.01853,0.0,-24.76375011848076,12.421129049138553
1.05,113253,photon,6,10.98230022330338,9,100000,0.98665,0.98665,0.01335,0.0,-27.86528592483253,13.189909306396148
1.05,113253,photon,6,10.98230022330338,10,100000,0.99064,0.99064,0.00936,0.0,-30.96872615408475,13.914106393629917
1.05,113253,photon,6,10.98230022330338,11,100000,0.99327,0.99327,0.00673,0.0,-34.07522652070343,14.591397384671462
1.05,113253,photon,6,10.98230022330338,12,100000,0.99518,0.99518,0.00482,0.0,-37.1567961938499,15.254093548895858
1.05,113253,photon,7,11.064810505261978,1,100000,0.72098,0.72098,0.27902,0.0,-3.081500265812779,4.401108307483951
1.05,113253,photon,7,11.064810505261978,2,100000,0.81409,0.81409,0.18591,0.0,-6.160801174060064,6.222656143447945
1.05,113253,photon,7,11.064810505261978,3,100000,0.87684,0.87684,0.12316,0.0,-9.257325970795826,7.6002041534375575
1.05,113253,photon,7,11.064810505261978,4,100000,0.91927,0.91927,0.08073,0.0,-12.336873865540126,8.789401456969586
1.05,113253,photon,7,11.064810505261978,5,100000,0.94596,0.94596,0.05404,0.0,-15.417856572242473,9.828910570924032
1.05,113253,photon,7,11.064810505261978,6,100000,0.96197,0.96197,0.03803,0.0,-18.52556892879231,10.759850231882233
1.05,113253,photon,7,11.064810505261978,7,100000,0.97281,0.97281,0.02719,0.0,-21.626238998093548,11.615433871984008
1.05,113253,photon,7,11.064810505261978,8,100000,0.98051,0.98051,0.01949,0.0,-24.709133219047477,12.418980514948732
1.05,113253,photon,7,11.064810505261978,9,100000,0.98688,0.98688,0.01312,0.0,-27.821781760543235,13.172606116875407
1.05,113253,photon,7,11.064810505261978,10,100000,0.99066,0.99066,0.00934,0.0,-30.917245119270397,13.882100068057847
1.05,113253,photon,7,11.064810505261978,11,100000,0.9931,0.9931,0.0069,0.0,-34.01696488416896,14.573870192767243
1.05,113253,photon,7,11.064810505261978,12,100000,0.99498,0.99498,0.00502,0.0,-37.123709144466666,15.22694443376483
1.05,113253,photon,8,11.147940688925186,1,100000,0.72227,0.72227,0.27773,0.0,-3.0861277290940197,4.391343870950976
1.05,113253,photon,8,11.147940688925186,2,100000,0.81379,0.81379,0.18621,0.0,-6.183105893066167,6.220818769121341
1.05,113253,photon,8,11.147940688925186,3,100000,0.87695,0.87695,0.12305,0.0,-9.285944736244636,7.634553020732264
1.05,113253,photon,8,11.147940688925186,4,100000,0.91924,0.91924,0.08076,0.0,-12.400369267584711,8.830789733450446
1.05,113253,photon,8,11.147940688925186,5,100000,0.94435,0.94435,0.05565,0.0,-15.508463573197927,9.858581040819892
1.05,113253,photon,8,11.147940688925186,6,100000,0.96169,0.96169,0.03831,0.0,-18.607165476334913,10.806435247084465
1.05,113253,photon,8,11.147940688925186,7,100000,0.97286,0.97286,0.02714,0.0,-21.698478312230254,11.659452013989625
1.05,113253,photon,8,11.147940688925186,8,100000,0.98043,0.98043,0.01957,0.0,-24.81084999311811,12.476460481590868
1.05,113253,photon,8,11.147940688925186,9,100000,0.98589,0.98589,0.01411,0.0,-27.910616966595665,13.21279042006249
1.05,113253,photon,8,11.147940688925186,10,100000,0.98933,0.98933,0.01067,0.0,-31.02637122497964,13.921388627918727
1.05,113253,photon,8,11.147940688925186,11,100000,0.99225,0.99225,0.00775,0.0,-34.11107761325826,14.571556874466232
1.05,113253,photon,8,11.147940688925186,12,100000,0.99417,0.99417,0.00583,0.0,-37.19828192015969,15.233194257099216
1.05,113253,photon,9,11.231695431629198,1,100000,0.72141,0.72141,0.27859,0.0,-3.0904847497449683,4.401499283206023
1.05,113253,photon,9,11.231695431629198,2,100000,0.81369,0.81369,0.18631,0.0,-6.205106624127654,6.234730904571815
1.05,113253,photon,9,11.231695431629198,3,100000,0.87887,0.87887,0.12113,0.0,-9.329751630390533,7.622086676438591
1.05,113253,photon,9,11.231695431629198,4,100000,0.92086,0.92086,0.07914,0.0,-12.434669789344794,8.811291181982693
1.05,113253,photon,9,11.231695431629198,5,100000,0.94614,0.94614,0.05386,0.0,-15.548706133438744,9.856149979356763
1.05,113253,photon,9,11.231695431629198,6,100000,0.96215,0.96215,0.03785,0.0,-18.69167217423271,10.793948606473768
1.05,113253,photon,9,11.231695431629198,7,100000,0.9736,0.9736,0.0264,0.0,-21.78095463270149,11.65164931396736
1.05,113253,photon,9,11.231695431629198,8,100000,0.98165,0.98165,0.01835,0.0,-24.89728129409581,12.438849823841382
1.05,113253,photon,9,11.231695431629198,9,100000,0.98652,0.98652,0.01348,0.0,-28.013178002530946,13.202076556453237
1.05,113253,photon,9,11.231695431629198,10,100000,0.99061,0.99061,0.00939,0.0,-31.116718233224372,13.891503139808766
1.05,113253,photon,9,11.231695431629198,11,100000,0.99357,0.99357,0.00643,0.0,-34.22874301940272,14.55737931637159
1.05,113253,photon,9,11.231695431629198,12,100000,0.99529,0.99529,0.00471,0.0,-37.35019892173579,15.216309893395849
1.05,113253,photon,10,11.316079425700895,1,100000,0.72173,0.72173,0.27827,0.0,-3.094567460090067,4.406373423182211
1.05,113253,photon,10,11.316079425700895,2,100000,0.81524,0.81524,0.18476,0.0,-6.195451941518534,6.225239539851357
1.05,113253,photon,10,11.316079425700895,3,100000,0.87702,0.87702,0.12298,0.0,-9.25704478768705,7.62502084092302
1.05,113253,photon,10,11.316079425700895,4,100000,0.91879,0.91879,0.08121,0.0,-12.381622357265286,8.81809293159631
1.05,113253,photon,10,11.316079425700895,5,100000,0.94573,0.94573,0.05427,0.0,-15.502358962281138,9.849573050493932
1.05,113253,photon,10,11.316079425700895,6,100000,0.96084,0.96084,0.03916,0.0,-18.612592932851353,10.818595235885457
1.05,113253,photon,10,11.316079425700895,7,100000,0.9729,0.9729,0.0271,0.0,-21.72506413161021,11.675691983133023
1.05,113253,photon,10,11.316079425700895,8,100000,0.98049,0.98049,0.01951,0.0,-24.817015119235602,12.468695670147818
1.05,113253,photon,10,11.316079425700895,9,100000,0.98618,0.98618,0.01382,0.0,-27.903779096553432,13.219472361880513
1.05,113253,photon,10,11.316079425700895,10,100000,0.98993,0.98993,0.01007,0.0,-31.02927249401323,13.919525490932182
1.05,113253,photon,10,11.316079425700895,11,100000,0.9926,0.9926,0.0074,0.0,-34.16349231646061,14.602839652061565
1.05,113253,photon,10,11.316079425700895,12,100000,0.99493,0.99493,0.00507,0.0,-37.27659091135558,15.256864659184178
1.05,113253,photon,11,11.401097398720731,1,100000,0.72212,0.72212,0.27788,0.0,-3.0949885981188285,4.397130268588813
1.05,113253,photon,11,11.401097398720731,2,100000,0.81613,0.81613,0.18387,0.0,-6.229088645618234,6.239763632950825
1.05,113253,photon,11,11.401097398720731,3,100000,0.87849,0.87849,0.12151,0.0,-9.329140233069143,7.659184636277844
1.05,113253,photon,11,11.401097398720731,4,100000,0.92063,0.92063,0.07937,0.0,-12.459873511843751,8.833792210968006
1.05,113253,photon,11,11.401097398720731,5,100000,0.94633,0.94633,0.05367,0.0,-15.586216324954727,9.886821267495
1.05,113253,photon,11,11.401097398720731,6,100000,0.96255,0.96255,0.03745,0.0,-18.684662627023044,10.815178252495276
1.05,113253,photon,11,11.401097398720731,7,100000,0.97352,0.97352,0.02648,0.0,-21.781729196207277,11.688630518722691
1.05,113253,photon,11,11.401097398720731,8,100000,0.98159,0.98159,0.01841,0.0,-24.90130891976777,12.487172969633011
1.05,113253,photon,11,11.401097398720731,9,100000,0.98728,0.98728,0.01272,0.0,-28.030208964056705,13.221525819477012
1.05,113253,photon,11,11.401097398720731,10,100000,0.99082,0.99082,0.00918,0.0,-31.138121509769814,13.914370744846673
1.05,113253,photon,11,11.401097398720731,11,100000,0.99341,0.99341,0.00659,0.0,-34.241592203292505,14.579447055701547
1.05,113253,photon,11,11.401097398720731,12,100000,0.99529,0.99529,0.00471,0.0,-37.348729816063326,15.236986424969885
1.05,113253,photon,12,11.486754113787567,1,100000,0.72285,0.72285,0.27715,0.0,-3.1082864928217964,4.401126308051277
1.05,113253,photon,12,11.486754113787567,2,100000,0.81566,0.81566,0.18434,0.0,-6.219762037142648,6.221516470935211
1.05,113253,photon,12,11.486754113787567,3,100000,0.88001,0.88001,0.11999,0.0,-9.35458792083743,7.624898557388214
1.05,113253,photon,12,11.486754113787567,4,100000,0.9213,0.9213,0.0787,0.0,-12.497787351702266,8.824071373046586
1.05,113253,photon,12,11.486754113787567,5,100000,0.94596,0.94596,0.05404,0.0,-15.599130089179196,9.863561138166974
1.05,113253,photon,12,11.486754113787567,6,100000,0.96214,0.96214,0.03786,0.0,-18.741694195898837,10.82146157428155
1.05,113253,photon,12,11.486754113787567,7,100000,0.97418,0.97418,0.02582,0.0,-21.862174573361944,11.681079064064939
1.05,113253,photon,12,11.486754113787567,8,100000,0.98169,0.98169,0.01831,0.0,-24.99378346394247,12.497706500187142
1.05,113253,photon,12,11.486754113787567,9,100000,0.98679,0.98679,0.01321,0.0,-28.113701332501314,13.223731990996622
1.05,113253,photon,12,11.486754113787567,10,100000,0.99036,0.99036,0.00964,0.0,-31.2356409036734,13.938142269513492
1.05,113253,photon,12,11.486754113787567,11,100000,0.99307,0.99307,0.00693,0.0,-34.36309174340373,14.602605291988954
1.05,113253,photon,12,11.486754113787567,12,100000,0.99482,0.99482,0.00518,0.0,-37.49844532645714,15.274850687318727
1.05,113253,photon,13,11.573054369785543,1,100000,0.72281,0.72281,0.27719,0.0,-3.125373017693704,4.4113120901377485
1.05,113253,photon,13,11.573054369785543,2,100000,0.81685,0.81685,0.18315,0.0,-6.235901073305273,6.231855209154061
1.05,113253,photon,13,11.573054369785543,3,100000,0.87904,0.87904,0.12096,0.0,-9.360277837513538,7.632719160960369
1.05,113253,photon,13,11.573054369785543,4,100000,0.9212,0.9212,0.0788,0.0,-12.492704876469073,8.799720288988405
1.05,113253,photon,13,11.573054369785543,5,100000,0.94725,0.94725,0.05275,0.0,-15.609019383769235,9.827291660525656
1.05,113253,photon,13,11.573054369785543,6,100000,0.96349,0.96349,0.03651,0.0,-18.725115777218914,10.780277774441496
1.05,113253,photon,13,11.573054369785543,7,100000,0.97399,0.97399,0.02601,0.0,-21.85866746572559,11.659418398465501
1.05,113253,photon,13,11.573054369785543,8,100000,0.9819,0.9819,0.0181,0.0,-24.966253744923453,12.452362203586773
1.05,113253,photon,13,11.573054369785543,9,100000,0.98673,0.98673,0.01327,0.0,-28.095168964369517,13.207360655211971
1.05,113253,photon,13,11.573054369785543,10,100000,0.99076,0.99076,0.00924,0.0,-31.224782563927167,13.919274363372649
1.05,113253,photon,13,11.573054369785543,11,100000,0.99361,0.99361,0.00639,0.0,-34.36926101314795,14.59401306145134
1.05,113253,photon,13,11.573054369785543,12,100000,0.99525,0.99525,0.00475,0.0,-37.49388227917028,15.259793018918131
1.05,113253,photon,14,11.660003001652942,1,100000,0.72117,0.72117,0.27883,0.0,-3.1089745499165438,4.412149632469679
1.05,113253,photon,14,11.660003001652942,2,100000,0.81834,0.81834,0.18166,0.0,-6.240450727051942,6.214807199027229
1.05,113253,photon,14,11.660003001652942,3,100000,0.87915,0.87915,0.12085,0.0,-9.370003958096165,7.642420367213003
1.05,113253,photon,14,11.660003001652942,4,100000,0.92257,0.92257,0.07743,0.0,-12.499075821423705,8.81062084057393
1.05,113253,photon,14,11.660003001652942,5,100000,0.9465,0.9465,0.0535,0.0,-15.624642612164665,9.843918635036427
1.05,113253,photon,14,11.660003001652942,6,100000,0.9633,0.9633,0.0367,0.0,-18.754000557103684,10.769590160699837
1.05,113253,photon,14,11.660003001652942,7,100000,0.97436,0.97436,0.02564,0.0,-21.88203664553969,11.644369957841382
1.05,113253,photon,14,11.660003001652942,8,100000,0.9821,0.9821,0.0179,0.0,-25.023616851143796,12.444899598099378
1.05,113253,photon,14,11.660003001652942,9,100000,0.98722,0.98722,0.01278,0.0,-28.166188869484117,13.213892850959457
1.05,113253,photon,14,11.660003001652942,10,100000,0.99089,0.99089,0.00911,0.0,-31.30712752571365,13.93600074310662
1.05,113253,photon,14,11.660003001652942,11,100000,0.99347,0.99347,0.00653,0.0,-34.43924636998872,14.590058707879082
1.05,113253,photon,14,11.660003001652942,12,100000,0.99511,0.99511,0.00489,0.0,-37.568893633160904,15.239373258247603
1.05,113253,photon,15,11.747604880653032,1,100000,0.72334,0.72334,0.27666,0.0,-3.096368640538513,4.3956673618375
1.05,113253,photon,15,11.747604880653032,2,100000,0.81654,0.81654,0.18346,0.0,-6.193365411622803,6.202782351700315
1.05,113253,photon,15,11.747604880653032,3,100000,0.87997,0.87997,0.12003,0.0,-9.331745892936402,7.604887617457992
1.05,113253,photon,15,11.747604880653032,4,100000,0.92066,0.92066,0.07934,0.0,-12.452530148091828,8.804109906708307
1.05,113253,photon,15,11.747604880653032,5,100000,0.94512,0.94512,0.05488,0.0,-15.570698934402007,9.853950235369417
1.05,113253,photon,15,11.747604880653032,6,100000,0.96269,0.96269,0.03731,0.0,-18.699650998589487,10.806910334749794
1.05,113253,photon,15,11.747604880653032,7,100000,0.97407,0.97407,0.02593,0.0,-21.822175291585022,11.671273118613199
1.05,113253,photon,15,11.747604880653032,8,100000,0.98171,0.98171,0.01829,0.0,-24.946652521542134,12.469182547074016
1.05,113253,photon,15,11.747604880653032,9,100000,0.98655,0.98655,0.01345,0.0,-28.096231926542046,13.24243970219133
1.05,113253,photon,15,11.747604880653032,10,100000,0.99071,0.99071,0.00929,0.0,-31.208479088628643,13.955324545193708
1.05,113253,photon,15,11.747604880653032,11,100000,0.99362,0.99362,0.00638,0.0,-34.325092783643214,14.638357723879682
1.05,113253,photon,15,11.747604880653032,12,100000,0.99527,0.99527,0.00473,0.0,-37.46782778115478,15.284112960728404
1.05,113253,photon,16,11.835864914647022,1,100000,0.72395,0.72395,0.27605,0.0,-3.134250549078761,4.406533314559684
1.05,113253,photon,16,11.835864914647022,2,100000,0.81699,0.81699,0.18301,0.0,-6.269110223745971,6.233261544031035
1.05,113253,photon,16,11.835864914647022,3,100000,0.88098,0.88098,0.11902,0.0,-9.396027788745474,7.612408233066441
1.05,113253,photon,16,11.835864914647022,4,100000,0.92398,0.92398,0.07602,0.0,-12.554674868484193,8.785614012749654
1.05,113253,photon,16,11.835864914647022,5,100000,0.94915,0.94915,0.05085,0.0,-15.685596677427338,9.820379773525348
1.05,113253,photon,16,11.835864914647022,6,100000,0.96524,0.96524,0.03476,0.0,-18.837878682421465,10.758974749622576
1.05,113253,photon,16,11.835864914647022,7,100000,0.97527,0.97527,0.02473,0.0,-21.955523599315434,11.658207665234713
1.05,113253,photon,16,11.835864914647022,8,100000,0.98281,0.98281,0.01719,0.0,-25.102139167238796,12.463214651208766
1.05,113253,photon,16,11.835864914647022,9,100000,0.98778,0.98778,0.01222,0.0,-28.24110746450027,13.247684908591786
1.05,113253,photon,16,11.835864914647022,10,100000,0.99099,0.99099,0.00901,0.0,-31.363284468542226,13.944415359325903
1.05,113253,photon,16,11.835864914647022,11,100000,0.99365,0.99365,0.00635,0.0,-34.50886503905034,14.611094317543817
1.05,113253,photon,16,11.835864914647022,12,100000,0.99556,0.99556,0.00444,0.0,-37.64912781852041,15.24273322219829
1.05,113253,photon,17,11.924788048368978,1,100000,0.72807,0.72807,0.27193,0.0,-3.1625871777956083,4.409693991697727
1.05,113253,photon,17,11.924788048368978,2,100000,0.81929,0.81929,0.18071,0.0,-6.296196817626925,6.22937332170631
1.05,113253,photon,17,11.924788048368978,3,100000,0.88226,0.88226,0.11774,0.0,-9.432468881088178,7.620854373192234
1.05,113253,photon,17,11.924788048368978,4,100000,0.92467,0.92467,0.07533,0.0,-12.598843013859177,8.788979117820714
1.05,113253,photon,17,11.924788048368978,5,100000,0.9485,0.9485,0.0515,0.0,-15.740467057283388,9.835303794899158
1.05,113253,photon,17,11.924788048368978,6,100000,0.96498,0.96498,0.03502,0.0,-18.882779570206445,10.758713901833804
1.05,113253,photon,17,11.924788048368978,7,100000,0.97539,0.97539,0.02461,0.0,-22.00673192551099,11.634897669676748
1.05,113253,photon,17,11.924788048368978,8,100000,0.98259,0.98259,0.01741,0.0,-25.14385587538093,12.43756018122032
1.05,113253,photon,17,11.924788048368978,9,100000,0.9882,0.9882,0.0118,0.0,-28.305038760744427,13.161051305743637
1.05,113253,photon,17,11.924788048368978,10,100000,0.99133,0.99133,0.00867,0.0,-31.459889280370952,13.88718775429105
1.05,113253,photon,17,11.924788048368978,11,100000,0.99372,0.99372,0.00628,0.0,-34.61437780853674,14.579082376211483
1.05,113253,photon,17,11.924788048368978,12,100000,0.99522,0.99522,0.00478,0.0,-37.74976269708032,15.243084091679119
1.05,113253,photon,18,12.014379263702873,1,100000,0.72319,0.72319,0.27681,0.0,-3.1349384106724005,4.40943369633187
1.05,113253,photon,18,12.014379263702873,2,100000,0.81865,0.81865,0.18135,0.0,-6.265534904855406,6.233813895897945
1.05,113253,photon,18,12.014379263702873,3,100000,0.88102,0.88102,0.11898,0.0,-9.42962173001202,7.630552652168427
1.05,113253,photon,18,12.014379263702873,4,100000,0.92372,0.92372,0.07628,0.0,-12.57317926255188,8.812766694483129
1.05,113253,photon,18,12.014379263702873,5,100000,0.9485,0.9485,0.0515,0.0,-15.732761237302032,9.837399959230233
1.05,113253,photon,18,12.014379263702873,6,100000,0.96398,0.96398,0.03602,0.0,-18.87002068813578,10.782512989455444
1.05,113253,photon,18,12.014379263702873,7,100000,0.97481,0.97481,0.02519,0.0,-22.010109695514217,11.65741134152155
1.05,113253,photon,18,12.014379263702873,8,100000,0.98212,0.98212,0.01788,0.0,-25.148237994918414,12.467218952640579
1.05,113253,photon,18,12.014379263702873,9,100000,0.98711,0.98711,0.01289,0.0,-28.317007075831977,13.232844222034105
1.05,113253,photon,18,12.014379263702873,10,100000,0.99085,0.99085,0.00915,0.0,-31.466878178878144,13.954277220637287
1.05,113253,photon,18,12.014379263702873,11,100000,0.99355,0.99355,0.00645,0.0,-34.63200745033381,14.63378002146143
1.05,113253,photon,18,12.014379263702873,12,100000,0.99548,0.99548,0.00452,0.0,-37.775038973706906,15.288317541006965
1.05,113253,photon,19,12.104643579961705,1,100000,0.72391,0.72391,0.27609,0.0,-3.1457354769341186,4.423457441062563
1.05,113253,photon,19,12.104643579961705,2,100000,0.81863,0.81863,0.18137,0.0,-6.313095288867353,6.252294091731193
1.05,113253,photon,19,12.104643579961705,3,100000,0.882,0.882,0.118,0.0,-9.452752134043559,7.651596623358642
1.05,113253,photon,19,12.104643579961705,4,100000,0.92268,0.92268,0.07732,0.0,-12.589588294720082,8.833435796846997
1.05,113253,photon,19,12.104643579961705,5,100000,0.94845,0.94845,0.05155,0.0,-15.751485474434032,9.86170679973068
1.05,113253,photon,19,12.104643579961705,6,100000,0.96455,0.96455,0.03545,0.0,-18.901076003614616,10.793136492499851
1.05,113253,photon,19,12.104643579961705,7,100000,0.97555,0.97555,0.02445,0.0,-22.047325637683436,11.633687153790893
1.05,113253,photon,19,12.104643579961705,8,100000,0.98294,0.98294,0.01706,0.0,-25.213032855258042,12.43488237957837
1.05,113253,photon,19,12.104643579961705,9,100000,0.98779,0.98779,0.01221,0.0,-28.353173734453385,13.187337140358844
1.05,113253,photon,19,12.104643579961705,10,100000,0.99146,0.99146,0.00854,0.0,-31.50662452308979,13.901918324527148
1.05,113253,photon,19,12.104643579961705,11,100000,0.99377,0.99377,0.00623,0.0,-34.66589184428325,14.585622404575759
1.05,113253,photon,19,12.104643579961705,12,100000,0.99555,0.99555,0.00445,0.0,-37.826902891994344,15.23042039957165
1.05,113253,su2,0,10.5,1,100000,0.82734,0.17266,0.82734,0.0,1.7468370765863857,1.7297214982465663
1.05,113253,su2,0,10.5,2,100000,0.90846,0.09154,0.90846,0.0,3.4760141156369366,2.4502887635316952
1.05,113253,su2,0,10.5,3,100000,0.94252,0.05748,0.94252,0.0,5.199145690948176,3.0097822830040317
1.05,113253,su2,0,10.5,4,100000,0.96012,0.03988,0.96012,0.0,6.930459986673007,3.4811381057715205
1.05,113253,su2,0,10.5,5,100000,0.97255,0.02745,0.97255,0.0,8.654488648425414,3.8918474677873105
1.05,113253,su2,0,10.5,6,100000,0.98093,0.01907,0.98093,0.0,10.380995481861042,4.269235621074651
1.05,113253,su2,0,10.5,7,100000,0.98705,0.01295,0.98705,0.0,12.10903072566058,4.599914082935125
1.05,113253,su2,0,10.5,8,100000,0.99112,0.00888,0.99112,0.0,13.83265826553077,4.9296667651435
1.05,113253,su2,0,10.5,9,100000,0.9939,0.0061,0.9939,0.0,15.548787468011914,5.233404232526943
1.05,113253,su2,0,10.5,10,100000,0.99569,0.00431,0.99569,0.0,17.27366278755664,5.51701479218182
1.05,113253,su2,0,10.5,11,100000,0.99673,0.00327,0.99673,0.0,18.9930127801285,5.798475814755661
1.05,113253,su2,0,10.5,12,100000,0.99772,0.00228,0.99772,0.0,20.7170056794872,6.051683326996031
1.05,113253,su2,1,12.013892726046072,1,100000,0.82587,0.17413,0.82587,0.0,1.7404909904671502,1.7521687178892087
1.05,113253,su2,1,12.013892726046072,2,100000,0.90615,0.09385,0.90615,0.0,3.457044507969957,2.4850751122056605
1.05,113253,su2,1,12.013892726046072,3,100000,0.94017,0.05983,0.94017,0.0,5.165121544594682,3.0402646122880475
1.05,113253,su2,1,12.013892726046072,4,100000,0.95816,0.04184,0.95816,0.0,6.884437516189926,3.508684560936348
1.05,113253,su2,1,12.013892726046072,5,100000,0.97092,0.02908,0.97092,0.0,8.606715022844273,3.922253102010851
1.05,113253,su2,1,12.013892726046072,6,100000,0.98,0.02,0.98,0.0,10.32244693321794,4.293395921095109
1.05,113253,su2,1,12.013892726046072,7,100000,0.98668,0.01332,0.98668,0.0,12.0481407040456,4.635707528272363
1.05,113253,su2,1,12.013892726046072,8,100000,0.99066,0.00934,0.99066,0.0,13.761185507727367,4.949837573574365
1.05,113253,su2,1,12.013892726046072,9,100000,0.99345,0.00655,0.99345,0.0,15.466808420272958,5.246764347625545
1.05,113253,su2,1,12.013892726046072,10,100000,0.99527,0.00473,0.99527,0.0,17.18164477314498,5.530091777040573
1.05,113253,su2,1,12.013892726046072,11,100000,0.99681,0.00319,0.99681,0.0,18.892486953083754,5.8007284207747585
1.05,113253,su2,1,12.013892726046072,12,100000,0.99786,0.00214,0.99786,0.0,20.60762382072375,6.055486674442937
1.05,113253,su2,2,13.74605889837549,1,100000,0.8238,0.1762,0.8238,0.0,1.7297338600047136,1.7392992237385942
1.05,113253,su2,2,13.74605889837549,2,100000,0.90715,0.09285,0.90715,0.0,3.4501053956093437,2.4585315927827414
1.05,113253,su2,2,13.74605889837549,3,100000,0.94169,0.05831,0.94169,0.0,5.165981630619606,3.013431909164561
1.05,113253,su2,2,13.74605889837549,4,100000,0.95937,0.04063,0.95937,0.0,6.875721568275427,3.490264463740995
1.05,113253,su2,2,13.74605889837549,5,100000,0.97193,0.02807,0.97193,0.0,8.58603731457864,3.910491311725265
1.05,113253,su2,2,13.74605889837549,6,100000,0.98037,0.01963,0.98037,0.0,10.294659103096095,4.28940815333632
1.05,113253,su2,2,13.74605889837549,7,100000,0.98635,0.01365,0.98635,0.0,11.991323524243795,4.625638453174987
1.05,113253,su2,2,13.74605889837549,8,100000,0.99025,0.00975,0.99025,0.0,13.69661954487665,4.955017254012343
1.05,113253,su2,2,13.74605889837549,9,100000,0.99334,0.00666,0.99334,0.0,15.403371686916508,5.249742059620291
1.05,113253,su2,2,13.74605889837549,10,100000,0.99551,0.00449,0.99551,0.0,17.10749725688407,5.5329585209579255
1.05,113253,su2,2,13.74605889837549,11,100000,0.99698,0.00302,0.99698,0.0,18.807532760676068,5.804967957073001
1.05,113253,su2,2,13.74605889837549,12,100000,0.99777,0.00223,0.99777,0.0,20.51221976827282,6.070268467763801
1.05,113253,su2,3,15.727969239142302,1,100000,0.82181,0.17819,0.82181,0.0,1.7212342221797368,1.7508221781954165
1.05,113253,su2,3,15.727969239142302,2,100000,0.90496,0.09504,0.90496,0.0,3.437486009285135,2.470527364649339
1.05,113253,su2,3,15.727969239142302,3,100000,0.93959,0.06041,0.93959,0.0,5.146132145555774,3.035133482862441
1.05,113253,su2,3,15.727969239142302,4,100000,0.95753,0.04247,0.95753,0.0,6.845763436439454,3.4999834736172746
1.05,113253,su2,3,15.727969239142302,5,100000,0.97053,0.02947,0.97053,0.0,8.54555746566933,3.917455214490769
1.05,113253,su2,3,15.727969239142302,6,100000,0.9795,0.0205,0.9795,0.0,10.242696220312693,4.299925873915663
1.05,113253,su2,3,15.727969239142302,7,100000,0.98601,0.01399,0.98601,0.0,11.941504374684927,4.642622245974548
1.05,113253,su2,3,15.727969239142302,8,100000,0.99044,0.00956,0.99044,0.0,13.638564735723486,4.960177093384556
1.05,113253,su2,3,15.727969239142302,9,100000,0.99334,0.00666,0.99334,0.0,15.33447150226645,5.25817641639639
1.05,113253,su2,3,15.727969239142302,10,100000,0.995,0.005,0.995,0.0,17.030200738994793,5.549553168834953
1.05,113253,su2,3,15.727969239142302,11,100000,0.99673,0.00327,0.99673,0.0,18.73218315485536,5.822068924374462
1.05,113253,su2,3,15.727969239142302,12,100000,0.99747,0.00253,0.99747,0.0,20.441322593985774,6.0847965154218615
1.05,113253,su2,4,17.995631927391237,1,100000,0.81946,0.18054,0.81946,0.0,1.7132700223332114,1.7615831080930293
1.05,113253,su2,4,17.995631927391237,2,100000,0.90284,0.09716,0.90284,0.0,3.4189376294134197,2.4899309749329084
1.05,113253,su2,4,17.995631927391237,3,100000,0.93905,0.06095,0.93905,0.0,5.114646941456797,3.0514149426298633
1.05,113253,su2,4,17.995631927391237,4,100000,0.95615,0.04385,0.95615,0.0,6.811490505988707,3.5247084874342445
1.05,113253,su2,4,17.995631927391237,5,100000,0.96998,0.03002,0.96998,0.0,8.519024041727558,3.93699590712342
1.05,113253,su2,4,17.995631927391237,6,100000,0.97866,0.02134,0.97866,0.0,10.219187348654536,4.321997921410759
1.05,113253,su2,4,17.995631927391237,7,100000,0.98572,0.01428,0.98572,0.0,11.911632318554387,4.6660438672598685
1.05,113253,su2,4,17.995631927391237,8,100000,0.98985,0.01015,0.98985,0.0,13.6012554309573,4.986940220884145
1.05,113253,su2,4,17.995631927391237,9,100000,0.9928,0.0072,0.9928,0.0,15.28638951296507,5.28637774858071
1.05,113253,su2,4,17.995631927391237,10,100000,0.99473,0.00527,0.99473,0.0,16.969715894707416,5.566450059421497
1.05,113253,su2,4,17.995631927391237,11,100000,0.99625,0.00375,0.99625,0.0,18.658948698678795,5.842624372640124
1.05,113253,su2,4,17.995631927391237,12,100000,0.99747,0.00253,0.99747,0.0,20.355683969267403,6.100843688272426
1.05,113253,su2,5,20.59024681077029,1,100000,0.82054,0.17946,0.82054,0.0,1.7077598070843514,1.765827594512122
1.05,113253,su2,5,20.59024681077029,2,100000,0.90016,0.09984,0.90016,0.0,3.4018458322651215,2.517255783830898
1.05,113253,su2,5,20.59024681077029,3,100000,0.93553,0.06447,0.93553,0.0,5.086887426870392,3.084530190170003
1.05,113253,su2,5,20.59024681077029,4,100000,0.9535,0.0465,0.9535,0.0,6.7756333171842344,3.567104080525177
1.05,113253,su2,5,20.59024681077029,5,100000,0.96805,0.03195,0.96805,0.0,8.477966635722956,3.980804552644687
1.05,113253,su2,5,20.59024681077029,6,100000,0.97749,0.02251,0.97749,0.0,10.165316989215826,4.355141947059116
1.05,113253,su2,5,20.59024681077029,7,100000,0.9844,0.0156,0.9844,0.0,11.852880740223885,4.702724809495038
1.05,113253,su2,5,20.59024681077029,8,100000,0.98894,0.01106,0.98894,0.0,13.547438077489439,5.021472563098949
1.05,113253,su2,5,20.59024681077029,9,100000,0.99168,0.00832,0.99168,0.0,15.241453003402297,5.333167612479962
1.05,113253,su2,5,20.59024681077029,10,100000,0.99433,0.00567,0.99433,0.0,16.93993577848947,5.625049920397156
1.05,113253,su2,5,20.59024681077029,11,100000,0.99587,0.00413,0.99587,0.0,18.627050489596826,5.91417057055034
1.05,113253,su2,5,20.59024681077029,12,100000,0.99695,0.00305,0.99695,0.0,20.32045482588517,6.182225074804103
1.05,113253,su2,6,23.558953941657748,1,100000,0.81855,0.18145,0.81855,0.0,1.701882805345178,1.7789184994330924
1.05,113253,su2,6,23.558953941657748,2,100000,0.89976,0.10024,0.89976,0.0,3.3808661814407497,2.523375403070662
1.05,113253,su2,6,23.558953941657748,3,100000,0.93607,0.06393,0.93607,0.0,5.062318807615842,3.080524918004204
1.05,113253,su2,6,23.558953941657748,4,100000,0.9539,0.0461,0.9539,0.0,6.75145534306174,3.560283873323884
1.05,113253,su2,6,23.558953941657748,5,100000,0.96678,0.03322,0.96678,0.0,8.43325919932521,3.9858693977639863
1.05,113253,su2,6,23.558953941657748,6,100000,0.97656,0.02344,0.97656,0.0,10.114381256472322,4.380750433940813
1.05,113253,su2,6,23.558953941657748,7,100000,0.98312,0.01688,0.98312,0.0,11.79573670589856,4.739830308616175
1.05,113253,su2,6,23.558953941657748,8,100000,0.98807,0.01193,0.98807,0.0,13.46969928752789,5.069047323728446
1.05,113253,su2,6,23.558953941657748,9,100000,0.99131,0.00869,0.99131,0.0,15.15911462615973,5.370279411149707
1.05,113253,su2,6,23.558953941657748,10,100000,0.9939,0.0061,0.9939,0.0,16.830016178578642,5.655757402792225
1.05,113253,su2,6,23.558953941657748,11,100000,0.99556,0.00444,0.99556,0.0,18.51146357883257,5.926885011880791
1.05,113253,su2,6,23.558953941657748,12,100000,0.99696,0.00304,0.99696,0.0,20.19943186459674,6.195825182442302
1.05,113253,su2,7,26.95569003742252,1,100000,0.81831,0.18169,0.81831,0.0,1.6960512005045136,1.7846222149910709
1.05,113253,su2,7,26.95569003742252,2,100000,0.89887,0.10113,0.89887,0.0,3.370041631017425,2.5283500296366728
1.05,113253,su2,7,26.95569003742252,3,100000,0.9351,0.0649,0.9351,0.0,5.056311988825168,3.0909066295224155
1.05,113253,su2,7,26.95569003742252,4,100000,0.9538,0.0462,0.9538,0.0,6.730641625541746,3.5725894189935596
1.05,113253,su2,7,26.95569003742252,5,100000,0.96648,0.03352,0.96648,0.0,8.406707158120069,3.9967742148058303
1.05,113253,su2,7,26.95569003742252,6,100000,0.97691,0.02309,0.97691,0.0,10.079029591452098,4.388028968108552
1.05,113253,su2,7,26.95569003742252,7,100000,0.98332,0.01668,0.98332,0.0,11.752812273799243,4.738360735826239
1.05,113253,su2,7,26.95569003742252,8,100000,0.98839,0.01161,0.98839,0.0,13.429328348398613,5.0653505071802565
1.05,113253,su2,7,26.95569003742252,9,100000,0.99164,0.00836,0.99164,0.0,15.106473321040443,5.376214236667656
1.05,113253,su2,7,26.95569003742252,10,100000,0.99369,0.00631,0.99369,0.0,16.790181793759036,5.678008084173143
1.05,113253,su2,7,26.95569003742252,11,100000,0.9954,0.0046,0.9954,0.0,18.468201658172664,5.960904986557875
1.05,113253,su2,7,26.95569003742252,12,100000,0.99664,0.00336,0.99664,0.0,20.146893982653,6.215421431262415
1.05,113253,su2,8,30.842168425346934,1,100000,0.82095,0.17905,0.82095,0.0,1.7143603718151044,1.7583925046913986
1.05,113253,su2,8,30.842168425346934,2,100000,0.90252,0.09748,0.90252,0.0,3.4053628015082835,2.4916686621987907
1.05,113253,su2,8,30.842168425346934,3,100000,0.93863,0.06137,0.93863,0.0,5.094654772129438,3.0530671427920164
1.05,113253,su2,8,30.842168425346934,4,100000,0.95546,0.04454,0.95546,0.0,6.781346847041502,3.530763109527227
1.05,113253,su2,8,30.842168425346934,5,100000,0.96938,0.03062,0.96938,0.0,8.475742732242363,3.9415717938807955
1.05,113253,su2,8,30.842168425346934,6,100000,0.97886,0.02114,0.97886,0.0,10.157508948362079,4.3226144791711105
1.05,113253,su2,8,30.842168425346934,7,100000,0.98488,0.01512,0.98488,0.0,11.835424642120334,4.670938368463271
1.05,113253,su2,8,30.842168425346934,8,100000,0.98895,0.01105,0.98895,0.0,13.522791303994623,5.00060694477609
1.05,113253,su2,8,30.842168425346934,9,100000,0.99209,0.00791,0.99209,0.0,15.193793299973017,5.31027835459444
1.05,113253,su2,8,30.842168425346934,10,100000,0.99448,0.00552,0.99448,0.0,16.874024950361598,5.596990860271675
1.05,113253,su2,8,30.842168425346934,11,100000,0.99616,0.00384,0.99616,0.0,18.547732466652352,5.869452775007265
1.05,113253,su2,8,30.842168425346934,12,100000,0.9973,0.0027,0.9973,0.0,20.22473371320294,6.135184572036045
1.05,113253,su2,9,35.28900027626318,1,100000,0.82029,0.17971,0.82029,0.0,1.702420481414812,1.7769606354347118
1.05,113253,su2,9,35.28900027626318,2,100000,0.89994,0.10006,0.89994,0.0,3.3834859201150027,2.518248291407462
1.05,113253,su2,9,35.28900027626318,3,100000,0.93632,0.06368,0.93632,0.0,5.064439870057581,3.0887878328925806
1.05,113253,su2,9,35.28900027626318,4,100000,0.95368,0.04632,0.95368,0.0,6.738643847507515,3.56740445453462
1.05,113253,su2,9,35.28900027626318,5,100000,0.96735,0.03265,0.96735,0.0,8.411701626232164,3.981577784530725
1.05,113253,su2,9,35.28900027626318,6,100000,0.97642,0.02358,0.97642,0.0,10.085048244328133,4.366380485247386
1.05,113253,su2,9,35.28900027626318,7,100000,0.98416,0.01584,0.98416,0.0,11.763140550126083,4.705996548724509
1.05,113253,su2,9,35.28900027626318,8,100000,0.98805,0.01195,0.98805,0.0,13.44243685169876,5.036411345808103
1.05,113253,su2,9,35.28900027626318,9,100000,0.99179,0.00821,0.99179,0.0,15.111114584898711,5.352103640542264
1.05,113253,su2,9,35.28900027626318,10,100000,0.99405,0.00595,0.99405,0.0,16.79292574155038,5.642124974506695
1.05,113253,su2,9,35.28900027626318,11,100000,0.99576,0.00424,0.99576,0.0,18.465221157848713,5.910431576349327
1.05,113253,su2,9,35.28900027626318,12,100000,0.99709,0.00291,0.99709,0.0,20.149001036253726,6.16359456753191
1.05,113253,su2,10,40.376977497946264,1,100000,0.81738,0.18262,0.81738,0.0,1.6977692184613011,1.7775364012027397
1.05,113253,su2,10,40.376977497946264,2,100000,0.90064,0.09936,0.90064,0.0,3.3857125272378408,2.513165902807742
1.05,113253,su2,10,40.376977497946264,3,100000,0.93627,0.06373,0.93627,0.0,5.072744575071702,3.0832421628203313
1.05,113253,su2,10,40.376977497946264,4,100000,0.95401,0.04599,0.95401,0.0,6.758578113704838,3.5637337160017286
1.05,113253,su2,10,40.376977497946264,5,100000,0.96769,0.03231,0.96769,0.0,8.43096166010863,3.9885959084127904
1.05,113253,su2,10,40.376977497946264,6,100000,0.97713,0.02287,0.97713,0.0,10.113015939864653,4.361574267241574
1.05,113253,su2,10,40.376977497946264,7,100000,0.98411,0.01589,0.98411,0.0,11.79033388318953,4.70046270217593
1.05,113253,su2,10,40.376977497946264,8,100000,0.9886,0.0114,0.9886,0.0,13.468213528392981,5.03108532232527
1.05,113253,su2,10,40.376977497946264,9,100000,0.99148,0.00852,0.99148,0.0,15.152763248759944,5.341068110495258
1.05,113253,su2,10,40.376977497946264,10,100000,0.99388,0.00612,0.99388,0.0,16.827754851024498,5.624883725599341
1.05,113253,su2,10,40.376977497946264,11,100000,0.99577,0.00423,0.99577,0.0,18.50307216820993,5.899948084893646
1.05,113253,su2,10,40.376977497946264,12,100000,0.99692,0.00308,0.99692,0.0,20.180665302428036,6.170836932198025
1.05,113253,su2,11,46.19854059640977,1,100000,0.8173,0.1827,0.8173,0.0,1.6906861929491217,1.7902806182365083
1.05,113253,su2,11,46.19854059640977,2,100000,0.89875,0.10125,0.89875,0.0,3.3704628040696663,2.535398469835017
1.05,113253,su2,11,46.19854059640977,3,100000,0.93384,0.06616,0.93384,0.0,5.0413470602686745,3.1157074349303304
1.05,113253,su2,11,46.19854059640977,4,100000,0.95199,0.04801,0.95199,0.0,6.716740338235178,3.596997501265689
1.05,113253,su2,11,46.19854059640977,5,100000,0.96511,0.03489,0.96511,0.0,8.386625795132066,4.029813285294105
1.05,113253,su2,11,46.19854059640977,6,100000,0.97491,0.02509,0.97491,0.0,10.055349211595294,4.410879712770372
1.05,113253,su2,11,46.19854059640977,7,100000,0.98214,0.01786,0.98214,0.0,11.726917375986828,4.767371610102973
1.05,113253,su2,11,46.19854059640977,8,100000,0.98783,0.01217,0.98783,0.0,13.395822133006329,5.09246209363475
1.05,113253,su2,11,46.19854059640977,9,100000,0.991,0.009,0.991,0.0,15.056935866514747,5.408044319125318
1.05,113253,su2,11,46.19854059640977,10,100000,0.99331,0.00669,0.99331,0.0,16.71899742931083,5.710280093570088
1.05,113253,su2,11,46.19854059640977,11,100000,0.99534,0.00466,0.99534,0.0,18.390451086359484,5.988350915997995
1.05,113253,su2,11,46.19854059640977,12,100000,0.99663,0.00337,0.99663,0.0,20.06511435708514,6.241231879790599
1.05,113253,su2,12,52.85945817382395,1,100000,0.81764,0.18236,0.81764,0.0,1.697497979648953,1.7784309818824549
1.05,113253,su2,12,52.85945817382395,2,100000,0.89914,0.10086,0.89914,0.0,3.3757190502824104,2.5230680259786658
1.05,113253,su2,12,52.85945817382395,3,100000,0.93467,0.06533,0.93467,0.0,5.048168586734303,3.0941635210723186
1.05,113253,su2,12,52.85945817382395,4,100000,0.95285,0.04715,0.95285,0.0,6.70615824755196,3.5773729678016983
1.05,113253,su2,12,52.85945817382395,5,100000,0.9655,0.0345,0.9655,0.0,8.370046019710587,4.011833896073553
1.05,113253,su2,12,52.85945817382395,6,100000,0.97552,0.02448,0.97552,0.0,10.035941155339707,4.397525870599215
1.05,113253,su2,12,52.85945817382395,7,100000,0.98236,0.01764,0.98236,0.0,11.70604051921732,4.748074125804784
1.05,113253,su2,12,52.85945817382395,8,100000,0.9877,0.0123,0.9877,0.0,13.361923384438995,5.070683973627143
1.05,113253,su2,12,52.85945817382395,9,100000,0.99133,0.00867,0.99133,0.0,15.021364265870169,5.38481221085004
1.05,113253,su2,12,52.85945817382395,10,100000,0.99364,0.00636,0.99364,0.0,16.688065568948517,5.6817760019102135
1.05,113253,su2,12,52.85945817382395,11,100000,0.99542,0.00458,0.99542,0.0,18.346232078547242,5.972708369537551
1.05,113253,su2,12,52.85945817382395,12,100000,0.99661,0.00339,0.99661,0.0,20.010843475394417,6.240143860195132
1.05,113253,su2,13,60.48074857687998,1,100000,0.81749,0.18251,0.81749,0.0,1.6907993526088574,1.7811234623687042
1.05,113253,su2,13,60.48074857687998,2,100000,0.8987,0.1013,0.8987,0.0,3.364718330990666,2.516118649983754
1.05,113253,su2,13,60.48074857687998,3,100000,0.93383,0.06617,0.93383,0.0,5.0319112364523635,3.0936224367061667
1.05,113253,su2,13,60.48074857687998,4,100000,0.95244,0.04756,0.95244,0.0,6.693456746177147,3.57602085359757
1.05,113253,su2,13,60.48074857687998,5,100000,0.96547,0.03453,0.96547,0.0,8.361531038548181,4.006365196110153
1.05,113253,su2,13,60.48074857687998,6,100000,0.97577,0.02423,0.97577,0.0,10.026439716224004,4.383050896595889
1.05,113253,su2,13,60.48074857687998,7,100000,0.98331,0.01669,0.98331,0.0,11.68969245005307,4.734034961741786
1.05,113253,su2,13,60.48074857687998,8,100000,0.98798,0.01202,0.98798,0.0,13.352485424827318,5.075604066978661
1.05,113253,su2,13,60.48074857687998,9,100000,0.99118,0.00882,0.99118,0.0,15.017878656612968,5.375782879003998
1.05,113253,su2,13,60.48074857687998,10,100000,0.99374,0.00626,0.99374,0.0,16.690675598951145,5.6660945649527585
1.05,113253,su2,13,60.48074857687998,11,100000,0.99576,0.00424,0.99576,0.0,18.356369480032896,5.945342323084133
1.05,113253,su2,13,60.48074857687998,12,100000,0.99699,0.00301,0.99699,0.0,20.022859758037672,6.214856950745604
1.05,113253,su2,14,69.20087860891422,1,100000,0.81435,0.18565,0.81435,0.0,1.680746528102298,1.7958165141029332
1.05,113253,su2,14,69.20087860891422,2,100000,0.89846,0.10154,0.89846,0.0,3.3544757757030332,2.5304077152423017
1.05,113253,su2,14,69.20087860891422,3,100000,0.9329,0.0671,0.9329,0.0,5.0166564103386335,3.109760934526065
1.05,113253,su2,14,69.20087860891422,4,100000,0.95102,0.04898,0.95102,0.0,6.691975588225315,3.58953072867014
1.05,113253,su2,14,69.20087860891422,5,100000,0.96562,0.03438,0.96562,0.0,8.3471001547505,4.0174470372208555
1.05,113253,su2,14,69.20087860891422,6,100000,0.9753,0.0247,0.9753,0.0,10.007674905827697,4.403325040310599
1.05,113253,su2,14,69.20087860891422,7,100000,0.98232,0.01768,0.98232,0.0,11.670274473120216,4.753874153263074
1.05,113253,su2,14,69.20087860891422,8,100000,0.98678,0.01322,0.98678,0.0,13.342239275195952,5.086411945428216
1.05,113253,su2,14,69.20087860891422,9,100000,0.99063,0.00937,0.99063,0.0,15.009360306061087,5.380518986968867
1.05,113253,su2,14,69.20087860891422,10,100000,0.99361,0.00639,0.99361,0.0,16.678397547680873,5.674676671044233
1.05,113253,su2,14,69.20087860891422,11,100000,0.99524,0.00476,0.99524,0.0,18.341226247306476,5.950966295376947
1.05,113253,su2,14,69.20087860891422,12,100000,0.99686,0.00314,0.99686,0.0,20.01747239056342,6.207945073077773
1.05,113253,su2,15,79.17827925291732,1,100000,0.81606,0.18394,0.81606,0.0,1.6815201963261517,1.7881798255526493
1.05,113253,su2,15,79.17827925291732,2,100000,0.89687,0.10313,0.89687,0.0,3.354192246156381,2.5399466189926856
1.05,113253,su2,15,79.17827925291732,3,100000,0.93293,0.06707,0.93293,0.0,5.026844547171696,3.1170544632366775
1.05,113253,su2,15,79.17827925291732,4,100000,0.95294,0.04706,0.95294,0.0,6.699863069646924,3.5944339092847897
1.05,113253,su2,15,79.17827925291732,5,100000,0.96617,0.03383,0.96617,0.0,8.36163816278946,4.024938213606852
1.05,113253,su2,15,79.17827925291732,6,100000,0.97489,0.02511,0.97489,0.0,10.029899210202036,4.412505206277646
1.05,113253,su2,15,79.17827925291732,7,100000,0.98251,0.01749,0.98251,0.0,11.693719558537042,4.760340832412378
1.05,113253,su2,15,79.17827925291732,8,100000,0.9872,0.0128,0.9872,0.0,13.356848304997369,5.089479135505431
1.05,113253,su2,15,79.17827925291732,9,100000,0.99087,0.00913,0.99087,0.0,15.019623265416156,5.401511516479153
1.05,113253,su2,15,79.17827925291732,10,100000,0.99362,0.00638,0.99362,0.0,16.68984967412936,5.679741936250512
1.05,113253,su2,15,79.17827925291732,11,100000,0.99534,0.00466,0.99534,0.0,18.363471494325708,5.959153588762239
1.05,113253,su2,15,79.17827925291732,12,100000,0.99674,0.00326,0.99674,0.0,20.03723975646056,6.224827818819622
1.05,113253,su2,16,90.5942241121398,1,100000,0.81715,0.18285,0.81715,0.0,1.6927727336518466,1.7745168902478632
1.05,113253,su2,16,90.5942241121398,2,100000,0.89885,0.10115,0.89885,0.0,3.3625358526205726,2.5273716066984795
1.05,113253,su2,16,90.5942241121398,3,100000,0.93278,0.06722,0.93278,0.0,5.033120579918243,3.0990693649325585
1.05,113253,su2,16,90.5942241121398,4,100000,0.95195,0.04805,0.95195,0.0,6.706052696355502,3.586259961768953
1.05,113253,su2,16,90.5942241121398,5,100000,0.96649,0.03351,0.96649,0.0,8.375821943169884,4.003950531947429
1.05,113253,su2,16,90.5942241121398,6,100000,0.9765,0.0235,0.9765,0.0,10.036417169769269,4.388754971341728
1.05,113253,su2,16,90.5942241121398,7,100000,0.9832,0.0168,0.9832,0.0,11.704604785391206,4.743838012813509
1.05,113253,su2,16,90.5942241121398,8,100000,0.98815,0.01185,0.98815,0.0,13.368762572790372,5.064851876303482
1.05,113253,su2,16,90.5942241121398,9,100000,0.99123,0.00877,0.99123,0.0,15.040546258516066,5.366954632546144
1.05,113253,su2,16,90.5942241121398,10,100000,0.99402,0.00598,0.99402,0.0,16.700080483536162,5.665919386118782
1.05,113253,su2,16,90.5942241121398,11,100000,0.99562,0.00438,0.99562,0.0,18.35948104851076,5.947551712160086
1.05,113253,su2,16,90.5942241121398,12,100000,0.99668,0.00332,0.99668,0.0,20.023226615902427,6.216129159396081
1.05,113253,su2,17,103.65612286501181,1,100000,0.81444,0.18556,0.81444,0.0,1.6785070094966332,1.7998414172101795
1.05,113253,su2,17,103.65612286501181,2,100000,0.8972,0.1028,0.8972,0.0,3.3415913760337816,2.541523645990559
1.05,113253,su2,17,103.65612286501181,3,100000,0.93229,0.06771,0.93229,0.0,5.0071703735540165,3.1125658213631544
1.05,113253,su2,17,103.65612286501181,4,100000,0.95121,0.04879,0.95121,0.0,6.673522266809713,3.6010024490938073
1.05,113253,su2,17,103.65612286501181,5,100000,0.96456,0.03544,0.96456,0.0,8.328457518831764,4.030865127757322
1.05,113253,su2,17,103.65612286501181,6,100000,0.97486,0.02514,0.97486,0.0,9.983915000929265,4.418397447916275
1.05,113253,su2,17,103.65612286501181,7,100000,0.98248,0.01752,0.98248,0.0,11.652835085881101,4.766502217945673
1.05,113253,su2,17,103.65612286501181,8,100000,0.98744,0.01256,0.98744,0.0,13.31688140616901,5.096852546650189
1.05,113253,su2,17,103.65612286501181,9,100000,0.99103,0.00897,0.99103,0.0,14.980933472017197,5.397986547223766
1.05,113253,su2,17,103.65612286501181,10,100000,0.99344,0.00656,0.99344,0.0,16.6342939572201,5.69097612675911
1.05,113253,su2,17,103.65612286501181,11,100000,0.99525,0.00475,0.99525,0.0,18.30053553451791,5.968615554289994
1.05,113253,su2,17,103.65612286501181,12,100000,0.99668,0.00332,0.99668,0.0,19.957126333682208,6.23037491835153
1.05,113253,su2,18,118.60128957124793,1,100000,0.81716,0.18284,0.81716,0.0,1.687578221663712,1.7870329117028427
1.05,113253,su2,18,118.60128957124793,2,100000,0.89776,0.10224,0.89776,0.0,3.3570655419036597,2.525421013079711
1.05,113253,su2,18,118.60128957124793,3,100000,0.93392,0.06608,0.93392,0.0,5.018204986049167,3.0951753309171854
1.05,113253,su2,18,118.60128957124793,4,100000,0.95221,0.04779,0.95221,0.0,6.677799257881319,3.5692765724158058
1.05,113253,su2,18,118.60128957124793,5,100000,0.96686,0.03314,0.96686,0.0,8.351221382093344,3.983151585660747
1.05,113253,su2,18,118.60128957124793,6,100000,0.97615,0.02385,0.97615,0.0,10.021274432893762,4.374370116200509
1.05,113253,su2,18,118.60128957124793,7,100000,0.98278,0.01722,0.98278,0.0,11.691102269425128,4.732695467639963
1.05,113253,su2,18,118.60128957124793,8,100000,0.98777,0.01223,0.98777,0.0,13.350849272049208,5.064399648730528
1.05,113253,su2,18,118.60128957124793,9,100000,0.99069,0.00931,0.99069,0.0,15.012131129715668,5.374905999788001
1.05,113253,su2,18,118.60128957124793,10,100000,0.99362,0.00638,0.99362,0.0,16.669393336980615,5.6589746100214455
1.05,113253,su2,18,118.60128957124793,11,100000,0.9956,0.0044,0.9956,0.0,18.327529419819385,5.9339318366682035
1.05,113253,su2,18,118.60128957124793,12,100000,0.9968,0.0032,0.9968,0.0,19.985985736201588,6.211914127839787
1.05,113253,su2,19,135.70125429330454,1,100000,0.81487,0.18513,0.81487,0.0,1.685937579032366,1.7820396561386478
1.05,113253,su2,19,135.70125429330454,2,100000,0.89942,0.10058,0.89942,0.0,3.3526742437446884,2.526486177287121
1.05,113253,su2,19,135.70125429330454,3,100000,0.93394,0.06606,0.93394,0.0,5.0136194981309705,3.0970645232043355
1.05,113253,su2,19,135.70125429330454,4,100000,0.95164,0.04836,0.95164,0.0,6.6780799724210755,3.5830816507356
1.05,113253,su2,19,135.70125429330454,5,100000,0.96569,0.03431,0.96569,0.0,8.345443660554443,4.002221109983007
1.05,113253,su2,19,135.70125429330454,6,100000,0.97506,0.02494,0.97506,0.0,10.001532856767371,4.398379999211068
1.05,113253,su2,19,135.70125429330454,7,100000,0.98214,0.01786,0.98214,0.0,11.660889322031469,4.75743800839091
1.05,113253,su2,19,135.70125429330454,8,100000,0.98698,0.01302,0.98698,0.0,13.312130838588162,5.091479467903256
1.05,113253,su2,19,135.70125429330454,9,100000,0.99083,0.00917,0.99083,0.0,14.971324321589323,5.397892883818844
1.05,113253,su2,19,135.70125429330454,10,100000,0.9936,0.0064,0.9936,0.0,16.630247800649528,5.692682492706261
1.05,113253,su2,19,135.70125429330454,11,100000,0.9952,0.0048,0.9952,0.0,18.286035243659146,5.962721510736718
1.05,113253,su2,19,135.70125429330454,12,100000,0.99654,0.00346,0.99654,0.0,19.954306021478953,6.226467641672649
