model,mass_GeV,ctau_m,ctau_min_m,coupling_squared,N_events,passes_event_cut,N_events_primary,N_events_cascade,N_events_inclusive,cascade_event_fraction,sampled_inside_volume
ALP-SU2L,0.3,3.0,3.0,9.078213333333322e-08,430512.89776207134,True,,,430512.89776207134,0.0,122237
ALP-SU2L,0.3,5.1,3.0,5.340125490196072e-08,154825.96479412107,True,,,154825.96479412107,0.0,122319
ALP-SU2L,0.3,8.67,3.0,3.14125028835063e-08,54820.19699432996,True,,,54820.19699432996,0.0,122377
ALP-SU2L,0.3,14.738999999999999,3.0,1.847794287265077e-08,19228.753709349552,True,,,19228.753709349552,0.0,122406
ALP-SU2L,0.3,25.056299999999997,3.0,1.0869378160382806e-08,6708.217506201401,True,,,6708.217506201401,0.0,122426
ALP-SU2L,0.3,42.59570999999999,3.0,6.39375185904871e-09,2332.40587822473,True,,,2332.40587822473,0.0,122432
ALP-SU2L,0.3,72.41270699999998,3.0,3.761030505322771e-09,809.4075006376956,True,,,809.4075006376956,0.0,122436
ALP-SU2L,0.3,123.10160189999996,3.0,2.212370885483983e-09,280.5632769648672,True,,,280.5632769648672,0.0,122441
ALP-SU2L,0.3,209.27272322999994,3.0,1.30139463851999e-09,97.1808144115438,True,,,97.1808144115438,0.0,122444
ALP-SU2L,0.3,355.7636294909999,3.0,7.655262579529352e-10,33.64674251699008,True,,,33.64674251699008,0.0,122444
ALP-SU2L,0.3,604.7981701346998,3.0,4.503095635017266e-10,11.646593733182316,True,,,11.646593733182316,0.0,122444
ALP-SU2L,0.3,644.0345406729224,3.0,4.228754558962588e-10,10.271052430492544,True,,,10.271052430492544,0.0,122444
ALP-SU2L,0.3,649.1147777132595,3.0,4.1956586007706976e-10,10.110948316164444,True,,,10.110948316164444,0.0,122444
ALP-SU2L,0.3,651.6699041500076,3.0,4.1792078821750896e-10,10.031834477860999,True,,,10.031834477860999,0.0,122444
ALP-SU2L,0.3,652.3102557476692,3.0,4.175105290776701e-10,10.012152920555344,True,,,10.012152920555344,0.0,122444
ALP-SU2L,0.3,652.6306674690715,3.0,4.17305550559201e-10,10.002326624989953,True,,,10.002326624989953,0.0,122444
ALP-SU2L,0.3,652.6707299987753,3.0,4.1727993532130776e-10,10.001099016245066,True,,,10.001099016245066,0.0,122444
ALP-SU2L,0.3,652.6907621858505,3.0,4.172671282919895e-10,10.000485268367386,True,,,10.000485268367386,0.0,122444
ALP-SU2L,0.3,652.7007785099522,3.0,4.1726072492473214e-10,10.000178408551232,True,,,10.000178408551232,0.0,122444
ALP-SU2L,0.3,652.7107949877663,3.0,4.172543216557407e-10,9.999871558149815,False,,,9.999871558149815,0.0,122444
ALP-SU2L,0.3,652.7909323442142,3.0,4.1720309904119874e-10,9.997417093834347,False,,,9.997417093834347,0.0,122444
ALP-SU2L,0.3,652.9512365752001,3.0,4.17100672675782e-10,9.992509972186049,False,,,9.992509972186049,0.0,122444
ALP-SU2L,0.3,654.2350883936828,3.0,4.1628216650482766e-10,9.95333959950436,False,,,9.95333959950436,0.0,122444
ALP-SU2L,0.3,664.5971975948178,3.0,4.097916768015624e-10,9.645453417863886,False,,,9.645453417863886,0.0,122444
ALP-SU2L,0.3,685.8163765399665,3.0,3.9711271021847413e-10,9.057954874403471,False,,,9.057954874403471,0.0,122444
ALP-SU2L,0.3,777.6877073316125,3.0,3.5020021202915696e-10,7.044632139688312,False,,,7.044632139688312,0.0,122444
ALP-SU2L,0.3,1000.0,3.0,2.723463999999997e-10,4.260954236542846,False,,,4.260954236542846,0.0,122444
ALP-photon-combined,0.3,3.0,3.0,4.844991835527848e-13,127604.48928401056,True,36203.26448802606,91401.2247959845,,0.7162853384613443,336841
ALP-photon-combined,0.3,5.1,3.0,2.849995197369323e-13,71346.09685771976,True,16299.470229870743,55046.626627849015,,0.7715436310079362,338565
ALP-photon-combined,0.3,8.67,3.0,1.676467763158425e-13,35255.24945123037,True,6790.108658039881,28465.140793190487,,0.8074014859139533,339646
ALP-photon-combined,0.3,14.738999999999999,3.0,9.861575077402501e-14,15633.502235339687,True,2663.0664994977415,12970.435735841946,,0.8296564353009875,340322
ALP-photon-combined,0.3,25.056299999999997,3.0,5.800926516119119e-14,6371.433465459868,True,999.494661360429,5371.938804099439,,0.8431287610898266,340702
ALP-photon-combined,0.3,42.59570999999999,3.0,3.412309715364188e-14,2445.8872341959163,True,363.9283813547628,2081.9588528411537,,0.8512080294354192,340910
ALP-photon-combined,0.3,72.41270699999998,3.0,2.0072410090377577e-14,902.1933973369813,True,129.94037479057064,772.2530225464106,,0.8559728156134618,341025
ALP-photon-combined,0.3,123.10160189999996,3.0,1.1807300053163281e-14,324.5530021325576,True,45.8229607283553,278.73004140420227,,0.8588120879262741,341105
ALP-photon-combined,0.3,209.27272322999994,3.0,6.945470619507812e-15,114.95714170087737,True,16.035772733500902,98.92136896737647,,0.8605065114159974,341152
ALP-photon-combined,0.3,355.7636294909999,3.0,4.085570952651654e-15,40.334976105538914,True,5.585386643776131,34.74958946176278,,0.8615249794827787,341179
ALP-photon-combined,0.3,604.7981701346998,3.0,2.403277030971561e-15,14.072219796689954,True,1.9403486196481352,12.131871177041818,,0.8621149578615492,341198
ALP-photon-combined,0.3,685.8163765399665,3.0,2.1193683912761607e-15,10.958810343661856,True,1.5099852399475973,9.448825103714258,,0.8622126679269603,341199
ALP-photon-combined,0.3,707.713038864124,3.0,2.053795070656337e-15,10.29452854526525,True,1.4181347307000494,8.8763938145652,,0.8622438390971978,341200
ALP-photon-combined,0.3,713.2955810523279,3.0,2.0377212326396356e-15,10.134812077032207,True,1.396083738478336,8.738728338553871,,0.862248680304376,341201
ALP-photon-combined,0.3,716.1033439610434,3.0,2.029731550502892e-15,10.05590073002331,True,1.3852045152631112,8.6706962147602,,0.8622495833588147,341202
ALP-photon-combined,0.3,717.5113673001032,3.0,2.0257484646238657e-15,10.016664609184662,True,1.3797861091705332,8.636878500014129,,0.8622509425038196,341202
ALP-photon-combined,0.3,717.8638055000189,3.0,2.024753915049303e-15,10.00687946440232,True,1.3784348186668631,8.628444645735458,,0.8622512818735953,341202
ALP-photon-combined,0.3,718.0400895131563,3.0,2.0242568233813395e-15,10.001990468448636,True,1.3777596691789644,8.624230799269672,,0.8622514514960679,341202
ALP-photon-combined,0.3,718.084167280029,3.0,2.0241325695342044e-15,10.000768591809809,True,1.3775909334217442,8.623177658388064,,0.8622514938951861,341202
ALP-photon-combined,0.3,718.1062071781178,3.0,2.0240704454707935e-15,10.0001577093304,True,1.377506573283614,8.622651136046786,,0.8622515150937704,341202
ALP-photon-combined,0.3,718.1172273808344,3.0,2.024039384154101e-15,9.999852282049705,False,1.3774643951495311,8.622387886900174,,0.8622515256928188,341202
ALP-photon-combined,0.3,718.1282477526692,3.0,2.024008323314075e-15,9.999546864074649,False,1.3774222183053846,8.622124645769263,,0.8622515362917046,341202
ALP-photon-combined,0.3,718.2164168159164,3.0,2.0237598537529608e-15,9.997103855243017,False,1.3770848499851607,8.620019005257856,,0.8622516210769438,341202
ALP-photon-combined,0.3,718.9221591358333,3.0,2.0217731950361684e-15,9.97758120676942,False,1.3743888729260927,8.603192333843328,,0.8622522989846858,341202
ALP-photon-combined,0.3,730.308815174677,3.0,1.990250590513143e-15,9.67047251004386,False,1.3319632568135762,8.338509253230283,,0.862264924963058,341203
ALP-photon-combined,0.3,777.6877073316125,3.0,1.8689990042989985e-15,8.53324983940724,False,1.1749457642197219,7.358304075187518,,0.8623096960323688,341205
ALP-photon-combined,0.3,1000.0,3.0,1.4534975506583546e-15,5.171381798068986,False,0.7113172030958971,4.4600645949730895,,0.8624512304696773,341210
ALP-SU2L,0.4,4.0,4.0,2.8724034500000002e-08,137252.38606372545,True,,,137252.38606372545,0.0,122325
ALP-SU2L,0.4,6.8,4.0,1.6896490882352943e-08,49365.44293792991,True,,,49365.44293792991,0.0,122417
ALP-SU2L,0.4,11.559999999999999,4.0,9.939112283737027e-09,17482.222158785185,True,,,17482.222158785185,0.0,122464
ALP-SU2L,0.4,19.651999999999997,4.0,5.846536637492369e-09,6135.894729996068,True,,,6135.894729996068,0.0,122499
ALP-SU2L,0.4,33.40839999999999,4.0,3.4391391985249227e-09,2142.139485790107,True,,,2142.139485790107,0.0,122514
ALP-SU2L,0.4,56.794279999999986,4.0,2.0230230579558372e-09,745.4654232009141,True,,,745.4654232009141,0.0,122524
ALP-SU2L,0.4,96.55027599999997,4.0,1.1900135635034336e-09,258.86435558672775,True,,,258.86435558672775,0.0,122522
ALP-SU2L,0.4,164.13546919999993,4.0,7.000079785314316e-10,89.77614949441924,True,,,89.77614949441924,0.0,122525
ALP-SU2L,0.4,279.0302976399999,4.0,4.1176939913613623e-10,31.10758730849315,True,,,31.10758730849315,0.0,122526
ALP-SU2L,0.4,474.3515059879998,4.0,2.4221729360949193e-10,10.820610888756635,True,,,10.820610888756635,0.0,122526
ALP-SU2L,0.4,490.3467953439736,4.0,2.343160781124336e-10,10.128510746745254,True,,,10.128510746745254,0.0,122526
ALP-SU2L,0.4,492.3837635115988,4.0,2.3334672366241314e-10,10.045171352215643,True,,,10.045171352215643,0.0,122526
ALP-SU2L,0.4,493.4054185942859,4.0,2.32863551290822e-10,10.003759210717245,True,,,10.003759210717245,0.0,122526
ALP-SU2L,0.4,493.46934237696405,4.0,2.3283338625772253e-10,10.001176628943824,True,,,10.001176628943824,0.0,122526
ALP-SU2L,0.4,493.4853246166118,4.0,2.3282584561002434e-10,10.00053108770334,True,,,10.00053108770334,0.0,122526
ALP-SU2L,0.4,493.493315930544,4.0,2.328220753777563e-10,10.00020833271168,True,,,10.00020833271168,0.0,122526
ALP-SU2L,0.4,493.50130737388446,4.0,2.3281830520654095e-10,9.999885588138625,False,,,9.999885588138625,0.0,122526
ALP-SU2L,0.4,493.5332744413712,4.0,2.328032251321871e-10,9.998594714025703,False,,,9.998594714025703,0.0,122526
ALP-SU2L,0.4,493.66116341966466,4.0,2.327429146017833e-10,9.99343288406599,False,,,9.99343288406599,0.0,122526
ALP-SU2L,0.4,493.9170408042194,4.0,2.3262234040947565e-10,9.983117218830001,False,,,9.983117218830001,0.0,122526
ALP-SU2L,0.4,494.4291935257279,4.0,2.3238137938556277e-10,9.962517828546934,False,,,9.962517828546934,0.0,122526
ALP-SU2L,0.4,498.5455798462294,4.0,2.3046265506042276e-10,9.799245842198628,False,,,9.799245842198628,0.0,122526
ALP-SU2L,0.4,506.8814511367597,4.0,2.266726031152407e-10,9.480686840548744,False,,,9.480686840548744,0.0,122526
ALP-SU2L,0.4,541.6422257822602,4.0,2.1212551852666704e-10,8.306710202747087,False,,,8.306710202747087,0.0,122526
ALP-SU2L,0.4,618.4786957496933,4.0,1.8577218389184424e-10,6.376884071346008,False,,,6.376884071346008,0.0,122526
ALP-SU2L,0.4,806.3975601795996,4.0,1.4248076094675994e-10,3.7579645442233085,False,,,3.7579645442233085,0.0,122526
ALP-SU2L,0.4,1000.0,4.0,1.14896138e-10,2.4471557258734458,False,,,2.4471557258734458,0.0,122527
ALP-photon-combined,0.4,4.0,4.0,1.5314137523943464e-13,24223.37439562777,True,8089.725365329043,16133.649030298728,,0.666036398017726,348452
ALP-photon-combined,0.4,6.8,4.0,9.008316190554979e-14,12340.440629964338,True,3529.3925641141705,8811.048065850167,,0.7139978490278293,349785
ALP-photon-combined,0.4,11.559999999999999,4.0,5.2990095238558706e-14,5616.351427285369,True,1429.2370142385807,4187.114413046788,,0.7455221538853394,350561
ALP-photon-combined,0.4,19.651999999999997,4.0,3.117064425797571e-14,2334.0947442953557,True,547.7122732847533,1786.3824710106023,,0.7653427417102971,350973
ALP-photon-combined,0.4,33.40839999999999,4.0,1.8335673092926887e-14,908.3058120142041,True,202.14484611732928,706.1609658968748,,0.7774484722617099,351227
ALP-photon-combined,0.4,56.794279999999986,4.0,1.0785690054662877e-14,337.974760611139,True,72.7630955408336,265.2116650703054,,0.7847084929973452,351347
ALP-photon-combined,0.4,96.55027599999997,4.0,6.344523561566399e-15,122.23344585373808,True,25.7890501344099,96.44439571932817,,0.789018055129784,351426
ALP-photon-combined,0.4,164.13546919999993,4.0,3.732072683274352e-15,43.44698055605007,True,9.054355201886784,34.392625354163286,,0.7915998974841083,351496
ALP-photon-combined,0.4,279.0302976399999,4.0,2.1953368725143246e-15,15.275059138044327,True,3.159862295669251,12.115196842375076,,0.7931358388132689,351535
ALP-photon-combined,0.4,318.6130739895649,4.0,1.9226000153961073e-15,11.748775602884756,True,2.4271457735040234,9.321629829380733,,0.793412875048182,351540
ALP-photon-combined,0.4,340.462832427605,4.0,1.799214018722565e-15,10.302671281369257,True,2.127078971189539,8.175592310179718,,0.7935410231872561,351545
ALP-photon-combined,0.4,343.29736680461133,4.0,1.7843582858192498e-15,10.13478144264803,True,2.092269116461813,8.042512326186218,,0.7935555760820491,351545
ALP-photon-combined,0.4,344.72347137968046,4.0,1.776976480615256e-15,10.051860594125529,True,2.075077879805862,7.976782714319667,,0.7935628075643457,351545
ALP-photon-combined,0.4,345.4387437195823,4.0,1.7732970377376151e-15,10.010653771065451,True,2.0665351750044754,7.944118596060975,,0.7935664121181037,351545
ALP-photon-combined,0.4,345.61779357972233,4.0,1.772378368061193e-15,10.000378366071333,True,2.064404986187252,7.93597337988408,,0.7935673120937865,351545
ALP-photon-combined,0.4,345.62339038301366,4.0,1.7723496673037795e-15,10.000057428893495,True,2.064338453093845,7.93571897579965,,0.7935673402105388,351545
ALP-photon-combined,0.4,345.6289872769375,4.0,1.7723209670111275e-15,9.99973650196822,False,2.0642719221394863,7.935464579828734,,0.7935673683268373,351545
ALP-photon-combined,0.4,345.64018133668856,4.0,1.7722635678200784e-15,9.999094678874075,False,2.064138866647642,7.934955812226433,,0.7935674245580732,351545
ALP-photon-combined,0.4,345.66257054384533,4.0,1.7721487750147888e-15,9.997811155702305,False,2.0638727813295326,7.933938374372771,,0.7935675370151003,351545
ALP-photon-combined,0.4,345.7073533091063,4.0,1.7719192117097583e-15,9.99524460135198,False,2.0633407133402772,7.9319038880117025,,0.793567761907379,351545
ALP-photon-combined,0.4,345.79693624604863,4.0,1.7714601743084074e-15,9.990113460041556,False,2.0622769878268867,7.927836472214669,,0.7935682116048451,351545
ALP-photon-combined,0.4,346.15550018970066,4.0,1.769625213587649e-15,9.969615102272623,False,2.058027553502258,7.911587548770366,,0.7935700092340455,351545
ALP-photon-combined,0.4,351.9433515171169,4.0,1.7405230083681412e-15,9.647475622232273,False,1.9912352034487841,7.656240418783489,,0.7936003902554518,351548
ALP-photon-combined,0.4,363.8109974998197,4.0,1.68374651994417e-15,9.03368506592398,False,1.864124642571307,7.169560423352672,,0.7936473732515887,351550
ALP-photon-combined,0.4,474.3515059879998,4.0,1.2913746308907792e-15,5.335545129980071,False,1.0988763437163747,4.236668786263697,,0.7940460970816531,351554
ALP-photon-combined,0.4,806.3975601795996,4.0,7.596321358181055e-16,1.856394158308363,False,0.38139103925853424,1.4750031190498287,,0.7945527691133889,351559
ALP-photon-combined,0.4,1000.0,4.0,6.125655009577385e-16,1.2090462987037114,False,0.24821480658675307,0.9608314921169583,,0.7947019838256991,351564
ALP-SU2L,0.5,5.0,5.0,1.1765364500000007e-08,56451.70115600155,True,,,56451.70115600155,0.0,122136
ALP-SU2L,0.5,8.5,5.0,6.920802647058827e-09,20306.12835525876,True,,,20306.12835525876,0.0,122205
ALP-SU2L,0.5,14.45,5.0,4.07106038062284e-09,7195.121325362146,True,,,7195.121325362146,0.0,122244
ALP-SU2L,0.5,24.564999999999998,5.0,2.3947414003663765e-09,2527.7804935822533,True,,,2527.7804935822533,0.0,122272
ALP-SU2L,0.5,41.76049999999999,5.0,1.4086714119802215e-09,883.8082809579826,True,,,883.8082809579826,0.0,122293
ALP-SU2L,0.5,70.99284999999999,5.0,8.286302423413068e-10,308.051228762034,True,,,308.051228762034,0.0,122302
ALP-SU2L,0.5,120.68784499999998,5.0,4.874295543184157e-10,107.11375304531231,True,,,107.11375304531231,0.0,122312
ALP-SU2L,0.5,205.16933649999996,5.0,2.8672326724612694e-10,37.19023062181104,True,,,37.19023062181104,0.0,122315
ALP-SU2L,0.5,348.7878720499999,5.0,1.686607454388982e-10,12.897081328955213,True,,,12.897081328955213,0.0,122318
ALP-SU2L,0.5,372.7069493652646,5.0,1.5783666658264503e-10,11.29718224357325,True,,,11.29718224357325,0.0,122318
ALP-SU2L,0.5,385.27475072106023,5.0,1.5268797757938406e-10,10.57322565669257,True,,,10.57322565669257,0.0,122318
ALP-SU2L,0.5,391.7166907629166,5.0,1.501769617869168e-10,10.228823947943246,True,,,10.228823947943246,0.0,122318
ALP-SU2L,0.5,394.9779408033325,5.0,1.489369821017197e-10,10.0608502995186,True,,,10.0608502995186,0.0,122318
ALP-SU2L,0.5,395.79748695955243,5.0,1.4862859022147278e-10,10.019289386832158,True,,,10.019289386832158,0.0,122318
ALP-SU2L,0.5,396.00263906241383,5.0,1.4855159207847693e-10,10.008925994820252,True,,,10.008925994820252,0.0,122318
ALP-SU2L,0.5,396.10525498627135,5.0,1.4851310796681785e-10,10.003748316617857,True,,,10.003748316617857,0.0,122318
ALP-SU2L,0.5,396.1565729193203,5.0,1.4849386964981766e-10,10.00116048136228,True,,,10.00116048136228,0.0,122318
ALP-SU2L,0.5,396.1694034413867,5.0,1.4848906045997433e-10,10.00051362708638,True,,,10.00051362708638,0.0,122318
ALP-SU2L,0.5,396.1758188582497,5.0,1.4848665592346023e-10,10.000190215627269,True,,,10.000190215627269,0.0,122318
ALP-SU2L,0.5,396.1822343790016,5.0,1.4848425142588362e-10,9.999866814620274,False,,,9.999866814620274,0.0,122318
ALP-SU2L,0.5,396.207897500931,5.0,1.4847463382493987e-10,9.998573315106656,False,,,9.998573315106656,0.0,122318
ALP-SU2L,0.5,396.61873360542705,5.0,1.4832083690359272e-10,9.977900048334682,False,,,9.977900048334682,0.0,122318
ALP-SU2L,0.5,398.26634248695615,5.0,1.4770724066879115e-10,9.89563326620421,False,,,9.89563326620421,0.0,122318
ALP-SU2L,0.5,454.76374687477465,5.0,1.2935688674453375e-10,7.592343630734341,False,,,7.592343630734341,0.0,122318
ALP-SU2L,0.5,592.9393824849999,5.0,9.921220319935187e-11,4.468742062080212,False,,,4.468742062080212,0.0,122317
ALP-SU2L,0.5,1000.0,5.0,5.882682250000003e-11,1.5724080635116178,False,,,1.5724080635116178,0.0,122317
ALP-photon-combined,0.5,5.0,5.0,6.266850655610408e-14,6149.472523196024,True,2389.7486387086446,3759.7238844873796,,0.6113896550160312,357574
ALP-photon-combined,0.5,8.5,5.0,3.6863827385943577e-14,2906.823782263077,True,1011.0140636484373,1895.8097186146397,,0.6521928608753425,358468
ALP-photon-combined,0.5,14.45,5.0,2.1684604344672694e-14,1244.1329800594228,True,399.37810103376427,844.7548790256586,,0.6789908253901533,359022
ALP-photon-combined,0.5,24.564999999999998,5.0,1.275564961451335e-14,494.1801848055668,True,150.3182135495711,343.8619712559957,,0.6958230658141156,359331
ALP-photon-combined,0.5,41.76049999999999,5.0,7.503323302654912e-15,186.46446918847946,True,54.797908891575865,131.66656029690358,,0.7061214443155612,359525
ALP-photon-combined,0.5,70.99284999999999,5.0,4.4137195897970075e-15,68.02065371784141,True,19.56704788035457,48.45360583748684,,0.7123366681902051,359618
ALP-photon-combined,0.5,120.68784499999998,5.0,2.596305641057063e-15,24.297948271649226,True,6.900155814685272,17.397792456963955,,0.716018993145345,359675
ALP-photon-combined,0.5,157.35769788054486,5.0,1.9912755270376955e-15,14.447224166441266,True,4.084688126949857,10.36253603949141,,0.7172683084382414,359692
ALP-photon-combined,0.5,179.68020054340667,5.0,1.7438901550247545e-15,11.130019607469736,True,3.141086770579725,7.988932836890011,,0.7177824584898633,359703
ALP-photon-combined,0.5,185.73907621461387,5.0,1.6870038290621516e-15,10.426299665148377,True,2.9412445566710317,7.485055108477345,,0.7179013982781804,359704
ALP-photon-combined,0.5,188.84470405595306,5.0,1.6592603660607805e-15,10.091275217329965,True,2.8461226806883912,7.245152536641575,,0.7179620395447464,359706
ALP-photon-combined,0.5,189.62919098324446,5.0,1.6523960849899275e-15,10.009166349766737,True,2.822824750134595,7.186341599632142,,0.7179760380143566,359706
ALP-photon-combined,0.5,189.6783294805766,5.0,1.6519680115203e-15,10.004056620842885,True,2.8213749506353114,7.182681670207574,,0.7179769110105659,359706
ALP-photon-combined,0.5,189.70290350399736,5.0,1.6517540163739126e-15,10.001502727446375,True,2.8206503289343985,7.180852398511977,,0.7179773474246126,359706
ALP-photon-combined,0.5,189.71519170957683,5.0,1.6516470291962543e-15,10.00022602344351,True,2.820288087575522,7.179937935867987,,0.7179775656106245,359706
ALP-photon-combined,0.5,189.7182638853418,5.0,1.6516202834846319e-15,9.999906872720128,False,2.820197534473513,7.1797093382466155,,0.7179776201549389,359706
ALP-photon-combined,0.5,189.7213361108564,5.0,1.6515935382061124e-15,9.999587732107054,False,2.820106984266403,7.179480747840651,,0.717977674698378,359706
ALP-photon-combined,0.5,189.7274807111378,5.0,1.6515400489483541e-15,9.998949481210543,False,2.8199258925365176,7.179023588674026,,0.7179777837826302,359706
ALP-photon-combined,0.5,189.82582138514633,5.0,1.650684456382598e-15,9.988742964631555,False,2.8170299990339065,7.171712965597649,,0.7179795286545533,359706
ALP-photon-combined,0.5,190.02265567714946,5.0,1.6489746007596735e-15,9.968360945930211,False,2.8112470922737733,7.157113853656438,,0.7179830157111714,359706
ALP-photon-combined,0.5,190.41693677735006,5.0,1.645560201122783e-15,9.927720676600282,False,2.7997167156140272,7.1280039609862555,,0.7179899790882532,359706
ALP-photon-combined,0.5,192.0022591733693,5.0,1.6319731555741038e-15,9.766838608756206,False,2.7541050377999365,7.012733570956271,,0.7180146874413575,359707
ALP-photon-combined,0.5,205.16933649999996,5.0,1.5272386123865078e-15,8.569344150369696,False,2.4145556050352384,6.1547885453344575,,0.7182333253670211,359708
ALP-photon-combined,0.5,348.7878720499999,5.0,8.983756543450047e-16,2.9990126153271324,False,0.8411176162264131,2.1578949991007192,,0.7195351523605832,359735
ALP-photon-combined,0.5,592.9393824849999,5.0,5.284562672617674e-16,1.0447398776293952,False,0.2922195504563402,0.7525203271730552,,0.720294441981662,359759
ALP-photon-combined,0.5,1000.0,5.0,3.1334253278052043e-16,0.36875670013087813,False,0.10297384714653883,0.2657828529843393,,0.7207539629517467,359769
ALP-SU2L,0.6,6.0,6.0,5.673883339962018e-09,27385.79239297076,True,,,27385.79239297076,0.0,122180
ALP-SU2L,0.6,10.2,6.0,3.3375784352717753e-09,9857.418753903947,True,,,9857.418753903947,0.0,122258
ALP-SU2L,0.6,17.34,6.0,1.963281432512809e-09,3495.0680016632236,True,,,3495.0680016632236,0.0,122309
ALP-SU2L,0.6,29.477999999999998,6.0,1.1548714308898876e-09,1228.6066875438305,True,,,1228.6066875438305,0.0,122345
ALP-SU2L,0.6,50.11259999999999,6.0,6.793361358175811e-10,429.45295300400187,True,,,429.45295300400187,0.0,122363
ALP-SU2L,0.6,85.19141999999998,6.0,3.9960949165740063e-10,149.57998415190778,True,,,149.57998415190778,0.0,122374
ALP-SU2L,0.6,144.82541399999997,6.0,2.350644068572945e-10,51.97257567804048,True,,,51.97257567804048,0.0,122376
ALP-SU2L,0.6,246.20320379999993,6.0,1.382731805042909e-10,18.03019287350928,True,,,18.03019287350928,0.0,122378
ALP-SU2L,0.6,321.0097036763115,6.0,1.060506883433639e-10,10.615603317059518,True,,,10.615603317059518,0.0,122380
ALP-SU2L,0.6,326.37710774332254,6.0,1.0430664171013266e-10,10.26981355720343,True,,,10.26981355720343,0.0,122380
ALP-SU2L,0.6,329.0943709616595,6.0,1.0344540363997371e-10,10.101162913573393,True,,,10.101162913573393,0.0,122380
ALP-SU2L,0.6,330.4614743345352,6.0,1.0301745493427516e-10,10.01787834226359,True,,,10.01787834226359,0.0,122380
ALP-SU2L,0.6,330.63276108750375,6.0,1.0296408597804487e-10,10.007516137264073,True,,,10.007516137264073,0.0,122380
ALP-SU2L,0.6,330.7184377544999,6.0,1.0293741186889389e-10,10.002339052124965,True,,,10.002339052124965,0.0,122380
ALP-SU2L,0.6,330.7398603899841,6.0,1.0293074442140344e-10,10.001045199081112,True,,,10.001045199081112,0.0,122380
ALP-SU2L,0.6,330.7505722280982,6.0,1.0292741085960859e-10,10.000398335280469,True,,,10.000398335280469,0.0,122380
ALP-SU2L,0.6,330.7559282772532,6.0,1.029257441191972e-10,10.000074919059283,True,,,10.000074919059283,0.0,122380
ALP-SU2L,0.6,330.761284413142,6.0,1.0292407740577597e-10,9.999751513290413,False,,,9.999751513290413,0.0,122380
ALP-SU2L,0.6,330.8041366228388,6.0,1.0291074466999802e-10,9.997164643382108,False,,,9.997164643382108,0.0,122380
ALP-SU2L,0.6,331.1471542247053,6.0,1.0280414494116858e-10,9.976493744738606,False,,,9.976493744738606,0.0,122380
ALP-SU2L,0.6,331.83425684323646,6.0,1.025912766319804e-10,9.935279994945946,False,,,9.935279994945946,0.0,122380
ALP-SU2L,0.6,343.02381751592117,6.0,9.924471217859971e-11,9.298529098379943,False,,,9.298529098379943,0.0,122380
ALP-SU2L,0.6,366.54760910854964,6.0,9.287552065219038e-11,8.144807434405296,False,,,8.144807434405296,0.0,122381
ALP-SU2L,0.6,418.5454464599999,6.0,8.133716500252405e-11,6.248793165714255,False,,,6.248793165714255,0.0,122381
ALP-SU2L,0.6,711.5272589819998,6.0,4.7845391177955323e-11,2.1642752055819487,False,,,2.1642752055819487,0.0,122382
ALP-SU2L,0.6,1000.0,6.0,3.404330003977211e-11,1.0961551298294718,False,,,1.0961551298294718,0.0,122383
ALP-photon-combined,0.6,6.0,6.0,3.0196615342202544e-14,1873.288497351256,True,830.8171114846626,1042.4713858665932,,0.556492706457441,364774
ALP-photon-combined,0.6,10.2,6.0,1.7762714907177967e-14,835.3029890999088,True,342.66967599117356,492.63331310873525,,0.5897660124975471,365382
ALP-photon-combined,0.6,17.34,6.0,1.0448655827751746e-14,341.79394438880854,True,132.75033098707615,209.0436134017324,,0.6116071300664541,365742
ALP-photon-combined,0.6,29.477999999999998,6.0,6.1462681339716156e-15,131.56379474977106,True,49.303163738654085,82.26063101111698,,0.6252527997354692,365966
ALP-photon-combined,0.6,50.11259999999999,6.0,3.615451843512715e-15,48.60599057464892,True,17.81018533199842,30.795805242650502,,0.6335804471540274,366056
ALP-photon-combined,0.6,85.19141999999998,6.0,2.1267363785368916e-15,17.502115879259335,True,6.324890033126667,11.177225846132668,,0.6386214057340405,366128
ALP-photon-combined,0.6,111.07602203332578,6.0,1.6311323428458438e-15,10.43448312702987,True,3.7530004219929607,6.681482705036909,,0.6403271368304723,366147
ALP-photon-combined,0.6,112.93325527450607,6.0,1.6043077091227297e-15,10.1014427454568,True,3.632280184634043,6.469162560822757,,0.6404196631943799,366148
ALP-photon-combined,0.6,113.40239558141698,6.0,1.5976707645751428e-15,10.019831914528913,True,3.6027075355190727,6.41712437900984,,0.6404423181695202,366148
ALP-photon-combined,0.6,113.46117498424181,6.0,1.5968430793915066e-15,10.00967652107137,True,3.5990278044652735,6.410648716606097,,0.6404451435679306,366148
ALP-photon-combined,0.6,113.49057610975079,6.0,1.5964293976092418e-15,10.00460264242928,True,3.5971893386528957,6.407413303776384,,0.6404465557285302,366148
ALP-photon-combined,0.6,113.50527952939284,6.0,1.5962225969083469e-15,10.002066657080988,True,3.5962704554704703,6.405796201610518,,0.640447261674218,366148
ALP-photon-combined,0.6,113.5126319535437,6.0,1.5961192066039403e-15,10.000798902831445,True,3.595811101284602,6.404987801546843,,0.6404476146134137,366148
ALP-photon-combined,0.6,113.5163083442151,6.0,1.5960675139630573e-15,10.000165085304248,True,3.595581446039803,6.404583639264445,,0.6404477910746,366148
ALP-photon-combined,0.6,113.51814658420147,6.0,1.5960416682704224e-15,9.999848191438975,False,3.5954666238790405,6.404381567559935,,0.6404478793030903,366148
ALP-photon-combined,0.6,113.5199848539556,6.0,1.5960158229963158e-15,9.99953130750551,False,3.5953518053592135,6.404179502146297,,0.640447967530179,366148
ALP-photon-combined,0.6,113.63769605722547,6.0,1.5943625956828369e-15,9.979271379925734,False,3.588010988015889,6.391260391909846,,0.6404536111490546,366148
ALP-photon-combined,0.6,113.87348476181988,6.0,1.5910612767508997e-15,9.938873242650994,False,3.5733739721902396,6.365499270460754,,0.640464881184347,366148
ALP-photon-combined,0.6,114.82154216028941,6.0,1.5779242173937249e-15,9.778891916439962,False,3.5154164679968223,6.263475448443139,,0.6405097327963287,366148
ALP-photon-combined,0.6,118.69336246225645,6.0,1.5264517601886035e-15,9.164178775883062,False,3.2927746696216085,5.871404106261455,,0.6406906990632868,366150
ALP-photon-combined,0.6,126.83308273652236,6.0,1.428489224925568e-15,8.046988558473416,False,2.888652261636831,5.158336296836584,,0.6410269207360679,366151
ALP-photon-combined,0.6,144.82541399999997,6.0,1.251021399139348e-15,6.20191562819954,False,2.2225173189693246,3.979398309230215,,0.6416401879342338,366161
ALP-photon-combined,0.6,246.20320379999993,6.0,7.358949406702047e-16,2.176551829195706,False,0.7761127141100386,1.4004391150856672,,0.643420981894636,366179
ALP-photon-combined,0.6,418.5454464599999,6.0,4.328793768648263e-16,0.7594891343486694,False,0.2700137224423,0.48947541190636945,,0.6444798085572861,366193
ALP-photon-combined,0.6,711.5272589819998,6.0,2.546349275675449e-16,0.26410594258988723,False,0.09373028038285593,0.1703756622070313,,0.6451034783098253,366201
ALP-photon-combined,0.6,1000.0,6.0,1.8117969205321526e-16,0.13398284357607743,False,0.047515744717695874,0.08646709885838157,,0.645359484472236,366205
ALP-SU2L,0.75,7.5,7.5,2.3240226133333367e-09,11519.499958316894,True,,,11519.499958316894,0.0,122585
ALP-SU2L,0.75,12.75,7.5,1.3670721254901982e-09,4160.462532871967,True,,,4160.462532871967,0.0,122683
ALP-SU2L,0.75,21.675,7.5,8.041600738177636e-10,1480.4866025255749,True,,,1480.4866025255749,0.0,122738
ALP-SU2L,0.75,36.847500000000004,7.5,4.730353375398609e-10,521.8894252708526,True,,,521.8894252708526,0.0,122773
ALP-SU2L,0.75,62.640750000000004,7.5,2.7825608090580055e-10,182.82379246168932,True,,,182.82379246168932,0.0,122786
ALP-SU2L,0.75,106.489275,7.5,1.6368004759164737e-10,63.75983712082654,True,,,63.75983712082654,0.0,122795
ALP-SU2L,0.75,181.0317675,7.5,9.628238093626316e-11,22.170457714183033,True,,,22.170457714183033,0.0,122801
ALP-SU2L,0.75,236.03654682081734,7.5,7.384521522097935e-11,13.06325943599106,True,,,13.06325943599106,0.0,122801
ALP-SU2L,0.75,269.52030081511003,7.5,6.467108246497937e-11,10.026080068447026,True,,,10.026080068447026,0.0,122802
ALP-SU2L,0.75,269.79977194924925,7.5,6.460409315423265e-11,10.005370649558529,True,,,10.005370649558529,0.0,122802
ALP-SU2L,0.75,269.86968500063864,7.5,6.458735667164238e-11,10.00019997434543,True,,,10.00019997434543,0.0,122802
ALP-SU2L,0.75,269.87405516782707,7.5,6.458631078545396e-11,9.999876895779702,False,,,9.999876895779702,0.0,122802
ALP-SU2L,0.75,269.8784254057843,7.5,6.458526491620194e-11,9.999553827639609,False,,,9.999553827639609,0.0,122802
ALP-SU2L,0.75,269.8871660940099,7.5,6.458317322850605e-11,9.998907722635007,False,,,9.998907722635007,0.0,122802
ALP-SU2L,0.75,269.9046483197374,7.5,6.45789900563391e-11,9.997615637718727,False,,,9.997615637718727,0.0,122802
ALP-SU2L,0.75,269.93961616855466,7.5,6.457062452484317e-11,9.99503196818264,False,,,9.99503196818264,0.0,122802
ALP-SU2L,0.75,270.079532872746,7.5,6.453717323412522e-11,9.984703957507021,False,,,9.984703957507021,0.0,122802
ALP-SU2L,0.75,270.6399252900778,7.5,6.440354127839041e-11,9.943498402080268,False,,,9.943498402080268,0.0,122802
ALP-SU2L,0.75,271.7642008394217,7.5,6.413710689694209e-11,9.861596153194194,False,,,9.861596153194194,0.0,122802
ALP-SU2L,0.75,274.02678252631637,7.5,6.360754025320904e-11,9.699807631980011,False,,,9.699807631980011,0.0,122802
ALP-SU2L,0.75,278.60861432192087,7.5,6.256148842497804e-11,9.384141104363101,False,,,9.384141104363101,0.0,122802
ALP-SU2L,0.75,288.003388760054,7.5,6.052071010359439e-11,8.783260091355185,False,,,8.783260091355185,0.0,122802
ALP-SU2L,0.75,307.75400475,7.5,5.66366946683901e-11,7.694538968845372,False,,,7.694538968845372,0.0,122804
ALP-SU2L,0.75,523.1818080749999,7.5,3.331570274611183e-11,2.6673443173551847,False,,,2.6673443173551847,0.0,122809
ALP-SU2L,0.75,889.4090737274998,7.5,1.9597472203595192e-11,0.9239492282079873,False,,,0.9239492282079873,0.0,122809
ALP-SU2L,0.75,1000.0,7.5,1.7430169600000025e-11,0.7310165670062811,False,,,0.7310165670062811,0.0,122810
ALP-photon-combined,0.75,7.5,7.5,1.2354707228089e-14,406.437111528703,True,211.08794530360927,195.34916622509374,,0.4806381127214019,371466
ALP-photon-combined,0.75,12.75,7.5,7.267474840052352e-15,170.7227830598555,True,84.4582092814561,86.26457377839937,,0.5052903439850496,371858
ALP-photon-combined,0.75,21.675,7.5,4.274985200030796e-15,66.91498247938011,True,32.02485564541435,34.89012683396576,,0.5214097880802281,372089
ALP-photon-combined,0.75,36.847500000000004,7.5,2.5146971764887033e-15,25.025151344307297,True,11.723018847489442,13.302132496817856,,0.5315505314553798,372226
ALP-photon-combined,0.75,48.04326212514093,7.5,1.9286846919201722e-15,15.118097529252145,True,7.028707202050818,8.089390327201327,,0.5350799140929665,372264
ALP-photon-combined,0.75,54.85859979953391,7.5,1.6890752689508995e-15,11.723234029883553,True,5.433491536157475,6.289742493726077,,0.5365194005078268,372276
ALP-photon-combined,0.75,58.62067754122818,7.5,1.5806761043575298e-15,10.318474373766346,True,4.775832722693568,5.542641651072778,,0.5371570883738754,372286
ALP-photon-combined,0.75,59.10872589737098,7.5,1.5676247931913014e-15,10.154999889423676,True,4.6994210381421695,5.455578851281507,,0.5372308134600212,372289
ALP-photon-combined,0.75,59.35427169113387,7.5,1.5611396041189868e-15,10.074108961495268,True,4.661566840141465,5.412542121353803,,0.5372725411290803,372288
ALP-photon-combined,0.75,59.47742683524335,7.5,1.5579070773748005e-15,10.033923279325933,True,4.642775021256929,5.391148258069004,,0.5372921546228102,372288
ALP-photon-combined,0.75,59.53910020041494,7.5,1.556293324869927e-15,10.013889485980311,True,4.633407169140796,5.380482316839515,,0.5373019468980881,372288
ALP-photon-combined,0.75,59.56996086024991,7.5,1.5554870755756743e-15,10.003887318448712,True,4.628730241441314,5.3751570770073975,,0.5373068394217895,372288
ALP-photon-combined,0.75,59.577678524241165,7.5,1.5552855785236004e-15,10.001388309267966,True,4.62756173774095,5.373826571527016,,0.5373080621764543,372288
ALP-photon-combined,0.75,59.5815377311807,7.5,1.5551848397859618e-15,10.000139034482515,True,4.626977595075546,5.373161439406968,,0.5373086734973598,372288
ALP-photon-combined,0.75,59.58250257197499,7.5,1.5551596561211053e-15,9.999826739721072,False,4.626831570781105,5.372995168939967,,0.5373088263217086,372288
ALP-photon-combined,0.75,59.58346742839354,7.5,1.555134472864057e-15,9.999514454533031,False,4.62668555103515,5.372828903497881,,0.5373089791437066,372288
ALP-photon-combined,0.75,59.585397188104444,7.5,1.5550841075733584e-15,9.998889912876006,False,4.626393525188142,5.372496387687864,,0.5373092847806501,372288
ALP-photon-combined,0.75,59.60083751596526,7.5,1.5546812439648455e-15,9.993894957874513,False,4.624057973240798,5.369836984633715,,0.5373117295377061,372288
ALP-photon-combined,0.75,60.597386137445646,7.5,1.52911387960691e-15,9.679353393594544,False,4.476978579504159,5.202374814090385,,0.5374713167858024,372290
ALP-photon-combined,0.75,62.640750000000004,7.5,1.479233633228649e-15,9.07915251576247,False,4.196595880426455,4.882556635336014,,0.5377766952212032,372293
ALP-photon-combined,0.75,106.489275,7.5,8.7013743131097e-16,3.2324583620836758,False,1.482041572368597,1.7504167897150789,,0.541512555968932,372337
ALP-photon-combined,0.75,181.0317675,7.5,5.118455478299824e-16,1.1377653234587943,False,0.5191033440331128,0.6186619794256816,,0.5437518323593795,372373
ALP-photon-combined,0.75,307.75400475,7.5,3.010856163705779e-16,0.39771016244163016,False,0.18092732548257362,0.21678283695905656,,0.5450774393799219,372395
ALP-photon-combined,0.75,523.1818080749999,7.5,1.7710918610033995e-16,0.13843743536753106,False,0.06286892860205777,0.0755685067654733,,0.5458675723430589,372400
ALP-photon-combined,0.75,889.4090737274998,7.5,1.0418187417667056e-16,0.048071045941353995,False,0.021809038112340282,0.026262007829013712,,0.5463165469928196,372406
ALP-photon-combined,0.75,1000.0,7.5,9.26603042106675e-17,0.03804781373841906,False,0.017258750053425666,0.020789063684993392,,0.5463931207169856,372407
ALP-SU2L,0.9,9.0,9.0,1.120767075325222e-09,5689.968694862032,True,,,5689.968694862032,0.0,121767
ALP-SU2L,0.9,15.299999999999999,9.0,6.59274750191307e-10,2060.1999901740114,True,,,2060.1999901740114,0.0,121854
ALP-SU2L,0.9,26.009999999999998,9.0,3.8780867658312176e-10,734.3319439664651,True,,,734.3319439664651,0.0,121894
ALP-SU2L,0.9,44.217,9.0,2.2812275093124808e-10,259.1572536302923,True,,,259.1572536302923,0.0,121930
ALP-SU2L,0.9,75.1689,9.0,1.3418985348896948e-10,90.8480059891063,True,,,90.8480059891063,0.0,121954
ALP-SU2L,0.9,127.78712999999999,9.0,7.893520793468793e-11,31.6892309568411,True,,,31.6892309568411,0.0,121961
ALP-SU2L,0.9,217.23812099999998,9.0,4.6432475255698784e-11,11.019259703784323,True,,,11.019259703784323,0.0,121967
ALP-SU2L,0.9,224.56346214613086,9.0,4.4917831162413747e-11,10.31447263514809,True,,,10.31447263514809,0.0,121967
ALP-SU2L,0.9,226.43307254892898,9.0,4.454695404862892e-11,10.14542374860948,True,,,10.14542374860948,0.0,121967
ALP-SU2L,0.9,227.37370673938224,9.0,4.436266542238631e-11,10.06193946793252,True,,,10.06193946793252,0.0,121967
ALP-SU2L,0.9,227.84548814318606,9.0,4.4270807204170024e-11,10.020454880871112,True,,,10.020454880871112,0.0,121967
ALP-SU2L,0.9,227.96358636907203,9.0,4.424787238430415e-11,10.010110443167124,True,,,10.010110443167124,0.0,121967
ALP-SU2L,0.9,228.02265843504745,9.0,4.423640943033854e-11,10.004942223122894,True,,,10.004942223122894,0.0,121967
ALP-SU2L,0.9,228.052200208028,9.0,4.4230679067010874e-11,10.002359112202925,True,,,10.002359112202925,0.0,121967
ALP-SU2L,0.9,228.0669725297334,9.0,4.4227814163718744e-11,10.00106780644354,True,,,10.00106780644354,0.0,121967
ALP-SU2L,0.9,228.07435904941698,9.0,4.422638178166035e-11,10.000422215979633,True,,,10.000422215979633,0.0,121967
ALP-SU2L,0.9,228.0780523989699,9.0,4.422566560802741e-11,10.000099436350453,True,,,10.000099436350453,0.0,121967
ALP-SU2L,0.9,228.0817458083315,9.0,4.422494944599173e-11,9.99977666712268,False,,,9.99977666712268,0.0,121967
ALP-SU2L,0.9,228.3182484539012,9.0,4.417913918940913e-11,9.979141056172473,False,,,9.979141056172473,0.0,121967
ALP-SU2L,0.9,232.13581621365964,9.0,4.34525953058572e-11,9.65469435208415,False,,,9.65469435208415,0.0,121967
ALP-SU2L,0.9,248.05516141056094,9.0,4.066395401961407e-11,8.458935173957622,False,,,8.458935173957622,0.0,121968
ALP-SU2L,0.9,283.24385618498076,9.0,3.561208286664282e-11,6.492895262102641,False,,,6.492895262102641,0.0,121970
ALP-SU2L,0.9,369.3048057,9.0,2.7313220738646342e-11,3.8242920531198425,False,,,3.8242920531198425,0.0,121971
ALP-SU2L,0.9,627.81816969,9.0,1.6066600434497847e-11,1.3258947944899804,False,,,1.3258947944899804,0.0,121973
ALP-SU2L,0.9,1000.0,9.0,1.0086903677926997e-11,0.5231235442790869,False,,,0.5231235442790869,0.0,121976
ALP-photon-combined,0.9,9.0,9.0,5.9523219107366645e-15,110.22418895800357,True,64.34140991542611,45.88277904257746,,0.4162677854682081,376258
ALP-photon-combined,0.9,15.299999999999999,9.0,3.5013658298450972e-15,44.40166974090263,True,25.11168678909552,19.28998295180712,,0.43444273749996537,376543
ALP-photon-combined,0.9,26.009999999999998,9.0,2.0596269587324102e-15,16.90966870226329,True,9.361596816509234,7.548071885754053,,0.44637609515932003,376702
ALP-photon-combined,0.9,33.912890911864174,9.0,1.5796617674339465e-15,10.281550796225105,True,5.648761578343933,4.632789217881172,,0.4505924553309712,376741
ALP-photon-combined,0.9,34.19523378737845,9.0,1.5666188314350155e-15,10.121774035265393,True,5.559712312563582,4.56206172270181,,0.4507176021522588,376744
ALP-photon-combined,0.9,34.33728550133026,9.0,1.5601378039785527e-15,10.04274121360261,True,5.515704234463608,4.527036979139002,,0.45077702221453814,376745
ALP-photon-combined,0.9,34.40853249373294,9.0,1.5569073515816815e-15,10.003482655592787,True,5.4938768191487375,4.5096058364440506,,0.45080358428200024,376746
ALP-photon-combined,0.9,34.41299033604782,9.0,1.5567056705477331e-15,10.001030916056102,True,5.492512378036486,4.508518538019617,,0.450805379551566,376746
ALP-photon-combined,0.9,34.41410488686449,9.0,1.5566552543715131e-15,10.00041807242602,True,5.492171319576816,4.508246752849205,,0.4508058283362888,376746
ALP-photon-combined,0.9,34.41466217580932,9.0,1.5566300468957073e-15,10.000111664297673,True,5.492000798118907,4.508110866178765,,0.45080605272375013,376746
ALP-photon-combined,0.9,34.41521947377868,9.0,1.5566048398280946e-15,9.99980526529343,False,5.491830281842074,4.507974983451356,,0.45080627710794485,376746
ALP-photon-combined,0.9,34.41744875590428,9.0,1.5565040156394493e-15,9.998579760512383,False,5.491148268542489,4.507431491969895,,0.45080717461205794,376746
ALP-photon-combined,0.9,34.42636732854124,9.0,1.556100784186339e-15,9.993679200872148,False,5.488421044097661,4.505258156774486,,0.4508107641059073,376746
ALP-photon-combined,0.9,34.444211407606986,9.0,1.5552946346392149e-15,9.983885083660127,False,5.482970571200368,4.50091451245976,,0.4508179405856812,376746
ALP-photon-combined,0.9,34.47992731767945,9.0,1.5536835882238568e-15,9.964324827770506,False,5.472085511947397,4.492239315823109,,0.45083228351842447,376746
ALP-photon-combined,0.9,35.05644478738737,9.0,1.5281326307196945e-15,9.65651415718964,False,5.30077396892668,4.35574018826296,,0.45106755060468134,376748
ALP-photon-combined,0.9,36.238559677057744,9.0,1.4782843930341184e-15,9.068271583768112,False,4.9737566311484205,4.094514952619692,,0.45152098884518743,376751
ALP-photon-combined,0.9,38.72371750555334,9.0,1.3834130772425818e-15,7.994950120805825,False,4.378182653844797,3.616767466961028,,0.4523814923558882,376761
ALP-photon-combined,0.9,44.217,9.0,1.211545269842594e-15,6.206684867652694,False,3.389043682303145,2.817641185349549,,0.4539687845333048,376775
ALP-photon-combined,0.9,75.1689,9.0,7.126736881427025e-16,2.2259394085162523,False,1.2051117379448961,1.0208276705713564,,0.45860532711077295,376826
ALP-photon-combined,0.9,127.78712999999999,9.0,4.1921981655453085e-16,0.7869240952343455,False,0.4238310074219676,0.3630930878123778,,0.4614080189071462,376854
ALP-photon-combined,0.9,217.23812099999998,9.0,2.465998920909005e-16,0.2757857897584342,False,0.14808431897201954,0.12770147078641467,,0.463045869398386,376867
ALP-photon-combined,0.9,369.3048057,9.0,1.4505876005347088e-16,0.09615333311075333,False,0.051533027845130454,0.044620305265622884,,0.46405365078948846,376882
ALP-photon-combined,0.9,627.81816969,9.0,8.532868238439463e-17,0.033420032760342125,False,0.017891814818479426,0.015528217941862698,,0.46463802274572436,376889
ALP-photon-combined,0.9,1000.0,9.0,5.357089719662998e-17,0.013204275312993176,False,0.007064753756026485,0.006139521556966691,,0.46496467329224217,376895
ALP-SU2L,1.0,10.0,10.0,7.353352809999993e-10,3833.770715864936,True,,,3833.770715864936,0.0,122087
ALP-SU2L,1.0,17.0,10.0,4.3255016529411723e-10,1392.7093234179163,True,,,1392.7093234179163,0.0,122180
ALP-SU2L,1.0,28.9,10.0,2.5444127370242193e-10,497.7513488623265,True,,,497.7513488623265,0.0,122242
ALP-SU2L,1.0,49.129999999999995,10.0,1.4967133747201289e-10,175.83261243866133,True,,,175.83261243866133,0.0,122267
ALP-SU2L,1.0,83.52099999999999,10.0,8.804196321883112e-11,61.677829214439505,True,,,61.677829214439505,0.0,122290
ALP-SU2L,1.0,141.98569999999998,10.0,5.1789390128724186e-11,21.51350735473385,True,,,21.51350735473385,0.0,122300
ALP-SU2L,1.0,185.1267033888763,10.0,3.972064902248906e-11,12.69059434250233,True,,,12.69059434250233,0.0,122304
ALP-SU2L,1.0,197.82227077042742,10.0,3.717151148534511e-11,11.120541273360153,True,,,11.120541273360153,0.0,122304
ALP-SU2L,1.0,204.49290303802863,10.0,3.595896337112747e-11,10.409658741949702,True,,,10.409658741949702,0.0,122303
ALP-SU2L,1.0,207.9121019808368,10.0,3.536760361682914e-11,10.07147488912476,True,,,10.07147488912476,0.0,122303
ALP-SU2L,1.0,208.34350218425942,10.0,3.529437075266534e-11,10.029980317345185,True,,,10.029980317345185,0.0,122303
ALP-SU2L,1.0,208.55953783971793,10.0,3.5257811204257595e-11,10.009297058368878,True,,,10.009297058368878,0.0,122303
ALP-SU2L,1.0,208.613581746358,10.0,3.52486772358884e-11,10.004132898264734,True,,,10.004132898264734,0.0,122303
ALP-SU2L,1.0,208.64060895108804,10.0,3.524411113909206e-11,10.001551815469124,True,,,10.001551815469124,0.0,122303
ALP-SU2L,1.0,208.654123866504,10.0,3.524182831250743e-11,10.000261523310758,True,,,10.000261523310758,0.0,122303
ALP-SU2L,1.0,208.6575027321437,10.0,3.524125762896523e-11,9.999938976229998,False,,,9.999938976229998,0.0,122303
ALP-SU2L,1.0,208.6608816524995,10.0,3.5240686954664307e-11,9.999616439532101,False,,,9.999616439532101,0.0,122303
ALP-SU2L,1.0,208.66763965736286,10.0,3.5239545633785716e-11,9.998971397283569,False,,,9.998971397283569,0.0,122303
ALP-SU2L,1.0,208.7757975069836,10.0,3.5221289525928035e-11,9.988656367229805,False,,,9.988656367229805,0.0,122303
ALP-SU2L,1.0,209.6430809433808,10.0,3.507558072944914e-11,9.906517536618386,False,,,9.906517536618386,0.0,122303
ALP-SU2L,1.0,211.38847122753725,10.0,3.478596901382048e-11,9.744315188584647,False,,,9.744315188584647,0.0,122304
ALP-SU2L,1.0,241.37568999999996,10.0,3.046434713454364e-11,7.4826889733850015,False,,,7.4826889733850015,0.0,122306
ALP-SU2L,1.0,410.3386729999999,10.0,1.7920204196790377e-11,2.597192455149524,False,,,2.597192455149524,0.0,122306
ALP-SU2L,1.0,697.5757440999998,10.0,1.0541296586347281e-11,0.9003003394130595,False,,,0.9003003394130595,0.0,122309
ALP-SU2L,1.0,1000.0,10.0,7.353352809999992e-12,0.4384274445517025,False,,,0.4384274445517025,0.0,122308
ALP-photon-combined,1.0,10.0,10.0,3.903062029501606e-15,50.9247181463934,True,31.715520017182524,19.209198129210876,,0.3772077456372002,378013
ALP-photon-combined,1.0,17.0,10.0,2.2959188408832977e-15,20.15196530293533,True,12.246130305649059,7.905834997286271,,0.3923108678702771,378284
ALP-photon-combined,1.0,22.165288177689003,10.0,1.7608893681925264e-15,12.425932810342548,True,7.482684557786021,4.9432482525565264,,0.3978170756276812,378375
ALP-photon-combined,1.0,23.685333122259962,10.0,1.6478814164675728e-15,10.992640824756844,True,6.606458267180844,4.386182557575999,,0.3990108134614706,378387
ALP-photon-combined,1.0,24.484010373202985,10.0,1.5941269301917103e-15,10.33695851936761,True,6.20640339781336,4.13055512155425,,0.39959095451675936,378394
ALP-photon-combined,1.0,24.893392318199833,10.0,1.5679108655062792e-15,10.02340993859454,True,6.015315788836159,4.008094149758381,,0.3998733140031971,378398
ALP-photon-combined,1.0,24.919204787845718,10.0,1.5662867506130515e-15,10.004107258353953,True,6.0035581162748155,4.000549142079137,,0.3998906687789127,378398
ALP-photon-combined,1.0,24.922433227930362,10.0,1.5660838545762366e-15,10.001696941774338,True,6.00208997648294,3.999606965291397,,0.399892837043096,378398
ALP-photon-combined,1.0,24.924047604818586,10.0,1.565982416414188e-15,10.000491993210373,True,6.001356037266504,3.9991359559438693,,0.3998939210849826,378398
ALP-photon-combined,1.0,24.924451215379904,10.0,1.5659570579003077e-15,10.000190777913243,True,6.001172566073173,3.9990182118400694,,0.39989419208605853,378398
ALP-photon-combined,1.0,24.924854832477134,10.0,1.5659316997970672e-15,9.999889571353183,False,6.000989100323852,3.9989004710293314,,0.39989446308337595,378398
ALP-photon-combined,1.0,24.92566208627977,10.0,1.5658809848224776e-15,9.9992871844433,False,6.000622185156597,3.9986649992867043,,0.39989500506673625,378398
ALP-photon-combined,1.0,24.932121057989654,10.0,1.565475324150508e-15,9.994469347038748,False,5.9976876475851215,3.996781699453628,,0.3998993403924772,378398
ALP-photon-combined,1.0,24.945044022971402,10.0,1.564664318053459e-15,9.984876547954004,False,5.991822750560313,3.9930537973936904,,0.39991018198536515,378399
ALP-photon-combined,1.0,24.996802900705646,10.0,1.5614244929664284e-15,9.946497667530004,False,5.968418778341593,3.97807888918841,,0.39994770241335403,378400
ALP-photon-combined,1.0,25.100643065023267,10.0,1.5549649542407007e-15,9.870183008525572,False,5.921936762904581,3.9482462456209917,,0.40001753181380867,378402
ALP-photon-combined,1.0,25.309619284675385,10.0,1.5421259346500146e-15,9.719305411391856,False,5.829970904914907,3.8893345064769496,,0.40016589065287705,378407
ALP-photon-combined,1.0,28.9,10.0,1.350540494637234e-15,7.585443820515557,False,4.534313678253402,3.051130142262156,,0.40223488756321457,378444
ALP-photon-combined,1.0,49.129999999999995,10.0,7.94435585080726e-16,2.7636138278575446,False,1.6347380824525133,1.1288757454050313,,0.4084781071891573,378522
ALP-photon-combined,1.0,83.52099999999999,10.0,4.6731505004748585e-16,0.9864899035189767,False,0.5797231589452055,0.4067667445737712,,0.41233746348823774,378561
ALP-photon-combined,1.0,141.98569999999998,10.0,2.748912059102858e-16,0.3477622775654568,False,0.2035568622945941,0.1442054152708627,,0.41466664032794626,378585
ALP-photon-combined,1.0,241.37568999999996,10.0,1.6170070935899166e-16,0.12167426366795947,False,0.07105137753266792,0.05062288613529155,,0.41605253739967435,378601
ALP-photon-combined,1.0,410.3386729999999,10.0,9.511806432881862e-17,0.04237707229643372,False,0.024711226168759648,0.01766584612767407,,0.4168727373165125,378606
ALP-photon-combined,1.0,697.5757440999998,10.0,5.59518025463639e-17,0.014720383983749924,False,0.008576489538543825,0.006143894445206098,,0.4173732459688854,378612
ALP-photon-combined,1.0,1000.0,10.0,3.9030620295016065e-17,0.007175161298823094,False,0.0041789616563040624,0.002996199642519032,,0.41757941288518263,378615
ALP-SU2L,1.05,10.500000000000002,10.500000000000002,6.049621558655353e-10,3209.189541603219,True,,,3209.189541603219,0.0,121881
ALP-SU2L,1.05,17.85,10.500000000000002,3.5586009168560905e-10,1167.760267296927,True,,,1167.760267296927,0.0,121972
ALP-SU2L,1.05,30.345000000000002,10.500000000000002,2.0932946569741708e-10,417.7953281068637,True,,,417.7953281068637,0.0,122020
ALP-SU2L,1.05,51.5865,10.500000000000002,1.2313497982201007e-10,147.79469350991985,True,,,147.79469350991985,0.0,122052
ALP-SU2L,1.05,87.69705,10.500000000000002,7.243234107177061e-11,51.8823951196076,True,,,51.8823951196076,0.0,122070
ALP-SU2L,1.05,149.08498500000002,10.500000000000002,4.2607259453982715e-11,18.116059976932686,True,,,18.116059976932686,0.0,122080
ALP-SU2L,1.05,194.38303855832018,10.500000000000002,3.267827627194087e-11,10.689702404538371,True,,,10.689702404538371,0.0,122083
ALP-SU2L,1.05,200.93769878050657,10.500000000000002,3.161229911131218e-11,10.007085030191343,True,,,10.007085030191343,0.0,122084
ALP-SU2L,1.05,200.98976764461057,10.500000000000002,3.1604109557556626e-11,10.001926532621523,True,,,10.001926532621523,0.0,122084
ALP-SU2L,1.05,201.00278696871456,10.500000000000002,3.1602062500639887e-11,10.00063732280466,True,,,10.00063732280466,0.0,122084
ALP-SU2L,1.05,201.00604193151037,10.500000000000002,3.1601550757128485e-11,10.00031504625561,True,,,10.00031504625561,0.0,122084
ALP-SU2L,1.05,201.00929694701583,10.500000000000002,3.160103902190393e-11,9.999992780067954,False,,,9.999992780067954,0.0,122084
ALP-SU2L,1.05,201.01580713615903,10.500000000000002,3.160001557631482e-11,9.999348278775525,False,,,9.999348278775525,0.0,122084
ALP-SU2L,1.05,201.04185000128774,10.500000000000002,3.1595922125405406e-11,9.996770687995479,False,,,9.996770687995479,0.0,122084
ALP-SU2L,1.05,201.14605520634788,10.500000000000002,3.157955362371759e-11,9.986466952136238,False,,,9.986466952136238,0.0,122084
ALP-SU2L,1.05,201.35462768124546,10.500000000000002,3.1546842055419857e-11,9.965891255958656,False,,,9.965891255958656,0.0,122084
ALP-SU2L,1.05,201.7724216745445,10.500000000000002,3.1481520536210626e-11,9.924866662104288,False,,,9.924866662104288,0.0,122084
ALP-SU2L,1.05,202.61061212252605,10.500000000000002,3.135128298584268e-11,9.8433222483699,False,,,9.8433222483699,0.0,122084
ALP-SU2L,1.05,204.29745335894708,10.500000000000002,3.1092422015792767e-11,9.682233304012602,False,,,9.682233304012602,0.0,122084
ALP-SU2L,1.05,207.71338430894886,10.500000000000002,3.058109451021282e-11,9.367903575175506,False,,,9.367903575175506,0.0,122084
ALP-SU2L,1.05,221.9578947889142,10.500000000000002,2.8618502813919196e-11,8.209315484925511,False,,,8.209315484925511,0.0,122086
ALP-SU2L,1.05,253.4444745,10.500000000000002,2.506309379646042e-11,6.3033788343809585,False,,,6.3033788343809585,0.0,122086
ALP-SU2L,1.05,430.85560665,10.500000000000002,1.474299635085907e-11,2.188507557633564,False,,,2.188507557633564,0.0,122092
ALP-SU2L,1.05,732.454531305,10.500000000000002,8.672350794622983e-12,0.7588021704451887,False,,,0.7588021704451887,0.0,122094
ALP-SU2L,1.05,1000.0,10.500000000000002,6.352102636588122e-12,0.40740498064262215,False,,,0.40740498064262215,0.0,122094
ALP-photon-combined,1.05,10.500000000000002,10.500000000000002,3.2101878493602596e-15,35.26150992077228,True,22.451128624561676,12.810381296210604,,0.36329644774128367,378787
ALP-photon-combined,1.05,17.85,10.500000000000002,1.8883457937413294e-15,13.871051058276198,True,8.63067395098766,5.240377107288539,,0.3777923594450223,378971
ALP-photon-combined,1.05,20.382171466022363,10.500000000000002,1.6537478587339517e-15,10.895234067456549,True,6.74806156686324,4.147172500593309,,0.38064097337575153,379014
ALP-photon-combined,1.05,21.069465015608664,10.500000000000002,1.59980200699505e-15,10.25263412584297,True,6.343205763574974,3.909428362267996,,0.3813096531372189,379025
ALP-photon-combined,1.05,21.24487953139013,10.500000000000002,1.5865927772609575e-15,10.097677606420165,True,6.245721807091618,3.8519557993285463,,0.3814694773855178,379027
ALP-photon-combined,1.05,21.33313368894023,10.500000000000002,1.5800291185423684e-15,10.021043482649823,True,6.197498511225883,3.8235449714239396,,0.3815515797375719,379028
ALP-photon-combined,1.05,21.355254453308483,10.500000000000002,1.5783924509998358e-15,10.00202310459536,True,6.185558455669206,3.8164646489261536,,0.3815692694383705,379029
ALP-photon-combined,1.05,21.356637762430676,10.500000000000002,1.5782902155871196e-15,10.00083176114542,True,6.184809222508084,3.8160225386373363,,0.3815705163107631,379029
ALP-photon-combined,1.05,21.357329450593404,10.500000000000002,1.5782391003640299e-15,10.00023614035121,True,6.184434638786243,3.8158015015649673,,0.38157113972220214,379029
ALP-photon-combined,1.05,21.35767530307549,10.500000000000002,1.5782135433732789e-15,9.999938342686018,False,6.184247355139479,3.815690987546539,,0.38157145142173254,379029
ALP-photon-combined,1.05,21.35802116115818,10.500000000000002,1.578187986796381e-15,9.999640553508446,False,6.184060076968602,3.815580476539844,,0.38157176311713725,379029
ALP-photon-combined,1.05,21.360788227452325,10.500000000000002,1.5779835490791213e-15,9.997258545615784,False,6.1825620487158535,3.8146964968999306,,0.38157425653184035,379029
ALP-photon-combined,1.05,21.36632343555971,10.500000000000002,1.5775747530894637e-15,9.992496158952374,False,6.179567043244221,3.8129291157081524,,0.3815792425691465,379029
ALP-photon-combined,1.05,21.377398155151525,10.500000000000002,1.576757478793556e-15,9.98297789888839,False,6.173581234269395,3.809396664618993,,0.38158921147598374,379029
ALP-photon-combined,1.05,21.42175446642401,10.500000000000002,1.5734926133671407e-15,9.94499156714741,False,6.149693933912107,3.795297633235303,,0.3816290448925875,379029
ALP-photon-combined,1.05,21.779934330549036,10.500000000000002,1.5476158884007542e-15,9.64618195373937,False,5.96179168131979,3.684390272419581,,0.3819532215014166,379032
ALP-photon-combined,1.05,23.27355258657346,10.500000000000002,1.4482951106367975e-15,8.53509961687072,False,5.26461719629528,3.27048242057544,,0.3831803455592846,379050
ALP-photon-combined,1.05,30.345000000000002,10.500000000000002,1.1107916433772525e-15,5.2020058576364665,False,3.1863961729002006,2.0156096847362655,,0.387467784523422,379123
ALP-photon-combined,1.05,51.5865,10.500000000000002,6.534068490454428e-16,1.8909916615195526,False,1.14675290185976,0.7442387596597927,,0.39357061948213007,379188
ALP-photon-combined,1.05,87.69705,10.500000000000002,3.84356970026731e-16,0.6741867136558397,False,0.406283254532162,0.2679034591236777,,0.3973727955434578,379245
ALP-photon-combined,1.05,149.08498500000002,10.500000000000002,2.2609233530984175e-16,0.23748654423034526,False,0.1425734351977804,0.09491310903256486,,0.3996567861988249,379274
ALP-photon-combined,1.05,253.4444745,10.500000000000002,1.3299549135873046e-16,0.0830548729220372,False,0.04974705541889847,0.03330781750313872,,0.4010338747300769,379295
ALP-photon-combined,1.05,430.85560665,10.500000000000002,7.82326419757238e-17,0.028918327415706022,False,0.01729754787824397,0.011620779537462052,,0.40184825942425056,379299
ALP-photon-combined,1.05,732.454531305,10.500000000000002,4.601920116219047e-17,0.010043259103014755,False,0.006002451559482065,0.0040408075435326915,,0.402340266449935,379301
ALP-photon-combined,1.05,1000.0,10.500000000000002,3.370697241828273e-17,0.005395740227780695,False,0.0032237789916432736,0.0021719612361374213,,0.40253258022963867,379303
ALP-SU2L,1.1,11.0,11.0,5.022438915380883e-10,2703.572539942,True,,,2703.572539942,0.0,121725
ALP-SU2L,1.1,18.7,11.0,2.9543758325769904e-10,983.6783935609498,True,,,983.6783935609498,0.0,121808
ALP-SU2L,1.1,31.79,11.0,1.7378681368099944e-10,351.79584897333905,True,,,351.79584897333905,0.0,121845
ALP-SU2L,1.1,54.043,11.0,1.0222753745941143e-10,124.3363375172277,True,,,124.3363375172277,0.0,121876
ALP-SU2L,1.1,91.8731,11.0,6.013384556435967e-11,43.599401976610096,True,,,43.599401976610096,0.0,121896
ALP-SU2L,1.1,156.18427,11.0,3.537285033197627e-11,15.215752239976107,True,,,15.215752239976107,0.0,121909
ALP-SU2L,1.1,178.3403121252399,11.0,3.097831747114612e-11,11.687640949122873,True,,,11.687640949122873,0.0,121913
ALP-SU2L,1.1,190.57048426132994,11.0,2.899023334244644e-11,10.2426022288714,True,,,10.2426022288714,0.0,121914
ALP-SU2L,1.1,192.15708502191765,11.0,2.875086706425017e-11,10.074974385075608,True,,,10.074974385075608,0.0,121914
ALP-SU2L,1.1,192.5557948842959,11.0,2.8691334946521224e-11,10.03349683715525,True,,,10.03349683715525,0.0,121914
ALP-SU2L,1.1,192.7554599418765,11.0,2.866161512926734e-11,10.012821992048965,True,,,10.012821992048965,0.0,121914
ALP-SU2L,1.1,192.85537009605375,11.0,2.8646766767071834e-11,10.0025005135059,True,,,10.0025005135059,0.0,121914
ALP-SU2L,1.1,192.86786250598038,11.0,2.8644911262744275e-11,10.001211075265482,True,,,10.001211075265482,0.0,121914
ALP-SU2L,1.1,192.8741090143938,11.0,2.8643983555650155e-11,10.000566418334813,True,,,10.000566418334813,0.0,121914
ALP-SU2L,1.1,192.87723234446594,11.0,2.8643519713370082e-11,10.000244105415698,True,,,10.000244105415698,0.0,121914
ALP-SU2L,1.1,192.88035572511606,11.0,2.8643055878601177e-11,9.999921802860296,False,,,9.999921802860296,0.0,121914
ALP-SU2L,1.1,192.90534459122412,11.0,2.863934547083724e-11,9.997343755470592,False,,,9.997343755470592,0.0,121914
ALP-SU2L,1.1,192.95533203625516,11.0,2.8631926097180444e-11,9.992189649778885,False,,,9.992189649778885,0.0,121914
ALP-SU2L,1.1,193.75689507870487,11.0,2.8513477183223967e-11,9.910083570173745,False,,,9.910083570173745,0.0,121914
ALP-SU2L,1.1,196.99658389417297,11.0,2.804456147263368e-11,9.588335589900117,False,,,9.588335589900117,0.0,121914
ALP-SU2L,1.1,203.63937372776397,11.0,2.7129737760363888e-11,8.975835454011245,False,,,8.975835454011245,0.0,121915
ALP-SU2L,1.1,265.513259,11.0,2.080755901880957e-11,5.291909009566237,False,,,5.291909009566237,0.0,121917
ALP-SU2L,1.1,451.37254029999997,11.0,1.223974059929975e-11,1.8366052656483274,False,,,1.8366052656483274,0.0,121921
ALP-SU2L,1.1,767.3333185099999,11.0,7.199847411352794e-12,0.6366382716270398,False,,,0.6366382716270398,0.0,121924
ALP-SU2L,1.1,1000.0,11.0,5.524682806918972e-12,0.37507494003190367,False,,,0.37507494003190367,0.0,121925
ALP-photon-combined,1.1,11.0,11.0,2.6644265016090195e-15,24.678520421047565,True,16.06344529209128,8.615075128956287,,0.3490920436870579,379468
ALP-photon-combined,1.1,14.342245291445828,11.0,2.0435218420912e-15,15.5435747280382,True,10.000619167796891,5.5429555602413085,,0.35660751514532085,379588
ALP-photon-combined,1.1,16.37681247831937,11.0,1.7896456686244567e-15,12.269359467868988,True,7.854693342604656,4.414666125264332,,0.3598122735604466,379629
ALP-photon-combined,1.1,17.499896952398668,11.0,1.6747922343440966e-15,10.887836085608422,True,6.953788197597629,3.934047888010793,,0.361325047243394,379654
ALP-photon-combined,1.1,18.089999254003718,11.0,1.6201599074810659e-15,10.253968086640263,True,6.541573829228576,3.7123942574116877,,0.3620446471106643,379671
ALP-photon-combined,1.1,18.24060813074916,11.0,1.6067825868311923e-15,10.101125140960184,True,6.442205599689234,3.6589195412709494,,0.3622289091770566,379676
ALP-photon-combined,1.1,18.316382130851263,11.0,1.6001354038324532e-15,10.025431325528618,True,6.393062948013616,3.6323683775150024,,0.362315421608404,379677
ALP-photon-combined,1.1,18.33537476358414,11.0,1.5984779092658177e-15,10.006579315075617,True,6.380820639561046,3.625758675514572,,0.3623374743107378,379677
ALP-photon-combined,1.1,18.340125998134226,11.0,1.5980638039608255e-15,10.001970648361052,True,6.377842280846896,3.624128367514155,,0.362341431996505,379679
ALP-photon-combined,1.1,18.34131399913187,11.0,1.5979602943980159e-15,10.00079403263808,True,6.377078226793736,3.623715805844344,,0.36234280938275204,379679
ALP-photon-combined,1.1,18.341908028488135,11.0,1.5979085421308285e-15,10.000205774124494,True,6.376696232713075,3.6235095414114182,,0.36234349804953414,379679
ALP-photon-combined,1.1,18.342205050380905,11.0,1.597882666625765e-15,9.99991165720393,False,6.376505243908704,3.6234064132952253,,0.36234384237634,379679
ALP-photon-combined,1.1,18.34250207708353,11.0,1.5978567915397132e-15,9.999617548507242,False,6.3763142605947785,3.623303287912463,,0.36234418669875584,379679
ALP-photon-combined,1.1,18.34487846386884,11.0,1.597649805934891e-15,9.997264974967857,False,6.374786591721692,3.6224783832461647,,0.36234694112004484,379679
ALP-photon-combined,1.1,18.354387090167886,11.0,1.5968221316090337e-15,9.98785994179093,False,6.3686794285091475,3.6191805132817825,,0.36235795599600934,379679
ALP-photon-combined,1.1,18.39247090659299,11.0,1.5935157199130422e-15,9.950323863725217,False,6.344306887633199,3.6060169760920164,,0.3624019705768643,379679
ALP-photon-combined,1.1,18.7,11.0,1.567309706828835e-15,9.655124709522083,False,6.152694508880255,3.502430200641828,,0.36275349164445897,379686
ALP-photon-combined,1.1,31.79,11.0,9.21946886369903e-16,3.608135191638941,False,2.266511317680149,1.341623873958792,,0.371833039146568,379827
ALP-photon-combined,1.1,54.043,11.0,5.423216978646488e-16,1.3088202152423292,False,0.8146356642745027,0.4941845509678264,,0.37758016357986013,379901
ALP-photon-combined,1.1,91.8731,11.0,3.1901276344979344e-16,0.4659532304937746,False,0.2883353577953339,0.17761787269844065,,0.3811924911652989,379941
ALP-photon-combined,1.1,156.18427,11.0,1.876545667351726e-16,0.16399882245150954,False,0.10112381360595606,0.06287500884555347,,0.38338695306269094,379964
ALP-photon-combined,1.1,265.513259,11.0,1.1038503925598388e-16,0.05732248745580516,False,0.03527012962384684,0.022052357831958323,,0.384706924118748,379976
ALP-photon-combined,1.1,451.37254029999997,11.0,6.493237603293169e-17,0.01995428263602226,False,0.012262536906270194,0.007691745729752067,,0.38546841648251606,379983
ALP-photon-combined,1.1,767.3333185099999,11.0,3.8195515313489235e-17,0.0069289638534819524,False,0.004254931447823149,0.0026740324056588032,,0.385920963394122,379985
ALP-photon-combined,1.1,1000.0,11.0,2.930869151769921e-17,0.004084548353037834,False,0.00250761216271684,0.0015769361903209933,,0.3860735763228671,379985
ALP-SU2L,1.15,11.5,11.5,4.2043033381940286e-10,2301.134340703689,True,,,2301.134340703689,0.0,121839
ALP-SU2L,1.15,19.55,11.5,2.47311961070237e-10,838.2699610845552,True,,,838.2699610845552,0.0,121925
ALP-SU2L,1.15,33.235,11.5,1.4547762415896294e-10,299.98493194768633,True,,,299.98493194768633,0.0,121977
ALP-SU2L,1.15,56.4995,11.5,8.557507303468408e-11,106.08809785155881,True,,,106.08809785155881,0.0,122010
ALP-SU2L,1.15,96.04915,11.5,5.033827825569651e-11,37.218105601483764,True,,,37.218105601483764,0.0,122032
ALP-SU2L,1.15,163.28355499999998,11.5,2.96107519151156e-11,12.993942895852554,True,,,12.993942895852554,0.0,122036
ALP-SU2L,1.15,174.48116904948273,11.5,2.771043353997671e-11,11.388888754160277,True,,,11.388888754160277,0.0,122038
ALP-SU2L,1.15,180.36473166261726,11.5,2.6806509201406327e-11,10.661870619857618,True,,,10.661870619857618,0.0,122037
ALP-SU2L,1.15,183.38049842351074,11.5,2.636566527241621e-11,10.315967671035006,True,,,10.315967671035006,0.0,122037
ALP-SU2L,1.15,184.90723872331873,11.5,2.6147969502469214e-11,10.147236672046152,True,,,10.147236672046152,0.0,122037
ALP-SU2L,1.15,185.6753688769555,11.5,2.603979659858485e-11,10.063906272435618,True,,,10.063906272435618,0.0,122037
ALP-SU2L,1.15,186.0606297210379,11.5,2.598587807733537e-11,10.022497383255937,True,,,10.022497383255937,0.0,122037
ALP-SU2L,1.15,186.25355980849156,11.5,2.5958960697956555e-11,10.001856710626294,True,,,10.001856710626294,0.0,122037
ALP-SU2L,1.15,186.2656245791965,11.5,2.5957279287823756e-11,10.00056807725605,True,,,10.00056807725605,0.0,122037
ALP-SU2L,1.15,186.2686408939814,11.5,2.595685895230772e-11,10.000245944789086,True,,,10.000245944789086,0.0,122037
ALP-SU2L,1.15,186.2716572576114,11.5,2.595643862359832e-11,9.99992382267169,False,,,9.99992382267169,0.0,122037
ALP-SU2L,1.15,186.27769013140968,11.5,2.5955597986599017e-11,9.9992796094843,False,,,9.9992796094843,0.0,122037
ALP-SU2L,1.15,186.30182358056325,11.5,2.5952235710845504e-11,9.99670317065151,False,,,9.99670317065151,0.0,122037
ALP-SU2L,1.15,186.35009985919694,11.5,2.5945512465924837e-11,9.99155227923526,False,,,9.99155227923526,0.0,122037
ALP-SU2L,1.15,186.44668994911444,11.5,2.5932071200849425e-11,9.981258436654848,False,,,9.981258436654848,0.0,122037
ALP-SU2L,1.15,212.89570889720775,11.5,2.271041001233889e-11,7.6660760259441885,False,,,7.6660760259441885,0.0,122043
ALP-SU2L,1.15,277.58204349999994,11.5,1.741808936183271e-11,4.519727566099251,False,,,4.519727566099251,0.0,122049
ALP-SU2L,1.15,471.8894739499999,11.5,1.0245934918725121e-11,1.5688848443712422,False,,,1.5688848443712422,0.0,122052
ALP-SU2L,1.15,802.2121057149998,11.5,6.027020540426543e-12,0.5438725276607944,False,,,0.5438725276607944,0.0,122055
ALP-SU2L,1.15,1000.0,11.5,4.834948838923133e-12,0.3501982469969848,False,,,0.3501982469969848,0.0,122058
ALP-photon-combined,1.15,11.5,11.5,2.229843028355558e-15,17.54823059461893,True,11.631555358030242,5.916675236588685,,0.33716648551467077,379873
ALP-photon-combined,1.15,14.994165531966093,11.5,1.7102115333741071e-15,11.018853856768189,True,7.224707096091497,3.794146760676691,,0.34433225179279286,379983
ALP-photon-combined,1.15,15.49977374298173,11.5,1.6544238161992598e-15,10.386451610480133,True,6.801796905032823,3.584654705447311,,0.3451279455083894,380004
ALP-photon-combined,1.15,15.758935842049361,11.5,1.627216144739007e-15,10.082865256164432,True,6.598979383230821,3.4838858729336097,,0.3455253823612928,380009
ALP-photon-combined,1.15,15.824400633439266,11.5,1.6204844290848595e-15,10.008287214852427,True,6.549160993563422,3.459126221289004,,0.34562619427584135,380011
ALP-photon-combined,1.15,15.828501200784817,11.5,1.620064622721036e-15,10.003640297353522,True,6.546059281670148,3.4575810156833735,,0.3456322811405046,380011
ALP-photon-combined,1.15,15.830551882906958,11.5,1.6198547603243804e-15,10.001317602251925,True,6.544508951095339,3.4568086511565856,,0.345635324127517,380011
ALP-photon-combined,1.15,15.831577323595427,11.5,1.6197498393208254e-15,10.000156445568853,True,6.54373391711892,3.4564225284499335,,0.3456368455097021,380011
ALP-photon-combined,1.15,15.831833694146127,11.5,1.6197236101318178e-15,9.999866176278005,False,6.5435401723014985,3.4563260039765065,,0.3456372258436529,380011
ALP-photon-combined,1.15,15.832090068848395,11.5,1.6196973813675487e-15,9.999575914938724,False,6.543346432954463,3.456229481984261,,0.3456376061729654,380011
ALP-photon-combined,1.15,15.832602830707899,11.5,1.6196449251131991e-15,9.99899541611409,False,6.542958970670981,3.4560364454431087,,0.3456383668176766,380011
ALP-photon-combined,1.15,15.840809279388107,11.5,1.6188058560527946e-15,9.989711759179066,False,6.536762549017153,3.452949210161912,,0.34565053461018663,380011
ALP-photon-combined,1.15,15.857234939798863,11.5,1.6171290217646346e-15,9.971256858921278,False,6.5244745047987465,3.4467823541225306,,0.3456718047573608,380012
ALP-photon-combined,1.15,15.890137374594985,11.5,1.6137805622176078e-15,9.934268149332413,False,6.499789099345558,3.4344790499868543,,0.34572038909757563,380012
ALP-photon-combined,1.15,16.022431229764095,11.5,1.600455914483989e-15,9.787649122933608,False,6.4020506406614635,3.3855984822721448,,0.3459051749555765,380013
ALP-photon-combined,1.15,17.121213045515706,11.5,1.4977440417287047e-15,8.68663797333741,False,5.6687743212132204,3.0178636521241895,,0.3474144613125537,380032
ALP-photon-combined,1.15,19.55,11.5,1.3116723696209165e-15,6.827396782205204,False,4.436242346094012,2.3911544361111923,,0.3502293058964218,380078
ALP-photon-combined,1.15,33.235,11.5,7.715719821299509e-16,2.542148775854801,False,1.6296300357234432,0.9125187401313578,,0.35895567906898845,380194
ALP-photon-combined,1.15,56.4995,11.5,4.538658718411476e-16,0.9200652229385503,False,0.5846659492986473,0.33539927363990296,,0.36453858408938444,380261
ALP-photon-combined,1.15,96.04915,11.5,2.6697992461243975e-16,0.32711699033899044,False,0.20676216493821656,0.12035482540077391,,0.3679259376776808,380298
ALP-photon-combined,1.15,163.28355499999998,11.5,1.5704701447790575e-16,0.1150482117020414,False,0.07248123890395962,0.042566972798081776,,0.36999247679159253,380330
ALP-photon-combined,1.15,277.58204349999994,11.5,9.238059675170927e-17,0.04019415068785327,False,0.02527330394858486,0.014920846739268408,,0.3712193561481947,380341
ALP-photon-combined,1.15,471.8894739499999,11.5,5.434152750100546e-17,0.013987190529005027,False,0.008784589343773618,0.0052026011852314095,,0.37195469486476596,380344
ALP-photon-combined,1.15,802.2121057149998,11.5,3.196560441235615e-17,0.004856142276417928,False,0.0030477881400410027,0.001808354136376926,,0.372384916553729,380345
ALP-photon-combined,1.15,1000.0,11.5,2.5643194826088918e-17,0.0031281427167250183,False,0.001962889456109339,0.0011652532606156796,,0.37250642510186727,380347
ALP-SU2L,1.2,12.0,12.0,3.5461770900571055e-10,1968.1288474980072,True,,,1968.1288474980072,0.0,121460
ALP-SU2L,1.2,20.4,12.0,2.0859865235630033e-10,718.0422925526559,True,,,718.0422925526559,0.0,121557
ALP-SU2L,1.2,34.68,12.0,1.2270508962135312e-10,257.20141054061554,True,,,257.20141054061554,0.0,121616
ALP-SU2L,1.2,58.955999999999996,12.0,7.21794644831489e-11,90.98815015182397,True,,,90.98815015182397,0.0,121648
ALP-SU2L,1.2,100.22519999999999,12.0,4.245850851949936e-11,31.922989984090584,True,,,31.922989984090584,0.0,121678
ALP-SU2L,1.2,170.38283999999996,12.0,2.497559324676433e-11,11.138081698948843,True,,,11.138081698948843,0.0,121688
ALP-SU2L,1.2,176.1282056048085,12.0,2.416088038514797e-11,10.427316591319784,True,,,10.427316591319784,0.0,121688
ALP-SU2L,1.2,179.07313604227542,12.0,2.3763544896337285e-11,10.089081975438853,True,,,10.089081975438853,0.0,121688
ALP-SU2L,1.2,179.81703052931707,12.0,2.3665236243430963e-11,10.006247015884936,True,,,10.006247015884936,0.0,121688
ALP-SU2L,1.2,179.8636264074576,12.0,2.3659105473768467e-11,10.001092408753152,True,,,10.001092408753152,0.0,121688
ALP-SU2L,1.2,179.86945174113956,12.0,2.3658339239242996e-11,10.000448269081714,True,,,10.000448269081714,0.0,121688
ALP-SU2L,1.2,179.87236447873065,12.0,2.365795613128617e-11,10.000126214761192,True,,,10.000126214761192,0.0,121688
ALP-SU2L,1.2,179.87527726348952,12.0,2.3657573029533146e-11,9.999804170783687,False,,,9.999804170783687,0.0,121688
ALP-SU2L,1.2,179.88692887421794,12.0,2.3656040684557085e-11,9.99851609829726,False,,,9.99851609829726,0.0,121688
ALP-SU2L,1.2,179.91023435995976,12.0,2.3652976292357035e-11,9.995940449688852,False,,,9.995940449688852,0.0,121688
ALP-SU2L,1.2,180.0034865005652,12.0,2.364072269264165e-11,9.985644470343841,False,,,9.985644470343841,0.0,121688
ALP-SU2L,1.2,180.19013581183856,12.0,2.3616234534126725e-11,9.965084228894618,False,,,9.965084228894618,0.0,121688
ALP-SU2L,1.2,180.56401525658168,12.0,2.356733428873732e-11,9.924090312388717,False,,,9.924090312388717,0.0,121688
ALP-SU2L,1.2,182.06730683424283,12.0,2.337274375098395e-11,9.76178959299147,False,,,9.76178959299147,0.0,121688
ALP-SU2L,1.2,194.55306777298895,12.0,2.187275973994861e-11,8.555312673362693,False,,,8.555312673362693,0.0,121690
ALP-SU2L,1.2,222.15204406665157,12.0,1.9155405595961063e-11,6.570252655533442,False,,,6.570252655533442,0.0,121692
ALP-SU2L,1.2,289.65082799999993,12.0,1.4691525439273135e-11,3.873255705277256,False,,,3.873255705277256,0.0,121694
ALP-SU2L,1.2,492.40640759999985,12.0,8.642073787807726e-12,1.3440214494586238,False,,,1.3440214494586238,0.0,121695
ALP-SU2L,1.2,837.0908929199998,12.0,5.0835728163574864e-12,0.46597095161047136,False,,,0.46597095161047136,0.0,121700
ALP-SU2L,1.2,1000.0,12.0,4.255412508068526e-12,0.32660693629939586,False,,,0.32660693629939586,0.0,121700
ALP-photon-combined,1.2,12.0,12.0,1.880337811151907e-15,12.72365089470157,True,8.600792307162338,4.122858587539232,,0.32403109938013847,380522
ALP-photon-combined,1.2,13.702300145225118,12.0,1.6467347448731699e-15,10.081586776600494,True,6.778531371893326,3.3030554047071683,,0.32763249257285637,380573
ALP-photon-combined,1.2,13.759221388484168,12.0,1.639922281700326e-15,10.008125566771923,True,6.728010344763064,3.28011522200886,,0.3277452106415614,380580
ALP-photon-combined,1.2,13.762786807183602,12.0,1.6394974397224105e-15,10.003535437904668,True,6.724858321652518,3.2786771162521497,,0.3277518369984301,380580
ALP-photon-combined,1.2,13.764569862982654,12.0,1.6392850600079314e-15,10.001241113396473,True,6.7232828348812586,3.277958278515215,,0.3277551497208133,380580
ALP-photon-combined,1.2,13.765461477507603,12.0,1.6391788804677523e-15,10.000094136082279,True,6.722495222660632,3.277598913421648,,0.3277568059679994,380580
ALP-photon-combined,1.2,13.765684390162956,12.0,1.6391523366573258e-15,9.999807411016295,False,6.722298333266993,3.2775090777493032,,0.32775722001792085,380580
ALP-photon-combined,1.2,13.765907306428073,12.0,1.6391257932767326e-15,9.999520693654972,False,6.722101449337689,3.2774192443172825,,0.32775763406309205,380580
ALP-photon-combined,1.2,13.766353149787825,12.0,1.6390727078050191e-15,9.998947282045552,False,6.721707697871519,3.2772395841740325,,0.32775846213918486,380580
ALP-photon-combined,1.2,13.773488607668336,12.0,1.6382235740377668e-15,9.98977688631986,False,6.715410646030877,3.274366240288982,,0.32777170877289014,380580
ALP-photon-combined,1.2,13.787770620825032,12.0,1.6365266259754977e-15,9.971459737628223,False,6.702833309374622,3.2686264282536017,,0.3277981874528499,380580
ALP-photon-combined,1.2,13.81637909043262,12.0,1.6331380013630155e-15,9.934942494834857,False,6.677745577440385,3.2571969173944715,,0.3278526190854026,380581
ALP-photon-combined,1.2,13.931407803606207,12.0,1.6196535233131341e-15,9.79005967709426,False,6.578281911815694,3.211777765278565,,0.32806518767123977,380582
ALP-photon-combined,1.2,14.164346228980614,12.0,1.5930176634383769e-15,9.506388667079579,False,6.383577496190893,3.1228111708886863,,0.32849605462723347,380589
ALP-photon-combined,1.2,14.641972659192628,12.0,1.5410528525783415e-15,8.962202954667232,False,6.010860932250682,2.95134202241655,,0.32930988478447526,380599
ALP-photon-combined,1.2,15.646085772486357,12.0,1.4421532683594113e-15,7.960164156165301,False,5.325996895357604,2.634167260807697,,0.3309187108619467,380618
ALP-photon-combined,1.2,20.4,12.0,1.1060810653834748e-15,4.917581485683382,False,3.2623952298566476,1.6551862558267345,,0.33658542530418656,380696
ALP-photon-combined,1.2,34.68,12.0,6.506359208138086e-16,1.8234226635769029,False,1.194364229703451,0.629058433873452,,0.34498772360296565,380815
ALP-photon-combined,1.2,58.955999999999996,12.0,3.827270122434169e-16,0.6582464858362818,False,0.4276344866696149,0.2306119991666669,,0.35034292492071795,380890
ALP-photon-combined,1.2,100.22519999999999,12.0,2.2513353661377465e-16,0.23368035840030588,False,0.15103697320826143,0.08264338519204446,,0.35365995566675873,380935
ALP-photon-combined,1.2,170.38283999999996,12.0,1.324314921257498e-16,0.08210711471277886,False,0.05289925155854665,0.02920786315423221,,0.35572877279155446,380965
ALP-photon-combined,1.2,289.65082799999993,12.0,7.790087772102929e-17,0.02866965533588209,False,0.018437066782754134,0.010232588553127957,,0.3569135531364813,380972
ALP-photon-combined,1.2,492.40640759999985,12.0,4.582404571825253e-17,0.009973787183531287,False,0.006406760120326729,0.003567027063204558,,0.35764018196562597,380978
ALP-photon-combined,1.2,837.0908929199998,12.0,2.6955321010736783e-17,0.00346209778693291,False,0.002222386085480211,0.001239711701452699,,0.3580810761994582,380982
ALP-photon-combined,1.2,1000.0,12.0,2.2564053733822885e-17,0.0024277841650680934,False,0.0015581744914809866,0.0008696096735871069,,0.3581906851932682,380986
ALP-SU2L,1.25,12.5,12.5,3.011933312000004e-10,1695.901370233679,True,,,1695.901370233679,0.0,121442
ALP-SU2L,1.25,21.25,12.5,1.7717254776470611e-10,619.2360033089494,True,,,619.2360033089494,0.0,121512
ALP-SU2L,1.25,36.125,12.5,1.0421914574394478e-10,222.0330116348323,True,,,222.0330116348323,0.0,121563
ALP-SU2L,1.25,61.4125,12.5,6.130537984937928e-11,78.60102091023661,True,,,78.60102091023661,0.0,121594
ALP-SU2L,1.25,104.40125,12.5,3.6061988146693696e-11,27.572198987686903,True,,,27.572198987686903,0.0,121601
ALP-SU2L,1.25,136.12257602123262,12.5,2.765828233674293e-11,16.298126831405646,True,,,16.298126831405646,0.0,121606
ALP-SU2L,1.25,155.43269943201273,12.5,2.42221659519386e-11,12.525286573847781,True,,,12.525286573847781,0.0,121611
ALP-SU2L,1.25,166.0919197001465,12.5,2.2667668883573537e-11,10.979209048640605,True,,,10.979209048640605,0.0,121614
ALP-SU2L,1.25,171.69259405609597,12.5,2.192824134726463e-11,10.279044326972844,True,,,10.279044326972844,0.0,121615
ALP-SU2L,1.25,173.12202632821595,12.5,2.1747184456253027e-11,10.111056417767031,True,,,10.111056417767031,0.0,121615
ALP-SU2L,1.25,173.8411990853214,12.5,2.165721739040802e-11,10.028091698440557,True,,,10.028091698440557,0.0,121615
ALP-SU2L,1.25,174.02145859423987,12.5,2.1634783838805407e-11,10.00745678392006,True,,,10.00745678392006,0.0,121615
ALP-SU2L,1.25,174.06655266933734,12.5,2.1629179082738355e-11,10.002304673137314,True,,,10.002304673137314,0.0,121615
ALP-SU2L,1.25,174.077828013806,12.5,2.1627778120608285e-11,10.001017058687236,True,,,10.001017058687236,0.0,121615
ALP-SU2L,1.25,174.083465959927,12.5,2.162707767357221e-11,10.000373313434519,True,,,10.000373313434519,0.0,121615
ALP-SU2L,1.25,174.08628500146173,12.5,2.1626727458561096e-11,10.000051456300083,True,,,10.000051456300083,0.0,121615
ALP-SU2L,1.25,174.08910408864696,12.5,2.1626377249221137e-11,9.999729609493162,False,,,9.999729609493162,0.0,121615
ALP-SU2L,1.25,174.11165842963516,12.5,2.1623575778652092e-11,9.99715520678857,False,,,9.99715520678857,0.0,121615
ALP-SU2L,1.25,174.20190501794454,12.5,2.161237352491743e-11,9.986864201988666,False,,,9.986864201988666,0.0,121615
ALP-SU2L,1.25,174.56335938517648,12.5,2.1567622514027494e-11,9.945805690229903,False,,,9.945805690229903,0.0,121615
ALP-SU2L,1.25,177.482125,12.5,2.1212934203937468e-11,9.623338880461345,False,,,9.623338880461345,0.0,121615
ALP-SU2L,1.25,301.7196125,12.5,1.2478196590551453e-11,3.3475313055600813,False,,,3.3475313055600813,0.0,121627
ALP-SU2L,1.25,512.9233412499999,12.5,7.340115641500854e-12,1.1618529295730962,False,,,1.1618529295730962,0.0,121629
ALP-SU2L,1.25,871.9696801249999,12.5,4.317715083235797e-12,0.40276450315233203,False,,,0.40276450315233203,0.0,121631
ALP-SU2L,1.25,1000.0,12.5,3.764916640000005e-12,0.306335666798642,False,,,0.306335666798642,0.0,121631
ALP-photon-combined,1.25,12.5,12.5,1.5966870122939155e-15,9.26125384552241,False,6.378435510056633,2.8828183354657764,,0.3112773263265588,381290
ALP-photon-combined,1.25,21.25,12.5,9.392276542905386e-16,3.5565724584142404,False,2.4082090666636673,1.1483633917505731,,0.3228848575919611,381463
ALP-photon-combined,1.25,36.125,12.5,5.524868554650227e-16,1.3133333775444667,False,0.8791163177681359,0.43421705977633074,,0.3306221156034155,381573
ALP-photon-combined,1.25,61.4125,12.5,3.2499226792060157e-16,0.47293961772954185,False,0.31421020064069055,0.15872941708885127,,0.33562300796636424,381655
ALP-photon-combined,1.25,104.40125,12.5,1.9117192230623622e-16,0.16763061158397996,False,0.11084684124567709,0.05678377033830287,,0.33874344191517314,381701
ALP-photon-combined,1.25,177.482125,12.5,1.1245407194484485e-16,0.05884385367161197,False,0.038799858370357175,0.020043995301254794,,0.34063022814776345,381729
ALP-photon-combined,1.25,301.7196125,12.5,6.614945408520285e-17,0.020535735174460147,False,0.013516782799267633,0.007018952375192515,,0.3417921158197363,381748
ALP-photon-combined,1.25,512.9233412499999,12.5,3.891144357953109e-17,0.007141787266157837,False,0.004695812871467159,0.0024459743946906786,,0.34248771400419664,381756
ALP-photon-combined,1.25,871.9696801249999,12.5,2.28890844585477e-17,0.002478542687426782,False,0.0016286674641042464,0.0008498752233225355,,0.34289311523009286,381761
ALP-photon-combined,1.25,1000.0,12.5,1.9958587653673944e-17,0.0018855378440259247,False,0.0012388618934761333,0.0006466759505497913,,0.3429663067218183,381763
ALP-SU2L,1.5,15.0,15.0,1.4525141333333323e-10,921.1686500174415,True,,,921.1686500174415,0.0,121379
ALP-SU2L,1.5,25.5,15.0,8.54420078431372e-11,337.8984322986156,True,,,337.8984322986156,0.0,121472
ALP-SU2L,1.5,43.35,15.0,5.026000461361012e-11,121.39207743555755,True,,,121.39207743555755,0.0,121541
ALP-SU2L,1.5,73.69500000000001,15.0,2.956470859624124e-11,42.98933122140575,True,,,42.98933122140575,0.0,121576
ALP-SU2L,1.5,125.28150000000001,15.0,1.7391005056612496e-11,15.08606879908508,True,,,15.08606879908508,0.0,121596
ALP-SU2L,1.5,143.0537263036684,15.0,1.523044003324314e-11,11.599694674518096,True,,,11.599694674518096,0.0,121599
ALP-SU2L,1.5,152.86402480855347,15.0,1.4253001664248252e-11,10.170833448533331,True,,,10.170833448533331,0.0,121602
ALP-SU2L,1.5,154.136699215442,15.0,1.4135317617997368e-11,10.004935159725513,True,,,10.004935159725513,0.0,121602
ALP-SU2L,1.5,154.1566685965879,15.0,1.4133486535711394e-11,10.002364499016041,True,,,10.002364499016041,0.0,121602
ALP-SU2L,1.5,154.16665425732464,15.0,1.4132571083519397e-11,10.001079415362923,True,,,10.001079415362923,0.0,121602
ALP-SU2L,1.5,154.17164733025226,15.0,1.4132113379659466e-11,10.000436935202623,True,,,10.000436935202623,0.0,121602
ALP-SU2L,1.5,154.1741439273582,15.0,1.4131884533288308e-11,10.000115710537889,True,,,10.000115710537889,0.0,121602
ALP-SU2L,1.5,154.17664056489306,15.0,1.413165569062294e-11,9.999794496149669,False,,,9.999794496149669,0.0,121602
ALP-SU2L,1.5,154.2165922643218,15.0,1.4127994711915703e-11,9.994656463276925,False,,,9.994656463276925,0.0,121602
ALP-SU2L,1.5,154.29652672384094,15.0,1.412067559951982e-11,9.984388284288721,False,,,9.984388284288721,0.0,121602
ALP-SU2L,1.5,154.4565199606652,15.0,1.4106048747925031e-11,9.963883435914767,False,,,9.963883435914767,0.0,121602
ALP-SU2L,1.5,154.77700430715657,15.0,1.4076840482557761e-11,9.92315478585276,False,,,9.92315478585276,0.0,121603
ALP-SU2L,1.5,155.4199693144692,15.0,1.4018605264241039e-11,9.841886176589773,False,,,9.841886176589773,0.0,121603
ALP-SU2L,1.5,158.0186501824917,15.0,1.3788063608212013e-11,9.523387536790088,False,,,9.523387536790088,0.0,121603
ALP-SU2L,1.5,163.34709122547915,15.0,1.3338291999289365e-11,8.916940693201898,False,,,8.916940693201898,0.0,121604
ALP-SU2L,1.5,212.97855,15.0,1.023000297447794e-11,5.26527995849731,False,,,5.26527995849731,0.0,121614
ALP-SU2L,1.5,362.063535,15.0,6.0176488085164355e-12,1.830977151858113,False,,,1.830977151858113,0.0,121617
ALP-SU2L,1.5,615.5080095,15.0,3.539793416774374e-12,0.6354646493243997,False,,,0.6354646493243997,0.0,121620
ALP-SU2L,1.5,1000.0,15.0,2.1787711999999987e-12,0.24113988394652225,False,,,0.24113988394652225,0.0,121622
ALP-photon-combined,1.5,15.0,15.0,7.691985730256861e-16,2.1791043555685796,False,1.587662343872859,0.5914420116957204,,0.27141518495170885,382214
ALP-photon-combined,1.5,25.5,15.0,4.524697488386389e-16,0.8236899742966924,False,0.5912868001680658,0.23240317412862666,,0.2821488440806434,382388
ALP-photon-combined,1.5,43.35,15.0,2.661586757874346e-16,0.3011291807579173,False,0.21401404032265803,0.08711514043525923,,0.28929491395021106,382478
ALP-photon-combined,1.5,73.69500000000001,15.0,1.5656392693378506e-16,0.10774871977274271,False,0.076087075916583,0.031661643856159716,,0.29384705380201825,382526
ALP-photon-combined,1.5,125.28150000000001,15.0,9.209642760810886e-17,0.038045914861257364,False,0.026759812785995863,0.0112861020752615,,0.296644255143258,382557
ALP-photon-combined,1.5,212.97855,15.0,5.417436918124051e-17,0.013325198297771571,False,0.009349273626411284,0.003975924671360287,,0.2983763980476897,382581
ALP-photon-combined,1.5,362.063535,15.0,3.1867275988965006e-17,0.00464389777825758,False,0.003253523515984479,0.001390374262273101,,0.29939811956730417,382588
ALP-photon-combined,1.5,615.5080095,15.0,1.8745456464097063e-17,0.0016137055361093746,False,0.0011296044239569372,0.00048410111215243726,,0.2999934630698482,382592
ALP-photon-combined,1.5,1000.0,15.0,1.1537978595385292e-17,0.0006127795973588801,False,0.00042873985824424453,0.0001840397391146355,,0.30033594445353395,382596
ALP-SU2L,2.0,20.0,20.0,4.595845505000001e-11,388.358272446681,True,,,388.358272446681,0.0,122747
ALP-SU2L,2.0,34.0,20.0,2.7034385323529415e-11,142.88347084178454,True,,,142.88347084178454,0.0,122869
ALP-SU2L,2.0,57.8,20.0,1.5902579602076127e-11,51.33910091226185,True,,,51.33910091226185,0.0,122935
ALP-SU2L,2.0,98.25999999999999,20.0,9.354458589456546e-12,18.17098321295634,True,,,18.17098321295634,0.0,122965
ALP-SU2L,2.0,128.11536566704245,20.0,7.174542227735727e-12,10.771741724333706,True,,,10.771741724333706,0.0,122983
ALP-SU2L,2.0,132.43545808568564,20.0,6.940506072061898e-12,10.088966926364417,True,,,10.088966926364417,0.0,122985
ALP-SU2L,2.0,132.98561323087458,20.0,6.91179352915599e-12,10.006698073194428,True,,,10.006698073194428,0.0,122986
ALP-SU2L,2.0,133.02007371223337,20.0,6.910002944280939e-12,10.001576104926803,True,,,10.001576104926803,0.0,122986
ALP-SU2L,2.0,133.028690227752,20.0,6.909555370547022e-12,10.000296020098867,True,,,10.000296020098867,0.0,122986
ALP-SU2L,2.0,133.03084444384024,20.0,6.909443481643333e-12,9.999976024338705,False,,,9.999976024338705,0.0,122986
ALP-SU2L,2.0,133.03299869481302,20.0,6.909331594551501e-12,9.99965603875663,False,,,9.99965603875663,0.0,122986
ALP-SU2L,2.0,133.03730730141453,20.0,6.909107825803288e-12,9.999016098125448,False,,,9.999016098125448,0.0,122986
ALP-SU2L,2.0,133.0545431233158,20.0,6.9082128232788594e-12,9.996456742660039,False,,,9.996456742660039,0.0,122986
ALP-SU2L,2.0,133.12350874390805,20.0,6.904633972412952e-12,9.986225830873979,False,,,9.986225830873979,0.0,122986
ALP-SU2L,2.0,133.26154724363045,20.0,6.897481831871302e-12,9.965795221542534,False,,,9.965795221542534,0.0,122986
ALP-SU2L,2.0,133.5380537963592,20.0,6.883199768671935e-12,9.9250585663963,False,,,9.9250585663963,0.0,122986
ALP-SU2L,2.0,134.64982920345827,20.0,6.826366631413393e-12,9.763760565983224,False,,,9.763760565983224,0.0,122986
ALP-SU2L,2.0,136.9012254466626,20.0,6.714104260214332e-12,9.449014926681384,False,,,9.449014926681384,0.0,122987
ALP-SU2L,2.0,146.28959946542372,20.0,6.283215651412391e-12,8.287666931166125,False,,,8.287666931166125,0.0,122990
ALP-SU2L,2.0,167.04199999999997,20.0,5.502622699680321e-12,6.373950638356047,False,,,6.373950638356047,0.0,122995
ALP-SU2L,2.0,283.97139999999996,20.0,3.236836882164895e-12,2.223230931176316,False,,,2.223230931176316,0.0,123002
ALP-SU2L,2.0,482.7513799999999,20.0,1.9040216953911148e-12,0.7730497207594246,False,,,0.7730497207594246,0.0,123010
ALP-SU2L,2.0,820.6773459999998,20.0,1.1200127619947734e-12,0.26824718642746026,False,,,0.26824718642746026,0.0,123015
ALP-SU2L,2.0,1000.0,20.0,9.19169101e-13,0.1807959630122358,False,,,0.1807959630122358,0.0,123015
ALP-photon-combined,2.0,20.0,20.0,2.4296920320362786e-16,0.2023943450775678,False,0.15573528105599907,0.04665906402156871,,0.23053541344589737,380884
ALP-photon-combined,2.0,34.0,20.0,1.429230607080164e-16,0.07534901208323472,False,0.05724073913456004,0.01810827294867467,,0.24032528692839747,381053
ALP-photon-combined,2.0,57.8,20.0,8.407238865177435e-17,0.027281449758234863,False,0.020549257658204596,0.006732192100030266,,0.24676812118454827,381148
ALP-photon-combined,2.0,98.25999999999999,20.0,4.945434626574962e-17,0.009703996502140929,False,0.007270304280961243,0.002433692221179685,,0.2507927760116933,381195
ALP-photon-combined,2.0,167.04199999999997,20.0,2.909079192102919e-17,0.0034138804732776066,False,0.002549352952621863,0.0008645275206557436,,0.2532389541528752,381217
ALP-photon-combined,2.0,283.97139999999996,20.0,1.7112230541781878e-17,0.0011929674054420684,False,0.0008891063034809404,0.0003038611019611281,,0.2547103136053652,381227
ALP-photon-combined,2.0,482.7513799999999,20.0,1.0066017965754045e-17,0.0004152000314911683,False,0.0003090739696422491,0.00010612606184891922,,0.25560224903590023,381233
ALP-photon-combined,2.0,820.6773459999998,20.0,5.92118703867885e-18,0.00014416275179396314,False,0.0001072370563483812,3.692569544558193e-05,,0.2561389470308946,381238
ALP-photon-combined,2.0,1000.0,20.0,4.8593840640725575e-18,9.71811385212257e-05,False,7.227591454498886e-05,2.4905223976236845e-05,,0.25627631405858864,381239
ALP-SU2L,2.5,25.0,25.0,1.8824583199999986e-11,205.17265745233945,True,,,205.17265745233945,0.0,128140
ALP-SU2L,2.5,42.5,25.0,1.1073284235294108e-11,75.26163500901188,True,,,75.26163500901188,0.0,128249
ALP-SU2L,2.5,72.25,25.0,6.513696608996534e-12,26.97497845003541,True,,,26.97497845003541,0.0,128310
ALP-SU2L,2.5,94.20247475517827,25.0,4.995777247074181e-12,16.056075216857195,True,,,16.056075216857195,0.0,128328
ALP-SU2L,2.5,107.5658819598704,25.0,4.3751287250689e-12,12.374562284245787,True,,,12.374562284245787,0.0,128340
ALP-SU2L,2.5,114.94250498280034,25.0,4.094347692095461e-12,10.861625164299996,True,,,10.861625164299996,0.0,128348
ALP-SU2L,2.5,118.81840419106987,25.0,3.9607885933496655e-12,10.175633537009027,True,,,10.175633537009027,0.0,128353
ALP-SU2L,2.5,119.80763067696606,25.0,3.928085192410694e-12,10.010816398331386,True,,,10.010816398331386,0.0,128353
ALP-SU2L,2.5,119.86973007926655,25.0,3.926050218756605e-12,10.000603735895018,True,,,10.000603735895018,0.0,128353
ALP-SU2L,2.5,119.87167120415161,25.0,3.925986642819913e-12,10.000284756837654,True,,,10.000284756837654,0.0,128353
ALP-SU2L,2.5,119.87361236047052,25.0,3.925923067912729e-12,9.999965787876336,False,,,9.999965787876336,0.0,128353
ALP-SU2L,2.5,119.87749476741187,25.0,3.925795921186818e-12,9.999327880240568,False,,,9.999327880240568,0.0,128353
ALP-SU2L,2.5,119.88525995852305,25.0,3.925541640088357e-12,9.998052186107637,False,,,9.998052186107637,0.0,128353
ALP-SU2L,2.5,119.90079184977331,25.0,3.925033127301147e-12,9.995501282325518,False,,,9.995501282325518,0.0,128353
ALP-SU2L,2.5,119.93186166929785,25.0,3.924016299335703e-12,9.990401412130485,False,,,9.990401412130485,0.0,128353
ALP-SU2L,2.5,120.0562214792965,25.0,3.919951621009131e-12,9.97002773925072,False,,,9.97002773925072,0.0,128353
ALP-SU2L,2.5,120.30532808672761,25.0,3.91183489114244e-12,9.929404003093444,False,,,9.929404003093444,0.0,128353
ALP-SU2L,2.5,120.80509300012214,25.0,3.895651816596207e-12,9.8487162807363,False,,,9.8487162807363,0.0,128354
ALP-SU2L,2.5,122.825,25.0,3.831586240586197e-12,9.532523652958227,False,,,9.532523652958227,0.0,128356
ALP-SU2L,2.5,208.8025,25.0,2.2538742591683508e-12,3.3397100604609493,False,,,3.3397100604609493,0.0,128376
ALP-SU2L,2.5,354.96425,25.0,1.325808387746089e-12,1.1640777116111913,False,,,1.1640777116111913,0.0,128384
ALP-SU2L,2.5,603.439225,25.0,7.798872869094641e-13,0.40458455677556315,False,,,0.40458455677556315,0.0,128398
ALP-SU2L,2.5,1000.0,25.0,4.706145799999996e-13,0.14769395128549792,False,,,0.14769395128549792,0.0,128403
ALP-photon-combined,2.5,25.0,25.0,9.938860901266784e-17,0.025662605325546962,False,0.019232275382310902,0.00643032994323606,,0.2505719844755866,378280
ALP-photon-combined,2.5,42.5,25.0,5.84638876545105e-17,0.009521435336057685,False,0.007046534796965869,0.002474900539091816,,0.25992935431902425,378457
ALP-photon-combined,2.5,72.25,25.0,3.4390522149712054e-17,0.0034396724926413574,False,0.0025252232087713796,0.0009144492838699779,,0.2658535909527141,378564
ALP-photon-combined,2.5,122.825,25.0,2.0229718911595327e-17,0.0012215827547395564,False,0.0008923721436789924,0.000329210611060564,,0.26949513635754646,378616
ALP-photon-combined,2.5,208.8025,25.0,1.1899834653879604e-17,0.0004293615065435296,False,0.0003127052352545731,0.00011665627128895658,,0.2716970886097115,378656
ALP-photon-combined,2.5,354.96425,25.0,6.999902737576238e-18,0.0001499531189712892,False,0.00010901104452428041,4.094207444700879e-05,,0.2730324966088086,378679
ALP-photon-combined,2.5,603.439225,25.0,4.117589845633081e-18,5.217202118222616e-05,False,3.788560234411813e-05,1.4286418838108036e-05,,0.27383295709799144,378692
ALP-photon-combined,2.5,1000.0,25.0,2.484715225316696e-18,1.9057076587785407e-05,False,1.3830207000480431e-05,5.226869587304974e-06,,0.27427447033797014,378696
ALP-SU2L,3.0,30.0,30.0,9.078213333333342e-12,108.19255139003171,True,,,108.19255139003171,0.0,136658
ALP-SU2L,3.0,51.0,30.0,5.340125490196083e-12,39.51333162284809,True,,,39.51333162284809,0.0,136766
ALP-SU2L,3.0,86.7,30.0,3.1412502883506373e-12,14.122195973292708,True,,,14.122195973292708,0.0,136834
ALP-SU2L,3.0,98.99911854925148,30.0,2.750998231004547e-12,10.893368661504434,True,,,10.893368661504434,0.0,136841
ALP-SU2L,3.0,102.33740150438494,30.0,2.6612596762907916e-12,10.207472012713584,True,,,10.207472012713584,0.0,136840
ALP-SU2L,3.0,103.18941486675206,30.0,2.6392862131419168e-12,10.042812954441459,True,,,10.042812954441459,0.0,136840
ALP-SU2L,3.0,103.40352426269612,30.0,2.6338212545648407e-12,10.002060830660023,True,,,10.002060830660023,0.0,136840
ALP-SU2L,3.0,103.41022233499926,30.0,2.6336506570668537e-12,10.000789968740015,True,,,10.000789968740015,0.0,136840
ALP-SU2L,3.0,103.41357153385208,30.0,2.633565362461624e-12,10.000154597741227,True,,,10.000154597741227,0.0,136840
ALP-SU2L,3.0,103.41524617395534,30.0,2.633522716194911e-12,9.999836927231055,False,,,9.999836927231055,0.0,136840
ALP-SU2L,3.0,103.41692084117707,30.0,2.6334800706187844e-12,9.999519266713284,False,,,9.999519266713284,0.0,136840
ALP-SU2L,3.0,103.43031915526922,30.0,2.633138930869534e-12,9.99697834226037,False,,,9.99697834226037,0.0,136840
ALP-SU2L,3.0,103.45712099118657,30.0,2.632456783938548e-12,9.991898411202094,False,,,9.991898411202094,0.0,136840
ALP-SU2L,3.0,103.51074550025147,30.0,2.6310930201863787e-12,9.981746216040573,False,,,9.981746216040573,0.0,136840
ALP-SU2L,3.0,103.61807791770968,30.0,2.6283676118397934e-12,9.961472458088117,False,,,9.961472458088117,0.0,136840
ALP-SU2L,3.0,104.04852169405947,30.0,2.6174941802709875e-12,9.880784376511206,False,,,9.880784376511206,0.0,136840
ALP-SU2L,3.0,105.78825246266675,30.0,2.574448425604845e-12,9.564356211212347,False,,,9.564356211212347,0.0,136839
ALP-SU2L,3.0,113.04296970621394,30.0,2.4092289923716455e-12,8.396815138382491,False,,,8.396815138382491,0.0,136844
ALP-SU2L,3.0,147.39000000000001,30.0,1.8477942872650805e-12,4.980367010186658,False,,,4.980367010186658,0.0,136852
ALP-SU2L,3.0,250.56300000000002,30.0,1.0869378160382826e-12,1.7430183804153907,False,,,1.7430183804153907,0.0,136880
ALP-SU2L,3.0,425.9571,30.0,6.393751859048722e-13,0.6071935881336263,False,,,0.6071935881336263,0.0,136897
ALP-SU2L,3.0,724.12707,30.0,3.761030505322778e-13,0.210935416537342,False,,,0.210935416537342,0.0,136904
ALP-SU2L,3.0,1000.0,30.0,2.7234640000000024e-13,0.11077678048930914,False,,,0.11077678048930914,0.0,136907
ALP-photon-combined,3.0,30.0,30.0,4.78783916820464e-17,0.00526706676607132,False,0.004000736388109408,0.0012663303779619117,,0.24042421222362093,377960
ALP-photon-combined,3.0,51.0,30.0,2.816375981296847e-17,0.0019439393950441916,False,0.0014614953182786952,0.00048244407676549636,,0.24817855844447712,378090
ALP-photon-combined,3.0,86.7,30.0,1.6566917537040277e-17,0.00069973466729866,False,0.0005227670125532981,0.000176967654745362,,0.2529067988421229,378167
ALP-photon-combined,3.0,147.39000000000001,30.0,9.74524561002369e-18,0.0002479500768689608,False,0.00018452043765090963,6.342963921805115e-05,,0.2558161708155997,378228
ALP-photon-combined,3.0,250.56300000000002,30.0,5.732497417660995e-18,8.70190078477585e-05,False,6.460792446909549e-05,2.2411083378663006e-05,,0.2575423914034006,378257
ALP-photon-combined,3.0,425.9571,30.0,3.3720573045064675e-18,3.0364295089258715e-05,False,2.251269600178882e-05,7.851599087469896e-06,,0.25857998891096856,378276
ALP-photon-combined,3.0,724.12707,30.0,1.9835631202979222e-18,1.0559492382768172e-05,False,7.822495526910741e-06,2.7369968558574323e-06,,0.2591977679082267,378291
ALP-photon-combined,3.0,1000.0,30.0,1.436351750461392e-18,5.547974017583481e-06,False,4.108548104227122e-06,1.439425913356359e-06,,0.2594507308062929,378300
ALP-SU2L,3.5,35.0,35.0,4.900193457142865e-12,43.72525974134433,True,,,43.72525974134433,0.0,143869
ALP-SU2L,3.5,59.5,35.0,2.8824667394958027e-12,15.894192674373556,True,,,15.894192674373556,0.0,143983
ALP-SU2L,3.5,67.94057155340786,35.0,2.524364559770878e-12,12.296884089778601,True,,,12.296884089778601,0.0,143988
ALP-SU2L,3.5,72.5997811018301,35.0,2.362359340442652e-12,10.812011952401923,True,,,10.812011952401923,0.0,143997
ALP-SU2L,3.5,75.04786968433692,35.0,2.2852983265399084e-12,10.137583629384219,True,,,10.137583629384219,0.0,144004
ALP-SU2L,3.5,75.35962887812921,35.0,2.275844156257181e-12,10.056437658137506,True,,,10.056437658137506,0.0,144007
ALP-SU2L,3.5,75.51599379829568,35.0,2.271131748038665e-12,10.015873822002106,True,,,10.015873822002106,0.0,144006
ALP-SU2L,3.5,75.5551356964578,35.0,2.2699551713999623e-12,10.0057841726274,True,,,10.0057841726274,0.0,144006
ALP-SU2L,3.5,75.5747142529796,35.0,2.2693671116756947e-12,10.00079625696712,True,,,10.00079625696712,0.0,144007
ALP-SU2L,3.5,75.57716192923986,35.0,2.269293614922664e-12,10.00016629626156,True,,,10.00016629626156,0.0,144007
ALP-SU2L,3.5,75.57838579709764,35.0,2.2692568674387656e-12,9.999851330577124,False,,,9.999851330577124,0.0,144007
ALP-SU2L,3.5,75.57960968477425,35.0,2.2692201205499323e-12,9.999536374671184,False,,,9.999536374671184,0.0,144007
ALP-SU2L,3.5,75.58450543367566,35.0,2.2690731389450586e-12,9.998276648826499,False,,,9.998276648826499,0.0,144007
ALP-SU2L,3.5,75.5942978828809,35.0,2.26877920429551e-12,9.995757666414873,False,,,9.995757666414873,0.0,144007
ALP-SU2L,3.5,75.67268316257929,35.0,2.2664290974264234e-12,9.975628315139558,False,,,9.975628315139558,0.0,144007
ALP-SU2L,3.5,76.30269854574229,35.0,2.247715667581332e-12,9.816177549546092,False,,,9.816177549546092,0.0,144009
ALP-SU2L,3.5,77.57850862191151,35.0,2.210751070710315e-12,9.504693397066593,False,,,9.504693397066593,0.0,144012
ALP-SU2L,3.5,101.14999999999999,35.0,1.6955686702916488e-12,5.662829320710878,False,,,5.662829320710878,0.0,144039
ALP-SU2L,3.5,171.95499999999998,35.0,9.973933354656759e-13,1.9938285941741205,False,,,1.9938285941741205,0.0,144076
ALP-SU2L,3.5,292.32349999999997,35.0,5.867019620386329e-13,0.6970159661849791,False,,,0.6970159661849791,0.0,144099
ALP-SU2L,3.5,496.94994999999994,35.0,3.451188011991958e-13,0.24266264892904346,False,,,0.24266264892904346,0.0,144119
ALP-SU2L,3.5,844.8149149999999,35.0,2.030110595289387e-13,0.08426274572524123,False,,,0.08426274572524123,0.0,144123
ALP-SU2L,3.5,1000.0,35.0,1.7150677100000028e-13,0.0601860445370537,False,,,0.0601860445370537,0.0,144123
ALP-photon-combined,3.5,35.0,35.0,2.581977038270396e-17,0.0013350934264082484,False,0.0010263608119752505,0.0003087326144329978,,0.23124420233538975,379816
ALP-photon-combined,3.5,59.5,35.0,1.5188100225119976e-17,0.0004901162780091766,False,0.00037384310810981245,0.00011627316989936422,,0.23723588690353026,379948
ALP-photon-combined,3.5,101.14999999999999,35.0,8.934176603011752e-18,0.00017579560653919302,False,0.00013345296527621844,4.23426412629746e-05,,0.24086290946943806,380040
ALP-photon-combined,3.5,171.95499999999998,35.0,5.255398001771619e-18,6.214167215823203e-05,False,4.703558072236217e-05,1.5106091435869856e-05,,0.24309116428996388,380084
ALP-photon-combined,3.5,292.32349999999997,35.0,3.0914105892774227e-18,2.17765824431318e-05,False,1.645419634416337e-05,5.3223860989684325e-06,,0.24440869511400676,380107
ALP-photon-combined,3.5,496.94994999999994,35.0,1.8184768172220134e-18,7.59257186161495e-06,False,5.731018428593395e-06,1.8615534330215556e-06,,0.24518087769874602,380130
ALP-photon-combined,3.5,844.8149149999999,35.0,1.0696922454247137e-18,2.63886296571754e-06,False,1.990653187291196e-06,6.482097784263442e-07,,0.2456398027663736,380140
ALP-photon-combined,3.5,1000.0,35.0,9.036919633946387e-19,1.885235181191682e-06,False,1.4219549956960932e-06,4.632801854955888e-07,,0.24574132188788417,380141
ALP-SU2L,4.0,40.0,40.0,2.8724034499999957e-12,13.746434835823495,True,,,13.746434835823495,0.0,148760
ALP-SU2L,4.0,45.674333817417065,40.0,2.515551479290242e-12,10.684147477332687,True,,,10.684147477332687,0.0,148777
ALP-SU2L,4.0,47.21448742993539,40.0,2.4334932825544614e-12,10.029347895986266,True,,,10.029347895986266,0.0,148784
ALP-SU2L,4.0,47.26344510143523,40.0,2.430972557193272e-12,10.009512627288233,True,,,10.009512627288233,0.0,148784
ALP-SU2L,4.0,47.27569244931971,40.0,2.4303427839406114e-12,10.004559795793957,True,,,10.004559795793957,0.0,148784
ALP-SU2L,4.0,47.2818173133285,40.0,2.4300279584983546e-12,10.002084277134317,True,,,10.002084277134317,0.0,148784
ALP-SU2L,4.0,47.2848800428945,40.0,2.429870561070933e-12,10.0008467420156,True,,,10.0008467420156,0.0,148784
ALP-SU2L,4.0,47.28641148207352,40.0,2.42979186618036e-12,10.000228030501422,True,,,10.000228030501422,0.0,148784
ALP-SU2L,4.0,47.287177220262734,40.0,2.429752519690822e-12,9.999918688754676,False,,,9.999918688754676,0.0,148784
ALP-SU2L,4.0,47.28794297085203,40.0,2.4297131738384356e-12,9.999609356347799,False,,,9.999609356347799,0.0,148784
ALP-SU2L,4.0,47.31245353814993,40.0,2.428454442916482e-12,9.989715649155753,False,,,9.989715649155753,0.0,148784
ALP-SU2L,4.0,47.41062291783646,40.0,2.423426036800172e-12,9.950236280320562,False,,,9.950236280320562,0.0,148784
ALP-SU2L,4.0,47.607573179585735,40.0,2.4134004387618653e-12,9.871736173929092,False,,,9.871736173929092,0.0,148784
ALP-SU2L,4.0,48.00393157742076,40.0,2.393473497367508e-12,9.716592006176064,False,,,9.716592006176064,0.0,148785
ALP-SU2L,4.0,48.8065755306421,40.0,2.3541118537985707e-12,9.4135458474366,False,,,9.4135458474366,0.0,148789
ALP-SU2L,4.0,52.15361924162119,40.0,2.2030328799943948e-12,8.29158456321232,False,,,8.29158456321232,0.0,148806
ALP-SU2L,4.0,68.0,40.0,1.6896490882352915e-12,4.973422504987831,False,,,4.973422504987831,0.0,148858
ALP-SU2L,4.0,115.6,40.0,9.93911228373701e-13,1.7671186054763555,False,,,1.7671186054763555,0.0,148916
ALP-SU2L,4.0,196.51999999999998,40.0,5.846536637492359e-13,0.6210644654375076,False,,,0.6210644654375076,0.0,148936
ALP-SU2L,4.0,334.08399999999995,40.0,3.4391391985249174e-13,0.21688478937746097,False,,,0.21688478937746097,0.0,148949
ALP-SU2L,4.0,567.9427999999999,40.0,2.0230230579558335e-13,0.07545690391868928,False,,,0.07545690391868928,0.0,148957
ALP-SU2L,4.0,965.5027599999999,40.0,1.1900135635034316e-13,0.026193759187889607,False,,,0.026193759187889607,0.0,148966
ALP-SU2L,4.0,1000.0,40.0,1.1489613799999982e-13,0.02442150548323952,False,,,0.02442150548323952,0.0,148966
ALP-photon-combined,4.0,40.0,40.0,1.5122983459105913e-17,0.0003994551693584549,False,0.0003115520327120947,8.790313664636019e-05,,0.22005757689288902,382924
ALP-photon-combined,4.0,68.0,40.0,8.89587262300348e-18,0.00014591355084279638,False,0.00011316034687703902,3.275320396575735e-05,,0.22446992603891078,383057
ALP-photon-combined,4.0,115.6,40.0,5.2328662488255764e-18,5.215799391728797e-05,False,4.0311407435940056e-05,1.1846586481347915e-05,,0.22712887501260506,383123
ALP-photon-combined,4.0,196.51999999999998,40.0,3.078156616956221e-18,1.8400253865741095e-05,False,1.4191930020555866e-05,4.20832384518523e-06,,0.22871009693081396,383157
ALP-photon-combined,4.0,334.08399999999995,40.0,1.8106803629154245e-18,6.440452381749132e-06,False,4.961339525560161e-06,1.4791128561889716e-06,,0.2296597767542637,383186
ALP-photon-combined,4.0,567.9427999999999,40.0,1.0651060958326025e-18,2.243771342807849e-06,False,1.727227372850139e-06,5.165439699577098e-07,,0.23021239290422,383203
ALP-photon-combined,4.0,965.5027599999999,40.0,6.265329975485898e-19,7.795117585076244e-07,False,5.997976801649621e-07,1.7971407834266232e-07,,0.23054697556676373,383213
ALP-photon-combined,4.0,1000.0,40.0,6.049193383642366e-19,7.268104312624603e-07,False,5.592373557770624e-07,1.6757307548539786e-07,,0.23055953557838404,383214
