profile,benchmark_source,selection_name,panel_label,mass_GeV,ctau_m,model_id,model_label,source,bin_index,energy_low_GeV,energy_high_GeV,bin_probability,density_per_GeV,density_error_per_GeV,bin_N_eff,expected_events,expected_events_before_ECAL,weighted_ECAL_efficiency,total_N_eff,accepted_samples,cache_key
production,stored_same_lifetime_midpoint,diphoton_ecal,After diphoton ECAL requirement,0.3,44.25045011669211,alp_photon_combined,"ALP-photon, primary + cascade",combined,0,0.3,0.3464336180180258,0.0,0.0,0.0,0.0,368.4925027417885,2280.4967418337565,0.16158431449697325,357283.49078724755,804667,cbefba2fc5322f6a31f4f5a48d8d340a58eb245391184bf43c4df2c5070be82d
production,stored_same_lifetime_midpoint,diphoton_ecal,After diphoton ECAL requirement,0.3,44.25045011669211,alp_photon_combined,"ALP-photon, primary + cascade",combined,1,0.3464336180180258,0.4000541723101981,0.0,0.0,0.0,0.0,368.4925027417885,2280.4967418337565,0.16158431449697325,357283.49078724755,804667,cbefba2fc5322f6a31f4f5a48d8d340a58eb245391184bf43c4df2c5070be82d
production,stored_same_lifetime_midpoint,diphoton_ecal,After diphoton ECAL requirement,0.3,44.25045011669211,alp_photon_combined,"ALP-photon, primary + cascade",combined,2,0.4000541723101981,0.4619740477220955,0.0,0.0,0.0,0.0,368.4925027417885,2280.4967418337565,0.16158431449697325,357283.49078724755,804667,cbefba2fc5322f6a31f4f5a48d8d340a58eb245391184bf43c4df2c5070be82d
production,stored_same_lifetime_midpoint,diphoton_ecal,After diphoton ECAL requirement,0.3,44.25045011669211,alp_photon_combined,"ALP-photon, primary + cascade",combined,3,0.4619740477220955,0.5334778026093256,0.0,0.0,0.0,0.0,368.4925027417885,2280.4967418337565,0.16158431449697325,357283.49078724755,804667,cbefba2fc5322f6a31f4f5a48d8d340a58eb245391184bf43c4df2c5070be82d
production,stored_same_lifetime_midpoint,diphoton_ecal,After diphoton ECAL requirement,0.3,44.25045011669211,alp_photon_combined,"ALP-photon, primary + cascade",combined,4,0.5334778026093256,0.6160488176341831,0.0,0.0,0.0,0.0,368.4925027417885,2280.4967418337565,0.16158431449697325,357283.49078724755,804667,cbefba2fc5322f6a31f4f5a48d8d340a58eb245391184bf43c4df2c5070be82d
production,stored_same_lifetime_midpoint,diphoton_ecal,After diphoton ECAL requirement,0.3,44.25045011669211,alp_photon_combined,"ALP-photon, primary + cascade",combined,5,0.6160488176341831,0.7114000692291235,0.0,0.0,0.0,0.0,368.4925027417885,2280.4967418337565,0.16158431449697325,357283.49078724755,804667,cbefba2fc5322f6a31f4f5a48d8d340a58eb245391184bf43c4df2c5070be82d
production,stored_same_lifetime_midpoint,diphoton_ecal,After diphoton ECAL requirement,0.3,44.25045011669211,alp_photon_combined,"ALP-photon, primary + cascade",combined,6,0.7114000692291235,0.8215096661377309,0.0,0.0,0.0,0.0,368.4925027417885,2280.4967418337565,0.16158431449697325,357283.49078724755,804667,cbefba2fc5322f6a31f4f5a48d8d340a58eb245391184bf43c4df2c5070be82d
production,stored_same_lifetime_midpoint,diphoton_ecal,After diphoton ECAL requirement,0.3,44.25045011669211,alp_photon_combined,"ALP-photon, primary + cascade",combined,7,0.8215096661377309,0.9486618862562488,0.0,0.0,0.0,0.0,368.4925027417885,2280.4967418337565,0.16158431449697325,357283.49078724755,804667,cbefba2fc5322f6a31f4f5a48d8d340a58eb245391184bf43c4df2c5070be82d
production,stored_same_lifetime_midpoint,diphoton_ecal,After diphoton ECAL requirement,0.3,44.25045011669211,alp_photon_combined,"ALP-photon, primary + cascade",combined,8,0.9486618862562488,1.0954945651051906,0.0,0.0,0.0,0.0,368.4925027417885,2280.4967418337565,0.16158431449697325,357283.49078724755,804667,cbefba2fc5322f6a31f4f5a48d8d340a58eb245391184bf43c4df2c5070be82d
production,stored_same_lifetime_midpoint,diphoton_ecal,After diphoton ECAL requirement,0.3,44.25045011669211,alp_photon_combined,"ALP-photon, primary + cascade",combined,9,1.0954945651051906,1.2650538190282499,0.0,0.0,0.0,0.0,368.4925027417885,2280.4967418337565,0.16158431449697325,357283.49078724755,804667,cbefba2fc5322f6a31f4f5a48d8d340a58eb245391184bf43c4df2c5070be82d
production,stored_same_lifetime_midpoint,diphoton_ecal,After diphoton ECAL requirement,0.3,44.25045011669211,alp_photon_combined,"ALP-photon, primary + cascade",combined,10,1.2650538190282499,1.460857238378258,0.0,0.0,0.0,0.0,368.4925027417885,2280.4967418337565,0.16158431449697325,357283.49078724755,804667,cbefba2fc5322f6a31f4f5a48d8d340a58eb245391184bf43c4df2c5070be82d
production,stored_same_lifetime_midpoint,diphoton_ecal,After diphoton ECAL requirement,0.3,44.25045011669211,alp_photon_combined,"ALP-photon, primary + cascade",combined,11,1.460857238378258,1.6869668616640054,0.00025099013522632946,0.001110037386198018,0.0002547192986996416,18.991160824103364,368.4925027417885,2280.4967418337565,0.16158431449697325,357283.49078724755,804667,cbefba2fc5322f6a31f4f5a48d8d340a58eb245391184bf43c4df2c5070be82d
production,stored_same_lifetime_midpoint,diphoton_ecal,After diphoton ECAL requirement,0.3,44.25045011669211,alp_photon_combined,"ALP-photon, primary + cascade",combined,12,1.6869668616640054,1.9480734445425867,0.0011133157490875426,0.004263836387477264,0.00043803867111203007,94.74933216121349,368.4925027417885,2280.4967418337565,0.16158431449697325,357283.49078724755,804667,cbefba2fc5322f6a31f4f5a48d8d340a58eb245391184bf43c4df2c5070be82d
production,stored_same_lifetime_midpoint,diphoton_ecal,After diphoton ECAL requirement,0.3,44.25045011669211,alp_photon_combined,"ALP-photon, primary + cascade",combined,13,1.9480734445425867,2.2495937718590873,0.003746206231828035,0.01242439030618227,0.0006531656859525974,361.8290651843157,368.4925027417885,2280.4967418337565,0.16158431449697325,357283.49078724755,804667,cbefba2fc5322f6a31f4f5a48d8d340a58eb245391184bf43c4df2c5070be82d
production,stored_same_lifetime_midpoint,diphoton_ecal,After diphoton ECAL requirement,0.3,44.25045011669211,alp_photon_combined,"ALP-photon, primary + cascade",combined,14,2.2495937718590873,2.5977830315198704,0.008655534178977306,0.024858705255325214,0.000810445695818317,940.8256947337683,368.4925027417885,2280.4967418337565,0.16158431449697325,357283.49078724755,804667,cbefba2fc5322f6a31f4f5a48d8d340a58eb245391184bf43c4df2c5070be82d
production,stored_same_lifetime_midpoint,diphoton_ecal,After diphoton ECAL requirement,0.3,44.25045011669211,alp_photon_combined,"ALP-photon, primary + cascade",combined,15,2.5977830315198704,2.99986458145088,0.01650481190678763,0.04104841893297412,0.0009094222098651938,2037.3317595708652,368.4925027417885,2280.4967418337565,0.16158431449697325,357283.49078724755,804667,cbefba2fc5322f6a31f4f5a48d8d340a58eb245391184bf43c4df2c5070be82d
production,stored_same_lifetime_midpoint,diphoton_ecal,After diphoton ECAL requirement,0.3,44.25045011669211,alp_photon_combined,"ALP-photon, primary + cascade",combined,16,2.99986458145088,3.4641798017205296,0.026062606135641226,0.056131276766041495,0.0009275148484836582,3662.4196024417024,368.4925027417885,2280.4967418337565,0.16158431449697325,357283.49078724755,804667,cbefba2fc5322f6a31f4f5a48d8d340a58eb245391184bf43c4df2c5070be82d
production,stored_same_lifetime_midpoint,diphoton_ecal,After diphoton ECAL requirement,0.3,44.25045011669211,alp_photon_combined,"ALP-photon, primary + cascade",combined,17,3.4641798017205296,4.00036114058337,0.03666711859522026,0.06838566719421027,0.0008900159134776213,5903.84073218998,368.4925027417885,2280.4967418337565,0.16158431449697325,357283.49078724755,804667,cbefba2fc5322f6a31f4f5a48d8d340a58eb245391184bf43c4df2c5070be82d
production,stored_same_lifetime_midpoint,diphoton_ecal,After diphoton ECAL requirement,0.3,44.25045011669211,alp_photon_combined,"ALP-photon, primary + cascade",combined,18,4.00036114058337,4.619531944370044,0.050294630789037675,0.08122900899307572,0.0008427373597669876,9290.4727772836,368.4925027417885,2280.4967418337565,0.16158431449697325,357283.49078724755,804667,cbefba2fc5322f6a31f4f5a48d8d340a58eb245391184bf43c4df2c5070be82d
production,stored_same_lifetime_midpoint,diphoton_ecal,After diphoton ECAL requirement,0.3,44.25045011669211,alp_photon_combined,"ALP-photon, primary + cascade",combined,19,4.619531944370044,5.334537216793201,0.05976997660196556,0.08359375644798356,0.0007412891896550586,12716.639199312378,368.4925027417885,2280.4967418337565,0.16158431449697325,357283.49078724755,804667,cbefba2fc5322f6a31f4f5a48d8d340a58eb245391184bf43c4df2c5070be82d
production,stored_same_lifetime_midpoint,diphoton_ecal,After diphoton ECAL requirement,0.3,44.25045011669211,alp_photon_combined,"ALP-photon, primary + cascade",combined,20,5.334537216793201,6.160210094884928,0.06882004708386874,0.08335025760192565,0.0006402924979798793,16945.604497115393,368.4925027417885,2280.4967418337565,0.16158431449697325,357283.49078724755,804667,cbefba2fc5322f6a31f4f5a48d8d340a58eb245391184bf43c4df2c5070be82d
production,stored_same_lifetime_midpoint,diphoton_ecal,After diphoton ECAL requirement,0.3,44.25045011669211,alp_photon_combined,"ALP-photon, primary + cascade",combined,21,6.160210094884928,7.113679569740505,0.07230324484528193,0.07583173531196032,0.0005245110605856352,20902.233126180763,368.4925027417885,2280.4967418337565,0.16158431449697325,357283.49078724755,804667,cbefba2fc5322f6a31f4f5a48d8d340a58eb245391184bf43c4df2c5070be82d
production,stored_same_lifetime_midpoint,diphoton_ecal,After diphoton ECAL requirement,0.3,44.25045011669211,alp_photon_combined,"ALP-photon, primary + cascade",combined,22,7.113679569740505,8.214725835887057,0.07664599134406741,0.06961196245850183,0.000432578211691169,25896.34503290292,368.4925027417885,2280.4967418337565,0.16158431449697325,357283.49078724755,804667,cbefba2fc5322f6a31f4f5a48d8d340a58eb245391184bf43c4df2c5070be82d
production,stored_same_lifetime_midpoint,diphoton_ecal,After diphoton ECAL requirement,0.3,44.25045011669211,alp_photon_combined,"ALP-photon, primary + cascade",combined,23,8.214725835887057,9.486190641175014,0.07825491378802972,0.06154705459606238,0.00034934722219486013,31038.44529895274,368.4925027417885,2280.4967418337565,0.16158431449697325,357283.49078724755,804667,cbefba2fc5322f6a31f4f5a48d8d340a58eb245391184bf43c4df2c5070be82d
production,stored_same_lifetime_midpoint,diphoton_ecal,After diphoton ECAL requirement,0.3,44.25045011669211,alp_photon_combined,"ALP-photon, primary + cascade",combined,24,9.486190641175014,10.95445115010332,0.07387468568725422,0.05031442665523699,0.0002702410596398757,34664.29612389506,368.4925027417885,2280.4967418337565,0.16158431449697325,357283.49078724755,804667,cbefba2fc5322f6a31f4f5a48d8d340a58eb245391184bf43c4df2c5070be82d
production,stored_same_lifetime_midpoint,diphoton_ecal,After diphoton ECAL requirement,0.3,44.25045011669211,alp_photon_combined,"ALP-photon, primary + cascade",combined,25,10.95445115010332,12.649967151106729,0.06952849092240457,0.041007275001390446,0.00020822081604689895,38785.86959626838,368.4925027417885,2280.4967418337565,0.16158431449697325,357283.49078724755,804667,cbefba2fc5322f6a31f4f5a48d8d340a58eb245391184bf43c4df2c5070be82d
production,stored_same_lifetime_midpoint,diphoton_ecal,After diphoton ECAL requirement,0.3,44.25045011669211,alp_photon_combined,"ALP-photon, primary + cascade",combined,26,12.649967151106729,14.607912959890275,0.06333846586853095,0.03234944786744766,0.00015725597322192484,42317.44553003014,368.4925027417885,2280.4967418337565,0.16158431449697325,357283.49078724755,804667,cbefba2fc5322f6a31f4f5a48d8d340a58eb245391184bf43c4df2c5070be82d
production,stored_same_lifetime_midpoint,diphoton_ecal,After diphoton ECAL requirement,0.3,44.25045011669211,alp_photon_combined,"ALP-photon, primary + cascade",combined,27,14.607912959890275,16.86890712795732,0.05567276950117348,0.024623137152436293,0.00011683905700835173,44413.058507558904,368.4925027417885,2280.4967418337565,0.16158431449697325,357283.49078724755,804667,cbefba2fc5322f6a31f4f5a48d8d340a58eb245391184bf43c4df2c5070be82d
production,stored_same_lifetime_midpoint,diphoton_ecal,After diphoton ECAL requirement,0.3,44.25045011669211,alp_photon_combined,"ALP-photon, primary + cascade",combined,28,16.86890712795732,19.479855094494404,0.048399272645858527,0.018537049863177012,8.633292916225934e-05,46102.904175529824,368.4925027417885,2280.4967418337565,0.16158431449697325,357283.49078724755,804667,cbefba2fc5322f6a31f4f5a48d8d340a58eb245391184bf43c4df2c5070be82d
production,stored_same_lifetime_midpoint,diphoton_ecal,After diphoton ECAL requirement,0.3,44.25045011669211,alp_photon_combined,"ALP-photon, primary + cascade",combined,29,19.479855094494404,22.494922262841893,0.041545276027897295,0.013779220729821288,6.366788562614525e-05,46839.09113912584,368.4925027417885,2280.4967418337565,0.16158431449697325,357283.49078724755,804667,cbefba2fc5322f6a31f4f5a48d8d340a58eb245391184bf43c4df2c5070be82d
production,stored_same_lifetime_midpoint,diphoton_ecal,After diphoton ECAL requirement,0.3,44.25045011669211,alp_photon_combined,"ALP-photon, primary + cascade",combined,30,22.494922262841893,25.976657688501856,0.034894100829487455,0.010022042620562784,4.612440767163555e-05,47211.835652066795,368.4925027417885,2280.4967418337565,0.16158431449697325,357283.49078724755,804667,cbefba2fc5322f6a31f4f5a48d8d340a58eb245391184bf43c4df2c5070be82d
production,stored_same_lifetime_midpoint,diphoton_ecal,After diphoton ECAL requirement,0.3,44.25045011669211,alp_photon_combined,"ALP-photon, primary + cascade",combined,31,25.976657688501856,29.99729169014488,0.028353674938636827,0.0070520407794019925,3.315323993928484e-05,45245.73801524052,368.4925027417885,2280.4967418337565,0.16158431449697325,357283.49078724755,804667,cbefba2fc5322f6a31f4f5a48d8d340a58eb245391184bf43c4df2c5070be82d
production,stored_same_lifetime_midpoint,diphoton_ecal,After diphoton ECAL requirement,0.3,44.25045011669211,alp_photon_combined,"ALP-photon, primary + cascade",combined,32,29.99729169014488,34.64023430319652,0.021887256779535864,0.0047140916017374915,2.311876033036425e-05,41578.32111772017,368.4925027417885,2280.4967418337565,0.16158431449697325,357283.49078724755,804667,cbefba2fc5322f6a31f4f5a48d8d340a58eb245391184bf43c4df2c5070be82d
production,stored_same_lifetime_midpoint,diphoton_ecal,After diphoton ECAL requirement,0.3,44.25045011669211,alp_photon_combined,"ALP-photon, primary + cascade",combined,33,34.64023430319652,40.00180566216164,0.017447777755794695,0.003254228394558279,1.6394992707131432e-05,39397.94818507124,368.4925027417885,2280.4967418337565,0.16158431449697325,357283.49078724755,804667,cbefba2fc5322f6a31f4f5a48d8d340a58eb245391184bf43c4df2c5070be82d
production,stored_same_lifetime_midpoint,diphoton_ecal,After diphoton ECAL requirement,0.3,44.25045011669211,alp_photon_combined,"ALP-photon, primary + cascade",combined,34,40.00180566216164,46.19323420932204,0.013458249972384033,0.0021736905901234105,1.152503621311808e-05,35572.210475051324,368.4925027417885,2280.4967418337565,0.16158431449697325,357283.49078724755,804667,cbefba2fc5322f6a31f4f5a48d8d340a58eb245391184bf43c4df2c5070be82d
production,stored_same_lifetime_midpoint,diphoton_ecal,After diphoton ECAL requirement,0.3,44.25045011669211,alp_photon_combined,"ALP-photon, primary + cascade",combined,35,46.19323420932204,53.3429641836316,0.0100110985772776,0.0014002065271345246,7.929445536943955e-06,31181.611378906087,368.4925027417885,2280.4967418337565,0.16158431449697325,357283.49078724755,804667,cbefba2fc5322f6a31f4f5a48d8d340a58eb245391184bf43c4df2c5070be82d
production,stored_same_lifetime_midpoint,diphoton_ecal,After diphoton ECAL requirement,0.3,44.25045011669211,alp_photon_combined,"ALP-photon, primary + cascade",combined,36,53.3429641836316,61.59932025980484,0.007354971854663949,0.0008908254182361916,5.4119125370270905e-06,27094.657299132276,368.4925027417885,2280.4967418337565,0.16158431449697325,357283.49078724755,804667,cbefba2fc5322f6a31f4f5a48d8d340a58eb245391184bf43c4df2c5070be82d
production,stored_same_lifetime_midpoint,diphoton_ecal,After diphoton ECAL requirement,0.3,44.25045011669211,alp_photon_combined,"ALP-photon, primary + cascade",combined,37,61.59932025980484,71.13358461685092,0.005169796102842136,0.0005422333500771367,3.6333848671107645e-06,22271.50905666317,368.4925027417885,2280.4967418337565,0.16158431449697325,357283.49078724755,804667,cbefba2fc5322f6a31f4f5a48d8d340a58eb245391184bf43c4df2c5070be82d
production,stored_same_lifetime_midpoint,diphoton_ecal,After diphoton ECAL requirement,0.3,44.25045011669211,alp_photon_combined,"ALP-photon, primary + cascade",combined,38,71.13358461685092,82.14355027135687,0.003456205962736506,0.00031391614390023246,2.384985947605406e-06,17324.298290615654,368.4925027417885,2280.4967418337565,0.16158431449697325,357283.49078724755,804667,cbefba2fc5322f6a31f4f5a48d8d340a58eb245391184bf43c4df2c5070be82d
production,stored_same_lifetime_midpoint,diphoton_ecal,After diphoton ECAL requirement,0.3,44.25045011669211,alp_photon_combined,"ALP-photon, primary + cascade",combined,39,82.14355027135687,94.85762439117252,0.0024193414980541355,0.00019028845319404316,1.5957140968741318e-06,14220.494814597152,368.4925027417885,2280.4967418337565,0.16158431449697325,357283.49078724755,804667,cbefba2fc5322f6a31f4f5a48d8d340a58eb245391184bf43c4df2c5070be82d
production,stored_same_lifetime_midpoint,diphoton_ecal,After diphoton ECAL requirement,0.3,44.25045011669211,alp_photon_combined,"ALP-photon, primary + cascade",combined,40,94.85762439117252,109.53956671476264,0.001596310026934187,0.00010872607940771744,1.0358036732497574e-06,11018.248480621354,368.4925027417885,2280.4967418337565,0.16158431449697325,357283.49078724755,804667,cbefba2fc5322f6a31f4f5a48d8d340a58eb245391184bf43c4df2c5070be82d
production,stored_same_lifetime_midpoint,diphoton_ecal,After diphoton ECAL requirement,0.3,44.25045011669211,alp_photon_combined,"ALP-photon, primary + cascade",combined,41,109.53956671476264,126.49396137707384,0.0010757493411203657,6.344958711570543e-05,6.798057184543431e-07,8711.400362941393,368.4925027417885,2280.4967418337565,0.16158431449697325,357283.49078724755,804667,cbefba2fc5322f6a31f4f5a48d8d340a58eb245391184bf43c4df2c5070be82d
production,stored_same_lifetime_midpoint,diphoton_ecal,After diphoton ECAL requirement,0.3,44.25045011669211,alp_photon_combined,"ALP-photon, primary + cascade",combined,42,126.49396137707384,146.07253565764043,0.0005963234937693607,3.0457963139903552e-05,4.0607458538540554e-07,5625.875206761967,368.4925027417885,2280.4967418337565,0.16158431449697325,357283.49078724755,804667,cbefba2fc5322f6a31f4f5a48d8d340a58eb245391184bf43c4df2c5070be82d
production,stored_same_lifetime_midpoint,diphoton_ecal,After diphoton ECAL requirement,0.3,44.25045011669211,alp_photon_combined,"ALP-photon, primary + cascade",combined,43,146.07253565764043,168.68145673647828,0.0003609454226524761,1.5964734513153047e-05,2.536089075682396e-07,3962.7291991075963,368.4925027417885,2280.4967418337565,0.16158431449697325,357283.49078724755,804667,cbefba2fc5322f6a31f4f5a48d8d340a58eb245391184bf43c4df2c5070be82d
production,stored_same_lifetime_midpoint,diphoton_ecal,After diphoton ECAL requirement,0.3,44.25045011669211,alp_photon_combined,"ALP-photon, primary + cascade",combined,44,168.68145673647828,194.78975783256428,0.00022268081378873042,8.529119262459916e-06,1.6012261078062543e-07,2837.285568894488,368.4925027417885,2280.4967418337565,0.16158431449697325,357283.49078724755,804667,cbefba2fc5322f6a31f4f5a48d8d340a58eb245391184bf43c4df2c5070be82d
production,stored_same_lifetime_midpoint,diphoton_ecal,After diphoton ECAL requirement,0.3,44.25045011669211,alp_photon_combined,"ALP-photon, primary + cascade",combined,45,194.78975783256428,224.93906852930118,0.00013087096872186108,4.3407615530004606e-06,9.762040696622098e-08,1977.2001371944814,368.4925027417885,2280.4967418337565,0.16158431449697325,357283.49078724755,804667,cbefba2fc5322f6a31f4f5a48d8d340a58eb245391184bf43c4df2c5070be82d
production,stored_same_lifetime_midpoint,diphoton_ecal,After diphoton ECAL requirement,0.3,44.25045011669211,alp_photon_combined,"ALP-photon, primary + cascade",combined,46,224.93906852930118,259.7548511473678,7.015510223271281e-05,2.0150373467781225e-06,5.7387775386948726e-08,1232.898771692162,368.4925027417885,2280.4967418337565,0.16158431449697325,357283.49078724755,804667,cbefba2fc5322f6a31f4f5a48d8d340a58eb245391184bf43c4df2c5070be82d
production,stored_same_lifetime_midpoint,diphoton_ecal,After diphoton ECAL requirement,0.3,44.25045011669211,alp_photon_combined,"ALP-photon, primary + cascade",combined,47,259.7548511473678,299.95937626905464,3.579619140826988e-05,8.903522998947433e-07,3.3094759915116435e-08,723.7778698431424,368.4925027417885,2280.4967418337565,0.16158431449697325,357283.49078724755,804667,cbefba2fc5322f6a31f4f5a48d8d340a58eb245391184bf43c4df2c5070be82d
production,stored_same_lifetime_midpoint,diphoton_ecal,After diphoton ECAL requirement,0.3,44.25045011669211,alp_photon_combined,"ALP-photon, primary + cascade",combined,48,299.95937626905464,346.38670659773004,9.728761011358143e-06,2.095481463716484e-07,1.3919582806189972e-08,226.6288573716856,368.4925027417885,2280.4967418337565,0.16158431449697325,357283.49078724755,804667,cbefba2fc5322f6a31f4f5a48d8d340a58eb245391184bf43c4df2c5070be82d
production,stored_same_lifetime_midpoint,diphoton_ecal,After diphoton ECAL requirement,0.3,44.25045011669211,alp_photon_combined,"ALP-photon, primary + cascade",combined,49,346.38670659773004,400.0,6.175688089088904e-07,1.1518949307500347e-08,2.8801243339534947e-09,15.995700395875776,368.4925027417885,2280.4967418337565,0.16158431449697325,357283.49078724755,804667,cbefba2fc5322f6a31f4f5a48d8d340a58eb245391184bf43c4df2c5070be82d
production,stored_same_lifetime_midpoint,diphoton_ecal,After diphoton ECAL requirement,0.3,44.25045011669211,alp_su2l,ALP-$SU(2)_L$,inclusive,0,0.3,0.3464336180180258,0.0,0.0,0.0,0.0,1518.9761914141081,2165.9089709044742,0.7013111870439275,394872.9029607436,461971,a588c09e5db95159ccbafc38c8e7073a7b3fd4b3362a1ead4e46277806057723
production,stored_same_lifetime_midpoint,diphoton_ecal,After diphoton ECAL requirement,0.3,44.25045011669211,alp_su2l,ALP-$SU(2)_L$,inclusive,1,0.3464336180180258,0.4000541723101981,0.0,0.0,0.0,0.0,1518.9761914141081,2165.9089709044742,0.7013111870439275,394872.9029607436,461971,a588c09e5db95159ccbafc38c8e7073a7b3fd4b3362a1ead4e46277806057723
production,stored_same_lifetime_midpoint,diphoton_ecal,After diphoton ECAL requirement,0.3,44.25045011669211,alp_su2l,ALP-$SU(2)_L$,inclusive,2,0.4000541723101981,0.4619740477220955,0.0,0.0,0.0,0.0,1518.9761914141081,2165.9089709044742,0.7013111870439275,394872.9029607436,461971,a588c09e5db95159ccbafc38c8e7073a7b3fd4b3362a1ead4e46277806057723
production,stored_same_lifetime_midpoint,diphoton_ecal,After diphoton ECAL requirement,0.3,44.25045011669211,alp_su2l,ALP-$SU(2)_L$,inclusive,3,0.4619740477220955,0.5334778026093256,0.0,0.0,0.0,0.0,1518.9761914141081,2165.9089709044742,0.7013111870439275,394872.9029607436,461971,a588c09e5db95159ccbafc38c8e7073a7b3fd4b3362a1ead4e46277806057723
production,stored_same_lifetime_midpoint,diphoton_ecal,After diphoton ECAL requirement,0.3,44.25045011669211,alp_su2l,ALP-$SU(2)_L$,inclusive,4,0.5334778026093256,0.6160488176341831,0.0,0.0,0.0,0.0,1518.9761914141081,2165.9089709044742,0.7013111870439275,394872.9029607436,461971,a588c09e5db95159ccbafc38c8e7073a7b3fd4b3362a1ead4e46277806057723
production,stored_same_lifetime_midpoint,diphoton_ecal,After diphoton ECAL requirement,0.3,44.25045011669211,alp_su2l,ALP-$SU(2)_L$,inclusive,5,0.6160488176341831,0.7114000692291235,0.0,0.0,0.0,0.0,1518.9761914141081,2165.9089709044742,0.7013111870439275,394872.9029607436,461971,a588c09e5db95159ccbafc38c8e7073a7b3fd4b3362a1ead4e46277806057723
production,stored_same_lifetime_midpoint,diphoton_ecal,After diphoton ECAL requirement,0.3,44.25045011669211,alp_su2l,ALP-$SU(2)_L$,inclusive,6,0.7114000692291235,0.8215096661377309,0.0,0.0,0.0,0.0,1518.9761914141081,2165.9089709044742,0.7013111870439275,394872.9029607436,461971,a588c09e5db95159ccbafc38c8e7073a7b3fd4b3362a1ead4e46277806057723
production,stored_same_lifetime_midpoint,diphoton_ecal,After diphoton ECAL requirement,0.3,44.25045011669211,alp_su2l,ALP-$SU(2)_L$,inclusive,7,0.8215096661377309,0.9486618862562488,0.0,0.0,0.0,0.0,1518.9761914141081,2165.9089709044742,0.7013111870439275,394872.9029607436,461971,a588c09e5db95159ccbafc38c8e7073a7b3fd4b3362a1ead4e46277806057723
production,stored_same_lifetime_midpoint,diphoton_ecal,After diphoton ECAL requirement,0.3,44.25045011669211,alp_su2l,ALP-$SU(2)_L$,inclusive,8,0.9486618862562488,1.0954945651051906,0.0,0.0,0.0,0.0,1518.9761914141081,2165.9089709044742,0.7013111870439275,394872.9029607436,461971,a588c09e5db95159ccbafc38c8e7073a7b3fd4b3362a1ead4e46277806057723
production,stored_same_lifetime_midpoint,diphoton_ecal,After diphoton ECAL requirement,0.3,44.25045011669211,alp_su2l,ALP-$SU(2)_L$,inclusive,9,1.0954945651051906,1.2650538190282499,0.0,0.0,0.0,0.0,1518.9761914141081,2165.9089709044742,0.7013111870439275,394872.9029607436,461971,a588c09e5db95159ccbafc38c8e7073a7b3fd4b3362a1ead4e46277806057723
production,stored_same_lifetime_midpoint,diphoton_ecal,After diphoton ECAL requirement,0.3,44.25045011669211,alp_su2l,ALP-$SU(2)_L$,inclusive,10,1.2650538190282499,1.460857238378258,0.0,0.0,0.0,0.0,1518.9761914141081,2165.9089709044742,0.7013111870439275,394872.9029607436,461971,a588c09e5db95159ccbafc38c8e7073a7b3fd4b3362a1ead4e46277806057723
production,stored_same_lifetime_midpoint,diphoton_ecal,After diphoton ECAL requirement,0.3,44.25045011669211,alp_su2l,ALP-$SU(2)_L$,inclusive,11,1.460857238378258,1.6869668616640054,0.0,0.0,0.0,0.0,1518.9761914141081,2165.9089709044742,0.7013111870439275,394872.9029607436,461971,a588c09e5db95159ccbafc38c8e7073a7b3fd4b3362a1ead4e46277806057723
production,stored_same_lifetime_midpoint,diphoton_ecal,After diphoton ECAL requirement,0.3,44.25045011669211,alp_su2l,ALP-$SU(2)_L$,inclusive,12,1.6869668616640054,1.9480734445425867,0.0,0.0,0.0,0.0,1518.9761914141081,2165.9089709044742,0.7013111870439275,394872.9029607436,461971,a588c09e5db95159ccbafc38c8e7073a7b3fd4b3362a1ead4e46277806057723
production,stored_same_lifetime_midpoint,diphoton_ecal,After diphoton ECAL requirement,0.3,44.25045011669211,alp_su2l,ALP-$SU(2)_L$,inclusive,13,1.9480734445425867,2.2495937718590873,0.0,0.0,0.0,0.0,1518.9761914141081,2165.9089709044742,0.7013111870439275,394872.9029607436,461971,a588c09e5db95159ccbafc38c8e7073a7b3fd4b3362a1ead4e46277806057723
production,stored_same_lifetime_midpoint,diphoton_ecal,After diphoton ECAL requirement,0.3,44.25045011669211,alp_su2l,ALP-$SU(2)_L$,inclusive,14,2.2495937718590873,2.5977830315198704,0.0,0.0,0.0,0.0,1518.9761914141081,2165.9089709044742,0.7013111870439275,394872.9029607436,461971,a588c09e5db95159ccbafc38c8e7073a7b3fd4b3362a1ead4e46277806057723
production,stored_same_lifetime_midpoint,diphoton_ecal,After diphoton ECAL requirement,0.3,44.25045011669211,alp_su2l,ALP-$SU(2)_L$,inclusive,15,2.5977830315198704,2.99986458145088,0.0,0.0,0.0,0.0,1518.9761914141081,2165.9089709044742,0.7013111870439275,394872.9029607436,461971,a588c09e5db95159ccbafc38c8e7073a7b3fd4b3362a1ead4e46277806057723
production,stored_same_lifetime_midpoint,diphoton_ecal,After diphoton ECAL requirement,0.3,44.25045011669211,alp_su2l,ALP-$SU(2)_L$,inclusive,16,2.99986458145088,3.4641798017205296,0.0,0.0,0.0,0.0,1518.9761914141081,2165.9089709044742,0.7013111870439275,394872.9029607436,461971,a588c09e5db95159ccbafc38c8e7073a7b3fd4b3362a1ead4e46277806057723
production,stored_same_lifetime_midpoint,diphoton_ecal,After diphoton ECAL requirement,0.3,44.25045011669211,alp_su2l,ALP-$SU(2)_L$,inclusive,17,3.4641798017205296,4.00036114058337,0.0,0.0,0.0,0.0,1518.9761914141081,2165.9089709044742,0.7013111870439275,394872.9029607436,461971,a588c09e5db95159ccbafc38c8e7073a7b3fd4b3362a1ead4e46277806057723
production,stored_same_lifetime_midpoint,diphoton_ecal,After diphoton ECAL requirement,0.3,44.25045011669211,alp_su2l,ALP-$SU(2)_L$,inclusive,18,4.00036114058337,4.619531944370044,0.0,0.0,0.0,0.0,1518.9761914141081,2165.9089709044742,0.7013111870439275,394872.9029607436,461971,a588c09e5db95159ccbafc38c8e7073a7b3fd4b3362a1ead4e46277806057723
production,stored_same_lifetime_midpoint,diphoton_ecal,After diphoton ECAL requirement,0.3,44.25045011669211,alp_su2l,ALP-$SU(2)_L$,inclusive,19,4.619531944370044,5.334537216793201,0.0,0.0,0.0,0.0,1518.9761914141081,2165.9089709044742,0.7013111870439275,394872.9029607436,461971,a588c09e5db95159ccbafc38c8e7073a7b3fd4b3362a1ead4e46277806057723
production,stored_same_lifetime_midpoint,diphoton_ecal,After diphoton ECAL requirement,0.3,44.25045011669211,alp_su2l,ALP-$SU(2)_L$,inclusive,20,5.334537216793201,6.160210094884928,0.0,0.0,0.0,0.0,1518.9761914141081,2165.9089709044742,0.7013111870439275,394872.9029607436,461971,a588c09e5db95159ccbafc38c8e7073a7b3fd4b3362a1ead4e46277806057723
production,stored_same_lifetime_midpoint,diphoton_ecal,After diphoton ECAL requirement,0.3,44.25045011669211,alp_su2l,ALP-$SU(2)_L$,inclusive,21,6.160210094884928,7.113679569740505,0.0,0.0,0.0,0.0,1518.9761914141081,2165.9089709044742,0.7013111870439275,394872.9029607436,461971,a588c09e5db95159ccbafc38c8e7073a7b3fd4b3362a1ead4e46277806057723
production,stored_same_lifetime_midpoint,diphoton_ecal,After diphoton ECAL requirement,0.3,44.25045011669211,alp_su2l,ALP-$SU(2)_L$,inclusive,22,7.113679569740505,8.214725835887057,0.0,0.0,0.0,0.0,1518.9761914141081,2165.9089709044742,0.7013111870439275,394872.9029607436,461971,a588c09e5db95159ccbafc38c8e7073a7b3fd4b3362a1ead4e46277806057723
production,stored_same_lifetime_midpoint,diphoton_ecal,After diphoton ECAL requirement,0.3,44.25045011669211,alp_su2l,ALP-$SU(2)_L$,inclusive,23,8.214725835887057,9.486190641175014,0.0,0.0,0.0,0.0,1518.9761914141081,2165.9089709044742,0.7013111870439275,394872.9029607436,461971,a588c09e5db95159ccbafc38c8e7073a7b3fd4b3362a1ead4e46277806057723
production,stored_same_lifetime_midpoint,diphoton_ecal,After diphoton ECAL requirement,0.3,44.25045011669211,alp_su2l,ALP-$SU(2)_L$,inclusive,24,9.486190641175014,10.95445115010332,0.0,0.0,0.0,0.0,1518.9761914141081,2165.9089709044742,0.7013111870439275,394872.9029607436,461971,a588c09e5db95159ccbafc38c8e7073a7b3fd4b3362a1ead4e46277806057723
production,stored_same_lifetime_midpoint,diphoton_ecal,After diphoton ECAL requirement,0.3,44.25045011669211,alp_su2l,ALP-$SU(2)_L$,inclusive,25,10.95445115010332,12.649967151106729,0.0,0.0,0.0,0.0,1518.9761914141081,2165.9089709044742,0.7013111870439275,394872.9029607436,461971,a588c09e5db95159ccbafc38c8e7073a7b3fd4b3362a1ead4e46277806057723
production,stored_same_lifetime_midpoint,diphoton_ecal,After diphoton ECAL requirement,0.3,44.25045011669211,alp_su2l,ALP-$SU(2)_L$,inclusive,26,12.649967151106729,14.607912959890275,0.0,0.0,0.0,0.0,1518.9761914141081,2165.9089709044742,0.7013111870439275,394872.9029607436,461971,a588c09e5db95159ccbafc38c8e7073a7b3fd4b3362a1ead4e46277806057723
production,stored_same_lifetime_midpoint,diphoton_ecal,After diphoton ECAL requirement,0.3,44.25045011669211,alp_su2l,ALP-$SU(2)_L$,inclusive,27,14.607912959890275,16.86890712795732,1.9814237030740925e-05,8.763506474534772e-06,6.197208702204031e-06,1.9996941661993013,1518.9761914141081,2165.9089709044742,0.7013111870439275,394872.9029607436,461971,a588c09e5db95159ccbafc38c8e7073a7b3fd4b3362a1ead4e46277806057723
production,stored_same_lifetime_midpoint,diphoton_ecal,After diphoton ECAL requirement,0.3,44.25045011669211,alp_su2l,ALP-$SU(2)_L$,inclusive,28,16.86890712795732,19.479855094494404,0.00014963369467369222,5.731010215119391e-05,1.3907154715589018e-05,16.981880982266045,1518.9761914141081,2165.9089709044742,0.7013111870439275,394872.9029607436,461971,a588c09e5db95159ccbafc38c8e7073a7b3fd4b3362a1ead4e46277806057723
production,stored_same_lifetime_midpoint,diphoton_ecal,After diphoton ECAL requirement,0.3,44.25045011669211,alp_su2l,ALP-$SU(2)_L$,inclusive,29,19.479855094494404,22.494922262841893,0.0007063974540935451,0.00023428912679272432,2.4445103981568565e-05,91.85874117211985,1518.9761914141081,2165.9089709044742,0.7013111870439275,394872.9029607436,461971,a588c09e5db95159ccbafc38c8e7073a7b3fd4b3362a1ead4e46277806057723
production,stored_same_lifetime_midpoint,diphoton_ecal,After diphoton ECAL requirement,0.3,44.25045011669211,alp_su2l,ALP-$SU(2)_L$,inclusive,30,22.494922262841893,25.976657688501856,0.0030076650700648793,0.0008638407869531834,4.084251475238445e-05,447.34487102444695,1518.9761914141081,2165.9089709044742,0.7013111870439275,394872.9029607436,461971,a588c09e5db95159ccbafc38c8e7073a7b3fd4b3362a1ead4e46277806057723
production,stored_same_lifetime_midpoint,diphoton_ecal,After diphoton ECAL requirement,0.3,44.25045011669211,alp_su2l,ALP-$SU(2)_L$,inclusive,31,25.976657688501856,29.99729169014488,0.009864707285243114,0.0024535203356515216,5.985390784995951e-05,1680.3289217026743,1518.9761914141081,2165.9089709044742,0.7013111870439275,394872.9029607436,461971,a588c09e5db95159ccbafc38c8e7073a7b3fd4b3362a1ead4e46277806057723
production,stored_same_lifetime_midpoint,diphoton_ecal,After diphoton ECAL requirement,0.3,44.25045011669211,alp_su2l,ALP-$SU(2)_L$,inclusive,32,29.99729169014488,34.64023430319652,0.02293229581953966,0.004939172789918908,7.368863377740552e-05,4492.70010873321,1518.9761914141081,2165.9089709044742,0.7013111870439275,394872.9029607436,461971,a588c09e5db95159ccbafc38c8e7073a7b3fd4b3362a1ead4e46277806057723
production,stored_same_lifetime_midpoint,diphoton_ecal,After diphoton ECAL requirement,0.3,44.25045011669211,alp_su2l,ALP-$SU(2)_L$,inclusive,33,34.64023430319652,40.00180566216164,0.0417305676741817,0.007783271895543043,8.027714886670812e-05,9400.274264588861,1518.9761914141081,2165.9089709044742,0.7013111870439275,394872.9029607436,461971,a588c09e5db95159ccbafc38c8e7073a7b3fd4b3362a1ead4e46277806057723
production,stored_same_lifetime_midpoint,diphoton_ecal,After diphoton ECAL requirement,0.3,44.25045011669211,alp_su2l,ALP-$SU(2)_L$,inclusive,34,40.00180566216164,46.19323420932204,0.06801280615960142,0.010984994115904697,8.271354050679635e-05,17637.882103987366,1518.9761914141081,2165.9089709044742,0.7013111870439275,394872.9029607436,461971,a588c09e5db95159ccbafc38c8e7073a7b3fd4b3362a1ead4e46277806057723
production,stored_same_lifetime_midpoint,diphoton_ecal,After diphoton ECAL requirement,0.3,44.25045011669211,alp_su2l,ALP-$SU(2)_L$,inclusive,35,46.19323420932204,53.3429641836316,0.09347598909167125,0.0130740586606137,7.827165776591531e-05,27900.487662030646,1518.9761914141081,2165.9089709044742,0.7013111870439275,394872.9029607436,461971,a588c09e5db95159ccbafc38c8e7073a7b3fd4b3362a1ead4e46277806057723
production,stored_same_lifetime_midpoint,diphoton_ecal,After diphoton ECAL requirement,0.3,44.25045011669211,alp_su2l,ALP-$SU(2)_L$,inclusive,36,53.3429641836316,61.59932025980484,0.11789642676437766,0.014279474586205319,7.091700631234066e-05,40543.72688323967,1518.9761914141081,2165.9089709044742,0.7013111870439275,394872.9029607436,461971,a588c09e5db95159ccbafc38c8e7073a7b3fd4b3362a1ead4e46277806057723
production,stored_same_lifetime_midpoint,diphoton_ecal,After diphoton ECAL requirement,0.3,44.25045011669211,alp_su2l,ALP-$SU(2)_L$,inclusive,37,61.59932025980484,71.13358461685092,0.13425619399661737,0.014081442360825494,6.104640220501262e-05,53207.65712911988,1518.9761914141081,2165.9089709044742,0.7013111870439275,394872.9029607436,461971,a588c09e5db95159ccbafc38c8e7073a7b3fd4b3362a1ead4e46277806057723
production,stored_same_lifetime_midpoint,diphoton_ecal,After diphoton ECAL requirement,0.3,44.25045011669211,alp_su2l,ALP-$SU(2)_L$,inclusive,38,71.13358461685092,82.14355027135687,0.1359536819523407,0.012348238515775949,4.955205968747735e-05,62099.28459333685,1518.9761914141081,2165.9089709044742,0.7013111870439275,394872.9029607436,461971,a588c09e5db95159ccbafc38c8e7073a7b3fd4b3362a1ead4e46277806057723
production,stored_same_lifetime_midpoint,diphoton_ecal,After diphoton ECAL requirement,0.3,44.25045011669211,alp_su2l,ALP-$SU(2)_L$,inclusive,39,82.14355027135687,94.85762439117252,0.12393563667109415,0.009747908931719456,3.816759049385949e-05,65227.90627336889,1518.9761914141081,2165.9089709044742,0.7013111870439275,394872.9029607436,461971,a588c09e5db95159ccbafc38c8e7073a7b3fd4b3362a1ead4e46277806057723
production,stored_same_lifetime_midpoint,diphoton_ecal,After diphoton ECAL requirement,0.3,44.25045011669211,alp_su2l,ALP-$SU(2)_L$,inclusive,40,94.85762439117252,109.53956671476264,0.09999724547531831,0.0068109003067426815,2.766026511703138e-05,60631.22879608345,1518.9761914141081,2165.9089709044742,0.7013111870439275,394872.9029607436,461971,a588c09e5db95159ccbafc38c8e7073a7b3fd4b3362a1ead4e46277806057723
production,stored_same_lifetime_midpoint,diphoton_ecal,After diphoton ECAL requirement,0.3,44.25045011669211,alp_su2l,ALP-$SU(2)_L$,inclusive,41,109.53956671476264,126.49396137707384,0.07159774459443122,0.004222960832307952,1.8879817601166115e-05,50030.92337062456,1518.9761914141081,2165.9089709044742,0.7013111870439275,394872.9029607436,461971,a588c09e5db95159ccbafc38c8e7073a7b3fd4b3362a1ead4e46277806057723
production,stored_same_lifetime_midpoint,diphoton_ecal,After diphoton ECAL requirement,0.3,44.25045011669211,alp_su2l,ALP-$SU(2)_L$,inclusive,42,126.49396137707384,146.07253565764043,0.04356193793062105,0.002224980088251881,1.1878608728061154e-05,35084.969474158206,1518.9761914141081,2165.9089709044742,0.7013111870439275,394872.9029607436,461971,a588c09e5db95159ccbafc38c8e7073a7b3fd4b3362a1ead4e46277806057723
production,stored_same_lifetime_midpoint,diphoton_ecal,After diphoton ECAL requirement,0.3,44.25045011669211,alp_su2l,ALP-$SU(2)_L$,inclusive,43,146.07253565764043,168.68145673647828,0.02148009568370209,0.0009500716822709265,6.73352218185346e-06,19908.02407376914,1518.9761914141081,2165.9089709044742,0.7013111870439275,394872.9029607436,461971,a588c09e5db95159ccbafc38c8e7073a7b3fd4b3362a1ead4e46277806057723
production,stored_same_lifetime_midpoint,diphoton_ecal,After diphoton ECAL requirement,0.3,44.25045011669211,alp_su2l,ALP-$SU(2)_L$,inclusive,44,168.68145673647828,194.78975783256428,0.008408092325120659,0.000322046704386336,3.4013528138549146e-06,8964.670950567006,1518.9761914141081,2165.9089709044742,0.7013111870439275,394872.9029607436,461971,a588c09e5db95159ccbafc38c8e7073a7b3fd4b3362a1ead4e46277806057723
production,stored_same_lifetime_midpoint,diphoton_ecal,After diphoton ECAL requirement,0.3,44.25045011669211,alp_su2l,ALP-$SU(2)_L$,inclusive,45,194.78975783256428,224.93906852930118,0.002426647347022969,8.04876559677236e-05,1.4741263548624217e-06,2981.1864452490304,1518.9761914141081,2165.9089709044742,0.7013111870439275,394872.9029607436,461971,a588c09e5db95159ccbafc38c8e7073a7b3fd4b3362a1ead4e46277806057723
production,stored_same_lifetime_midpoint,diphoton_ecal,After diphoton ECAL requirement,0.3,44.25045011669211,alp_su2l,ALP-$SU(2)_L$,inclusive,46,224.93906852930118,259.7548511473678,0.0005124300891628015,1.4718327454655329e-05,5.466635352033805e-07,724.8976815156358,1518.9761914141081,2165.9089709044742,0.7013111870439275,394872.9029607436,461971,a588c09e5db95159ccbafc38c8e7073a7b3fd4b3362a1ead4e46277806057723
production,stored_same_lifetime_midpoint,diphoton_ecal,After diphoton ECAL requirement,0.3,44.25045011669211,alp_su2l,ALP-$SU(2)_L$,inclusive,47,259.7548511473678,299.95937626905464,7.290142416449449e-05,1.8132641523272337e-06,1.670144538282726e-07,117.87291838023712,1518.9761914141081,2165.9089709044742,0.7013111870439275,394872.9029607436,461971,a588c09e5db95159ccbafc38c8e7073a7b3fd4b3362a1ead4e46277806057723
production,stored_same_lifetime_midpoint,diphoton_ecal,After diphoton ECAL requirement,0.3,44.25045011669211,alp_su2l,ALP-$SU(2)_L$,inclusive,48,299.95937626905464,346.38670659773004,1.0892599265113781e-06,2.346161019382601e-08,1.65901339227644e-08,1.999934839596936,1518.9761914141081,2165.9089709044742,0.7013111870439275,394872.9029607436,461971,a588c09e5db95159ccbafc38c8e7073a7b3fd4b3362a1ead4e46277806057723
production,stored_same_lifetime_midpoint,diphoton_ecal,After diphoton ECAL requirement,0.3,44.25045011669211,alp_su2l,ALP-$SU(2)_L$,inclusive,49,346.38670659773004,400.0,0.0,0.0,0.0,0.0,1518.9761914141081,2165.9089709044742,0.7013111870439275,394872.9029607436,461971,a588c09e5db95159ccbafc38c8e7073a7b3fd4b3362a1ead4e46277806057723
production,stored_same_lifetime_midpoint,mother_level,Before ECAL requirement,0.3,44.25045011669211,alp_photon_combined,"ALP-photon, primary + cascade",combined,0,0.3,0.3464336180180258,0.0,0.0,0.0,0.0,2280.4967418337565,2280.4967418337565,1.0,782219.1963986402,1706653,4e65c66cbc3b661385bd716b5139ae799b3c57a89f3c6e0ff883c044062c9376
production,stored_same_lifetime_midpoint,mother_level,Before ECAL requirement,0.3,44.25045011669211,alp_photon_combined,"ALP-photon, primary + cascade",combined,1,0.3464336180180258,0.4000541723101981,3.9417704372908935e-06,7.351230305849949e-05,7.351230305849949e-05,1.0,2280.4967418337565,2280.4967418337565,1.0,782219.1963986402,1706653,4e65c66cbc3b661385bd716b5139ae799b3c57a89f3c6e0ff883c044062c9376
production,stored_same_lifetime_midpoint,mother_level,Before ECAL requirement,0.3,44.25045011669211,alp_photon_combined,"ALP-photon, primary + cascade",combined,2,0.4000541723101981,0.4619740477220955,4.232209557168953e-06,6.834977507651392e-05,6.834977507651391e-05,1.0000000000000002,2280.4967418337565,2280.4967418337565,1.0,782219.1963986402,1706653,4e65c66cbc3b661385bd716b5139ae799b3c57a89f3c6e0ff883c044062c9376
production,stored_same_lifetime_midpoint,mother_level,Before ECAL requirement,0.3,44.25045011669211,alp_photon_combined,"ALP-photon, primary + cascade",combined,3,0.4619740477220955,0.5334778026093256,0.00015314653239925963,0.0021417970656336825,0.0003532439793099023,36.76267471553817,2280.4967418337565,2280.4967418337565,1.0,782219.1963986402,1706653,4e65c66cbc3b661385bd716b5139ae799b3c57a89f3c6e0ff883c044062c9376
production,stored_same_lifetime_midpoint,mother_level,Before ECAL requirement,0.3,44.25045011669211,alp_photon_combined,"ALP-photon, primary + cascade",combined,4,0.5334778026093256,0.6160488176341831,0.0009018927535334088,0.01092263130424036,0.0007240462982491539,227.57359668777826,2280.4967418337565,2280.4967418337565,1.0,782219.1963986402,1706653,4e65c66cbc3b661385bd716b5139ae799b3c57a89f3c6e0ff883c044062c9376
production,stored_same_lifetime_midpoint,mother_level,Before ECAL requirement,0.3,44.25045011669211,alp_photon_combined,"ALP-photon, primary + cascade",combined,5,0.6160488176341831,0.7114000692291235,0.0021582424275329074,0.022634652313755572,0.0009468023748586416,571.5167699295699,2280.4967418337565,2280.4967418337565,1.0,782219.1963986402,1706653,4e65c66cbc3b661385bd716b5139ae799b3c57a89f3c6e0ff883c044062c9376
production,stored_same_lifetime_midpoint,mother_level,Before ECAL requirement,0.3,44.25045011669211,alp_photon_combined,"ALP-photon, primary + cascade",combined,6,0.7114000692291235,0.8215096661377309,0.004981142026944372,0.045238037072089114,0.0011994208783018764,1422.5393730857124,2280.4967418337565,2280.4967418337565,1.0,782219.1963986402,1706653,4e65c66cbc3b661385bd716b5139ae799b3c57a89f3c6e0ff883c044062c9376
production,stored_same_lifetime_midpoint,mother_level,Before ECAL requirement,0.3,44.25045011669211,alp_photon_combined,"ALP-photon, primary + cascade",combined,7,0.8215096661377309,0.9486618862562488,0.010302592799217964,0.08102566191620542,0.0014309305091487418,3206.3290380200588,2280.4967418337565,2280.4967418337565,1.0,782219.1963986402,1706653,4e65c66cbc3b661385bd716b5139ae799b3c57a89f3c6e0ff883c044062c9376
production,stored_same_lifetime_midpoint,mother_level,Before ECAL requirement,0.3,44.25045011669211,alp_photon_combined,"ALP-photon, primary + cascade",combined,8,0.9486618862562488,1.0954945651051906,0.018611132179545724,0.12675061386499967,0.0015908315038549129,6348.2171918566455,2280.4967418337565,2280.4967418337565,1.0,782219.1963986402,1706653,4e65c66cbc3b661385bd716b5139ae799b3c57a89f3c6e0ff883c044062c9376
production,stored_same_lifetime_midpoint,mother_level,Before ECAL requirement,0.3,44.25045011669211,alp_photon_combined,"ALP-photon, primary + cascade",combined,9,1.0954945651051906,1.2650538190282499,0.02987550853728205,0.17619509313740334,0.001661047507655294,11251.83905237431,2280.4967418337565,2280.4967418337565,1.0,782219.1963986402,1706653,4e65c66cbc3b661385bd716b5139ae799b3c57a89f3c6e0ff883c044062c9376
production,stored_same_lifetime_midpoint,mother_level,Before ECAL requirement,0.3,44.25045011669211,alp_photon_combined,"ALP-photon, primary + cascade",combined,10,1.2650538190282499,1.460857238378258,0.04447560051444821,0.22714414621608772,0.001663942630385729,18634.871436770707,2280.4967418337565,2280.4967418337565,1.0,782219.1963986402,1706653,4e65c66cbc3b661385bd716b5139ae799b3c57a89f3c6e0ff883c044062c9376
production,stored_same_lifetime_midpoint,mother_level,Before ECAL requirement,0.3,44.25045011669211,alp_photon_combined,"ALP-photon, primary + cascade",combined,11,1.460857238378258,1.6869668616640054,0.05944050149332409,0.2628835545765596,0.0015763158226867625,27812.521690864218,2280.4967418337565,2280.4967418337565,1.0,782219.1963986402,1706653,4e65c66cbc3b661385bd716b5139ae799b3c57a89f3c6e0ff883c044062c9376
production,stored_same_lifetime_midpoint,mother_level,Before ECAL requirement,0.3,44.25045011669211,alp_photon_combined,"ALP-photon, primary + cascade",combined,12,1.6869668616640054,1.9480734445425867,0.07322633603636014,0.2804461504917766,0.0014292741571545525,38500.6342187755,2280.4967418337565,2280.4967418337565,1.0,782219.1963986402,1706653,4e65c66cbc3b661385bd716b5139ae799b3c57a89f3c6e0ff883c044062c9376
production,stored_same_lifetime_midpoint,mother_level,Before ECAL requirement,0.3,44.25045011669211,alp_photon_combined,"ALP-photon, primary + cascade",combined,13,1.9480734445425867,2.2495937718590873,0.0811086570086688,0.2689989684295164,0.001226597812428746,48094.6598446519,2280.4967418337565,2280.4967418337565,1.0,782219.1963986402,1706653,4e65c66cbc3b661385bd716b5139ae799b3c57a89f3c6e0ff883c044062c9376
production,stored_same_lifetime_midpoint,mother_level,Before ECAL requirement,0.3,44.25045011669211,alp_photon_combined,"ALP-photon, primary + cascade",combined,14,2.2495937718590873,2.5977830315198704,0.08446171079507242,0.24257414165318497,0.0010183080450006227,56745.399369333936,2280.4967418337565,2280.4967418337565,1.0,782219.1963986402,1706653,4e65c66cbc3b661385bd716b5139ae799b3c57a89f3c6e0ff883c044062c9376
production,stored_same_lifetime_midpoint,mother_level,Before ECAL requirement,0.3,44.25045011669211,alp_photon_combined,"ALP-photon, primary + cascade",combined,15,2.5977830315198704,2.99986458145088,0.08109502630076322,0.2016880066112901,0.000809221566438293,62119.11361965092,2280.4967418337565,2280.4967418337565,1.0,782219.1963986402,1706653,4e65c66cbc3b661385bd716b5139ae799b3c57a89f3c6e0ff883c044062c9376
production,stored_same_lifetime_midpoint,mother_level,Before ECAL requirement,0.3,44.25045011669211,alp_photon_combined,"ALP-photon, primary + cascade",combined,16,2.99986458145088,3.4641798017205296,0.07406336305008723,0.1595109525099676,0.0006260367127147336,64920.43365662508,2280.4967418337565,2280.4967418337565,1.0,782219.1963986402,1706653,4e65c66cbc3b661385bd716b5139ae799b3c57a89f3c6e0ff883c044062c9376
production,stored_same_lifetime_midpoint,mother_level,Before ECAL requirement,0.3,44.25045011669211,alp_photon_combined,"ALP-photon, primary + cascade",combined,17,3.4641798017205296,4.00036114058337,0.06661204273445148,0.12423416837990969,0.00047946265017158145,67138.64178493555,2280.4967418337565,2280.4967418337565,1.0,782219.1963986402,1706653,4e65c66cbc3b661385bd716b5139ae799b3c57a89f3c6e0ff883c044062c9376
production,stored_same_lifetime_midpoint,mother_level,Before ECAL requirement,0.3,44.25045011669211,alp_photon_combined,"ALP-photon, primary + cascade",combined,18,4.00036114058337,4.619531944370044,0.06086783586568689,0.09830540376490035,0.0003700996308930403,70553.3238419006,2280.4967418337565,2280.4967418337565,1.0,782219.1963986402,1706653,4e65c66cbc3b661385bd716b5139ae799b3c57a89f3c6e0ff883c044062c9376
production,stored_same_lifetime_midpoint,mother_level,Before ECAL requirement,0.3,44.25045011669211,alp_photon_combined,"ALP-photon, primary + cascade",combined,19,4.619531944370044,5.334537216793201,0.05259959585749585,0.07356532586009538,0.0002767121187553054,70678.93007854318,2280.4967418337565,2280.4967418337565,1.0,782219.1963986402,1706653,4e65c66cbc3b661385bd716b5139ae799b3c57a89f3c6e0ff883c044062c9376
production,stored_same_lifetime_midpoint,mother_level,Before ECAL requirement,0.3,44.25045011669211,alp_photon_combined,"ALP-photon, primary + cascade",combined,20,5.334537216793201,6.160210094884928,0.04582352102863717,0.055498396816113536,0.00020728297997751538,71685.8746412466,2280.4967418337565,2280.4967418337565,1.0,782219.1963986402,1706653,4e65c66cbc3b661385bd716b5139ae799b3c57a89f3c6e0ff883c044062c9376
production,stored_same_lifetime_midpoint,mother_level,Before ECAL requirement,0.3,44.25045011669211,alp_photon_combined,"ALP-photon, primary + cascade",combined,21,6.160210094884928,7.113679569740505,0.03725890510933651,0.03907718714852423,0.0001490408010244184,68744.22774631815,2280.4967418337565,2280.4967418337565,1.0,782219.1963986402,1706653,4e65c66cbc3b661385bd716b5139ae799b3c57a89f3c6e0ff883c044062c9376
production,stored_same_lifetime_midpoint,mother_level,Before ECAL requirement,0.3,44.25045011669211,alp_photon_combined,"ALP-photon, primary + cascade",combined,22,7.113679569740505,8.214725835887057,0.03185473791823569,0.02893133458389635,0.00011023089741981143,68885.88612468027,2280.4967418337565,2280.4967418337565,1.0,782219.1963986402,1706653,4e65c66cbc3b661385bd716b5139ae799b3c57a89f3c6e0ff883c044062c9376
production,stored_same_lifetime_midpoint,mother_level,Before ECAL requirement,0.3,44.25045011669211,alp_photon_combined,"ALP-photon, primary + cascade",combined,23,8.214725835887057,9.486190641175014,0.02702765108301915,0.021257097302742892,8.106926642422015e-05,68753.5986418219,2280.4967418337565,2280.4967418337565,1.0,782219.1963986402,1706653,4e65c66cbc3b661385bd716b5139ae799b3c57a89f3c6e0ff883c044062c9376
production,stored_same_lifetime_midpoint,mother_level,Before ECAL requirement,0.3,44.25045011669211,alp_photon_combined,"ALP-photon, primary + cascade",combined,24,9.486190641175014,10.95445115010332,0.022314422472209057,0.015197863278701481,5.867801522405879e-05,67083.27173678663,2280.4967418337565,2280.4967418337565,1.0,782219.1963986402,1706653,4e65c66cbc3b661385bd716b5139ae799b3c57a89f3c6e0ff883c044062c9376
production,stored_same_lifetime_midpoint,mother_level,Before ECAL requirement,0.3,44.25045011669211,alp_photon_combined,"ALP-photon, primary + cascade",combined,25,10.95445115010332,12.649967151106729,0.01848637798497724,0.010903098510445776,4.248628107153991e-05,65857.07474371533,2280.4967418337565,2280.4967418337565,1.0,782219.1963986402,1706653,4e65c66cbc3b661385bd716b5139ae799b3c57a89f3c6e0ff883c044062c9376
production,stored_same_lifetime_midpoint,mother_level,Before ECAL requirement,0.3,44.25045011669211,alp_photon_combined,"ALP-photon, primary + cascade",combined,26,12.649967151106729,14.607912959890275,0.015276325965403369,0.0078022210302615145,3.056226192101383e-05,65172.669763513484,2280.4967418337565,2280.4967418337565,1.0,782219.1963986402,1706653,4e65c66cbc3b661385bd716b5139ae799b3c57a89f3c6e0ff883c044062c9376
production,stored_same_lifetime_midpoint,mother_level,Before ECAL requirement,0.3,44.25045011669211,alp_photon_combined,"ALP-photon, primary + cascade",combined,27,14.607912959890275,16.86890712795732,0.012452122841956452,0.00550736619219232,2.1928122180370158e-05,63079.03253778336,2280.4967418337565,2280.4967418337565,1.0,782219.1963986402,1706653,4e65c66cbc3b661385bd716b5139ae799b3c57a89f3c6e0ff883c044062c9376
production,stored_same_lifetime_midpoint,mother_level,Before ECAL requirement,0.3,44.25045011669211,alp_photon_combined,"ALP-photon, primary + cascade",combined,28,16.86890712795732,19.479855094494404,0.01015573102247767,0.003889671932431224,1.5726902949117218e-05,61170.148188738094,2280.4967418337565,2280.4967418337565,1.0,782219.1963986402,1706653,4e65c66cbc3b661385bd716b5139ae799b3c57a89f3c6e0ff883c044062c9376
production,stored_same_lifetime_midpoint,mother_level,Before ECAL requirement,0.3,44.25045011669211,alp_photon_combined,"ALP-photon, primary + cascade",combined,29,19.479855094494404,22.494922262841893,0.008206136780589965,0.002721709442077743,1.1281346724289712e-05,58205.178515115,2280.4967418337565,2280.4967418337565,1.0,782219.1963986402,1706653,4e65c66cbc3b661385bd716b5139ae799b3c57a89f3c6e0ff883c044062c9376
production,stored_same_lifetime_midpoint,mother_level,Before ECAL requirement,0.3,44.25045011669211,alp_photon_combined,"ALP-photon, primary + cascade",combined,30,22.494922262841893,25.976657688501856,0.006575635568196211,0.0018886086288276197,8.003685858471268e-06,55680.595370693154,2280.4967418337565,2280.4967418337565,1.0,782219.1963986402,1706653,4e65c66cbc3b661385bd716b5139ae799b3c57a89f3c6e0ff883c044062c9376
production,stored_same_lifetime_midpoint,mother_level,Before ECAL requirement,0.3,44.25045011669211,alp_photon_combined,"ALP-photon, primary + cascade",combined,31,25.976657688501856,29.99729169014488,0.005147358068896777,0.0012802354222725366,5.651217694166194e-06,51321.05835854059,2280.4967418337565,2280.4967418337565,1.0,782219.1963986402,1706653,4e65c66cbc3b661385bd716b5139ae799b3c57a89f3c6e0ff883c044062c9376
production,stored_same_lifetime_midpoint,mother_level,Before ECAL requirement,0.3,44.25045011669211,alp_photon_combined,"ALP-photon, primary + cascade",combined,32,29.99729169014488,34.64023430319652,0.0038542947577523494,0.0008301405119498254,3.886623547129856e-06,45620.31314376481,2280.4967418337565,2280.4967418337565,1.0,782219.1963986402,1706653,4e65c66cbc3b661385bd716b5139ae799b3c57a89f3c6e0ff883c044062c9376
production,stored_same_lifetime_midpoint,mother_level,Before ECAL requirement,0.3,44.25045011669211,alp_photon_combined,"ALP-photon, primary + cascade",combined,33,34.64023430319652,40.00180566216164,0.0030014728618437264,0.0005598121634294666,2.7290926687602e-06,42077.32237660489,2280.4967418337565,2280.4967418337565,1.0,782219.1963986402,1706653,4e65c66cbc3b661385bd716b5139ae799b3c57a89f3c6e0ff883c044062c9376
production,stored_same_lifetime_midpoint,mother_level,Before ECAL requirement,0.3,44.25045011669211,alp_photon_combined,"ALP-photon, primary + cascade",combined,34,40.00180566216164,46.19323420932204,0.002268922869292856,0.0003664619323327989,1.9002714297156624e-06,37190.0238488289,2280.4967418337565,2280.4967418337565,1.0,782219.1963986402,1706653,4e65c66cbc3b661385bd716b5139ae799b3c57a89f3c6e0ff883c044062c9376
production,stored_same_lifetime_midpoint,mother_level,Before ECAL requirement,0.3,44.25045011669211,alp_photon_combined,"ALP-photon, primary + cascade",combined,35,46.19323420932204,53.3429641836316,0.0016679126023608575,0.00023328329997832206,1.3001509339509735e-06,32194.357005591326,2280.4967418337565,2280.4967418337565,1.0,782219.1963986402,1706653,4e65c66cbc3b661385bd716b5139ae799b3c57a89f3c6e0ff883c044062c9376
production,stored_same_lifetime_midpoint,mother_level,Before ECAL requirement,0.3,44.25045011669211,alp_photon_combined,"ALP-photon, primary + cascade",combined,36,53.3429641836316,61.59932025980484,0.0012149648545300637,0.00014715509400524678,8.838171949841238e-07,27722.07330814323,2280.4967418337565,2280.4967418337565,1.0,782219.1963986402,1706653,4e65c66cbc3b661385bd716b5139ae799b3c57a89f3c6e0ff883c044062c9376
production,stored_same_lifetime_midpoint,mother_level,Before ECAL requirement,0.3,44.25045011669211,alp_photon_combined,"ALP-photon, primary + cascade",combined,37,61.59932025980484,71.13358461685092,0.0008478976710964928,8.89316301021036e-05,5.914570118989978e-07,22608.207794460603,2280.4967418337565,2280.4967418337565,1.0,782219.1963986402,1706653,4e65c66cbc3b661385bd716b5139ae799b3c57a89f3c6e0ff883c044062c9376
production,stored_same_lifetime_midpoint,mother_level,Before ECAL requirement,0.3,44.25045011669211,alp_photon_combined,"ALP-photon, primary + cascade",combined,38,71.13358461685092,82.14355027135687,0.0005641239210552128,5.1237573191187843e-05,3.8723327298866185e-07,17507.807767047627,2280.4967418337565,2280.4967418337565,1.0,782219.1963986402,1706653,4e65c66cbc3b661385bd716b5139ae799b3c57a89f3c6e0ff883c044062c9376
production,stored_same_lifetime_midpoint,mother_level,Before ECAL requirement,0.3,44.25045011669211,alp_photon_combined,"ALP-photon, primary + cascade",combined,39,82.14355027135687,94.85762439117252,0.00039411877901438034,3.0998622101795246e-05,2.588189430905958e-07,14344.739328661013,2280.4967418337565,2280.4967418337565,1.0,782219.1963986402,1706653,4e65c66cbc3b661385bd716b5139ae799b3c57a89f3c6e0ff883c044062c9376
production,stored_same_lifetime_midpoint,mother_level,Before ECAL requirement,0.3,44.25045011669211,alp_photon_combined,"ALP-photon, primary + cascade",combined,40,94.85762439117252,109.53956671476264,0.00025948335785312964,1.7673639640731073e-05,1.6787366408219768e-07,11083.753331618342,2280.4967418337565,2280.4967418337565,1.0,782219.1963986402,1706653,4e65c66cbc3b661385bd716b5139ae799b3c57a89f3c6e0ff883c044062c9376
production,stored_same_lifetime_midpoint,mother_level,Before ECAL requirement,0.3,44.25045011669211,alp_photon_combined,"ALP-photon, primary + cascade",combined,41,109.53956671476264,126.49396137707384,0.00017418549403203218,1.027376662519471e-05,1.0995483922082513e-07,8730.330739007306,2280.4967418337565,2280.4967418337565,1.0,782219.1963986402,1706653,4e65c66cbc3b661385bd716b5139ae799b3c57a89f3c6e0ff883c044062c9376
production,stored_same_lifetime_midpoint,mother_level,Before ECAL requirement,0.3,44.25045011669211,alp_photon_combined,"ALP-photon, primary + cascade",combined,42,126.49396137707384,146.07253565764043,9.672151986586151e-05,4.940171765309077e-06,6.574704925324922e-08,5645.878992871291,2280.4967418337565,2280.4967418337565,1.0,782219.1963986402,1706653,4e65c66cbc3b661385bd716b5139ae799b3c57a89f3c6e0ff883c044062c9376
production,stored_same_lifetime_midpoint,mother_level,Before ECAL requirement,0.3,44.25045011669211,alp_photon_combined,"ALP-photon, primary + cascade",combined,43,146.07253565764043,168.68145673647828,5.843401384054402e-05,2.5845556113351542e-06,4.101594847332492e-08,3970.6924013159605,2280.4967418337565,2280.4967418337565,1.0,782219.1963986402,1706653,4e65c66cbc3b661385bd716b5139ae799b3c57a89f3c6e0ff883c044062c9376
production,stored_same_lifetime_midpoint,mother_level,Before ECAL requirement,0.3,44.25045011669211,alp_photon_combined,"ALP-photon, primary + cascade",combined,44,168.68145673647828,194.78975783256428,3.604206787288387e-05,1.3804830785518667e-06,2.5893944182853147e-08,2842.272807897659,2280.4967418337565,2280.4967418337565,1.0,782219.1963986402,1706653,4e65c66cbc3b661385bd716b5139ae799b3c57a89f3c6e0ff883c044062c9376
production,stored_same_lifetime_midpoint,mother_level,Before ECAL requirement,0.3,44.25045011669211,alp_photon_combined,"ALP-photon, primary + cascade",combined,45,194.78975783256428,224.93906852930118,2.1178224414532336e-05,7.024447300821534e-07,1.5785499685378472e-08,1980.1935861831992,2280.4967418337565,2280.4967418337565,1.0,782219.1963986402,1706653,4e65c66cbc3b661385bd716b5139ae799b3c57a89f3c6e0ff883c044062c9376
production,stored_same_lifetime_midpoint,mother_level,Before ECAL requirement,0.3,44.25045011669211,alp_photon_combined,"ALP-photon, primary + cascade",combined,46,224.93906852930118,259.7548511473678,1.1364360769399621e-05,3.264140546276971e-07,9.28492932416964e-09,1235.8919282134189,2280.4967418337565,2280.4967418337565,1.0,782219.1963986402,1706653,4e65c66cbc3b661385bd716b5139ae799b3c57a89f3c6e0ff883c044062c9376
production,stored_same_lifetime_midpoint,mother_level,Before ECAL requirement,0.3,44.25045011669211,alp_photon_combined,"ALP-photon, primary + cascade",combined,47,259.7548511473678,299.95937626905464,5.7841030503825905e-06,1.438669660411576e-07,5.347594089386685e-09,723.7778711989135,2280.4967418337565,2280.4967418337565,1.0,782219.1963986402,1706653,4e65c66cbc3b661385bd716b5139ae799b3c57a89f3c6e0ff883c044062c9376
production,stored_same_lifetime_midpoint,mother_level,Before ECAL requirement,0.3,44.25045011669211,alp_photon_combined,"ALP-photon, primary + cascade",combined,48,299.95937626905464,346.38670659773004,1.5720151787008746e-06,3.3859693580742774e-08,2.2491862458220933e-09,226.62885730700384,2280.4967418337565,2280.4967418337565,1.0,782219.1963986402,1706653,4e65c66cbc3b661385bd716b5139ae799b3c57a89f3c6e0ff883c044062c9376
production,stored_same_lifetime_midpoint,mother_level,Before ECAL requirement,0.3,44.25045011669211,alp_photon_combined,"ALP-photon, primary + cascade",combined,49,346.38670659773004,400.0,9.978943284166387e-08,1.8612815312972144e-09,4.653829361162346e-10,15.995699088515432,2280.4967418337565,2280.4967418337565,1.0,782219.1963986402,1706653,4e65c66cbc3b661385bd716b5139ae799b3c57a89f3c6e0ff883c044062c9376
production,stored_same_lifetime_midpoint,mother_level,Before ECAL requirement,0.3,44.25045011669211,alp_su2l,ALP-$SU(2)_L$,inclusive,0,0.3,0.3464336180180258,0.0,0.0,0.0,0.0,2165.9089709044742,2165.9089709044742,1.0,503152.8575260854,613210,3ddd2d15b9ad21cda42cca802c917034fa7931968f06a4df6a95a66ca2079e0f
production,stored_same_lifetime_midpoint,mother_level,Before ECAL requirement,0.3,44.25045011669211,alp_su2l,ALP-$SU(2)_L$,inclusive,1,0.3464336180180258,0.4000541723101981,0.0,0.0,0.0,0.0,2165.9089709044742,2165.9089709044742,1.0,503152.8575260854,613210,3ddd2d15b9ad21cda42cca802c917034fa7931968f06a4df6a95a66ca2079e0f
production,stored_same_lifetime_midpoint,mother_level,Before ECAL requirement,0.3,44.25045011669211,alp_su2l,ALP-$SU(2)_L$,inclusive,2,0.4000541723101981,0.4619740477220955,0.00011571762140079241,0.001868828395261244,0.001868828395261244,1.0,2165.9089709044742,2165.9089709044742,1.0,503152.8575260854,613210,3ddd2d15b9ad21cda42cca802c917034fa7931968f06a4df6a95a66ca2079e0f
production,stored_same_lifetime_midpoint,mother_level,Before ECAL requirement,0.3,44.25045011669211,alp_su2l,ALP-$SU(2)_L$,inclusive,3,0.4619740477220955,0.5334778026093256,0.0,0.0,0.0,0.0,2165.9089709044742,2165.9089709044742,1.0,503152.8575260854,613210,3ddd2d15b9ad21cda42cca802c917034fa7931968f06a4df6a95a66ca2079e0f
production,stored_same_lifetime_midpoint,mother_level,Before ECAL requirement,0.3,44.25045011669211,alp_su2l,ALP-$SU(2)_L$,inclusive,4,0.5334778026093256,0.6160488176341831,0.00011040099101621237,0.0013370429197579433,0.0013370429197579433,1.0,2165.9089709044742,2165.9089709044742,1.0,503152.8575260854,613210,3ddd2d15b9ad21cda42cca802c917034fa7931968f06a4df6a95a66ca2079e0f
production,stored_same_lifetime_midpoint,mother_level,Before ECAL requirement,0.3,44.25045011669211,alp_su2l,ALP-$SU(2)_L$,inclusive,5,0.6160488176341831,0.7114000692291235,0.0003185602556471485,0.003340913205842514,0.0019289176113176378,2.999874109208861,2165.9089709044742,2165.9089709044742,1.0,503152.8575260854,613210,3ddd2d15b9ad21cda42cca802c917034fa7931968f06a4df6a95a66ca2079e0f
production,stored_same_lifetime_midpoint,mother_level,Before ECAL requirement,0.3,44.25045011669211,alp_su2l,ALP-$SU(2)_L$,inclusive,6,0.7114000692291235,0.8215096661377309,0.0001973981482744044,0.0017927424476746356,0.0012677348912930727,1.9997647854297562,2165.9089709044742,2165.9089709044742,1.0,503152.8575260854,613210,3ddd2d15b9ad21cda42cca802c917034fa7931968f06a4df6a95a66ca2079e0f
production,stored_same_lifetime_midpoint,mother_level,Before ECAL requirement,0.3,44.25045011669211,alp_su2l,ALP-$SU(2)_L$,inclusive,7,0.8215096661377309,0.9486618862562488,0.0,0.0,0.0,0.0,2165.9089709044742,2165.9089709044742,1.0,503152.8575260854,613210,3ddd2d15b9ad21cda42cca802c917034fa7931968f06a4df6a95a66ca2079e0f
production,stored_same_lifetime_midpoint,mother_level,Before ECAL requirement,0.3,44.25045011669211,alp_su2l,ALP-$SU(2)_L$,inclusive,8,0.9486618862562488,1.0954945651051906,0.0,0.0,0.0,0.0,2165.9089709044742,2165.9089709044742,1.0,503152.8575260854,613210,3ddd2d15b9ad21cda42cca802c917034fa7931968f06a4df6a95a66ca2079e0f
production,stored_same_lifetime_midpoint,mother_level,Before ECAL requirement,0.3,44.25045011669211,alp_su2l,ALP-$SU(2)_L$,inclusive,9,1.0954945651051906,1.2650538190282499,0.0,0.0,0.0,0.0,2165.9089709044742,2165.9089709044742,1.0,503152.8575260854,613210,3ddd2d15b9ad21cda42cca802c917034fa7931968f06a4df6a95a66ca2079e0f
production,stored_same_lifetime_midpoint,mother_level,Before ECAL requirement,0.3,44.25045011669211,alp_su2l,ALP-$SU(2)_L$,inclusive,10,1.2650538190282499,1.460857238378258,0.0,0.0,0.0,0.0,2165.9089709044742,2165.9089709044742,1.0,503152.8575260854,613210,3ddd2d15b9ad21cda42cca802c917034fa7931968f06a4df6a95a66ca2079e0f
production,stored_same_lifetime_midpoint,mother_level,Before ECAL requirement,0.3,44.25045011669211,alp_su2l,ALP-$SU(2)_L$,inclusive,11,1.460857238378258,1.6869668616640054,0.0,0.0,0.0,0.0,2165.9089709044742,2165.9089709044742,1.0,503152.8575260854,613210,3ddd2d15b9ad21cda42cca802c917034fa7931968f06a4df6a95a66ca2079e0f
production,stored_same_lifetime_midpoint,mother_level,Before ECAL requirement,0.3,44.25045011669211,alp_su2l,ALP-$SU(2)_L$,inclusive,12,1.6869668616640054,1.9480734445425867,0.0,0.0,0.0,0.0,2165.9089709044742,2165.9089709044742,1.0,503152.8575260854,613210,3ddd2d15b9ad21cda42cca802c917034fa7931968f06a4df6a95a66ca2079e0f
production,stored_same_lifetime_midpoint,mother_level,Before ECAL requirement,0.3,44.25045011669211,alp_su2l,ALP-$SU(2)_L$,inclusive,13,1.9480734445425867,2.2495937718590873,0.0,0.0,0.0,0.0,2165.9089709044742,2165.9089709044742,1.0,503152.8575260854,613210,3ddd2d15b9ad21cda42cca802c917034fa7931968f06a4df6a95a66ca2079e0f
production,stored_same_lifetime_midpoint,mother_level,Before ECAL requirement,0.3,44.25045011669211,alp_su2l,ALP-$SU(2)_L$,inclusive,14,2.2495937718590873,2.5977830315198704,0.0,0.0,0.0,0.0,2165.9089709044742,2165.9089709044742,1.0,503152.8575260854,613210,3ddd2d15b9ad21cda42cca802c917034fa7931968f06a4df6a95a66ca2079e0f
production,stored_same_lifetime_midpoint,mother_level,Before ECAL requirement,0.3,44.25045011669211,alp_su2l,ALP-$SU(2)_L$,inclusive,15,2.5977830315198704,2.99986458145088,0.0,0.0,0.0,0.0,2165.9089709044742,2165.9089709044742,1.0,503152.8575260854,613210,3ddd2d15b9ad21cda42cca802c917034fa7931968f06a4df6a95a66ca2079e0f
production,stored_same_lifetime_midpoint,mother_level,Before ECAL requirement,0.3,44.25045011669211,alp_su2l,ALP-$SU(2)_L$,inclusive,16,2.99986458145088,3.4641798017205296,0.0,0.0,0.0,0.0,2165.9089709044742,2165.9089709044742,1.0,503152.8575260854,613210,3ddd2d15b9ad21cda42cca802c917034fa7931968f06a4df6a95a66ca2079e0f
production,stored_same_lifetime_midpoint,mother_level,Before ECAL requirement,0.3,44.25045011669211,alp_su2l,ALP-$SU(2)_L$,inclusive,17,3.4641798017205296,4.00036114058337,0.0,0.0,0.0,0.0,2165.9089709044742,2165.9089709044742,1.0,503152.8575260854,613210,3ddd2d15b9ad21cda42cca802c917034fa7931968f06a4df6a95a66ca2079e0f
production,stored_same_lifetime_midpoint,mother_level,Before ECAL requirement,0.3,44.25045011669211,alp_su2l,ALP-$SU(2)_L$,inclusive,18,4.00036114058337,4.619531944370044,0.0,0.0,0.0,0.0,2165.9089709044742,2165.9089709044742,1.0,503152.8575260854,613210,3ddd2d15b9ad21cda42cca802c917034fa7931968f06a4df6a95a66ca2079e0f
production,stored_same_lifetime_midpoint,mother_level,Before ECAL requirement,0.3,44.25045011669211,alp_su2l,ALP-$SU(2)_L$,inclusive,19,4.619531944370044,5.334537216793201,0.0,0.0,0.0,0.0,2165.9089709044742,2165.9089709044742,1.0,503152.8575260854,613210,3ddd2d15b9ad21cda42cca802c917034fa7931968f06a4df6a95a66ca2079e0f
production,stored_same_lifetime_midpoint,mother_level,Before ECAL requirement,0.3,44.25045011669211,alp_su2l,ALP-$SU(2)_L$,inclusive,20,5.334537216793201,6.160210094884928,0.0,0.0,0.0,0.0,2165.9089709044742,2165.9089709044742,1.0,503152.8575260854,613210,3ddd2d15b9ad21cda42cca802c917034fa7931968f06a4df6a95a66ca2079e0f
production,stored_same_lifetime_midpoint,mother_level,Before ECAL requirement,0.3,44.25045011669211,alp_su2l,ALP-$SU(2)_L$,inclusive,21,6.160210094884928,7.113679569740505,0.0,0.0,0.0,0.0,2165.9089709044742,2165.9089709044742,1.0,503152.8575260854,613210,3ddd2d15b9ad21cda42cca802c917034fa7931968f06a4df6a95a66ca2079e0f
production,stored_same_lifetime_midpoint,mother_level,Before ECAL requirement,0.3,44.25045011669211,alp_su2l,ALP-$SU(2)_L$,inclusive,22,7.113679569740505,8.214725835887057,0.0,0.0,0.0,0.0,2165.9089709044742,2165.9089709044742,1.0,503152.8575260854,613210,3ddd2d15b9ad21cda42cca802c917034fa7931968f06a4df6a95a66ca2079e0f
production,stored_same_lifetime_midpoint,mother_level,Before ECAL requirement,0.3,44.25045011669211,alp_su2l,ALP-$SU(2)_L$,inclusive,23,8.214725835887057,9.486190641175014,0.0,0.0,0.0,0.0,2165.9089709044742,2165.9089709044742,1.0,503152.8575260854,613210,3ddd2d15b9ad21cda42cca802c917034fa7931968f06a4df6a95a66ca2079e0f
production,stored_same_lifetime_midpoint,mother_level,Before ECAL requirement,0.3,44.25045011669211,alp_su2l,ALP-$SU(2)_L$,inclusive,24,9.486190641175014,10.95445115010332,0.0,0.0,0.0,0.0,2165.9089709044742,2165.9089709044742,1.0,503152.8575260854,613210,3ddd2d15b9ad21cda42cca802c917034fa7931968f06a4df6a95a66ca2079e0f
production,stored_same_lifetime_midpoint,mother_level,Before ECAL requirement,0.3,44.25045011669211,alp_su2l,ALP-$SU(2)_L$,inclusive,25,10.95445115010332,12.649967151106729,0.0,0.0,0.0,0.0,2165.9089709044742,2165.9089709044742,1.0,503152.8575260854,613210,3ddd2d15b9ad21cda42cca802c917034fa7931968f06a4df6a95a66ca2079e0f
production,stored_same_lifetime_midpoint,mother_level,Before ECAL requirement,0.3,44.25045011669211,alp_su2l,ALP-$SU(2)_L$,inclusive,26,12.649967151106729,14.607912959890275,0.0,0.0,0.0,0.0,2165.9089709044742,2165.9089709044742,1.0,503152.8575260854,613210,3ddd2d15b9ad21cda42cca802c917034fa7931968f06a4df6a95a66ca2079e0f
production,stored_same_lifetime_midpoint,mother_level,Before ECAL requirement,0.3,44.25045011669211,alp_su2l,ALP-$SU(2)_L$,inclusive,27,14.607912959890275,16.86890712795732,4.198673164336707e-05,1.8570030934339857e-05,7.5822762092081565e-06,5.9982705758239145,2165.9089709044742,2165.9089709044742,1.0,503152.8575260854,613210,3ddd2d15b9ad21cda42cca802c917034fa7931968f06a4df6a95a66ca2079e0f
production,stored_same_lifetime_midpoint,mother_level,Before ECAL requirement,0.3,44.25045011669211,alp_su2l,ALP-$SU(2)_L$,inclusive,28,16.86890712795732,19.479855094494404,0.0002976082923776121,0.00011398476576012809,1.646047609473311e-05,47.952233173686494,2165.9089709044742,2165.9089709044742,1.0,503152.8575260854,613210,3ddd2d15b9ad21cda42cca802c917034fa7931968f06a4df6a95a66ca2079e0f
production,stored_same_lifetime_midpoint,mother_level,Before ECAL requirement,0.3,44.25045011669211,alp_su2l,ALP-$SU(2)_L$,inclusive,29,19.479855094494404,22.494922262841893,0.0013522569179488047,0.0004484997654927719,2.8386028843061646e-05,249.64056749103653,2165.9089709044742,2165.9089709044742,1.0,503152.8575260854,613210,3ddd2d15b9ad21cda42cca802c917034fa7931968f06a4df6a95a66ca2079e0f
production,stored_same_lifetime_midpoint,mother_level,Before ECAL requirement,0.3,44.25045011669211,alp_su2l,ALP-$SU(2)_L$,inclusive,30,22.494922262841893,25.976657688501856,0.0048981650032287735,0.0014068171197414653,4.3719772516597925e-05,1035.4270397504217,2165.9089709044742,2165.9089709044742,1.0,503152.8575260854,613210,3ddd2d15b9ad21cda42cca802c917034fa7931968f06a4df6a95a66ca2079e0f
production,stored_same_lifetime_midpoint,mother_level,Before ECAL requirement,0.3,44.25045011669211,alp_su2l,ALP-$SU(2)_L$,inclusive,31,25.976657688501856,29.99729169014488,0.014752771240430214,0.00366926490558492,6.133862348828112e-05,3578.4098690513333,2165.9089709044742,2165.9089709044742,1.0,503152.8575260854,613210,3ddd2d15b9ad21cda42cca802c917034fa7931968f06a4df6a95a66ca2079e0f
production,stored_same_lifetime_midpoint,mother_level,Before ECAL requirement,0.3,44.25045011669211,alp_su2l,ALP-$SU(2)_L$,inclusive,32,29.99729169014488,34.64023430319652,0.03142064652482613,0.006767399286069241,7.230278486955998e-05,8760.593961083487,2165.9089709044742,2165.9089709044742,1.0,503152.8575260854,613210,3ddd2d15b9ad21cda42cca802c917034fa7931968f06a4df6a95a66ca2079e0f
production,stored_same_lifetime_midpoint,mother_level,Before ECAL requirement,0.3,44.25045011669211,alp_su2l,ALP-$SU(2)_L$,inclusive,33,34.64023430319652,40.00180566216164,0.05511874171164057,0.010280333510711594,7.730774128319268e-05,17683.508644178233,2165.9089709044742,2165.9089709044742,1.0,503152.8575260854,613210,3ddd2d15b9ad21cda42cca802c917034fa7931968f06a4df6a95a66ca2079e0f
production,stored_same_lifetime_midpoint,mother_level,Before ECAL requirement,0.3,44.25045011669211,alp_su2l,ALP-$SU(2)_L$,inclusive,34,40.00180566216164,46.19323420932204,0.08345172778154332,0.013478590142143696,7.676220050704214e-05,30831.460858647144,2165.9089709044742,2165.9089709044742,1.0,503152.8575260854,613210,3ddd2d15b9ad21cda42cca802c917034fa7931968f06a4df6a95a66ca2079e0f
production,stored_same_lifetime_midpoint,mother_level,Before ECAL requirement,0.3,44.25045011669211,alp_su2l,ALP-$SU(2)_L$,inclusive,35,46.19323420932204,53.3429641836316,0.10962339893891622,0.015332522953008786,7.101537486686286e-05,46614.65552867559,2165.9089709044742,2165.9089709044742,1.0,503152.8575260854,613210,3ddd2d15b9ad21cda42cca802c917034fa7931968f06a4df6a95a66ca2079e0f
production,stored_same_lifetime_midpoint,mother_level,Before ECAL requirement,0.3,44.25045011669211,alp_su2l,ALP-$SU(2)_L$,inclusive,36,53.3429641836316,61.59932025980484,0.129799398905861,0.01572114837445602,6.234601674128623e-05,63584.477877356505,2165.9089709044742,2165.9089709044742,1.0,503152.8575260854,613210,3ddd2d15b9ad21cda42cca802c917034fa7931968f06a4df6a95a66ca2079e0f
production,stored_same_lifetime_midpoint,mother_level,Before ECAL requirement,0.3,44.25045011669211,alp_su2l,ALP-$SU(2)_L$,inclusive,37,61.59932025980484,71.13358461685092,0.13702368295929865,0.014371710058367994,5.16688033910605e-05,77367.77128762471,2165.9089709044742,2165.9089709044742,1.0,503152.8575260854,613210,3ddd2d15b9ad21cda42cca802c917034fa7931968f06a4df6a95a66ca2079e0f
production,stored_same_lifetime_midpoint,mother_level,Before ECAL requirement,0.3,44.25045011669211,alp_su2l,ALP-$SU(2)_L$,inclusive,38,71.13358461685092,82.14355027135687,0.129059201269473,0.011722034865445211,4.045266119243364e-05,83967.61608951476,2165.9089709044742,2165.9089709044742,1.0,503152.8575260854,613210,3ddd2d15b9ad21cda42cca802c917034fa7931968f06a4df6a95a66ca2079e0f
production,stored_same_lifetime_midpoint,mother_level,Before ECAL requirement,0.3,44.25045011669211,alp_su2l,ALP-$SU(2)_L$,inclusive,39,82.14355027135687,94.85762439117252,0.10892108646541902,0.008566969599119999,2.9977406133602502e-05,81670.71316851904,2165.9089709044742,2165.9089709044742,1.0,503152.8575260854,613210,3ddd2d15b9ad21cda42cca802c917034fa7931968f06a4df6a95a66ca2079e0f
production,stored_same_lifetime_midpoint,mother_level,Before ECAL requirement,0.3,44.25045011669211,alp_su2l,ALP-$SU(2)_L$,inclusive,40,94.85762439117252,109.53956671476264,0.08197498695092612,0.005583388433505376,2.0981249176215944e-05,70816.26248922638,2165.9089709044742,2165.9089709044742,1.0,503152.8575260854,613210,3ddd2d15b9ad21cda42cca802c917034fa7931968f06a4df6a95a66ca2079e0f
production,stored_same_lifetime_midpoint,mother_level,Before ECAL requirement,0.3,44.25045011669211,alp_su2l,ALP-$SU(2)_L$,inclusive,41,109.53956671476264,126.49396137707384,0.05532152526691633,0.0032629608056661203,1.3901505440741532e-05,55093.45978028807,2165.9089709044742,2165.9089709044742,1.0,503152.8575260854,613210,3ddd2d15b9ad21cda42cca802c917034fa7931968f06a4df6a95a66ca2079e0f
production,stored_same_lifetime_midpoint,mother_level,Before ECAL requirement,0.3,44.25045011669211,alp_su2l,ALP-$SU(2)_L$,inclusive,42,126.49396137707384,146.07253565764043,0.032476261011342725,0.0016587653700391352,8.591013436867766e-06,37280.4480727194,2165.9089709044742,2165.9089709044742,1.0,503152.8575260854,613210,3ddd2d15b9ad21cda42cca802c917034fa7931968f06a4df6a95a66ca2079e0f
production,stored_same_lifetime_midpoint,mother_level,Before ECAL requirement,0.3,44.25045011669211,alp_su2l,ALP-$SU(2)_L$,inclusive,43,146.07253565764043,168.68145673647828,0.015580358679768414,0.0006891243781797162,4.803116720873867e-06,20584.908743882246,2165.9089709044742,2165.9089709044742,1.0,503152.8575260854,613210,3ddd2d15b9ad21cda42cca802c917034fa7931968f06a4df6a95a66ca2079e0f
production,stored_same_lifetime_midpoint,mother_level,Before ECAL requirement,0.3,44.25045011669211,alp_su2l,ALP-$SU(2)_L$,inclusive,44,168.68145673647828,194.78975783256428,0.00601356112262055,0.00023033138389544878,2.4090557495837787e-06,9141.396218121032,2165.9089709044742,2165.9089709044742,1.0,503152.8575260854,613210,3ddd2d15b9ad21cda42cca802c917034fa7931968f06a4df6a95a66ca2079e0f
production,stored_same_lifetime_midpoint,mother_level,Before ECAL requirement,0.3,44.25045011669211,alp_su2l,ALP-$SU(2)_L$,inclusive,45,194.78975783256428,224.93906852930118,0.001719293760882945,5.702597244019334e-05,1.0392197786323307e-06,3011.1375330341066,2165.9089709044742,2165.9089709044742,1.0,503152.8575260854,613210,3ddd2d15b9ad21cda42cca802c917034fa7931968f06a4df6a95a66ca2079e0f
production,stored_same_lifetime_midpoint,mother_level,Before ECAL requirement,0.3,44.25045011669211,alp_su2l,ALP-$SU(2)_L$,inclusive,46,224.93906852930118,259.7548511473678,0.00035937295410768414,1.0322127698522518e-05,3.8338125278772293e-07,724.8976815129013,2165.9089709044742,2165.9089709044742,1.0,503152.8575260854,613210,3ddd2d15b9ad21cda42cca802c917034fa7931968f06a4df6a95a66ca2079e0f
production,stored_same_lifetime_midpoint,mother_level,Before ECAL requirement,0.3,44.25045011669211,alp_su2l,ALP-$SU(2)_L$,inclusive,47,259.7548511473678,299.95937626905464,5.1126584317889394e-05,1.271662435090199e-06,1.1712910486529877e-07,117.87291838478488,2165.9089709044742,2165.9089709044742,1.0,503152.8575260854,613210,3ddd2d15b9ad21cda42cca802c917034fa7931968f06a4df6a95a66ca2079e0f
production,stored_same_lifetime_midpoint,mother_level,Before ECAL requirement,0.3,44.25045011669211,alp_su2l,ALP-$SU(2)_L$,inclusive,48,299.95937626905464,346.38670659773004,7.639101720610741e-07,1.645388969499399e-08,1.163484652969038e-08,1.9999348344062242,2165.9089709044742,2165.9089709044742,1.0,503152.8575260854,613210,3ddd2d15b9ad21cda42cca802c917034fa7931968f06a4df6a95a66ca2079e0f
production,stored_same_lifetime_midpoint,mother_level,Before ECAL requirement,0.3,44.25045011669211,alp_su2l,ALP-$SU(2)_L$,inclusive,49,346.38670659773004,400.0,0.0,0.0,0.0,0.0,2165.9089709044742,2165.9089709044742,1.0,503152.8575260854,613210,3ddd2d15b9ad21cda42cca802c917034fa7931968f06a4df6a95a66ca2079e0f
production,stored_same_lifetime_midpoint,diphoton_ecal,After diphoton ECAL requirement,1.0,15.787479601057262,alp_photon_combined,"ALP-photon, primary + cascade",combined,0,1.0,1.127304394081711,0.0,0.0,0.0,0.0,8.084431156412501,23.003666834684328,0.35144097741074076,676273.3648262571,919111,86c30645b5a566a67b8b832c49588cada0adfdbc144f77c2cd3b15cf75ebfc70
production,stored_same_lifetime_midpoint,diphoton_ecal,After diphoton ECAL requirement,1.0,15.787479601057262,alp_photon_combined,"ALP-photon, primary + cascade",combined,1,1.127304394081711,1.2708151969159336,0.0,0.0,0.0,0.0,8.084431156412501,23.003666834684328,0.35144097741074076,676273.3648262571,919111,86c30645b5a566a67b8b832c49588cada0adfdbc144f77c2cd3b15cf75ebfc70
production,stored_same_lifetime_midpoint,diphoton_ecal,After diphoton ECAL requirement,1.0,15.787479601057262,alp_photon_combined,"ALP-photon, primary + cascade",combined,2,1.2708151969159336,1.4325955555491467,0.0,0.0,0.0,0.0,8.084431156412501,23.003666834684328,0.35144097741074076,676273.3648262571,919111,86c30645b5a566a67b8b832c49588cada0adfdbc144f77c2cd3b15cf75ebfc70
production,stored_same_lifetime_midpoint,diphoton_ecal,After diphoton ECAL requirement,1.0,15.787479601057262,alp_photon_combined,"ALP-photon, primary + cascade",combined,3,1.4325955555491467,1.614971264712483,0.0,0.0,0.0,0.0,8.084431156412501,23.003666834684328,0.35144097741074076,676273.3648262571,919111,86c30645b5a566a67b8b832c49588cada0adfdbc144f77c2cd3b15cf75ebfc70
production,stored_same_lifetime_midpoint,diphoton_ecal,After diphoton ECAL requirement,1.0,15.787479601057262,alp_photon_combined,"ALP-photon, primary + cascade",combined,4,1.614971264712483,1.8205642030260802,0.0,0.0,0.0,0.0,8.084431156412501,23.003666834684328,0.35144097741074076,676273.3648262571,919111,86c30645b5a566a67b8b832c49588cada0adfdbc144f77c2cd3b15cf75ebfc70
production,stored_same_lifetime_midpoint,diphoton_ecal,After diphoton ECAL requirement,1.0,15.787479601057262,alp_photon_combined,"ALP-photon, primary + cascade",combined,5,1.8205642030260802,2.0523300257791686,0.0,0.0,0.0,0.0,8.084431156412501,23.003666834684328,0.35144097741074076,676273.3648262571,919111,86c30645b5a566a67b8b832c49588cada0adfdbc144f77c2cd3b15cf75ebfc70
production,stored_same_lifetime_midpoint,diphoton_ecal,After diphoton ECAL requirement,1.0,15.787479601057262,alp_photon_combined,"ALP-photon, primary + cascade",combined,6,2.0523300257791686,2.3136006561666878,0.0,0.0,0.0,0.0,8.084431156412501,23.003666834684328,0.35144097741074076,676273.3648262571,919111,86c30645b5a566a67b8b832c49588cada0adfdbc144f77c2cd3b15cf75ebfc70
production,stored_same_lifetime_midpoint,diphoton_ecal,After diphoton ECAL requirement,1.0,15.787479601057262,alp_photon_combined,"ALP-photon, primary + cascade",combined,7,2.3136006561666878,2.608132185847037,0.0,0.0,0.0,0.0,8.084431156412501,23.003666834684328,0.35144097741074076,676273.3648262571,919111,86c30645b5a566a67b8b832c49588cada0adfdbc144f77c2cd3b15cf75ebfc70
production,stored_same_lifetime_midpoint,diphoton_ecal,After diphoton ECAL requirement,1.0,15.787479601057262,alp_photon_combined,"ALP-photon, primary + cascade",combined,8,2.608132185847037,2.9401588734513027,0.0,0.0,0.0,0.0,8.084431156412501,23.003666834684328,0.35144097741074076,676273.3648262571,919111,86c30645b5a566a67b8b832c49588cada0adfdbc144f77c2cd3b15cf75ebfc70
production,stored_same_lifetime_midpoint,diphoton_ecal,After diphoton ECAL requirement,1.0,15.787479601057262,alp_photon_combined,"ALP-photon, primary + cascade",combined,9,2.9401588734513027,3.314454017339987,0.0,0.0,0.0,0.0,8.084431156412501,23.003666834684328,0.35144097741074076,676273.3648262571,919111,86c30645b5a566a67b8b832c49588cada0adfdbc144f77c2cd3b15cf75ebfc70
production,stored_same_lifetime_midpoint,diphoton_ecal,After diphoton ECAL requirement,1.0,15.787479601057262,alp_photon_combined,"ALP-photon, primary + cascade",combined,10,3.314454017339987,3.736398577729146,0.0,0.0,0.0,0.0,8.084431156412501,23.003666834684328,0.35144097741074076,676273.3648262571,919111,86c30645b5a566a67b8b832c49588cada0adfdbc144f77c2cd3b15cf75ebfc70
production,stored_same_lifetime_midpoint,diphoton_ecal,After diphoton ECAL requirement,1.0,15.787479601057262,alp_photon_combined,"ALP-photon, primary + cascade",combined,11,3.736398577729146,4.212058534714722,0.0,0.0,0.0,0.0,8.084431156412501,23.003666834684328,0.35144097741074076,676273.3648262571,919111,86c30645b5a566a67b8b832c49588cada0adfdbc144f77c2cd3b15cf75ebfc70
production,stored_same_lifetime_midpoint,diphoton_ecal,After diphoton ECAL requirement,1.0,15.787479601057262,alp_photon_combined,"ALP-photon, primary + cascade",combined,12,4.212058534714722,4.748272094313281,0.0,0.0,0.0,0.0,8.084431156412501,23.003666834684328,0.35144097741074076,676273.3648262571,919111,86c30645b5a566a67b8b832c49588cada0adfdbc144f77c2cd3b15cf75ebfc70
production,stored_same_lifetime_midpoint,diphoton_ecal,After diphoton ECAL requirement,1.0,15.787479601057262,alp_photon_combined,"ALP-photon, primary + cascade",combined,13,4.748272094313281,5.352747996214929,0.0,0.0,0.0,0.0,8.084431156412501,23.003666834684328,0.35144097741074076,676273.3648262571,919111,86c30645b5a566a67b8b832c49588cada0adfdbc144f77c2cd3b15cf75ebfc70
production,stored_same_lifetime_midpoint,diphoton_ecal,After diphoton ECAL requirement,1.0,15.787479601057262,alp_photon_combined,"ALP-photon, primary + cascade",combined,14,5.352747996214929,6.034176336545162,3.5348956989063326e-05,5.187479724123679e-05,1.3865181106642238e-05,13.997862755303132,8.084431156412501,23.003666834684328,0.35144097741074076,676273.3648262571,919111,86c30645b5a566a67b8b832c49588cada0adfdbc144f77c2cd3b15cf75ebfc70
production,stored_same_lifetime_midpoint,diphoton_ecal,After diphoton ECAL requirement,1.0,15.787479601057262,alp_photon_combined,"ALP-photon, primary + cascade",combined,15,6.034176336545162,6.802353498851244,0.00015642297447332305,0.00020362877490882233,2.799522311939647e-05,52.90667038147281,8.084431156412501,23.003666834684328,0.35144097741074076,676273.3648262571,919111,86c30645b5a566a67b8b832c49588cada0adfdbc144f77c2cd3b15cf75ebfc70
production,stored_same_lifetime_midpoint,diphoton_ecal,After diphoton ECAL requirement,1.0,15.787479601057262,alp_photon_combined,"ALP-photon, primary + cascade",combined,16,6.802353498851244,7.668322989352109,0.0006436517134378197,0.0007432729680413336,5.045502845607999e-05,217.01400689045082,8.084431156412501,23.003666834684328,0.35144097741074076,676273.3648262571,919111,86c30645b5a566a67b8b832c49588cada0adfdbc144f77c2cd3b15cf75ebfc70
production,stored_same_lifetime_midpoint,diphoton_ecal,After diphoton ECAL requirement,1.0,15.787479601057262,alp_photon_combined,"ALP-photon, primary + cascade",combined,17,7.668322989352109,8.644534201134434,0.0016119873675136285,0.0016512690574107744,6.910502186815968e-05,570.9741784110664,8.084431156412501,23.003666834684328,0.35144097741074076,676273.3648262571,919111,86c30645b5a566a67b8b832c49588cada0adfdbc144f77c2cd3b15cf75ebfc70
production,stored_same_lifetime_midpoint,diphoton_ecal,After diphoton ECAL requirement,1.0,15.787479601057262,alp_photon_combined,"ALP-photon, primary + cascade",combined,18,8.644534201134434,9.745021389728478,0.003958395154925388,0.003596947966275315,9.590676506282501e-05,1406.5974498330534,8.084431156412501,23.003666834684328,0.35144097741074076,676273.3648262571,919111,86c30645b5a566a67b8b832c49588cada0adfdbc144f77c2cd3b15cf75ebfc70
production,stored_same_lifetime_midpoint,diphoton_ecal,After diphoton ECAL requirement,1.0,15.787479601057262,alp_photon_combined,"ALP-photon, primary + cascade",combined,19,9.745021389728478,10.985605433061178,0.006815672696349817,0.005493922586687658,0.00010797698363191496,2588.8249701935515,8.084431156412501,23.003666834684328,0.35144097741074076,676273.3648262571,919111,86c30645b5a566a67b8b832c49588cada0adfdbc144f77c2cd3b15cf75ebfc70
production,stored_same_lifetime_midpoint,diphoton_ecal,After diphoton ECAL requirement,1.0,15.787479601057262,alp_photon_combined,"ALP-photon, primary + cascade",combined,20,10.985605433061178,12.384121276337785,0.012303766251970548,0.008797731045465912,0.00012733630304875734,4773.499577263163,8.084431156412501,23.003666834684328,0.35144097741074076,676273.3648262571,919111,86c30645b5a566a67b8b832c49588cada0adfdbc144f77c2cd3b15cf75ebfc70
production,stored_same_lifetime_midpoint,diphoton_ecal,After diphoton ECAL requirement,1.0,15.787479601057262,alp_photon_combined,"ALP-photon, primary + cascade",combined,21,12.384121276337785,13.960674331656387,0.01896051935837325,0.012026565991172156,0.00013813051449542031,7580.607632743546,8.084431156412501,23.003666834684328,0.35144097741074076,676273.3648262571,919111,86c30645b5a566a67b8b832c49588cada0adfdbc144f77c2cd3b15cf75ebfc70
production,stored_same_lifetime_midpoint,diphoton_ecal,After diphoton ECAL requirement,1.0,15.787479601057262,alp_photon_combined,"ALP-photon, primary + cascade",combined,22,13.960674331656387,15.737929518420001,0.027137639418007665,0.015269410729601168,0.00014331755133146454,11351.305074731932,8.084431156412501,23.003666834684328,0.35144097741074076,676273.3648262571,919111,86c30645b5a566a67b8b832c49588cada0adfdbc144f77c2cd3b15cf75ebfc70
production,stored_same_lifetime_midpoint,diphoton_ecal,After diphoton ECAL requirement,1.0,15.787479601057262,alp_photon_combined,"ALP-photon, primary + cascade",combined,23,15.737929518420001,17.741437099863134,0.036798039481395976,0.018366808202886976,0.00014365685402438976,16346.119846134954,8.084431156412501,23.003666834684328,0.35144097741074076,676273.3648262571,919111,86c30645b5a566a67b8b832c49588cada0adfdbc144f77c2cd3b15cf75ebfc70
production,stored_same_lifetime_midpoint,diphoton_ecal,After diphoton ECAL requirement,1.0,15.787479601057262,alp_photon_combined,"ALP-photon, primary + cascade",combined,24,17.741437099863134,20.000000000000004,0.048186223545058735,0.021334904395241168,0.00014231741903542622,22473.218997185828,8.084431156412501,23.003666834684328,0.35144097741074076,676273.3648262571,919111,86c30645b5a566a67b8b832c49588cada0adfdbc144f77c2cd3b15cf75ebfc70
production,stored_same_lifetime_midpoint,diphoton_ecal,After diphoton ECAL requirement,1.0,15.787479601057262,alp_photon_combined,"ALP-photon, primary + cascade",combined,25,20.000000000000004,22.546087881634225,0.06075690374713245,0.02386284628484044,0.00013648480658626962,30568.622595222154,8.084431156412501,23.003666834684328,0.35144097741074076,676273.3648262571,919111,86c30645b5a566a67b8b832c49588cada0adfdbc144f77c2cd3b15cf75ebfc70
production,stored_same_lifetime_midpoint,diphoton_ecal,After diphoton ECAL requirement,1.0,15.787479601057262,alp_photon_combined,"ALP-photon, primary + cascade",combined,26,22.546087881634225,25.41630393831867,0.07107657763752812,0.024763493839426446,0.00012710454606744694,37957.855586199476,8.084431156412501,23.003666834684328,0.35144097741074076,676273.3648262571,919111,86c30645b5a566a67b8b832c49588cada0adfdbc144f77c2cd3b15cf75ebfc70
production,stored_same_lifetime_midpoint,diphoton_ecal,After diphoton ECAL requirement,1.0,15.787479601057262,alp_photon_combined,"ALP-photon, primary + cascade",combined,27,25.41630393831867,28.651911110982937,0.07743285791695381,0.02393147677849718,0.00011316576666290558,44720.72734289391,8.084431156412501,23.003666834684328,0.35144097741074076,676273.3648262571,919111,86c30645b5a566a67b8b832c49588cada0adfdbc144f77c2cd3b15cf75ebfc70
production,stored_same_lifetime_midpoint,diphoton_ecal,After diphoton ECAL requirement,1.0,15.787479601057262,alp_photon_combined,"ALP-photon, primary + cascade",combined,28,28.651911110982937,32.299425294249666,0.07980588861633944,0.021879527976191433,9.817318941758e-05,49669.5351959033,8.084431156412501,23.003666834684328,0.35144097741074076,676273.3648262571,919111,86c30645b5a566a67b8b832c49588cada0adfdbc144f77c2cd3b15cf75ebfc70
production,stored_same_lifetime_midpoint,diphoton_ecal,After diphoton ECAL requirement,1.0,15.787479601057262,alp_photon_combined,"ALP-photon, primary + cascade",combined,29,32.299425294249666,36.411284060521595,0.08057677064645218,0.01959619121828646,8.397780747913148e-05,54452.05490516793,8.084431156412501,23.003666834684328,0.35144097741074076,676273.3648262571,919111,86c30645b5a566a67b8b832c49588cada0adfdbc144f77c2cd3b15cf75ebfc70
production,stored_same_lifetime_midpoint,diphoton_ecal,After diphoton ECAL requirement,1.0,15.787479601057262,alp_photon_combined,"ALP-photon, primary + cascade",combined,30,36.411284060521595,41.046600515583364,0.07859927046329998,0.016956613690845102,7.054775423260885e-05,57771.26345019892,8.084431156412501,23.003666834684328,0.35144097741074076,676273.3648262571,919111,86c30645b5a566a67b8b832c49588cada0adfdbc144f77c2cd3b15cf75ebfc70
production,stored_same_lifetime_midpoint,diphoton_ecal,After diphoton ECAL requirement,1.0,15.787479601057262,alp_photon_combined,"ALP-photon, primary + cascade",combined,31,41.046600515583364,46.27201312333376,0.0748438761203179,0.0143230557543549,5.826573681191992e-05,60428.926521229194,8.084431156412501,23.003666834684328,0.35144097741074076,676273.3648262571,919111,86c30645b5a566a67b8b832c49588cada0adfdbc144f77c2cd3b15cf75ebfc70
production,stored_same_lifetime_midpoint,diphoton_ecal,After diphoton ECAL requirement,1.0,15.787479601057262,alp_photon_combined,"ALP-photon, primary + cascade",combined,32,46.27201312333376,52.16264371694075,0.06662440896227892,0.01131023375232277,4.654598806828743e-05,59044.3918461335,8.084431156412501,23.003666834684328,0.35144097741074076,676273.3648262571,919111,86c30645b5a566a67b8b832c49588cada0adfdbc144f77c2cd3b15cf75ebfc70
production,stored_same_lifetime_midpoint,diphoton_ecal,After diphoton ECAL requirement,1.0,15.787479601057262,alp_photon_combined,"ALP-photon, primary + cascade",combined,33,52.16264371694075,58.80317746902607,0.05693063428968154,0.008573201555041219,3.6317236710589956e-05,55726.33414358353,8.084431156412501,23.003666834684328,0.35144097741074076,676273.3648262571,919111,86c30645b5a566a67b8b832c49588cada0adfdbc144f77c2cd3b15cf75ebfc70
production,stored_same_lifetime_midpoint,diphoton_ecal,After diphoton ECAL requirement,1.0,15.787479601057262,alp_photon_combined,"ALP-photon, primary + cascade",combined,34,58.80317746902607,66.28908034679972,0.04874484449759391,0.006511551818595178,2.8391439884391854e-05,52601.01990425066,8.084431156412501,23.003666834684328,0.35144097741074076,676273.3648262571,919111,86c30645b5a566a67b8b832c49588cada0adfdbc144f77c2cd3b15cf75ebfc70
production,stored_same_lifetime_midpoint,diphoton_ecal,After diphoton ECAL requirement,1.0,15.787479601057262,alp_photon_combined,"ALP-photon, primary + cascade",combined,35,66.28908034679972,74.72797155458294,0.03819947845941769,0.004526599231921156,2.1162773744619782e-05,45750.8232351015,8.084431156412501,23.003666834684328,0.35144097741074076,676273.3648262571,919111,86c30645b5a566a67b8b832c49588cada0adfdbc144f77c2cd3b15cf75ebfc70
production,stored_same_lifetime_midpoint,diphoton_ecal,After diphoton ECAL requirement,1.0,15.787479601057262,alp_photon_combined,"ALP-photon, primary + cascade",combined,36,74.72797155458294,84.24117069429447,0.02979318219135019,0.00313177320833984,1.5712519825875946e-05,39727.28917542201,8.084431156412501,23.003666834684328,0.35144097741074076,676273.3648262571,919111,86c30645b5a566a67b8b832c49588cada0adfdbc144f77c2cd3b15cf75ebfc70
production,stored_same_lifetime_midpoint,diphoton_ecal,After diphoton ECAL requirement,1.0,15.787479601057262,alp_photon_combined,"ALP-photon, primary + cascade",combined,37,84.24117069429447,94.96544188626557,0.02359383696073051,0.0022000410599831177,1.1788922070532845e-05,34826.78451654786,8.084431156412501,23.003666834684328,0.35144097741074076,676273.3648262571,919111,86c30645b5a566a67b8b832c49588cada0adfdbc144f77c2cd3b15cf75ebfc70
production,stored_same_lifetime_midpoint,diphoton_ecal,After diphoton ECAL requirement,1.0,15.787479601057262,alp_photon_combined,"ALP-photon, primary + cascade",combined,38,94.96544188626557,107.05495992429856,0.017572335556536565,0.001453518287598804,8.570264032473263e-06,28764.21967251013,8.084431156412501,23.003666834684328,0.35144097741074076,676273.3648262571,919111,86c30645b5a566a67b8b832c49588cada0adfdbc144f77c2cd3b15cf75ebfc70
production,stored_same_lifetime_midpoint,diphoton_ecal,After diphoton ECAL requirement,1.0,15.787479601057262,alp_photon_combined,"ALP-photon, primary + cascade",combined,39,107.05495992429856,120.68352673090327,0.01299923895914284,0.0009538228886138722,6.195278152574141e-06,23703.57544796432,8.084431156412501,23.003666834684328,0.35144097741074076,676273.3648262571,919111,86c30645b5a566a67b8b832c49588cada0adfdbc144f77c2cd3b15cf75ebfc70
production,stored_same_lifetime_midpoint,diphoton_ecal,After diphoton ECAL requirement,1.0,15.787479601057262,alp_photon_combined,"ALP-photon, primary + cascade",combined,40,120.68352673090327,136.0470699770249,0.009164248434982234,0.0005964931583927198,4.3773131499652065e-06,18569.307152693455,8.084431156412501,23.003666834684328,0.35144097741074076,676273.3648262571,919111,86c30645b5a566a67b8b832c49588cada0adfdbc144f77c2cd3b15cf75ebfc70
production,stored_same_lifetime_midpoint,diphoton_ecal,After diphoton ECAL requirement,1.0,15.787479601057262,alp_photon_combined,"ALP-photon, primary + cascade",combined,41,136.0470699770249,153.3664597870422,0.005902086113989259,0.0003407791024240111,2.941445311217165e-06,13422.220002585931,8.084431156412501,23.003666834684328,0.35144097741074076,676273.3648262571,919111,86c30645b5a566a67b8b832c49588cada0adfdbc144f77c2cd3b15cf75ebfc70
production,stored_same_lifetime_midpoint,diphoton_ecal,After diphoton ECAL requirement,1.0,15.787479601057262,alp_photon_combined,"ALP-photon, primary + cascade",combined,42,153.3664597870422,172.89068402268873,0.004034633085054175,0.0002066475490323404,2.0367374533617904e-06,10294.148239624259,8.084431156412501,23.003666834684328,0.35144097741074076,676273.3648262571,919111,86c30645b5a566a67b8b832c49588cada0adfdbc144f77c2cd3b15cf75ebfc70
production,stored_same_lifetime_midpoint,diphoton_ecal,After diphoton ECAL requirement,1.0,15.787479601057262,alp_photon_combined,"ALP-photon, primary + cascade",combined,43,172.89068402268873,194.9004277945695,0.002735654822710813,0.00012429289732149597,1.4095223158808742e-06,7775.86498597076,8.084431156412501,23.003666834684328,0.35144097741074076,676273.3648262571,919111,86c30645b5a566a67b8b832c49588cada0adfdbc144f77c2cd3b15cf75ebfc70
production,stored_same_lifetime_midpoint,diphoton_ecal,After diphoton ECAL requirement,1.0,15.787479601057262,alp_photon_combined,"ALP-photon, primary + cascade",combined,44,194.9004277945695,219.71210866122348,0.0018262321368855542,7.360372506402604e-05,9.68134638944067e-07,5780.003091875696,8.084431156412501,23.003666834684328,0.35144097741074076,676273.3648262571,919111,86c30645b5a566a67b8b832c49588cada0adfdbc144f77c2cd3b15cf75ebfc70
production,stored_same_lifetime_midpoint,diphoton_ecal,After diphoton ECAL requirement,1.0,15.787479601057262,alp_photon_combined,"ALP-photon, primary + cascade",combined,45,219.71210866122348,247.6824255267556,0.0011138822318794265,3.982372588892857e-05,6.348762126127699e-07,3934.646038853686,8.084431156412501,23.003666834684328,0.35144097741074076,676273.3648262571,919111,86c30645b5a566a67b8b832c49588cada0adfdbc144f77c2cd3b15cf75ebfc70
production,stored_same_lifetime_midpoint,diphoton_ecal,After diphoton ECAL requirement,1.0,15.787479601057262,alp_photon_combined,"ALP-photon, primary + cascade",combined,46,247.6824255267556,279.2134866331278,0.0006653841744724565,2.1102498651337407e-05,4.10629252657071e-07,2640.997517815451,8.084431156412501,23.003666834684328,0.35144097741074076,676273.3648262571,919111,86c30645b5a566a67b8b832c49588cada0adfdbc144f77c2cd3b15cf75ebfc70
production,stored_same_lifetime_midpoint,diphoton_ecal,After diphoton ECAL requirement,1.0,15.787479601057262,alp_photon_combined,"ALP-photon, primary + cascade",combined,47,279.2134866331278,314.75859036840006,0.0003000444032274585,8.441230203239415e-06,2.3115306123496423e-07,1333.5588619586238,8.084431156412501,23.003666834684328,0.35144097741074076,676273.3648262571,919111,86c30645b5a566a67b8b832c49588cada0adfdbc144f77c2cd3b15cf75ebfc70
production,stored_same_lifetime_midpoint,diphoton_ecal,After diphoton ECAL requirement,1.0,15.787479601057262,alp_photon_combined,"ALP-photon, primary + cascade",combined,48,314.75859036840006,354.82874199726274,9.455999559330807e-05,2.3598611871784423e-06,1.084492712849569e-07,473.499624134287,8.084431156412501,23.003666834684328,0.35144097741074076,676273.3648262571,919111,86c30645b5a566a67b8b832c49588cada0adfdbc144f77c2cd3b15cf75ebfc70
production,stored_same_lifetime_midpoint,diphoton_ecal,After diphoton ECAL requirement,1.0,15.787479601057262,alp_photon_combined,"ALP-photon, primary + cascade",combined,49,354.82874199726274,400.0,5.502657954057298e-06,1.2181768224661467e-07,2.224209342247022e-08,29.996414295448705,8.084431156412501,23.003666834684328,0.35144097741074076,676273.3648262571,919111,86c30645b5a566a67b8b832c49588cada0adfdbc144f77c2cd3b15cf75ebfc70
production,stored_same_lifetime_midpoint,diphoton_ecal,After diphoton ECAL requirement,1.0,15.787479601057262,alp_su2l,ALP-$SU(2)_L$,inclusive,0,1.0,1.127304394081711,0.0,0.0,0.0,0.0,796.0135237724098,1605.5666704571752,0.49578353762522354,309228.50947644934,353440,efb8128deabfc20ac334d93fde96e85c5d239dfd0faeac2ce41a631ce9c60eab
production,stored_same_lifetime_midpoint,diphoton_ecal,After diphoton ECAL requirement,1.0,15.787479601057262,alp_su2l,ALP-$SU(2)_L$,inclusive,1,1.127304394081711,1.2708151969159336,0.0,0.0,0.0,0.0,796.0135237724098,1605.5666704571752,0.49578353762522354,309228.50947644934,353440,efb8128deabfc20ac334d93fde96e85c5d239dfd0faeac2ce41a631ce9c60eab
production,stored_same_lifetime_midpoint,diphoton_ecal,After diphoton ECAL requirement,1.0,15.787479601057262,alp_su2l,ALP-$SU(2)_L$,inclusive,2,1.2708151969159336,1.4325955555491467,0.0,0.0,0.0,0.0,796.0135237724098,1605.5666704571752,0.49578353762522354,309228.50947644934,353440,efb8128deabfc20ac334d93fde96e85c5d239dfd0faeac2ce41a631ce9c60eab
production,stored_same_lifetime_midpoint,diphoton_ecal,After diphoton ECAL requirement,1.0,15.787479601057262,alp_su2l,ALP-$SU(2)_L$,inclusive,3,1.4325955555491467,1.614971264712483,0.0,0.0,0.0,0.0,796.0135237724098,1605.5666704571752,0.49578353762522354,309228.50947644934,353440,efb8128deabfc20ac334d93fde96e85c5d239dfd0faeac2ce41a631ce9c60eab
production,stored_same_lifetime_midpoint,diphoton_ecal,After diphoton ECAL requirement,1.0,15.787479601057262,alp_su2l,ALP-$SU(2)_L$,inclusive,4,1.614971264712483,1.8205642030260802,0.0,0.0,0.0,0.0,796.0135237724098,1605.5666704571752,0.49578353762522354,309228.50947644934,353440,efb8128deabfc20ac334d93fde96e85c5d239dfd0faeac2ce41a631ce9c60eab
production,stored_same_lifetime_midpoint,diphoton_ecal,After diphoton ECAL requirement,1.0,15.787479601057262,alp_su2l,ALP-$SU(2)_L$,inclusive,5,1.8205642030260802,2.0523300257791686,0.0,0.0,0.0,0.0,796.0135237724098,1605.5666704571752,0.49578353762522354,309228.50947644934,353440,efb8128deabfc20ac334d93fde96e85c5d239dfd0faeac2ce41a631ce9c60eab
production,stored_same_lifetime_midpoint,diphoton_ecal,After diphoton ECAL requirement,1.0,15.787479601057262,alp_su2l,ALP-$SU(2)_L$,inclusive,6,2.0523300257791686,2.3136006561666878,0.0,0.0,0.0,0.0,796.0135237724098,1605.5666704571752,0.49578353762522354,309228.50947644934,353440,efb8128deabfc20ac334d93fde96e85c5d239dfd0faeac2ce41a631ce9c60eab
production,stored_same_lifetime_midpoint,diphoton_ecal,After diphoton ECAL requirement,1.0,15.787479601057262,alp_su2l,ALP-$SU(2)_L$,inclusive,7,2.3136006561666878,2.608132185847037,0.0,0.0,0.0,0.0,796.0135237724098,1605.5666704571752,0.49578353762522354,309228.50947644934,353440,efb8128deabfc20ac334d93fde96e85c5d239dfd0faeac2ce41a631ce9c60eab
production,stored_same_lifetime_midpoint,diphoton_ecal,After diphoton ECAL requirement,1.0,15.787479601057262,alp_su2l,ALP-$SU(2)_L$,inclusive,8,2.608132185847037,2.9401588734513027,0.0,0.0,0.0,0.0,796.0135237724098,1605.5666704571752,0.49578353762522354,309228.50947644934,353440,efb8128deabfc20ac334d93fde96e85c5d239dfd0faeac2ce41a631ce9c60eab
production,stored_same_lifetime_midpoint,diphoton_ecal,After diphoton ECAL requirement,1.0,15.787479601057262,alp_su2l,ALP-$SU(2)_L$,inclusive,9,2.9401588734513027,3.314454017339987,0.0,0.0,0.0,0.0,796.0135237724098,1605.5666704571752,0.49578353762522354,309228.50947644934,353440,efb8128deabfc20ac334d93fde96e85c5d239dfd0faeac2ce41a631ce9c60eab
production,stored_same_lifetime_midpoint,diphoton_ecal,After diphoton ECAL requirement,1.0,15.787479601057262,alp_su2l,ALP-$SU(2)_L$,inclusive,10,3.314454017339987,3.736398577729146,0.0,0.0,0.0,0.0,796.0135237724098,1605.5666704571752,0.49578353762522354,309228.50947644934,353440,efb8128deabfc20ac334d93fde96e85c5d239dfd0faeac2ce41a631ce9c60eab
production,stored_same_lifetime_midpoint,diphoton_ecal,After diphoton ECAL requirement,1.0,15.787479601057262,alp_su2l,ALP-$SU(2)_L$,inclusive,11,3.736398577729146,4.212058534714722,0.0,0.0,0.0,0.0,796.0135237724098,1605.5666704571752,0.49578353762522354,309228.50947644934,353440,efb8128deabfc20ac334d93fde96e85c5d239dfd0faeac2ce41a631ce9c60eab
production,stored_same_lifetime_midpoint,diphoton_ecal,After diphoton ECAL requirement,1.0,15.787479601057262,alp_su2l,ALP-$SU(2)_L$,inclusive,12,4.212058534714722,4.748272094313281,0.0,0.0,0.0,0.0,796.0135237724098,1605.5666704571752,0.49578353762522354,309228.50947644934,353440,efb8128deabfc20ac334d93fde96e85c5d239dfd0faeac2ce41a631ce9c60eab
production,stored_same_lifetime_midpoint,diphoton_ecal,After diphoton ECAL requirement,1.0,15.787479601057262,alp_su2l,ALP-$SU(2)_L$,inclusive,13,4.748272094313281,5.352747996214929,0.0,0.0,0.0,0.0,796.0135237724098,1605.5666704571752,0.49578353762522354,309228.50947644934,353440,efb8128deabfc20ac334d93fde96e85c5d239dfd0faeac2ce41a631ce9c60eab
production,stored_same_lifetime_midpoint,diphoton_ecal,After diphoton ECAL requirement,1.0,15.787479601057262,alp_su2l,ALP-$SU(2)_L$,inclusive,14,5.352747996214929,6.034176336545162,2.2910087227822912e-05,3.362068448271503e-05,3.362068448271503e-05,1.0,796.0135237724098,1605.5666704571752,0.49578353762522354,309228.50947644934,353440,efb8128deabfc20ac334d93fde96e85c5d239dfd0faeac2ce41a631ce9c60eab
production,stored_same_lifetime_midpoint,diphoton_ecal,After diphoton ECAL requirement,1.0,15.787479601057262,alp_su2l,ALP-$SU(2)_L$,inclusive,15,6.034176336545162,6.802353498851244,0.0,0.0,0.0,0.0,796.0135237724098,1605.5666704571752,0.49578353762522354,309228.50947644934,353440,efb8128deabfc20ac334d93fde96e85c5d239dfd0faeac2ce41a631ce9c60eab
production,stored_same_lifetime_midpoint,diphoton_ecal,After diphoton ECAL requirement,1.0,15.787479601057262,alp_su2l,ALP-$SU(2)_L$,inclusive,16,6.802353498851244,7.668322989352109,2.090486207680044e-05,2.4140414074760695e-05,2.4140414074760688e-05,1.0000000000000002,796.0135237724098,1605.5666704571752,0.49578353762522354,309228.50947644934,353440,efb8128deabfc20ac334d93fde96e85c5d239dfd0faeac2ce41a631ce9c60eab
production,stored_same_lifetime_midpoint,diphoton_ecal,After diphoton ECAL requirement,1.0,15.787479601057262,alp_su2l,ALP-$SU(2)_L$,inclusive,17,7.668322989352109,8.644534201134434,1.8724079167589512e-05,1.9180356608898087e-05,1.918035660889809e-05,0.9999999999999996,796.0135237724098,1605.5666704571752,0.49578353762522354,309228.50947644934,353440,efb8128deabfc20ac334d93fde96e85c5d239dfd0faeac2ce41a631ce9c60eab
production,stored_same_lifetime_midpoint,diphoton_ecal,After diphoton ECAL requirement,1.0,15.787479601057262,alp_su2l,ALP-$SU(2)_L$,inclusive,18,8.644534201134434,9.745021389728478,0.0,0.0,0.0,0.0,796.0135237724098,1605.5666704571752,0.49578353762522354,309228.50947644934,353440,efb8128deabfc20ac334d93fde96e85c5d239dfd0faeac2ce41a631ce9c60eab
production,stored_same_lifetime_midpoint,diphoton_ecal,After diphoton ECAL requirement,1.0,15.787479601057262,alp_su2l,ALP-$SU(2)_L$,inclusive,19,9.745021389728478,10.985605433061178,0.0,0.0,0.0,0.0,796.0135237724098,1605.5666704571752,0.49578353762522354,309228.50947644934,353440,efb8128deabfc20ac334d93fde96e85c5d239dfd0faeac2ce41a631ce9c60eab
production,stored_same_lifetime_midpoint,diphoton_ecal,After diphoton ECAL requirement,1.0,15.787479601057262,alp_su2l,ALP-$SU(2)_L$,inclusive,20,10.985605433061178,12.384121276337785,3.074961684512338e-05,2.198732105392497e-05,1.5551637893680058e-05,1.998905968744409,796.0135237724098,1605.5666704571752,0.49578353762522354,309228.50947644934,353440,efb8128deabfc20ac334d93fde96e85c5d239dfd0faeac2ce41a631ce9c60eab
production,stored_same_lifetime_midpoint,diphoton_ecal,After diphoton ECAL requirement,1.0,15.787479601057262,alp_su2l,ALP-$SU(2)_L$,inclusive,21,12.384121276337785,13.960674331656387,1.4646998392561975e-05,9.290520444681133e-06,9.290520444681137e-06,0.9999999999999992,796.0135237724098,1605.5666704571752,0.49578353762522354,309228.50947644934,353440,efb8128deabfc20ac334d93fde96e85c5d239dfd0faeac2ce41a631ce9c60eab
production,stored_same_lifetime_midpoint,diphoton_ecal,After diphoton ECAL requirement,1.0,15.787479601057262,alp_su2l,ALP-$SU(2)_L$,inclusive,22,13.960674331656387,15.737929518420001,0.0,0.0,0.0,0.0,796.0135237724098,1605.5666704571752,0.49578353762522354,309228.50947644934,353440,efb8128deabfc20ac334d93fde96e85c5d239dfd0faeac2ce41a631ce9c60eab
production,stored_same_lifetime_midpoint,diphoton_ecal,After diphoton ECAL requirement,1.0,15.787479601057262,alp_su2l,ALP-$SU(2)_L$,inclusive,23,15.737929518420001,17.741437099863134,2.286997413564995e-05,1.141496760355488e-05,8.071601672079092e-06,1.9999996666928417,796.0135237724098,1605.5666704571752,0.49578353762522354,309228.50947644934,353440,efb8128deabfc20ac334d93fde96e85c5d239dfd0faeac2ce41a631ce9c60eab
production,stored_same_lifetime_midpoint,diphoton_ecal,After diphoton ECAL requirement,1.0,15.787479601057262,alp_su2l,ALP-$SU(2)_L$,inclusive,24,17.741437099863134,20.000000000000004,0.00010395342426456713,4.602635784828819e-05,1.4558434039014337e-05,9.995025195348228,796.0135237724098,1605.5666704571752,0.49578353762522354,309228.50947644934,353440,efb8128deabfc20ac334d93fde96e85c5d239dfd0faeac2ce41a631ce9c60eab
production,stored_same_lifetime_midpoint,diphoton_ecal,After diphoton ECAL requirement,1.0,15.787479601057262,alp_su2l,ALP-$SU(2)_L$,inclusive,25,20.000000000000004,22.546087881634225,0.0002297122299237726,9.022164222247129e-05,1.8423039446251525e-05,23.98274511326542,796.0135237724098,1605.5666704571752,0.49578353762522354,309228.50947644934,353440,efb8128deabfc20ac334d93fde96e85c5d239dfd0faeac2ce41a631ce9c60eab
production,stored_same_lifetime_midpoint,diphoton_ecal,After diphoton ECAL requirement,1.0,15.787479601057262,alp_su2l,ALP-$SU(2)_L$,inclusive,26,22.546087881634225,25.41630393831867,0.0009385290809656557,0.00032698900097778905,3.133029636814297e-05,108.92743639472252,796.0135237724098,1605.5666704571752,0.49578353762522354,309228.50947644934,353440,efb8128deabfc20ac334d93fde96e85c5d239dfd0faeac2ce41a631ce9c60eab
production,stored_same_lifetime_midpoint,diphoton_ecal,After diphoton ECAL requirement,1.0,15.787479601057262,alp_su2l,ALP-$SU(2)_L$,inclusive,27,25.41630393831867,28.651911110982937,0.003153422597157142,0.000974599952614318,4.8508523485086846e-05,403.66087803378264,796.0135237724098,1605.5666704571752,0.49578353762522354,309228.50947644934,353440,efb8128deabfc20ac334d93fde96e85c5d239dfd0faeac2ce41a631ce9c60eab
production,stored_same_lifetime_midpoint,diphoton_ecal,After diphoton ECAL requirement,1.0,15.787479601057262,alp_su2l,ALP-$SU(2)_L$,inclusive,28,28.651911110982937,32.299425294249666,0.007938606669985894,0.002176442988598894,6.483170481895503e-05,1126.9890770666382,796.0135237724098,1605.5666704571752,0.49578353762522354,309228.50947644934,353440,efb8128deabfc20ac334d93fde96e85c5d239dfd0faeac2ce41a631ce9c60eab
production,stored_same_lifetime_midpoint,diphoton_ecal,After diphoton ECAL requirement,1.0,15.787479601057262,alp_su2l,ALP-$SU(2)_L$,inclusive,29,32.299425294249666,36.411284060521595,0.0161424861905147,0.003925836734210231,7.78409431706432e-05,2543.596916649956,796.0135237724098,1605.5666704571752,0.49578353762522354,309228.50947644934,353440,efb8128deabfc20ac334d93fde96e85c5d239dfd0faeac2ce41a631ce9c60eab
production,stored_same_lifetime_midpoint,diphoton_ecal,After diphoton ECAL requirement,1.0,15.787479601057262,alp_su2l,ALP-$SU(2)_L$,inclusive,30,36.411284060521595,41.046600515583364,0.029400026812956188,0.006342614813461406,8.832160070419802e-05,5157.067456527518,796.0135237724098,1605.5666704571752,0.49578353762522354,309228.50947644934,353440,efb8128deabfc20ac334d93fde96e85c5d239dfd0faeac2ce41a631ce9c60eab
production,stored_same_lifetime_midpoint,diphoton_ecal,After diphoton ECAL requirement,1.0,15.787479601057262,alp_su2l,ALP-$SU(2)_L$,inclusive,31,41.046600515583364,46.27201312333376,0.04606247884609842,0.008815089315201256,9.288748974270495e-05,9006.145961015856,796.0135237724098,1605.5666704571752,0.49578353762522354,309228.50947644934,353440,efb8128deabfc20ac334d93fde96e85c5d239dfd0faeac2ce41a631ce9c60eab
production,stored_same_lifetime_midpoint,diphoton_ecal,After diphoton ECAL requirement,1.0,15.787479601057262,alp_su2l,ALP-$SU(2)_L$,inclusive,32,46.27201312333376,52.16264371694075,0.06478138276447488,0.01099735957552339,9.253740077470696e-05,14123.497487082577,796.0135237724098,1605.5666704571752,0.49578353762522354,309228.50947644934,353440,efb8128deabfc20ac334d93fde96e85c5d239dfd0faeac2ce41a631ce9c60eab
production,stored_same_lifetime_midpoint,diphoton_ecal,After diphoton ECAL requirement,1.0,15.787479601057262,alp_su2l,ALP-$SU(2)_L$,inclusive,33,52.16264371694075,58.80317746902607,0.08494967546503893,0.01279259749841077,8.891135127761067e-05,20701.5588627327,796.0135237724098,1605.5666704571752,0.49578353762522354,309228.50947644934,353440,efb8128deabfc20ac334d93fde96e85c5d239dfd0faeac2ce41a631ce9c60eab
production,stored_same_lifetime_midpoint,diphoton_ecal,After diphoton ECAL requirement,1.0,15.787479601057262,alp_su2l,ALP-$SU(2)_L$,inclusive,34,58.80317746902607,66.28908034679972,0.10187750596508681,0.013609247625636535,8.167247003891636e-05,27766.22586459159,796.0135237724098,1605.5666704571752,0.49578353762522354,309228.50947644934,353440,efb8128deabfc20ac334d93fde96e85c5d239dfd0faeac2ce41a631ce9c60eab
production,stored_same_lifetime_midpoint,diphoton_ecal,After diphoton ECAL requirement,1.0,15.787479601057262,alp_su2l,ALP-$SU(2)_L$,inclusive,35,66.28908034679972,74.72797155458294,0.11408658910057252,0.013519144433969017,7.248423094300287e-05,34786.54886692902,796.0135237724098,1605.5666704571752,0.49578353762522354,309228.50947644934,353440,efb8128deabfc20ac334d93fde96e85c5d239dfd0faeac2ce41a631ce9c60eab
production,stored_same_lifetime_midpoint,diphoton_ecal,After diphoton ECAL requirement,1.0,15.787479601057262,alp_su2l,ALP-$SU(2)_L$,inclusive,36,74.72797155458294,84.24117069429447,0.12032104214250403,0.012647800216883982,6.237972074452993e-05,41109.5896175823,796.0135237724098,1605.5666704571752,0.49578353762522354,309228.50947644934,353440,efb8128deabfc20ac334d93fde96e85c5d239dfd0faeac2ce41a631ce9c60eab
production,stored_same_lifetime_midpoint,diphoton_ecal,After diphoton ECAL requirement,1.0,15.787479601057262,alp_su2l,ALP-$SU(2)_L$,inclusive,37,84.24117069429447,94.96544188626557,0.11344296403036418,0.0105781513726821,5.075311112362137e-05,43440.44008332812,796.0135237724098,1605.5666704571752,0.49578353762522354,309228.50947644934,353440,efb8128deabfc20ac334d93fde96e85c5d239dfd0faeac2ce41a631ce9c60eab
production,stored_same_lifetime_midpoint,diphoton_ecal,After diphoton ECAL requirement,1.0,15.787479601057262,alp_su2l,ALP-$SU(2)_L$,inclusive,38,94.96544188626557,107.05495992429856,0.097664068535319,0.008078408769321734,3.9454567243559055e-05,41923.45641091086,796.0135237724098,1605.5666704571752,0.49578353762522354,309228.50947644934,353440,efb8128deabfc20ac334d93fde96e85c5d239dfd0faeac2ce41a631ce9c60eab
production,stored_same_lifetime_midpoint,diphoton_ecal,After diphoton ECAL requirement,1.0,15.787479601057262,alp_su2l,ALP-$SU(2)_L$,inclusive,39,107.05495992429856,120.68352673090327,0.07797537191905417,0.005721465288724677,2.9526147406730714e-05,37549.22413427599,796.0135237724098,1605.5666704571752,0.49578353762522354,309228.50947644934,353440,efb8128deabfc20ac334d93fde96e85c5d239dfd0faeac2ce41a631ce9c60eab
production,stored_same_lifetime_midpoint,diphoton_ecal,After diphoton ECAL requirement,1.0,15.787479601057262,alp_su2l,ALP-$SU(2)_L$,inclusive,40,120.68352673090327,136.0470699770249,0.05591839120050148,0.003639680658601816,2.0942926832382974e-05,30203.120180680067,796.0135237724098,1605.5666704571752,0.49578353762522354,309228.50947644934,353440,efb8128deabfc20ac334d93fde96e85c5d239dfd0faeac2ce41a631ce9c60eab
production,stored_same_lifetime_midpoint,diphoton_ecal,After diphoton ECAL requirement,1.0,15.787479601057262,alp_su2l,ALP-$SU(2)_L$,inclusive,41,136.0470699770249,153.3664597870422,0.03446223007447719,0.0019898062490945672,1.3765635036578237e-05,20894.360271456553,796.0135237724098,1605.5666704571752,0.49578353762522354,309228.50947644934,353440,efb8128deabfc20ac334d93fde96e85c5d239dfd0faeac2ce41a631ce9c60eab
production,stored_same_lifetime_midpoint,diphoton_ecal,After diphoton ECAL requirement,1.0,15.787479601057262,alp_su2l,ALP-$SU(2)_L$,inclusive,42,153.3664597870422,172.89068402268873,0.018407471188201567,0.0009428016686365423,8.426186659424507e-06,12519.256396766246,796.0135237724098,1605.5666704571752,0.49578353762522354,309228.50947644934,353440,efb8128deabfc20ac334d93fde96e85c5d239dfd0faeac2ce41a631ce9c60eab
production,stored_same_lifetime_midpoint,diphoton_ecal,After diphoton ECAL requirement,1.0,15.787479601057262,alp_su2l,ALP-$SU(2)_L$,inclusive,43,172.89068402268873,194.9004277945695,0.008176574060967858,0.00037149792136217827,4.7042090367005945e-06,6236.480266742424,796.0135237724098,1605.5666704571752,0.49578353762522354,309228.50947644934,353440,efb8128deabfc20ac334d93fde96e85c5d239dfd0faeac2ce41a631ce9c60eab
production,stored_same_lifetime_midpoint,diphoton_ecal,After diphoton ECAL requirement,1.0,15.787479601057262,alp_su2l,ALP-$SU(2)_L$,inclusive,44,194.9004277945695,219.71210866122348,0.002852668524027864,0.00011497280411428113,2.32455538165706e-06,2446.30415089787,796.0135237724098,1605.5666704571752,0.49578353762522354,309228.50947644934,353440,efb8128deabfc20ac334d93fde96e85c5d239dfd0faeac2ce41a631ce9c60eab
production,stored_same_lifetime_midpoint,diphoton_ecal,After diphoton ECAL requirement,1.0,15.787479601057262,alp_su2l,ALP-$SU(2)_L$,inclusive,45,219.71210866122348,247.6824255267556,0.0008056861123105793,2.8805040578693915e-05,1.0345690428284894e-06,775.2076053198065,796.0135237724098,1605.5666704571752,0.49578353762522354,309228.50947644934,353440,efb8128deabfc20ac334d93fde96e85c5d239dfd0faeac2ce41a631ce9c60eab
production,stored_same_lifetime_midpoint,diphoton_ecal,After diphoton ECAL requirement,1.0,15.787479601057262,alp_su2l,ALP-$SU(2)_L$,inclusive,46,247.6824255267556,279.2134866331278,0.00016425114275115182,5.209185386975698e-06,3.9174524752137045e-07,176.820312657363,796.0135237724098,1605.5666704571752,0.49578353762522354,309228.50947644934,353440,efb8128deabfc20ac334d93fde96e85c5d239dfd0faeac2ce41a631ce9c60eab
production,stored_same_lifetime_midpoint,diphoton_ecal,After diphoton ECAL requirement,1.0,15.787479601057262,alp_su2l,ALP-$SU(2)_L$,inclusive,47,279.2134866331278,314.75859036840006,1.4106304636024072e-05,3.9685647680431554e-07,9.628660496209889e-08,16.987724033906762,796.0135237724098,1605.5666704571752,0.49578353762522354,309228.50947644934,353440,efb8128deabfc20ac334d93fde96e85c5d239dfd0faeac2ce41a631ce9c60eab
production,stored_same_lifetime_midpoint,diphoton_ecal,After diphoton ECAL requirement,1.0,15.787479601057262,alp_su2l,ALP-$SU(2)_L$,inclusive,48,314.75859036840006,354.82874199726274,0.0,0.0,0.0,0.0,796.0135237724098,1605.5666704571752,0.49578353762522354,309228.50947644934,353440,efb8128deabfc20ac334d93fde96e85c5d239dfd0faeac2ce41a631ce9c60eab
production,stored_same_lifetime_midpoint,diphoton_ecal,After diphoton ECAL requirement,1.0,15.787479601057262,alp_su2l,ALP-$SU(2)_L$,inclusive,49,354.82874199726274,400.0,0.0,0.0,0.0,0.0,796.0135237724098,1605.5666704571752,0.49578353762522354,309228.50947644934,353440,efb8128deabfc20ac334d93fde96e85c5d239dfd0faeac2ce41a631ce9c60eab
production,stored_same_lifetime_midpoint,mother_level,Before ECAL requirement,1.0,15.787479601057262,alp_photon_combined,"ALP-photon, primary + cascade",combined,0,1.0,1.127304394081711,0.0,0.0,0.0,0.0,23.003666834684328,23.003666834684328,1.0,1354740.3079045191,1891271,ebbf8570d18ef419ea39a9a7230d81529543db762c08cb990490441c158d6da4
production,stored_same_lifetime_midpoint,mother_level,Before ECAL requirement,1.0,15.787479601057262,alp_photon_combined,"ALP-photon, primary + cascade",combined,1,1.127304394081711,1.2708151969159336,1.528184630942428e-07,1.0648568614780303e-06,7.609500536809141e-07,1.9582591445971178,23.003666834684328,23.003666834684328,1.0,1354740.3079045191,1891271,ebbf8570d18ef419ea39a9a7230d81529543db762c08cb990490441c158d6da4
production,stored_same_lifetime_midpoint,mother_level,Before ECAL requirement,1.0,15.787479601057262,alp_photon_combined,"ALP-photon, primary + cascade",combined,2,1.2708151969159336,1.4325955555491467,1.6693738753297072e-06,1.0318767305458231e-05,4.316721746842645e-06,5.7140959341440745,23.003666834684328,23.003666834684328,1.0,1354740.3079045191,1891271,ebbf8570d18ef419ea39a9a7230d81529543db762c08cb990490441c158d6da4
production,stored_same_lifetime_midpoint,mother_level,Before ECAL requirement,1.0,15.787479601057262,alp_photon_combined,"ALP-photon, primary + cascade",combined,3,1.4325955555491467,1.614971264712483,4.848162278053225e-06,2.658337725070172e-05,8.449569313364985e-06,9.898084639289552,23.003666834684328,23.003666834684328,1.0,1354740.3079045191,1891271,ebbf8570d18ef419ea39a9a7230d81529543db762c08cb990490441c158d6da4
production,stored_same_lifetime_midpoint,mother_level,Before ECAL requirement,1.0,15.787479601057262,alp_photon_combined,"ALP-photon, primary + cascade",combined,4,1.614971264712483,1.8205642030260802,1.6411001929005227e-05,7.982278994414204e-05,1.66460271346682e-05,22.994957414941997,23.003666834684328,23.003666834684328,1.0,1354740.3079045191,1891271,ebbf8570d18ef419ea39a9a7230d81529543db762c08cb990490441c158d6da4
production,stored_same_lifetime_midpoint,mother_level,Before ECAL requirement,1.0,15.787479601057262,alp_photon_combined,"ALP-photon, primary + cascade",combined,5,1.8205642030260802,2.0523300257791686,4.485944536662218e-05,0.000193555049807379,2.9392848970910403e-05,43.36363164701307,23.003666834684328,23.003666834684328,1.0,1354740.3079045191,1891271,ebbf8570d18ef419ea39a9a7230d81529543db762c08cb990490441c158d6da4
production,stored_same_lifetime_midpoint,mother_level,Before ECAL requirement,1.0,15.787479601057262,alp_photon_combined,"ALP-photon, primary + cascade",combined,6,2.0523300257791686,2.3136006561666878,8.94935507931613e-05,0.0003425319970347359,3.705124523507104e-05,85.46664895590222,23.003666834684328,23.003666834684328,1.0,1354740.3079045191,1891271,ebbf8570d18ef419ea39a9a7230d81529543db762c08cb990490441c158d6da4
production,stored_same_lifetime_midpoint,mother_level,Before ECAL requirement,1.0,15.787479601057262,alp_photon_combined,"ALP-photon, primary + cascade",combined,7,2.3136006561666878,2.608132185847037,0.00020191238363078366,0.0006855374154675938,5.128864732009575e-05,178.6569169885778,23.003666834684328,23.003666834684328,1.0,1354740.3079045191,1891271,ebbf8570d18ef419ea39a9a7230d81529543db762c08cb990490441c158d6da4
production,stored_same_lifetime_midpoint,mother_level,Before ECAL requirement,1.0,15.787479601057262,alp_photon_combined,"ALP-photon, primary + cascade",combined,8,2.608132185847037,2.9401588734513027,0.0003973364948069065,0.0011967004751150673,6.785686945810787e-05,311.01639795580735,23.003666834684328,23.003666834684328,1.0,1354740.3079045191,1891271,ebbf8570d18ef419ea39a9a7230d81529543db762c08cb990490441c158d6da4
production,stored_same_lifetime_midpoint,mother_level,Before ECAL requirement,1.0,15.787479601057262,alp_photon_combined,"ALP-photon, primary + cascade",combined,9,2.9401588734513027,3.314454017339987,0.0008556966745873582,0.00228615489289341,8.632975042964391e-05,701.2781900547631,23.003666834684328,23.003666834684328,1.0,1354740.3079045191,1891271,ebbf8570d18ef419ea39a9a7230d81529543db762c08cb990490441c158d6da4
production,stored_same_lifetime_midpoint,mother_level,Before ECAL requirement,1.0,15.787479601057262,alp_photon_combined,"ALP-photon, primary + cascade",combined,10,3.314454017339987,3.736398577729146,0.0013492550628845634,0.003197706972783689,9.71793253951999e-05,1082.7534295704338,23.003666834684328,23.003666834684328,1.0,1354740.3079045191,1891271,ebbf8570d18ef419ea39a9a7230d81529543db762c08cb990490441c158d6da4
production,stored_same_lifetime_midpoint,mother_level,Before ECAL requirement,1.0,15.787479601057262,alp_photon_combined,"ALP-photon, primary + cascade",combined,11,3.736398577729146,4.212058534714722,0.002205395337969629,0.004636495684745029,0.00010874751879731363,1817.7786832642585,23.003666834684328,23.003666834684328,1.0,1354740.3079045191,1891271,ebbf8570d18ef419ea39a9a7230d81529543db762c08cb990490441c158d6da4
production,stored_same_lifetime_midpoint,mother_level,Before ECAL requirement,1.0,15.787479601057262,alp_photon_combined,"ALP-photon, primary + cascade",combined,12,4.212058534714722,4.748272094313281,0.0034642341102280026,0.006460549249857714,0.00012026833841956437,2885.6008758221537,23.003666834684328,23.003666834684328,1.0,1354740.3079045191,1891271,ebbf8570d18ef419ea39a9a7230d81529543db762c08cb990490441c158d6da4
production,stored_same_lifetime_midpoint,mother_level,Before ECAL requirement,1.0,15.787479601057262,alp_photon_combined,"ALP-photon, primary + cascade",combined,13,4.748272094313281,5.352747996214929,0.005521106741564628,0.009133708596480895,0.000135046857722312,4574.307294606538,23.003666834684328,23.003666834684328,1.0,1354740.3079045191,1891271,ebbf8570d18ef419ea39a9a7230d81529543db762c08cb990490441c158d6da4
production,stored_same_lifetime_midpoint,mother_level,Before ECAL requirement,1.0,15.787479601057262,alp_photon_combined,"ALP-photon, primary + cascade",combined,14,5.352747996214929,6.034176336545162,0.008981118710857038,0.01317984324882147,0.000150414921501812,7677.832750237015,23.003666834684328,23.003666834684328,1.0,1354740.3079045191,1891271,ebbf8570d18ef419ea39a9a7230d81529543db762c08cb990490441c158d6da4
production,stored_same_lifetime_midpoint,mother_level,Before ECAL requirement,1.0,15.787479601057262,alp_photon_combined,"ALP-photon, primary + cascade",combined,15,6.034176336545162,6.802353498851244,0.013716878143664702,0.017856399300503,0.0001643951822744087,11798.032978201629,23.003666834684328,23.003666834684328,1.0,1354740.3079045191,1891271,ebbf8570d18ef419ea39a9a7230d81529543db762c08cb990490441c158d6da4
production,stored_same_lifetime_midpoint,mother_level,Before ECAL requirement,1.0,15.787479601057262,alp_photon_combined,"ALP-photon, primary + cascade",combined,16,6.802353498851244,7.668322989352109,0.020723858184509714,0.023931395287983305,0.00017684353777538871,18312.922258554685,23.003666834684328,23.003666834684328,1.0,1354740.3079045191,1891271,ebbf8570d18ef419ea39a9a7230d81529543db762c08cb990490441c158d6da4
production,stored_same_lifetime_midpoint,mother_level,Before ECAL requirement,1.0,15.787479601057262,alp_photon_combined,"ALP-photon, primary + cascade",combined,17,7.668322989352109,8.644534201134434,0.028610376656503667,0.029307568189334842,0.0001815364990004148,26063.43526695763,23.003666834684328,23.003666834684328,1.0,1354740.3079045191,1891271,ebbf8570d18ef419ea39a9a7230d81529543db762c08cb990490441c158d6da4
production,stored_same_lifetime_midpoint,mother_level,Before ECAL requirement,1.0,15.787479601057262,alp_photon_combined,"ALP-photon, primary + cascade",combined,18,8.644534201134434,9.745021389728478,0.038397806713172784,0.03489164354764446,0.00018311492572472323,36307.417889440934,23.003666834684328,23.003666834684328,1.0,1354740.3079045191,1891271,ebbf8570d18ef419ea39a9a7230d81529543db762c08cb990490441c158d6da4
production,stored_same_lifetime_midpoint,mother_level,Before ECAL requirement,1.0,15.787479601057262,alp_photon_combined,"ALP-photon, primary + cascade",combined,19,9.745021389728478,10.985605433061178,0.04662510905743331,0.03758319261642269,0.0001760663975173896,45565.315637001004,23.003666834684328,23.003666834684328,1.0,1354740.3079045191,1891271,ebbf8570d18ef419ea39a9a7230d81529543db762c08cb990490441c158d6da4
production,stored_same_lifetime_midpoint,mother_level,Before ECAL requirement,1.0,15.787479601057262,alp_photon_combined,"ALP-photon, primary + cascade",combined,20,10.985605433061178,12.384121276337785,0.05516389230388955,0.039444595904358934,0.00016610040135627696,56394.09852593165,23.003666834684328,23.003666834684328,1.0,1354740.3079045191,1891271,ebbf8570d18ef419ea39a9a7230d81529543db762c08cb990490441c158d6da4
production,stored_same_lifetime_midpoint,mother_level,Before ECAL requirement,1.0,15.787479601057262,alp_photon_combined,"ALP-photon, primary + cascade",combined,21,12.384121276337785,13.960674331656387,0.0620547234608966,0.039361011829922916,0.00015354310877856232,65716.11018427477,23.003666834684328,23.003666834684328,1.0,1354740.3079045191,1891271,ebbf8570d18ef419ea39a9a7230d81529543db762c08cb990490441c158d6da4
production,stored_same_lifetime_midpoint,mother_level,Before ECAL requirement,1.0,15.787479601057262,alp_photon_combined,"ALP-photon, primary + cascade",combined,22,13.960674331656387,15.737929518420001,0.0666973582502541,0.03752829573771571,0.0001376311179594199,74350.58834808719,23.003666834684328,23.003666834684328,1.0,1354740.3079045191,1891271,ebbf8570d18ef419ea39a9a7230d81529543db762c08cb990490441c158d6da4
production,stored_same_lifetime_midpoint,mother_level,Before ECAL requirement,1.0,15.787479601057262,alp_photon_combined,"ALP-photon, primary + cascade",combined,23,15.737929518420001,17.741437099863134,0.06883320369509346,0.03435634800319183,0.00011991465087703242,82086.07528129079,23.003666834684328,23.003666834684328,1.0,1354740.3079045191,1891271,ebbf8570d18ef419ea39a9a7230d81529543db762c08cb990490441c158d6da4
production,stored_same_lifetime_midpoint,mother_level,Before ECAL requirement,1.0,15.787479601057262,alp_photon_combined,"ALP-photon, primary + cascade",combined,24,17.741437099863134,20.000000000000004,0.06929211590895074,0.030679737059681453,0.00010357710506990096,87735.57552389722,23.003666834684328,23.003666834684328,1.0,1354740.3079045191,1891271,ebbf8570d18ef419ea39a9a7230d81529543db762c08cb990490441c158d6da4
production,stored_same_lifetime_midpoint,mother_level,Before ECAL requirement,1.0,15.787479601057262,alp_photon_combined,"ALP-photon, primary + cascade",combined,25,20.000000000000004,22.546087881634225,0.06947113468874655,0.027285442576379607,8.834316380158428e-05,95392.9123917155,23.003666834684328,23.003666834684328,1.0,1354740.3079045191,1891271,ebbf8570d18ef419ea39a9a7230d81529543db762c08cb990490441c158d6da4
production,stored_same_lifetime_midpoint,mother_level,Before ECAL requirement,1.0,15.787479601057262,alp_photon_combined,"ALP-photon, primary + cascade",combined,26,22.546087881634225,25.41630393831867,0.0665976399733704,0.023203005856744195,7.415493641593443e-05,97905.78763683468,23.003666834684328,23.003666834684328,1.0,1354740.3079045191,1891271,ebbf8570d18ef419ea39a9a7230d81529543db762c08cb990490441c158d6da4
production,stored_same_lifetime_midpoint,mother_level,Before ECAL requirement,1.0,15.787479601057262,alp_photon_combined,"ALP-photon, primary + cascade",combined,27,25.41630393831867,28.651911110982937,0.06078328981346359,0.018785744551126506,6.022188196518665e-05,97307.91752192186,23.003666834684328,23.003666834684328,1.0,1354740.3079045191,1891271,ebbf8570d18ef419ea39a9a7230d81529543db762c08cb990490441c158d6da4
production,stored_same_lifetime_midpoint,mother_level,Before ECAL requirement,1.0,15.787479601057262,alp_photon_combined,"ALP-photon, primary + cascade",combined,28,28.651911110982937,32.299425294249666,0.05366430210946744,0.014712568454334416,4.820886860746227e-05,93137.18646075063,23.003666834684328,23.003666834684328,1.0,1354740.3079045191,1891271,ebbf8570d18ef419ea39a9a7230d81529543db762c08cb990490441c158d6da4
production,stored_same_lifetime_midpoint,mother_level,Before ECAL requirement,1.0,15.787479601057262,alp_photon_combined,"ALP-photon, primary + cascade",combined,29,32.299425294249666,36.411284060521595,0.04757588251011936,0.011570407743662523,3.854232193943365e-05,90120.08201993574,23.003666834684328,23.003666834684328,1.0,1354740.3079045191,1891271,ebbf8570d18ef419ea39a9a7230d81529543db762c08cb990490441c158d6da4
production,stored_same_lifetime_midpoint,mother_level,Before ECAL requirement,1.0,15.787479601057262,alp_photon_combined,"ALP-photon, primary + cascade",combined,30,36.411284060521595,41.046600515583364,0.041734685741796056,0.009003632469628205,3.063321376470755e-05,86387.39822883795,23.003666834684328,23.003666834684328,1.0,1354740.3079045191,1891271,ebbf8570d18ef419ea39a9a7230d81529543db762c08cb990490441c158d6da4
production,stored_same_lifetime_midpoint,mother_level,Before ECAL requirement,1.0,15.787479601057262,alp_photon_combined,"ALP-photon, primary + cascade",combined,31,41.046600515583364,46.27201312333376,0.036342247239167645,0.0069549048022091884,2.415265115896625e-05,82918.75295889533,23.003666834684328,23.003666834684328,1.0,1354740.3079045191,1891271,ebbf8570d18ef419ea39a9a7230d81529543db762c08cb990490441c158d6da4
production,stored_same_lifetime_midpoint,mother_level,Before ECAL requirement,1.0,15.787479601057262,alp_photon_combined,"ALP-photon, primary + cascade",combined,32,46.27201312333376,52.16264371694075,0.030155710774977196,0.0051192669945565265,1.86010230317912e-05,75742.89499188655,23.003666834684328,23.003666834684328,1.0,1354740.3079045191,1891271,ebbf8570d18ef419ea39a9a7230d81529543db762c08cb990490441c158d6da4
production,stored_same_lifetime_midpoint,mother_level,Before ECAL requirement,1.0,15.787479601057262,alp_photon_combined,"ALP-photon, primary + cascade",combined,33,52.16264371694075,58.80317746902607,0.024373242685442373,0.0036703740385008172,1.4112877081911097e-05,67637.80895506233,23.003666834684328,23.003666834684328,1.0,1354740.3079045191,1891271,ebbf8570d18ef419ea39a9a7230d81529543db762c08cb990490441c158d6da4
production,stored_same_lifetime_midpoint,mother_level,Before ECAL requirement,1.0,15.787479601057262,alp_photon_combined,"ALP-photon, primary + cascade",combined,34,58.80317746902607,66.28908034679972,0.01994630165077499,0.0026645151528745348,1.0777429689466078e-05,61123.1872413779,23.003666834684328,23.003666834684328,1.0,1354740.3079045191,1891271,ebbf8570d18ef419ea39a9a7230d81529543db762c08cb990490441c158d6da4
production,stored_same_lifetime_midpoint,mother_level,Before ECAL requirement,1.0,15.787479601057262,alp_photon_combined,"ALP-photon, primary + cascade",combined,35,66.28908034679972,74.72797155458294,0.015084138113318372,0.0017874549797971357,7.887143862124556e-06,51360.67223291373,23.003666834684328,23.003666834684328,1.0,1354740.3079045191,1891271,ebbf8570d18ef419ea39a9a7230d81529543db762c08cb990490441c158d6da4
production,stored_same_lifetime_midpoint,mother_level,Before ECAL requirement,1.0,15.787479601057262,alp_photon_combined,"ALP-photon, primary + cascade",combined,36,74.72797155458294,84.24117069429447,0.011520042280578539,0.0012109535511024593,5.79499291404819e-06,43666.577256574375,23.003666834684328,23.003666834684328,1.0,1354740.3079045191,1891271,ebbf8570d18ef419ea39a9a7230d81529543db762c08cb990490441c158d6da4
production,stored_same_lifetime_midpoint,mother_level,Before ECAL requirement,1.0,15.787479601057262,alp_photon_combined,"ALP-photon, primary + cascade",combined,37,84.24117069429447,94.96544188626557,0.008887933215369152,0.0008287680399226802,4.290366308735745e-06,37314.46700852703,23.003666834684328,23.003666834684328,1.0,1354740.3079045191,1891271,ebbf8570d18ef419ea39a9a7230d81529543db762c08cb990490441c158d6da4
production,stored_same_lifetime_midpoint,mother_level,Before ECAL requirement,1.0,15.787479601057262,alp_photon_combined,"ALP-photon, primary + cascade",combined,38,94.96544188626557,107.05495992429856,0.006547673824396601,0.0005415992435594175,3.101789236669145e-06,30488.182046392376,23.003666834684328,23.003666834684328,1.0,1354740.3079045191,1891271,ebbf8570d18ef419ea39a9a7230d81529543db762c08cb990490441c158d6da4
production,stored_same_lifetime_midpoint,mother_level,Before ECAL requirement,1.0,15.787479601057262,alp_photon_combined,"ALP-photon, primary + cascade",combined,39,107.05495992429856,120.68352673090327,0.004766267990756187,0.00034972628144922375,2.2241009207367962e-06,24725.6410724184,23.003666834684328,23.003666834684328,1.0,1354740.3079045191,1891271,ebbf8570d18ef419ea39a9a7230d81529543db762c08cb990490441c158d6da4
production,stored_same_lifetime_midpoint,mother_level,Before ECAL requirement,1.0,15.787479601057262,alp_photon_combined,"ALP-photon, primary + cascade",combined,40,120.68352673090327,136.0470699770249,0.0033323015939013727,0.00021689668460708611,1.5649731603925338e-06,19208.437543132986,23.003666834684328,23.003666834684328,1.0,1354740.3079045191,1891271,ebbf8570d18ef419ea39a9a7230d81529543db762c08cb990490441c158d6da4
production,stored_same_lifetime_midpoint,mother_level,Before ECAL requirement,1.0,15.787479601057262,alp_photon_combined,"ALP-photon, primary + cascade",combined,41,136.0470699770249,153.3664597870422,0.0021281020981764893,0.0001228739650484467,1.047177419699824e-06,13768.264729600733,23.003666834684328,23.003666834684328,1.0,1354740.3079045191,1891271,ebbf8570d18ef419ea39a9a7230d81529543db762c08cb990490441c158d6da4
production,stored_same_lifetime_midpoint,mother_level,Before ECAL requirement,1.0,15.787479601057262,alp_photon_combined,"ALP-photon, primary + cascade",combined,42,153.3664597870422,172.89068402268873,0.0014453153061382551,7.402677252084913e-05,7.226390995677942e-07,10493.846760289298,23.003666834684328,23.003666834684328,1.0,1354740.3079045191,1891271,ebbf8570d18ef419ea39a9a7230d81529543db762c08cb990490441c158d6da4
production,stored_same_lifetime_midpoint,mother_level,Before ECAL requirement,1.0,15.787479601057262,alp_photon_combined,"ALP-photon, primary + cascade",combined,43,172.89068402268873,194.9004277945695,0.0009746727677839474,4.42836944348789e-05,4.987725057460682e-07,7882.83942196193,23.003666834684328,23.003666834684328,1.0,1354740.3079045191,1891271,ebbf8570d18ef419ea39a9a7230d81529543db762c08cb990490441c158d6da4
production,stored_same_lifetime_midpoint,mother_level,Before ECAL requirement,1.0,15.787479601057262,alp_photon_combined,"ALP-photon, primary + cascade",combined,44,194.9004277945695,219.71210866122348,0.0006481000571063816,2.6120763868819757e-05,3.4189605868802274e-07,5836.917536049774,23.003666834684328,23.003666834684328,1.0,1354740.3079045191,1891271,ebbf8570d18ef419ea39a9a7230d81529543db762c08cb990490441c158d6da4
production,stored_same_lifetime_midpoint,mother_level,Before ECAL requirement,1.0,15.787479601057262,alp_photon_combined,"ALP-photon, primary + cascade",combined,45,219.71210866122348,247.6824255267556,0.000395445335347848,1.413803559140784e-05,2.2425503068171813e-07,3974.6029694949443,23.003666834684328,23.003666834684328,1.0,1354740.3079045191,1891271,ebbf8570d18ef419ea39a9a7230d81529543db762c08cb990490441c158d6da4
production,stored_same_lifetime_midpoint,mother_level,Before ECAL requirement,1.0,15.787479601057262,alp_photon_combined,"ALP-photon, primary + cascade",combined,46,247.6824255267556,279.2134866331278,0.00023527231841227023,7.461604847948598e-06,1.4475617006288376e-07,2656.9924703770034,23.003666834684328,23.003666834684328,1.0,1354740.3079045191,1891271,ebbf8570d18ef419ea39a9a7230d81529543db762c08cb990490441c158d6da4
production,stored_same_lifetime_midpoint,mother_level,Before ECAL requirement,1.0,15.787479601057262,alp_photon_combined,"ALP-photon, primary + cascade",combined,47,279.2134866331278,314.75859036840006,0.00010624716825264305,2.989080269505906e-06,8.154752522149507e-08,1343.5492294880466,23.003666834684328,23.003666834684328,1.0,1354740.3079045191,1891271,ebbf8570d18ef419ea39a9a7230d81529543db762c08cb990490441c158d6da4
production,stored_same_lifetime_midpoint,mother_level,Before ECAL requirement,1.0,15.787479601057262,alp_photon_combined,"ALP-photon, primary + cascade",combined,48,314.75859036840006,354.82874199726274,3.330464004358964e-05,8.311583233341245e-07,3.815630133886984e-08,474.49864515645606,23.003666834684328,23.003666834684328,1.0,1354740.3079045191,1891271,ebbf8570d18ef419ea39a9a7230d81529543db762c08cb990490441c158d6da4
production,stored_same_lifetime_midpoint,mother_level,Before ECAL requirement,1.0,15.787479601057262,alp_photon_combined,"ALP-photon, primary + cascade",combined,49,354.82874199726274,400.0,1.9338594898081056e-06,4.281172531637084e-08,7.816783051251079e-09,29.99641430400617,23.003666834684328,23.003666834684328,1.0,1354740.3079045191,1891271,ebbf8570d18ef419ea39a9a7230d81529543db762c08cb990490441c158d6da4
production,stored_same_lifetime_midpoint,mother_level,Before ECAL requirement,1.0,15.787479601057262,alp_su2l,ALP-$SU(2)_L$,inclusive,0,1.0,1.127304394081711,0.0,0.0,0.0,0.0,1605.5666704571752,1605.5666704571752,1.0,483441.8641468745,611331,c4ce0019f1e72cfdbeb566a881dc42fab3c59ecbb42b8c76db0399ab846dd673
production,stored_same_lifetime_midpoint,mother_level,Before ECAL requirement,1.0,15.787479601057262,alp_su2l,ALP-$SU(2)_L$,inclusive,1,1.127304394081711,1.2708151969159336,0.0,0.0,0.0,0.0,1605.5666704571752,1605.5666704571752,1.0,483441.8641468745,611331,c4ce0019f1e72cfdbeb566a881dc42fab3c59ecbb42b8c76db0399ab846dd673
production,stored_same_lifetime_midpoint,mother_level,Before ECAL requirement,1.0,15.787479601057262,alp_su2l,ALP-$SU(2)_L$,inclusive,2,1.2708151969159336,1.4325955555491467,2.1622298654337037e-05,0.00013365218643975749,6.058495065799215e-05,4.866566011565236,1605.5666704571752,1605.5666704571752,1.0,483441.8641468745,611331,c4ce0019f1e72cfdbeb566a881dc42fab3c59ecbb42b8c76db0399ab846dd673
production,stored_same_lifetime_midpoint,mother_level,Before ECAL requirement,1.0,15.787479601057262,alp_su2l,ALP-$SU(2)_L$,inclusive,3,1.4325955555491467,1.614971264712483,3.842226364659427e-05,0.0002106764317619907,8.627472169313675e-05,5.962999516602622,1605.5666704571752,1605.5666704571752,1.0,483441.8641468745,611331,c4ce0019f1e72cfdbeb566a881dc42fab3c59ecbb42b8c76db0399ab846dd673
production,stored_same_lifetime_midpoint,mother_level,Before ECAL requirement,1.0,15.787479601057262,alp_su2l,ALP-$SU(2)_L$,inclusive,4,1.614971264712483,1.8205642030260802,0.0001768713687941418,0.0008602988519204606,0.00018375260439849815,21.919552331799938,1605.5666704571752,1605.5666704571752,1.0,483441.8641468745,611331,c4ce0019f1e72cfdbeb566a881dc42fab3c59ecbb42b8c76db0399ab846dd673
production,stored_same_lifetime_midpoint,mother_level,Before ECAL requirement,1.0,15.787479601057262,alp_su2l,ALP-$SU(2)_L$,inclusive,5,1.8205642030260802,2.0523300257791686,0.0003052053854813084,0.0013168696827506742,0.00023300432219623243,31.941671897476358,1605.5666704571752,1605.5666704571752,1.0,483441.8641468745,611331,c4ce0019f1e72cfdbeb566a881dc42fab3c59ecbb42b8c76db0399ab846dd673
production,stored_same_lifetime_midpoint,mother_level,Before ECAL requirement,1.0,15.787479601057262,alp_su2l,ALP-$SU(2)_L$,inclusive,6,2.0523300257791686,2.3136006561666878,0.00034643318010504177,0.0013259553115143813,0.0002344711535510738,31.980034986587174,1605.5666704571752,1605.5666704571752,1.0,483441.8641468745,611331,c4ce0019f1e72cfdbeb566a881dc42fab3c59ecbb42b8c76db0399ab846dd673
production,stored_same_lifetime_midpoint,mother_level,Before ECAL requirement,1.0,15.787479601057262,alp_su2l,ALP-$SU(2)_L$,inclusive,7,2.3136006561666878,2.608132185847037,0.00079216143767371,0.0026895641309894074,0.0003262052367015935,67.98012379613485,1605.5666704571752,1605.5666704571752,1.0,483441.8641468745,611331,c4ce0019f1e72cfdbeb566a881dc42fab3c59ecbb42b8c76db0399ab846dd673
production,stored_same_lifetime_midpoint,mother_level,Before ECAL requirement,1.0,15.787479601057262,alp_su2l,ALP-$SU(2)_L$,inclusive,8,2.608132185847037,2.9401588734513027,0.0010816366606706664,0.003257679882527524,0.00034728530815993124,87.99216226656694,1605.5666704571752,1605.5666704571752,1.0,483441.8641468745,611331,c4ce0019f1e72cfdbeb566a881dc42fab3c59ecbb42b8c76db0399ab846dd673
production,stored_same_lifetime_midpoint,mother_level,Before ECAL requirement,1.0,15.787479601057262,alp_su2l,ALP-$SU(2)_L$,inclusive,9,2.9401588734513027,3.314454017339987,0.0018624885113121825,0.00497598898014581,0.0004090284169011596,147.9966405353334,1605.5666704571752,1605.5666704571752,1.0,483441.8641468745,611331,c4ce0019f1e72cfdbeb566a881dc42fab3c59ecbb42b8c76db0399ab846dd673
production,stored_same_lifetime_midpoint,mother_level,Before ECAL requirement,1.0,15.787479601057262,alp_su2l,ALP-$SU(2)_L$,inclusive,10,3.314454017339987,3.736398577729146,0.0017378057731430967,0.004118564229244522,0.00035187274836162254,136.9999536240857,1605.5666704571752,1605.5666704571752,1.0,483441.8641468745,611331,c4ce0019f1e72cfdbeb566a881dc42fab3c59ecbb42b8c76db0399ab846dd673
production,stored_same_lifetime_midpoint,mother_level,Before ECAL requirement,1.0,15.787479601057262,alp_su2l,ALP-$SU(2)_L$,inclusive,11,3.736398577729146,4.212058534714722,0.0023156173972805885,0.004868220171307815,0.0003588932781019209,183.9965900543515,1605.5666704571752,1605.5666704571752,1.0,483441.8641468745,611331,c4ce0019f1e72cfdbeb566a881dc42fab3c59ecbb42b8c76db0399ab846dd673
production,stored_same_lifetime_midpoint,mother_level,Before ECAL requirement,1.0,15.787479601057262,alp_su2l,ALP-$SU(2)_L$,inclusive,12,4.212058534714722,4.748272094313281,0.002674688348595385,0.004988102782402249,0.0003386241196313786,216.98764662137393,1605.5666704571752,1605.5666704571752,1.0,483441.8641468745,611331,c4ce0019f1e72cfdbeb566a881dc42fab3c59ecbb42b8c76db0399ab846dd673
production,stored_same_lifetime_midpoint,mother_level,Before ECAL requirement,1.0,15.787479601057262,alp_su2l,ALP-$SU(2)_L$,inclusive,13,4.748272094313281,5.352747996214929,0.0026291192692234626,0.004349419490425336,0.0002932541256873383,219.97550887316797,1605.5666704571752,1605.5666704571752,1.0,483441.8641468745,611331,c4ce0019f1e72cfdbeb566a881dc42fab3c59ecbb42b8c76db0399ab846dd673
production,stored_same_lifetime_midpoint,mother_level,Before ECAL requirement,1.0,15.787479601057262,alp_su2l,ALP-$SU(2)_L$,inclusive,14,5.352747996214929,6.034176336545162,0.002502454655671352,0.003672366568227286,0.0002481786359180974,218.9592333566514,1605.5666704571752,1605.5666704571752,1.0,483441.8641468745,611331,c4ce0019f1e72cfdbeb566a881dc42fab3c59ecbb42b8c76db0399ab846dd673
production,stored_same_lifetime_midpoint,mother_level,Before ECAL requirement,1.0,15.787479601057262,alp_su2l,ALP-$SU(2)_L$,inclusive,15,6.034176336545162,6.802353498851244,0.001841636778461567,0.002397411520192737,0.0001844410726322684,168.95455209112612,1605.5666704571752,1605.5666704571752,1.0,483441.8641468745,611331,c4ce0019f1e72cfdbeb566a881dc42fab3c59ecbb42b8c76db0399ab846dd673
production,stored_same_lifetime_midpoint,mother_level,Before ECAL requirement,1.0,15.787479601057262,alp_su2l,ALP-$SU(2)_L$,inclusive,16,6.802353498851244,7.668322989352109,0.0017241659841633874,0.0019910239368434936,0.00015363585476989929,167.9452791669193,1605.5666704571752,1605.5666704571752,1.0,483441.8641468745,611331,c4ce0019f1e72cfdbeb566a881dc42fab3c59ecbb42b8c76db0399ab846dd673
production,stored_same_lifetime_midpoint,mother_level,Before ECAL requirement,1.0,15.787479601057262,alp_su2l,ALP-$SU(2)_L$,inclusive,17,7.668322989352109,8.644534201134434,0.0010069135494039387,0.00103145050707373,0.0001006771488029676,104.96269473267182,1605.5666704571752,1605.5666704571752,1.0,483441.8641468745,611331,c4ce0019f1e72cfdbeb566a881dc42fab3c59ecbb42b8c76db0399ab846dd673
production,stored_same_lifetime_midpoint,mother_level,Before ECAL requirement,1.0,15.787479601057262,alp_su2l,ALP-$SU(2)_L$,inclusive,18,8.644534201134434,9.745021389728478,0.0005180057917379114,0.0004707058810922669,6.18193856405953e-05,57.97621775816892,1605.5666704571752,1605.5666704571752,1.0,483441.8641468745,611331,c4ce0019f1e72cfdbeb566a881dc42fab3c59ecbb42b8c76db0399ab846dd673
production,stored_same_lifetime_midpoint,mother_level,Before ECAL requirement,1.0,15.787479601057262,alp_su2l,ALP-$SU(2)_L$,inclusive,19,9.745021389728478,10.985605433061178,0.00030549156872122633,0.0002462481847667129,4.049194471224382e-05,36.983567795685026,1605.5666704571752,1605.5666704571752,1.0,483441.8641468745,611331,c4ce0019f1e72cfdbeb566a881dc42fab3c59ecbb42b8c76db0399ab846dd673
production,stored_same_lifetime_midpoint,mother_level,Before ECAL requirement,1.0,15.787479601057262,alp_su2l,ALP-$SU(2)_L$,inclusive,20,10.985605433061178,12.384121276337785,0.00018348909695718268,0.0001312027302653096,2.6790360327636065e-05,23.984387681303115,1605.5666704571752,1605.5666704571752,1.0,483441.8641468745,611331,c4ce0019f1e72cfdbeb566a881dc42fab3c59ecbb42b8c76db0399ab846dd673
production,stored_same_lifetime_midpoint,mother_level,Before ECAL requirement,1.0,15.787479601057262,alp_su2l,ALP-$SU(2)_L$,inclusive,21,12.384121276337785,13.960674331656387,9.173747780301984e-05,5.818863976289135e-05,1.614578632964754e-05,12.988470388206347,1605.5666704571752,1605.5666704571752,1.0,483441.8641468745,611331,c4ce0019f1e72cfdbeb566a881dc42fab3c59ecbb42b8c76db0399ab846dd673
production,stored_same_lifetime_midpoint,mother_level,Before ECAL requirement,1.0,15.787479601057262,alp_su2l,ALP-$SU(2)_L$,inclusive,22,13.960674331656387,15.737929518420001,5.094430522402255e-05,2.866459786047508e-05,1.0138374438231465e-05,7.993832666203917,1605.5666704571752,1605.5666704571752,1.0,483441.8641468745,611331,c4ce0019f1e72cfdbeb566a881dc42fab3c59ecbb42b8c76db0399ab846dd673
production,stored_same_lifetime_midpoint,mother_level,Before ECAL requirement,1.0,15.787479601057262,alp_su2l,ALP-$SU(2)_L$,inclusive,23,15.737929518420001,17.741437099863134,8.50537756267272e-05,4.2452435126530794e-05,1.0963425163781738e-05,14.993834092709351,1605.5666704571752,1605.5666704571752,1.0,483441.8641468745,611331,c4ce0019f1e72cfdbeb566a881dc42fab3c59ecbb42b8c76db0399ab846dd673
production,stored_same_lifetime_midpoint,mother_level,Before ECAL requirement,1.0,15.787479601057262,alp_su2l,ALP-$SU(2)_L$,inclusive,24,17.741437099863134,20.000000000000004,0.0004294123763220156,0.00019012637473855306,2.1003668868028786e-05,81.93970743176082,1605.5666704571752,1605.5666704571752,1.0,483441.8641468745,611331,c4ce0019f1e72cfdbeb566a881dc42fab3c59ecbb42b8c76db0399ab846dd673
production,stored_same_lifetime_midpoint,mother_level,Before ECAL requirement,1.0,15.787479601057262,alp_su2l,ALP-$SU(2)_L$,inclusive,25,20.000000000000004,22.546087881634225,0.001590014234443134,0.0006244930687241534,3.413288228414094e-05,334.74131588067183,1605.5666704571752,1605.5666704571752,1.0,483441.8641468745,611331,c4ce0019f1e72cfdbeb566a881dc42fab3c59ecbb42b8c76db0399ab846dd673
production,stored_same_lifetime_midpoint,mother_level,Before ECAL requirement,1.0,15.787479601057262,alp_su2l,ALP-$SU(2)_L$,inclusive,26,22.546087881634225,25.41630393831867,0.0043218903026527745,0.0015057717667586474,4.7470379614293455e-05,1006.1735354519635,1605.5666704571752,1605.5666704571752,1.0,483441.8641468745,611331,c4ce0019f1e72cfdbeb566a881dc42fab3c59ecbb42b8c76db0399ab846dd673
production,stored_same_lifetime_midpoint,mother_level,Before ECAL requirement,1.0,15.787479601057262,alp_su2l,ALP-$SU(2)_L$,inclusive,27,25.41630393831867,28.651911110982937,0.010383726780670897,0.00320920501981726,6.204116564273148e-05,2675.685271406809,1605.5666704571752,1605.5666704571752,1.0,483441.8641468745,611331,c4ce0019f1e72cfdbeb566a881dc42fab3c59ecbb42b8c76db0399ab846dd673
production,stored_same_lifetime_midpoint,mother_level,Before ECAL requirement,1.0,15.787479601057262,alp_su2l,ALP-$SU(2)_L$,inclusive,28,28.651911110982937,32.299425294249666,0.020003502052573483,0.005484146475520559,7.253856461357448e-05,5715.841489188268,1605.5666704571752,1605.5666704571752,1.0,483441.8641468745,611331,c4ce0019f1e72cfdbeb566a881dc42fab3c59ecbb42b8c76db0399ab846dd673
production,stored_same_lifetime_midpoint,mother_level,Before ECAL requirement,1.0,15.787479601057262,alp_su2l,ALP-$SU(2)_L$,inclusive,29,32.299425294249666,36.411284060521595,0.034401660257012676,0.008366449874007562,8.007911331678861e-05,10915.507071876227,1605.5666704571752,1605.5666704571752,1.0,483441.8641468745,611331,c4ce0019f1e72cfdbeb566a881dc42fab3c59ecbb42b8c76db0399ab846dd673
production,stored_same_lifetime_midpoint,mother_level,Before ECAL requirement,1.0,15.787479601057262,alp_su2l,ALP-$SU(2)_L$,inclusive,30,36.411284060521595,41.046600515583364,0.05328588993921517,0.011495631518539998,8.37873919258999e-05,18823.844409094567,1605.5666704571752,1605.5666704571752,1.0,483441.8641468745,611331,c4ce0019f1e72cfdbeb566a881dc42fab3c59ecbb42b8c76db0399ab846dd673
production,stored_same_lifetime_midpoint,mother_level,Before ECAL requirement,1.0,15.787479601057262,alp_su2l,ALP-$SU(2)_L$,inclusive,31,41.046600515583364,46.27201312333376,0.07216742498478464,0.013810856749904319,8.193585855218575e-05,28411.43854994999,1605.5666704571752,1605.5666704571752,1.0,483441.8641468745,611331,c4ce0019f1e72cfdbeb566a881dc42fab3c59ecbb42b8c76db0399ab846dd673
production,stored_same_lifetime_midpoint,mother_level,Before ECAL requirement,1.0,15.787479601057262,alp_su2l,ALP-$SU(2)_L$,inclusive,32,46.27201312333376,52.16264371694075,0.08854499705260345,0.01503149716240905,7.6216892413887e-05,38895.73689018507,1605.5666704571752,1605.5666704571752,1.0,483441.8641468745,611331,c4ce0019f1e72cfdbeb566a881dc42fab3c59ecbb42b8c76db0399ab846dd673
production,stored_same_lifetime_midpoint,mother_level,Before ECAL requirement,1.0,15.787479601057262,alp_su2l,ALP-$SU(2)_L$,inclusive,33,52.16264371694075,58.80317746902607,0.10317856201263767,0.015537691074943584,6.903443700607089e-05,50657.224362924164,1605.5666704571752,1605.5666704571752,1.0,483441.8641468745,611331,c4ce0019f1e72cfdbeb566a881dc42fab3c59ecbb42b8c76db0399ab846dd673
production,stored_same_lifetime_midpoint,mother_level,Before ECAL requirement,1.0,15.787479601057262,alp_su2l,ALP-$SU(2)_L$,inclusive,34,58.80317746902607,66.28908034679972,0.10921102613852106,0.014588891670339301,5.957833480806209e-05,59960.86336402849,1605.5666704571752,1605.5666704571752,1.0,483441.8641468745,611331,c4ce0019f1e72cfdbeb566a881dc42fab3c59ecbb42b8c76db0399ab846dd673
production,stored_same_lifetime_midpoint,mother_level,Before ECAL requirement,1.0,15.787479601057262,alp_su2l,ALP-$SU(2)_L$,inclusive,35,66.28908034679972,74.72797155458294,0.10875230048987096,0.012887036674861786,4.985954929017635e-05,66805.07136192278,1605.5666704571752,1605.5666704571752,1.0,483441.8641468745,611331,c4ce0019f1e72cfdbeb566a881dc42fab3c59ecbb42b8c76db0399ab846dd673
production,stored_same_lifetime_midpoint,mother_level,Before ECAL requirement,1.0,15.787479601057262,alp_su2l,ALP-$SU(2)_L$,inclusive,36,74.72797155458294,84.24117069429447,0.10128855021062975,0.010647159669749237,4.03268069022566e-05,69707.55700792786,1605.5666704571752,1605.5666704571752,1.0,483441.8641468745,611331,c4ce0019f1e72cfdbeb566a881dc42fab3c59ecbb42b8c76db0399ab846dd673
production,stored_same_lifetime_midpoint,mother_level,Before ECAL requirement,1.0,15.787479601057262,alp_su2l,ALP-$SU(2)_L$,inclusive,37,84.24117069429447,94.96544188626557,0.0860938392850598,0.008027943134216465,3.1149518349389307e-05,66421.07550523445,1605.5666704571752,1605.5666704571752,1.0,483441.8641468745,611331,c4ce0019f1e72cfdbeb566a881dc42fab3c59ecbb42b8c76db0399ab846dd673
production,stored_same_lifetime_midpoint,mother_level,Before ECAL requirement,1.0,15.787479601057262,alp_su2l,ALP-$SU(2)_L$,inclusive,38,94.96544188626557,107.05495992429856,0.06701353301292426,0.005543110387205113,2.302372172858348e-05,57963.686579806614,1605.5666704571752,1605.5666704571752,1.0,483441.8641468745,611331,c4ce0019f1e72cfdbeb566a881dc42fab3c59ecbb42b8c76db0399ab846dd673
production,stored_same_lifetime_midpoint,mother_level,Before ECAL requirement,1.0,15.787479601057262,alp_su2l,ALP-$SU(2)_L$,inclusive,39,107.05495992429856,120.68352673090327,0.04880549398520252,0.003581117125356885,1.6454287586668823e-05,47367.327662004645,1605.5666704571752,1605.5666704571752,1.0,483441.8641468745,611331,c4ce0019f1e72cfdbeb566a881dc42fab3c59ecbb42b8c76db0399ab846dd673
production,stored_same_lifetime_midpoint,mother_level,Before ECAL requirement,1.0,15.787479601057262,alp_su2l,ALP-$SU(2)_L$,inclusive,40,120.68352673090327,136.0470699770249,0.03287630466537283,0.0021398907881274134,1.1309827598632253e-05,35799.02913081633,1605.5666704571752,1605.5666704571752,1.0,483441.8641468745,611331,c4ce0019f1e72cfdbeb566a881dc42fab3c59ecbb42b8c76db0399ab846dd673
production,stored_same_lifetime_midpoint,mother_level,Before ECAL requirement,1.0,15.787479601057262,alp_su2l,ALP-$SU(2)_L$,inclusive,41,136.0470699770249,153.3664597870422,0.019237390429811912,0.0011107429673235525,7.243918466058998e-06,23511.483761987827,1605.5666704571752,1605.5666704571752,1.0,483441.8641468745,611331,c4ce0019f1e72cfdbeb566a881dc42fab3c59ecbb42b8c76db0399ab846dd673
production,stored_same_lifetime_midpoint,mother_level,Before ECAL requirement,1.0,15.787479601057262,alp_su2l,ALP-$SU(2)_L$,inclusive,42,153.3664597870422,172.89068402268873,0.009897429504388171,0.0005069307433131121,4.3511980628360985e-06,13573.115838633397,1605.5666704571752,1605.5666704571752,1.0,483441.8641468745,611331,c4ce0019f1e72cfdbeb566a881dc42fab3c59ecbb42b8c76db0399ab846dd673
production,stored_same_lifetime_midpoint,mother_level,Before ECAL requirement,1.0,15.787479601057262,alp_su2l,ALP-$SU(2)_L$,inclusive,43,172.89068402268873,194.9004277945695,0.004274518868678975,0.00019421029672049236,2.395082784176393e-06,6575.116397766344,1605.5666704571752,1605.5666704571752,1.0,483441.8641468745,611331,c4ce0019f1e72cfdbeb566a881dc42fab3c59ecbb42b8c76db0399ab846dd673
production,stored_same_lifetime_midpoint,mother_level,Before ECAL requirement,1.0,15.787479601057262,alp_su2l,ALP-$SU(2)_L$,inclusive,44,194.9004277945695,219.71210866122348,0.0014521510668752825,5.8526912170103016e-05,1.1679162096987909e-06,2511.237865283866,1605.5666704571752,1605.5666704571752,1.0,483441.8641468745,611331,c4ce0019f1e72cfdbeb566a881dc42fab3c59ecbb42b8c76db0399ab846dd673
production,stored_same_lifetime_midpoint,mother_level,Before ECAL requirement,1.0,15.787479601057262,alp_su2l,ALP-$SU(2)_L$,inclusive,45,219.71210866122348,247.6824255267556,0.0004076661284124237,1.457495567076652e-05,5.181640940145027e-07,791.188296176868,1605.5666704571752,1605.5666704571752,1.0,483441.8641468745,611331,c4ce0019f1e72cfdbeb566a881dc42fab3c59ecbb42b8c76db0399ab846dd673
production,stored_same_lifetime_midpoint,mother_level,Before ECAL requirement,1.0,15.787479601057262,alp_su2l,ALP-$SU(2)_L$,inclusive,46,247.6824255267556,279.2134866331278,8.375766937004209e-05,2.656354287839533e-06,1.9700256912425153e-07,181.81437456409984,1605.5666704571752,1605.5666704571752,1.0,483441.8641468745,611331,c4ce0019f1e72cfdbeb566a881dc42fab3c59ecbb42b8c76db0399ab846dd673
production,stored_same_lifetime_midpoint,mother_level,Before ECAL requirement,1.0,15.787479601057262,alp_su2l,ALP-$SU(2)_L$,inclusive,47,279.2134866331278,314.75859036840006,6.9936736152671095e-06,1.967549079995261e-07,4.773731363688807e-08,16.987724031873924,1605.5666704571752,1605.5666704571752,1.0,483441.8641468745,611331,c4ce0019f1e72cfdbeb566a881dc42fab3c59ecbb42b8c76db0399ab846dd673
production,stored_same_lifetime_midpoint,mother_level,Before ECAL requirement,1.0,15.787479601057262,alp_su2l,ALP-$SU(2)_L$,inclusive,48,314.75859036840006,354.82874199726274,0.0,0.0,0.0,0.0,1605.5666704571752,1605.5666704571752,1.0,483441.8641468745,611331,c4ce0019f1e72cfdbeb566a881dc42fab3c59ecbb42b8c76db0399ab846dd673
production,stored_same_lifetime_midpoint,mother_level,Before ECAL requirement,1.0,15.787479601057262,alp_su2l,ALP-$SU(2)_L$,inclusive,49,354.82874199726274,400.0,0.0,0.0,0.0,0.0,1605.5666704571752,1605.5666704571752,1.0,483441.8641468745,611331,c4ce0019f1e72cfdbeb566a881dc42fab3c59ecbb42b8c76db0399ab846dd673
