mass_GeV,ctau_m,lifetime_label,number_of_events,photon_correct_fraction,su2_correct_fraction,balanced_accuracy,worst_case_correct_fraction,photon_llr_median,su2_llr_median
0.3,4.696863888674442,low,1,0.8821,0.98125,0.931675,0.8821,-6.2667597975408995,2.8883609151434646
0.3,4.696863888674442,low,2,0.97835,0.99265,0.9855,0.97835,-12.533519595081799,5.435628518190467
0.3,4.696863888674442,low,3,0.9938,0.9956,0.9947,0.9938,-18.8002793926227,8.014615642897178
0.3,4.696863888674442,low,4,0.998,0.9989,0.9984500000000001,0.998,-21.035344682354378,10.576699372714153
0.3,4.696863888674442,low,5,0.9992,0.99955,0.999375,0.9992,-25.009542593903898,13.145110281482111
0.3,4.696863888674442,low,6,0.99975,0.99985,0.9998,0.99975,-30.510389903229246,15.719824849996307
0.3,4.696863888674442,low,7,0.9999,0.99995,0.999925,0.9999,-35.803929567167856,18.260713411009007
0.3,4.696863888674442,low,8,0.99995,0.99995,0.99995,0.99995,-40.97895766764283,20.835092579861332
0.3,4.696863888674442,low,9,0.99995,1.0,0.9999750000000001,0.99995,-46.04488727625827,23.387554907444866
0.3,4.696863888674442,low,10,1.0,1.0,1.0,1.0,-50.87324059494032,25.926738026208845
0.3,4.696863888674442,low,11,1.0,1.0,1.0,1.0,-55.5370519464852,28.481935295039357
0.3,4.696863888674442,low,12,1.0,1.0,1.0,1.0,-60.81347216107175,31.061051118791724
0.3,4.696863888674442,low,13,1.0,1.0,1.0,1.0,-65.77800965557562,33.61745039702469
0.3,4.696863888674442,low,14,1.0,1.0,1.0,1.0,-70.74254715007949,36.164339386562496
0.3,4.696863888674442,low,15,1.0,1.0,1.0,1.0,-75.87495662421874,38.735966332490335
0.3,4.696863888674442,low,16,1.0,1.0,1.0,1.0,-80.75390218577584,41.329448218403684
0.3,4.696863888674442,low,17,1.0,1.0,1.0,1.0,-85.72162264086407,43.87232445033168
0.3,4.696863888674442,low,18,1.0,1.0,1.0,1.0,-90.78755224947952,46.430105313551024
0.3,4.696863888674442,low,19,1.0,1.0,1.0,1.0,-95.82639617413267,48.975915344314714
0.3,4.696863888674442,low,20,1.0,1.0,1.0,1.0,-100.706016924047,51.51416696643551
0.3,4.696863888674442,low,21,1.0,1.0,1.0,1.0,-105.62726060385793,54.087268460817214
0.3,4.696863888674442,low,22,1.0,1.0,1.0,1.0,-110.58715449432067,56.65371568292607
0.3,4.696863888674442,low,23,1.0,1.0,1.0,1.0,-115.47992060125884,59.17662190782836
0.3,4.696863888674442,low,24,1.0,1.0,1.0,1.0,-120.4054690728592,61.72422469150661
0.3,4.696863888674442,low,25,1.0,1.0,1.0,1.0,-125.45131615358385,64.31753278278597
0.3,4.696863888674442,low,26,1.0,1.0,1.0,1.0,-130.6259698121389,66.83343864686769
0.3,4.696863888674442,low,27,1.0,1.0,1.0,1.0,-135.60293217255787,69.38140136384666
0.3,4.696863888674442,low,28,1.0,1.0,1.0,1.0,-140.53606610520598,71.93805342946547
0.3,4.696863888674442,low,29,1.0,1.0,1.0,1.0,-145.49666311474206,74.51467700531472
0.3,4.696863888674442,low,30,1.0,1.0,1.0,1.0,-150.4668837084659,77.05832859920446
0.3,4.696863888674442,low,31,1.0,1.0,1.0,1.0,-155.55307982672377,79.6446110431624
0.3,4.696863888674442,low,32,1.0,1.0,1.0,1.0,-160.57496897988898,82.21213525557002
0.3,4.696863888674442,low,33,1.0,1.0,1.0,1.0,-165.43923660485157,84.7836260714366
0.3,4.696863888674442,low,34,1.0,1.0,1.0,1.0,-170.40869559214588,87.3355140068965
0.3,4.696863888674442,low,35,1.0,1.0,1.0,1.0,-175.4424792411757,89.90599734021589
0.3,4.696863888674442,low,36,1.0,1.0,1.0,1.0,-180.4186116801803,92.4588394925663
0.3,4.696863888674442,low,37,1.0,1.0,1.0,1.0,-185.5441268318532,95.02586362267812
0.3,4.696863888674442,low,38,1.0,1.0,1.0,1.0,-190.46589864810755,97.55111236739361
0.3,4.696863888674442,low,39,1.0,1.0,1.0,1.0,-195.5145337281794,100.13410590993846
0.3,4.696863888674442,low,40,1.0,1.0,1.0,1.0,-200.55551960892072,102.69105820385403
0.3,4.696863888674442,low,41,1.0,1.0,1.0,1.0,-205.4676767300848,105.28748970118029
0.3,4.696863888674442,low,42,1.0,1.0,1.0,1.0,-210.40111725525557,107.82714278229612
0.3,4.696863888674442,low,43,1.0,1.0,1.0,1.0,-215.46445532375805,110.3578343627481
0.3,4.696863888674442,low,44,1.0,1.0,1.0,1.0,-220.5479017086741,112.92210321346724
0.3,4.696863888674442,low,45,1.0,1.0,1.0,1.0,-225.61207080159144,115.44627849508298
0.3,4.696863888674442,low,46,1.0,1.0,1.0,1.0,-230.49605922772884,117.99070495379121
0.3,4.696863888674442,low,47,1.0,1.0,1.0,1.0,-235.5377563764905,120.60062261258025
0.3,4.696863888674442,low,48,1.0,1.0,1.0,1.0,-240.6290074315047,123.13828695896788
0.3,4.696863888674442,low,49,1.0,1.0,1.0,1.0,-245.62580997906457,125.70264830143921
0.3,4.696863888674442,low,50,1.0,1.0,1.0,1.0,-250.72794222634792,128.25842572194895
0.3,4.696863888674442,low,51,1.0,1.0,1.0,1.0,-255.69722082934544,130.81012200089071
0.3,4.696863888674442,low,52,1.0,1.0,1.0,1.0,-260.58424427668587,133.33774467784082
0.3,4.696863888674442,low,53,1.0,1.0,1.0,1.0,-265.5617499958198,135.90114066900452
0.3,4.696863888674442,low,54,1.0,1.0,1.0,1.0,-270.5559395375576,138.54486357756218
0.3,4.696863888674442,low,55,1.0,1.0,1.0,1.0,-275.4946738043033,141.08117386667953
0.3,4.696863888674442,low,56,1.0,1.0,1.0,1.0,-280.4925467009599,143.58028670360238
0.3,4.696863888674442,low,57,1.0,1.0,1.0,1.0,-285.5004625629057,146.11190951045103
0.3,4.696863888674442,low,58,1.0,1.0,1.0,1.0,-290.40908644483727,148.70424530082425
0.3,4.696863888674442,low,59,1.0,1.0,1.0,1.0,-295.4655356559207,151.19229972577222
0.3,4.696863888674442,low,60,1.0,1.0,1.0,1.0,-300.4201536729281,153.7926835899616
0.3,4.696863888674442,low,61,1.0,1.0,1.0,1.0,-305.37783634258597,156.31176873542432
0.3,4.696863888674442,low,62,1.0,1.0,1.0,1.0,-310.32148714691175,158.89820594768912
0.3,4.696863888674442,low,63,1.0,1.0,1.0,1.0,-315.35426663224564,161.46663055764805
0.3,4.696863888674442,low,64,1.0,1.0,1.0,1.0,-320.3556377197764,163.99252998235153
0.3,4.696863888674442,low,65,1.0,1.0,1.0,1.0,-325.3776483422461,166.60721476313685
0.3,4.696863888674442,low,66,1.0,1.0,1.0,1.0,-330.4772569255914,169.1921224361224
0.3,4.696863888674442,low,67,1.0,1.0,1.0,1.0,-335.34725067552915,171.76352132158434
0.3,4.696863888674442,low,68,1.0,1.0,1.0,1.0,-340.4087890193851,174.31608441546342
0.3,4.696863888674442,low,69,1.0,1.0,1.0,1.0,-345.5414232405672,176.89313214338029
0.3,4.696863888674442,low,70,1.0,1.0,1.0,1.0,-350.4345834532164,179.41501930564607
0.3,4.696863888674442,low,71,1.0,1.0,1.0,1.0,-355.3862874883928,181.94316960348561
0.3,4.696863888674442,low,72,1.0,1.0,1.0,1.0,-360.4233626159953,184.53720048791337
0.3,4.696863888674442,low,73,1.0,1.0,1.0,1.0,-365.47689545736307,187.13085403894098
0.3,4.696863888674442,low,74,1.0,1.0,1.0,1.0,-370.43695627855095,189.69195745293382
0.3,4.696863888674442,low,75,1.0,1.0,1.0,1.0,-375.31695224312585,192.25888582497146
0.3,4.696863888674442,low,76,1.0,1.0,1.0,1.0,-380.456674173237,194.78510811623423
0.3,4.696863888674442,low,77,1.0,1.0,1.0,1.0,-385.5639999261225,197.38546664431283
0.3,4.696863888674442,low,78,1.0,1.0,1.0,1.0,-390.44870016408663,199.96960847088326
0.3,4.696863888674442,low,79,1.0,1.0,1.0,1.0,-395.4387396645085,202.51063077561577
0.3,4.696863888674442,low,80,1.0,1.0,1.0,1.0,-400.31698303443613,205.07500981431275
0.3,4.696863888674442,low,81,1.0,1.0,1.0,1.0,-405.31480094576295,207.53853428504675
0.3,4.696863888674442,low,82,1.0,1.0,1.0,1.0,-410.35745209255424,210.0866682315856
0.3,4.696863888674442,low,83,1.0,1.0,1.0,1.0,-415.1609005835474,212.6698033291559
0.3,4.696863888674442,low,84,1.0,1.0,1.0,1.0,-420.1187786140407,215.2625424092613
0.3,4.696863888674442,low,85,1.0,1.0,1.0,1.0,-425.16293551419665,217.88227023374657
0.3,4.696863888674442,low,86,1.0,1.0,1.0,1.0,-430.2908933554853,220.46275344029362
0.3,4.696863888674442,low,87,1.0,1.0,1.0,1.0,-435.08521513673224,223.0173823862104
0.3,4.696863888674442,low,88,1.0,1.0,1.0,1.0,-440.1031263106369,225.57612589938674
0.3,4.696863888674442,low,89,1.0,1.0,1.0,1.0,-445.0842240921685,228.086688568684
0.3,4.696863888674442,low,90,1.0,1.0,1.0,1.0,-449.99769943069566,230.68230879124727
0.3,4.696863888674442,low,91,1.0,1.0,1.0,1.0,-455.11644417621324,233.19977734350306
0.3,4.696863888674442,low,92,1.0,1.0,1.0,1.0,-460.1331995494892,235.79998004519834
0.3,4.696863888674442,low,93,1.0,1.0,1.0,1.0,-465.1032291346207,238.33320209838197
0.3,4.696863888674442,low,94,1.0,1.0,1.0,1.0,-470.00243194946864,240.9479294760145
0.3,4.696863888674442,low,95,1.0,1.0,1.0,1.0,-475.1525214440186,243.45606460032664
0.3,4.696863888674442,low,96,1.0,1.0,1.0,1.0,-480.25257609928394,245.9757715930394
0.3,4.696863888674442,low,97,1.0,1.0,1.0,1.0,-485.1469962682076,248.52606369760005
0.3,4.696863888674442,low,98,1.0,1.0,1.0,1.0,-490.1658871988318,251.11349822747488
0.3,4.696863888674442,low,99,1.0,1.0,1.0,1.0,-495.2352887231141,253.6752719783798
0.3,4.696863888674442,low,100,1.0,1.0,1.0,1.0,-500.1393439981457,256.2520061987052
0.3,28.219860036517176,mid,1,0.91985,0.98,0.9499249999999999,0.91985,-5.976894651368922,3.2800431200396862
0.3,28.219860036517176,mid,2,0.9867,0.99365,0.990175,0.9867,-11.953789302737844,6.166029435385486
0.3,28.219860036517176,mid,3,0.9969,0.9972,0.99705,0.9969,-17.930683954106765,9.092373395561502
0.3,28.219860036517176,mid,4,0.99895,0.9993,0.999125,0.99895,-23.90757860547569,12.033282572431627
0.3,28.219860036517176,mid,5,0.9997,0.9999,0.9998,0.9997,-25.753442895510908,14.960624759249471
0.3,28.219860036517176,mid,6,1.0,0.99995,0.9999750000000001,0.99995,-30.42602058269418,17.891297313750872
0.3,28.219860036517176,mid,7,1.0,1.0,1.0,1.0,-36.4029152340631,20.819064116747594
0.3,28.219860036517176,mid,8,1.0,1.0,1.0,1.0,-41.38944372987289,23.74392715883134
0.3,28.219860036517176,mid,9,1.0,1.0,1.0,1.0,-46.60002676127286,26.67344497912206
0.3,28.219860036517176,mid,10,1.0,1.0,1.0,1.0,-51.90363971859192,29.617252276222978
0.3,28.219860036517176,mid,11,1.0,1.0,1.0,1.0,-57.33360791765395,32.5428023744297
0.3,28.219860036517176,mid,12,1.0,1.0,1.0,1.0,-62.15635812957401,35.47824162021689
0.3,28.219860036517176,mid,13,1.0,1.0,1.0,1.0,-67.1428866253838,38.38471449186801
0.3,28.219860036517176,mid,14,1.0,1.0,1.0,1.0,-71.81546431256706,41.312760406851936
0.3,28.219860036517176,mid,15,1.0,1.0,1.0,1.0,-77.02604734396704,44.23705489834727
0.3,28.219860036517176,mid,16,1.0,1.0,1.0,1.0,-82.01257583977683,47.167290813905446
0.3,28.219860036517176,mid,17,1.0,1.0,1.0,1.0,-87.3089807810376,50.057485880788704
0.3,28.219860036517176,mid,18,1.0,1.0,1.0,1.0,-92.52677182849585,52.997890175067866
0.3,28.219860036517176,mid,19,1.0,1.0,1.0,1.0,-97.54106396301421,55.93980465630401
0.3,28.219860036517176,mid,20,1.0,1.0,1.0,1.0,-102.55543570388777,58.88255131606577
0.3,28.219860036517176,mid,21,1.0,1.0,1.0,1.0,-107.53617674449012,61.7583800995088
0.3,28.219860036517176,mid,22,1.0,1.0,1.0,1.0,-112.5227052402999,64.64789987125212
0.3,28.219860036517176,mid,23,1.0,1.0,1.0,1.0,-117.73328827169988,67.60539467594408
0.3,28.219860036517176,mid,24,1.0,1.0,1.0,1.0,-122.72873787559985,70.5310824111204
0.3,28.219860036517176,mid,25,1.0,1.0,1.0,1.0,-127.84629098108074,73.46072917921038
0.3,28.219860036517176,mid,26,1.0,1.0,1.0,1.0,-132.98145628658193,76.40095130277916
0.3,28.219860036517176,mid,27,1.0,1.0,1.0,1.0,-138.1292244181513,79.34407060567045
0.3,28.219860036517176,mid,28,1.0,1.0,1.0,1.0,-143.09889834773088,82.25268974907809
0.3,28.219860036517176,mid,29,1.0,1.0,1.0,1.0,-148.15930885439406,85.16733884891704
0.3,28.219860036517176,mid,30,1.0,1.0,1.0,1.0,-153.15475845829403,88.0624588092387
0.3,28.219860036517176,mid,31,1.0,1.0,1.0,1.0,-158.27802747756834,91.00016363451695
0.3,28.219860036517176,mid,32,1.0,1.0,1.0,1.0,-163.26768962626088,93.91114444502526
0.3,28.219860036517176,mid,33,1.0,1.0,1.0,1.0,-168.41671984393503,96.87078265031383
0.3,28.219860036517176,mid,34,1.0,1.0,1.0,1.0,-173.46931204665273,99.80556709611349
0.3,28.219860036517176,mid,35,1.0,1.0,1.0,1.0,-178.5942505451784,102.73325185895271
0.3,28.219860036517176,mid,36,1.0,1.0,1.0,1.0,-183.6942345718376,105.66920105368425
0.3,28.219860036517176,mid,37,1.0,1.0,1.0,1.0,-188.782440964298,108.57065319412763
0.3,28.219860036517176,mid,38,1.0,1.0,1.0,1.0,-193.77789056819796,111.48837651906989
0.3,28.219860036517176,mid,39,1.0,1.0,1.0,1.0,-198.9011595874723,114.3919186544498
0.3,28.219860036517176,mid,40,1.0,1.0,1.0,1.0,-203.96779407934943,117.33048328042815
0.3,28.219860036517176,mid,41,1.0,1.0,1.0,1.0,-209.03222160357168,120.24756384955901
0.3,28.219860036517176,mid,42,1.0,1.0,1.0,1.0,-214.0879332633746,123.17660486650902
0.3,28.219860036517176,mid,43,1.0,1.0,1.0,1.0,-219.1300686429567,126.08661186008061
0.3,28.219860036517176,mid,44,1.0,1.0,1.0,1.0,-224.15274361888788,129.00741495105746
0.3,28.219860036517176,mid,45,1.0,1.0,1.0,1.0,-229.27847178132652,131.96911556380235
0.3,28.219860036517176,mid,46,1.0,1.0,1.0,1.0,-234.3213532120411,134.90291214864078
0.3,28.219860036517176,mid,47,1.0,1.0,1.0,1.0,-239.443158057684,137.83855742365097
0.3,28.219860036517176,mid,48,1.0,1.0,1.0,1.0,-244.44041034562724,140.77316083449455
0.3,28.219860036517176,mid,49,1.0,1.0,1.0,1.0,-249.59287398678495,143.69988126439011
0.3,28.219860036517176,mid,50,1.0,1.0,1.0,1.0,-254.7140623578055,146.60888178504058
0.3,28.219860036517176,mid,51,1.0,1.0,1.0,1.0,-259.8156903108397,149.54458581855337
0.3,28.219860036517176,mid,52,1.0,1.0,1.0,1.0,-264.8360853894442,152.48267814879995
0.3,28.219860036517176,mid,53,1.0,1.0,1.0,1.0,-269.81134365918956,155.4264705537231
0.3,28.219860036517176,mid,54,1.0,1.0,1.0,1.0,-274.91664207688126,158.26274889258065
0.3,28.219860036517176,mid,55,1.0,1.0,1.0,1.0,-279.9658142553291,161.1976472399609
0.3,28.219860036517176,mid,56,1.0,1.0,1.0,1.0,-285.05558020843887,164.14269842214495
0.3,28.219860036517176,mid,57,1.0,1.0,1.0,1.0,-290.18719522611605,167.03218862999796
0.3,28.219860036517176,mid,58,1.0,1.0,1.0,1.0,-295.20253459249864,169.9799949670685
0.3,28.219860036517176,mid,59,1.0,1.0,1.0,1.0,-300.2574541379969,172.84475216591898
0.3,28.219860036517176,mid,60,1.0,1.0,1.0,1.0,-305.35096919426803,175.79391794804008
0.3,28.219860036517176,mid,61,1.0,1.0,1.0,1.0,-310.4494478517456,178.73704172578596
0.3,28.219860036517176,mid,62,1.0,1.0,1.0,1.0,-315.65678931402863,181.68413743610043
0.3,28.219860036517176,mid,63,1.0,1.0,1.0,1.0,-320.61154121224905,184.63363232839419
0.3,28.219860036517176,mid,64,1.0,1.0,1.0,1.0,-325.72864856674346,187.51098118019132
0.3,28.219860036517176,mid,65,1.0,1.0,1.0,1.0,-330.7613860946754,190.43653642106523
0.3,28.219860036517176,mid,66,1.0,1.0,1.0,1.0,-335.8882443842392,193.3862528236657
0.3,28.219860036517176,mid,67,1.0,1.0,1.0,1.0,-340.9396252509746,196.3202953627201
0.3,28.219860036517176,mid,68,1.0,1.0,1.0,1.0,-346.0220781823277,199.24703462656944
0.3,28.219860036517176,mid,69,1.0,1.0,1.0,1.0,-351.0739285230877,202.16817785042053
0.3,28.219860036517176,mid,70,1.0,1.0,1.0,1.0,-356.2209645678414,205.08371797469692
0.3,28.219860036517176,mid,71,1.0,1.0,1.0,1.0,-361.253568593398,207.98227256521108
0.3,28.219860036517176,mid,72,1.0,1.0,1.0,1.0,-366.3695041164734,210.923252323984
0.3,28.219860036517176,mid,73,1.0,1.0,1.0,1.0,-371.5074826480823,213.85489106758376
0.3,28.219860036517176,mid,74,1.0,1.0,1.0,1.0,-376.6267823350185,216.802273393122
0.3,28.219860036517176,mid,75,1.0,1.0,1.0,1.0,-381.6661725685192,219.76376125715734
0.3,28.219860036517176,mid,76,1.0,1.0,1.0,1.0,-386.68679197252715,222.70962335418136
0.3,28.219860036517176,mid,77,1.0,1.0,1.0,1.0,-391.8168415762227,225.59773915478038
0.3,28.219860036517176,mid,78,1.0,1.0,1.0,1.0,-396.9527939423687,228.5383944385643
0.3,28.219860036517176,mid,79,1.0,1.0,1.0,1.0,-402.0748377522781,231.4800284234044
0.3,28.219860036517176,mid,80,1.0,1.0,1.0,1.0,-407.1685518717975,234.3974077522721
0.3,28.219860036517176,mid,81,1.0,1.0,1.0,1.0,-412.161230226705,237.26514184782002
0.3,28.219860036517176,mid,82,1.0,1.0,1.0,1.0,-417.23434848989825,240.20509105924157
0.3,28.219860036517176,mid,83,1.0,1.0,1.0,1.0,-422.34309070004383,243.15850243842647
0.3,28.219860036517176,mid,84,1.0,1.0,1.0,1.0,-427.4001627944662,246.04901808266249
0.3,28.219860036517176,mid,85,1.0,1.0,1.0,1.0,-432.45515024050144,248.99803276074726
0.3,28.219860036517176,mid,86,1.0,1.0,1.0,1.0,-437.57603086431027,251.87976389905387
0.3,28.219860036517176,mid,87,1.0,1.0,1.0,1.0,-442.63304448569875,254.81580240587374
0.3,28.219860036517176,mid,88,1.0,1.0,1.0,1.0,-447.66886670147926,257.7136998947169
0.3,28.219860036517176,mid,89,1.0,1.0,1.0,1.0,-452.7745864920558,260.65045465580283
0.3,28.219860036517176,mid,90,1.0,1.0,1.0,1.0,-457.7948864842241,263.55697019747055
0.3,28.219860036517176,mid,91,1.0,1.0,1.0,1.0,-462.8729866003224,266.4959605628678
0.3,28.219860036517176,mid,92,1.0,1.0,1.0,1.0,-468.0252584765271,269.38831225450525
0.3,28.219860036517176,mid,93,1.0,1.0,1.0,1.0,-473.1315929792795,272.27091174278553
0.3,28.219860036517176,mid,94,1.0,1.0,1.0,1.0,-478.2305641013801,275.1972648398154
0.3,28.219860036517176,mid,95,1.0,1.0,1.0,1.0,-483.33739865959194,278.09233115061795
0.3,28.219860036517176,mid,96,1.0,1.0,1.0,1.0,-488.4054199246326,281.0079746623502
0.3,28.219860036517176,mid,97,1.0,1.0,1.0,1.0,-493.4752719337962,283.92971594415064
0.3,28.219860036517176,mid,98,1.0,1.0,1.0,1.0,-498.6003861152536,286.81387672911336
0.3,28.219860036517176,mid,99,1.0,1.0,1.0,1.0,-503.5986489249825,289.76452520945486
0.3,28.219860036517176,mid,100,1.0,1.0,1.0,1.0,-508.7385888340991,292.6663068814114
0.3,169.5515389323684,high,1,0.9277,0.9777,0.9527,0.9277,-4.738248964779929,3.366324493029522
0.3,169.5515389323684,high,2,0.9912,0.98365,0.987425,0.98365,-9.476497929559859,6.3387282343195395
0.3,169.5515389323684,high,3,0.9942,0.99645,0.995325,0.9942,-14.214746894339788,9.323099464249145
0.3,169.5515389323684,high,4,0.9986,0.9992,0.9989,0.9986,-18.952995859119717,12.349120401843162
0.3,169.5515389323684,high,5,0.9997,0.99985,0.9997750000000001,0.9997,-23.691244823899645,15.353788594780585
0.3,169.5515389323684,high,6,0.9999,1.0,0.99995,0.9999,-28.429493788679572,18.378394744312192
0.3,169.5515389323684,high,7,1.0,1.0,1.0,1.0,-28.884809824153578,21.38642801883345
0.3,169.5515389323684,high,8,1.0,0.99995,0.9999750000000001,0.99995,-33.623058788933506,24.38363167232827
0.3,169.5515389323684,high,9,1.0,1.0,1.0,1.0,-37.3711298172001,27.39196895726744
0.3,169.5515389323684,high,10,1.0,1.0,1.0,1.0,-42.10937878198003,30.39091908081148
0.3,169.5515389323684,high,11,1.0,1.0,1.0,1.0,-46.080774002414124,33.360499236774366
0.3,169.5515389323684,high,12,1.0,1.0,1.0,1.0,-50.81902296719405,36.39554314329993
0.3,169.5515389323684,high,13,1.0,1.0,1.0,1.0,-54.88413922550337,39.37464232359951
0.3,169.5515389323684,high,14,1.0,1.0,1.0,1.0,-59.07531965312287,42.36784230584347
0.3,169.5515389323684,high,15,1.0,1.0,1.0,1.0,-63.363081765628976,45.37941482198699
0.3,169.5515389323684,high,16,1.0,1.0,1.0,1.0,-67.37010651929431,48.37965920379257
0.3,169.5515389323684,high,17,1.0,1.0,1.0,1.0,-71.830056817115,51.34142656579909
0.3,169.5515389323684,high,18,1.0,1.0,1.0,1.0,-74.9655838265677,54.305817402452504
0.3,169.5515389323684,high,19,1.0,1.0,1.0,1.0,-79.48050859918011,57.346572219330724
0.3,169.5515389323684,high,20,1.0,1.0,1.0,1.0,-83.45190381961422,60.34188665986338
0.3,169.5515389323684,high,21,1.0,1.0,1.0,1.0,-87.51702007792353,63.2786552841617
0.3,169.5515389323684,high,22,1.0,1.0,1.0,1.0,-91.70820050554303,66.28484847984328
0.3,169.5515389323684,high,23,1.0,1.0,1.0,1.0,-96.08811575424515,69.27537637984435
0.3,169.5515389323684,high,24,1.0,1.0,1.0,1.0,-100.34029083108956,72.25840568425693
0.3,169.5515389323684,high,25,1.0,1.0,1.0,1.0,-104.48296094906638,75.24828480419305
0.3,169.5515389323684,high,26,1.0,1.0,1.0,1.0,-108.58864261550119,78.24743672190422
0.3,169.5515389323684,high,27,1.0,1.0,1.0,1.0,-112.6537588738105,81.2585863505629
0.3,169.5515389323684,high,28,1.0,1.0,1.0,1.0,-116.84493930143,84.20411790338683
0.3,169.5515389323684,high,29,1.0,1.0,1.0,1.0,-120.82303363681432,87.224855208134
0.3,169.5515389323684,high,30,1.0,1.0,1.0,1.0,-125.00724252446474,90.23207796015427
0.3,169.5515389323684,high,31,1.0,1.0,1.0,1.0,-129.17659034560046,93.173805288845
0.3,169.5515389323684,high,32,1.0,1.0,1.0,1.0,-133.36709243524922,96.18135281252097
0.3,169.5515389323684,high,33,1.0,1.0,1.0,1.0,-137.47345243965475,99.19660922837845
0.3,169.5515389323684,high,34,1.0,1.0,1.0,1.0,-141.6625576393914,102.22569121471844
0.3,169.5515389323684,high,35,1.0,1.0,1.0,1.0,-145.8187940878552,105.19932534042786
0.3,169.5515389323684,high,36,1.0,1.0,1.0,1.0,-150.01751123808967,108.17925210937503
0.3,169.5515389323684,high,37,1.0,1.0,1.0,1.0,-154.12027285287203,111.14284296917455
0.3,169.5515389323684,high,38,1.0,1.0,1.0,1.0,-158.32173136229684,114.12867962703223
0.3,169.5515389323684,high,39,1.0,1.0,1.0,1.0,-162.4028365728322,117.08303177074772
0.3,169.5515389323684,high,40,1.0,1.0,1.0,1.0,-166.54034270987964,120.08913177659012
0.3,169.5515389323684,high,41,1.0,1.0,1.0,1.0,-170.73152313749912,123.11493138357396
0.3,169.5515389323684,high,42,1.0,1.0,1.0,1.0,-174.71029581085415,126.07293653673386
0.3,169.5515389323684,high,43,1.0,1.0,1.0,1.0,-178.90232106224326,129.04510653124805
0.3,169.5515389323684,high,44,1.0,1.0,1.0,1.0,-183.11537321777274,132.06891591897795
0.3,169.5515389323684,high,45,1.0,1.0,1.0,1.0,-187.25435460928907,135.05311452062654
0.3,169.5515389323684,high,46,1.0,1.0,1.0,1.0,-191.36741372864478,138.02298520517365
0.3,169.5515389323684,high,47,1.0,1.0,1.0,1.0,-195.54914147546052,141.0018677848329
0.3,169.5515389323684,high,48,1.0,1.0,1.0,1.0,-199.62371041457362,143.98152301390368
0.3,169.5515389323684,high,49,1.0,1.0,1.0,1.0,-203.73039999262932,146.97853112894495
0.3,169.5515389323684,high,50,1.0,1.0,1.0,1.0,-207.88286774751384,149.981527991982
0.3,169.5515389323684,high,51,1.0,1.0,1.0,1.0,-212.00276503239098,152.96698245447897
0.3,169.5515389323684,high,52,1.0,1.0,1.0,1.0,-216.18710729448907,155.98375564747502
0.3,169.5515389323684,high,53,1.0,1.0,1.0,1.0,-220.31769903445183,159.02368820676955
0.3,169.5515389323684,high,54,1.0,1.0,1.0,1.0,-224.34760771465977,161.99637437241506
0.3,169.5515389323684,high,55,1.0,1.0,1.0,1.0,-228.45951897695969,165.00948127489892
0.3,169.5515389323684,high,56,1.0,1.0,1.0,1.0,-232.54660877025347,168.01229319599767
0.3,169.5515389323684,high,57,1.0,1.0,1.0,1.0,-236.66455158965027,170.98739755910404
0.3,169.5515389323684,high,58,1.0,1.0,1.0,1.0,-240.7989330054237,173.94257532008498
0.3,169.5515389323684,high,59,1.0,1.0,1.0,1.0,-244.97258186790242,176.8475642650198
0.3,169.5515389323684,high,60,1.0,1.0,1.0,1.0,-249.0411184145437,179.8347337590118
0.3,169.5515389323684,high,61,1.0,1.0,1.0,1.0,-253.26126969706317,182.8475937409287
0.3,169.5515389323684,high,62,1.0,1.0,1.0,1.0,-257.39299089389544,185.76903070713092
0.3,169.5515389323684,high,63,1.0,1.0,1.0,1.0,-261.54455948973623,188.81675046675554
0.3,169.5515389323684,high,64,1.0,1.0,1.0,1.0,-265.70296267273625,191.8536452359804
0.3,169.5515389323684,high,65,1.0,1.0,1.0,1.0,-269.8510452763614,194.79517275612983
0.3,169.5515389323684,high,66,1.0,1.0,1.0,1.0,-273.9829391484094,197.72989121615944
0.3,169.5515389323684,high,67,1.0,1.0,1.0,1.0,-278.1468600450902,200.74186233213644
0.3,169.5515389323684,high,68,1.0,1.0,1.0,1.0,-282.261649596079,203.72080807618158
0.3,169.5515389323684,high,69,1.0,1.0,1.0,1.0,-286.37387674815136,206.7139808366171
0.3,169.5515389323684,high,70,1.0,1.0,1.0,1.0,-290.47367778374985,209.70859945353624
0.3,169.5515389323684,high,71,1.0,1.0,1.0,1.0,-294.63428708376335,212.73525014290766
0.3,169.5515389323684,high,72,1.0,1.0,1.0,1.0,-298.73551593152956,215.7392837540277
0.3,169.5515389323684,high,73,1.0,1.0,1.0,1.0,-302.9185725555061,218.68944009291477
0.3,169.5515389323684,high,74,1.0,1.0,1.0,1.0,-307.06048791510864,221.6531671373661
0.3,169.5515389323684,high,75,1.0,1.0,1.0,1.0,-311.24772075981343,224.61947899954453
0.3,169.5515389323684,high,76,1.0,1.0,1.0,1.0,-315.47443734303494,227.61938330483565
0.3,169.5515389323684,high,77,1.0,1.0,1.0,1.0,-319.5582118915064,230.5933941374812
0.3,169.5515389323684,high,78,1.0,1.0,1.0,1.0,-323.6960053035839,233.574043428047
0.3,169.5515389323684,high,79,1.0,1.0,1.0,1.0,-327.83158295078624,236.63950370566627
0.3,169.5515389323684,high,80,1.0,1.0,1.0,1.0,-331.9158044900955,239.5428176487992
0.3,169.5515389323684,high,81,1.0,1.0,1.0,1.0,-336.1880645421786,242.53787201862016
0.3,169.5515389323684,high,82,1.0,1.0,1.0,1.0,-340.3650680758153,245.52176438375383
0.3,169.5515389323684,high,83,1.0,1.0,1.0,1.0,-344.4516410118399,248.5839384540683
0.3,169.5515389323684,high,84,1.0,1.0,1.0,1.0,-348.42346225221127,251.58602477556929
0.3,169.5515389323684,high,85,1.0,1.0,1.0,1.0,-352.62278171362186,254.5430229455257
0.3,169.5515389323684,high,86,1.0,1.0,1.0,1.0,-356.7484684690101,257.4887212982359
0.3,169.5515389323684,high,87,1.0,1.0,1.0,1.0,-360.88543473746313,260.43971989077414
0.3,169.5515389323684,high,88,1.0,1.0,1.0,1.0,-365.08264781308003,263.4074028806714
0.3,169.5515389323684,high,89,1.0,1.0,1.0,1.0,-369.2288657069465,266.38414919650455
0.3,169.5515389323684,high,90,1.0,1.0,1.0,1.0,-373.2575679468596,269.36740281127345
0.3,169.5515389323684,high,91,1.0,1.0,1.0,1.0,-377.3475867280041,272.329449774849
0.3,169.5515389323684,high,92,1.0,1.0,1.0,1.0,-381.45663724815654,275.36634814062245
0.3,169.5515389323684,high,93,1.0,1.0,1.0,1.0,-385.66965957517857,278.40923910047945
0.3,169.5515389323684,high,94,1.0,1.0,1.0,1.0,-389.7817284481159,281.4301917148133
0.3,169.5515389323684,high,95,1.0,1.0,1.0,1.0,-393.93031373020335,284.4196170160465
0.3,169.5515389323684,high,96,1.0,1.0,1.0,1.0,-398.0924759024399,287.44805237258083
0.3,169.5515389323684,high,97,1.0,1.0,1.0,1.0,-402.21840508947696,290.4136268638966
0.3,169.5515389323684,high,98,1.0,1.0,1.0,1.0,-406.3339806105174,293.35152394592126
0.3,169.5515389323684,high,99,1.0,1.0,1.0,1.0,-410.5148974078271,296.3331507493027
0.3,169.5515389323684,high,100,1.0,1.0,1.0,1.0,-414.69975053891244,299.37746222047497
0.4,5.770252120286774,low,1,0.87865,0.96125,0.91995,0.87865,-6.396622852835891,2.467724115990869
0.4,5.770252120286774,low,2,0.96965,0.9916,0.9806250000000001,0.96965,-12.793245705671781,4.942595913894948
0.4,5.770252120286774,low,3,0.9921,0.99575,0.993925,0.9921,-15.419893104337564,7.296608061509891
0.4,5.770252120286774,low,4,0.99675,0.99835,0.9975499999999999,0.99675,-19.545463717672614,9.60547216884579
0.4,5.770252120286774,low,5,0.9989,0.99965,0.999275,0.9989,-24.490977548012964,11.913854903659512
0.4,5.770252120286774,low,6,0.99975,0.99995,0.99985,0.99975,-29.873395149564566,14.252410158686766
0.4,5.770252120286774,low,7,0.99985,1.0,0.999925,0.99985,-34.96535682201018,16.58711422132197
0.4,5.770252120286774,low,8,0.99995,1.0,0.9999750000000001,0.99995,-39.375530052731364,18.929429179225885
0.4,5.770252120286774,low,9,1.0,1.0,1.0,1.0,-44.093349399078264,21.234768092231015
0.4,5.770252120286774,low,10,1.0,1.0,1.0,1.0,-49.0608538658612,23.562671842379828
0.4,5.770252120286774,low,11,1.0,1.0,1.0,1.0,-53.82903209795836,25.899387441964592
0.4,5.770252120286774,low,12,1.0,1.0,1.0,1.0,-58.67683507897127,28.254200242691013
0.4,5.770252120286774,low,13,1.0,1.0,1.0,1.0,-63.405265321037575,30.597080443855617
0.4,5.770252120286774,low,14,1.0,1.0,1.0,1.0,-68.17850775354151,32.951539250249226
0.4,5.770252120286774,low,15,1.0,1.0,1.0,1.0,-73.06387888722219,35.29246866709659
0.4,5.770252120286774,low,16,1.0,1.0,1.0,1.0,-77.89211051070218,37.62957887559669
0.4,5.770252120286774,low,17,1.0,1.0,1.0,1.0,-82.74572176714445,39.94020996792253
0.4,5.770252120286774,low,18,1.0,1.0,1.0,1.0,-87.5011988970205,42.27657639952656
0.4,5.770252120286774,low,19,1.0,1.0,1.0,1.0,-92.4352415699186,44.608589135846174
0.4,5.770252120286774,low,20,1.0,1.0,1.0,1.0,-97.21549547866152,46.92587144235798
0.4,5.770252120286774,low,21,1.0,1.0,1.0,1.0,-102.12056538304843,49.220291572959916
0.4,5.770252120286774,low,22,1.0,1.0,1.0,1.0,-106.90779958035306,51.55603542602994
0.4,5.770252120286774,low,23,1.0,1.0,1.0,1.0,-111.78479297377088,53.88965319273949
0.4,5.770252120286774,low,24,1.0,1.0,1.0,1.0,-116.45686742729123,56.212373759363686
0.4,5.770252120286774,low,25,1.0,1.0,1.0,1.0,-121.32811860529857,58.573239144097215
0.4,5.770252120286774,low,26,1.0,1.0,1.0,1.0,-126.1422344492118,60.88544484272553
0.4,5.770252120286774,low,27,1.0,1.0,1.0,1.0,-131.00697840893835,63.18753527766134
0.4,5.770252120286774,low,28,1.0,1.0,1.0,1.0,-135.89858951807548,65.51624388291712
0.4,5.770252120286774,low,29,1.0,1.0,1.0,1.0,-140.70956531647772,67.85543215749504
0.4,5.770252120286774,low,30,1.0,1.0,1.0,1.0,-145.50300579583484,70.19536595160557
0.4,5.770252120286774,low,31,1.0,1.0,1.0,1.0,-150.3005387373426,72.51360382749245
0.4,5.770252120286774,low,32,1.0,1.0,1.0,1.0,-155.12661934436287,74.85087054836319
0.4,5.770252120286774,low,33,1.0,1.0,1.0,1.0,-160.06514313142588,77.15890308693811
0.4,5.770252120286774,low,34,1.0,1.0,1.0,1.0,-164.9975690715208,79.48789166460864
0.4,5.770252120286774,low,35,1.0,1.0,1.0,1.0,-169.81826144846661,81.80517191839895
0.4,5.770252120286774,low,36,1.0,1.0,1.0,1.0,-174.5323750184326,84.10195421444266
0.4,5.770252120286774,low,37,1.0,1.0,1.0,1.0,-179.37822208332125,86.45407408357534
0.4,5.770252120286774,low,38,1.0,1.0,1.0,1.0,-184.26391313726174,88.78987700408553
0.4,5.770252120286774,low,39,1.0,1.0,1.0,1.0,-189.08323764741328,91.0913821078791
0.4,5.770252120286774,low,40,1.0,1.0,1.0,1.0,-193.942622628447,93.43343126761717
0.4,5.770252120286774,low,41,1.0,1.0,1.0,1.0,-198.86492700079486,95.75515507807656
0.4,5.770252120286774,low,42,1.0,1.0,1.0,1.0,-203.59373457555253,98.0700478882329
0.4,5.770252120286774,low,43,1.0,1.0,1.0,1.0,-208.34578405760954,100.43797901173292
0.4,5.770252120286774,low,44,1.0,1.0,1.0,1.0,-213.1939871419309,102.74686822326814
0.4,5.770252120286774,low,45,1.0,1.0,1.0,1.0,-217.94056270503802,105.03777861822964
0.4,5.770252120286774,low,46,1.0,1.0,1.0,1.0,-222.6953140078564,107.3831176990741
0.4,5.770252120286774,low,47,1.0,1.0,1.0,1.0,-227.5446891786632,109.71752529900436
0.4,5.770252120286774,low,48,1.0,1.0,1.0,1.0,-232.45647360639907,112.04399533704117
0.4,5.770252120286774,low,49,1.0,1.0,1.0,1.0,-237.21572454344872,114.35877696219312
0.4,5.770252120286774,low,50,1.0,1.0,1.0,1.0,-242.04808479495517,116.65607205822127
0.4,5.770252120286774,low,51,1.0,1.0,1.0,1.0,-246.94323398453207,119.04374347756738
0.4,5.770252120286774,low,52,1.0,1.0,1.0,1.0,-251.74721585279352,121.3469575015317
0.4,5.770252120286774,low,53,1.0,1.0,1.0,1.0,-256.6214116579458,123.70971241955843
0.4,5.770252120286774,low,54,1.0,1.0,1.0,1.0,-261.48059408334177,126.02593809959087
0.4,5.770252120286774,low,55,1.0,1.0,1.0,1.0,-266.27064161824154,128.3340360814749
0.4,5.770252120286774,low,56,1.0,1.0,1.0,1.0,-271.0688679643864,130.68250059304413
0.4,5.770252120286774,low,57,1.0,1.0,1.0,1.0,-275.87208350135086,132.96457648290937
0.4,5.770252120286774,low,58,1.0,1.0,1.0,1.0,-280.6598525573203,135.28467254852205
0.4,5.770252120286774,low,59,1.0,1.0,1.0,1.0,-285.67252939307616,137.60178623892455
0.4,5.770252120286774,low,60,1.0,1.0,1.0,1.0,-290.34309017931025,139.9251579749738
0.4,5.770252120286774,low,61,1.0,1.0,1.0,1.0,-295.16778947936535,142.2775862615772
0.4,5.770252120286774,low,62,1.0,1.0,1.0,1.0,-299.9315123641159,144.62371461808158
0.4,5.770252120286774,low,63,1.0,1.0,1.0,1.0,-304.7356497953148,146.94333712835726
0.4,5.770252120286774,low,64,1.0,1.0,1.0,1.0,-309.7554834405273,149.21469573413992
0.4,5.770252120286774,low,65,1.0,1.0,1.0,1.0,-314.42576971080143,151.58508463231652
0.4,5.770252120286774,low,66,1.0,1.0,1.0,1.0,-319.3351643726631,153.8957594363238
0.4,5.770252120286774,low,67,1.0,1.0,1.0,1.0,-324.1289491638177,156.217199918144
0.4,5.770252120286774,low,68,1.0,1.0,1.0,1.0,-329.00418708489775,158.56459856971227
0.4,5.770252120286774,low,69,1.0,1.0,1.0,1.0,-333.7305003456522,160.90531519811208
0.4,5.770252120286774,low,70,1.0,1.0,1.0,1.0,-338.6264442995762,163.19385493425415
0.4,5.770252120286774,low,71,1.0,1.0,1.0,1.0,-343.49370795710064,165.48839988582853
0.4,5.770252120286774,low,72,1.0,1.0,1.0,1.0,-348.4711788455172,167.8090181527415
0.4,5.770252120286774,low,73,1.0,1.0,1.0,1.0,-353.1857603011429,170.1747877470023
0.4,5.770252120286774,low,74,1.0,1.0,1.0,1.0,-358.108620030553,172.47175457279087
0.4,5.770252120286774,low,75,1.0,1.0,1.0,1.0,-362.8356167918955,174.80543374237715
0.4,5.770252120286774,low,76,1.0,1.0,1.0,1.0,-367.62870358623184,177.12435558106955
0.4,5.770252120286774,low,77,1.0,1.0,1.0,1.0,-372.4322406357113,179.48480466980266
0.4,5.770252120286774,low,78,1.0,1.0,1.0,1.0,-377.1840343845057,181.78032374418552
0.4,5.770252120286774,low,79,1.0,1.0,1.0,1.0,-382.1214147671395,184.0846101820109
0.4,5.770252120286774,low,80,1.0,1.0,1.0,1.0,-386.9452185999129,186.45096085168194
0.4,5.770252120286774,low,81,1.0,1.0,1.0,1.0,-391.77534977182626,188.71938409751732
0.4,5.770252120286774,low,82,1.0,1.0,1.0,1.0,-396.52108379609433,191.07344959672596
0.4,5.770252120286774,low,83,1.0,1.0,1.0,1.0,-401.334626904004,193.40818590330008
0.4,5.770252120286774,low,84,1.0,1.0,1.0,1.0,-406.16330730576317,195.7458251130067
0.4,5.770252120286774,low,85,1.0,1.0,1.0,1.0,-411.1133306217392,198.07722476477016
0.4,5.770252120286774,low,86,1.0,1.0,1.0,1.0,-415.8473778364192,200.4300281394021
0.4,5.770252120286774,low,87,1.0,1.0,1.0,1.0,-420.5901671905036,202.73953847598779
0.4,5.770252120286774,low,88,1.0,1.0,1.0,1.0,-425.63945576418405,205.0865320961594
0.4,5.770252120286774,low,89,1.0,1.0,1.0,1.0,-430.4865634454917,207.39811344930746
0.4,5.770252120286774,low,90,1.0,1.0,1.0,1.0,-435.29624586230784,209.74961162324044
0.4,5.770252120286774,low,91,1.0,1.0,1.0,1.0,-439.97104445022546,212.08666315751753
0.4,5.770252120286774,low,92,1.0,1.0,1.0,1.0,-444.92568509229034,214.39601734341977
0.4,5.770252120286774,low,93,1.0,1.0,1.0,1.0,-449.71498557610494,216.71135430204617
0.4,5.770252120286774,low,94,1.0,1.0,1.0,1.0,-454.53668921744645,219.06982461098522
0.4,5.770252120286774,low,95,1.0,1.0,1.0,1.0,-459.5141397090764,221.38686656063595
0.4,5.770252120286774,low,96,1.0,1.0,1.0,1.0,-464.305576847647,223.6497759250259
0.4,5.770252120286774,low,97,1.0,1.0,1.0,1.0,-469.2523727868794,226.0191123919644
0.4,5.770252120286774,low,98,1.0,1.0,1.0,1.0,-473.98621704051106,228.37189317205633
0.4,5.770252120286774,low,99,1.0,1.0,1.0,1.0,-478.8017883200946,230.68905932597073
0.4,5.770252120286774,low,100,1.0,1.0,1.0,1.0,-483.6356225170981,233.0179628015311
0.4,24.98814290264955,mid,1,0.91505,0.95605,0.93555,0.91505,-5.531912586999871,2.769213586878227
0.4,24.98814290264955,mid,2,0.97985,0.98985,0.98485,0.97985,-11.063825173999742,5.538427173756454
0.4,24.98814290264955,mid,3,0.9939,0.9957,0.9948,0.9939,-16.59573776099961,8.18343486748362
0.4,24.98814290264955,mid,4,0.9976,0.99835,0.9979750000000001,0.9976,-18.923264538398783,10.716779363707932
0.4,24.98814290264955,mid,5,0.99915,0.9997,0.999425,0.99915,-23.253924701060654,13.35125198061473
0.4,24.98814290264955,mid,6,0.99985,0.99995,0.9999,0.99985,-26.93393795320215,15.943234035469185
0.4,24.98814290264955,mid,7,1.0,1.0,1.0,1.0,-31.79424718127268,18.52581418138938
0.4,24.98814290264955,mid,8,1.0,1.0,1.0,1.0,-36.31221099748239,21.134413265549266
0.4,24.98814290264955,mid,9,1.0,1.0,1.0,1.0,-41.037534525247366,23.757433859502854
0.4,24.98814290264955,mid,10,1.0,1.0,1.0,1.0,-45.185599132671605,26.348868416003185
0.4,24.98814290264955,mid,11,1.0,1.0,1.0,1.0,-49.51625929533347,28.953352318359997
0.4,24.98814290264955,mid,12,1.0,1.0,1.0,1.0,-53.97668356550282,31.55024058120885
0.4,24.98814290264955,mid,13,1.0,1.0,1.0,1.0,-58.49464738171252,34.12870911769345
0.4,24.98814290264955,mid,14,1.0,1.0,1.0,1.0,-62.94675838240338,36.70953005301168
0.4,24.98814290264955,mid,15,1.0,1.0,1.0,1.0,-67.42557506294207,39.32287580528876
0.4,24.98814290264955,mid,16,1.0,1.0,1.0,1.0,-71.88599933311143,41.90817734441349
0.4,24.98814290264955,mid,17,1.0,1.0,1.0,1.0,-76.29896319813129,44.50370259539455
0.4,24.98814290264955,mid,18,1.0,1.0,1.0,1.0,-80.77473511863177,47.11342705837848
0.4,24.98814290264955,mid,19,1.0,1.0,1.0,1.0,-85.14758717700285,49.6698895701807
0.4,24.98814290264955,mid,20,1.0,1.0,1.0,1.0,-89.69031514953019,52.24464090344979
0.4,24.98814290264955,mid,21,1.0,1.0,1.0,1.0,-94.16672675801557,54.83022348529078
0.4,24.98814290264955,mid,22,1.0,1.0,1.0,1.0,-98.66724782882415,57.43998840393209
0.4,24.98814290264955,mid,23,1.0,1.0,1.0,1.0,-103.04061955643314,60.06921340960874
0.4,24.98814290264955,mid,24,1.0,1.0,1.0,1.0,-107.47097868433232,62.659128689901834
0.4,24.98814290264955,mid,25,1.0,1.0,1.0,1.0,-111.9096953204853,65.21975764277514
0.4,24.98814290264955,mid,26,1.0,1.0,1.0,1.0,-116.34884329825323,67.79902223383488
0.4,24.98814290264955,mid,27,1.0,1.0,1.0,1.0,-120.86712695845537,70.38029442426551
0.4,24.98814290264955,mid,28,1.0,1.0,1.0,1.0,-125.2038566644834,72.99528355662446
0.4,24.98814290264955,mid,29,1.0,1.0,1.0,1.0,-129.72182048069308,75.58116328857872
0.4,24.98814290264955,mid,30,1.0,1.0,1.0,1.0,-134.07665786088725,78.1603447866199
0.4,24.98814290264955,mid,31,1.0,1.0,1.0,1.0,-138.59999408408885,80.75595085983744
0.4,24.98814290264955,mid,32,1.0,1.0,1.0,1.0,-142.99503026841302,83.36268781021093
0.4,24.98814290264955,mid,33,1.0,1.0,1.0,1.0,-147.4006076748978,85.97743669714947
0.4,24.98814290264955,mid,34,1.0,1.0,1.0,1.0,-151.9226316338823,88.53257652634912
0.4,24.98814290264955,mid,35,1.0,1.0,1.0,1.0,-156.34686999645038,91.10812636898322
0.4,24.98814290264955,mid,36,1.0,1.0,1.0,1.0,-160.7934589091601,93.73451180641555
0.4,24.98814290264955,mid,37,1.0,1.0,1.0,1.0,-165.22368645743722,96.3164554787283
0.4,24.98814290264955,mid,38,1.0,1.0,1.0,1.0,-169.62919527118515,98.89231718663356
0.4,24.98814290264955,mid,39,1.0,1.0,1.0,1.0,-173.99154616539198,101.52659631001345
0.4,24.98814290264955,mid,40,1.0,1.0,1.0,1.0,-178.4571496061131,104.10392325115463
0.4,24.98814290264955,mid,41,1.0,1.0,1.0,1.0,-182.84878853775865,106.71021737102711
0.4,24.98814290264955,mid,42,1.0,1.0,1.0,1.0,-187.34583436515115,109.30597815207489
0.4,24.98814290264955,mid,43,1.0,1.0,1.0,1.0,-191.82565952192152,111.9164617200106
0.4,24.98814290264955,mid,44,1.0,1.0,1.0,1.0,-196.21111206291414,114.47096957980497
0.4,24.98814290264955,mid,45,1.0,1.0,1.0,1.0,-200.66511822034465,117.08266446321494
0.4,24.98814290264955,mid,46,1.0,1.0,1.0,1.0,-205.15748287420587,119.69338683956097
0.4,24.98814290264955,mid,47,1.0,1.0,1.0,1.0,-209.57265012329862,122.25851090923564
0.4,24.98814290264955,mid,48,1.0,1.0,1.0,1.0,-213.98479734600738,124.8760261575845
0.4,24.98814290264955,mid,49,1.0,1.0,1.0,1.0,-218.42572560791953,127.50347764910842
0.4,24.98814290264955,mid,50,1.0,1.0,1.0,1.0,-222.9953596891813,130.08078393344528
0.4,24.98814290264955,mid,51,1.0,1.0,1.0,1.0,-227.45059900160936,132.6683293674438
0.4,24.98814290264955,mid,52,1.0,1.0,1.0,1.0,-231.8605580027436,135.18602296441713
0.4,24.98814290264955,mid,53,1.0,1.0,1.0,1.0,-236.30812184006248,137.8258755995069
0.4,24.98814290264955,mid,54,1.0,1.0,1.0,1.0,-240.84392656739075,140.4492311406074
0.4,24.98814290264955,mid,55,1.0,1.0,1.0,1.0,-245.2051712009408,143.0051271796416
0.4,24.98814290264955,mid,56,1.0,1.0,1.0,1.0,-249.57880721427006,145.61685920428243
0.4,24.98814290264955,mid,57,1.0,1.0,1.0,1.0,-254.11060305185524,148.20682283307676
0.4,24.98814290264955,mid,58,1.0,1.0,1.0,1.0,-258.5901538472644,150.8312139672674
0.4,24.98814290264955,mid,59,1.0,1.0,1.0,1.0,-262.9320562025031,153.44714111843047
0.4,24.98814290264955,mid,60,1.0,1.0,1.0,1.0,-267.36221170676345,156.0112682709937
0.4,24.98814290264955,mid,61,1.0,1.0,1.0,1.0,-271.7495797572169,158.63208327136266
0.4,24.98814290264955,mid,62,1.0,1.0,1.0,1.0,-276.12820702189924,161.22479509927626
0.4,24.98814290264955,mid,63,1.0,1.0,1.0,1.0,-280.7068282502694,163.8034709365851
0.4,24.98814290264955,mid,64,1.0,1.0,1.0,1.0,-285.13077232581054,166.3844361731978
0.4,24.98814290264955,mid,65,1.0,1.0,1.0,1.0,-289.5248037579662,168.9996221325401
0.4,24.98814290264955,mid,66,1.0,1.0,1.0,1.0,-293.97904035575175,171.57634704262986
0.4,24.98814290264955,mid,67,1.0,1.0,1.0,1.0,-298.46279320258793,174.18246806435448
0.4,24.98814290264955,mid,68,1.0,1.0,1.0,1.0,-302.8834277209853,176.78354878359283
0.4,24.98814290264955,mid,69,1.0,1.0,1.0,1.0,-307.28120640919104,179.37521592943608
0.4,24.98814290264955,mid,70,1.0,1.0,1.0,1.0,-311.7417488753522,181.95681750735042
0.4,24.98814290264955,mid,71,1.0,1.0,1.0,1.0,-316.2070035277724,184.58806544412013
0.4,24.98814290264955,mid,72,1.0,1.0,1.0,1.0,-320.64744490634746,187.12594788305262
0.4,24.98814290264955,mid,73,1.0,1.0,1.0,1.0,-324.9987049126986,189.75310242439815
0.4,24.98814290264955,mid,74,1.0,1.0,1.0,1.0,-329.49266191434685,192.37639610335077
0.4,24.98814290264955,mid,75,1.0,1.0,1.0,1.0,-333.9469043276635,194.94660800037582
0.4,24.98814290264955,mid,76,1.0,1.0,1.0,1.0,-338.34466802783925,197.51356936064403
0.4,24.98814290264955,mid,77,1.0,1.0,1.0,1.0,-342.8453156606528,200.1560007671811
0.4,24.98814290264955,mid,78,1.0,1.0,1.0,1.0,-347.32032466023156,202.74024370396302
0.4,24.98814290264955,mid,79,1.0,1.0,1.0,1.0,-351.72933794626397,205.3685472016304
0.4,24.98814290264955,mid,80,1.0,1.0,1.0,1.0,-356.1651578801875,207.96207540189562
0.4,24.98814290264955,mid,81,1.0,1.0,1.0,1.0,-360.6710160504823,210.4844266081974
0.4,24.98814290264955,mid,82,1.0,1.0,1.0,1.0,-365.0816075253165,213.10169438195356
0.4,24.98814290264955,mid,83,1.0,1.0,1.0,1.0,-369.66176290638936,215.72554886788768
0.4,24.98814290264955,mid,84,1.0,1.0,1.0,1.0,-374.07238880848575,218.32232271836145
0.4,24.98814290264955,mid,85,1.0,1.0,1.0,1.0,-378.39827925238626,220.89084730099455
0.4,24.98814290264955,mid,86,1.0,1.0,1.0,1.0,-382.85560703302116,223.48997824202004
0.4,24.98814290264955,mid,87,1.0,1.0,1.0,1.0,-387.28972003170816,226.10767753833682
0.4,24.98814290264955,mid,88,1.0,1.0,1.0,1.0,-391.76034718730443,228.70053939332058
0.4,24.98814290264955,mid,89,1.0,1.0,1.0,1.0,-396.16180031609224,231.30895320992659
0.4,24.98814290264955,mid,90,1.0,1.0,1.0,1.0,-400.59882510664784,233.88732124750314
0.4,24.98814290264955,mid,91,1.0,1.0,1.0,1.0,-405.1147341653427,236.4469962857375
0.4,24.98814290264955,mid,92,1.0,1.0,1.0,1.0,-409.51035332118033,239.02385126647988
0.4,24.98814290264955,mid,93,1.0,1.0,1.0,1.0,-413.94680751997555,241.65413744417316
0.4,24.98814290264955,mid,94,1.0,1.0,1.0,1.0,-418.48782665110537,244.22412019992464
0.4,24.98814290264955,mid,95,1.0,1.0,1.0,1.0,-422.9327924345306,246.80733838236227
0.4,24.98814290264955,mid,96,1.0,1.0,1.0,1.0,-427.2698971103306,249.3991934635814
0.4,24.98814290264955,mid,97,1.0,1.0,1.0,1.0,-431.69649117415844,252.0033996211826
0.4,24.98814290264955,mid,98,1.0,1.0,1.0,1.0,-436.13851332076604,254.65761013161097
0.4,24.98814290264955,mid,99,1.0,1.0,1.0,1.0,-440.46340827912405,257.17656596564416
0.4,24.98814290264955,mid,100,1.0,1.0,1.0,1.0,-444.9746485013427,259.8036140690161
0.4,108.21143906831625,high,1,0.8923,0.97915,0.9357249999999999,0.8923,-4.390354770059588,2.8524557393702334
0.4,108.21143906831625,high,2,0.9841,0.9762,0.98015,0.9762,-8.780709540119176,5.704911478740467
0.4,108.21143906831625,high,3,0.9916,0.9926,0.9921,0.9916,-13.171064310178764,8.357257353111732
0.4,108.21143906831625,high,4,0.99705,0.9982,0.997625,0.99705,-17.561419080238352,11.022423773006972
0.4,108.21143906831625,high,5,0.999,0.99925,0.999125,0.999,-18.604991310027216,13.697033606875245
0.4,108.21143906831625,high,6,0.99955,0.99965,0.9996,0.99955,-21.923591201259235,16.35520983975972
0.4,108.21143906831625,high,7,0.9999,0.99985,0.9998750000000001,0.99985,-26.313945971318823,19.004687326460918
0.4,108.21143906831625,high,8,0.9999,0.99995,0.999925,0.9999,-29.923476612192278,21.651743614533146
0.4,108.21143906831625,high,9,0.99995,1.0,0.9999750000000001,0.99995,-33.64292868095976,24.309958152555016
0.4,108.21143906831625,high,10,0.99995,1.0,0.9999750000000001,0.99995,-37.497546835173594,26.93036532189825
0.4,108.21143906831625,high,11,1.0,1.0,1.0,1.0,-41.051091961225644,29.6100460068973
0.4,108.21143906831625,high,12,1.0,1.0,1.0,1.0,-44.91893728134604,32.243876371047634
0.4,108.21143906831625,high,13,1.0,1.0,1.0,1.0,-48.52846792221949,34.91406170906555
0.4,108.21143906831625,high,14,1.0,1.0,1.0,1.0,-51.84706781345151,37.51859572394702
0.4,108.21143906831625,high,15,1.0,1.0,1.0,1.0,-55.51155916827199,40.16767575388385
0.4,108.21143906831625,high,16,1.0,1.0,1.0,1.0,-59.17605052309245,42.78952970887284
0.4,108.21143906831625,high,17,1.0,1.0,1.0,1.0,-62.97468316248488,45.42229909096393
0.4,108.21143906831625,high,18,1.0,1.0,1.0,1.0,-66.63159657033316,48.03922472430925
0.4,108.21143906831625,high,19,1.0,1.0,1.0,1.0,-70.30366587212582,50.67100911878592
0.4,108.21143906831625,high,20,1.0,1.0,1.0,1.0,-73.87071981122048,53.34100049627487
0.4,108.21143906831625,high,21,1.0,1.0,1.0,1.0,-77.49011108347824,56.00222824028842
0.4,108.21143906831625,high,22,1.0,1.0,1.0,1.0,-81.0996417243517,58.65119443384472
0.4,108.21143906831625,high,23,1.0,1.0,1.0,1.0,-84.82443174229488,61.30788171780832
0.4,108.21143906831625,high,24,1.0,1.0,1.0,1.0,-88.50780500461757,63.96141655488992
0.4,108.21143906831625,high,25,1.0,1.0,1.0,1.0,-92.23401147990637,66.5803433517216
0.4,108.21143906831625,high,26,1.0,1.0,1.0,1.0,-95.83678771425852,69.26407852158317
0.4,108.21143906831625,high,27,1.0,1.0,1.0,1.0,-99.47116346794182,71.8473959008164
0.4,108.21143906831625,high,28,1.0,1.0,1.0,1.0,-103.0806941088153,74.48840004444834
0.4,108.21143906831625,high,29,1.0,1.0,1.0,1.0,-106.74802294355412,77.11045144117821
0.4,108.21143906831625,high,30,1.0,1.0,1.0,1.0,-110.40967681845622,79.7865536919586
0.4,108.21143906831625,high,31,1.0,1.0,1.0,1.0,-114.0719493511554,82.40125354190349
0.4,108.21143906831625,high,32,1.0,1.0,1.0,1.0,-117.76037891551775,85.03141570654152
0.4,108.21143906831625,high,33,1.0,1.0,1.0,1.0,-121.485961772516,87.69552985570215
0.4,108.21143906831625,high,34,1.0,1.0,1.0,1.0,-125.07347824231732,90.30360327320449
0.4,108.21143906831625,high,35,1.0,1.0,1.0,1.0,-128.66655784277367,92.90824714765527
0.4,108.21143906831625,high,36,1.0,1.0,1.0,1.0,-132.29285239078283,95.55756155854378
0.4,108.21143906831625,high,37,1.0,1.0,1.0,1.0,-135.96451804800947,98.22336115323898
0.4,108.21143906831625,high,38,1.0,1.0,1.0,1.0,-139.6050711932881,100.87225079773067
0.4,108.21143906831625,high,39,1.0,1.0,1.0,1.0,-143.3212344583688,103.49618642189179
0.4,108.21143906831625,high,40,1.0,1.0,1.0,1.0,-146.8966335031899,106.14341669985916
0.4,108.21143906831625,high,41,1.0,1.0,1.0,1.0,-150.59015325267143,108.75640398556365
0.4,108.21143906831625,high,42,1.0,1.0,1.0,1.0,-154.22434638801641,111.45393465208133
0.4,108.21143906831625,high,43,1.0,1.0,1.0,1.0,-157.9240810061463,114.04155355493481
0.4,108.21143906831625,high,44,1.0,1.0,1.0,1.0,-161.54336522883682,116.71257477677821
0.4,108.21143906831625,high,45,1.0,1.0,1.0,1.0,-165.1415727857979,119.29185500561195
0.4,108.21143906831625,high,46,1.0,1.0,1.0,1.0,-168.87255431877642,121.96242836936665
0.4,108.21143906831625,high,47,1.0,1.0,1.0,1.0,-172.58251170767116,124.59974409867749
0.4,108.21143906831625,high,48,1.0,1.0,1.0,1.0,-176.26580838445412,127.22125339033528
0.4,108.21143906831625,high,49,1.0,1.0,1.0,1.0,-179.91863808578955,129.90708832155048
0.4,108.21143906831625,high,50,1.0,1.0,1.0,1.0,-183.52290045208088,132.51716139563104
0.4,108.21143906831625,high,51,1.0,1.0,1.0,1.0,-187.06404344072956,135.13881852725103
0.4,108.21143906831625,high,52,1.0,1.0,1.0,1.0,-190.7252507906261,137.80578854796562
0.4,108.21143906831625,high,53,1.0,1.0,1.0,1.0,-194.35167529376312,140.44869300798985
0.4,108.21143906831625,high,54,1.0,1.0,1.0,1.0,-198.0927053237259,143.05789452833073
0.4,108.21143906831625,high,55,1.0,1.0,1.0,1.0,-201.756171877672,145.66651413502993
0.4,108.21143906831625,high,56,1.0,1.0,1.0,1.0,-205.3062479180252,148.31099177202248
0.4,108.21143906831625,high,57,1.0,1.0,1.0,1.0,-208.96252199270765,150.97723579131235
0.4,108.21143906831625,high,58,1.0,1.0,1.0,1.0,-212.65576561917115,153.63322307395856
0.4,108.21143906831625,high,59,1.0,1.0,1.0,1.0,-216.30187439764612,156.29147655801228
0.4,108.21143906831625,high,60,1.0,1.0,1.0,1.0,-220.07375770818948,158.9337338449098
0.4,108.21143906831625,high,61,1.0,1.0,1.0,1.0,-223.69458925708,161.5712782488079
0.4,108.21143906831625,high,62,1.0,1.0,1.0,1.0,-227.2734755479067,164.15531949691643
0.4,108.21143906831625,high,63,1.0,1.0,1.0,1.0,-231.01318400615332,166.7966512064208
0.4,108.21143906831625,high,64,1.0,1.0,1.0,1.0,-234.62242753055475,169.47681195677978
0.4,108.21143906831625,high,65,1.0,1.0,1.0,1.0,-238.32629614904695,172.09781259427214
0.4,108.21143906831625,high,66,1.0,1.0,1.0,1.0,-241.86156034948274,174.7535501115749
0.4,108.21143906831625,high,67,1.0,1.0,1.0,1.0,-245.497816215971,177.44315816852526
0.4,108.21143906831625,high,68,1.0,1.0,1.0,1.0,-249.13651414859487,180.09356995086551
0.4,108.21143906831625,high,69,1.0,1.0,1.0,1.0,-252.77925668288754,182.79166411815984
0.4,108.21143906831625,high,70,1.0,1.0,1.0,1.0,-256.40759811505944,185.36724539239248
0.4,108.21143906831625,high,71,1.0,1.0,1.0,1.0,-260.03998213240686,188.07359826963437
0.4,108.21143906831625,high,72,1.0,1.0,1.0,1.0,-263.57515609936286,190.68661270057993
0.4,108.21143906831625,high,73,1.0,1.0,1.0,1.0,-267.34833738215724,193.3554236962603
0.4,108.21143906831625,high,74,1.0,1.0,1.0,1.0,-271.00153022824964,195.97595187504584
0.4,108.21143906831625,high,75,1.0,1.0,1.0,1.0,-274.6026625511224,198.59678795388908
0.4,108.21143906831625,high,76,1.0,1.0,1.0,1.0,-278.2893823803272,201.26901480323644
0.4,108.21143906831625,high,77,1.0,1.0,1.0,1.0,-281.8979046030804,203.84751626768653
0.4,108.21143906831625,high,78,1.0,1.0,1.0,1.0,-285.5434937380111,206.47882852122052
0.4,108.21143906831625,high,79,1.0,1.0,1.0,1.0,-289.0346802356507,209.1579985573777
0.4,108.21143906831625,high,80,1.0,1.0,1.0,1.0,-292.81930062576936,211.77354376064216
0.4,108.21143906831625,high,81,1.0,1.0,1.0,1.0,-296.50862537617,214.44687991768654
0.4,108.21143906831625,high,82,1.0,1.0,1.0,1.0,-300.04032185144615,217.08973222361902
0.4,108.21143906831625,high,83,1.0,1.0,1.0,1.0,-303.7914900706228,219.6697822994438
0.4,108.21143906831625,high,84,1.0,1.0,1.0,1.0,-307.4775832593786,222.2805366084935
0.4,108.21143906831625,high,85,1.0,1.0,1.0,1.0,-311.1195470265344,224.96208822397472
0.4,108.21143906831625,high,86,1.0,1.0,1.0,1.0,-314.7160259407443,227.64690865684676
0.4,108.21143906831625,high,87,1.0,1.0,1.0,1.0,-318.33015217494756,230.25045247076272
0.4,108.21143906831625,high,88,1.0,1.0,1.0,1.0,-321.95651221247823,232.8803669571222
0.4,108.21143906831625,high,89,1.0,1.0,1.0,1.0,-325.65254382230387,235.51348843598055
0.4,108.21143906831625,high,90,1.0,1.0,1.0,1.0,-329.3100786037167,238.1378653007746
0.4,108.21143906831625,high,91,1.0,1.0,1.0,1.0,-332.9674592930362,240.77634953145525
0.4,108.21143906831625,high,92,1.0,1.0,1.0,1.0,-336.66515883096474,243.4464125224448
0.4,108.21143906831625,high,93,1.0,1.0,1.0,1.0,-340.2808881048007,246.02728918807006
0.4,108.21143906831625,high,94,1.0,1.0,1.0,1.0,-343.84342284683095,248.62182431260743
0.4,108.21143906831625,high,95,1.0,1.0,1.0,1.0,-347.52551043036067,251.3320545577095
0.4,108.21143906831625,high,96,1.0,1.0,1.0,1.0,-351.15172337947905,253.92850298928684
0.4,108.21143906831625,high,97,1.0,1.0,1.0,1.0,-354.70836145612736,256.60351794669396
0.4,108.21143906831625,high,98,1.0,1.0,1.0,1.0,-358.31680923038493,259.22277050997786
0.4,108.21143906831625,high,99,1.0,1.0,1.0,1.0,-361.9780696725852,261.9283697395456
0.4,108.21143906831625,high,100,1.0,1.0,1.0,1.0,-365.54204955404276,264.5559977893939
0.5,6.7462274651205965,low,1,0.8756,0.93705,0.906325,0.8756,-6.505621266716548,2.414965406554127
0.5,6.7462274651205965,low,2,0.9638,0.9835,0.97365,0.9638,-9.695148573540383,4.576275178104262
0.5,6.7462274651205965,low,3,0.98805,0.9931,0.990575,0.98805,-13.858094099931177,6.639537730078535
0.5,6.7462274651205965,low,4,0.9951,0.9971,0.9961,0.9951,-18.87618514746293,8.763714334534122
0.5,6.7462274651205965,low,5,0.99815,0.99845,0.9983,0.99815,-23.607519660312068,10.86306774158858
0.5,6.7462274651205965,low,6,0.99935,0.9996,0.999475,0.99935,-28.020530594914284,13.002087352316046
0.5,6.7462274651205965,low,7,0.99985,0.99985,0.99985,0.99985,-32.734279247394106,15.106095024644087
0.5,6.7462274651205965,low,8,0.99995,0.9999,0.999925,0.9999,-37.215448228967745,17.22097327020919
0.5,6.7462274651205965,low,9,1.0,1.0,1.0,1.0,-41.84311342284875,19.335715816819082
0.5,6.7462274651205965,low,10,1.0,1.0,1.0,1.0,-46.396484802890285,21.44903308813716
0.5,6.7462274651205965,low,11,1.0,1.0,1.0,1.0,-50.866073760962536,23.54174480497928
0.5,6.7462274651205965,low,12,1.0,1.0,1.0,1.0,-55.505318978344924,25.672267161454325
0.5,6.7462274651205965,low,13,1.0,1.0,1.0,1.0,-60.04121801018189,27.796591394811152
0.5,6.7462274651205965,low,14,1.0,1.0,1.0,1.0,-64.63035175371546,29.897002703174294
0.5,6.7462274651205965,low,15,1.0,1.0,1.0,1.0,-69.2590742496571,32.02961570141157
0.5,6.7462274651205965,low,16,1.0,1.0,1.0,1.0,-73.811388327638,34.145278253172066
0.5,6.7462274651205965,low,17,1.0,1.0,1.0,1.0,-78.47332600918011,36.222472730060915
0.5,6.7462274651205965,low,18,1.0,1.0,1.0,1.0,-83.16231175677112,38.380604521552726
0.5,6.7462274651205965,low,19,1.0,1.0,1.0,1.0,-87.69672914410344,40.469825856763435
0.5,6.7462274651205965,low,20,1.0,1.0,1.0,1.0,-92.29768720110093,42.59348111173989
0.5,6.7462274651205965,low,21,1.0,1.0,1.0,1.0,-96.89127629039452,44.66156103599714
0.5,6.7462274651205965,low,22,1.0,1.0,1.0,1.0,-101.48455623959129,46.75618570625394
0.5,6.7462274651205965,low,23,1.0,1.0,1.0,1.0,-106.1275551920077,48.854556796951506
0.5,6.7462274651205965,low,24,1.0,1.0,1.0,1.0,-110.74821313728748,50.984995084436264
0.5,6.7462274651205965,low,25,1.0,1.0,1.0,1.0,-115.40530073916014,53.05383470352794
0.5,6.7462274651205965,low,26,1.0,1.0,1.0,1.0,-119.90627280621625,55.218227122945116
0.5,6.7462274651205965,low,27,1.0,1.0,1.0,1.0,-124.4139434070658,57.31897026246402
0.5,6.7462274651205965,low,28,1.0,1.0,1.0,1.0,-129.03951177819508,59.42961026037299
0.5,6.7462274651205965,low,29,1.0,1.0,1.0,1.0,-133.61886885181616,61.553071313194906
0.5,6.7462274651205965,low,30,1.0,1.0,1.0,1.0,-138.3348454564624,63.67848014915678
0.5,6.7462274651205965,low,31,1.0,1.0,1.0,1.0,-142.8921553322391,65.7928836775522
0.5,6.7462274651205965,low,32,1.0,1.0,1.0,1.0,-147.37862060675653,67.85900107780873
0.5,6.7462274651205965,low,33,1.0,1.0,1.0,1.0,-152.05482008879022,69.9562024605329
0.5,6.7462274651205965,low,34,1.0,1.0,1.0,1.0,-156.58690745052743,72.03711985299232
0.5,6.7462274651205965,low,35,1.0,1.0,1.0,1.0,-161.20144319930694,74.1351603906298
0.5,6.7462274651205965,low,36,1.0,1.0,1.0,1.0,-165.7309452062622,76.2495300551416
0.5,6.7462274651205965,low,37,1.0,1.0,1.0,1.0,-170.23632037840076,78.36836498000065
0.5,6.7462274651205965,low,38,1.0,1.0,1.0,1.0,-174.81826926925424,80.47764298442667
0.5,6.7462274651205965,low,39,1.0,1.0,1.0,1.0,-179.35608453297033,82.5709617201897
0.5,6.7462274651205965,low,40,1.0,1.0,1.0,1.0,-183.9739302460669,84.69692762343782
0.5,6.7462274651205965,low,41,1.0,1.0,1.0,1.0,-188.58369499472593,86.80621432539061
0.5,6.7462274651205965,low,42,1.0,1.0,1.0,1.0,-193.17038323475026,88.94649526924698
0.5,6.7462274651205965,low,43,1.0,1.0,1.0,1.0,-197.63457383059972,91.03106922011727
0.5,6.7462274651205965,low,44,1.0,1.0,1.0,1.0,-202.29232122277614,93.14293551416037
0.5,6.7462274651205965,low,45,1.0,1.0,1.0,1.0,-206.79201335473525,95.27147628763748
0.5,6.7462274651205965,low,46,1.0,1.0,1.0,1.0,-211.43545934149506,97.35855843779962
0.5,6.7462274651205965,low,47,1.0,1.0,1.0,1.0,-215.9475495519584,99.51052242445249
0.5,6.7462274651205965,low,48,1.0,1.0,1.0,1.0,-220.61841216927525,101.60263002024399
0.5,6.7462274651205965,low,49,1.0,1.0,1.0,1.0,-225.1956176717216,103.67742703256636
0.5,6.7462274651205965,low,50,1.0,1.0,1.0,1.0,-229.8425613065078,105.80351522299617
0.5,6.7462274651205965,low,51,1.0,1.0,1.0,1.0,-234.3985148358729,107.9271282434917
0.5,6.7462274651205965,low,52,1.0,1.0,1.0,1.0,-239.02199781483253,110.00426367912695
0.5,6.7462274651205965,low,53,1.0,1.0,1.0,1.0,-243.53225805654472,112.1121985284173
0.5,6.7462274651205965,low,54,1.0,1.0,1.0,1.0,-248.1064210514371,114.18789650761553
0.5,6.7462274651205965,low,55,1.0,1.0,1.0,1.0,-252.68794411002955,116.30244093099478
0.5,6.7462274651205965,low,56,1.0,1.0,1.0,1.0,-257.2596553700466,118.39053113455017
0.5,6.7462274651205965,low,57,1.0,1.0,1.0,1.0,-261.92105628837373,120.49997054936469
0.5,6.7462274651205965,low,58,1.0,1.0,1.0,1.0,-266.4789533607076,122.62115950990336
0.5,6.7462274651205965,low,59,1.0,1.0,1.0,1.0,-271.01191415631035,124.73723252555827
0.5,6.7462274651205965,low,60,1.0,1.0,1.0,1.0,-275.6042565586838,126.83051731753548
0.5,6.7462274651205965,low,61,1.0,1.0,1.0,1.0,-280.1285941624389,128.91775112215794
0.5,6.7462274651205965,low,62,1.0,1.0,1.0,1.0,-284.7851435921167,131.0215121940289
0.5,6.7462274651205965,low,63,1.0,1.0,1.0,1.0,-289.41175328788137,133.15910631165104
0.5,6.7462274651205965,low,64,1.0,1.0,1.0,1.0,-293.97017767481753,135.28138129069637
0.5,6.7462274651205965,low,65,1.0,1.0,1.0,1.0,-298.6290286390888,137.39622722091855
0.5,6.7462274651205965,low,66,1.0,1.0,1.0,1.0,-303.2260083182069,139.5400387344867
0.5,6.7462274651205965,low,67,1.0,1.0,1.0,1.0,-307.9515828798517,141.67976240462264
0.5,6.7462274651205965,low,68,1.0,1.0,1.0,1.0,-312.4282067730462,143.7785366759628
0.5,6.7462274651205965,low,69,1.0,1.0,1.0,1.0,-316.88986266379356,145.90685798419088
0.5,6.7462274651205965,low,70,1.0,1.0,1.0,1.0,-321.62905300962905,147.98379824183147
0.5,6.7462274651205965,low,71,1.0,1.0,1.0,1.0,-326.1123386236091,150.15065535105322
0.5,6.7462274651205965,low,72,1.0,1.0,1.0,1.0,-330.7195611678741,152.21237328175488
0.5,6.7462274651205965,low,73,1.0,1.0,1.0,1.0,-335.25692776995305,154.32366196950835
0.5,6.7462274651205965,low,74,1.0,1.0,1.0,1.0,-339.67982166430846,156.42985084550241
0.5,6.7462274651205965,low,75,1.0,1.0,1.0,1.0,-344.354262325166,158.578824137103
0.5,6.7462274651205965,low,76,1.0,1.0,1.0,1.0,-349.0089046397318,160.64837201420596
0.5,6.7462274651205965,low,77,1.0,1.0,1.0,1.0,-353.48609345077466,162.81304750074383
0.5,6.7462274651205965,low,78,1.0,1.0,1.0,1.0,-357.991850126987,164.88764064417222
0.5,6.7462274651205965,low,79,1.0,1.0,1.0,1.0,-362.5805428114676,167.0023535025524
0.5,6.7462274651205965,low,80,1.0,1.0,1.0,1.0,-367.30015058693755,169.11146665286196
0.5,6.7462274651205965,low,81,1.0,1.0,1.0,1.0,-372.06053302075117,171.2050803652188
0.5,6.7462274651205965,low,82,1.0,1.0,1.0,1.0,-376.5400250045918,173.27909717575977
0.5,6.7462274651205965,low,83,1.0,1.0,1.0,1.0,-381.0272074944846,175.36861748079903
0.5,6.7462274651205965,low,84,1.0,1.0,1.0,1.0,-385.7292868372248,177.45413109800734
0.5,6.7462274651205965,low,85,1.0,1.0,1.0,1.0,-390.3462736876012,179.55937699272476
0.5,6.7462274651205965,low,86,1.0,1.0,1.0,1.0,-394.83116742158614,181.60324228303472
0.5,6.7462274651205965,low,87,1.0,1.0,1.0,1.0,-399.2988176278609,183.69259513138812
0.5,6.7462274651205965,low,88,1.0,1.0,1.0,1.0,-403.9010660991985,185.8717386588873
0.5,6.7462274651205965,low,89,1.0,1.0,1.0,1.0,-408.5056766677691,187.94736633307846
0.5,6.7462274651205965,low,90,1.0,1.0,1.0,1.0,-413.026445738792,190.0897782447023
0.5,6.7462274651205965,low,91,1.0,1.0,1.0,1.0,-417.7363861685666,192.1662543148657
0.5,6.7462274651205965,low,92,1.0,1.0,1.0,1.0,-422.16131844859655,194.22598783999277
0.5,6.7462274651205965,low,93,1.0,1.0,1.0,1.0,-426.8036415931958,196.37989398838832
0.5,6.7462274651205965,low,94,1.0,1.0,1.0,1.0,-431.45524252063194,198.49265246105864
0.5,6.7462274651205965,low,95,1.0,1.0,1.0,1.0,-436.20337203527095,200.56295941409797
0.5,6.7462274651205965,low,96,1.0,1.0,1.0,1.0,-440.7902221981676,202.68866484059782
0.5,6.7462274651205965,low,97,1.0,1.0,1.0,1.0,-445.4494167154054,204.78151927990712
0.5,6.7462274651205965,low,98,1.0,1.0,1.0,1.0,-450.1809578735367,206.93292725434935
0.5,6.7462274651205965,low,99,1.0,1.0,1.0,1.0,-454.79157935939656,209.01759006424942
0.5,6.7462274651205965,low,100,1.0,1.0,1.0,1.0,-459.2985339865083,211.15597525422746
0.5,22.357584689678486,mid,1,0.87145,0.96535,0.9184,0.87145,-5.377199446791554,2.646190961411343
0.5,22.357584689678486,mid,2,0.96975,0.9839,0.976825,0.96975,-10.754398893583108,4.94060560627805
0.5,22.357584689678486,mid,3,0.99015,0.9917,0.9909250000000001,0.99015,-12.446448836947326,7.237455048053285
0.5,22.357584689678486,mid,4,0.99515,0.99725,0.9962,0.99515,-16.747413619627153,9.587906283497599
0.5,22.357584689678486,mid,5,0.9984,0.99905,0.998725,0.9984,-20.63666674972167,11.89352637141371
0.5,22.357584689678486,mid,6,0.99945,0.99965,0.9995499999999999,0.99945,-24.962860005006256,14.200191217512838
0.5,22.357584689678486,mid,7,0.99965,0.99985,0.99975,0.99965,-29.19386245657448,16.531500898888527
0.5,22.357584689678486,mid,8,0.9999,0.9999,0.9999,0.9999,-33.083115586668995,18.823607162167658
0.5,22.357584689678486,mid,9,0.99995,1.0,0.9999750000000001,0.99995,-37.25004716170422,21.136055169081313
0.5,22.357584689678486,mid,10,0.99995,1.0,0.9999750000000001,0.99995,-41.01854657339922,23.424939330892187
0.5,22.357584689678486,mid,11,1.0,1.0,1.0,1.0,-45.13028631403081,25.770788506657354
0.5,22.357584689678486,mid,12,1.0,1.0,1.0,1.0,-49.287971980459645,28.061461672330207
0.5,22.357584689678486,mid,13,1.0,1.0,1.0,1.0,-53.32171629409555,30.360566241727618
0.5,22.357584689678486,mid,14,1.0,1.0,1.0,1.0,-57.27542006617455,32.702413549929375
0.5,22.357584689678486,mid,15,1.0,1.0,1.0,1.0,-61.30916437981045,35.00028828976037
0.5,22.357584689678486,mid,16,1.0,1.0,1.0,1.0,-65.41061784900188,37.29590044010413
0.5,22.357584689678486,mid,17,1.0,1.0,1.0,1.0,-69.40718833569916,39.572634019601885
0.5,22.357584689678486,mid,18,1.0,1.0,1.0,1.0,-73.44985845207856,41.900212672630936
0.5,22.357584689678486,mid,19,1.0,1.0,1.0,1.0,-77.57229941711914,44.18721679911664
0.5,22.357584689678486,mid,20,1.0,1.0,1.0,1.0,-81.60604373075505,46.446110161064865
0.5,22.357584689678486,mid,21,1.0,1.0,1.0,1.0,-85.60724929587491,48.76558100265332
0.5,22.357584689678486,mid,22,1.0,1.0,1.0,1.0,-89.65479047193739,51.023637642765834
0.5,22.357584689678486,mid,23,1.0,1.0,1.0,1.0,-93.73326864408014,53.3499913416197
0.5,22.357584689678486,mid,24,1.0,1.0,1.0,1.0,-97.84056006500154,55.64174799022007
0.5,22.357584689678486,mid,25,1.0,1.0,1.0,1.0,-101.9014849204947,57.976480766151695
0.5,22.357584689678486,mid,26,1.0,1.0,1.0,1.0,-105.97633479811962,60.28610685879641
0.5,22.357584689678486,mid,27,1.0,1.0,1.0,1.0,-109.94412058499002,62.57338857896089
0.5,22.357584689678486,mid,28,1.0,1.0,1.0,1.0,-114.05559518954362,64.88142976612376
0.5,22.357584689678486,mid,29,1.0,1.0,1.0,1.0,-118.11326126009445,67.19695521817376
0.5,22.357584689678486,mid,30,1.0,1.0,1.0,1.0,-122.08284391069711,69.51775774555885
0.5,22.357584689678486,mid,31,1.0,1.0,1.0,1.0,-126.11950750235198,71.78542539203691
0.5,22.357584689678486,mid,32,1.0,1.0,1.0,1.0,-130.17284520135894,74.08837277832802
0.5,22.357584689678486,mid,33,1.0,1.0,1.0,1.0,-134.2750998699216,76.40477932753339
0.5,22.357584689678486,mid,34,1.0,1.0,1.0,1.0,-138.25972977103078,78.71751423941618
0.5,22.357584689678486,mid,35,1.0,1.0,1.0,1.0,-142.46124736464327,81.00117453754856
0.5,22.357584689678486,mid,36,1.0,1.0,1.0,1.0,-146.39047064307556,83.33829399850818
0.5,22.357584689678486,mid,37,1.0,1.0,1.0,1.0,-150.33470767497704,85.63847410998196
0.5,22.357584689678486,mid,38,1.0,1.0,1.0,1.0,-154.43248410134248,87.90944790235815
0.5,22.357584689678486,mid,39,1.0,1.0,1.0,1.0,-158.36430452723624,90.24746369902357
0.5,22.357584689678486,mid,40,1.0,1.0,1.0,1.0,-162.44190210603048,92.51822372885567
0.5,22.357584689678486,mid,41,1.0,1.0,1.0,1.0,-166.6741673330659,94.78389087500587
0.5,22.357584689678486,mid,42,1.0,1.0,1.0,1.0,-170.54368635623746,97.12311101744227
0.5,22.357584689678486,mid,43,1.0,1.0,1.0,1.0,-174.5393786038761,99.38029830002338
0.5,22.357584689678486,mid,44,1.0,1.0,1.0,1.0,-178.56870277677433,101.7023327053632
0.5,22.357584689678486,mid,45,1.0,1.0,1.0,1.0,-182.65192324228838,103.99665862682971
0.5,22.357584689678486,mid,46,1.0,1.0,1.0,1.0,-186.71734476087252,106.31013373593453
0.5,22.357584689678486,mid,47,1.0,1.0,1.0,1.0,-190.74686779224683,108.559416751468
0.5,22.357584689678486,mid,48,1.0,1.0,1.0,1.0,-194.82624221355564,110.88903586549068
0.5,22.357584689678486,mid,49,1.0,1.0,1.0,1.0,-198.8163060326584,113.2394258038934
0.5,22.357584689678486,mid,50,1.0,1.0,1.0,1.0,-202.75346157712644,115.56270440163752
0.5,22.357584689678486,mid,51,1.0,1.0,1.0,1.0,-206.76743948540295,117.80521136627581
0.5,22.357584689678486,mid,52,1.0,1.0,1.0,1.0,-210.72525281990556,120.12104198454676
0.5,22.357584689678486,mid,53,1.0,1.0,1.0,1.0,-214.8557554154299,122.3995905711894
0.5,22.357584689678486,mid,54,1.0,1.0,1.0,1.0,-218.97422034308036,124.72357853080823
0.5,22.357584689678486,mid,55,1.0,1.0,1.0,1.0,-222.89604348361877,127.01406480520578
0.5,22.357584689678486,mid,56,1.0,1.0,1.0,1.0,-226.98972035335842,129.26078287371175
0.5,22.357584689678486,mid,57,1.0,1.0,1.0,1.0,-231.08175273399272,131.57865122908703
0.5,22.357584689678486,mid,58,1.0,1.0,1.0,1.0,-235.08809667063747,133.8714039479051
0.5,22.357584689678486,mid,59,1.0,1.0,1.0,1.0,-239.17134971999803,136.1993372215644
0.5,22.357584689678486,mid,60,1.0,1.0,1.0,1.0,-243.19317783611828,138.49436233932408
0.5,22.357584689678486,mid,61,1.0,1.0,1.0,1.0,-247.21856118880422,140.83662181215033
0.5,22.357584689678486,mid,62,1.0,1.0,1.0,1.0,-251.24412605552743,143.13449190928065
0.5,22.357584689678486,mid,63,1.0,1.0,1.0,1.0,-255.24472157485872,145.41495210926456
0.5,22.357584689678486,mid,64,1.0,1.0,1.0,1.0,-259.32476501029316,147.7030750071259
0.5,22.357584689678486,mid,65,1.0,1.0,1.0,1.0,-263.26414624551796,150.01036172771842
0.5,22.357584689678486,mid,66,1.0,1.0,1.0,1.0,-267.3528824314234,152.31257977711982
0.5,22.357584689678486,mid,67,1.0,1.0,1.0,1.0,-271.37517877845085,154.6096163654641
0.5,22.357584689678486,mid,68,1.0,1.0,1.0,1.0,-275.48845959059383,156.86704098125537
0.5,22.357584689678486,mid,69,1.0,1.0,1.0,1.0,-279.37947745728854,159.17055876031753
0.5,22.357584689678486,mid,70,1.0,1.0,1.0,1.0,-283.4283646698756,161.50041299864705
0.5,22.357584689678486,mid,71,1.0,1.0,1.0,1.0,-287.4434175442957,163.86228690029634
0.5,22.357584689678486,mid,72,1.0,1.0,1.0,1.0,-291.445366040457,166.11809722295192
0.5,22.357584689678486,mid,73,1.0,1.0,1.0,1.0,-295.4504963780472,168.44335306234308
0.5,22.357584689678486,mid,74,1.0,1.0,1.0,1.0,-299.441802965928,170.76885232988195
0.5,22.357584689678486,mid,75,1.0,1.0,1.0,1.0,-303.51681869377876,173.1038369091371
0.5,22.357584689678486,mid,76,1.0,1.0,1.0,1.0,-307.65376400534154,175.4079955593482
0.5,22.357584689678486,mid,77,1.0,1.0,1.0,1.0,-311.75210154096453,177.72084955610904
0.5,22.357584689678486,mid,78,1.0,1.0,1.0,1.0,-315.71457351430087,179.9966751889042
0.5,22.357584689678486,mid,79,1.0,1.0,1.0,1.0,-319.7376672549274,182.25734657274577
0.5,22.357584689678486,mid,80,1.0,1.0,1.0,1.0,-323.7159012644845,184.57773088753228
0.5,22.357584689678486,mid,81,1.0,1.0,1.0,1.0,-327.7788152003919,186.84785329239742
0.5,22.357584689678486,mid,82,1.0,1.0,1.0,1.0,-331.7652312282793,189.1370535600663
0.5,22.357584689678486,mid,83,1.0,1.0,1.0,1.0,-335.8439812281754,191.4291432772153
0.5,22.357584689678486,mid,84,1.0,1.0,1.0,1.0,-339.97269191965205,193.72730290260102
0.5,22.357584689678486,mid,85,1.0,1.0,1.0,1.0,-343.9701248081137,196.0735114001365
0.5,22.357584689678486,mid,86,1.0,1.0,1.0,1.0,-348.1394428490187,198.3768001894337
0.5,22.357584689678486,mid,87,1.0,1.0,1.0,1.0,-352.0917193793896,200.64930020155447
0.5,22.357584689678486,mid,88,1.0,1.0,1.0,1.0,-356.25687510050204,202.97307654609511
0.5,22.357584689678486,mid,89,1.0,1.0,1.0,1.0,-360.2634828484064,205.27749053201612
0.5,22.357584689678486,mid,90,1.0,1.0,1.0,1.0,-364.2865876148875,207.54596332165107
0.5,22.357584689678486,mid,91,1.0,1.0,1.0,1.0,-368.34054637774466,209.88618519652454
0.5,22.357584689678486,mid,92,1.0,1.0,1.0,1.0,-372.3280039070215,212.18325255834347
0.5,22.357584689678486,mid,93,1.0,1.0,1.0,1.0,-376.20574231154217,214.48201076798017
0.5,22.357584689678486,mid,94,1.0,1.0,1.0,1.0,-380.2485670349495,216.8168794535274
0.5,22.357584689678486,mid,95,1.0,1.0,1.0,1.0,-384.26663711937573,219.03714106447788
0.5,22.357584689678486,mid,96,1.0,1.0,1.0,1.0,-388.410947134034,221.3434847131432
0.5,22.357584689678486,mid,97,1.0,1.0,1.0,1.0,-392.3304612630873,223.6573115036377
0.5,22.357584689678486,mid,98,1.0,1.0,1.0,1.0,-396.3122990941573,226.0177615026347
0.5,22.357584689678486,mid,99,1.0,1.0,1.0,1.0,-400.345057343167,228.20853896099533
0.5,22.357584689678486,mid,100,1.0,1.0,1.0,1.0,-404.3510573753886,230.496615494884
0.5,74.09498060071857,high,1,0.881,0.96295,0.921975,0.881,-4.626661744481625,2.7252463103897555
0.5,74.09498060071857,high,2,0.9729,0.9774,0.97515,0.9729,-9.25332348896325,5.0987407782250465
0.5,74.09498060071857,high,3,0.98695,0.99105,0.989,0.98695,-12.130672509933591,7.452669539251737
0.5,74.09498060071857,high,4,0.99585,0.99765,0.99675,0.99585,-14.417061630449593,9.823721722173303
0.5,74.09498060071857,high,5,0.9982,0.99875,0.998475,0.9982,-18.2320061627063,12.168910159365943
0.5,74.09498060071857,high,6,0.99935,0.9996,0.999475,0.99935,-21.730906837921545,14.536216898775567
0.5,74.09498060071857,high,7,0.99955,0.9998,0.9996750000000001,0.99955,-25.386475999054454,16.922776663954966
0.5,74.09498060071857,high,8,0.9999,0.99995,0.999925,0.9999,-29.14372501115893,19.29015299546773
0.5,74.09498060071857,high,9,0.9999,0.99995,0.999925,0.9999,-32.649067793155886,21.661439849009735
0.5,74.09498060071857,high,10,0.99995,1.0,0.9999750000000001,0.99995,-36.05677587615656,23.997394775297984
0.5,74.09498060071857,high,11,1.0,1.0,1.0,1.0,-39.525084797581236,26.344372401093068
0.5,74.09498060071857,high,12,1.0,1.0,1.0,1.0,-43.091293160420264,28.708798254422277
0.5,74.09498060071857,high,13,1.0,1.0,1.0,1.0,-46.67443840220696,31.050035624291905
0.5,74.09498060071857,high,14,1.0,1.0,1.0,1.0,-50.27485681509483,33.40612446451705
0.5,74.09498060071857,high,15,1.0,1.0,1.0,1.0,-53.80710343875978,35.800486756569114
0.5,74.09498060071857,high,16,1.0,1.0,1.0,1.0,-57.351808977525934,38.143905280695925
0.5,74.09498060071857,high,17,1.0,1.0,1.0,1.0,-60.912892813180676,40.50784232239532
0.5,74.09498060071857,high,18,1.0,1.0,1.0,1.0,-64.46818166471931,42.852538659928825
0.5,74.09498060071857,high,19,1.0,1.0,1.0,1.0,-68.03158447879396,45.223376297553166
0.5,74.09498060071857,high,20,1.0,1.0,1.0,1.0,-71.56405241129342,47.58678246040316
0.5,74.09498060071857,high,21,1.0,1.0,1.0,1.0,-75.06219958337209,49.913937484488464
0.5,74.09498060071857,high,22,1.0,1.0,1.0,1.0,-78.64921882530828,52.24544119765944
0.5,74.09498060071857,high,23,1.0,1.0,1.0,1.0,-82.16728795904895,54.548777876347756
0.5,74.09498060071857,high,24,1.0,1.0,1.0,1.0,-85.65705210435058,56.96840647874957
0.5,74.09498060071857,high,25,1.0,1.0,1.0,1.0,-89.26538727414744,59.300985748814306
0.5,74.09498060071857,high,26,1.0,1.0,1.0,1.0,-92.80131150964168,61.65570873239492
0.5,74.09498060071857,high,27,1.0,1.0,1.0,1.0,-96.31718611907802,63.98782865835191
0.5,74.09498060071857,high,28,1.0,1.0,1.0,1.0,-99.86886469514587,66.34766256940762
0.5,74.09498060071857,high,29,1.0,1.0,1.0,1.0,-103.42489834346009,68.71626321723527
0.5,74.09498060071857,high,30,1.0,1.0,1.0,1.0,-106.94536067364905,71.05011966832632
0.5,74.09498060071857,high,31,1.0,1.0,1.0,1.0,-110.5084297350316,73.40408609917728
0.5,74.09498060071857,high,32,1.0,1.0,1.0,1.0,-114.05360410452711,75.7395847243566
0.5,74.09498060071857,high,33,1.0,1.0,1.0,1.0,-117.60393850330514,78.10202341914578
0.5,74.09498060071857,high,34,1.0,1.0,1.0,1.0,-121.15958785683225,80.48016722626488
0.5,74.09498060071857,high,35,1.0,1.0,1.0,1.0,-124.69316697184162,82.82889380269887
0.5,74.09498060071857,high,36,1.0,1.0,1.0,1.0,-128.16591276335734,85.08960685818981
0.5,74.09498060071857,high,37,1.0,1.0,1.0,1.0,-131.75257454353658,87.48976630872886
0.5,74.09498060071857,high,38,1.0,1.0,1.0,1.0,-135.17940496998494,89.85756609105681
0.5,74.09498060071857,high,39,1.0,1.0,1.0,1.0,-138.79857343058222,92.19595645850484
0.5,74.09498060071857,high,40,1.0,1.0,1.0,1.0,-142.41772982388142,94.52289924761067
0.5,74.09498060071857,high,41,1.0,1.0,1.0,1.0,-145.9761539241531,96.86356681788821
0.5,74.09498060071857,high,42,1.0,1.0,1.0,1.0,-149.47005278123078,99.21851052436645
0.5,74.09498060071857,high,43,1.0,1.0,1.0,1.0,-152.9539403103343,101.60956783680368
0.5,74.09498060071857,high,44,1.0,1.0,1.0,1.0,-156.54925965866423,103.92430974774808
0.5,74.09498060071857,high,45,1.0,1.0,1.0,1.0,-160.0389726801256,106.28961352402897
0.5,74.09498060071857,high,46,1.0,1.0,1.0,1.0,-163.5980175309543,108.59482908125355
0.5,74.09498060071857,high,47,1.0,1.0,1.0,1.0,-167.17904718436938,110.9905651851083
0.5,74.09498060071857,high,48,1.0,1.0,1.0,1.0,-170.66872546232653,113.31959325113979
0.5,74.09498060071857,high,49,1.0,1.0,1.0,1.0,-174.2243906913563,115.64655847701692
0.5,74.09498060071857,high,50,1.0,1.0,1.0,1.0,-177.75924942340058,118.01507244768639
0.5,74.09498060071857,high,51,1.0,1.0,1.0,1.0,-181.2638329176078,120.41800840534594
0.5,74.09498060071857,high,52,1.0,1.0,1.0,1.0,-184.7856146870178,122.75342058522278
0.5,74.09498060071857,high,53,1.0,1.0,1.0,1.0,-188.2868636464013,125.0984532709038
0.5,74.09498060071857,high,54,1.0,1.0,1.0,1.0,-191.8810238876023,127.4211810197742
0.5,74.09498060071857,high,55,1.0,1.0,1.0,1.0,-195.42919841148085,129.77462448471078
0.5,74.09498060071857,high,56,1.0,1.0,1.0,1.0,-198.96580466897174,132.089486489065
0.5,74.09498060071857,high,57,1.0,1.0,1.0,1.0,-202.52268011153927,134.43354780921112
0.5,74.09498060071857,high,58,1.0,1.0,1.0,1.0,-206.01251371512092,136.82799091024248
0.5,74.09498060071857,high,59,1.0,1.0,1.0,1.0,-209.56977989078183,139.1951741795242
0.5,74.09498060071857,high,60,1.0,1.0,1.0,1.0,-213.02104446945543,141.56260205935712
0.5,74.09498060071857,high,61,1.0,1.0,1.0,1.0,-216.5869353145422,143.9345344698173
0.5,74.09498060071857,high,62,1.0,1.0,1.0,1.0,-220.04560015157625,146.31127412083083
0.5,74.09498060071857,high,63,1.0,1.0,1.0,1.0,-223.6313405767387,148.6464381847526
0.5,74.09498060071857,high,64,1.0,1.0,1.0,1.0,-227.10469146329763,151.02180801835613
0.5,74.09498060071857,high,65,1.0,1.0,1.0,1.0,-230.75765786966357,153.3655358829197
0.5,74.09498060071857,high,66,1.0,1.0,1.0,1.0,-234.27300368999596,155.67870793096847
0.5,74.09498060071857,high,67,1.0,1.0,1.0,1.0,-237.7365721171427,158.03398962955018
0.5,74.09498060071857,high,68,1.0,1.0,1.0,1.0,-241.38656497686458,160.35451053298362
0.5,74.09498060071857,high,69,1.0,1.0,1.0,1.0,-244.85214191153085,162.71137797653185
0.5,74.09498060071857,high,70,1.0,1.0,1.0,1.0,-248.3464298354604,165.03712013067235
0.5,74.09498060071857,high,71,1.0,1.0,1.0,1.0,-251.8564993124208,167.39454992208823
0.5,74.09498060071857,high,72,1.0,1.0,1.0,1.0,-255.4416967484771,169.72036875348994
0.5,74.09498060071857,high,73,1.0,1.0,1.0,1.0,-259.0422337404218,172.11663072914578
0.5,74.09498060071857,high,74,1.0,1.0,1.0,1.0,-262.5936466970298,174.48813086847557
0.5,74.09498060071857,high,75,1.0,1.0,1.0,1.0,-266.17765147946056,176.82550858013826
0.5,74.09498060071857,high,76,1.0,1.0,1.0,1.0,-269.7910950041247,179.21879302976367
0.5,74.09498060071857,high,77,1.0,1.0,1.0,1.0,-273.2297280276846,181.54607722115253
0.5,74.09498060071857,high,78,1.0,1.0,1.0,1.0,-276.838850357624,183.8461059085485
0.5,74.09498060071857,high,79,1.0,1.0,1.0,1.0,-280.38344697813034,186.23214905623337
0.5,74.09498060071857,high,80,1.0,1.0,1.0,1.0,-283.9185684632186,188.56279932462166
0.5,74.09498060071857,high,81,1.0,1.0,1.0,1.0,-287.46565710269726,190.89279186467837
0.5,74.09498060071857,high,82,1.0,1.0,1.0,1.0,-291.0179499743937,193.2198861120547
0.5,74.09498060071857,high,83,1.0,1.0,1.0,1.0,-294.546107322025,195.58269678520264
0.5,74.09498060071857,high,84,1.0,1.0,1.0,1.0,-298.0939921507376,197.95156742003894
0.5,74.09498060071857,high,85,1.0,1.0,1.0,1.0,-301.64516112907916,200.33191891334107
0.5,74.09498060071857,high,86,1.0,1.0,1.0,1.0,-305.2268394906779,202.70122194141854
0.5,74.09498060071857,high,87,1.0,1.0,1.0,1.0,-308.74051045356316,205.051254185042
0.5,74.09498060071857,high,88,1.0,1.0,1.0,1.0,-312.30955843548224,207.4087693270646
0.5,74.09498060071857,high,89,1.0,1.0,1.0,1.0,-315.80565119338996,209.79747025269972
0.5,74.09498060071857,high,90,1.0,1.0,1.0,1.0,-319.3080984795706,212.16355522828013
0.5,74.09498060071857,high,91,1.0,1.0,1.0,1.0,-322.828311669425,214.49648897537534
0.5,74.09498060071857,high,92,1.0,1.0,1.0,1.0,-326.3965482743861,216.88887010654162
0.5,74.09498060071857,high,93,1.0,1.0,1.0,1.0,-329.9841140387295,219.20986127390643
0.5,74.09498060071857,high,94,1.0,1.0,1.0,1.0,-333.5762949756652,221.55760940820502
0.5,74.09498060071857,high,95,1.0,1.0,1.0,1.0,-337.0941597236403,223.89494009606318
0.5,74.09498060071857,high,96,1.0,1.0,1.0,1.0,-340.6169487489164,226.24273884405142
0.5,74.09498060071857,high,97,1.0,1.0,1.0,1.0,-344.2172851157429,228.56342588826016
0.5,74.09498060071857,high,98,1.0,1.0,1.0,1.0,-347.69930241283026,230.8764924729993
0.5,74.09498060071857,high,99,1.0,1.0,1.0,1.0,-351.2395912101405,233.23713631724445
0.5,74.09498060071857,high,100,1.0,1.0,1.0,1.0,-354.7994456576993,235.646280279133
0.75,8.867250310500499,low,1,0.80775,0.9296,0.868675,0.80775,-5.930189042532197,1.8632399607754924
0.75,8.867250310500499,low,2,0.92185,0.97025,0.94605,0.92185,-6.9129570975771095,3.479407689955683
0.75,8.867250310500499,low,3,0.96935,0.9854,0.9773750000000001,0.96935,-10.706632686328133,5.0346657792916325
0.75,8.867250310500499,low,4,0.9865,0.99195,0.989225,0.9865,-14.47897737444831,6.62974679719676
0.75,8.867250310500499,low,5,0.9939,0.99555,0.9947250000000001,0.9939,-17.76039446100139,8.240104639449864
0.75,8.867250310500499,low,6,0.9965,0.99735,0.9969250000000001,0.9965,-21.288210033648486,9.811454373638457
0.75,8.867250310500499,low,7,0.99885,0.9987,0.998775,0.9987,-24.673351558578496,11.418788524959231
0.75,8.867250310500499,low,8,0.9994,0.99925,0.999325,0.99925,-28.205776063866296,13.006129732422574
0.75,8.867250310500499,low,9,0.99965,0.9993,0.999475,0.9993,-31.665598401711364,14.55094159889228
0.75,8.867250310500499,low,10,0.9999,0.99965,0.9997750000000001,0.99965,-35.16381798257589,16.129805273196197
0.75,8.867250310500499,low,11,0.9999,0.9999,0.9999,0.9999,-38.718102359988684,17.679692245863606
0.75,8.867250310500499,low,12,1.0,0.99995,0.9999750000000001,0.99995,-42.14012886720013,19.271374970934723
0.75,8.867250310500499,low,13,1.0,0.99995,0.9999750000000001,0.99995,-45.579699220306324,20.895086039402692
0.75,8.867250310500499,low,14,1.0,0.99995,0.9999750000000001,0.99995,-49.083937544254105,22.4859658269179
0.75,8.867250310500499,low,15,1.0,0.99995,0.9999750000000001,0.99995,-52.62069143505777,24.08199481713887
0.75,8.867250310500499,low,16,1.0,1.0,1.0,1.0,-56.133313147369485,25.623258904592774
0.75,8.867250310500499,low,17,1.0,1.0,1.0,1.0,-59.6635699739459,27.202069096178686
0.75,8.867250310500499,low,18,1.0,1.0,1.0,1.0,-63.03844714875043,28.76723679989766
0.75,8.867250310500499,low,19,1.0,1.0,1.0,1.0,-66.54631680581485,30.333621575989046
0.75,8.867250310500499,low,20,1.0,1.0,1.0,1.0,-69.99793661900532,31.945425704801963
0.75,8.867250310500499,low,21,1.0,1.0,1.0,1.0,-73.4762940163776,33.534171377663455
0.75,8.867250310500499,low,22,1.0,1.0,1.0,1.0,-76.90782289724993,35.09634880952595
0.75,8.867250310500499,low,23,1.0,1.0,1.0,1.0,-80.36940232109333,36.67959814952552
0.75,8.867250310500499,low,24,1.0,1.0,1.0,1.0,-83.83598968678201,38.26734229327204
0.75,8.867250310500499,low,25,1.0,1.0,1.0,1.0,-87.45990723169618,39.85146682807293
0.75,8.867250310500499,low,26,1.0,1.0,1.0,1.0,-90.73801121103457,41.43290382066767
0.75,8.867250310500499,low,27,1.0,1.0,1.0,1.0,-94.25322735443476,42.98987508179121
0.75,8.867250310500499,low,28,1.0,1.0,1.0,1.0,-97.791552756987,44.60652277025419
0.75,8.867250310500499,low,29,1.0,1.0,1.0,1.0,-101.2962823948248,46.2186678486768
0.75,8.867250310500499,low,30,1.0,1.0,1.0,1.0,-104.73728975008012,47.779054761794775
0.75,8.867250310500499,low,31,1.0,1.0,1.0,1.0,-108.18893580779698,49.35991711684095
0.75,8.867250310500499,low,32,1.0,1.0,1.0,1.0,-111.70831850202359,50.950940288280705
0.75,8.867250310500499,low,33,1.0,1.0,1.0,1.0,-115.23924819116965,52.51861154144409
0.75,8.867250310500499,low,34,1.0,1.0,1.0,1.0,-118.74518975890734,54.04496598434578
0.75,8.867250310500499,low,35,1.0,1.0,1.0,1.0,-122.15729255656376,55.6514985868815
0.75,8.867250310500499,low,36,1.0,1.0,1.0,1.0,-125.54313128509746,57.22724582892087
0.75,8.867250310500499,low,37,1.0,1.0,1.0,1.0,-129.09075484775656,58.828634506205944
0.75,8.867250310500499,low,38,1.0,1.0,1.0,1.0,-132.5608236236834,60.362358058641846
0.75,8.867250310500499,low,39,1.0,1.0,1.0,1.0,-136.10756298572733,61.94320598991765
0.75,8.867250310500499,low,40,1.0,1.0,1.0,1.0,-139.55714174805615,63.55204783188737
0.75,8.867250310500499,low,41,1.0,1.0,1.0,1.0,-143.05183481379845,65.16580048084406
0.75,8.867250310500499,low,42,1.0,1.0,1.0,1.0,-146.5430293660999,66.7393228731301
0.75,8.867250310500499,low,43,1.0,1.0,1.0,1.0,-149.99635994341736,68.29447281493002
0.75,8.867250310500499,low,44,1.0,1.0,1.0,1.0,-153.47400688113765,69.87991792542834
0.75,8.867250310500499,low,45,1.0,1.0,1.0,1.0,-156.9570290472372,71.45586989470127
0.75,8.867250310500499,low,46,1.0,1.0,1.0,1.0,-160.3431494607289,73.05579432222619
0.75,8.867250310500499,low,47,1.0,1.0,1.0,1.0,-163.80697837476527,74.59450888798985
0.75,8.867250310500499,low,48,1.0,1.0,1.0,1.0,-167.40569355260897,76.20266108193849
0.75,8.867250310500499,low,49,1.0,1.0,1.0,1.0,-170.87559625733186,77.82063683454768
0.75,8.867250310500499,low,50,1.0,1.0,1.0,1.0,-174.45317873303898,79.41911121853343
0.75,8.867250310500499,low,51,1.0,1.0,1.0,1.0,-177.8955439591046,81.00338790499583
0.75,8.867250310500499,low,52,1.0,1.0,1.0,1.0,-181.21944825385367,82.54646896725896
0.75,8.867250310500499,low,53,1.0,1.0,1.0,1.0,-184.5696624184884,84.11437551382139
0.75,8.867250310500499,low,54,1.0,1.0,1.0,1.0,-188.10630310189305,85.69243458282193
0.75,8.867250310500499,low,55,1.0,1.0,1.0,1.0,-191.59072394077833,87.2577385652414
0.75,8.867250310500499,low,56,1.0,1.0,1.0,1.0,-194.9750395382076,88.88896054894914
0.75,8.867250310500499,low,57,1.0,1.0,1.0,1.0,-198.40474970199705,90.4500100525973
0.75,8.867250310500499,low,58,1.0,1.0,1.0,1.0,-201.87487554361957,92.04219294908034
0.75,8.867250310500499,low,59,1.0,1.0,1.0,1.0,-205.44873764116102,93.66732473256386
0.75,8.867250310500499,low,60,1.0,1.0,1.0,1.0,-208.87151855357263,95.18310103325987
0.75,8.867250310500499,low,61,1.0,1.0,1.0,1.0,-212.29215850014373,96.73723738303039
0.75,8.867250310500499,low,62,1.0,1.0,1.0,1.0,-215.72637582360045,98.32973068619887
0.75,8.867250310500499,low,63,1.0,1.0,1.0,1.0,-219.15784336591977,99.93333178844603
0.75,8.867250310500499,low,64,1.0,1.0,1.0,1.0,-222.55204887424009,101.56912162412276
0.75,8.867250310500499,low,65,1.0,1.0,1.0,1.0,-226.09530125010878,103.18558565757813
0.75,8.867250310500499,low,66,1.0,1.0,1.0,1.0,-229.5402861079226,104.72090707596257
0.75,8.867250310500499,low,67,1.0,1.0,1.0,1.0,-233.10249237010316,106.28274671352591
0.75,8.867250310500499,low,68,1.0,1.0,1.0,1.0,-236.49501883314696,107.87573071832728
0.75,8.867250310500499,low,69,1.0,1.0,1.0,1.0,-240.03486914461183,109.43084102404636
0.75,8.867250310500499,low,70,1.0,1.0,1.0,1.0,-243.40457480533433,110.98042564171591
0.75,8.867250310500499,low,71,1.0,1.0,1.0,1.0,-246.88443539846543,112.53140533344092
0.75,8.867250310500499,low,72,1.0,1.0,1.0,1.0,-250.39489950051558,114.10878478453145
0.75,8.867250310500499,low,73,1.0,1.0,1.0,1.0,-253.90196545030906,115.72340339872648
0.75,8.867250310500499,low,74,1.0,1.0,1.0,1.0,-257.33533955764943,117.2975090127606
0.75,8.867250310500499,low,75,1.0,1.0,1.0,1.0,-260.87603772834325,118.8899902272347
0.75,8.867250310500499,low,76,1.0,1.0,1.0,1.0,-264.2834415997923,120.46360082831228
0.75,8.867250310500499,low,77,1.0,1.0,1.0,1.0,-267.73224712099034,122.06344856694331
0.75,8.867250310500499,low,78,1.0,1.0,1.0,1.0,-271.1629715479519,123.6752928034519
0.75,8.867250310500499,low,79,1.0,1.0,1.0,1.0,-274.56886214781036,125.21942828906504
0.75,8.867250310500499,low,80,1.0,1.0,1.0,1.0,-278.11673523276824,126.8384548976161
0.75,8.867250310500499,low,81,1.0,1.0,1.0,1.0,-281.65992748176365,128.44896005995213
0.75,8.867250310500499,low,82,1.0,1.0,1.0,1.0,-285.0715242109038,130.07513304493142
0.75,8.867250310500499,low,83,1.0,1.0,1.0,1.0,-288.70289285234855,131.6089610034568
0.75,8.867250310500499,low,84,1.0,1.0,1.0,1.0,-291.9933543660611,133.21711779926244
0.75,8.867250310500499,low,85,1.0,1.0,1.0,1.0,-295.3443014843551,134.76020741090633
0.75,8.867250310500499,low,86,1.0,1.0,1.0,1.0,-298.92000635459647,136.32267549977195
0.75,8.867250310500499,low,87,1.0,1.0,1.0,1.0,-302.3183187376585,137.8876314069827
0.75,8.867250310500499,low,88,1.0,1.0,1.0,1.0,-305.85285459480656,139.50249789385336
0.75,8.867250310500499,low,89,1.0,1.0,1.0,1.0,-309.33059814721753,141.0607903898764
0.75,8.867250310500499,low,90,1.0,1.0,1.0,1.0,-312.8316755488428,142.6575005475866
0.75,8.867250310500499,low,91,1.0,1.0,1.0,1.0,-316.228911045857,144.24368881557967
0.75,8.867250310500499,low,92,1.0,1.0,1.0,1.0,-319.6866829790354,145.8280925549893
0.75,8.867250310500499,low,93,1.0,1.0,1.0,1.0,-323.1535579561604,147.42147012151136
0.75,8.867250310500499,low,94,1.0,1.0,1.0,1.0,-326.80004257334804,148.99806976373165
0.75,8.867250310500499,low,95,1.0,1.0,1.0,1.0,-330.1622814555004,150.61848065924255
0.75,8.867250310500499,low,96,1.0,1.0,1.0,1.0,-333.58853175954806,152.17576118182228
0.75,8.867250310500499,low,97,1.0,1.0,1.0,1.0,-337.0370161417434,153.7686430490183
0.75,8.867250310500499,low,98,1.0,1.0,1.0,1.0,-340.6258521004829,155.33807736552802
0.75,8.867250310500499,low,99,1.0,1.0,1.0,1.0,-344.0081206977801,156.94288713789845
0.75,8.867250310500499,low,100,1.0,1.0,1.0,1.0,-347.532241121351,158.52049173223196
0.75,17.326058936078283,mid,1,0.82,0.9229,0.8714500000000001,0.82,-5.848019821518457,1.9697507590162942
0.75,17.326058936078283,mid,2,0.9282,0.9723,0.95025,0.9282,-7.597191526966559,3.624194427080874
0.75,17.326058936078283,mid,3,0.97335,0.9859,0.979625,0.97335,-10.814589507241138,5.349134241042272
0.75,17.326058936078283,mid,4,0.98795,0.9923,0.9901249999999999,0.98795,-15.041117640915417,6.9996666945418
0.75,17.326058936078283,mid,5,0.99445,0.99605,0.99525,0.99445,-18.010854632022394,8.663030054581183
0.75,17.326058936078283,mid,6,0.9972,0.99805,0.997625,0.9972,-21.661610263081137,10.322588487206403
0.75,17.326058936078283,mid,7,0.9989,0.99915,0.999025,0.9989,-25.312250308222943,12.00834169992498
0.75,17.326058936078283,mid,8,0.9994,0.9994,0.9994,0.9994,-28.787324930618254,13.681086911838179
0.75,17.326058936078283,mid,9,0.99955,0.9998,0.9996750000000001,0.99955,-32.49006364274555,15.32195631037795
0.75,17.326058936078283,mid,10,0.99975,0.99995,0.99985,0.99975,-36.011320504496055,16.99935911576386
0.75,17.326058936078283,mid,11,0.99995,0.99995,0.99995,0.99995,-39.640485462528304,18.6830378613099
0.75,17.326058936078283,mid,12,1.0,1.0,1.0,1.0,-43.30391722485471,20.36179798734471
0.75,17.326058936078283,mid,13,1.0,1.0,1.0,1.0,-46.84237402277084,22.02317785931087
0.75,17.326058936078283,mid,14,0.99995,1.0,0.9999750000000001,0.99995,-50.42188096818123,23.68704012913478
0.75,17.326058936078283,mid,15,0.99995,1.0,0.9999750000000001,0.99995,-53.95528553265251,25.373606333151205
0.75,17.326058936078283,mid,16,1.0,1.0,1.0,1.0,-57.5845556826041,27.02124641490657
0.75,17.326058936078283,mid,17,1.0,1.0,1.0,1.0,-61.195761315385326,28.670287024562587
0.75,17.326058936078283,mid,18,1.0,1.0,1.0,1.0,-64.74669550231991,30.35549768716225
0.75,17.326058936078283,mid,19,1.0,1.0,1.0,1.0,-68.40438585833343,32.02172708802341
0.75,17.326058936078283,mid,20,1.0,1.0,1.0,1.0,-71.92979601392494,33.709431390321356
0.75,17.326058936078283,mid,21,1.0,1.0,1.0,1.0,-75.45196116374323,35.38646678387139
0.75,17.326058936078283,mid,22,1.0,1.0,1.0,1.0,-79.00500710651086,37.06172758856767
0.75,17.326058936078283,mid,23,1.0,1.0,1.0,1.0,-82.63879771229222,38.74018532419025
0.75,17.326058936078283,mid,24,1.0,1.0,1.0,1.0,-86.18151418498337,40.38851906021685
0.75,17.326058936078283,mid,25,1.0,1.0,1.0,1.0,-89.72134189908216,42.06694946888096
0.75,17.326058936078283,mid,26,1.0,1.0,1.0,1.0,-93.40497894822244,43.724789874979166
0.75,17.326058936078283,mid,27,1.0,1.0,1.0,1.0,-96.9748204982885,45.41072360116796
0.75,17.326058936078283,mid,28,1.0,1.0,1.0,1.0,-100.50216771143984,47.06331107662585
0.75,17.326058936078283,mid,29,1.0,1.0,1.0,1.0,-103.99708017687192,48.76738854819019
0.75,17.326058936078283,mid,30,1.0,1.0,1.0,1.0,-107.69728346179659,50.431959797877155
0.75,17.326058936078283,mid,31,1.0,1.0,1.0,1.0,-111.3175168661167,52.098178078142666
0.75,17.326058936078283,mid,32,1.0,1.0,1.0,1.0,-114.80716116845676,53.75815480522505
0.75,17.326058936078283,mid,33,1.0,1.0,1.0,1.0,-118.42076243424142,55.426885259400265
0.75,17.326058936078283,mid,34,1.0,1.0,1.0,1.0,-121.87335547271917,57.084666204172024
0.75,17.326058936078283,mid,35,1.0,1.0,1.0,1.0,-125.4425680317458,58.77183075725747
0.75,17.326058936078283,mid,36,1.0,1.0,1.0,1.0,-129.06591357143952,60.44446264308395
0.75,17.326058936078283,mid,37,1.0,1.0,1.0,1.0,-132.59799356723926,62.10772076555563
0.75,17.326058936078283,mid,38,1.0,1.0,1.0,1.0,-136.08840407945536,63.770637977744855
0.75,17.326058936078283,mid,39,1.0,1.0,1.0,1.0,-139.76920346930865,65.43260427352698
0.75,17.326058936078283,mid,40,1.0,1.0,1.0,1.0,-143.28990018342424,67.10431702283572
0.75,17.326058936078283,mid,41,1.0,1.0,1.0,1.0,-146.9554985434775,68.75212593792847
0.75,17.326058936078283,mid,42,1.0,1.0,1.0,1.0,-150.47212648011325,70.49565048700728
0.75,17.326058936078283,mid,43,1.0,1.0,1.0,1.0,-154.07458048871814,72.2245973293523
0.75,17.326058936078283,mid,44,1.0,1.0,1.0,1.0,-157.57607904614088,73.8370879130284
0.75,17.326058936078283,mid,45,1.0,1.0,1.0,1.0,-161.15180884807458,75.5219144432238
0.75,17.326058936078283,mid,46,1.0,1.0,1.0,1.0,-164.83712033005304,77.17933060160323
0.75,17.326058936078283,mid,47,1.0,1.0,1.0,1.0,-168.33468429529609,78.83388262906851
0.75,17.326058936078283,mid,48,1.0,1.0,1.0,1.0,-171.8477970198942,80.49939760741927
0.75,17.326058936078283,mid,49,1.0,1.0,1.0,1.0,-175.390189167688,82.19536978445576
0.75,17.326058936078283,mid,50,1.0,1.0,1.0,1.0,-179.06229729652313,83.83114699592052
0.75,17.326058936078283,mid,51,1.0,1.0,1.0,1.0,-182.57366824315932,85.50438748844668
0.75,17.326058936078283,mid,52,1.0,1.0,1.0,1.0,-186.06427600913594,87.17749764354852
0.75,17.326058936078283,mid,53,1.0,1.0,1.0,1.0,-189.64437027724045,88.90453080905306
0.75,17.326058936078283,mid,54,1.0,1.0,1.0,1.0,-193.31547788243037,90.55022067671126
0.75,17.326058936078283,mid,55,1.0,1.0,1.0,1.0,-196.6996092329025,92.23163690189273
0.75,17.326058936078283,mid,56,1.0,1.0,1.0,1.0,-200.2883626322137,93.86208421627111
0.75,17.326058936078283,mid,57,1.0,1.0,1.0,1.0,-203.79246498372498,95.55112696167467
0.75,17.326058936078283,mid,58,1.0,1.0,1.0,1.0,-207.40541681600712,97.22864275449751
0.75,17.326058936078283,mid,59,1.0,1.0,1.0,1.0,-210.8525698394241,98.92324521663696
0.75,17.326058936078283,mid,60,1.0,1.0,1.0,1.0,-214.3874476058195,100.51472769325187
0.75,17.326058936078283,mid,61,1.0,1.0,1.0,1.0,-217.82602007293514,102.14558625603269
0.75,17.326058936078283,mid,62,1.0,1.0,1.0,1.0,-221.40248419351042,103.8384649500386
0.75,17.326058936078283,mid,63,1.0,1.0,1.0,1.0,-224.90846522680982,105.52291631907735
0.75,17.326058936078283,mid,64,1.0,1.0,1.0,1.0,-228.71092912491395,107.17166345328333
0.75,17.326058936078283,mid,65,1.0,1.0,1.0,1.0,-232.10354854937586,108.8271024136759
0.75,17.326058936078283,mid,66,1.0,1.0,1.0,1.0,-235.6800203840853,110.53083911548535
0.75,17.326058936078283,mid,67,1.0,1.0,1.0,1.0,-239.1019892377206,112.18476537062661
0.75,17.326058936078283,mid,68,1.0,1.0,1.0,1.0,-242.8861309801469,113.85025894677855
0.75,17.326058936078283,mid,69,1.0,1.0,1.0,1.0,-246.3394437162418,115.53387579447082
0.75,17.326058936078283,mid,70,1.0,1.0,1.0,1.0,-250.05151605759744,117.14828606083543
0.75,17.326058936078283,mid,71,1.0,1.0,1.0,1.0,-253.49048690458287,118.88354306948246
0.75,17.326058936078283,mid,72,1.0,1.0,1.0,1.0,-257.07682171330185,120.52701622463164
0.75,17.326058936078283,mid,73,1.0,1.0,1.0,1.0,-260.7248812019043,122.18800290246483
0.75,17.326058936078283,mid,74,1.0,1.0,1.0,1.0,-264.23596149864017,123.8600841898455
0.75,17.326058936078283,mid,75,1.0,1.0,1.0,1.0,-267.7983909992224,125.49851785659328
0.75,17.326058936078283,mid,76,1.0,1.0,1.0,1.0,-271.45743307509406,127.15282286937324
0.75,17.326058936078283,mid,77,1.0,1.0,1.0,1.0,-275.23127431888213,128.84157950865847
0.75,17.326058936078283,mid,78,1.0,1.0,1.0,1.0,-278.6792783033109,130.5187117369002
0.75,17.326058936078283,mid,79,1.0,1.0,1.0,1.0,-282.3856483478762,132.19989107504017
0.75,17.326058936078283,mid,80,1.0,1.0,1.0,1.0,-285.7930636512129,133.8330957960448
0.75,17.326058936078283,mid,81,1.0,1.0,1.0,1.0,-289.1068304945353,135.51532368450307
0.75,17.326058936078283,mid,82,1.0,1.0,1.0,1.0,-292.85109090947844,137.23904890920505
0.75,17.326058936078283,mid,83,1.0,1.0,1.0,1.0,-296.39575575071285,138.81994491693507
0.75,17.326058936078283,mid,84,1.0,1.0,1.0,1.0,-299.9220144206852,140.54375988988195
0.75,17.326058936078283,mid,85,1.0,1.0,1.0,1.0,-303.5419506593741,142.19139026314895
0.75,17.326058936078283,mid,86,1.0,1.0,1.0,1.0,-307.1315134327159,143.89810521097604
0.75,17.326058936078283,mid,87,1.0,1.0,1.0,1.0,-310.8013833855403,145.52415915048488
0.75,17.326058936078283,mid,88,1.0,1.0,1.0,1.0,-314.1833855441554,147.17893161577683
0.75,17.326058936078283,mid,89,1.0,1.0,1.0,1.0,-317.8918900005899,148.80966472842144
0.75,17.326058936078283,mid,90,1.0,1.0,1.0,1.0,-321.56136464458393,150.48090549058037
0.75,17.326058936078283,mid,91,1.0,1.0,1.0,1.0,-325.093006797269,152.17107511598422
0.75,17.326058936078283,mid,92,1.0,1.0,1.0,1.0,-328.7767685142617,153.87939938053498
0.75,17.326058936078283,mid,93,1.0,1.0,1.0,1.0,-332.1568603338381,155.60148800119097
0.75,17.326058936078283,mid,94,1.0,1.0,1.0,1.0,-335.7884558589109,157.19547407063664
0.75,17.326058936078283,mid,95,1.0,1.0,1.0,1.0,-339.33474187007107,158.89331026296068
0.75,17.326058936078283,mid,96,1.0,1.0,1.0,1.0,-342.8376260140035,160.56233472070198
0.75,17.326058936078283,mid,97,1.0,1.0,1.0,1.0,-346.4188946572085,162.24420183985353
0.75,17.326058936078283,mid,98,1.0,1.0,1.0,1.0,-349.98557921249625,163.8784146160424
0.75,17.326058936078283,mid,99,1.0,1.0,1.0,1.0,-353.47493720782825,165.5407410621277
0.75,17.326058936078283,mid,100,1.0,1.0,1.0,1.0,-357.1265116751712,167.19300409947846
0.75,33.85404806955476,high,1,0.82625,0.92155,0.8739,0.82625,-5.804306904077829,2.0259804095931155
0.75,33.85404806955476,high,2,0.93445,0.97535,0.9549000000000001,0.93445,-7.4961618796203595,3.736910337018226
0.75,33.85404806955476,high,3,0.97455,0.98685,0.9807,0.97455,-11.14207938200159,5.490560968989379
0.75,33.85404806955476,high,4,0.9881,0.99235,0.9902249999999999,0.9881,-15.121041370623548,7.23198068513573
0.75,33.85404806955476,high,5,0.9953,0.99655,0.995925,0.9953,-18.166791952434373,8.939292397906769
0.75,33.85404806955476,high,6,0.9974,0.9988,0.9981,0.9974,-21.9510202612969,10.65128425391151
0.75,33.85404806955476,high,7,0.99855,0.9991,0.9988250000000001,0.99855,-25.644919093665884,12.385634713186937
0.75,33.85404806955476,high,8,0.9994,0.9996,0.9995,0.9994,-29.11311856820026,14.10301222948914
0.75,33.85404806955476,high,9,0.9997,0.99985,0.9997750000000001,0.9997,-32.87518204126942,15.787055143948583
0.75,33.85404806955476,high,10,0.99985,0.9999,0.9998750000000001,0.99985,-36.510819566562745,17.532234615775227
0.75,33.85404806955476,high,11,1.0,0.9999,0.99995,0.9999,-40.097097268297716,19.250719777453952
0.75,33.85404806955476,high,12,1.0,0.99995,0.9999750000000001,0.99995,-43.60058675350888,20.973806760962194
0.75,33.85404806955476,high,13,0.99995,1.0,0.9999750000000001,0.99995,-47.33166207936823,22.67412780555236
0.75,33.85404806955476,high,14,1.0,1.0,1.0,1.0,-50.76683840113688,24.414482018555425
0.75,33.85404806955476,high,15,1.0,1.0,1.0,1.0,-54.38684090385938,26.132542070008803
0.75,33.85404806955476,high,16,1.0,1.0,1.0,1.0,-58.001558779714145,27.825290197594207
0.75,33.85404806955476,high,17,1.0,1.0,1.0,1.0,-61.59341545981343,29.517335247635025
0.75,33.85404806955476,high,18,1.0,1.0,1.0,1.0,-65.28588880679561,31.23009596803705
0.75,33.85404806955476,high,19,1.0,1.0,1.0,1.0,-68.87112208194714,32.96081191175985
0.75,33.85404806955476,high,20,1.0,1.0,1.0,1.0,-72.46754856579958,34.66123713842134
0.75,33.85404806955476,high,21,1.0,1.0,1.0,1.0,-76.08478405348936,36.372782788222906
0.75,33.85404806955476,high,22,1.0,1.0,1.0,1.0,-79.64736048954903,38.074390832516
0.75,33.85404806955476,high,23,1.0,1.0,1.0,1.0,-83.26391484511845,39.78201690043892
0.75,33.85404806955476,high,24,1.0,1.0,1.0,1.0,-86.88486806544469,41.5096384406239
0.75,33.85404806955476,high,25,1.0,1.0,1.0,1.0,-90.47498105156055,43.21713772307152
0.75,33.85404806955476,high,26,1.0,1.0,1.0,1.0,-94.12951855714047,44.950489856433066
0.75,33.85404806955476,high,27,1.0,1.0,1.0,1.0,-97.763309977432,46.643825456528575
0.75,33.85404806955476,high,28,1.0,1.0,1.0,1.0,-101.27460623153623,48.3556107137194
0.75,33.85404806955476,high,29,1.0,1.0,1.0,1.0,-104.9510377179571,50.07265837117424
0.75,33.85404806955476,high,30,1.0,1.0,1.0,1.0,-108.46140098522314,51.77371908845014
0.75,33.85404806955476,high,31,1.0,1.0,1.0,1.0,-112.01424371581189,53.47707918114108
0.75,33.85404806955476,high,32,1.0,1.0,1.0,1.0,-115.538493510567,55.211119414986456
0.75,33.85404806955476,high,33,1.0,1.0,1.0,1.0,-119.26267154004262,56.922682412231836
0.75,33.85404806955476,high,34,1.0,1.0,1.0,1.0,-122.8740204839471,58.66999713892878
0.75,33.85404806955476,high,35,1.0,1.0,1.0,1.0,-126.4728868097562,60.358321119315065
0.75,33.85404806955476,high,36,1.0,1.0,1.0,1.0,-130.00216823973892,62.042030340155364
0.75,33.85404806955476,high,37,1.0,1.0,1.0,1.0,-133.50648607220734,63.765660350187986
0.75,33.85404806955476,high,38,1.0,1.0,1.0,1.0,-137.23599857419833,65.48123884063233
0.75,33.85404806955476,high,39,1.0,1.0,1.0,1.0,-140.80963114480463,67.25654894619402
0.75,33.85404806955476,high,40,1.0,1.0,1.0,1.0,-144.4487895335503,68.95860883021757
0.75,33.85404806955476,high,41,1.0,1.0,1.0,1.0,-148.02300972579934,70.69219775899177
0.75,33.85404806955476,high,42,1.0,1.0,1.0,1.0,-151.65043688897453,72.41390318006503
0.75,33.85404806955476,high,43,1.0,1.0,1.0,1.0,-155.28808275900877,74.12807842550244
0.75,33.85404806955476,high,44,1.0,1.0,1.0,1.0,-158.73465788430764,75.83866227013354
0.75,33.85404806955476,high,45,1.0,1.0,1.0,1.0,-162.37207170032144,77.53966872112015
0.75,33.85404806955476,high,46,1.0,1.0,1.0,1.0,-166.01028405911205,79.27887700003448
0.75,33.85404806955476,high,47,1.0,1.0,1.0,1.0,-169.73047598594866,80.98524545282888
0.75,33.85404806955476,high,48,1.0,1.0,1.0,1.0,-173.29225226453872,82.7049439235025
0.75,33.85404806955476,high,49,1.0,1.0,1.0,1.0,-176.9140521547936,84.44393040036191
0.75,33.85404806955476,high,50,1.0,1.0,1.0,1.0,-180.51042676002322,86.12725562203732
0.75,33.85404806955476,high,51,1.0,1.0,1.0,1.0,-184.1868316571218,87.83722127532377
0.75,33.85404806955476,high,52,1.0,1.0,1.0,1.0,-187.75154418151612,89.55119255169652
0.75,33.85404806955476,high,53,1.0,1.0,1.0,1.0,-191.41754772046264,91.26779307790953
0.75,33.85404806955476,high,54,1.0,1.0,1.0,1.0,-194.88220778699556,92.9499943367149
0.75,33.85404806955476,high,55,1.0,1.0,1.0,1.0,-198.6479754119957,94.70640515133725
0.75,33.85404806955476,high,56,1.0,1.0,1.0,1.0,-202.18759592157684,96.42544005254952
0.75,33.85404806955476,high,57,1.0,1.0,1.0,1.0,-205.7219282973699,98.05560234773
0.75,33.85404806955476,high,58,1.0,1.0,1.0,1.0,-209.2389962424096,99.80873844662707
0.75,33.85404806955476,high,59,1.0,1.0,1.0,1.0,-212.90579910912976,101.51595356453606
0.75,33.85404806955476,high,60,1.0,1.0,1.0,1.0,-216.46845893477007,103.21101665049292
0.75,33.85404806955476,high,61,1.0,1.0,1.0,1.0,-220.13887143666147,104.99579555443617
0.75,33.85404806955476,high,62,1.0,1.0,1.0,1.0,-223.70659511489504,106.68451176158467
0.75,33.85404806955476,high,63,1.0,1.0,1.0,1.0,-227.36778046717956,108.37707587150646
0.75,33.85404806955476,high,64,1.0,1.0,1.0,1.0,-231.0479830336928,110.12723483879793
0.75,33.85404806955476,high,65,1.0,1.0,1.0,1.0,-234.42198824965175,111.83128273690076
0.75,33.85404806955476,high,66,1.0,1.0,1.0,1.0,-238.07131396078265,113.57454753099752
0.75,33.85404806955476,high,67,1.0,1.0,1.0,1.0,-241.74855386048722,115.28735651855628
0.75,33.85404806955476,high,68,1.0,1.0,1.0,1.0,-245.2789204315259,116.99704833019513
0.75,33.85404806955476,high,69,1.0,1.0,1.0,1.0,-248.91032181548974,118.75212924432378
0.75,33.85404806955476,high,70,1.0,1.0,1.0,1.0,-252.40784823016173,120.46208321547493
0.75,33.85404806955476,high,71,1.0,1.0,1.0,1.0,-255.9646006101705,122.18413956043464
0.75,33.85404806955476,high,72,1.0,1.0,1.0,1.0,-259.4888084144542,123.90228933346243
0.75,33.85404806955476,high,73,1.0,1.0,1.0,1.0,-263.0665534378722,125.60950957750336
0.75,33.85404806955476,high,74,1.0,1.0,1.0,1.0,-266.63470645786754,127.33654324908936
0.75,33.85404806955476,high,75,1.0,1.0,1.0,1.0,-270.4170938721438,129.08230574517825
0.75,33.85404806955476,high,76,1.0,1.0,1.0,1.0,-273.93788860528076,130.77766936826657
0.75,33.85404806955476,high,77,1.0,1.0,1.0,1.0,-277.5893503800106,132.4722693994999
0.75,33.85404806955476,high,78,1.0,1.0,1.0,1.0,-281.28717382197476,134.18709067283794
0.75,33.85404806955476,high,79,1.0,1.0,1.0,1.0,-284.8666526257024,135.90358443373418
0.75,33.85404806955476,high,80,1.0,1.0,1.0,1.0,-288.6891460004366,137.65185169625497
0.75,33.85404806955476,high,81,1.0,1.0,1.0,1.0,-292.2895049095429,139.31464848828585
0.75,33.85404806955476,high,82,1.0,1.0,1.0,1.0,-295.981120750016,141.0464049554416
0.75,33.85404806955476,high,83,1.0,1.0,1.0,1.0,-299.5758148808958,142.7289951966256
0.75,33.85404806955476,high,84,1.0,1.0,1.0,1.0,-303.0790518624879,144.41628862196444
0.75,33.85404806955476,high,85,1.0,1.0,1.0,1.0,-306.6318763354983,146.17017671504829
0.75,33.85404806955476,high,86,1.0,1.0,1.0,1.0,-310.4469429185328,147.94745551492193
0.75,33.85404806955476,high,87,1.0,1.0,1.0,1.0,-313.9578761244971,149.66256174916896
0.75,33.85404806955476,high,88,1.0,1.0,1.0,1.0,-317.68209393552956,151.36751606966166
0.75,33.85404806955476,high,89,1.0,1.0,1.0,1.0,-321.24843065381,153.07892162781405
0.75,33.85404806955476,high,90,1.0,1.0,1.0,1.0,-324.8538447092457,154.75746553146814
0.75,33.85404806955476,high,91,1.0,1.0,1.0,1.0,-328.4696301694434,156.48457547883288
0.75,33.85404806955476,high,92,1.0,1.0,1.0,1.0,-332.05182400179433,158.18591118917925
0.75,33.85404806955476,high,93,1.0,1.0,1.0,1.0,-335.5310917455217,159.939480391561
0.75,33.85404806955476,high,94,1.0,1.0,1.0,1.0,-339.2849002957165,161.66392549434454
0.75,33.85404806955476,high,95,1.0,1.0,1.0,1.0,-342.9195190638298,163.3376795850839
0.75,33.85404806955476,high,96,1.0,1.0,1.0,1.0,-346.4500198802464,165.09129009958951
0.75,33.85404806955476,high,97,1.0,1.0,1.0,1.0,-350.0915016863497,166.7993296953864
0.75,33.85404806955476,high,98,1.0,1.0,1.0,1.0,-353.665599509907,168.51057679709123
0.75,33.85404806955476,high,99,1.0,1.0,1.0,1.0,-357.2383523517528,170.2481387648231
0.75,33.85404806955476,high,100,1.0,1.0,1.0,1.0,-360.9279143738512,171.94067446643277
1.0,10.661285548069365,low,1,0.7528,0.8769,0.8148500000000001,0.7528,-1.9878068805885876,1.3081515407479114
1.0,10.661285548069365,low,2,0.87105,0.93835,0.9047000000000001,0.87105,-4.586626596820444,2.552256873256448
1.0,10.661285548069365,low,3,0.9279,0.9624,0.9451499999999999,0.9279,-6.940034419359413,3.6572235865592657
1.0,10.661285548069365,low,4,0.9557,0.97575,0.965725,0.9557,-9.269058748913167,4.749349981668377
1.0,10.661285548069365,low,5,0.9745,0.98385,0.979175,0.9745,-11.565973579502074,5.863333327439839
1.0,10.661285548069365,low,6,0.98465,0.9902,0.987425,0.98465,-13.858321837678737,6.978456514776175
1.0,10.661285548069365,low,7,0.99065,0.99395,0.9923,0.99065,-16.156280382731666,8.079293500791215
1.0,10.661285548069365,low,8,0.9942,0.99575,0.9949749999999999,0.9942,-18.45738283587361,9.186174435496824
1.0,10.661285548069365,low,9,0.9962,0.9976,0.9969,0.9962,-20.753267764844935,10.278156610221526
1.0,10.661285548069365,low,10,0.9975,0.99845,0.9979750000000001,0.9975,-23.022672770400604,11.395451154047036
1.0,10.661285548069365,low,11,0.99845,0.99935,0.9988999999999999,0.99845,-25.37237081944442,12.483358257447662
1.0,10.661285548069365,low,12,0.99895,0.9995,0.999225,0.99895,-27.674717845894165,13.58538558512252
1.0,10.661285548069365,low,13,0.9992,0.99975,0.999475,0.9992,-30.005890492540125,14.67881548440386
1.0,10.661285548069365,low,14,0.9995,0.99975,0.999625,0.9995,-32.25025169433556,15.807449457818095
1.0,10.661285548069365,low,15,0.9998,0.99985,0.999825,0.9998,-34.57773657565683,16.932601064296538
1.0,10.661285548069365,low,16,0.9998,0.9998,0.9998,0.9998,-36.91138089852835,18.05101566942859
1.0,10.661285548069365,low,17,0.99985,0.9999,0.9998750000000001,0.99985,-39.27227036181312,19.158391415435606
1.0,10.661285548069365,low,18,0.9999,0.99995,0.999925,0.9999,-41.58052923971407,20.24618356358645
1.0,10.661285548069365,low,19,0.9999,0.99995,0.999925,0.9999,-43.86648951561955,21.35783669354609
1.0,10.661285548069365,low,20,0.99995,1.0,0.9999750000000001,0.99995,-46.25806180392108,22.46727363505294
1.0,10.661285548069365,low,21,0.99995,1.0,0.9999750000000001,0.99995,-48.474020922881266,23.55330878826897
1.0,10.661285548069365,low,22,1.0,1.0,1.0,1.0,-50.82769721280253,24.646231276733687
1.0,10.661285548069365,low,23,1.0,1.0,1.0,1.0,-53.10424923266049,25.7255209990536
1.0,10.661285548069365,low,24,1.0,1.0,1.0,1.0,-55.428393634994606,26.83785590048424
1.0,10.661285548069365,low,25,1.0,1.0,1.0,1.0,-57.79297911487046,27.92665164322159
1.0,10.661285548069365,low,26,1.0,1.0,1.0,1.0,-60.00777811753334,29.05984946742945
1.0,10.661285548069365,low,27,1.0,1.0,1.0,1.0,-62.18432945417657,30.154722533249597
1.0,10.661285548069365,low,28,1.0,1.0,1.0,1.0,-64.55877214803806,31.25079507923813
1.0,10.661285548069365,low,29,1.0,1.0,1.0,1.0,-66.88502619279853,32.32990038584059
1.0,10.661285548069365,low,30,1.0,1.0,1.0,1.0,-69.1763485938431,33.424212732944696
1.0,10.661285548069365,low,31,1.0,1.0,1.0,1.0,-71.35136095575565,34.526284781975484
1.0,10.661285548069365,low,32,1.0,1.0,1.0,1.0,-73.70970895424733,35.62392047295119
1.0,10.661285548069365,low,33,1.0,1.0,1.0,1.0,-76.03037204965389,36.766717517866304
1.0,10.661285548069365,low,34,1.0,1.0,1.0,1.0,-78.39514083298153,37.85094560849546
1.0,10.661285548069365,low,35,1.0,1.0,1.0,1.0,-80.60730245597054,38.973493431763956
1.0,10.661285548069365,low,36,1.0,1.0,1.0,1.0,-82.8415738060836,40.10183931255568
1.0,10.661285548069365,low,37,1.0,1.0,1.0,1.0,-85.23476748008812,41.191520559567834
1.0,10.661285548069365,low,38,1.0,1.0,1.0,1.0,-87.70168301804384,42.311051097433094
1.0,10.661285548069365,low,39,1.0,1.0,1.0,1.0,-89.97390956157813,43.38544717422478
1.0,10.661285548069365,low,40,1.0,1.0,1.0,1.0,-92.2052736474527,44.49613554200213
1.0,10.661285548069365,low,41,1.0,1.0,1.0,1.0,-94.52976109481816,45.59555792505135
1.0,10.661285548069365,low,42,1.0,1.0,1.0,1.0,-96.83292558789014,46.70809815552737
1.0,10.661285548069365,low,43,1.0,1.0,1.0,1.0,-99.1500215433743,47.79790179622751
1.0,10.661285548069365,low,44,1.0,1.0,1.0,1.0,-101.45192858557729,48.92078399677598
1.0,10.661285548069365,low,45,1.0,1.0,1.0,1.0,-103.68857968360155,50.02494146432943
1.0,10.661285548069365,low,46,1.0,1.0,1.0,1.0,-106.21255286055842,51.10523315872092
1.0,10.661285548069365,low,47,1.0,1.0,1.0,1.0,-108.52296553498485,52.233848544403685
1.0,10.661285548069365,low,48,1.0,1.0,1.0,1.0,-110.75832357442141,53.33065674442672
1.0,10.661285548069365,low,49,1.0,1.0,1.0,1.0,-112.98710271430765,54.43182247411569
1.0,10.661285548069365,low,50,1.0,1.0,1.0,1.0,-115.38413671237409,55.56111668268416
1.0,10.661285548069365,low,51,1.0,1.0,1.0,1.0,-117.63503916177967,56.65906736180024
1.0,10.661285548069365,low,52,1.0,1.0,1.0,1.0,-120.03888842926901,57.75261211948096
1.0,10.661285548069365,low,53,1.0,1.0,1.0,1.0,-122.24929948309745,58.82440051519098
1.0,10.661285548069365,low,54,1.0,1.0,1.0,1.0,-124.6293537524065,59.95034905937662
1.0,10.661285548069365,low,55,1.0,1.0,1.0,1.0,-126.96671041454753,61.022714197386
1.0,10.661285548069365,low,56,1.0,1.0,1.0,1.0,-129.30934452901323,62.163442587366454
1.0,10.661285548069365,low,57,1.0,1.0,1.0,1.0,-131.62487423776048,63.26355119743441
1.0,10.661285548069365,low,58,1.0,1.0,1.0,1.0,-133.87643944875967,64.34893670245461
1.0,10.661285548069365,low,59,1.0,1.0,1.0,1.0,-136.09443704571797,65.47478263467858
1.0,10.661285548069365,low,60,1.0,1.0,1.0,1.0,-138.35508591482272,66.54815941834626
1.0,10.661285548069365,low,61,1.0,1.0,1.0,1.0,-140.74995090430576,67.66900040921092
1.0,10.661285548069365,low,62,1.0,1.0,1.0,1.0,-143.13298139529107,68.80767863266391
1.0,10.661285548069365,low,63,1.0,1.0,1.0,1.0,-145.39857179280543,69.89005872302941
1.0,10.661285548069365,low,64,1.0,1.0,1.0,1.0,-147.74512723641132,70.9697569591905
1.0,10.661285548069365,low,65,1.0,1.0,1.0,1.0,-149.8844472563552,72.06856638687952
1.0,10.661285548069365,low,66,1.0,1.0,1.0,1.0,-152.2870667270957,73.19432664810924
1.0,10.661285548069365,low,67,1.0,1.0,1.0,1.0,-154.4945533910581,74.28843273382442
1.0,10.661285548069365,low,68,1.0,1.0,1.0,1.0,-156.83799699577338,75.40166749513229
1.0,10.661285548069365,low,69,1.0,1.0,1.0,1.0,-159.0616684063292,76.50647732150283
1.0,10.661285548069365,low,70,1.0,1.0,1.0,1.0,-161.4476566812234,77.58925725488919
1.0,10.661285548069365,low,71,1.0,1.0,1.0,1.0,-163.7080929712194,78.68045107506308
1.0,10.661285548069365,low,72,1.0,1.0,1.0,1.0,-166.09912878407638,79.7787849083069
1.0,10.661285548069365,low,73,1.0,1.0,1.0,1.0,-168.46201967966041,80.8889124506672
1.0,10.661285548069365,low,74,1.0,1.0,1.0,1.0,-170.80457476577527,81.98188181419391
1.0,10.661285548069365,low,75,1.0,1.0,1.0,1.0,-172.92838720801447,83.08849914736163
1.0,10.661285548069365,low,76,1.0,1.0,1.0,1.0,-175.21394864824697,84.2459519122126
1.0,10.661285548069365,low,77,1.0,1.0,1.0,1.0,-177.57389295369921,85.36090745508143
1.0,10.661285548069365,low,78,1.0,1.0,1.0,1.0,-179.93132196575772,86.49454510935831
1.0,10.661285548069365,low,79,1.0,1.0,1.0,1.0,-182.22899686070724,87.55988032642077
1.0,10.661285548069365,low,80,1.0,1.0,1.0,1.0,-184.52842554429776,88.61752240854321
1.0,10.661285548069365,low,81,1.0,1.0,1.0,1.0,-186.83919377280446,89.70932956630202
1.0,10.661285548069365,low,82,1.0,1.0,1.0,1.0,-189.10054299266443,90.8007941198652
1.0,10.661285548069365,low,83,1.0,1.0,1.0,1.0,-191.39125478818409,91.95568073427732
1.0,10.661285548069365,low,84,1.0,1.0,1.0,1.0,-193.70481106079671,93.07629088105097
1.0,10.661285548069365,low,85,1.0,1.0,1.0,1.0,-196.0763062686221,94.1986429351956
1.0,10.661285548069365,low,86,1.0,1.0,1.0,1.0,-198.22119099448537,95.32049406283417
1.0,10.661285548069365,low,87,1.0,1.0,1.0,1.0,-200.49377736677718,96.40301221032126
1.0,10.661285548069365,low,88,1.0,1.0,1.0,1.0,-202.80461263572442,97.46826056237222
1.0,10.661285548069365,low,89,1.0,1.0,1.0,1.0,-205.27311835479992,98.54060505017134
1.0,10.661285548069365,low,90,1.0,1.0,1.0,1.0,-207.497367206292,99.63177934944571
1.0,10.661285548069365,low,91,1.0,1.0,1.0,1.0,-209.88179479485586,100.73693818824745
1.0,10.661285548069365,low,92,1.0,1.0,1.0,1.0,-212.22646367778077,101.8552063325919
1.0,10.661285548069365,low,93,1.0,1.0,1.0,1.0,-214.56072504825096,102.95152496912635
1.0,10.661285548069365,low,94,1.0,1.0,1.0,1.0,-216.8216469445185,104.10768312502407
1.0,10.661285548069365,low,95,1.0,1.0,1.0,1.0,-219.06939645979986,105.17921759015852
1.0,10.661285548069365,low,96,1.0,1.0,1.0,1.0,-221.33380044559613,106.275307843928
1.0,10.661285548069365,low,97,1.0,1.0,1.0,1.0,-223.69382424436174,107.37268976878798
1.0,10.661285548069365,low,98,1.0,1.0,1.0,1.0,-225.9965614666599,108.48780528769711
1.0,10.661285548069365,low,99,1.0,1.0,1.0,1.0,-228.33184867232117,109.61233192633433
1.0,10.661285548069365,low,100,1.0,1.0,1.0,1.0,-230.64162050797006,110.70564957923696
1.0,13.773613035277583,mid,1,0.7613,0.864,0.81265,0.7613,-1.9548750937931123,1.340058990403684
1.0,13.773613035277583,mid,2,0.87675,0.9316,0.904175,0.87675,-4.793809355890949,2.5354053712626925
1.0,13.773613035277583,mid,3,0.9311,0.9609,0.946,0.9311,-7.009966494944251,3.6541948349172513
1.0,13.773613035277583,mid,4,0.95995,0.9749,0.967425,0.95995,-9.427370998728398,4.804559261987141
1.0,13.773613035277583,mid,5,0.9754,0.98555,0.980475,0.9754,-11.81142391182657,5.927427142879168
1.0,13.773613035277583,mid,6,0.9848,0.9908,0.9878,0.9848,-14.134196447074821,7.065716900353627
1.0,13.773613035277583,mid,7,0.9914,0.9941,0.99275,0.9914,-16.452412185595193,8.19532262840978
1.0,13.773613035277583,mid,8,0.9948,0.9953,0.99505,0.9948,-18.821468785726438,9.33530781785133
1.0,13.773613035277583,mid,9,0.99665,0.99755,0.9971000000000001,0.99665,-21.120512364232262,10.453837557249766
1.0,13.773613035277583,mid,10,0.9983,0.9988,0.99855,0.9983,-23.51385536099173,11.58542042001319
1.0,13.773613035277583,mid,11,0.9988,0.9991,0.99895,0.9988,-25.801083050935603,12.717569143878197
1.0,13.773613035277583,mid,12,0.99945,0.9993,0.9993749999999999,0.9993,-28.13205981735397,13.830223902402073
1.0,13.773613035277583,mid,13,0.9997,0.99965,0.9996750000000001,0.99965,-30.440583677117353,14.959269298675842
1.0,13.773613035277583,mid,14,0.9998,0.9998,0.9998,0.9998,-32.85300602926422,16.091147084011666
1.0,13.773613035277583,mid,15,0.99995,0.99995,0.99995,0.99995,-35.20537643089699,17.224143983783403
1.0,13.773613035277583,mid,16,0.9998,0.9999,0.99985,0.9998,-37.523064534207734,18.34518055507621
1.0,13.773613035277583,mid,17,1.0,0.99995,0.9999750000000001,0.99995,-39.77875357106063,19.500651593727987
1.0,13.773613035277583,mid,18,1.0,1.0,1.0,1.0,-42.142423010230374,20.610504795230987
1.0,13.773613035277583,mid,19,1.0,1.0,1.0,1.0,-44.51074062502143,21.73582138190713
1.0,13.773613035277583,mid,20,1.0,1.0,1.0,1.0,-46.90780502971318,22.86263262922784
1.0,13.773613035277583,mid,21,1.0,1.0,1.0,1.0,-49.24870274048733,23.978065036304212
1.0,13.773613035277583,mid,22,1.0,1.0,1.0,1.0,-51.59795105240448,25.101337100241892
1.0,13.773613035277583,mid,23,1.0,1.0,1.0,1.0,-53.92066210294786,26.218108856821324
1.0,13.773613035277583,mid,24,1.0,1.0,1.0,1.0,-56.238202700262164,27.345440971442
1.0,13.773613035277583,mid,25,1.0,1.0,1.0,1.0,-58.55666065118792,28.48035455925896
1.0,13.773613035277583,mid,26,1.0,1.0,1.0,1.0,-60.844242365321435,29.626229584579747
1.0,13.773613035277583,mid,27,1.0,1.0,1.0,1.0,-63.177238061374794,30.7417496641201
1.0,13.773613035277583,mid,28,1.0,1.0,1.0,1.0,-65.50048930266637,31.86213195465968
1.0,13.773613035277583,mid,29,1.0,1.0,1.0,1.0,-67.86045607714752,32.99314665569553
1.0,13.773613035277583,mid,30,1.0,1.0,1.0,1.0,-70.23416436556631,34.13835847153008
1.0,13.773613035277583,mid,31,1.0,1.0,1.0,1.0,-72.49767593399694,35.229159497544074
1.0,13.773613035277583,mid,32,1.0,1.0,1.0,1.0,-74.78485507386156,36.382360530127485
1.0,13.773613035277583,mid,33,1.0,1.0,1.0,1.0,-77.13946176702602,37.501776545485214
1.0,13.773613035277583,mid,34,1.0,1.0,1.0,1.0,-79.4756898073245,38.624678467754975
1.0,13.773613035277583,mid,35,1.0,1.0,1.0,1.0,-81.73506977978124,39.71408816502359
1.0,13.773613035277583,mid,36,1.0,1.0,1.0,1.0,-84.12002812785288,40.844671454266035
1.0,13.773613035277583,mid,37,1.0,1.0,1.0,1.0,-86.36742307223508,41.95674049346589
1.0,13.773613035277583,mid,38,1.0,1.0,1.0,1.0,-88.79412546255212,43.07521768440054
1.0,13.773613035277583,mid,39,1.0,1.0,1.0,1.0,-91.16647025625096,44.18809950502556
1.0,13.773613035277583,mid,40,1.0,1.0,1.0,1.0,-93.48583661973962,45.306463766994206
1.0,13.773613035277583,mid,41,1.0,1.0,1.0,1.0,-95.85790060089501,46.42904796835775
1.0,13.773613035277583,mid,42,1.0,1.0,1.0,1.0,-98.16117201873529,47.57546546830051
1.0,13.773613035277583,mid,43,1.0,1.0,1.0,1.0,-100.41414233958395,48.7010516456033
1.0,13.773613035277583,mid,44,1.0,1.0,1.0,1.0,-102.79959090004573,49.79616373993841
1.0,13.773613035277583,mid,45,1.0,1.0,1.0,1.0,-105.15116848834029,50.93335086121154
1.0,13.773613035277583,mid,46,1.0,1.0,1.0,1.0,-107.48656870460367,52.09058959028737
1.0,13.773613035277583,mid,47,1.0,1.0,1.0,1.0,-109.81824398050668,53.175368712497196
1.0,13.773613035277583,mid,48,1.0,1.0,1.0,1.0,-112.14665484748785,54.33890843709159
1.0,13.773613035277583,mid,49,1.0,1.0,1.0,1.0,-114.58657920186002,55.45748444023592
1.0,13.773613035277583,mid,50,1.0,1.0,1.0,1.0,-116.83507904670132,56.59020035957928
1.0,13.773613035277583,mid,51,1.0,1.0,1.0,1.0,-119.15240437210494,57.72202168258792
1.0,13.773613035277583,mid,52,1.0,1.0,1.0,1.0,-121.40073883412151,58.88346641249625
1.0,13.773613035277583,mid,53,1.0,1.0,1.0,1.0,-123.78165131597865,60.017144686788136
1.0,13.773613035277583,mid,54,1.0,1.0,1.0,1.0,-126.02728694721415,61.1335263279684
1.0,13.773613035277583,mid,55,1.0,1.0,1.0,1.0,-128.46395532299906,62.23419397980258
1.0,13.773613035277583,mid,56,1.0,1.0,1.0,1.0,-130.82766394054238,63.31813621431246
1.0,13.773613035277583,mid,57,1.0,1.0,1.0,1.0,-133.13306236935637,64.42210815698968
1.0,13.773613035277583,mid,58,1.0,1.0,1.0,1.0,-135.52672809602515,65.55444462700763
1.0,13.773613035277583,mid,59,1.0,1.0,1.0,1.0,-137.78456909617483,66.6707455595697
1.0,13.773613035277583,mid,60,1.0,1.0,1.0,1.0,-140.1914375233863,67.82582237995047
1.0,13.773613035277583,mid,61,1.0,1.0,1.0,1.0,-142.51611860694675,68.9575358615588
1.0,13.773613035277583,mid,62,1.0,1.0,1.0,1.0,-144.9144616905009,70.06674196797172
1.0,13.773613035277583,mid,63,1.0,1.0,1.0,1.0,-147.23310158250828,71.18601413871525
1.0,13.773613035277583,mid,64,1.0,1.0,1.0,1.0,-149.57716713996666,72.32075509016713
1.0,13.773613035277583,mid,65,1.0,1.0,1.0,1.0,-151.90666771341347,73.46745196257822
1.0,13.773613035277583,mid,66,1.0,1.0,1.0,1.0,-154.23673360445474,74.60055579206411
1.0,13.773613035277583,mid,67,1.0,1.0,1.0,1.0,-156.4399560465345,75.73037650716998
1.0,13.773613035277583,mid,68,1.0,1.0,1.0,1.0,-158.88186965470834,76.82924048941116
1.0,13.773613035277583,mid,69,1.0,1.0,1.0,1.0,-161.1742693221069,77.97446931100629
1.0,13.773613035277583,mid,70,1.0,1.0,1.0,1.0,-163.54775539061484,79.11301257907633
1.0,13.773613035277583,mid,71,1.0,1.0,1.0,1.0,-166.03110775647346,80.23328511301767
1.0,13.773613035277583,mid,72,1.0,1.0,1.0,1.0,-168.41550255156858,81.36846246168453
1.0,13.773613035277583,mid,73,1.0,1.0,1.0,1.0,-170.77556532079745,82.5296411533236
1.0,13.773613035277583,mid,74,1.0,1.0,1.0,1.0,-173.08513120034468,83.6549918620137
1.0,13.773613035277583,mid,75,1.0,1.0,1.0,1.0,-175.4433801353349,84.77495022471015
1.0,13.773613035277583,mid,76,1.0,1.0,1.0,1.0,-177.84497141416034,85.92007204521194
1.0,13.773613035277583,mid,77,1.0,1.0,1.0,1.0,-180.16018743322894,87.0607235245016
1.0,13.773613035277583,mid,78,1.0,1.0,1.0,1.0,-182.45394113449458,88.18739469860827
1.0,13.773613035277583,mid,79,1.0,1.0,1.0,1.0,-184.8079015159424,89.27927748343055
1.0,13.773613035277583,mid,80,1.0,1.0,1.0,1.0,-187.0822211644478,90.40398627175117
1.0,13.773613035277583,mid,81,1.0,1.0,1.0,1.0,-189.3462961354326,91.49834539796078
1.0,13.773613035277583,mid,82,1.0,1.0,1.0,1.0,-191.5913850749429,92.6389714676321
1.0,13.773613035277583,mid,83,1.0,1.0,1.0,1.0,-193.9281816885748,93.82247255092648
1.0,13.773613035277583,mid,84,1.0,1.0,1.0,1.0,-196.33792396375603,94.96822174155577
1.0,13.773613035277583,mid,85,1.0,1.0,1.0,1.0,-198.67266818383686,96.11482199742
1.0,13.773613035277583,mid,86,1.0,1.0,1.0,1.0,-201.00284968589875,97.23290961322066
1.0,13.773613035277583,mid,87,1.0,1.0,1.0,1.0,-203.2502015507127,98.3234947628109
1.0,13.773613035277583,mid,88,1.0,1.0,1.0,1.0,-205.68478509492166,99.43695813990624
1.0,13.773613035277583,mid,89,1.0,1.0,1.0,1.0,-207.98037591822214,100.56666021021186
1.0,13.773613035277583,mid,90,1.0,1.0,1.0,1.0,-210.25084220178343,101.6891605317838
1.0,13.773613035277583,mid,91,1.0,1.0,1.0,1.0,-212.67654222457594,102.82093009770016
1.0,13.773613035277583,mid,92,1.0,1.0,1.0,1.0,-214.9053308464352,103.90234376059345
1.0,13.773613035277583,mid,93,1.0,1.0,1.0,1.0,-217.30520519896828,105.04823797591001
1.0,13.773613035277583,mid,94,1.0,1.0,1.0,1.0,-219.66352132680345,106.1697617857937
1.0,13.773613035277583,mid,95,1.0,1.0,1.0,1.0,-221.95330611311772,107.29363421043851
1.0,13.773613035277583,mid,96,1.0,1.0,1.0,1.0,-224.21925689005695,108.42672211186914
1.0,13.773613035277583,mid,97,1.0,1.0,1.0,1.0,-226.55302163674253,109.53467455262748
1.0,13.773613035277583,mid,98,1.0,1.0,1.0,1.0,-228.8722741479611,110.68258644540626
1.0,13.773613035277583,mid,99,1.0,1.0,1.0,1.0,-231.28700476061744,111.77143579197816
1.0,13.773613035277583,mid,100,1.0,1.0,1.0,1.0,-233.63127671901032,112.9102504181437
1.0,17.794515979353292,high,1,0.76155,0.8644,0.812975,0.76155,-1.9300434552953962,1.3648338819042185
1.0,17.794515979353292,high,2,0.87515,0.9314,0.903275,0.87515,-4.743148117853599,2.580216376692046
1.0,17.794515979353292,high,3,0.9326,0.96105,0.946825,0.9326,-7.091795665390203,3.7285854026552947
1.0,17.794515979353292,high,4,0.9593,0.97635,0.967825,0.9593,-9.503337770570315,4.893504185629
1.0,17.794515979353292,high,5,0.9761,0.9853,0.9806999999999999,0.9761,-11.776547978165661,6.051736144001179
1.0,17.794515979353292,high,6,0.98535,0.99115,0.98825,0.98535,-14.081076792858696,7.205011764643034
1.0,17.794515979353292,high,7,0.99165,0.9947,0.993175,0.99165,-16.421723199495787,8.336865514524101
1.0,17.794515979353292,high,8,0.99505,0.99635,0.9957,0.99505,-18.751977353356118,9.465872184360196
1.0,17.794515979353292,high,9,0.99685,0.99755,0.9972000000000001,0.99685,-21.126554464511614,10.596013917541988
1.0,17.794515979353292,high,10,0.9982,0.9987,0.9984500000000001,0.9982,-23.461791316684955,11.761283131108122
1.0,17.794515979353292,high,11,0.9988,0.9991,0.99895,0.9988,-25.831841697131928,12.886973954859648
1.0,17.794515979353292,high,12,0.9994,0.99935,0.9993749999999999,0.99935,-28.168244503572666,14.037771122096371
1.0,17.794515979353292,high,13,0.99975,0.9996,0.9996750000000001,0.9996,-30.58604348278867,15.186007506745065
1.0,17.794515979353292,high,14,0.9998,0.9998,0.9998,0.9998,-32.90498186186727,16.341845724316286
1.0,17.794515979353292,high,15,0.9998,0.99985,0.999825,0.9998,-35.23276963098745,17.447833429617923
1.0,17.794515979353292,high,16,0.9998,0.99985,0.999825,0.9998,-37.68243471309127,18.6181273157844
1.0,17.794515979353292,high,17,1.0,0.9999,0.99995,0.9999,-40.0028899515989,19.801099454257617
1.0,17.794515979353292,high,18,0.99995,0.99995,0.99995,0.99995,-42.27656031537282,20.945343102862182
1.0,17.794515979353292,high,19,1.0,0.9999,0.99995,0.9999,-44.69402267189642,22.061519403603093
1.0,17.794515979353292,high,20,1.0,1.0,1.0,1.0,-47.08546673142057,23.2197317420558
1.0,17.794515979353292,high,21,1.0,1.0,1.0,1.0,-49.471485126024184,24.346238651052182
1.0,17.794515979353292,high,22,1.0,1.0,1.0,1.0,-51.84753723417289,25.50844286992548
1.0,17.794515979353292,high,23,1.0,1.0,1.0,1.0,-54.18826990443935,26.617769109422355
1.0,17.794515979353292,high,24,1.0,1.0,1.0,1.0,-56.62219386301592,27.786486492704263
1.0,17.794515979353292,high,25,1.0,1.0,1.0,1.0,-58.96147882268874,28.949906888224586
1.0,17.794515979353292,high,26,1.0,1.0,1.0,1.0,-61.334528900253616,30.07038964826566
1.0,17.794515979353292,high,27,1.0,1.0,1.0,1.0,-63.63090477846976,31.21002720403696
1.0,17.794515979353292,high,28,1.0,1.0,1.0,1.0,-65.90136575522646,32.35122729503375
1.0,17.794515979353292,high,29,1.0,1.0,1.0,1.0,-68.29977381986775,33.497148367837816
1.0,17.794515979353292,high,30,1.0,1.0,1.0,1.0,-70.62296102884189,34.625644441804866
1.0,17.794515979353292,high,31,1.0,1.0,1.0,1.0,-73.02058778271471,35.776016811920115
1.0,17.794515979353292,high,32,1.0,1.0,1.0,1.0,-75.40781092129137,36.90499711171515
1.0,17.794515979353292,high,33,1.0,1.0,1.0,1.0,-77.75236198967181,38.0137854743339
1.0,17.794515979353292,high,34,1.0,1.0,1.0,1.0,-80.20310529971857,39.15073947232588
1.0,17.794515979353292,high,35,1.0,1.0,1.0,1.0,-82.55774354448644,40.36358743439103
1.0,17.794515979353292,high,36,1.0,1.0,1.0,1.0,-85.00809350507504,41.529797880962896
1.0,17.794515979353292,high,37,1.0,1.0,1.0,1.0,-87.3884268136558,42.6216239335904
1.0,17.794515979353292,high,38,1.0,1.0,1.0,1.0,-89.65545647684456,43.77275121246384
1.0,17.794515979353292,high,39,1.0,1.0,1.0,1.0,-92.05597583762034,44.938400256314026
1.0,17.794515979353292,high,40,1.0,1.0,1.0,1.0,-94.34250714311884,46.06349019730167
1.0,17.794515979353292,high,41,1.0,1.0,1.0,1.0,-96.698969968091,47.201852357803034
1.0,17.794515979353292,high,42,1.0,1.0,1.0,1.0,-99.08201401918743,48.3815600579896
1.0,17.794515979353292,high,43,1.0,1.0,1.0,1.0,-101.38075054858015,49.54237256857485
1.0,17.794515979353292,high,44,1.0,1.0,1.0,1.0,-103.77190839245415,50.6264198098789
1.0,17.794515979353292,high,45,1.0,1.0,1.0,1.0,-106.09979807372977,51.80530682696025
1.0,17.794515979353292,high,46,1.0,1.0,1.0,1.0,-108.43332443458578,52.90998490852746
1.0,17.794515979353292,high,47,1.0,1.0,1.0,1.0,-110.71990530843865,54.062726283187025
1.0,17.794515979353292,high,48,1.0,1.0,1.0,1.0,-113.21763729046123,55.240418296905986
1.0,17.794515979353292,high,49,1.0,1.0,1.0,1.0,-115.61303672604879,56.39547255100005
1.0,17.794515979353292,high,50,1.0,1.0,1.0,1.0,-117.95155098899153,57.52600675094174
1.0,17.794515979353292,high,51,1.0,1.0,1.0,1.0,-120.27736900006603,58.66940261413694
1.0,17.794515979353292,high,52,1.0,1.0,1.0,1.0,-122.6970592721631,59.81684880453116
1.0,17.794515979353292,high,53,1.0,1.0,1.0,1.0,-125.03862950401633,60.95954239639009
1.0,17.794515979353292,high,54,1.0,1.0,1.0,1.0,-127.4866453137063,62.0947487037728
1.0,17.794515979353292,high,55,1.0,1.0,1.0,1.0,-129.80657268194057,63.285137378619666
1.0,17.794515979353292,high,56,1.0,1.0,1.0,1.0,-132.1969919535042,64.39112725802
1.0,17.794515979353292,high,57,1.0,1.0,1.0,1.0,-134.4840858934228,65.54851434977923
1.0,17.794515979353292,high,58,1.0,1.0,1.0,1.0,-136.81107161398262,66.73580732289712
1.0,17.794515979353292,high,59,1.0,1.0,1.0,1.0,-139.0632823255743,67.86930241277588
1.0,17.794515979353292,high,60,1.0,1.0,1.0,1.0,-141.52613207563465,68.99460739708411
1.0,17.794515979353292,high,61,1.0,1.0,1.0,1.0,-143.7204587621506,70.13892740510866
1.0,17.794515979353292,high,62,1.0,1.0,1.0,1.0,-146.1796776524988,71.30540629176052
1.0,17.794515979353292,high,63,1.0,1.0,1.0,1.0,-148.472005433289,72.44805961128432
1.0,17.794515979353292,high,64,1.0,1.0,1.0,1.0,-150.90973565284324,73.61569981681225
1.0,17.794515979353292,high,65,1.0,1.0,1.0,1.0,-153.2490153311415,74.80095108665253
1.0,17.794515979353292,high,66,1.0,1.0,1.0,1.0,-155.66193056284453,75.8565155507588
1.0,17.794515979353292,high,67,1.0,1.0,1.0,1.0,-158.0593961916784,77.03263460543957
1.0,17.794515979353292,high,68,1.0,1.0,1.0,1.0,-160.3470691044419,78.19065107850842
1.0,17.794515979353292,high,69,1.0,1.0,1.0,1.0,-162.5945162501955,79.35766655519157
1.0,17.794515979353292,high,70,1.0,1.0,1.0,1.0,-164.94498282563697,80.46677504817185
1.0,17.794515979353292,high,71,1.0,1.0,1.0,1.0,-167.31335062112146,81.6451277931135
1.0,17.794515979353292,high,72,1.0,1.0,1.0,1.0,-169.62187215704682,82.79506492975932
1.0,17.794515979353292,high,73,1.0,1.0,1.0,1.0,-172.0433212029929,83.94118402943938
1.0,17.794515979353292,high,74,1.0,1.0,1.0,1.0,-174.48499427216646,85.06998268371632
1.0,17.794515979353292,high,75,1.0,1.0,1.0,1.0,-176.77991229905456,86.21971247262104
1.0,17.794515979353292,high,76,1.0,1.0,1.0,1.0,-179.06558649751867,87.39352236113356
1.0,17.794515979353292,high,77,1.0,1.0,1.0,1.0,-181.55111573251693,88.49809346560306
1.0,17.794515979353292,high,78,1.0,1.0,1.0,1.0,-183.93507574894758,89.66086043152978
1.0,17.794515979353292,high,79,1.0,1.0,1.0,1.0,-186.33179305589155,90.81024218307063
1.0,17.794515979353292,high,80,1.0,1.0,1.0,1.0,-188.53556849282424,91.91424684531094
1.0,17.794515979353292,high,81,1.0,1.0,1.0,1.0,-190.92560849971517,93.08984684981937
1.0,17.794515979353292,high,82,1.0,1.0,1.0,1.0,-193.13621151880213,94.22492403021057
1.0,17.794515979353292,high,83,1.0,1.0,1.0,1.0,-195.55925275588163,95.36275942247144
1.0,17.794515979353292,high,84,1.0,1.0,1.0,1.0,-197.99028569251902,96.5286874741442
1.0,17.794515979353292,high,85,1.0,1.0,1.0,1.0,-200.41052449653404,97.71254200197664
1.0,17.794515979353292,high,86,1.0,1.0,1.0,1.0,-202.64805527440205,98.8307786903257
1.0,17.794515979353292,high,87,1.0,1.0,1.0,1.0,-204.91339384880314,99.96407834365044
1.0,17.794515979353292,high,88,1.0,1.0,1.0,1.0,-207.25629153286638,101.0759307953181
1.0,17.794515979353292,high,89,1.0,1.0,1.0,1.0,-209.66422168718992,102.22321037771998
1.0,17.794515979353292,high,90,1.0,1.0,1.0,1.0,-212.08145052614617,103.39689404021624
1.0,17.794515979353292,high,91,1.0,1.0,1.0,1.0,-214.34090133648135,104.56216093705842
1.0,17.794515979353292,high,92,1.0,1.0,1.0,1.0,-216.812351677538,105.67351507056972
1.0,17.794515979353292,high,93,1.0,1.0,1.0,1.0,-218.97728738373067,106.8107485318225
1.0,17.794515979353292,high,94,1.0,1.0,1.0,1.0,-221.45609185760856,107.98403211853324
1.0,17.794515979353292,high,95,1.0,1.0,1.0,1.0,-223.78698706874894,109.11717614986254
1.0,17.794515979353292,high,96,1.0,1.0,1.0,1.0,-226.16726567656355,110.27798227205793
1.0,17.794515979353292,high,97,1.0,1.0,1.0,1.0,-228.545103306332,111.37804383730416
1.0,17.794515979353292,high,98,1.0,1.0,1.0,1.0,-230.843607282519,112.5618512415578
1.0,17.794515979353292,high,99,1.0,1.0,1.0,1.0,-233.21179035964218,113.72625598635966
1.0,17.794515979353292,high,100,1.0,1.0,1.0,1.0,-235.66499807736403,114.89697631732324
