0.01	0.000249798005564	310.723694228
0.01	0.000749394016691	310.723694228
0.01	0.00124899002782	310.723694228
0.01	0.00174858603894	310.723694228
0.01	0.00224818205007	310.723694228
0.01	0.0027477780612	310.723694228
0.01	0.00324737407233	310.723694228
0.01	0.00374697008345	310.723694228
0.01	0.00424656609458	325.39474763
0.01	0.00474616210571	325.39474763
0.01	0.00524575811683	325.39474763
0.01	0.00574535412796	325.39474763
0.01	0.00624495013909	325.39474763
0.01	0.00674454615022	325.39474763
0.01	0.00724414216134	325.39474763
0.01	0.00774373817247	325.39474763
0.01	0.0082433341836	310.723694228
0.01	0.00874293019472	310.723694228
0.01	0.00924252620585	310.723694228
0.01	0.00974212221698	310.723694228
0.01	0.0102417182281	310.723694228
0.01	0.0107413142392	310.723694228
0.01	0.0112409102504	310.723694228
0.01	0.0117405062615	310.723694228
0.01	0.0122401022726	310.723694228
0.01	0.0127396982837	310.723694228
0.01	0.0132392942949	310.723694228
0.01	0.013738890306	296.052640825
0.01	0.0142384863171	296.052640825
0.01	0.0147380823282	296.052640825
0.01	0.0152376783394	296.052640825
0.01	0.0157372743505	281.381587423
0.01	0.0162368703616	281.381587423
0.01	0.0167364663728	281.381587423
0.01	0.0172360623839	281.381587423
0.01	0.017735658395	281.381587423
0.01	0.0182352544061	266.710534021
0.01	0.0187348504173	266.710534021
0.01	0.0192344464284	266.710534021
0.01	0.0197340424395	266.710534021
0.01	0.0202336384506	252.039480619
0.01	0.0207332344618	252.039480619
0.01	0.0212328304729	252.039480619
0.01	0.021732426484	252.039480619
0.01	0.0222320224952	252.039480619
0.01	0.0227316185063	252.039480619
0.01	0.0232312145174	252.039480619
0.01	0.0237308105285	252.039480619
0.01	0.0242304065397	237.368427217
0.01	0.0247300025508	237.368427217
0.01	0.0252295985619	237.368427217
0.01	0.025729194573	237.368427217
0.01	0.0262287905842	237.368427217
0.01	0.0267283865953	237.368427217
0.01	0.0272279826064	237.368427217
0.01	0.0277275786176	222.697373815
0.01	0.0282271746287	222.697373815
0.01	0.0287267706398	222.697373815
0.01	0.0292263666509	222.697373815
0.01	0.0297259626621	222.697373815
0.01	0.0302255586732	222.697373815
0.01	0.0307251546843	222.697373815
0.01	0.0312247506954	222.697373815
0.01	0.0317243467066	222.697373815
0.01	0.0322239427177	222.697373815
0.01	0.0327235387288	222.697373815
0.01	0.0332231347399	222.697373815
0.01	0.0337227307511	193.355267011
0.01	0.0342223267622	193.355267011
0.01	0.0347219227733	193.355267011
0.01	0.0352215187845	193.355267011
0.01	0.0357211147956	193.355267011
0.01	0.0362207108067	193.355267011
0.01	0.0367203068178	193.355267011
0.01	0.037219902829	193.355267011
0.01	0.0377194988401	193.355267011
0.01	0.0382190948512	193.355267011
0.01	0.0387186908623	193.355267011
0.01	0.0392182868735	193.355267011
0.01	0.0397178828846	193.355267011
0.01	0.0402174788957	193.355267011
0.01	0.0407170749069	193.355267011
0.01	0.041216670918	193.355267011
0.01	0.0417162669291	193.355267011
0.01	0.0422158629402	193.355267011
0.01	0.0427154589514	193.355267011
0.01	0.0432150549625	164.013160206
0.01	0.0437146509736	193.355267011
0.01	0.0442142469847	193.355267011
0.01	0.0447138429959	193.355267011
0.01	0.045213439007	193.355267011
0.01	0.0457130350181	193.355267011
0.01	0.0462126310293	164.013160206
0.01	0.0467122270404	164.013160206
0.01	0.0472118230515	164.013160206
0.01	0.0477114190626	164.013160206
0.01	0.0482110150738	164.013160206
0.01	0.0487106110849	164.013160206
0.01	0.049210207096	164.013160206
0.01	0.0497098031071	164.013160206
0.015	0.000249798005564	310.723694228
0.015	0.000749394016691	310.723694228
0.015	0.00124899002782	310.723694228
0.015	0.00174858603894	310.723694228
0.015	0.00224818205007	310.723694228
0.015	0.0027477780612	310.723694228
0.015	0.00324737407233	325.39474763
0.015	0.00374697008345	325.39474763
0.015	0.00424656609458	325.39474763
0.015	0.00474616210571	325.39474763
0.015	0.00524575811683	325.39474763
0.015	0.00574535412796	310.723694228
0.015	0.00624495013909	310.723694228
0.015	0.00674454615022	310.723694228
0.015	0.00724414216134	310.723694228
0.015	0.00774373817247	310.723694228
0.015	0.0082433341836	310.723694228
0.015	0.00874293019472	325.39474763
0.015	0.00924252620585	325.39474763
0.015	0.00974212221698	325.39474763
0.015	0.0102417182281	325.39474763
0.015	0.0107413142392	325.39474763
0.015	0.0112409102504	325.39474763
0.015	0.0117405062615	325.39474763
0.015	0.0122401022726	325.39474763
0.015	0.0127396982837	310.723694228
0.015	0.0132392942949	310.723694228
0.015	0.013738890306	296.052640825
0.015	0.0142384863171	296.052640825
0.015	0.0147380823282	296.052640825
0.015	0.0152376783394	281.381587423
0.015	0.0157372743505	281.381587423
0.015	0.0162368703616	281.381587423
0.015	0.0167364663728	281.381587423
0.015	0.0172360623839	281.381587423
0.015	0.017735658395	281.381587423
0.015	0.0182352544061	281.381587423
0.015	0.0187348504173	281.381587423
0.015	0.0192344464284	281.381587423
0.015	0.0197340424395	281.381587423
0.015	0.0202336384506	281.381587423
0.015	0.0207332344618	281.381587423
0.015	0.0212328304729	281.381587423
0.015	0.021732426484	266.710534021
0.015	0.0222320224952	266.710534021
0.015	0.0227316185063	252.039480619
0.015	0.0232312145174	252.039480619
0.015	0.0237308105285	252.039480619
0.015	0.0242304065397	252.039480619
0.015	0.0247300025508	252.039480619
0.015	0.0252295985619	252.039480619
0.015	0.025729194573	252.039480619
0.015	0.0262287905842	252.039480619
0.015	0.0267283865953	252.039480619
0.015	0.0272279826064	252.039480619
0.015	0.0277275786176	252.039480619
0.015	0.0282271746287	237.368427217
0.015	0.0287267706398	237.368427217
0.015	0.0292263666509	237.368427217
0.015	0.0297259626621	237.368427217
0.015	0.0302255586732	237.368427217
0.015	0.0307251546843	222.697373815
0.015	0.0312247506954	222.697373815
0.015	0.0317243467066	222.697373815
0.015	0.0322239427177	222.697373815
0.015	0.0327235387288	222.697373815
0.015	0.0332231347399	222.697373815
0.015	0.0337227307511	208.026320413
0.015	0.0342223267622	208.026320413
0.015	0.0347219227733	208.026320413
0.015	0.0352215187845	208.026320413
0.015	0.0357211147956	193.355267011
0.015	0.0362207108067	193.355267011
0.015	0.0367203068178	193.355267011
0.015	0.037219902829	193.355267011
0.015	0.0377194988401	193.355267011
0.015	0.0382190948512	193.355267011
0.015	0.0387186908623	193.355267011
0.015	0.0392182868735	178.684213608
0.015	0.0397178828846	178.684213608
0.015	0.0402174788957	193.355267011
0.015	0.0407170749069	193.355267011
0.015	0.041216670918	193.355267011
0.015	0.0417162669291	193.355267011
0.015	0.0422158629402	193.355267011
0.015	0.0427154589514	193.355267011
0.015	0.0432150549625	193.355267011
0.015	0.0437146509736	193.355267011
0.015	0.0442142469847	193.355267011
0.015	0.0447138429959	193.355267011
0.015	0.045213439007	164.013160206
0.015	0.0457130350181	164.013160206
0.015	0.0462126310293	164.013160206
0.015	0.0467122270404	164.013160206
0.015	0.0472118230515	164.013160206
0.015	0.0477114190626	164.013160206
0.015	0.0482110150738	164.013160206
0.015	0.0487106110849	164.013160206
0.015	0.049210207096	164.013160206
0.015	0.0497098031071	164.013160206
0.02	0.000249798005564	325.39474763
0.02	0.000749394016691	340.065801032
0.02	0.00124899002782	340.065801032
0.02	0.00174858603894	340.065801032
0.02	0.00224818205007	340.065801032
0.02	0.0027477780612	340.065801032
0.02	0.00324737407233	325.39474763
0.02	0.00374697008345	340.065801032
0.02	0.00424656609458	340.065801032
0.02	0.00474616210571	340.065801032
0.02	0.00524575811683	340.065801032
0.02	0.00574535412796	340.065801032
0.02	0.00624495013909	325.39474763
0.02	0.00674454615022	325.39474763
0.02	0.00724414216134	325.39474763
0.02	0.00774373817247	325.39474763
0.02	0.0082433341836	310.723694228
0.02	0.00874293019472	310.723694228
0.02	0.00924252620585	310.723694228
0.02	0.00974212221698	310.723694228
0.02	0.0102417182281	310.723694228
0.02	0.0107413142392	310.723694228
0.02	0.0112409102504	310.723694228
0.02	0.0117405062615	310.723694228
0.02	0.0122401022726	310.723694228
0.02	0.0127396982837	310.723694228
0.02	0.0132392942949	310.723694228
0.02	0.013738890306	296.052640825
0.02	0.0142384863171	296.052640825
0.02	0.0147380823282	296.052640825
0.02	0.0152376783394	296.052640825
0.02	0.0157372743505	296.052640825
0.02	0.0162368703616	296.052640825
0.02	0.0167364663728	296.052640825
0.02	0.0172360623839	296.052640825
0.02	0.017735658395	281.381587423
0.02	0.0182352544061	281.381587423
0.02	0.0187348504173	281.381587423
0.02	0.0192344464284	281.381587423
0.02	0.0197340424395	281.381587423
0.02	0.0202336384506	281.381587423
0.02	0.0207332344618	281.381587423
0.02	0.0212328304729	281.381587423
0.02	0.021732426484	281.381587423
0.02	0.0222320224952	266.710534021
0.02	0.0227316185063	266.710534021
0.02	0.0232312145174	266.710534021
0.02	0.0237308105285	237.368427217
0.02	0.0242304065397	252.039480619
0.02	0.0247300025508	252.039480619
0.02	0.0252295985619	252.039480619
0.02	0.025729194573	252.039480619
0.02	0.0262287905842	252.039480619
0.02	0.0267283865953	237.368427217
0.02	0.0272279826064	237.368427217
0.02	0.0277275786176	222.697373815
0.02	0.0282271746287	222.697373815
0.02	0.0287267706398	222.697373815
0.02	0.0292263666509	222.697373815
0.02	0.0297259626621	222.697373815
0.02	0.0302255586732	222.697373815
0.02	0.0307251546843	222.697373815
0.02	0.0312247506954	222.697373815
0.02	0.0317243467066	222.697373815
0.02	0.0322239427177	222.697373815
0.02	0.0327235387288	222.697373815
0.02	0.0332231347399	208.026320413
0.02	0.0337227307511	208.026320413
0.02	0.0342223267622	208.026320413
0.02	0.0347219227733	208.026320413
0.02	0.0352215187845	193.355267011
0.02	0.0357211147956	193.355267011
0.02	0.0362207108067	193.355267011
0.02	0.0367203068178	193.355267011
0.02	0.037219902829	193.355267011
0.02	0.0377194988401	208.026320413
0.02	0.0382190948512	208.026320413
0.02	0.0387186908623	208.026320413
0.02	0.0392182868735	208.026320413
0.02	0.0397178828846	208.026320413
0.02	0.0402174788957	193.355267011
0.02	0.0407170749069	193.355267011
0.02	0.041216670918	193.355267011
0.02	0.0417162669291	193.355267011
0.02	0.0422158629402	178.684213608
0.02	0.0427154589514	178.684213608
0.02	0.0432150549625	178.684213608
0.02	0.0437146509736	178.684213608
0.02	0.0442142469847	178.684213608
0.02	0.0447138429959	178.684213608
0.02	0.045213439007	164.013160206
0.02	0.0457130350181	164.013160206
0.02	0.0462126310293	164.013160206
0.02	0.0467122270404	164.013160206
0.02	0.0472118230515	164.013160206
0.02	0.0477114190626	164.013160206
0.02	0.0482110150738	164.013160206
0.02	0.0487106110849	164.013160206
0.02	0.049210207096	164.013160206
0.02	0.0497098031071	164.013160206
0.03	0.000249798005564	296.052640825
0.03	0.000749394016691	296.052640825
0.03	0.00124899002782	296.052640825
0.03	0.00174858603894	296.052640825
0.03	0.00224818205007	310.723694228
0.03	0.0027477780612	310.723694228
0.03	0.00324737407233	310.723694228
0.03	0.00374697008345	310.723694228
0.03	0.00424656609458	325.39474763
0.03	0.00474616210571	325.39474763
0.03	0.00524575811683	325.39474763
0.03	0.00574535412796	325.39474763
0.03	0.00624495013909	325.39474763
0.03	0.00674454615022	325.39474763
0.03	0.00724414216134	325.39474763
0.03	0.00774373817247	310.723694228
0.03	0.0082433341836	310.723694228
0.03	0.00874293019472	296.052640825
0.03	0.00924252620585	296.052640825
0.03	0.00974212221698	310.723694228
0.03	0.0102417182281	310.723694228
0.03	0.0107413142392	310.723694228
0.03	0.0112409102504	310.723694228
0.03	0.0117405062615	310.723694228
0.03	0.0122401022726	310.723694228
0.03	0.0127396982837	296.052640825
0.03	0.0132392942949	296.052640825
0.03	0.013738890306	296.052640825
0.03	0.0142384863171	296.052640825
0.03	0.0147380823282	296.052640825
0.03	0.0152376783394	281.381587423
0.03	0.0157372743505	281.381587423
0.03	0.0162368703616	281.381587423
0.03	0.0167364663728	281.381587423
0.03	0.0172360623839	281.381587423
0.03	0.017735658395	281.381587423
0.03	0.0182352544061	281.381587423
0.03	0.0187348504173	281.381587423
0.03	0.0192344464284	266.710534021
0.03	0.0197340424395	266.710534021
0.03	0.0202336384506	266.710534021
0.03	0.0207332344618	266.710534021
0.03	0.0212328304729	266.710534021
0.03	0.021732426484	252.039480619
0.03	0.0222320224952	252.039480619
0.03	0.0227316185063	252.039480619
0.03	0.0232312145174	252.039480619
0.03	0.0237308105285	252.039480619
0.03	0.0242304065397	252.039480619
0.03	0.0247300025508	252.039480619
0.03	0.0252295985619	252.039480619
0.03	0.025729194573	237.368427217
0.03	0.0262287905842	237.368427217
0.03	0.0267283865953	237.368427217
0.03	0.0272279826064	237.368427217
0.03	0.0277275786176	237.368427217
0.03	0.0282271746287	237.368427217
0.03	0.0287267706398	222.697373815
0.03	0.0292263666509	222.697373815
0.03	0.0297259626621	222.697373815
0.03	0.0302255586732	222.697373815
0.03	0.0307251546843	237.368427217
0.03	0.0312247506954	237.368427217
0.03	0.0317243467066	237.368427217
0.03	0.0322239427177	237.368427217
0.03	0.0327235387288	237.368427217
0.03	0.0332231347399	208.026320413
0.03	0.0337227307511	208.026320413
0.03	0.0342223267622	208.026320413
0.03	0.0347219227733	208.026320413
0.03	0.0352215187845	208.026320413
0.03	0.0357211147956	208.026320413
0.03	0.0362207108067	208.026320413
0.03	0.0367203068178	193.355267011
0.03	0.037219902829	193.355267011
0.03	0.0377194988401	193.355267011
0.03	0.0382190948512	193.355267011
0.03	0.0387186908623	193.355267011
0.03	0.0392182868735	193.355267011
0.03	0.0397178828846	193.355267011
0.03	0.0402174788957	193.355267011
0.03	0.0407170749069	193.355267011
0.03	0.041216670918	178.684213608
0.03	0.0417162669291	178.684213608
0.03	0.0422158629402	178.684213608
0.03	0.0427154589514	178.684213608
0.03	0.0432150549625	178.684213608
0.03	0.0437146509736	178.684213608
0.03	0.0442142469847	178.684213608
0.03	0.0447138429959	178.684213608
0.03	0.045213439007	178.684213608
0.03	0.0457130350181	178.684213608
0.03	0.0462126310293	164.013160206
0.03	0.0467122270404	164.013160206
0.03	0.0472118230515	164.013160206
0.03	0.0477114190626	164.013160206
0.03	0.0482110150738	164.013160206
0.03	0.0487106110849	164.013160206
0.03	0.049210207096	149.342106804
0.03	0.0497098031071	149.342106804
0.04	0.000249798005564	310.723694228
0.04	0.000749394016691	325.39474763
0.04	0.00124899002782	325.39474763
0.04	0.00174858603894	325.39474763
0.04	0.00224818205007	325.39474763
0.04	0.0027477780612	325.39474763
0.04	0.00324737407233	310.723694228
0.04	0.00374697008345	310.723694228
0.04	0.00424656609458	310.723694228
0.04	0.00474616210571	310.723694228
0.04	0.00524575811683	325.39474763
0.04	0.00574535412796	325.39474763
0.04	0.00624495013909	325.39474763
0.04	0.00674454615022	325.39474763
0.04	0.00724414216134	325.39474763
0.04	0.00774373817247	325.39474763
0.04	0.0082433341836	310.723694228
0.04	0.00874293019472	310.723694228
0.04	0.00924252620585	310.723694228
0.04	0.00974212221698	296.052640825
0.04	0.0102417182281	296.052640825
0.04	0.0107413142392	296.052640825
0.04	0.0112409102504	296.052640825
0.04	0.0117405062615	296.052640825
0.04	0.0122401022726	296.052640825
0.04	0.0127396982837	296.052640825
0.04	0.0132392942949	296.052640825
0.04	0.013738890306	296.052640825
0.04	0.0142384863171	296.052640825
0.04	0.0147380823282	296.052640825
0.04	0.0152376783394	296.052640825
0.04	0.0157372743505	296.052640825
0.04	0.0162368703616	296.052640825
0.04	0.0167364663728	296.052640825
0.04	0.0172360623839	296.052640825
0.04	0.017735658395	281.381587423
0.04	0.0182352544061	281.381587423
0.04	0.0187348504173	281.381587423
0.04	0.0192344464284	266.710534021
0.04	0.0197340424395	266.710534021
0.04	0.0202336384506	266.710534021
0.04	0.0207332344618	266.710534021
0.04	0.0212328304729	252.039480619
0.04	0.021732426484	252.039480619
0.04	0.0222320224952	252.039480619
0.04	0.0227316185063	252.039480619
0.04	0.0232312145174	252.039480619
0.04	0.0237308105285	252.039480619
0.04	0.0242304065397	252.039480619
0.04	0.0247300025508	252.039480619
0.04	0.0252295985619	252.039480619
0.04	0.025729194573	252.039480619
0.04	0.0262287905842	237.368427217
0.04	0.0267283865953	237.368427217
0.04	0.0272279826064	222.697373815
0.04	0.0277275786176	222.697373815
0.04	0.0282271746287	222.697373815
0.04	0.0287267706398	222.697373815
0.04	0.0292263666509	222.697373815
0.04	0.0297259626621	222.697373815
0.04	0.0302255586732	222.697373815
0.04	0.0307251546843	222.697373815
0.04	0.0312247506954	222.697373815
0.04	0.0317243467066	222.697373815
0.04	0.0322239427177	222.697373815
0.04	0.0327235387288	208.026320413
0.04	0.0332231347399	208.026320413
0.04	0.0337227307511	208.026320413
0.04	0.0342223267622	208.026320413
0.04	0.0347219227733	208.026320413
0.04	0.0352215187845	208.026320413
0.04	0.0357211147956	193.355267011
0.04	0.0362207108067	193.355267011
0.04	0.0367203068178	193.355267011
0.04	0.037219902829	193.355267011
0.04	0.0377194988401	193.355267011
0.04	0.0382190948512	193.355267011
0.04	0.0387186908623	193.355267011
0.04	0.0392182868735	193.355267011
0.04	0.0397178828846	193.355267011
0.04	0.0402174788957	193.355267011
0.04	0.0407170749069	193.355267011
0.04	0.041216670918	193.355267011
0.04	0.0417162669291	193.355267011
0.04	0.0422158629402	193.355267011
0.04	0.0427154589514	193.355267011
0.04	0.0432150549625	193.355267011
0.04	0.0437146509736	193.355267011
0.04	0.0442142469847	193.355267011
0.04	0.0447138429959	178.684213608
0.04	0.045213439007	164.013160206
0.04	0.0457130350181	164.013160206
0.04	0.0462126310293	164.013160206
0.04	0.0467122270404	164.013160206
0.04	0.0472118230515	164.013160206
0.04	0.0477114190626	164.013160206
0.04	0.0482110150738	164.013160206
0.04	0.0487106110849	164.013160206
0.04	0.049210207096	164.013160206
0.04	0.0497098031071	164.013160206
0.05	0.000249798005564	310.723694228
0.05	0.000749394016691	310.723694228
0.05	0.00124899002782	325.39474763
0.05	0.00174858603894	325.39474763
0.05	0.00224818205007	325.39474763
0.05	0.0027477780612	325.39474763
0.05	0.00324737407233	325.39474763
0.05	0.00374697008345	325.39474763
0.05	0.00424656609458	310.723694228
0.05	0.00474616210571	310.723694228
0.05	0.00524575811683	310.723694228
0.05	0.00574535412796	310.723694228
0.05	0.00624495013909	325.39474763
0.05	0.00674454615022	325.39474763
0.05	0.00724414216134	325.39474763
0.05	0.00774373817247	325.39474763
0.05	0.0082433341836	325.39474763
0.05	0.00874293019472	310.723694228
0.05	0.00924252620585	325.39474763
0.05	0.00974212221698	325.39474763
0.05	0.0102417182281	325.39474763
0.05	0.0107413142392	325.39474763
0.05	0.0112409102504	325.39474763
0.05	0.0117405062615	296.052640825
0.05	0.0122401022726	310.723694228
0.05	0.0127396982837	310.723694228
0.05	0.0132392942949	310.723694228
0.05	0.013738890306	310.723694228
0.05	0.0142384863171	310.723694228
0.05	0.0147380823282	296.052640825
0.05	0.0152376783394	296.052640825
0.05	0.0157372743505	296.052640825
0.05	0.0162368703616	296.052640825
0.05	0.0167364663728	281.381587423
0.05	0.0172360623839	281.381587423
0.05	0.017735658395	281.381587423
0.05	0.0182352544061	281.381587423
0.05	0.0187348504173	281.381587423
0.05	0.0192344464284	281.381587423
0.05	0.0197340424395	281.381587423
0.05	0.0202336384506	281.381587423
0.05	0.0207332344618	252.039480619
0.05	0.0212328304729	252.039480619
0.05	0.021732426484	252.039480619
0.05	0.0222320224952	252.039480619
0.05	0.0227316185063	252.039480619
0.05	0.0232312145174	252.039480619
0.05	0.0237308105285	252.039480619
0.05	0.0242304065397	252.039480619
0.05	0.0247300025508	252.039480619
0.05	0.0252295985619	252.039480619
0.05	0.025729194573	252.039480619
0.05	0.0262287905842	252.039480619
0.05	0.0267283865953	237.368427217
0.05	0.0272279826064	237.368427217
0.05	0.0277275786176	237.368427217
0.05	0.0282271746287	237.368427217
0.05	0.0287267706398	237.368427217
0.05	0.0292263666509	237.368427217
0.05	0.0297259626621	237.368427217
0.05	0.0302255586732	222.697373815
0.05	0.0307251546843	222.697373815
0.05	0.0312247506954	222.697373815
0.05	0.0317243467066	208.026320413
0.05	0.0322239427177	208.026320413
0.05	0.0327235387288	208.026320413
0.05	0.0332231347399	208.026320413
0.05	0.0337227307511	208.026320413
0.05	0.0342223267622	208.026320413
0.05	0.0347219227733	208.026320413
0.05	0.0352215187845	208.026320413
0.05	0.0357211147956	208.026320413
0.05	0.0362207108067	208.026320413
0.05	0.0367203068178	208.026320413
0.05	0.037219902829	193.355267011
0.05	0.0377194988401	193.355267011
0.05	0.0382190948512	193.355267011
0.05	0.0387186908623	193.355267011
0.05	0.0392182868735	193.355267011
0.05	0.0397178828846	193.355267011
0.05	0.0402174788957	178.684213608
0.05	0.0407170749069	178.684213608
0.05	0.041216670918	178.684213608
0.05	0.0417162669291	178.684213608
0.05	0.0422158629402	178.684213608
0.05	0.0427154589514	178.684213608
0.05	0.0432150549625	178.684213608
0.05	0.0437146509736	178.684213608
0.05	0.0442142469847	164.013160206
0.05	0.0447138429959	164.013160206
0.05	0.045213439007	164.013160206
0.05	0.0457130350181	164.013160206
0.05	0.0462126310293	178.684213608
0.05	0.0467122270404	178.684213608
0.05	0.0472118230515	178.684213608
0.05	0.0477114190626	178.684213608
0.05	0.0482110150738	178.684213608
0.05	0.0487106110849	164.013160206
0.05	0.049210207096	164.013160206
0.05	0.0497098031071	164.013160206
0.0625	0.000249798005564	310.723694228
0.0625	0.000749394016691	310.723694228
0.0625	0.00124899002782	310.723694228
0.0625	0.00174858603894	310.723694228
0.0625	0.00224818205007	310.723694228
0.0625	0.0027477780612	296.052640825
0.0625	0.00324737407233	296.052640825
0.0625	0.00374697008345	325.39474763
0.0625	0.00424656609458	325.39474763
0.0625	0.00474616210571	325.39474763
0.0625	0.00524575811683	325.39474763
0.0625	0.00574535412796	325.39474763
0.0625	0.00624495013909	325.39474763
0.0625	0.00674454615022	325.39474763
0.0625	0.00724414216134	325.39474763
0.0625	0.00774373817247	325.39474763
0.0625	0.0082433341836	325.39474763
0.0625	0.00874293019472	296.052640825
0.0625	0.00924252620585	325.39474763
0.0625	0.00974212221698	325.39474763
0.0625	0.0102417182281	325.39474763
0.0625	0.0107413142392	325.39474763
0.0625	0.0112409102504	325.39474763
0.0625	0.0117405062615	310.723694228
0.0625	0.0122401022726	310.723694228
0.0625	0.0127396982837	310.723694228
0.0625	0.0132392942949	310.723694228
0.0625	0.013738890306	310.723694228
0.0625	0.0142384863171	296.052640825
0.0625	0.0147380823282	296.052640825
0.0625	0.0152376783394	296.052640825
0.0625	0.0157372743505	296.052640825
0.0625	0.0162368703616	296.052640825
0.0625	0.0167364663728	281.381587423
0.0625	0.0172360623839	281.381587423
0.0625	0.017735658395	266.710534021
0.0625	0.0182352544061	266.710534021
0.0625	0.0187348504173	266.710534021
0.0625	0.0192344464284	266.710534021
0.0625	0.0197340424395	266.710534021
0.0625	0.0202336384506	266.710534021
0.0625	0.0207332344618	266.710534021
0.0625	0.0212328304729	252.039480619
0.0625	0.021732426484	252.039480619
0.0625	0.0222320224952	252.039480619
0.0625	0.0227316185063	252.039480619
0.0625	0.0232312145174	252.039480619
0.0625	0.0237308105285	237.368427217
0.0625	0.0242304065397	237.368427217
0.0625	0.0247300025508	237.368427217
0.0625	0.0252295985619	237.368427217
0.0625	0.025729194573	237.368427217
0.0625	0.0262287905842	237.368427217
0.0625	0.0267283865953	237.368427217
0.0625	0.0272279826064	252.039480619
0.0625	0.0277275786176	252.039480619
0.0625	0.0282271746287	252.039480619
0.0625	0.0287267706398	252.039480619
0.0625	0.0292263666509	252.039480619
0.0625	0.0297259626621	222.697373815
0.0625	0.0302255586732	208.026320413
0.0625	0.0307251546843	208.026320413
0.0625	0.0312247506954	208.026320413
0.0625	0.0317243467066	208.026320413
0.0625	0.0322239427177	208.026320413
0.0625	0.0327235387288	208.026320413
0.0625	0.0332231347399	222.697373815
0.0625	0.0337227307511	222.697373815
0.0625	0.0342223267622	222.697373815
0.0625	0.0347219227733	222.697373815
0.0625	0.0352215187845	222.697373815
0.0625	0.0357211147956	222.697373815
0.0625	0.0362207108067	222.697373815
0.0625	0.0367203068178	193.355267011
0.0625	0.037219902829	193.355267011
0.0625	0.0377194988401	193.355267011
0.0625	0.0382190948512	193.355267011
0.0625	0.0387186908623	193.355267011
0.0625	0.0392182868735	193.355267011
0.0625	0.0397178828846	193.355267011
0.0625	0.0402174788957	193.355267011
0.0625	0.0407170749069	193.355267011
0.0625	0.041216670918	193.355267011
0.0625	0.0417162669291	178.684213608
0.0625	0.0422158629402	178.684213608
0.0625	0.0427154589514	178.684213608
0.0625	0.0432150549625	178.684213608
0.0625	0.0437146509736	178.684213608
0.0625	0.0442142469847	178.684213608
0.0625	0.0447138429959	178.684213608
0.0625	0.045213439007	178.684213608
0.0625	0.0457130350181	178.684213608
0.0625	0.0462126310293	164.013160206
0.0625	0.0467122270404	164.013160206
0.0625	0.0472118230515	164.013160206
0.0625	0.0477114190626	164.013160206
0.0625	0.0482110150738	164.013160206
0.0625	0.0487106110849	164.013160206
0.0625	0.049210207096	164.013160206
0.0625	0.0497098031071	164.013160206
0.075	0.000249798005564	281.381587423
0.075	0.000749394016691	296.052640825
0.075	0.00124899002782	340.065801032
0.075	0.00174858603894	340.065801032
0.075	0.00224818205007	340.065801032
0.075	0.0027477780612	340.065801032
0.075	0.00324737407233	340.065801032
0.075	0.00374697008345	325.39474763
0.075	0.00424656609458	325.39474763
0.075	0.00474616210571	325.39474763
0.075	0.00524575811683	310.723694228
0.075	0.00574535412796	310.723694228
0.075	0.00624495013909	310.723694228
0.075	0.00674454615022	310.723694228
0.075	0.00724414216134	310.723694228
0.075	0.00774373817247	310.723694228
0.075	0.0082433341836	325.39474763
0.075	0.00874293019472	325.39474763
0.075	0.00924252620585	325.39474763
0.075	0.00974212221698	325.39474763
0.075	0.0102417182281	325.39474763
0.075	0.0107413142392	310.723694228
0.075	0.0112409102504	310.723694228
0.075	0.0117405062615	310.723694228
0.075	0.0122401022726	310.723694228
0.075	0.0127396982837	310.723694228
0.075	0.0132392942949	296.052640825
0.075	0.013738890306	296.052640825
0.075	0.0142384863171	296.052640825
0.075	0.0147380823282	296.052640825
0.075	0.0152376783394	281.381587423
0.075	0.0157372743505	281.381587423
0.075	0.0162368703616	281.381587423
0.075	0.0167364663728	281.381587423
0.075	0.0172360623839	281.381587423
0.075	0.017735658395	281.381587423
0.075	0.0182352544061	281.381587423
0.075	0.0187348504173	266.710534021
0.075	0.0192344464284	266.710534021
0.075	0.0197340424395	266.710534021
0.075	0.0202336384506	266.710534021
0.075	0.0207332344618	266.710534021
0.075	0.0212328304729	252.039480619
0.075	0.021732426484	252.039480619
0.075	0.0222320224952	252.039480619
0.075	0.0227316185063	252.039480619
0.075	0.0232312145174	252.039480619
0.075	0.0237308105285	252.039480619
0.075	0.0242304065397	252.039480619
0.075	0.0247300025508	252.039480619
0.075	0.0252295985619	252.039480619
0.075	0.025729194573	252.039480619
0.075	0.0262287905842	237.368427217
0.075	0.0267283865953	237.368427217
0.075	0.0272279826064	237.368427217
0.075	0.0277275786176	222.697373815
0.075	0.0282271746287	237.368427217
0.075	0.0287267706398	237.368427217
0.075	0.0292263666509	237.368427217
0.075	0.0297259626621	237.368427217
0.075	0.0302255586732	237.368427217
0.075	0.0307251546843	222.697373815
0.075	0.0312247506954	222.697373815
0.075	0.0317243467066	222.697373815
0.075	0.0322239427177	222.697373815
0.075	0.0327235387288	208.026320413
0.075	0.0332231347399	208.026320413
0.075	0.0337227307511	208.026320413
0.075	0.0342223267622	208.026320413
0.075	0.0347219227733	208.026320413
0.075	0.0352215187845	193.355267011
0.075	0.0357211147956	193.355267011
0.075	0.0362207108067	193.355267011
0.075	0.0367203068178	208.026320413
0.075	0.037219902829	208.026320413
0.075	0.0377194988401	208.026320413
0.075	0.0382190948512	208.026320413
0.075	0.0387186908623	208.026320413
0.075	0.0392182868735	193.355267011
0.075	0.0397178828846	193.355267011
0.075	0.0402174788957	178.684213608
0.075	0.0407170749069	178.684213608
0.075	0.041216670918	178.684213608
0.075	0.0417162669291	178.684213608
0.075	0.0422158629402	193.355267011
0.075	0.0427154589514	193.355267011
0.075	0.0432150549625	193.355267011
0.075	0.0437146509736	193.355267011
0.075	0.0442142469847	193.355267011
0.075	0.0447138429959	178.684213608
0.075	0.045213439007	178.684213608
0.075	0.0457130350181	178.684213608
0.075	0.0462126310293	164.013160206
0.075	0.0467122270404	164.013160206
0.075	0.0472118230515	164.013160206
0.075	0.0477114190626	164.013160206
0.075	0.0482110150738	164.013160206
0.075	0.0487106110849	149.342106804
0.075	0.049210207096	164.013160206
0.075	0.0497098031071	164.013160206
0.0875	0.000249798005564	296.052640825
0.0875	0.000749394016691	296.052640825
0.0875	0.00124899002782	296.052640825
0.0875	0.00174858603894	310.723694228
0.0875	0.00224818205007	310.723694228
0.0875	0.0027477780612	310.723694228
0.0875	0.00324737407233	310.723694228
0.0875	0.00374697008345	310.723694228
0.0875	0.00424656609458	310.723694228
0.0875	0.00474616210571	310.723694228
0.0875	0.00524575811683	325.39474763
0.0875	0.00574535412796	325.39474763
0.0875	0.00624495013909	325.39474763
0.0875	0.00674454615022	325.39474763
0.0875	0.00724414216134	325.39474763
0.0875	0.00774373817247	310.723694228
0.0875	0.0082433341836	310.723694228
0.0875	0.00874293019472	310.723694228
0.0875	0.00924252620585	310.723694228
0.0875	0.00974212221698	296.052640825
0.0875	0.0102417182281	310.723694228
0.0875	0.0107413142392	310.723694228
0.0875	0.0112409102504	310.723694228
0.0875	0.0117405062615	310.723694228
0.0875	0.0122401022726	310.723694228
0.0875	0.0127396982837	310.723694228
0.0875	0.0132392942949	310.723694228
0.0875	0.013738890306	310.723694228
0.0875	0.0142384863171	310.723694228
0.0875	0.0147380823282	310.723694228
0.0875	0.0152376783394	310.723694228
0.0875	0.0157372743505	296.052640825
0.0875	0.0162368703616	296.052640825
0.0875	0.0167364663728	296.052640825
0.0875	0.0172360623839	281.381587423
0.0875	0.017735658395	281.381587423
0.0875	0.0182352544061	281.381587423
0.0875	0.0187348504173	266.710534021
0.0875	0.0192344464284	266.710534021
0.0875	0.0197340424395	266.710534021
0.0875	0.0202336384506	252.039480619
0.0875	0.0207332344618	252.039480619
0.0875	0.0212328304729	252.039480619
0.0875	0.021732426484	252.039480619
0.0875	0.0222320224952	252.039480619
0.0875	0.0227316185063	252.039480619
0.0875	0.0232312145174	252.039480619
0.0875	0.0237308105285	252.039480619
0.0875	0.0242304065397	252.039480619
0.0875	0.0247300025508	252.039480619
0.0875	0.0252295985619	252.039480619
0.0875	0.025729194573	237.368427217
0.0875	0.0262287905842	237.368427217
0.0875	0.0267283865953	237.368427217
0.0875	0.0272279826064	237.368427217
0.0875	0.0277275786176	237.368427217
0.0875	0.0282271746287	237.368427217
0.0875	0.0287267706398	237.368427217
0.0875	0.0292263666509	237.368427217
0.0875	0.0297259626621	237.368427217
0.0875	0.0302255586732	237.368427217
0.0875	0.0307251546843	222.697373815
0.0875	0.0312247506954	222.697373815
0.0875	0.0317243467066	222.697373815
0.0875	0.0322239427177	222.697373815
0.0875	0.0327235387288	222.697373815
0.0875	0.0332231347399	208.026320413
0.0875	0.0337227307511	208.026320413
0.0875	0.0342223267622	208.026320413
0.0875	0.0347219227733	193.355267011
0.0875	0.0352215187845	193.355267011
0.0875	0.0357211147956	193.355267011
0.0875	0.0362207108067	193.355267011
0.0875	0.0367203068178	193.355267011
0.0875	0.037219902829	193.355267011
0.0875	0.0377194988401	193.355267011
0.0875	0.0382190948512	193.355267011
0.0875	0.0387186908623	193.355267011
0.0875	0.0392182868735	193.355267011
0.0875	0.0397178828846	193.355267011
0.0875	0.0402174788957	193.355267011
0.0875	0.0407170749069	193.355267011
0.0875	0.041216670918	178.684213608
0.0875	0.0417162669291	178.684213608
0.0875	0.0422158629402	178.684213608
0.0875	0.0427154589514	178.684213608
0.0875	0.0432150549625	178.684213608
0.0875	0.0437146509736	178.684213608
0.0875	0.0442142469847	178.684213608
0.0875	0.0447138429959	164.013160206
0.0875	0.045213439007	164.013160206
0.0875	0.0457130350181	164.013160206
0.0875	0.0462126310293	164.013160206
0.0875	0.0467122270404	164.013160206
0.0875	0.0472118230515	164.013160206
0.0875	0.0477114190626	164.013160206
0.0875	0.0482110150738	164.013160206
0.0875	0.0487106110849	164.013160206
0.0875	0.049210207096	149.342106804
0.0875	0.0497098031071	149.342106804
0.1	0.000249798005564	325.39474763
0.1	0.000749394016691	340.065801032
0.1	0.00124899002782	340.065801032
0.1	0.00174858603894	340.065801032
0.1	0.00224818205007	340.065801032
0.1	0.0027477780612	340.065801032
0.1	0.00324737407233	340.065801032
0.1	0.00374697008345	296.052640825
0.1	0.00424656609458	296.052640825
0.1	0.00474616210571	296.052640825
0.1	0.00524575811683	296.052640825
0.1	0.00574535412796	310.723694228
0.1	0.00624495013909	310.723694228
0.1	0.00674454615022	310.723694228
0.1	0.00724414216134	310.723694228
0.1	0.00774373817247	310.723694228
0.1	0.0082433341836	310.723694228
0.1	0.00874293019472	310.723694228
0.1	0.00924252620585	310.723694228
0.1	0.00974212221698	310.723694228
0.1	0.0102417182281	310.723694228
0.1	0.0107413142392	296.052640825
0.1	0.0112409102504	296.052640825
0.1	0.0117405062615	296.052640825
0.1	0.0122401022726	296.052640825
0.1	0.0127396982837	296.052640825
0.1	0.0132392942949	296.052640825
0.1	0.013738890306	296.052640825
0.1	0.0142384863171	296.052640825
0.1	0.0147380823282	296.052640825
0.1	0.0152376783394	281.381587423
0.1	0.0157372743505	281.381587423
0.1	0.0162368703616	281.381587423
0.1	0.0167364663728	281.381587423
0.1	0.0172360623839	281.381587423
0.1	0.017735658395	281.381587423
0.1	0.0182352544061	281.381587423
0.1	0.0187348504173	281.381587423
0.1	0.0192344464284	281.381587423
0.1	0.0197340424395	281.381587423
0.1	0.0202336384506	266.710534021
0.1	0.0207332344618	266.710534021
0.1	0.0212328304729	266.710534021
0.1	0.021732426484	252.039480619
0.1	0.0222320224952	237.368427217
0.1	0.0227316185063	252.039480619
0.1	0.0232312145174	252.039480619
0.1	0.0237308105285	252.039480619
0.1	0.0242304065397	252.039480619
0.1	0.0247300025508	252.039480619
0.1	0.0252295985619	237.368427217
0.1	0.025729194573	237.368427217
0.1	0.0262287905842	237.368427217
0.1	0.0267283865953	237.368427217
0.1	0.0272279826064	237.368427217
0.1	0.0277275786176	237.368427217
0.1	0.0282271746287	237.368427217
0.1	0.0287267706398	222.697373815
0.1	0.0292263666509	222.697373815
0.1	0.0297259626621	222.697373815
0.1	0.0302255586732	222.697373815
0.1	0.0307251546843	222.697373815
0.1	0.0312247506954	208.026320413
0.1	0.0317243467066	208.026320413
0.1	0.0322239427177	208.026320413
0.1	0.0327235387288	208.026320413
0.1	0.0332231347399	208.026320413
0.1	0.0337227307511	208.026320413
0.1	0.0342223267622	208.026320413
0.1	0.0347219227733	193.355267011
0.1	0.0352215187845	208.026320413
0.1	0.0357211147956	208.026320413
0.1	0.0362207108067	208.026320413
0.1	0.0367203068178	208.026320413
0.1	0.037219902829	208.026320413
0.1	0.0377194988401	208.026320413
0.1	0.0382190948512	193.355267011
0.1	0.0387186908623	178.684213608
0.1	0.0392182868735	178.684213608
0.1	0.0397178828846	178.684213608
0.1	0.0402174788957	178.684213608
0.1	0.0407170749069	178.684213608
0.1	0.041216670918	178.684213608
0.1	0.0417162669291	178.684213608
0.1	0.0422158629402	178.684213608
0.1	0.0427154589514	178.684213608
0.1	0.0432150549625	178.684213608
0.1	0.0437146509736	164.013160206
0.1	0.0442142469847	164.013160206
0.1	0.0447138429959	178.684213608
0.1	0.045213439007	178.684213608
0.1	0.0457130350181	178.684213608
0.1	0.0462126310293	178.684213608
0.1	0.0467122270404	178.684213608
0.1	0.0472118230515	164.013160206
0.1	0.0477114190626	164.013160206
0.1	0.0482110150738	164.013160206
0.1	0.0487106110849	164.013160206
0.1	0.049210207096	164.013160206
0.1	0.0497098031071	164.013160206
0.125	0.000249798005564	310.723694228
0.125	0.000749394016691	310.723694228
0.125	0.00124899002782	310.723694228
0.125	0.00174858603894	310.723694228
0.125	0.00224818205007	310.723694228
0.125	0.0027477780612	310.723694228
0.125	0.00324737407233	325.39474763
0.125	0.00374697008345	325.39474763
0.125	0.00424656609458	340.065801032
0.125	0.00474616210571	340.065801032
0.125	0.00524575811683	340.065801032
0.125	0.00574535412796	340.065801032
0.125	0.00624495013909	340.065801032
0.125	0.00674454615022	310.723694228
0.125	0.00724414216134	310.723694228
0.125	0.00774373817247	310.723694228
0.125	0.0082433341836	310.723694228
0.125	0.00874293019472	310.723694228
0.125	0.00924252620585	310.723694228
0.125	0.00974212221698	310.723694228
0.125	0.0102417182281	310.723694228
0.125	0.0107413142392	310.723694228
0.125	0.0112409102504	310.723694228
0.125	0.0117405062615	310.723694228
0.125	0.0122401022726	310.723694228
0.125	0.0127396982837	310.723694228
0.125	0.0132392942949	310.723694228
0.125	0.013738890306	281.381587423
0.125	0.0142384863171	310.723694228
0.125	0.0147380823282	310.723694228
0.125	0.0152376783394	310.723694228
0.125	0.0157372743505	310.723694228
0.125	0.0162368703616	310.723694228
0.125	0.0167364663728	296.052640825
0.125	0.0172360623839	296.052640825
0.125	0.017735658395	296.052640825
0.125	0.0182352544061	296.052640825
0.125	0.0187348504173	296.052640825
0.125	0.0192344464284	296.052640825
0.125	0.0197340424395	281.381587423
0.125	0.0202336384506	281.381587423
0.125	0.0207332344618	281.381587423
0.125	0.0212328304729	266.710534021
0.125	0.021732426484	266.710534021
0.125	0.0222320224952	266.710534021
0.125	0.0227316185063	266.710534021
0.125	0.0232312145174	266.710534021
0.125	0.0237308105285	266.710534021
0.125	0.0242304065397	252.039480619
0.125	0.0247300025508	237.368427217
0.125	0.0252295985619	237.368427217
0.125	0.025729194573	237.368427217
0.125	0.0262287905842	237.368427217
0.125	0.0267283865953	237.368427217
0.125	0.0272279826064	237.368427217
0.125	0.0277275786176	237.368427217
0.125	0.0282271746287	237.368427217
0.125	0.0287267706398	237.368427217
0.125	0.0292263666509	237.368427217
0.125	0.0297259626621	237.368427217
0.125	0.0302255586732	222.697373815
0.125	0.0307251546843	222.697373815
0.125	0.0312247506954	222.697373815
0.125	0.0317243467066	222.697373815
0.125	0.0322239427177	222.697373815
0.125	0.0327235387288	222.697373815
0.125	0.0332231347399	222.697373815
0.125	0.0337227307511	208.026320413
0.125	0.0342223267622	208.026320413
0.125	0.0347219227733	208.026320413
0.125	0.0352215187845	208.026320413
0.125	0.0357211147956	193.355267011
0.125	0.0362207108067	193.355267011
0.125	0.0367203068178	193.355267011
0.125	0.037219902829	193.355267011
0.125	0.0377194988401	193.355267011
0.125	0.0382190948512	193.355267011
0.125	0.0387186908623	193.355267011
0.125	0.0392182868735	193.355267011
0.125	0.0397178828846	193.355267011
0.125	0.0402174788957	193.355267011
0.125	0.0407170749069	193.355267011
0.125	0.041216670918	193.355267011
0.125	0.0417162669291	193.355267011
0.125	0.0422158629402	193.355267011
0.125	0.0427154589514	193.355267011
0.125	0.0432150549625	193.355267011
0.125	0.0437146509736	193.355267011
0.125	0.0442142469847	193.355267011
0.125	0.0447138429959	178.684213608
0.125	0.045213439007	178.684213608
0.125	0.0457130350181	164.013160206
0.125	0.0462126310293	164.013160206
0.125	0.0467122270404	164.013160206
0.125	0.0472118230515	164.013160206
0.125	0.0477114190626	164.013160206
0.125	0.0482110150738	164.013160206
0.125	0.0487106110849	164.013160206
0.125	0.049210207096	164.013160206
0.125	0.0497098031071	164.013160206
0.15	0.000249798005564	325.39474763
0.15	0.000749394016691	325.39474763
0.15	0.00124899002782	325.39474763
0.15	0.00174858603894	325.39474763
0.15	0.00224818205007	325.39474763
0.15	0.0027477780612	325.39474763
0.15	0.00324737407233	325.39474763
0.15	0.00374697008345	325.39474763
0.15	0.00424656609458	310.723694228
0.15	0.00474616210571	310.723694228
0.15	0.00524575811683	310.723694228
0.15	0.00574535412796	310.723694228
0.15	0.00624495013909	340.065801032
0.15	0.00674454615022	340.065801032
0.15	0.00724414216134	340.065801032
0.15	0.00774373817247	340.065801032
0.15	0.0082433341836	340.065801032
0.15	0.00874293019472	310.723694228
0.15	0.00924252620585	310.723694228
0.15	0.00974212221698	310.723694228
0.15	0.0102417182281	310.723694228
0.15	0.0107413142392	310.723694228
0.15	0.0112409102504	310.723694228
0.15	0.0117405062615	296.052640825
0.15	0.0122401022726	296.052640825
0.15	0.0127396982837	296.052640825
0.15	0.0132392942949	296.052640825
0.15	0.013738890306	296.052640825
0.15	0.0142384863171	296.052640825
0.15	0.0147380823282	296.052640825
0.15	0.0152376783394	296.052640825
0.15	0.0157372743505	296.052640825
0.15	0.0162368703616	296.052640825
0.15	0.0167364663728	296.052640825
0.15	0.0172360623839	281.381587423
0.15	0.017735658395	281.381587423
0.15	0.0182352544061	281.381587423
0.15	0.0187348504173	281.381587423
0.15	0.0192344464284	266.710534021
0.15	0.0197340424395	266.710534021
0.15	0.0202336384506	266.710534021
0.15	0.0207332344618	266.710534021
0.15	0.0212328304729	266.710534021
0.15	0.021732426484	266.710534021
0.15	0.0222320224952	252.039480619
0.15	0.0227316185063	252.039480619
0.15	0.0232312145174	252.039480619
0.15	0.0237308105285	252.039480619
0.15	0.0242304065397	237.368427217
0.15	0.0247300025508	252.039480619
0.15	0.0252295985619	252.039480619
0.15	0.025729194573	252.039480619
0.15	0.0262287905842	252.039480619
0.15	0.0267283865953	252.039480619
0.15	0.0272279826064	237.368427217
0.15	0.0277275786176	237.368427217
0.15	0.0282271746287	237.368427217
0.15	0.0287267706398	222.697373815
0.15	0.0292263666509	222.697373815
0.15	0.0297259626621	222.697373815
0.15	0.0302255586732	222.697373815
0.15	0.0307251546843	208.026320413
0.15	0.0312247506954	208.026320413
0.15	0.0317243467066	208.026320413
0.15	0.0322239427177	208.026320413
0.15	0.0327235387288	208.026320413
0.15	0.0332231347399	208.026320413
0.15	0.0337227307511	208.026320413
0.15	0.0342223267622	208.026320413
0.15	0.0347219227733	208.026320413
0.15	0.0352215187845	208.026320413
0.15	0.0357211147956	208.026320413
0.15	0.0362207108067	208.026320413
0.15	0.0367203068178	208.026320413
0.15	0.037219902829	208.026320413
0.15	0.0377194988401	208.026320413
0.15	0.0382190948512	208.026320413
0.15	0.0387186908623	208.026320413
0.15	0.0392182868735	208.026320413
0.15	0.0397178828846	193.355267011
0.15	0.0402174788957	193.355267011
0.15	0.0407170749069	193.355267011
0.15	0.041216670918	193.355267011
0.15	0.0417162669291	193.355267011
0.15	0.0422158629402	178.684213608
0.15	0.0427154589514	178.684213608
0.15	0.0432150549625	178.684213608
0.15	0.0437146509736	178.684213608
0.15	0.0442142469847	178.684213608
0.15	0.0447138429959	178.684213608
0.15	0.045213439007	178.684213608
0.15	0.0457130350181	164.013160206
0.15	0.0462126310293	178.684213608
0.15	0.0467122270404	178.684213608
0.15	0.0472118230515	178.684213608
0.15	0.0477114190626	178.684213608
0.15	0.0482110150738	178.684213608
0.15	0.0487106110849	164.013160206
0.15	0.049210207096	164.013160206
0.15	0.0497098031071	164.013160206
0.175	0.000249798005564	310.723694228
0.175	0.000749394016691	310.723694228
0.175	0.00124899002782	310.723694228
0.175	0.00174858603894	310.723694228
0.175	0.00224818205007	310.723694228
0.175	0.0027477780612	310.723694228
0.175	0.00324737407233	310.723694228
0.175	0.00374697008345	310.723694228
0.175	0.00424656609458	325.39474763
0.175	0.00474616210571	325.39474763
0.175	0.00524575811683	325.39474763
0.175	0.00574535412796	325.39474763
0.175	0.00624495013909	325.39474763
0.175	0.00674454615022	325.39474763
0.175	0.00724414216134	325.39474763
0.175	0.00774373817247	325.39474763
0.175	0.0082433341836	325.39474763
0.175	0.00874293019472	310.723694228
0.175	0.00924252620585	310.723694228
0.175	0.00974212221698	310.723694228
0.175	0.0102417182281	310.723694228
0.175	0.0107413142392	296.052640825
0.175	0.0112409102504	296.052640825
0.175	0.0117405062615	296.052640825
0.175	0.0122401022726	310.723694228
0.175	0.0127396982837	310.723694228
0.175	0.0132392942949	310.723694228
0.175	0.013738890306	310.723694228
0.175	0.0142384863171	310.723694228
0.175	0.0147380823282	296.052640825
0.175	0.0152376783394	281.381587423
0.175	0.0157372743505	281.381587423
0.175	0.0162368703616	296.052640825
0.175	0.0167364663728	296.052640825
0.175	0.0172360623839	296.052640825
0.175	0.017735658395	296.052640825
0.175	0.0182352544061	296.052640825
0.175	0.0187348504173	266.710534021
0.175	0.0192344464284	266.710534021
0.175	0.0197340424395	266.710534021
0.175	0.0202336384506	266.710534021
0.175	0.0207332344618	266.710534021
0.175	0.0212328304729	252.039480619
0.175	0.021732426484	252.039480619
0.175	0.0222320224952	252.039480619
0.175	0.0227316185063	252.039480619
0.175	0.0232312145174	252.039480619
0.175	0.0237308105285	252.039480619
0.175	0.0242304065397	237.368427217
0.175	0.0247300025508	237.368427217
0.175	0.0252295985619	237.368427217
0.175	0.025729194573	237.368427217
0.175	0.0262287905842	237.368427217
0.175	0.0267283865953	237.368427217
0.175	0.0272279826064	237.368427217
0.175	0.0277275786176	237.368427217
0.175	0.0282271746287	222.697373815
0.175	0.0287267706398	222.697373815
0.175	0.0292263666509	222.697373815
0.175	0.0297259626621	222.697373815
0.175	0.0302255586732	222.697373815
0.175	0.0307251546843	222.697373815
0.175	0.0312247506954	222.697373815
0.175	0.0317243467066	222.697373815
0.175	0.0322239427177	222.697373815
0.175	0.0327235387288	222.697373815
0.175	0.0332231347399	222.697373815
0.175	0.0337227307511	222.697373815
0.175	0.0342223267622	222.697373815
0.175	0.0347219227733	208.026320413
0.175	0.0352215187845	208.026320413
0.175	0.0357211147956	208.026320413
0.175	0.0362207108067	193.355267011
0.175	0.0367203068178	193.355267011
0.175	0.037219902829	193.355267011
0.175	0.0377194988401	193.355267011
0.175	0.0382190948512	193.355267011
0.175	0.0387186908623	193.355267011
0.175	0.0392182868735	193.355267011
0.175	0.0397178828846	178.684213608
0.175	0.0402174788957	193.355267011
0.175	0.0407170749069	193.355267011
0.175	0.041216670918	193.355267011
0.175	0.0417162669291	193.355267011
0.175	0.0422158629402	193.355267011
0.175	0.0427154589514	178.684213608
0.175	0.0432150549625	178.684213608
0.175	0.0437146509736	164.013160206
0.175	0.0442142469847	164.013160206
0.175	0.0447138429959	164.013160206
0.175	0.045213439007	164.013160206
0.175	0.0457130350181	164.013160206
0.175	0.0462126310293	164.013160206
0.175	0.0467122270404	164.013160206
0.175	0.0472118230515	164.013160206
0.175	0.0477114190626	164.013160206
0.175	0.0482110150738	164.013160206
0.175	0.0487106110849	164.013160206
0.175	0.049210207096	164.013160206
0.175	0.0497098031071	164.013160206
0.2	0.000249798005564	310.723694228
0.2	0.000749394016691	310.723694228
0.2	0.00124899002782	325.39474763
0.2	0.00174858603894	325.39474763
0.2	0.00224818205007	325.39474763
0.2	0.0027477780612	340.065801032
0.2	0.00324737407233	340.065801032
0.2	0.00374697008345	340.065801032
0.2	0.00424656609458	340.065801032
0.2	0.00474616210571	340.065801032
0.2	0.00524575811683	310.723694228
0.2	0.00574535412796	310.723694228
0.2	0.00624495013909	310.723694228
0.2	0.00674454615022	310.723694228
0.2	0.00724414216134	310.723694228
0.2	0.00774373817247	310.723694228
0.2	0.0082433341836	325.39474763
0.2	0.00874293019472	325.39474763
0.2	0.00924252620585	325.39474763
0.2	0.00974212221698	325.39474763
0.2	0.0102417182281	325.39474763
0.2	0.0107413142392	310.723694228
0.2	0.0112409102504	296.052640825
0.2	0.0117405062615	296.052640825
0.2	0.0122401022726	296.052640825
0.2	0.0127396982837	296.052640825
0.2	0.0132392942949	296.052640825
0.2	0.013738890306	296.052640825
0.2	0.0142384863171	296.052640825
0.2	0.0147380823282	296.052640825
0.2	0.0152376783394	296.052640825
0.2	0.0157372743505	296.052640825
0.2	0.0162368703616	281.381587423
0.2	0.0167364663728	281.381587423
0.2	0.0172360623839	281.381587423
0.2	0.017735658395	281.381587423
0.2	0.0182352544061	281.381587423
0.2	0.0187348504173	281.381587423
0.2	0.0192344464284	281.381587423
0.2	0.0197340424395	281.381587423
0.2	0.0202336384506	281.381587423
0.2	0.0207332344618	281.381587423
0.2	0.0212328304729	281.381587423
0.2	0.021732426484	252.039480619
0.2	0.0222320224952	266.710534021
0.2	0.0227316185063	266.710534021
0.2	0.0232312145174	266.710534021
0.2	0.0237308105285	266.710534021
0.2	0.0242304065397	266.710534021
0.2	0.0247300025508	252.039480619
0.2	0.0252295985619	252.039480619
0.2	0.025729194573	252.039480619
0.2	0.0262287905842	252.039480619
0.2	0.0267283865953	237.368427217
0.2	0.0272279826064	237.368427217
0.2	0.0277275786176	237.368427217
0.2	0.0282271746287	237.368427217
0.2	0.0287267706398	237.368427217
0.2	0.0292263666509	222.697373815
0.2	0.0297259626621	222.697373815
0.2	0.0302255586732	222.697373815
0.2	0.0307251546843	222.697373815
0.2	0.0312247506954	222.697373815
0.2	0.0317243467066	222.697373815
0.2	0.0322239427177	222.697373815
0.2	0.0327235387288	222.697373815
0.2	0.0332231347399	222.697373815
0.2	0.0337227307511	222.697373815
0.2	0.0342223267622	222.697373815
0.2	0.0347219227733	193.355267011
0.2	0.0352215187845	193.355267011
0.2	0.0357211147956	193.355267011
0.2	0.0362207108067	193.355267011
0.2	0.0367203068178	193.355267011
0.2	0.037219902829	193.355267011
0.2	0.0377194988401	193.355267011
0.2	0.0382190948512	193.355267011
0.2	0.0387186908623	193.355267011
0.2	0.0392182868735	193.355267011
0.2	0.0397178828846	193.355267011
0.2	0.0402174788957	193.355267011
0.2	0.0407170749069	193.355267011
0.2	0.041216670918	193.355267011
0.2	0.0417162669291	193.355267011
0.2	0.0422158629402	178.684213608
0.2	0.0427154589514	178.684213608
0.2	0.0432150549625	178.684213608
0.2	0.0437146509736	178.684213608
0.2	0.0442142469847	178.684213608
0.2	0.0447138429959	178.684213608
0.2	0.045213439007	178.684213608
0.2	0.0457130350181	178.684213608
0.2	0.0462126310293	164.013160206
0.2	0.0467122270404	164.013160206
0.2	0.0472118230515	164.013160206
0.2	0.0477114190626	164.013160206
0.2	0.0482110150738	164.013160206
0.2	0.0487106110849	164.013160206
0.2	0.049210207096	164.013160206
0.2	0.0497098031071	164.013160206
0.225	0.000249798005564	310.723694228
0.225	0.000749394016691	310.723694228
0.225	0.00124899002782	310.723694228
0.225	0.00174858603894	310.723694228
0.225	0.00224818205007	310.723694228
0.225	0.0027477780612	310.723694228
0.225	0.00324737407233	310.723694228
0.225	0.00374697008345	310.723694228
0.225	0.00424656609458	310.723694228
0.225	0.00474616210571	310.723694228
0.225	0.00524575811683	310.723694228
0.225	0.00574535412796	310.723694228
0.225	0.00624495013909	310.723694228
0.225	0.00674454615022	310.723694228
0.225	0.00724414216134	310.723694228
0.225	0.00774373817247	310.723694228
0.225	0.0082433341836	296.052640825
0.225	0.00874293019472	296.052640825
0.225	0.00924252620585	296.052640825
0.225	0.00974212221698	296.052640825
0.225	0.0102417182281	296.052640825
0.225	0.0107413142392	310.723694228
0.225	0.0112409102504	310.723694228
0.225	0.0117405062615	310.723694228
0.225	0.0122401022726	310.723694228
0.225	0.0127396982837	310.723694228
0.225	0.0132392942949	296.052640825
0.225	0.013738890306	296.052640825
0.225	0.0142384863171	296.052640825
0.225	0.0147380823282	296.052640825
0.225	0.0152376783394	296.052640825
0.225	0.0157372743505	281.381587423
0.225	0.0162368703616	281.381587423
0.225	0.0167364663728	281.381587423
0.225	0.0172360623839	281.381587423
0.225	0.017735658395	281.381587423
0.225	0.0182352544061	281.381587423
0.225	0.0187348504173	281.381587423
0.225	0.0192344464284	266.710534021
0.225	0.0197340424395	266.710534021
0.225	0.0202336384506	266.710534021
0.225	0.0207332344618	266.710534021
0.225	0.0212328304729	266.710534021
0.225	0.021732426484	266.710534021
0.225	0.0222320224952	266.710534021
0.225	0.0227316185063	252.039480619
0.225	0.0232312145174	252.039480619
0.225	0.0237308105285	252.039480619
0.225	0.0242304065397	252.039480619
0.225	0.0247300025508	237.368427217
0.225	0.0252295985619	237.368427217
0.225	0.025729194573	222.697373815
0.225	0.0262287905842	222.697373815
0.225	0.0267283865953	222.697373815
0.225	0.0272279826064	222.697373815
0.225	0.0277275786176	222.697373815
0.225	0.0282271746287	222.697373815
0.225	0.0287267706398	222.697373815
0.225	0.0292263666509	222.697373815
0.225	0.0297259626621	222.697373815
0.225	0.0302255586732	222.697373815
0.225	0.0307251546843	208.026320413
0.225	0.0312247506954	208.026320413
0.225	0.0317243467066	208.026320413
0.225	0.0322239427177	208.026320413
0.225	0.0327235387288	208.026320413
0.225	0.0332231347399	208.026320413
0.225	0.0337227307511	208.026320413
0.225	0.0342223267622	208.026320413
0.225	0.0347219227733	208.026320413
0.225	0.0352215187845	208.026320413
0.225	0.0357211147956	222.697373815
0.225	0.0362207108067	222.697373815
0.225	0.0367203068178	222.697373815
0.225	0.037219902829	222.697373815
0.225	0.0377194988401	222.697373815
0.225	0.0382190948512	208.026320413
0.225	0.0387186908623	208.026320413
0.225	0.0392182868735	208.026320413
0.225	0.0397178828846	208.026320413
0.225	0.0402174788957	178.684213608
0.225	0.0407170749069	193.355267011
0.225	0.041216670918	193.355267011
0.225	0.0417162669291	193.355267011
0.225	0.0422158629402	193.355267011
0.225	0.0427154589514	193.355267011
0.225	0.0432150549625	164.013160206
0.225	0.0437146509736	164.013160206
0.225	0.0442142469847	164.013160206
0.225	0.0447138429959	164.013160206
0.225	0.045213439007	178.684213608
0.225	0.0457130350181	178.684213608
0.225	0.0462126310293	178.684213608
0.225	0.0467122270404	178.684213608
0.225	0.0472118230515	178.684213608
0.225	0.0477114190626	164.013160206
0.225	0.0482110150738	164.013160206
0.225	0.0487106110849	164.013160206
0.225	0.049210207096	164.013160206
0.225	0.0497098031071	164.013160206
0.25	0.000249798005564	310.723694228
0.25	0.000749394016691	310.723694228
0.25	0.00124899002782	310.723694228
0.25	0.00174858603894	310.723694228
0.25	0.00224818205007	310.723694228
0.25	0.0027477780612	310.723694228
0.25	0.00324737407233	310.723694228
0.25	0.00374697008345	310.723694228
0.25	0.00424656609458	310.723694228
0.25	0.00474616210571	310.723694228
0.25	0.00524575811683	310.723694228
0.25	0.00574535412796	310.723694228
0.25	0.00624495013909	310.723694228
0.25	0.00674454615022	310.723694228
0.25	0.00724414216134	310.723694228
0.25	0.00774373817247	310.723694228
0.25	0.0082433341836	310.723694228
0.25	0.00874293019472	310.723694228
0.25	0.00924252620585	310.723694228
0.25	0.00974212221698	310.723694228
0.25	0.0102417182281	310.723694228
0.25	0.0107413142392	310.723694228
0.25	0.0112409102504	310.723694228
0.25	0.0117405062615	310.723694228
0.25	0.0122401022726	310.723694228
0.25	0.0127396982837	296.052640825
0.25	0.0132392942949	296.052640825
0.25	0.013738890306	296.052640825
0.25	0.0142384863171	296.052640825
0.25	0.0147380823282	296.052640825
0.25	0.0152376783394	296.052640825
0.25	0.0157372743505	296.052640825
0.25	0.0162368703616	296.052640825
0.25	0.0167364663728	281.381587423
0.25	0.0172360623839	281.381587423
0.25	0.017735658395	281.381587423
0.25	0.0182352544061	281.381587423
0.25	0.0187348504173	281.381587423
0.25	0.0192344464284	281.381587423
0.25	0.0197340424395	266.710534021
0.25	0.0202336384506	266.710534021
0.25	0.0207332344618	266.710534021
0.25	0.0212328304729	266.710534021
0.25	0.021732426484	266.710534021
0.25	0.0222320224952	266.710534021
0.25	0.0227316185063	266.710534021
0.25	0.0232312145174	266.710534021
0.25	0.0237308105285	266.710534021
0.25	0.0242304065397	237.368427217
0.25	0.0247300025508	237.368427217
0.25	0.0252295985619	237.368427217
0.25	0.025729194573	237.368427217
0.25	0.0262287905842	237.368427217
0.25	0.0267283865953	237.368427217
0.25	0.0272279826064	237.368427217
0.25	0.0277275786176	237.368427217
0.25	0.0282271746287	222.697373815
0.25	0.0287267706398	222.697373815
0.25	0.0292263666509	222.697373815
0.25	0.0297259626621	222.697373815
0.25	0.0302255586732	222.697373815
0.25	0.0307251546843	222.697373815
0.25	0.0312247506954	222.697373815
0.25	0.0317243467066	222.697373815
0.25	0.0322239427177	222.697373815
0.25	0.0327235387288	222.697373815
0.25	0.0332231347399	208.026320413
0.25	0.0337227307511	208.026320413
0.25	0.0342223267622	208.026320413
0.25	0.0347219227733	208.026320413
0.25	0.0352215187845	193.355267011
0.25	0.0357211147956	193.355267011
0.25	0.0362207108067	193.355267011
0.25	0.0367203068178	193.355267011
0.25	0.037219902829	193.355267011
0.25	0.0377194988401	193.355267011
0.25	0.0382190948512	178.684213608
0.25	0.0387186908623	178.684213608
0.25	0.0392182868735	193.355267011
0.25	0.0397178828846	193.355267011
0.25	0.0402174788957	193.355267011
0.25	0.0407170749069	193.355267011
0.25	0.041216670918	193.355267011
0.25	0.0417162669291	193.355267011
0.25	0.0422158629402	193.355267011
0.25	0.0427154589514	193.355267011
0.25	0.0432150549625	193.355267011
0.25	0.0437146509736	193.355267011
0.25	0.0442142469847	178.684213608
0.25	0.0447138429959	178.684213608
0.25	0.045213439007	178.684213608
0.25	0.0457130350181	178.684213608
0.25	0.0462126310293	178.684213608
0.25	0.0467122270404	178.684213608
0.25	0.0472118230515	164.013160206
0.25	0.0477114190626	164.013160206
0.25	0.0482110150738	164.013160206
0.25	0.0487106110849	164.013160206
0.25	0.049210207096	164.013160206
0.25	0.0497098031071	164.013160206
0.275	0.000249798005564	325.39474763
0.275	0.000749394016691	325.39474763
0.275	0.00124899002782	325.39474763
0.275	0.00174858603894	325.39474763
0.275	0.00224818205007	325.39474763
0.275	0.0027477780612	325.39474763
0.275	0.00324737407233	325.39474763
0.275	0.00374697008345	325.39474763
0.275	0.00424656609458	325.39474763
0.275	0.00474616210571	325.39474763
0.275	0.00524575811683	325.39474763
0.275	0.00574535412796	325.39474763
0.275	0.00624495013909	310.723694228
0.275	0.00674454615022	310.723694228
0.275	0.00724414216134	310.723694228
0.275	0.00774373817247	310.723694228
0.275	0.0082433341836	310.723694228
0.275	0.00874293019472	310.723694228
0.275	0.00924252620585	310.723694228
0.275	0.00974212221698	310.723694228
0.275	0.0102417182281	296.052640825
0.275	0.0107413142392	310.723694228
0.275	0.0112409102504	310.723694228
0.275	0.0117405062615	310.723694228
0.275	0.0122401022726	310.723694228
0.275	0.0127396982837	310.723694228
0.275	0.0132392942949	296.052640825
0.275	0.013738890306	296.052640825
0.275	0.0142384863171	296.052640825
0.275	0.0147380823282	296.052640825
0.275	0.0152376783394	296.052640825
0.275	0.0157372743505	296.052640825
0.275	0.0162368703616	296.052640825
0.275	0.0167364663728	281.381587423
0.275	0.0172360623839	281.381587423
0.275	0.017735658395	281.381587423
0.275	0.0182352544061	281.381587423
0.275	0.0187348504173	281.381587423
0.275	0.0192344464284	281.381587423
0.275	0.0197340424395	281.381587423
0.275	0.0202336384506	281.381587423
0.275	0.0207332344618	281.381587423
0.275	0.0212328304729	281.381587423
0.275	0.021732426484	266.710534021
0.275	0.0222320224952	266.710534021
0.275	0.0227316185063	266.710534021
0.275	0.0232312145174	266.710534021
0.275	0.0237308105285	266.710534021
0.275	0.0242304065397	237.368427217
0.275	0.0247300025508	237.368427217
0.275	0.0252295985619	237.368427217
0.275	0.025729194573	237.368427217
0.275	0.0262287905842	237.368427217
0.275	0.0267283865953	237.368427217
0.275	0.0272279826064	237.368427217
0.275	0.0277275786176	237.368427217
0.275	0.0282271746287	237.368427217
0.275	0.0287267706398	237.368427217
0.275	0.0292263666509	237.368427217
0.275	0.0297259626621	237.368427217
0.275	0.0302255586732	222.697373815
0.275	0.0307251546843	222.697373815
0.275	0.0312247506954	208.026320413
0.275	0.0317243467066	222.697373815
0.275	0.0322239427177	222.697373815
0.275	0.0327235387288	222.697373815
0.275	0.0332231347399	222.697373815
0.275	0.0337227307511	222.697373815
0.275	0.0342223267622	208.026320413
0.275	0.0347219227733	208.026320413
0.275	0.0352215187845	222.697373815
0.275	0.0357211147956	222.697373815
0.275	0.0362207108067	222.697373815
0.275	0.0367203068178	222.697373815
0.275	0.037219902829	222.697373815
0.275	0.0377194988401	208.026320413
0.275	0.0382190948512	208.026320413
0.275	0.0387186908623	208.026320413
0.275	0.0392182868735	208.026320413
0.275	0.0397178828846	208.026320413
0.275	0.0402174788957	208.026320413
0.275	0.0407170749069	208.026320413
0.275	0.041216670918	178.684213608
0.275	0.0417162669291	178.684213608
0.275	0.0422158629402	178.684213608
0.275	0.0427154589514	193.355267011
0.275	0.0432150549625	193.355267011
0.275	0.0437146509736	193.355267011
0.275	0.0442142469847	193.355267011
0.275	0.0447138429959	193.355267011
0.275	0.045213439007	178.684213608
0.275	0.0457130350181	178.684213608
0.275	0.0462126310293	178.684213608
0.275	0.0467122270404	178.684213608
0.275	0.0472118230515	178.684213608
0.275	0.0477114190626	164.013160206
0.275	0.0482110150738	164.013160206
0.275	0.0487106110849	164.013160206
0.275	0.049210207096	164.013160206
0.275	0.0497098031071	164.013160206
0.3	0.000249798005564	310.723694228
0.3	0.000749394016691	310.723694228
0.3	0.00124899002782	310.723694228
0.3	0.00174858603894	310.723694228
0.3	0.00224818205007	310.723694228
0.3	0.0027477780612	310.723694228
0.3	0.00324737407233	310.723694228
0.3	0.00374697008345	310.723694228
0.3	0.00424656609458	310.723694228
0.3	0.00474616210571	310.723694228
0.3	0.00524575811683	310.723694228
0.3	0.00574535412796	310.723694228
0.3	0.00624495013909	310.723694228
0.3	0.00674454615022	310.723694228
0.3	0.00724414216134	310.723694228
0.3	0.00774373817247	310.723694228
0.3	0.0082433341836	310.723694228
0.3	0.00874293019472	310.723694228
0.3	0.00924252620585	310.723694228
0.3	0.00974212221698	310.723694228
0.3	0.0102417182281	310.723694228
0.3	0.0107413142392	310.723694228
0.3	0.0112409102504	310.723694228
0.3	0.0117405062615	310.723694228
0.3	0.0122401022726	310.723694228
0.3	0.0127396982837	310.723694228
0.3	0.0132392942949	281.381587423
0.3	0.013738890306	310.723694228
0.3	0.0142384863171	310.723694228
0.3	0.0147380823282	310.723694228
0.3	0.0152376783394	310.723694228
0.3	0.0157372743505	310.723694228
0.3	0.0162368703616	281.381587423
0.3	0.0167364663728	281.381587423
0.3	0.0172360623839	281.381587423
0.3	0.017735658395	281.381587423
0.3	0.0182352544061	281.381587423
0.3	0.0187348504173	281.381587423
0.3	0.0192344464284	281.381587423
0.3	0.0197340424395	281.381587423
0.3	0.0202336384506	281.381587423
0.3	0.0207332344618	281.381587423
0.3	0.0212328304729	266.710534021
0.3	0.021732426484	252.039480619
0.3	0.0222320224952	252.039480619
0.3	0.0227316185063	252.039480619
0.3	0.0232312145174	237.368427217
0.3	0.0237308105285	252.039480619
0.3	0.0242304065397	252.039480619
0.3	0.0247300025508	252.039480619
0.3	0.0252295985619	252.039480619
0.3	0.025729194573	252.039480619
0.3	0.0262287905842	252.039480619
0.3	0.0267283865953	237.368427217
0.3	0.0272279826064	237.368427217
0.3	0.0277275786176	237.368427217
0.3	0.0282271746287	237.368427217
0.3	0.0287267706398	237.368427217
0.3	0.0292263666509	237.368427217
0.3	0.0297259626621	237.368427217
0.3	0.0302255586732	222.697373815
0.3	0.0307251546843	222.697373815
0.3	0.0312247506954	222.697373815
0.3	0.0317243467066	222.697373815
0.3	0.0322239427177	222.697373815
0.3	0.0327235387288	222.697373815
0.3	0.0332231347399	208.026320413
0.3	0.0337227307511	208.026320413
0.3	0.0342223267622	208.026320413
0.3	0.0347219227733	208.026320413
0.3	0.0352215187845	208.026320413
0.3	0.0357211147956	208.026320413
0.3	0.0362207108067	208.026320413
0.3	0.0367203068178	208.026320413
0.3	0.037219902829	208.026320413
0.3	0.0377194988401	208.026320413
0.3	0.0382190948512	193.355267011
0.3	0.0387186908623	193.355267011
0.3	0.0392182868735	193.355267011
0.3	0.0397178828846	178.684213608
0.3	0.0402174788957	178.684213608
0.3	0.0407170749069	178.684213608
0.3	0.041216670918	178.684213608
0.3	0.0417162669291	193.355267011
0.3	0.0422158629402	193.355267011
0.3	0.0427154589514	193.355267011
0.3	0.0432150549625	193.355267011
0.3	0.0437146509736	193.355267011
0.3	0.0442142469847	178.684213608
0.3	0.0447138429959	178.684213608
0.3	0.045213439007	178.684213608
0.3	0.0457130350181	164.013160206
0.3	0.0462126310293	164.013160206
0.3	0.0467122270404	164.013160206
0.3	0.0472118230515	164.013160206
0.3	0.0477114190626	164.013160206
0.3	0.0482110150738	164.013160206
0.3	0.0487106110849	164.013160206
0.3	0.049210207096	164.013160206
0.3	0.0497098031071	164.013160206
0.35	0.000249798005564	296.052640825
0.35	0.000749394016691	296.052640825
0.35	0.00124899002782	296.052640825
0.35	0.00174858603894	296.052640825
0.35	0.00224818205007	310.723694228
0.35	0.0027477780612	310.723694228
0.35	0.00324737407233	310.723694228
0.35	0.00374697008345	325.39474763
0.35	0.00424656609458	325.39474763
0.35	0.00474616210571	325.39474763
0.35	0.00524575811683	325.39474763
0.35	0.00574535412796	325.39474763
0.35	0.00624495013909	310.723694228
0.35	0.00674454615022	310.723694228
0.35	0.00724414216134	310.723694228
0.35	0.00774373817247	310.723694228
0.35	0.0082433341836	310.723694228
0.35	0.00874293019472	310.723694228
0.35	0.00924252620585	310.723694228
0.35	0.00974212221698	310.723694228
0.35	0.0102417182281	310.723694228
0.35	0.0107413142392	310.723694228
0.35	0.0112409102504	310.723694228
0.35	0.0117405062615	310.723694228
0.35	0.0122401022726	296.052640825
0.35	0.0127396982837	310.723694228
0.35	0.0132392942949	310.723694228
0.35	0.013738890306	310.723694228
0.35	0.0142384863171	310.723694228
0.35	0.0147380823282	310.723694228
0.35	0.0152376783394	281.381587423
0.35	0.0157372743505	281.381587423
0.35	0.0162368703616	281.381587423
0.35	0.0167364663728	281.381587423
0.35	0.0172360623839	281.381587423
0.35	0.017735658395	281.381587423
0.35	0.0182352544061	281.381587423
0.35	0.0187348504173	281.381587423
0.35	0.0192344464284	281.381587423
0.35	0.0197340424395	266.710534021
0.35	0.0202336384506	266.710534021
0.35	0.0207332344618	266.710534021
0.35	0.0212328304729	266.710534021
0.35	0.021732426484	266.710534021
0.35	0.0222320224952	252.039480619
0.35	0.0227316185063	252.039480619
0.35	0.0232312145174	252.039480619
0.35	0.0237308105285	237.368427217
0.35	0.0242304065397	237.368427217
0.35	0.0247300025508	252.039480619
0.35	0.0252295985619	252.039480619
0.35	0.025729194573	252.039480619
0.35	0.0262287905842	252.039480619
0.35	0.0267283865953	252.039480619
0.35	0.0272279826064	237.368427217
0.35	0.0277275786176	237.368427217
0.35	0.0282271746287	222.697373815
0.35	0.0287267706398	222.697373815
0.35	0.0292263666509	222.697373815
0.35	0.0297259626621	222.697373815
0.35	0.0302255586732	222.697373815
0.35	0.0307251546843	222.697373815
0.35	0.0312247506954	222.697373815
0.35	0.0317243467066	208.026320413
0.35	0.0322239427177	208.026320413
0.35	0.0327235387288	208.026320413
0.35	0.0332231347399	208.026320413
0.35	0.0337227307511	208.026320413
0.35	0.0342223267622	208.026320413
0.35	0.0347219227733	208.026320413
0.35	0.0352215187845	208.026320413
0.35	0.0357211147956	208.026320413
0.35	0.0362207108067	193.355267011
0.35	0.0367203068178	193.355267011
0.35	0.037219902829	193.355267011
0.35	0.0377194988401	193.355267011
0.35	0.0382190948512	208.026320413
0.35	0.0387186908623	208.026320413
0.35	0.0392182868735	208.026320413
0.35	0.0397178828846	208.026320413
0.35	0.0402174788957	208.026320413
0.35	0.0407170749069	178.684213608
0.35	0.041216670918	178.684213608
0.35	0.0417162669291	178.684213608
0.35	0.0422158629402	178.684213608
0.35	0.0427154589514	178.684213608
0.35	0.0432150549625	178.684213608
0.35	0.0437146509736	178.684213608
0.35	0.0442142469847	178.684213608
0.35	0.0447138429959	178.684213608
0.35	0.045213439007	178.684213608
0.35	0.0457130350181	178.684213608
0.35	0.0462126310293	178.684213608
0.35	0.0467122270404	164.013160206
0.35	0.0472118230515	164.013160206
0.35	0.0477114190626	164.013160206
0.35	0.0482110150738	164.013160206
0.35	0.0487106110849	164.013160206
0.35	0.049210207096	164.013160206
0.35	0.0497098031071	164.013160206
0.4	0.000249798005564	296.052640825
0.4	0.000749394016691	325.39474763
0.4	0.00124899002782	325.39474763
0.4	0.00174858603894	325.39474763
0.4	0.00224818205007	325.39474763
0.4	0.0027477780612	325.39474763
0.4	0.00324737407233	310.723694228
0.4	0.00374697008345	310.723694228
0.4	0.00424656609458	310.723694228
0.4	0.00474616210571	296.052640825
0.4	0.00524575811683	310.723694228
0.4	0.00574535412796	310.723694228
0.4	0.00624495013909	310.723694228
0.4	0.00674454615022	310.723694228
0.4	0.00724414216134	325.39474763
0.4	0.00774373817247	325.39474763
0.4	0.0082433341836	325.39474763
0.4	0.00874293019472	325.39474763
0.4	0.00924252620585	325.39474763
0.4	0.00974212221698	296.052640825
0.4	0.0102417182281	296.052640825
0.4	0.0107413142392	296.052640825
0.4	0.0112409102504	296.052640825
0.4	0.0117405062615	296.052640825
0.4	0.0122401022726	296.052640825
0.4	0.0127396982837	296.052640825
0.4	0.0132392942949	281.381587423
0.4	0.013738890306	281.381587423
0.4	0.0142384863171	296.052640825
0.4	0.0147380823282	296.052640825
0.4	0.0152376783394	296.052640825
0.4	0.0157372743505	296.052640825
0.4	0.0162368703616	296.052640825
0.4	0.0167364663728	281.381587423
0.4	0.0172360623839	281.381587423
0.4	0.017735658395	281.381587423
0.4	0.0182352544061	266.710534021
0.4	0.0187348504173	266.710534021
0.4	0.0192344464284	266.710534021
0.4	0.0197340424395	266.710534021
0.4	0.0202336384506	266.710534021
0.4	0.0207332344618	266.710534021
0.4	0.0212328304729	266.710534021
0.4	0.021732426484	252.039480619
0.4	0.0222320224952	237.368427217
0.4	0.0227316185063	237.368427217
0.4	0.0232312145174	237.368427217
0.4	0.0237308105285	237.368427217
0.4	0.0242304065397	237.368427217
0.4	0.0247300025508	252.039480619
0.4	0.0252295985619	252.039480619
0.4	0.025729194573	252.039480619
0.4	0.0262287905842	252.039480619
0.4	0.0267283865953	252.039480619
0.4	0.0272279826064	237.368427217
0.4	0.0277275786176	237.368427217
0.4	0.0282271746287	237.368427217
0.4	0.0287267706398	237.368427217
0.4	0.0292263666509	237.368427217
0.4	0.0297259626621	237.368427217
0.4	0.0302255586732	237.368427217
0.4	0.0307251546843	237.368427217
0.4	0.0312247506954	237.368427217
0.4	0.0317243467066	222.697373815
0.4	0.0322239427177	222.697373815
0.4	0.0327235387288	208.026320413
0.4	0.0332231347399	208.026320413
0.4	0.0337227307511	208.026320413
0.4	0.0342223267622	208.026320413
0.4	0.0347219227733	193.355267011
0.4	0.0352215187845	193.355267011
0.4	0.0357211147956	193.355267011
0.4	0.0362207108067	193.355267011
0.4	0.0367203068178	193.355267011
0.4	0.037219902829	193.355267011
0.4	0.0377194988401	193.355267011
0.4	0.0382190948512	193.355267011
0.4	0.0387186908623	193.355267011
0.4	0.0392182868735	193.355267011
0.4	0.0397178828846	178.684213608
0.4	0.0402174788957	193.355267011
0.4	0.0407170749069	193.355267011
0.4	0.041216670918	193.355267011
0.4	0.0417162669291	193.355267011
0.4	0.0422158629402	193.355267011
0.4	0.0427154589514	178.684213608
0.4	0.0432150549625	164.013160206
0.4	0.0437146509736	178.684213608
0.4	0.0442142469847	178.684213608
0.4	0.0447138429959	178.684213608
0.4	0.045213439007	178.684213608
0.4	0.0457130350181	178.684213608
0.4	0.0462126310293	164.013160206
0.4	0.0467122270404	164.013160206
0.4	0.0472118230515	164.013160206
0.4	0.0477114190626	164.013160206
0.4	0.0482110150738	164.013160206
0.4	0.0487106110849	164.013160206
0.4	0.049210207096	164.013160206
0.4	0.0497098031071	164.013160206
0.5	0.000249798005564	296.052640825
0.5	0.000749394016691	296.052640825
0.5	0.00124899002782	296.052640825
0.5	0.00174858603894	296.052640825
0.5	0.00224818205007	325.39474763
0.5	0.0027477780612	325.39474763
0.5	0.00324737407233	325.39474763
0.5	0.00374697008345	325.39474763
0.5	0.00424656609458	325.39474763
0.5	0.00474616210571	325.39474763
0.5	0.00524575811683	325.39474763
0.5	0.00574535412796	325.39474763
0.5	0.00624495013909	310.723694228
0.5	0.00674454615022	310.723694228
0.5	0.00724414216134	310.723694228
0.5	0.00774373817247	310.723694228
0.5	0.0082433341836	310.723694228
0.5	0.00874293019472	310.723694228
0.5	0.00924252620585	310.723694228
0.5	0.00974212221698	340.065801032
0.5	0.0102417182281	340.065801032
0.5	0.0107413142392	340.065801032
0.5	0.0112409102504	340.065801032
0.5	0.0117405062615	340.065801032
0.5	0.0122401022726	310.723694228
0.5	0.0127396982837	310.723694228
0.5	0.0132392942949	310.723694228
0.5	0.013738890306	310.723694228
0.5	0.0142384863171	296.052640825
0.5	0.0147380823282	296.052640825
0.5	0.0152376783394	296.052640825
0.5	0.0157372743505	296.052640825
0.5	0.0162368703616	296.052640825
0.5	0.0167364663728	296.052640825
0.5	0.0172360623839	296.052640825
0.5	0.017735658395	296.052640825
0.5	0.0182352544061	296.052640825
0.5	0.0187348504173	266.710534021
0.5	0.0192344464284	266.710534021
0.5	0.0197340424395	266.710534021
0.5	0.0202336384506	252.039480619
0.5	0.0207332344618	252.039480619
0.5	0.0212328304729	252.039480619
0.5	0.021732426484	252.039480619
0.5	0.0222320224952	252.039480619
0.5	0.0227316185063	252.039480619
0.5	0.0232312145174	252.039480619
0.5	0.0237308105285	237.368427217
0.5	0.0242304065397	237.368427217
0.5	0.0247300025508	237.368427217
0.5	0.0252295985619	237.368427217
0.5	0.025729194573	237.368427217
0.5	0.0262287905842	237.368427217
0.5	0.0267283865953	237.368427217
0.5	0.0272279826064	237.368427217
0.5	0.0277275786176	222.697373815
0.5	0.0282271746287	222.697373815
0.5	0.0287267706398	222.697373815
0.5	0.0292263666509	222.697373815
0.5	0.0297259626621	222.697373815
0.5	0.0302255586732	222.697373815
0.5	0.0307251546843	222.697373815
0.5	0.0312247506954	222.697373815
0.5	0.0317243467066	222.697373815
0.5	0.0322239427177	222.697373815
0.5	0.0327235387288	222.697373815
0.5	0.0332231347399	237.368427217
0.5	0.0337227307511	237.368427217
0.5	0.0342223267622	237.368427217
0.5	0.0347219227733	237.368427217
0.5	0.0352215187845	237.368427217
0.5	0.0357211147956	208.026320413
0.5	0.0362207108067	193.355267011
0.5	0.0367203068178	193.355267011
0.5	0.037219902829	193.355267011
0.5	0.0377194988401	193.355267011
0.5	0.0382190948512	193.355267011
0.5	0.0387186908623	193.355267011
0.5	0.0392182868735	178.684213608
0.5	0.0397178828846	178.684213608
0.5	0.0402174788957	178.684213608
0.5	0.0407170749069	178.684213608
0.5	0.041216670918	178.684213608
0.5	0.0417162669291	178.684213608
0.5	0.0422158629402	178.684213608
0.5	0.0427154589514	178.684213608
0.5	0.0432150549625	178.684213608
0.5	0.0437146509736	178.684213608
0.5	0.0442142469847	178.684213608
0.5	0.0447138429959	178.684213608
0.5	0.045213439007	178.684213608
0.5	0.0457130350181	178.684213608
0.5	0.0462126310293	178.684213608
0.5	0.0467122270404	178.684213608
0.5	0.0472118230515	178.684213608
0.5	0.0477114190626	178.684213608
0.5	0.0482110150738	178.684213608
0.5	0.0487106110849	164.013160206
0.5	0.049210207096	164.013160206
0.5	0.0497098031071	164.013160206
0.625	0.000249798005564	325.39474763
0.625	0.000749394016691	325.39474763
0.625	0.00124899002782	325.39474763
0.625	0.00174858603894	325.39474763
0.625	0.00224818205007	325.39474763
0.625	0.0027477780612	310.723694228
0.625	0.00324737407233	310.723694228
0.625	0.00374697008345	310.723694228
0.625	0.00424656609458	310.723694228
0.625	0.00474616210571	310.723694228
0.625	0.00524575811683	310.723694228
0.625	0.00574535412796	310.723694228
0.625	0.00624495013909	310.723694228
0.625	0.00674454615022	310.723694228
0.625	0.00724414216134	310.723694228
0.625	0.00774373817247	310.723694228
0.625	0.0082433341836	310.723694228
0.625	0.00874293019472	310.723694228
0.625	0.00924252620585	310.723694228
0.625	0.00974212221698	310.723694228
0.625	0.0102417182281	296.052640825
0.625	0.0107413142392	296.052640825
0.625	0.0112409102504	296.052640825
0.625	0.0117405062615	296.052640825
0.625	0.0122401022726	296.052640825
0.625	0.0127396982837	281.381587423
0.625	0.0132392942949	296.052640825
0.625	0.013738890306	296.052640825
0.625	0.0142384863171	296.052640825
0.625	0.0147380823282	296.052640825
0.625	0.0152376783394	296.052640825
0.625	0.0157372743505	281.381587423
0.625	0.0162368703616	281.381587423
0.625	0.0167364663728	281.381587423
0.625	0.0172360623839	281.381587423
0.625	0.017735658395	281.381587423
0.625	0.0182352544061	281.381587423
0.625	0.0187348504173	281.381587423
0.625	0.0192344464284	281.381587423
0.625	0.0197340424395	281.381587423
0.625	0.0202336384506	281.381587423
0.625	0.0207332344618	252.039480619
0.625	0.0212328304729	252.039480619
0.625	0.021732426484	252.039480619
0.625	0.0222320224952	252.039480619
0.625	0.0227316185063	252.039480619
0.625	0.0232312145174	237.368427217
0.625	0.0237308105285	252.039480619
0.625	0.0242304065397	252.039480619
0.625	0.0247300025508	252.039480619
0.625	0.0252295985619	252.039480619
0.625	0.025729194573	252.039480619
0.625	0.0262287905842	237.368427217
0.625	0.0267283865953	237.368427217
0.625	0.0272279826064	237.368427217
0.625	0.0277275786176	237.368427217
0.625	0.0282271746287	237.368427217
0.625	0.0287267706398	237.368427217
0.625	0.0292263666509	237.368427217
0.625	0.0297259626621	222.697373815
0.625	0.0302255586732	222.697373815
0.625	0.0307251546843	222.697373815
0.625	0.0312247506954	222.697373815
0.625	0.0317243467066	222.697373815
0.625	0.0322239427177	222.697373815
0.625	0.0327235387288	208.026320413
0.625	0.0332231347399	208.026320413
0.625	0.0337227307511	208.026320413
0.625	0.0342223267622	208.026320413
0.625	0.0347219227733	208.026320413
0.625	0.0352215187845	208.026320413
0.625	0.0357211147956	193.355267011
0.625	0.0362207108067	193.355267011
0.625	0.0367203068178	193.355267011
0.625	0.037219902829	193.355267011
0.625	0.0377194988401	193.355267011
0.625	0.0382190948512	193.355267011
0.625	0.0387186908623	193.355267011
0.625	0.0392182868735	208.026320413
0.625	0.0397178828846	208.026320413
0.625	0.0402174788957	208.026320413
0.625	0.0407170749069	208.026320413
0.625	0.041216670918	208.026320413
0.625	0.0417162669291	208.026320413
0.625	0.0422158629402	208.026320413
0.625	0.0427154589514	208.026320413
0.625	0.0432150549625	178.684213608
0.625	0.0437146509736	178.684213608
0.625	0.0442142469847	178.684213608
0.625	0.0447138429959	178.684213608
0.625	0.045213439007	164.013160206
0.625	0.0457130350181	164.013160206
0.625	0.0462126310293	164.013160206
0.625	0.0467122270404	164.013160206
0.625	0.0472118230515	164.013160206
0.625	0.0477114190626	164.013160206
0.625	0.0482110150738	164.013160206
0.625	0.0487106110849	178.684213608
0.625	0.049210207096	178.684213608
0.625	0.0497098031071	178.684213608
0.75	0.000249798005564	310.723694228
0.75	0.000749394016691	310.723694228
0.75	0.00124899002782	310.723694228
0.75	0.00174858603894	310.723694228
0.75	0.00224818205007	325.39474763
0.75	0.0027477780612	325.39474763
0.75	0.00324737407233	325.39474763
0.75	0.00374697008345	325.39474763
0.75	0.00424656609458	325.39474763
0.75	0.00474616210571	325.39474763
0.75	0.00524575811683	310.723694228
0.75	0.00574535412796	310.723694228
0.75	0.00624495013909	310.723694228
0.75	0.00674454615022	310.723694228
0.75	0.00724414216134	310.723694228
0.75	0.00774373817247	310.723694228
0.75	0.0082433341836	310.723694228
0.75	0.00874293019472	310.723694228
0.75	0.00924252620585	310.723694228
0.75	0.00974212221698	325.39474763
0.75	0.0102417182281	325.39474763
0.75	0.0107413142392	325.39474763
0.75	0.0112409102504	325.39474763
0.75	0.0117405062615	325.39474763
0.75	0.0122401022726	310.723694228
0.75	0.0127396982837	310.723694228
0.75	0.0132392942949	296.052640825
0.75	0.013738890306	296.052640825
0.75	0.0142384863171	296.052640825
0.75	0.0147380823282	296.052640825
0.75	0.0152376783394	296.052640825
0.75	0.0157372743505	296.052640825
0.75	0.0162368703616	281.381587423
0.75	0.0167364663728	281.381587423
0.75	0.0172360623839	281.381587423
0.75	0.017735658395	296.052640825
0.75	0.0182352544061	296.052640825
0.75	0.0187348504173	296.052640825
0.75	0.0192344464284	296.052640825
0.75	0.0197340424395	296.052640825
0.75	0.0202336384506	266.710534021
0.75	0.0207332344618	266.710534021
0.75	0.0212328304729	266.710534021
0.75	0.021732426484	252.039480619
0.75	0.0222320224952	252.039480619
0.75	0.0227316185063	252.039480619
0.75	0.0232312145174	252.039480619
0.75	0.0237308105285	252.039480619
0.75	0.0242304065397	237.368427217
0.75	0.0247300025508	237.368427217
0.75	0.0252295985619	237.368427217
0.75	0.025729194573	237.368427217
0.75	0.0262287905842	237.368427217
0.75	0.0267283865953	237.368427217
0.75	0.0272279826064	237.368427217
0.75	0.0277275786176	237.368427217
0.75	0.0282271746287	237.368427217
0.75	0.0287267706398	237.368427217
0.75	0.0292263666509	222.697373815
0.75	0.0297259626621	222.697373815
0.75	0.0302255586732	222.697373815
0.75	0.0307251546843	222.697373815
0.75	0.0312247506954	222.697373815
0.75	0.0317243467066	222.697373815
0.75	0.0322239427177	208.026320413
0.75	0.0327235387288	208.026320413
0.75	0.0332231347399	208.026320413
0.75	0.0337227307511	208.026320413
0.75	0.0342223267622	208.026320413
0.75	0.0347219227733	208.026320413
0.75	0.0352215187845	193.355267011
0.75	0.0357211147956	193.355267011
0.75	0.0362207108067	193.355267011
0.75	0.0367203068178	193.355267011
0.75	0.037219902829	193.355267011
0.75	0.0377194988401	193.355267011
0.75	0.0382190948512	193.355267011
0.75	0.0387186908623	193.355267011
0.75	0.0392182868735	193.355267011
0.75	0.0397178828846	193.355267011
0.75	0.0402174788957	193.355267011
0.75	0.0407170749069	178.684213608
0.75	0.041216670918	193.355267011
0.75	0.0417162669291	193.355267011
0.75	0.0422158629402	193.355267011
0.75	0.0427154589514	193.355267011
0.75	0.0432150549625	193.355267011
0.75	0.0437146509736	178.684213608
0.75	0.0442142469847	178.684213608
0.75	0.0447138429959	178.684213608
0.75	0.045213439007	178.684213608
0.75	0.0457130350181	164.013160206
0.75	0.0462126310293	164.013160206
0.75	0.0467122270404	164.013160206
0.75	0.0472118230515	164.013160206
0.75	0.0477114190626	164.013160206
0.75	0.0482110150738	164.013160206
0.75	0.0487106110849	164.013160206
0.75	0.049210207096	164.013160206
0.75	0.0497098031071	164.013160206
0.875	0.000249798005564	296.052640825
0.875	0.000749394016691	296.052640825
0.875	0.00124899002782	296.052640825
0.875	0.00174858603894	325.39474763
0.875	0.00224818205007	325.39474763
0.875	0.0027477780612	325.39474763
0.875	0.00324737407233	325.39474763
0.875	0.00374697008345	325.39474763
0.875	0.00424656609458	325.39474763
0.875	0.00474616210571	325.39474763
0.875	0.00524575811683	310.723694228
0.875	0.00574535412796	325.39474763
0.875	0.00624495013909	325.39474763
0.875	0.00674454615022	325.39474763
0.875	0.00724414216134	325.39474763
0.875	0.00774373817247	325.39474763
0.875	0.0082433341836	310.723694228
0.875	0.00874293019472	310.723694228
0.875	0.00924252620585	310.723694228
0.875	0.00974212221698	310.723694228
0.875	0.0102417182281	296.052640825
0.875	0.0107413142392	296.052640825
0.875	0.0112409102504	310.723694228
0.875	0.0117405062615	310.723694228
0.875	0.0122401022726	310.723694228
0.875	0.0127396982837	310.723694228
0.875	0.0132392942949	310.723694228
0.875	0.013738890306	296.052640825
0.875	0.0142384863171	296.052640825
0.875	0.0147380823282	296.052640825
0.875	0.0152376783394	296.052640825
0.875	0.0157372743505	296.052640825
0.875	0.0162368703616	281.381587423
0.875	0.0167364663728	281.381587423
0.875	0.0172360623839	281.381587423
0.875	0.017735658395	266.710534021
0.875	0.0182352544061	266.710534021
0.875	0.0187348504173	266.710534021
0.875	0.0192344464284	266.710534021
0.875	0.0197340424395	266.710534021
0.875	0.0202336384506	266.710534021
0.875	0.0207332344618	266.710534021
0.875	0.0212328304729	266.710534021
0.875	0.021732426484	266.710534021
0.875	0.0222320224952	252.039480619
0.875	0.0227316185063	252.039480619
0.875	0.0232312145174	252.039480619
0.875	0.0237308105285	237.368427217
0.875	0.0242304065397	237.368427217
0.875	0.0247300025508	237.368427217
0.875	0.0252295985619	237.368427217
0.875	0.025729194573	237.368427217
0.875	0.0262287905842	237.368427217
0.875	0.0267283865953	237.368427217
0.875	0.0272279826064	237.368427217
0.875	0.0277275786176	237.368427217
0.875	0.0282271746287	237.368427217
0.875	0.0287267706398	237.368427217
0.875	0.0292263666509	222.697373815
0.875	0.0297259626621	222.697373815
0.875	0.0302255586732	208.026320413
0.875	0.0307251546843	208.026320413
0.875	0.0312247506954	208.026320413
0.875	0.0317243467066	208.026320413
0.875	0.0322239427177	208.026320413
0.875	0.0327235387288	208.026320413
0.875	0.0332231347399	208.026320413
0.875	0.0337227307511	208.026320413
0.875	0.0342223267622	208.026320413
0.875	0.0347219227733	208.026320413
0.875	0.0352215187845	208.026320413
0.875	0.0357211147956	208.026320413
0.875	0.0362207108067	208.026320413
0.875	0.0367203068178	208.026320413
0.875	0.037219902829	208.026320413
0.875	0.0377194988401	193.355267011
0.875	0.0382190948512	193.355267011
0.875	0.0387186908623	193.355267011
0.875	0.0392182868735	193.355267011
0.875	0.0397178828846	193.355267011
0.875	0.0402174788957	193.355267011
0.875	0.0407170749069	178.684213608
0.875	0.041216670918	178.684213608
0.875	0.0417162669291	178.684213608
0.875	0.0422158629402	178.684213608
0.875	0.0427154589514	178.684213608
0.875	0.0432150549625	178.684213608
0.875	0.0437146509736	178.684213608
0.875	0.0442142469847	178.684213608
0.875	0.0447138429959	178.684213608
0.875	0.045213439007	164.013160206
0.875	0.0457130350181	164.013160206
0.875	0.0462126310293	164.013160206
0.875	0.0467122270404	164.013160206
0.875	0.0472118230515	164.013160206
0.875	0.0477114190626	164.013160206
0.875	0.0482110150738	164.013160206
0.875	0.0487106110849	164.013160206
0.875	0.049210207096	164.013160206
0.875	0.0497098031071	164.013160206
1	0.000249798005564	296.052640825
1	0.000749394016691	310.723694228
1	0.00124899002782	310.723694228
1	0.00174858603894	310.723694228
1	0.00224818205007	310.723694228
1	0.0027477780612	340.065801032
1	0.00324737407233	340.065801032
1	0.00374697008345	340.065801032
1	0.00424656609458	340.065801032
1	0.00474616210571	340.065801032
1	0.00524575811683	310.723694228
1	0.00574535412796	310.723694228
1	0.00624495013909	310.723694228
1	0.00674454615022	310.723694228
1	0.00724414216134	310.723694228
1	0.00774373817247	310.723694228
1	0.0082433341836	310.723694228
1	0.00874293019472	325.39474763
1	0.00924252620585	325.39474763
1	0.00974212221698	325.39474763
1	0.0102417182281	325.39474763
1	0.0107413142392	325.39474763
1	0.0112409102504	310.723694228
1	0.0117405062615	310.723694228
1	0.0122401022726	310.723694228
1	0.0127396982837	296.052640825
1	0.0132392942949	296.052640825
1	0.013738890306	296.052640825
1	0.0142384863171	296.052640825
1	0.0147380823282	296.052640825
1	0.0152376783394	281.381587423
1	0.0157372743505	281.381587423
1	0.0162368703616	281.381587423
1	0.0167364663728	281.381587423
1	0.0172360623839	281.381587423
1	0.017735658395	281.381587423
1	0.0182352544061	281.381587423
1	0.0187348504173	281.381587423
1	0.0192344464284	281.381587423
1	0.0197340424395	281.381587423
1	0.0202336384506	252.039480619
1	0.0207332344618	252.039480619
1	0.0212328304729	252.039480619
1	0.021732426484	252.039480619
1	0.0222320224952	252.039480619
1	0.0227316185063	252.039480619
1	0.0232312145174	252.039480619
1	0.0237308105285	252.039480619
1	0.0242304065397	252.039480619
1	0.0247300025508	237.368427217
1	0.0252295985619	237.368427217
1	0.025729194573	237.368427217
1	0.0262287905842	237.368427217
1	0.0267283865953	222.697373815
1	0.0272279826064	222.697373815
1	0.0277275786176	222.697373815
1	0.0282271746287	222.697373815
1	0.0287267706398	222.697373815
1	0.0292263666509	222.697373815
1	0.0297259626621	222.697373815
1	0.0302255586732	222.697373815
1	0.0307251546843	222.697373815
1	0.0312247506954	222.697373815
1	0.0317243467066	222.697373815
1	0.0322239427177	222.697373815
1	0.0327235387288	222.697373815
1	0.0332231347399	222.697373815
1	0.0337227307511	222.697373815
1	0.0342223267622	222.697373815
1	0.0347219227733	222.697373815
1	0.0352215187845	222.697373815
1	0.0357211147956	208.026320413
1	0.0362207108067	208.026320413
1	0.0367203068178	193.355267011
1	0.037219902829	208.026320413
1	0.0377194988401	208.026320413
1	0.0382190948512	208.026320413
1	0.0387186908623	208.026320413
1	0.0392182868735	208.026320413
1	0.0397178828846	178.684213608
1	0.0402174788957	178.684213608
1	0.0407170749069	178.684213608
1	0.041216670918	178.684213608
1	0.0417162669291	178.684213608
1	0.0422158629402	178.684213608
1	0.0427154589514	178.684213608
1	0.0432150549625	178.684213608
1	0.0437146509736	178.684213608
1	0.0442142469847	178.684213608
1	0.0447138429959	178.684213608
1	0.045213439007	178.684213608
1	0.0457130350181	178.684213608
1	0.0462126310293	178.684213608
1	0.0467122270404	178.684213608
1	0.0472118230515	164.013160206
1	0.0477114190626	164.013160206
1	0.0482110150738	164.013160206
1	0.0487106110849	164.013160206
1	0.049210207096	164.013160206
1	0.0497098031071	164.013160206
1.25	0.000249798005564	296.052640825
1.25	0.000749394016691	296.052640825
1.25	0.00124899002782	296.052640825
1.25	0.00174858603894	296.052640825
1.25	0.00224818205007	296.052640825
1.25	0.0027477780612	296.052640825
1.25	0.00324737407233	325.39474763
1.25	0.00374697008345	325.39474763
1.25	0.00424656609458	325.39474763
1.25	0.00474616210571	340.065801032
1.25	0.00524575811683	340.065801032
1.25	0.00574535412796	340.065801032
1.25	0.00624495013909	340.065801032
1.25	0.00674454615022	340.065801032
1.25	0.00724414216134	310.723694228
1.25	0.00774373817247	310.723694228
1.25	0.0082433341836	310.723694228
1.25	0.00874293019472	340.065801032
1.25	0.00924252620585	340.065801032
1.25	0.00974212221698	340.065801032
1.25	0.0102417182281	340.065801032
1.25	0.0107413142392	340.065801032
1.25	0.0112409102504	325.39474763
1.25	0.0117405062615	325.39474763
1.25	0.0122401022726	325.39474763
1.25	0.0127396982837	296.052640825
1.25	0.0132392942949	296.052640825
1.25	0.013738890306	296.052640825
1.25	0.0142384863171	296.052640825
1.25	0.0147380823282	296.052640825
1.25	0.0152376783394	296.052640825
1.25	0.0157372743505	296.052640825
1.25	0.0162368703616	281.381587423
1.25	0.0167364663728	281.381587423
1.25	0.0172360623839	281.381587423
1.25	0.017735658395	281.381587423
1.25	0.0182352544061	266.710534021
1.25	0.0187348504173	266.710534021
1.25	0.0192344464284	266.710534021
1.25	0.0197340424395	266.710534021
1.25	0.0202336384506	266.710534021
1.25	0.0207332344618	266.710534021
1.25	0.0212328304729	266.710534021
1.25	0.021732426484	266.710534021
1.25	0.0222320224952	252.039480619
1.25	0.0227316185063	252.039480619
1.25	0.0232312145174	252.039480619
1.25	0.0237308105285	237.368427217
1.25	0.0242304065397	237.368427217
1.25	0.0247300025508	237.368427217
1.25	0.0252295985619	237.368427217
1.25	0.025729194573	237.368427217
1.25	0.0262287905842	237.368427217
1.25	0.0267283865953	237.368427217
1.25	0.0272279826064	222.697373815
1.25	0.0277275786176	222.697373815
1.25	0.0282271746287	222.697373815
1.25	0.0287267706398	222.697373815
1.25	0.0292263666509	222.697373815
1.25	0.0297259626621	222.697373815
1.25	0.0302255586732	222.697373815
1.25	0.0307251546843	222.697373815
1.25	0.0312247506954	208.026320413
1.25	0.0317243467066	208.026320413
1.25	0.0322239427177	208.026320413
1.25	0.0327235387288	208.026320413
1.25	0.0332231347399	208.026320413
1.25	0.0337227307511	208.026320413
1.25	0.0342223267622	208.026320413
1.25	0.0347219227733	193.355267011
1.25	0.0352215187845	193.355267011
1.25	0.0357211147956	193.355267011
1.25	0.0362207108067	193.355267011
1.25	0.0367203068178	193.355267011
1.25	0.037219902829	193.355267011
1.25	0.0377194988401	193.355267011
1.25	0.0382190948512	193.355267011
1.25	0.0387186908623	193.355267011
1.25	0.0392182868735	208.026320413
1.25	0.0397178828846	208.026320413
1.25	0.0402174788957	208.026320413
1.25	0.0407170749069	208.026320413
1.25	0.041216670918	208.026320413
1.25	0.0417162669291	193.355267011
1.25	0.0422158629402	193.355267011
1.25	0.0427154589514	193.355267011
1.25	0.0432150549625	164.013160206
1.25	0.0437146509736	164.013160206
1.25	0.0442142469847	164.013160206
1.25	0.0447138429959	164.013160206
1.25	0.045213439007	164.013160206
1.25	0.0457130350181	164.013160206
1.25	0.0462126310293	164.013160206
1.25	0.0467122270404	164.013160206
1.25	0.0472118230515	164.013160206
1.25	0.0477114190626	164.013160206
1.25	0.0482110150738	149.342106804
1.25	0.0487106110849	149.342106804
1.25	0.049210207096	149.342106804
1.25	0.0497098031071	149.342106804
1.5	0.000249798005564	296.052640825
1.5	0.000749394016691	296.052640825
1.5	0.00124899002782	310.723694228
1.5	0.00174858603894	310.723694228
1.5	0.00224818205007	325.39474763
1.5	0.0027477780612	325.39474763
1.5	0.00324737407233	325.39474763
1.5	0.00374697008345	325.39474763
1.5	0.00424656609458	325.39474763
1.5	0.00474616210571	325.39474763
1.5	0.00524575811683	325.39474763
1.5	0.00574535412796	325.39474763
1.5	0.00624495013909	325.39474763
1.5	0.00674454615022	325.39474763
1.5	0.00724414216134	325.39474763
1.5	0.00774373817247	325.39474763
1.5	0.0082433341836	325.39474763
1.5	0.00874293019472	310.723694228
1.5	0.00924252620585	325.39474763
1.5	0.00974212221698	325.39474763
1.5	0.0102417182281	325.39474763
1.5	0.0107413142392	325.39474763
1.5	0.0112409102504	325.39474763
1.5	0.0117405062615	296.052640825
1.5	0.0122401022726	296.052640825
1.5	0.0127396982837	296.052640825
1.5	0.0132392942949	296.052640825
1.5	0.013738890306	296.052640825
1.5	0.0142384863171	296.052640825
1.5	0.0147380823282	281.381587423
1.5	0.0152376783394	281.381587423
1.5	0.0157372743505	281.381587423
1.5	0.0162368703616	281.381587423
1.5	0.0167364663728	281.381587423
1.5	0.0172360623839	281.381587423
1.5	0.017735658395	266.710534021
1.5	0.0182352544061	266.710534021
1.5	0.0187348504173	266.710534021
1.5	0.0192344464284	266.710534021
1.5	0.0197340424395	266.710534021
1.5	0.0202336384506	266.710534021
1.5	0.0207332344618	266.710534021
1.5	0.0212328304729	252.039480619
1.5	0.021732426484	252.039480619
1.5	0.0222320224952	252.039480619
1.5	0.0227316185063	252.039480619
1.5	0.0232312145174	252.039480619
1.5	0.0237308105285	252.039480619
1.5	0.0242304065397	237.368427217
1.5	0.0247300025508	237.368427217
1.5	0.0252295985619	237.368427217
1.5	0.025729194573	237.368427217
1.5	0.0262287905842	222.697373815
1.5	0.0267283865953	222.697373815
1.5	0.0272279826064	222.697373815
1.5	0.0277275786176	237.368427217
1.5	0.0282271746287	237.368427217
1.5	0.0287267706398	237.368427217
1.5	0.0292263666509	237.368427217
1.5	0.0297259626621	237.368427217
1.5	0.0302255586732	222.697373815
1.5	0.0307251546843	222.697373815
1.5	0.0312247506954	222.697373815
1.5	0.0317243467066	222.697373815
1.5	0.0322239427177	222.697373815
1.5	0.0327235387288	222.697373815
1.5	0.0332231347399	222.697373815
1.5	0.0337227307511	222.697373815
1.5	0.0342223267622	222.697373815
1.5	0.0347219227733	222.697373815
1.5	0.0352215187845	208.026320413
1.5	0.0357211147956	208.026320413
1.5	0.0362207108067	208.026320413
1.5	0.0367203068178	208.026320413
1.5	0.037219902829	208.026320413
1.5	0.0377194988401	208.026320413
1.5	0.0382190948512	193.355267011
1.5	0.0387186908623	193.355267011
1.5	0.0392182868735	193.355267011
1.5	0.0397178828846	193.355267011
1.5	0.0402174788957	178.684213608
1.5	0.0407170749069	178.684213608
1.5	0.041216670918	178.684213608
1.5	0.0417162669291	178.684213608
1.5	0.0422158629402	178.684213608
1.5	0.0427154589514	178.684213608
1.5	0.0432150549625	178.684213608
1.5	0.0437146509736	178.684213608
1.5	0.0442142469847	178.684213608
1.5	0.0447138429959	178.684213608
1.5	0.045213439007	164.013160206
1.5	0.0457130350181	164.013160206
1.5	0.0462126310293	164.013160206
1.5	0.0467122270404	164.013160206
1.5	0.0472118230515	164.013160206
1.5	0.0477114190626	164.013160206
1.5	0.0482110150738	164.013160206
1.5	0.0487106110849	164.013160206
1.5	0.049210207096	164.013160206
1.5	0.0497098031071	164.013160206
1.75	0.000249798005564	296.052640825
1.75	0.000749394016691	296.052640825
1.75	0.00124899002782	296.052640825
1.75	0.00174858603894	296.052640825
1.75	0.00224818205007	310.723694228
1.75	0.0027477780612	310.723694228
1.75	0.00324737407233	310.723694228
1.75	0.00374697008345	310.723694228
1.75	0.00424656609458	310.723694228
1.75	0.00474616210571	310.723694228
1.75	0.00524575811683	310.723694228
1.75	0.00574535412796	310.723694228
1.75	0.00624495013909	310.723694228
1.75	0.00674454615022	310.723694228
1.75	0.00724414216134	310.723694228
1.75	0.00774373817247	310.723694228
1.75	0.0082433341836	310.723694228
1.75	0.00874293019472	310.723694228
1.75	0.00924252620585	310.723694228
1.75	0.00974212221698	310.723694228
1.75	0.0102417182281	310.723694228
1.75	0.0107413142392	310.723694228
1.75	0.0112409102504	310.723694228
1.75	0.0117405062615	296.052640825
1.75	0.0122401022726	296.052640825
1.75	0.0127396982837	296.052640825
1.75	0.0132392942949	296.052640825
1.75	0.013738890306	296.052640825
1.75	0.0142384863171	281.381587423
1.75	0.0147380823282	281.381587423
1.75	0.0152376783394	296.052640825
1.75	0.0157372743505	296.052640825
1.75	0.0162368703616	296.052640825
1.75	0.0167364663728	296.052640825
1.75	0.0172360623839	296.052640825
1.75	0.017735658395	281.381587423
1.75	0.0182352544061	281.381587423
1.75	0.0187348504173	266.710534021
1.75	0.0192344464284	281.381587423
1.75	0.0197340424395	281.381587423
1.75	0.0202336384506	281.381587423
1.75	0.0207332344618	281.381587423
1.75	0.0212328304729	281.381587423
1.75	0.021732426484	252.039480619
1.75	0.0222320224952	252.039480619
1.75	0.0227316185063	252.039480619
1.75	0.0232312145174	252.039480619
1.75	0.0237308105285	252.039480619
1.75	0.0242304065397	252.039480619
1.75	0.0247300025508	252.039480619
1.75	0.0252295985619	237.368427217
1.75	0.025729194573	237.368427217
1.75	0.0262287905842	237.368427217
1.75	0.0267283865953	237.368427217
1.75	0.0272279826064	237.368427217
1.75	0.0277275786176	222.697373815
1.75	0.0282271746287	222.697373815
1.75	0.0287267706398	222.697373815
1.75	0.0292263666509	222.697373815
1.75	0.0297259626621	222.697373815
1.75	0.0302255586732	222.697373815
1.75	0.0307251546843	222.697373815
1.75	0.0312247506954	222.697373815
1.75	0.0317243467066	222.697373815
1.75	0.0322239427177	208.026320413
1.75	0.0327235387288	208.026320413
1.75	0.0332231347399	208.026320413
1.75	0.0337227307511	208.026320413
1.75	0.0342223267622	208.026320413
1.75	0.0347219227733	208.026320413
1.75	0.0352215187845	208.026320413
1.75	0.0357211147956	193.355267011
1.75	0.0362207108067	193.355267011
1.75	0.0367203068178	193.355267011
1.75	0.037219902829	193.355267011
1.75	0.0377194988401	193.355267011
1.75	0.0382190948512	193.355267011
1.75	0.0387186908623	193.355267011
1.75	0.0392182868735	193.355267011
1.75	0.0397178828846	193.355267011
1.75	0.0402174788957	193.355267011
1.75	0.0407170749069	193.355267011
1.75	0.041216670918	193.355267011
1.75	0.0417162669291	193.355267011
1.75	0.0422158629402	193.355267011
1.75	0.0427154589514	178.684213608
1.75	0.0432150549625	178.684213608
1.75	0.0437146509736	178.684213608
1.75	0.0442142469847	178.684213608
1.75	0.0447138429959	178.684213608
1.75	0.045213439007	178.684213608
1.75	0.0457130350181	178.684213608
1.75	0.0462126310293	178.684213608
1.75	0.0467122270404	178.684213608
1.75	0.0472118230515	164.013160206
1.75	0.0477114190626	164.013160206
1.75	0.0482110150738	164.013160206
1.75	0.0487106110849	164.013160206
1.75	0.049210207096	164.013160206
1.75	0.0497098031071	164.013160206
2	0.000249798005564	310.723694228
2	0.000749394016691	340.065801032
2	0.00124899002782	340.065801032
2	0.00174858603894	340.065801032
2	0.00224818205007	340.065801032
2	0.0027477780612	340.065801032
2	0.00324737407233	325.39474763
2	0.00374697008345	325.39474763
2	0.00424656609458	325.39474763
2	0.00474616210571	325.39474763
2	0.00524575811683	325.39474763
2	0.00574535412796	325.39474763
2	0.00624495013909	325.39474763
2	0.00674454615022	325.39474763
2	0.00724414216134	325.39474763
2	0.00774373817247	325.39474763
2	0.0082433341836	310.723694228
2	0.00874293019472	310.723694228
2	0.00924252620585	310.723694228
2	0.00974212221698	310.723694228
2	0.0102417182281	310.723694228
2	0.0107413142392	296.052640825
2	0.0112409102504	296.052640825
2	0.0117405062615	296.052640825
2	0.0122401022726	310.723694228
2	0.0127396982837	310.723694228
2	0.0132392942949	310.723694228
2	0.013738890306	310.723694228
2	0.0142384863171	310.723694228
2	0.0147380823282	296.052640825
2	0.0152376783394	296.052640825
2	0.0157372743505	296.052640825
2	0.0162368703616	296.052640825
2	0.0167364663728	296.052640825
2	0.0172360623839	296.052640825
2	0.017735658395	296.052640825
2	0.0182352544061	296.052640825
2	0.0187348504173	296.052640825
2	0.0192344464284	266.710534021
2	0.0197340424395	266.710534021
2	0.0202336384506	266.710534021
2	0.0207332344618	281.381587423
2	0.0212328304729	281.381587423
2	0.021732426484	281.381587423
2	0.0222320224952	281.381587423
2	0.0227316185063	281.381587423
2	0.0232312145174	252.039480619
2	0.0237308105285	237.368427217
2	0.0242304065397	237.368427217
2	0.0247300025508	237.368427217
2	0.0252295985619	237.368427217
2	0.025729194573	252.039480619
2	0.0262287905842	252.039480619
2	0.0267283865953	252.039480619
2	0.0272279826064	252.039480619
2	0.0277275786176	252.039480619
2	0.0282271746287	237.368427217
2	0.0287267706398	237.368427217
2	0.0292263666509	222.697373815
2	0.0297259626621	222.697373815
2	0.0302255586732	222.697373815
2	0.0307251546843	222.697373815
2	0.0312247506954	222.697373815
2	0.0317243467066	208.026320413
2	0.0322239427177	208.026320413
2	0.0327235387288	208.026320413
2	0.0332231347399	208.026320413
2	0.0337227307511	208.026320413
2	0.0342223267622	208.026320413
2	0.0347219227733	208.026320413
2	0.0352215187845	208.026320413
2	0.0357211147956	193.355267011
2	0.0362207108067	193.355267011
2	0.0367203068178	193.355267011
2	0.037219902829	193.355267011
2	0.0377194988401	208.026320413
2	0.0382190948512	208.026320413
2	0.0387186908623	208.026320413
2	0.0392182868735	208.026320413
2	0.0397178828846	208.026320413
2	0.0402174788957	193.355267011
2	0.0407170749069	193.355267011
2	0.041216670918	193.355267011
2	0.0417162669291	178.684213608
2	0.0422158629402	178.684213608
2	0.0427154589514	164.013160206
2	0.0432150549625	178.684213608
2	0.0437146509736	178.684213608
2	0.0442142469847	178.684213608
2	0.0447138429959	178.684213608
2	0.045213439007	178.684213608
2	0.0457130350181	164.013160206
2	0.0462126310293	164.013160206
2	0.0467122270404	164.013160206
2	0.0472118230515	164.013160206
2	0.0477114190626	164.013160206
2	0.0482110150738	164.013160206
2	0.0487106110849	149.342106804
2	0.049210207096	149.342106804
2	0.0497098031071	149.342106804
2.25	0.000249798005564	296.052640825
2.25	0.000749394016691	310.723694228
2.25	0.00124899002782	310.723694228
2.25	0.00174858603894	310.723694228
2.25	0.00224818205007	310.723694228
2.25	0.0027477780612	310.723694228
2.25	0.00324737407233	310.723694228
2.25	0.00374697008345	310.723694228
2.25	0.00424656609458	310.723694228
2.25	0.00474616210571	310.723694228
2.25	0.00524575811683	310.723694228
2.25	0.00574535412796	310.723694228
2.25	0.00624495013909	310.723694228
2.25	0.00674454615022	310.723694228
2.25	0.00724414216134	310.723694228
2.25	0.00774373817247	310.723694228
2.25	0.0082433341836	310.723694228
2.25	0.00874293019472	310.723694228
2.25	0.00924252620585	310.723694228
2.25	0.00974212221698	310.723694228
2.25	0.0102417182281	310.723694228
2.25	0.0107413142392	310.723694228
2.25	0.0112409102504	310.723694228
2.25	0.0117405062615	310.723694228
2.25	0.0122401022726	296.052640825
2.25	0.0127396982837	281.381587423
2.25	0.0132392942949	281.381587423
2.25	0.013738890306	281.381587423
2.25	0.0142384863171	281.381587423
2.25	0.0147380823282	281.381587423
2.25	0.0152376783394	281.381587423
2.25	0.0157372743505	281.381587423
2.25	0.0162368703616	281.381587423
2.25	0.0167364663728	281.381587423
2.25	0.0172360623839	281.381587423
2.25	0.017735658395	266.710534021
2.25	0.0182352544061	266.710534021
2.25	0.0187348504173	266.710534021
2.25	0.0192344464284	266.710534021
2.25	0.0197340424395	266.710534021
2.25	0.0202336384506	266.710534021
2.25	0.0207332344618	281.381587423
2.25	0.0212328304729	281.381587423
2.25	0.021732426484	281.381587423
2.25	0.0222320224952	281.381587423
2.25	0.0227316185063	281.381587423
2.25	0.0232312145174	252.039480619
2.25	0.0237308105285	252.039480619
2.25	0.0242304065397	252.039480619
2.25	0.0247300025508	252.039480619
2.25	0.0252295985619	237.368427217
2.25	0.025729194573	237.368427217
2.25	0.0262287905842	237.368427217
2.25	0.0267283865953	237.368427217
2.25	0.0272279826064	237.368427217
2.25	0.0277275786176	237.368427217
2.25	0.0282271746287	237.368427217
2.25	0.0287267706398	222.697373815
2.25	0.0292263666509	222.697373815
2.25	0.0297259626621	222.697373815
2.25	0.0302255586732	222.697373815
2.25	0.0307251546843	222.697373815
2.25	0.0312247506954	222.697373815
2.25	0.0317243467066	222.697373815
2.25	0.0322239427177	222.697373815
2.25	0.0327235387288	222.697373815
2.25	0.0332231347399	208.026320413
2.25	0.0337227307511	193.355267011
2.25	0.0342223267622	193.355267011
2.25	0.0347219227733	193.355267011
2.25	0.0352215187845	193.355267011
2.25	0.0357211147956	222.697373815
2.25	0.0362207108067	222.697373815
2.25	0.0367203068178	222.697373815
2.25	0.037219902829	222.697373815
2.25	0.0377194988401	222.697373815
2.25	0.0382190948512	193.355267011
2.25	0.0387186908623	193.355267011
2.25	0.0392182868735	193.355267011
2.25	0.0397178828846	193.355267011
2.25	0.0402174788957	178.684213608
2.25	0.0407170749069	178.684213608
2.25	0.041216670918	178.684213608
2.25	0.0417162669291	164.013160206
2.25	0.0422158629402	164.013160206
2.25	0.0427154589514	178.684213608
2.25	0.0432150549625	178.684213608
2.25	0.0437146509736	178.684213608
2.25	0.0442142469847	178.684213608
2.25	0.0447138429959	178.684213608
2.25	0.045213439007	164.013160206
2.25	0.0457130350181	164.013160206
2.25	0.0462126310293	164.013160206
2.25	0.0467122270404	164.013160206
2.25	0.0472118230515	164.013160206
2.25	0.0477114190626	164.013160206
2.25	0.0482110150738	164.013160206
2.25	0.0487106110849	164.013160206
2.25	0.049210207096	164.013160206
2.25	0.0497098031071	149.342106804
2.5	0.000249798005564	310.723694228
2.5	0.000749394016691	310.723694228
2.5	0.00124899002782	310.723694228
2.5	0.00174858603894	310.723694228
2.5	0.00224818205007	310.723694228
2.5	0.0027477780612	310.723694228
2.5	0.00324737407233	310.723694228
2.5	0.00374697008345	310.723694228
2.5	0.00424656609458	310.723694228
2.5	0.00474616210571	325.39474763
2.5	0.00524575811683	325.39474763
2.5	0.00574535412796	325.39474763
2.5	0.00624495013909	325.39474763
2.5	0.00674454615022	325.39474763
2.5	0.00724414216134	325.39474763
2.5	0.00774373817247	325.39474763
2.5	0.0082433341836	310.723694228
2.5	0.00874293019472	296.052640825
2.5	0.00924252620585	296.052640825
2.5	0.00974212221698	296.052640825
2.5	0.0102417182281	296.052640825
2.5	0.0107413142392	310.723694228
2.5	0.0112409102504	310.723694228
2.5	0.0117405062615	310.723694228
2.5	0.0122401022726	310.723694228
2.5	0.0127396982837	310.723694228
2.5	0.0132392942949	296.052640825
2.5	0.013738890306	296.052640825
2.5	0.0142384863171	296.052640825
2.5	0.0147380823282	296.052640825
2.5	0.0152376783394	296.052640825
2.5	0.0157372743505	281.381587423
2.5	0.0162368703616	281.381587423
2.5	0.0167364663728	281.381587423
2.5	0.0172360623839	281.381587423
2.5	0.017735658395	281.381587423
2.5	0.0182352544061	281.381587423
2.5	0.0187348504173	281.381587423
2.5	0.0192344464284	281.381587423
2.5	0.0197340424395	281.381587423
2.5	0.0202336384506	266.710534021
2.5	0.0207332344618	266.710534021
2.5	0.0212328304729	252.039480619
2.5	0.021732426484	252.039480619
2.5	0.0222320224952	252.039480619
2.5	0.0227316185063	237.368427217
2.5	0.0232312145174	237.368427217
2.5	0.0237308105285	237.368427217
2.5	0.0242304065397	252.039480619
2.5	0.0247300025508	252.039480619
2.5	0.0252295985619	252.039480619
2.5	0.025729194573	252.039480619
2.5	0.0262287905842	252.039480619
2.5	0.0267283865953	252.039480619
2.5	0.0272279826064	237.368427217
2.5	0.0277275786176	237.368427217
2.5	0.0282271746287	237.368427217
2.5	0.0287267706398	237.368427217
2.5	0.0292263666509	237.368427217
2.5	0.0297259626621	222.697373815
2.5	0.0302255586732	222.697373815
2.5	0.0307251546843	222.697373815
2.5	0.0312247506954	222.697373815
2.5	0.0317243467066	222.697373815
2.5	0.0322239427177	208.026320413
2.5	0.0327235387288	208.026320413
2.5	0.0332231347399	208.026320413
2.5	0.0337227307511	208.026320413
2.5	0.0342223267622	208.026320413
2.5	0.0347219227733	208.026320413
2.5	0.0352215187845	193.355267011
2.5	0.0357211147956	193.355267011
2.5	0.0362207108067	193.355267011
2.5	0.0367203068178	193.355267011
2.5	0.037219902829	193.355267011
2.5	0.0377194988401	193.355267011
2.5	0.0382190948512	193.355267011
2.5	0.0387186908623	193.355267011
2.5	0.0392182868735	193.355267011
2.5	0.0397178828846	193.355267011
2.5	0.0402174788957	193.355267011
2.5	0.0407170749069	193.355267011
2.5	0.041216670918	193.355267011
2.5	0.0417162669291	178.684213608
2.5	0.0422158629402	178.684213608
2.5	0.0427154589514	178.684213608
2.5	0.0432150549625	164.013160206
2.5	0.0437146509736	164.013160206
2.5	0.0442142469847	164.013160206
2.5	0.0447138429959	164.013160206
2.5	0.045213439007	164.013160206
2.5	0.0457130350181	164.013160206
2.5	0.0462126310293	164.013160206
2.5	0.0467122270404	164.013160206
2.5	0.0472118230515	164.013160206
2.5	0.0477114190626	164.013160206
2.5	0.0482110150738	164.013160206
2.5	0.0487106110849	164.013160206
2.5	0.049210207096	149.342106804
2.5	0.0497098031071	149.342106804
2.75	0.000249798005564	296.052640825
2.75	0.000749394016691	296.052640825
2.75	0.00124899002782	296.052640825
2.75	0.00174858603894	310.723694228
2.75	0.00224818205007	310.723694228
2.75	0.0027477780612	310.723694228
2.75	0.00324737407233	310.723694228
2.75	0.00374697008345	310.723694228
2.75	0.00424656609458	310.723694228
2.75	0.00474616210571	310.723694228
2.75	0.00524575811683	325.39474763
2.75	0.00574535412796	325.39474763
2.75	0.00624495013909	325.39474763
2.75	0.00674454615022	325.39474763
2.75	0.00724414216134	325.39474763
2.75	0.00774373817247	310.723694228
2.75	0.0082433341836	310.723694228
2.75	0.00874293019472	310.723694228
2.75	0.00924252620585	310.723694228
2.75	0.00974212221698	310.723694228
2.75	0.0102417182281	310.723694228
2.75	0.0107413142392	310.723694228
2.75	0.0112409102504	310.723694228
2.75	0.0117405062615	310.723694228
2.75	0.0122401022726	296.052640825
2.75	0.0127396982837	296.052640825
2.75	0.0132392942949	296.052640825
2.75	0.013738890306	296.052640825
2.75	0.0142384863171	281.381587423
2.75	0.0147380823282	281.381587423
2.75	0.0152376783394	281.381587423
2.75	0.0157372743505	281.381587423
2.75	0.0162368703616	281.381587423
2.75	0.0167364663728	281.381587423
2.75	0.0172360623839	281.381587423
2.75	0.017735658395	281.381587423
2.75	0.0182352544061	281.381587423
2.75	0.0187348504173	281.381587423
2.75	0.0192344464284	266.710534021
2.75	0.0197340424395	266.710534021
2.75	0.0202336384506	266.710534021
2.75	0.0207332344618	266.710534021
2.75	0.0212328304729	266.710534021
2.75	0.021732426484	266.710534021
2.75	0.0222320224952	252.039480619
2.75	0.0227316185063	252.039480619
2.75	0.0232312145174	252.039480619
2.75	0.0237308105285	252.039480619
2.75	0.0242304065397	252.039480619
2.75	0.0247300025508	237.368427217
2.75	0.0252295985619	237.368427217
2.75	0.025729194573	237.368427217
2.75	0.0262287905842	237.368427217
2.75	0.0267283865953	237.368427217
2.75	0.0272279826064	237.368427217
2.75	0.0277275786176	237.368427217
2.75	0.0282271746287	237.368427217
2.75	0.0287267706398	237.368427217
2.75	0.0292263666509	237.368427217
2.75	0.0297259626621	222.697373815
2.75	0.0302255586732	222.697373815
2.75	0.0307251546843	222.697373815
2.75	0.0312247506954	208.026320413
2.75	0.0317243467066	208.026320413
2.75	0.0322239427177	208.026320413
2.75	0.0327235387288	208.026320413
2.75	0.0332231347399	208.026320413
2.75	0.0337227307511	208.026320413
2.75	0.0342223267622	208.026320413
2.75	0.0347219227733	208.026320413
2.75	0.0352215187845	208.026320413
2.75	0.0357211147956	208.026320413
2.75	0.0362207108067	208.026320413
2.75	0.0367203068178	208.026320413
2.75	0.037219902829	208.026320413
2.75	0.0377194988401	193.355267011
2.75	0.0382190948512	193.355267011
2.75	0.0387186908623	193.355267011
2.75	0.0392182868735	193.355267011
2.75	0.0397178828846	178.684213608
2.75	0.0402174788957	178.684213608
2.75	0.0407170749069	178.684213608
2.75	0.041216670918	178.684213608
2.75	0.0417162669291	178.684213608
2.75	0.0422158629402	178.684213608
2.75	0.0427154589514	164.013160206
2.75	0.0432150549625	164.013160206
2.75	0.0437146509736	164.013160206
2.75	0.0442142469847	164.013160206
2.75	0.0447138429959	164.013160206
2.75	0.045213439007	164.013160206
2.75	0.0457130350181	164.013160206
2.75	0.0462126310293	164.013160206
2.75	0.0467122270404	164.013160206
2.75	0.0472118230515	164.013160206
2.75	0.0477114190626	164.013160206
2.75	0.0482110150738	164.013160206
2.75	0.0487106110849	164.013160206
2.75	0.049210207096	164.013160206
2.75	0.0497098031071	164.013160206
3	0.000249798005564	296.052640825
3	0.000749394016691	296.052640825
3	0.00124899002782	296.052640825
3	0.00174858603894	325.39474763
3	0.00224818205007	325.39474763
3	0.0027477780612	325.39474763
3	0.00324737407233	325.39474763
3	0.00374697008345	325.39474763
3	0.00424656609458	325.39474763
3	0.00474616210571	325.39474763
3	0.00524575811683	325.39474763
3	0.00574535412796	310.723694228
3	0.00624495013909	310.723694228
3	0.00674454615022	310.723694228
3	0.00724414216134	310.723694228
3	0.00774373817247	310.723694228
3	0.0082433341836	310.723694228
3	0.00874293019472	310.723694228
3	0.00924252620585	310.723694228
3	0.00974212221698	325.39474763
3	0.0102417182281	325.39474763
3	0.0107413142392	325.39474763
3	0.0112409102504	325.39474763
3	0.0117405062615	325.39474763
3	0.0122401022726	296.052640825
3	0.0127396982837	296.052640825
3	0.0132392942949	296.052640825
3	0.013738890306	296.052640825
3	0.0142384863171	296.052640825
3	0.0147380823282	296.052640825
3	0.0152376783394	281.381587423
3	0.0157372743505	281.381587423
3	0.0162368703616	281.381587423
3	0.0167364663728	281.381587423
3	0.0172360623839	281.381587423
3	0.017735658395	281.381587423
3	0.0182352544061	281.381587423
3	0.0187348504173	266.710534021
3	0.0192344464284	266.710534021
3	0.0197340424395	266.710534021
3	0.0202336384506	252.039480619
3	0.0207332344618	252.039480619
3	0.0212328304729	252.039480619
3	0.021732426484	252.039480619
3	0.0222320224952	252.039480619
3	0.0227316185063	237.368427217
3	0.0232312145174	237.368427217
3	0.0237308105285	237.368427217
3	0.0242304065397	237.368427217
3	0.0247300025508	237.368427217
3	0.0252295985619	237.368427217
3	0.025729194573	237.368427217
3	0.0262287905842	237.368427217
3	0.0267283865953	237.368427217
3	0.0272279826064	237.368427217
3	0.0277275786176	237.368427217
3	0.0282271746287	222.697373815
3	0.0287267706398	222.697373815
3	0.0292263666509	222.697373815
3	0.0297259626621	222.697373815
3	0.0302255586732	222.697373815
3	0.0307251546843	222.697373815
3	0.0312247506954	222.697373815
3	0.0317243467066	222.697373815
3	0.0322239427177	222.697373815
3	0.0327235387288	222.697373815
3	0.0332231347399	208.026320413
3	0.0337227307511	208.026320413
3	0.0342223267622	193.355267011
3	0.0347219227733	193.355267011
3	0.0352215187845	193.355267011
3	0.0357211147956	193.355267011
3	0.0362207108067	193.355267011
3	0.0367203068178	193.355267011
3	0.037219902829	193.355267011
3	0.0377194988401	193.355267011
3	0.0382190948512	193.355267011
3	0.0387186908623	193.355267011
3	0.0392182868735	178.684213608
3	0.0397178828846	178.684213608
3	0.0402174788957	178.684213608
3	0.0407170749069	178.684213608
3	0.041216670918	178.684213608
3	0.0417162669291	178.684213608
3	0.0422158629402	178.684213608
3	0.0427154589514	178.684213608
3	0.0432150549625	178.684213608
3	0.0437146509736	178.684213608
3	0.0442142469847	178.684213608
3	0.0447138429959	178.684213608
3	0.045213439007	178.684213608
3	0.0457130350181	164.013160206
3	0.0462126310293	178.684213608
3	0.0467122270404	178.684213608
3	0.0472118230515	178.684213608
3	0.0477114190626	178.684213608
3	0.0482110150738	178.684213608
3	0.0487106110849	164.013160206
3	0.049210207096	164.013160206
3	0.0497098031071	149.342106804
3.25	0.000249798005564	310.723694228
3.25	0.000749394016691	310.723694228
3.25	0.00124899002782	310.723694228
3.25	0.00174858603894	325.39474763
3.25	0.00224818205007	325.39474763
3.25	0.0027477780612	325.39474763
3.25	0.00324737407233	325.39474763
3.25	0.00374697008345	325.39474763
3.25	0.00424656609458	325.39474763
3.25	0.00474616210571	325.39474763
3.25	0.00524575811683	325.39474763
3.25	0.00574535412796	325.39474763
3.25	0.00624495013909	325.39474763
3.25	0.00674454615022	325.39474763
3.25	0.00724414216134	325.39474763
3.25	0.00774373817247	325.39474763
3.25	0.0082433341836	325.39474763
3.25	0.00874293019472	325.39474763
3.25	0.00924252620585	325.39474763
3.25	0.00974212221698	310.723694228
3.25	0.0102417182281	310.723694228
3.25	0.0107413142392	310.723694228
3.25	0.0112409102504	296.052640825
3.25	0.0117405062615	296.052640825
3.25	0.0122401022726	296.052640825
3.25	0.0127396982837	296.052640825
3.25	0.0132392942949	296.052640825
3.25	0.013738890306	296.052640825
3.25	0.0142384863171	296.052640825
3.25	0.0147380823282	296.052640825
3.25	0.0152376783394	296.052640825
3.25	0.0157372743505	281.381587423
3.25	0.0162368703616	281.381587423
3.25	0.0167364663728	281.381587423
3.25	0.0172360623839	281.381587423
3.25	0.017735658395	281.381587423
3.25	0.0182352544061	281.381587423
3.25	0.0187348504173	281.381587423
3.25	0.0192344464284	281.381587423
3.25	0.0197340424395	281.381587423
3.25	0.0202336384506	266.710534021
3.25	0.0207332344618	252.039480619
3.25	0.0212328304729	252.039480619
3.25	0.021732426484	252.039480619
3.25	0.0222320224952	252.039480619
3.25	0.0227316185063	252.039480619
3.25	0.0232312145174	252.039480619
3.25	0.0237308105285	237.368427217
3.25	0.0242304065397	237.368427217
3.25	0.0247300025508	237.368427217
3.25	0.0252295985619	237.368427217
3.25	0.025729194573	237.368427217
3.25	0.0262287905842	237.368427217
3.25	0.0267283865953	237.368427217
3.25	0.0272279826064	237.368427217
3.25	0.0277275786176	237.368427217
3.25	0.0282271746287	222.697373815
3.25	0.0287267706398	222.697373815
3.25	0.0292263666509	222.697373815
3.25	0.0297259626621	222.697373815
3.25	0.0302255586732	222.697373815
3.25	0.0307251546843	222.697373815
3.25	0.0312247506954	208.026320413
3.25	0.0317243467066	208.026320413
3.25	0.0322239427177	208.026320413
3.25	0.0327235387288	208.026320413
3.25	0.0332231347399	208.026320413
3.25	0.0337227307511	208.026320413
3.25	0.0342223267622	208.026320413
3.25	0.0347219227733	208.026320413
3.25	0.0352215187845	208.026320413
3.25	0.0357211147956	208.026320413
3.25	0.0362207108067	193.355267011
3.25	0.0367203068178	193.355267011
3.25	0.037219902829	193.355267011
3.25	0.0377194988401	193.355267011
3.25	0.0382190948512	193.355267011
3.25	0.0387186908623	193.355267011
3.25	0.0392182868735	193.355267011
3.25	0.0397178828846	193.355267011
3.25	0.0402174788957	193.355267011
3.25	0.0407170749069	193.355267011
3.25	0.041216670918	193.355267011
3.25	0.0417162669291	193.355267011
3.25	0.0422158629402	193.355267011
3.25	0.0427154589514	178.684213608
3.25	0.0432150549625	178.684213608
3.25	0.0437146509736	178.684213608
3.25	0.0442142469847	178.684213608
3.25	0.0447138429959	164.013160206
3.25	0.045213439007	164.013160206
3.25	0.0457130350181	164.013160206
3.25	0.0462126310293	164.013160206
3.25	0.0467122270404	164.013160206
3.25	0.0472118230515	149.342106804
3.25	0.0477114190626	149.342106804
3.25	0.0482110150738	149.342106804
3.25	0.0487106110849	149.342106804
3.25	0.049210207096	164.013160206
3.25	0.0497098031071	164.013160206
3.5	0.000249798005564	296.052640825
3.5	0.000749394016691	296.052640825
3.5	0.00124899002782	310.723694228
3.5	0.00174858603894	325.39474763
3.5	0.00224818205007	325.39474763
3.5	0.0027477780612	325.39474763
3.5	0.00324737407233	325.39474763
3.5	0.00374697008345	325.39474763
3.5	0.00424656609458	325.39474763
3.5	0.00474616210571	325.39474763
3.5	0.00524575811683	325.39474763
3.5	0.00574535412796	325.39474763
3.5	0.00624495013909	325.39474763
3.5	0.00674454615022	325.39474763
3.5	0.00724414216134	325.39474763
3.5	0.00774373817247	325.39474763
3.5	0.0082433341836	325.39474763
3.5	0.00874293019472	325.39474763
3.5	0.00924252620585	325.39474763
3.5	0.00974212221698	325.39474763
3.5	0.0102417182281	325.39474763
3.5	0.0107413142392	325.39474763
3.5	0.0112409102504	310.723694228
3.5	0.0117405062615	310.723694228
3.5	0.0122401022726	310.723694228
3.5	0.0127396982837	310.723694228
3.5	0.0132392942949	296.052640825
3.5	0.013738890306	296.052640825
3.5	0.0142384863171	296.052640825
3.5	0.0147380823282	296.052640825
3.5	0.0152376783394	296.052640825
3.5	0.0157372743505	296.052640825
3.5	0.0162368703616	296.052640825
3.5	0.0167364663728	281.381587423
3.5	0.0172360623839	281.381587423
3.5	0.017735658395	266.710534021
3.5	0.0182352544061	266.710534021
3.5	0.0187348504173	266.710534021
3.5	0.0192344464284	266.710534021
3.5	0.0197340424395	266.710534021
3.5	0.0202336384506	266.710534021
3.5	0.0207332344618	266.710534021
3.5	0.0212328304729	266.710534021
3.5	0.021732426484	252.039480619
3.5	0.0222320224952	252.039480619
3.5	0.0227316185063	252.039480619
3.5	0.0232312145174	252.039480619
3.5	0.0237308105285	252.039480619
3.5	0.0242304065397	252.039480619
3.5	0.0247300025508	237.368427217
3.5	0.0252295985619	237.368427217
3.5	0.025729194573	237.368427217
3.5	0.0262287905842	237.368427217
3.5	0.0267283865953	237.368427217
3.5	0.0272279826064	237.368427217
3.5	0.0277275786176	237.368427217
3.5	0.0282271746287	237.368427217
3.5	0.0287267706398	222.697373815
3.5	0.0292263666509	222.697373815
3.5	0.0297259626621	222.697373815
3.5	0.0302255586732	222.697373815
3.5	0.0307251546843	222.697373815
3.5	0.0312247506954	208.026320413
3.5	0.0317243467066	208.026320413
3.5	0.0322239427177	208.026320413
3.5	0.0327235387288	208.026320413
3.5	0.0332231347399	208.026320413
3.5	0.0337227307511	208.026320413
3.5	0.0342223267622	208.026320413
3.5	0.0347219227733	208.026320413
3.5	0.0352215187845	208.026320413
3.5	0.0357211147956	208.026320413
3.5	0.0362207108067	208.026320413
3.5	0.0367203068178	208.026320413
3.5	0.037219902829	208.026320413
3.5	0.0377194988401	193.355267011
3.5	0.0382190948512	193.355267011
3.5	0.0387186908623	193.355267011
3.5	0.0392182868735	193.355267011
3.5	0.0397178828846	193.355267011
3.5	0.0402174788957	193.355267011
3.5	0.0407170749069	193.355267011
3.5	0.041216670918	193.355267011
3.5	0.0417162669291	193.355267011
3.5	0.0422158629402	193.355267011
3.5	0.0427154589514	193.355267011
3.5	0.0432150549625	193.355267011
3.5	0.0437146509736	178.684213608
3.5	0.0442142469847	178.684213608
3.5	0.0447138429959	164.013160206
3.5	0.045213439007	164.013160206
3.5	0.0457130350181	164.013160206
3.5	0.0462126310293	164.013160206
3.5	0.0467122270404	164.013160206
3.5	0.0472118230515	164.013160206
3.5	0.0477114190626	164.013160206
3.5	0.0482110150738	164.013160206
3.5	0.0487106110849	164.013160206
3.5	0.049210207096	164.013160206
3.5	0.0497098031071	149.342106804
3.56	0.000249798005564	310.723694228
3.56	0.000749394016691	310.723694228
3.56	0.00124899002782	340.065801032
3.56	0.00174858603894	340.065801032
3.56	0.00224818205007	340.065801032
3.56	0.0027477780612	340.065801032
3.56	0.00324737407233	340.065801032
3.56	0.00374697008345	340.065801032
3.56	0.00424656609458	340.065801032
3.56	0.00474616210571	325.39474763
3.56	0.00524575811683	325.39474763
3.56	0.00574535412796	325.39474763
3.56	0.00624495013909	325.39474763
3.56	0.00674454615022	325.39474763
3.56	0.00724414216134	310.723694228
3.56	0.00774373817247	325.39474763
3.56	0.0082433341836	325.39474763
3.56	0.00874293019472	325.39474763
3.56	0.00924252620585	325.39474763
3.56	0.00974212221698	325.39474763
3.56	0.0102417182281	310.723694228
3.56	0.0107413142392	310.723694228
3.56	0.0112409102504	310.723694228
3.56	0.0117405062615	310.723694228
3.56	0.0122401022726	310.723694228
3.56	0.0127396982837	310.723694228
3.56	0.0132392942949	310.723694228
3.56	0.013738890306	296.052640825
3.56	0.0142384863171	296.052640825
3.56	0.0147380823282	296.052640825
3.56	0.0152376783394	296.052640825
3.56	0.0157372743505	281.381587423
3.56	0.0162368703616	281.381587423
3.56	0.0167364663728	281.381587423
3.56	0.0172360623839	281.381587423
3.56	0.017735658395	281.381587423
3.56	0.0182352544061	266.710534021
3.56	0.0187348504173	266.710534021
3.56	0.0192344464284	266.710534021
3.56	0.0197340424395	252.039480619
3.56	0.0202336384506	252.039480619
3.56	0.0207332344618	252.039480619
3.56	0.0212328304729	252.039480619
3.56	0.021732426484	252.039480619
3.56	0.0222320224952	252.039480619
3.56	0.0227316185063	252.039480619
3.56	0.0232312145174	252.039480619
3.56	0.0237308105285	252.039480619
3.56	0.0242304065397	252.039480619
3.56	0.0247300025508	252.039480619
3.56	0.0252295985619	237.368427217
3.56	0.025729194573	237.368427217
3.56	0.0262287905842	237.368427217
3.56	0.0267283865953	237.368427217
3.56	0.0272279826064	237.368427217
3.56	0.0277275786176	237.368427217
3.56	0.0282271746287	237.368427217
3.56	0.0287267706398	237.368427217
3.56	0.0292263666509	237.368427217
3.56	0.0297259626621	222.697373815
3.56	0.0302255586732	222.697373815
3.56	0.0307251546843	222.697373815
3.56	0.0312247506954	222.697373815
3.56	0.0317243467066	222.697373815
3.56	0.0322239427177	222.697373815
3.56	0.0327235387288	222.697373815
3.56	0.0332231347399	222.697373815
3.56	0.0337227307511	222.697373815
3.56	0.0342223267622	222.697373815
3.56	0.0347219227733	222.697373815
3.56	0.0352215187845	222.697373815
3.56	0.0357211147956	208.026320413
3.56	0.0362207108067	193.355267011
3.56	0.0367203068178	193.355267011
3.56	0.037219902829	193.355267011
3.56	0.0377194988401	193.355267011
3.56	0.0382190948512	193.355267011
3.56	0.0387186908623	193.355267011
3.56	0.0392182868735	193.355267011
3.56	0.0397178828846	193.355267011
3.56	0.0402174788957	193.355267011
3.56	0.0407170749069	178.684213608
3.56	0.041216670918	178.684213608
3.56	0.0417162669291	178.684213608
3.56	0.0422158629402	178.684213608
3.56	0.0427154589514	178.684213608
3.56	0.0432150549625	178.684213608
3.56	0.0437146509736	164.013160206
3.56	0.0442142469847	164.013160206
3.56	0.0447138429959	164.013160206
3.56	0.045213439007	164.013160206
3.56	0.0457130350181	164.013160206
3.56	0.0462126310293	164.013160206
3.56	0.0467122270404	164.013160206
3.56	0.0472118230515	164.013160206
3.56	0.0477114190626	164.013160206
3.56	0.0482110150738	164.013160206
3.56	0.0487106110849	149.342106804
3.56	0.049210207096	149.342106804
3.56	0.0497098031071	149.342106804
3.75	0.000249798005564	325.39474763
3.75	0.000749394016691	325.39474763
3.75	0.00124899002782	325.39474763
3.75	0.00174858603894	310.723694228
3.75	0.00224818205007	310.723694228
3.75	0.0027477780612	310.723694228
3.75	0.00324737407233	325.39474763
3.75	0.00374697008345	340.065801032
3.75	0.00424656609458	340.065801032
3.75	0.00474616210571	340.065801032
3.75	0.00524575811683	340.065801032
3.75	0.00574535412796	340.065801032
3.75	0.00624495013909	310.723694228
3.75	0.00674454615022	325.39474763
3.75	0.00724414216134	325.39474763
3.75	0.00774373817247	325.39474763
3.75	0.0082433341836	325.39474763
3.75	0.00874293019472	325.39474763
3.75	0.00924252620585	325.39474763
3.75	0.00974212221698	325.39474763
3.75	0.0102417182281	325.39474763
3.75	0.0107413142392	325.39474763
3.75	0.0112409102504	325.39474763
3.75	0.0117405062615	325.39474763
3.75	0.0122401022726	325.39474763
3.75	0.0127396982837	310.723694228
3.75	0.0132392942949	310.723694228
3.75	0.013738890306	296.052640825
3.75	0.0142384863171	296.052640825
3.75	0.0147380823282	296.052640825
3.75	0.0152376783394	296.052640825
3.75	0.0157372743505	296.052640825
3.75	0.0162368703616	296.052640825
3.75	0.0167364663728	296.052640825
3.75	0.0172360623839	296.052640825
3.75	0.017735658395	296.052640825
3.75	0.0182352544061	296.052640825
3.75	0.0187348504173	266.710534021
3.75	0.0192344464284	266.710534021
3.75	0.0197340424395	266.710534021
3.75	0.0202336384506	266.710534021
3.75	0.0207332344618	266.710534021
3.75	0.0212328304729	266.710534021
3.75	0.021732426484	266.710534021
3.75	0.0222320224952	252.039480619
3.75	0.0227316185063	252.039480619
3.75	0.0232312145174	252.039480619
3.75	0.0237308105285	252.039480619
3.75	0.0242304065397	252.039480619
3.75	0.0247300025508	266.710534021
3.75	0.0252295985619	266.710534021
3.75	0.025729194573	266.710534021
3.75	0.0262287905842	266.710534021
3.75	0.0267283865953	266.710534021
3.75	0.0272279826064	237.368427217
3.75	0.0277275786176	237.368427217
3.75	0.0282271746287	237.368427217
3.75	0.0287267706398	237.368427217
3.75	0.0292263666509	237.368427217
3.75	0.0297259626621	222.697373815
3.75	0.0302255586732	222.697373815
3.75	0.0307251546843	208.026320413
3.75	0.0312247506954	208.026320413
3.75	0.0317243467066	222.697373815
3.75	0.0322239427177	222.697373815
3.75	0.0327235387288	222.697373815
3.75	0.0332231347399	222.697373815
3.75	0.0337227307511	222.697373815
3.75	0.0342223267622	208.026320413
3.75	0.0347219227733	208.026320413
3.75	0.0352215187845	208.026320413
3.75	0.0357211147956	208.026320413
3.75	0.0362207108067	193.355267011
3.75	0.0367203068178	193.355267011
3.75	0.037219902829	193.355267011
3.75	0.0377194988401	193.355267011
3.75	0.0382190948512	193.355267011
3.75	0.0387186908623	193.355267011
3.75	0.0392182868735	193.355267011
3.75	0.0397178828846	193.355267011
3.75	0.0402174788957	193.355267011
3.75	0.0407170749069	178.684213608
3.75	0.041216670918	178.684213608
3.75	0.0417162669291	178.684213608
3.75	0.0422158629402	178.684213608
3.75	0.0427154589514	178.684213608
3.75	0.0432150549625	178.684213608
3.75	0.0437146509736	178.684213608
3.75	0.0442142469847	178.684213608
3.75	0.0447138429959	178.684213608
3.75	0.045213439007	178.684213608
3.75	0.0457130350181	164.013160206
3.75	0.0462126310293	164.013160206
3.75	0.0467122270404	164.013160206
3.75	0.0472118230515	164.013160206
3.75	0.0477114190626	164.013160206
3.75	0.0482110150738	164.013160206
3.75	0.0487106110849	164.013160206
3.75	0.049210207096	164.013160206
3.75	0.0497098031071	164.013160206
3.84	0.000249798005564	296.052640825
3.84	0.000749394016691	310.723694228
3.84	0.00124899002782	310.723694228
3.84	0.00174858603894	325.39474763
3.84	0.00224818205007	325.39474763
3.84	0.0027477780612	325.39474763
3.84	0.00324737407233	325.39474763
3.84	0.00374697008345	325.39474763
3.84	0.00424656609458	310.723694228
3.84	0.00474616210571	310.723694228
3.84	0.00524575811683	310.723694228
3.84	0.00574535412796	310.723694228
3.84	0.00624495013909	310.723694228
3.84	0.00674454615022	310.723694228
3.84	0.00724414216134	310.723694228
3.84	0.00774373817247	310.723694228
3.84	0.0082433341836	310.723694228
3.84	0.00874293019472	310.723694228
3.84	0.00924252620585	310.723694228
3.84	0.00974212221698	310.723694228
3.84	0.0102417182281	310.723694228
3.84	0.0107413142392	310.723694228
3.84	0.0112409102504	310.723694228
3.84	0.0117405062615	310.723694228
3.84	0.0122401022726	310.723694228
3.84	0.0127396982837	310.723694228
3.84	0.0132392942949	296.052640825
3.84	0.013738890306	296.052640825
3.84	0.0142384863171	296.052640825
3.84	0.0147380823282	296.052640825
3.84	0.0152376783394	296.052640825
3.84	0.0157372743505	296.052640825
3.84	0.0162368703616	281.381587423
3.84	0.0167364663728	296.052640825
3.84	0.0172360623839	296.052640825
3.84	0.017735658395	296.052640825
3.84	0.0182352544061	296.052640825
3.84	0.0187348504173	296.052640825
3.84	0.0192344464284	281.381587423
3.84	0.0197340424395	281.381587423
3.84	0.0202336384506	281.381587423
3.84	0.0207332344618	266.710534021
3.84	0.0212328304729	252.039480619
3.84	0.021732426484	252.039480619
3.84	0.0222320224952	252.039480619
3.84	0.0227316185063	252.039480619
3.84	0.0232312145174	252.039480619
3.84	0.0237308105285	252.039480619
3.84	0.0242304065397	237.368427217
3.84	0.0247300025508	237.368427217
3.84	0.0252295985619	237.368427217
3.84	0.025729194573	237.368427217
3.84	0.0262287905842	237.368427217
3.84	0.0267283865953	237.368427217
3.84	0.0272279826064	237.368427217
3.84	0.0277275786176	237.368427217
3.84	0.0282271746287	237.368427217
3.84	0.0287267706398	237.368427217
3.84	0.0292263666509	237.368427217
3.84	0.0297259626621	237.368427217
3.84	0.0302255586732	237.368427217
3.84	0.0307251546843	237.368427217
3.84	0.0312247506954	237.368427217
3.84	0.0317243467066	237.368427217
3.84	0.0322239427177	222.697373815
3.84	0.0327235387288	222.697373815
3.84	0.0332231347399	222.697373815
3.84	0.0337227307511	208.026320413
3.84	0.0342223267622	208.026320413
3.84	0.0347219227733	208.026320413
3.84	0.0352215187845	208.026320413
3.84	0.0357211147956	193.355267011
3.84	0.0362207108067	193.355267011
3.84	0.0367203068178	193.355267011
3.84	0.037219902829	193.355267011
3.84	0.0377194988401	193.355267011
3.84	0.0382190948512	193.355267011
3.84	0.0387186908623	178.684213608
3.84	0.0392182868735	178.684213608
3.84	0.0397178828846	178.684213608
3.84	0.0402174788957	178.684213608
3.84	0.0407170749069	193.355267011
3.84	0.041216670918	193.355267011
3.84	0.0417162669291	193.355267011
3.84	0.0422158629402	193.355267011
3.84	0.0427154589514	193.355267011
3.84	0.0432150549625	178.684213608
3.84	0.0437146509736	178.684213608
3.84	0.0442142469847	178.684213608
3.84	0.0447138429959	178.684213608
3.84	0.045213439007	164.013160206
3.84	0.0457130350181	164.013160206
3.84	0.0462126310293	178.684213608
3.84	0.0467122270404	178.684213608
3.84	0.0472118230515	178.684213608
3.84	0.0477114190626	178.684213608
3.84	0.0482110150738	178.684213608
3.84	0.0487106110849	164.013160206
3.84	0.049210207096	164.013160206
3.84	0.0497098031071	164.013160206
3.87	0.000249798005564	310.723694228
3.87	0.000749394016691	310.723694228
3.87	0.00124899002782	310.723694228
3.87	0.00174858603894	325.39474763
3.87	0.00224818205007	325.39474763
3.87	0.0027477780612	325.39474763
3.87	0.00324737407233	325.39474763
3.87	0.00374697008345	325.39474763
3.87	0.00424656609458	325.39474763
3.87	0.00474616210571	325.39474763
3.87	0.00524575811683	325.39474763
3.87	0.00574535412796	325.39474763
3.87	0.00624495013909	325.39474763
3.87	0.00674454615022	325.39474763
3.87	0.00724414216134	325.39474763
3.87	0.00774373817247	325.39474763
3.87	0.0082433341836	325.39474763
3.87	0.00874293019472	325.39474763
3.87	0.00924252620585	325.39474763
3.87	0.00974212221698	310.723694228
3.87	0.0102417182281	310.723694228
3.87	0.0107413142392	310.723694228
3.87	0.0112409102504	310.723694228
3.87	0.0117405062615	310.723694228
3.87	0.0122401022726	310.723694228
3.87	0.0127396982837	310.723694228
3.87	0.0132392942949	310.723694228
3.87	0.013738890306	310.723694228
3.87	0.0142384863171	296.052640825
3.87	0.0147380823282	296.052640825
3.87	0.0152376783394	296.052640825
3.87	0.0157372743505	296.052640825
3.87	0.0162368703616	281.381587423
3.87	0.0167364663728	281.381587423
3.87	0.0172360623839	281.381587423
3.87	0.017735658395	281.381587423
3.87	0.0182352544061	281.381587423
3.87	0.0187348504173	281.381587423
3.87	0.0192344464284	266.710534021
3.87	0.0197340424395	266.710534021
3.87	0.0202336384506	266.710534021
3.87	0.0207332344618	266.710534021
3.87	0.0212328304729	266.710534021
3.87	0.021732426484	252.039480619
3.87	0.0222320224952	252.039480619
3.87	0.0227316185063	252.039480619
3.87	0.0232312145174	252.039480619
3.87	0.0237308105285	252.039480619
3.87	0.0242304065397	237.368427217
3.87	0.0247300025508	237.368427217
3.87	0.0252295985619	237.368427217
3.87	0.025729194573	252.039480619
3.87	0.0262287905842	252.039480619
3.87	0.0267283865953	252.039480619
3.87	0.0272279826064	252.039480619
3.87	0.0277275786176	252.039480619
3.87	0.0282271746287	237.368427217
3.87	0.0287267706398	237.368427217
3.87	0.0292263666509	237.368427217
3.87	0.0297259626621	222.697373815
3.87	0.0302255586732	222.697373815
3.87	0.0307251546843	222.697373815
3.87	0.0312247506954	222.697373815
3.87	0.0317243467066	222.697373815
3.87	0.0322239427177	237.368427217
3.87	0.0327235387288	237.368427217
3.87	0.0332231347399	237.368427217
3.87	0.0337227307511	237.368427217
3.87	0.0342223267622	237.368427217
3.87	0.0347219227733	208.026320413
3.87	0.0352215187845	208.026320413
3.87	0.0357211147956	208.026320413
3.87	0.0362207108067	208.026320413
3.87	0.0367203068178	193.355267011
3.87	0.037219902829	193.355267011
3.87	0.0377194988401	193.355267011
3.87	0.0382190948512	193.355267011
3.87	0.0387186908623	193.355267011
3.87	0.0392182868735	193.355267011
3.87	0.0397178828846	193.355267011
3.87	0.0402174788957	178.684213608
3.87	0.0407170749069	178.684213608
3.87	0.041216670918	178.684213608
3.87	0.0417162669291	178.684213608
3.87	0.0422158629402	178.684213608
3.87	0.0427154589514	178.684213608
3.87	0.0432150549625	178.684213608
3.87	0.0437146509736	178.684213608
3.87	0.0442142469847	178.684213608
3.87	0.0447138429959	164.013160206
3.87	0.045213439007	164.013160206
3.87	0.0457130350181	164.013160206
3.87	0.0462126310293	164.013160206
3.87	0.0467122270404	164.013160206
3.87	0.0472118230515	149.342106804
3.87	0.0477114190626	149.342106804
3.87	0.0482110150738	164.013160206
3.87	0.0487106110849	164.013160206
3.87	0.049210207096	164.013160206
3.87	0.0497098031071	164.013160206
4	0.000249798005564	310.723694228
4	0.000749394016691	325.39474763
4	0.00124899002782	325.39474763
4	0.00174858603894	325.39474763
4	0.00224818205007	325.39474763
4	0.0027477780612	325.39474763
4	0.00324737407233	325.39474763
4	0.00374697008345	325.39474763
4	0.00424656609458	325.39474763
4	0.00474616210571	325.39474763
4	0.00524575811683	310.723694228
4	0.00574535412796	325.39474763
4	0.00624495013909	325.39474763
4	0.00674454615022	325.39474763
4	0.00724414216134	325.39474763
4	0.00774373817247	325.39474763
4	0.0082433341836	325.39474763
4	0.00874293019472	325.39474763
4	0.00924252620585	325.39474763
4	0.00974212221698	325.39474763
4	0.0102417182281	325.39474763
4	0.0107413142392	325.39474763
4	0.0112409102504	325.39474763
4	0.0117405062615	325.39474763
4	0.0122401022726	325.39474763
4	0.0127396982837	310.723694228
4	0.0132392942949	296.052640825
4	0.013738890306	296.052640825
4	0.0142384863171	296.052640825
4	0.0147380823282	296.052640825
4	0.0152376783394	296.052640825
4	0.0157372743505	296.052640825
4	0.0162368703616	296.052640825
4	0.0167364663728	296.052640825
4	0.0172360623839	296.052640825
4	0.017735658395	296.052640825
4	0.0182352544061	296.052640825
4	0.0187348504173	296.052640825
4	0.0192344464284	296.052640825
4	0.0197340424395	266.710534021
4	0.0202336384506	266.710534021
4	0.0207332344618	266.710534021
4	0.0212328304729	266.710534021
4	0.021732426484	266.710534021
4	0.0222320224952	266.710534021
4	0.0227316185063	266.710534021
4	0.0232312145174	266.710534021
4	0.0237308105285	252.039480619
4	0.0242304065397	252.039480619
4	0.0247300025508	252.039480619
4	0.0252295985619	237.368427217
4	0.025729194573	237.368427217
4	0.0262287905842	237.368427217
4	0.0267283865953	237.368427217
4	0.0272279826064	237.368427217
4	0.0277275786176	237.368427217
4	0.0282271746287	237.368427217
4	0.0287267706398	237.368427217
4	0.0292263666509	237.368427217
4	0.0297259626621	237.368427217
4	0.0302255586732	222.697373815
4	0.0307251546843	222.697373815
4	0.0312247506954	222.697373815
4	0.0317243467066	222.697373815
4	0.0322239427177	222.697373815
4	0.0327235387288	222.697373815
4	0.0332231347399	222.697373815
4	0.0337227307511	222.697373815
4	0.0342223267622	222.697373815
4	0.0347219227733	222.697373815
4	0.0352215187845	208.026320413
4	0.0357211147956	208.026320413
4	0.0362207108067	193.355267011
4	0.0367203068178	193.355267011
4	0.037219902829	178.684213608
4	0.0377194988401	178.684213608
4	0.0382190948512	178.684213608
4	0.0387186908623	193.355267011
4	0.0392182868735	193.355267011
4	0.0397178828846	193.355267011
4	0.0402174788957	193.355267011
4	0.0407170749069	193.355267011
4	0.041216670918	178.684213608
4	0.0417162669291	178.684213608
4	0.0422158629402	178.684213608
4	0.0427154589514	178.684213608
4	0.0432150549625	164.013160206
4	0.0437146509736	164.013160206
4	0.0442142469847	164.013160206
4	0.0447138429959	164.013160206
4	0.045213439007	164.013160206
4	0.0457130350181	164.013160206
4	0.0462126310293	164.013160206
4	0.0467122270404	164.013160206
4	0.0472118230515	164.013160206
4	0.0477114190626	164.013160206
4	0.0482110150738	178.684213608
4	0.0487106110849	178.684213608
4	0.049210207096	178.684213608
4	0.0497098031071	178.684213608
4.03	0.000249798005564	310.723694228
4.03	0.000749394016691	310.723694228
4.03	0.00124899002782	310.723694228
4.03	0.00174858603894	325.39474763
4.03	0.00224818205007	325.39474763
4.03	0.0027477780612	325.39474763
4.03	0.00324737407233	325.39474763
4.03	0.00374697008345	325.39474763
4.03	0.00424656609458	325.39474763
4.03	0.00474616210571	325.39474763
4.03	0.00524575811683	325.39474763
4.03	0.00574535412796	340.065801032
4.03	0.00624495013909	340.065801032
4.03	0.00674454615022	340.065801032
4.03	0.00724414216134	340.065801032
4.03	0.00774373817247	340.065801032
4.03	0.0082433341836	325.39474763
4.03	0.00874293019472	325.39474763
4.03	0.00924252620585	325.39474763
4.03	0.00974212221698	325.39474763
4.03	0.0102417182281	325.39474763
4.03	0.0107413142392	325.39474763
4.03	0.0112409102504	325.39474763
4.03	0.0117405062615	325.39474763
4.03	0.0122401022726	310.723694228
4.03	0.0127396982837	310.723694228
4.03	0.0132392942949	296.052640825
4.03	0.013738890306	296.052640825
4.03	0.0142384863171	296.052640825
4.03	0.0147380823282	296.052640825
4.03	0.0152376783394	296.052640825
4.03	0.0157372743505	296.052640825
4.03	0.0162368703616	296.052640825
4.03	0.0167364663728	296.052640825
4.03	0.0172360623839	296.052640825
4.03	0.017735658395	281.381587423
4.03	0.0182352544061	281.381587423
4.03	0.0187348504173	281.381587423
4.03	0.0192344464284	281.381587423
4.03	0.0197340424395	281.381587423
4.03	0.0202336384506	266.710534021
4.03	0.0207332344618	252.039480619
4.03	0.0212328304729	252.039480619
4.03	0.021732426484	252.039480619
4.03	0.0222320224952	237.368427217
4.03	0.0227316185063	252.039480619
4.03	0.0232312145174	252.039480619
4.03	0.0237308105285	252.039480619
4.03	0.0242304065397	252.039480619
4.03	0.0247300025508	252.039480619
4.03	0.0252295985619	252.039480619
4.03	0.025729194573	252.039480619
4.03	0.0262287905842	252.039480619
4.03	0.0267283865953	237.368427217
4.03	0.0272279826064	237.368427217
4.03	0.0277275786176	237.368427217
4.03	0.0282271746287	237.368427217
4.03	0.0287267706398	237.368427217
4.03	0.0292263666509	237.368427217
4.03	0.0297259626621	237.368427217
4.03	0.0302255586732	222.697373815
4.03	0.0307251546843	222.697373815
4.03	0.0312247506954	222.697373815
4.03	0.0317243467066	208.026320413
4.03	0.0322239427177	208.026320413
4.03	0.0327235387288	208.026320413
4.03	0.0332231347399	208.026320413
4.03	0.0337227307511	208.026320413
4.03	0.0342223267622	222.697373815
4.03	0.0347219227733	222.697373815
4.03	0.0352215187845	222.697373815
4.03	0.0357211147956	222.697373815
4.03	0.0362207108067	222.697373815
4.03	0.0367203068178	208.026320413
4.03	0.037219902829	208.026320413
4.03	0.0377194988401	208.026320413
4.03	0.0382190948512	193.355267011
4.03	0.0387186908623	193.355267011
4.03	0.0392182868735	193.355267011
4.03	0.0397178828846	193.355267011
4.03	0.0402174788957	178.684213608
4.03	0.0407170749069	178.684213608
4.03	0.041216670918	178.684213608
4.03	0.0417162669291	178.684213608
4.03	0.0422158629402	178.684213608
4.03	0.0427154589514	178.684213608
4.03	0.0432150549625	178.684213608
4.03	0.0437146509736	178.684213608
4.03	0.0442142469847	164.013160206
4.03	0.0447138429959	164.013160206
4.03	0.045213439007	164.013160206
4.03	0.0457130350181	178.684213608
4.03	0.0462126310293	178.684213608
4.03	0.0467122270404	178.684213608
4.03	0.0472118230515	178.684213608
4.03	0.0477114190626	178.684213608
4.03	0.0482110150738	164.013160206
4.03	0.0487106110849	164.013160206
4.03	0.049210207096	164.013160206
4.03	0.0497098031071	164.013160206
4.25	0.000249798005564	310.723694228
4.25	0.000749394016691	310.723694228
4.25	0.00124899002782	340.065801032
4.25	0.00174858603894	340.065801032
4.25	0.00224818205007	340.065801032
4.25	0.0027477780612	340.065801032
4.25	0.00324737407233	340.065801032
4.25	0.00374697008345	325.39474763
4.25	0.00424656609458	325.39474763
4.25	0.00474616210571	340.065801032
4.25	0.00524575811683	340.065801032
4.25	0.00574535412796	340.065801032
4.25	0.00624495013909	340.065801032
4.25	0.00674454615022	340.065801032
4.25	0.00724414216134	340.065801032
4.25	0.00774373817247	340.065801032
4.25	0.0082433341836	340.065801032
4.25	0.00874293019472	340.065801032
4.25	0.00924252620585	340.065801032
4.25	0.00974212221698	340.065801032
4.25	0.0102417182281	340.065801032
4.25	0.0107413142392	340.065801032
4.25	0.0112409102504	310.723694228
4.25	0.0117405062615	310.723694228
4.25	0.0122401022726	310.723694228
4.25	0.0127396982837	310.723694228
4.25	0.0132392942949	296.052640825
4.25	0.013738890306	296.052640825
4.25	0.0142384863171	296.052640825
4.25	0.0147380823282	296.052640825
4.25	0.0152376783394	296.052640825
4.25	0.0157372743505	296.052640825
4.25	0.0162368703616	296.052640825
4.25	0.0167364663728	296.052640825
4.25	0.0172360623839	281.381587423
4.25	0.017735658395	281.381587423
4.25	0.0182352544061	281.381587423
4.25	0.0187348504173	281.381587423
4.25	0.0192344464284	281.381587423
4.25	0.0197340424395	266.710534021
4.25	0.0202336384506	281.381587423
4.25	0.0207332344618	281.381587423
4.25	0.0212328304729	281.381587423
4.25	0.021732426484	281.381587423
4.25	0.0222320224952	281.381587423
4.25	0.0227316185063	252.039480619
4.25	0.0232312145174	252.039480619
4.25	0.0237308105285	237.368427217
4.25	0.0242304065397	237.368427217
4.25	0.0247300025508	237.368427217
4.25	0.0252295985619	237.368427217
4.25	0.025729194573	237.368427217
4.25	0.0262287905842	237.368427217
4.25	0.0267283865953	237.368427217
4.25	0.0272279826064	237.368427217
4.25	0.0277275786176	237.368427217
4.25	0.0282271746287	222.697373815
4.25	0.0287267706398	222.697373815
4.25	0.0292263666509	222.697373815
4.25	0.0297259626621	222.697373815
4.25	0.0302255586732	222.697373815
4.25	0.0307251546843	222.697373815
4.25	0.0312247506954	237.368427217
4.25	0.0317243467066	237.368427217
4.25	0.0322239427177	237.368427217
4.25	0.0327235387288	237.368427217
4.25	0.0332231347399	237.368427217
4.25	0.0337227307511	208.026320413
4.25	0.0342223267622	208.026320413
4.25	0.0347219227733	208.026320413
4.25	0.0352215187845	208.026320413
4.25	0.0357211147956	193.355267011
4.25	0.0362207108067	193.355267011
4.25	0.0367203068178	193.355267011
4.25	0.037219902829	193.355267011
4.25	0.0377194988401	193.355267011
4.25	0.0382190948512	193.355267011
4.25	0.0387186908623	193.355267011
4.25	0.0392182868735	178.684213608
4.25	0.0397178828846	208.026320413
4.25	0.0402174788957	208.026320413
4.25	0.0407170749069	208.026320413
4.25	0.041216670918	208.026320413
4.25	0.0417162669291	208.026320413
4.25	0.0422158629402	178.684213608
4.25	0.0427154589514	178.684213608
4.25	0.0432150549625	178.684213608
4.25	0.0437146509736	178.684213608
4.25	0.0442142469847	178.684213608
4.25	0.0447138429959	178.684213608
4.25	0.045213439007	178.684213608
4.25	0.0457130350181	178.684213608
4.25	0.0462126310293	164.013160206
4.25	0.0467122270404	164.013160206
4.25	0.0472118230515	164.013160206
4.25	0.0477114190626	164.013160206
4.25	0.0482110150738	164.013160206
4.25	0.0487106110849	164.013160206
4.25	0.049210207096	164.013160206
4.25	0.0497098031071	164.013160206
4.38	0.000249798005564	310.723694228
4.38	0.000749394016691	310.723694228
4.38	0.00124899002782	325.39474763
4.38	0.00174858603894	325.39474763
4.38	0.00224818205007	325.39474763
4.38	0.0027477780612	325.39474763
4.38	0.00324737407233	325.39474763
4.38	0.00374697008345	325.39474763
4.38	0.00424656609458	325.39474763
4.38	0.00474616210571	340.065801032
4.38	0.00524575811683	340.065801032
4.38	0.00574535412796	340.065801032
4.38	0.00624495013909	340.065801032
4.38	0.00674454615022	340.065801032
4.38	0.00724414216134	340.065801032
4.38	0.00774373817247	340.065801032
4.38	0.0082433341836	340.065801032
4.38	0.00874293019472	325.39474763
4.38	0.00924252620585	325.39474763
4.38	0.00974212221698	310.723694228
4.38	0.0102417182281	310.723694228
4.38	0.0107413142392	325.39474763
4.38	0.0112409102504	325.39474763
4.38	0.0117405062615	325.39474763
4.38	0.0122401022726	325.39474763
4.38	0.0127396982837	325.39474763
4.38	0.0132392942949	296.052640825
4.38	0.013738890306	296.052640825
4.38	0.0142384863171	296.052640825
4.38	0.0147380823282	296.052640825
4.38	0.0152376783394	296.052640825
4.38	0.0157372743505	296.052640825
4.38	0.0162368703616	296.052640825
4.38	0.0167364663728	281.381587423
4.38	0.0172360623839	281.381587423
4.38	0.017735658395	281.381587423
4.38	0.0182352544061	281.381587423
4.38	0.0187348504173	281.381587423
4.38	0.0192344464284	266.710534021
4.38	0.0197340424395	266.710534021
4.38	0.0202336384506	266.710534021
4.38	0.0207332344618	266.710534021
4.38	0.0212328304729	252.039480619
4.38	0.021732426484	252.039480619
4.38	0.0222320224952	252.039480619
4.38	0.0227316185063	252.039480619
4.38	0.0232312145174	252.039480619
4.38	0.0237308105285	252.039480619
4.38	0.0242304065397	252.039480619
4.38	0.0247300025508	252.039480619
4.38	0.0252295985619	252.039480619
4.38	0.025729194573	252.039480619
4.38	0.0262287905842	237.368427217
4.38	0.0267283865953	237.368427217
4.38	0.0272279826064	237.368427217
4.38	0.0277275786176	237.368427217
4.38	0.0282271746287	237.368427217
4.38	0.0287267706398	237.368427217
4.38	0.0292263666509	237.368427217
4.38	0.0297259626621	237.368427217
4.38	0.0302255586732	208.026320413
4.38	0.0307251546843	208.026320413
4.38	0.0312247506954	208.026320413
4.38	0.0317243467066	208.026320413
4.38	0.0322239427177	208.026320413
4.38	0.0327235387288	208.026320413
4.38	0.0332231347399	208.026320413
4.38	0.0337227307511	222.697373815
4.38	0.0342223267622	222.697373815
4.38	0.0347219227733	222.697373815
4.38	0.0352215187845	222.697373815
4.38	0.0357211147956	222.697373815
4.38	0.0362207108067	208.026320413
4.38	0.0367203068178	208.026320413
4.38	0.037219902829	193.355267011
4.38	0.0377194988401	193.355267011
4.38	0.0382190948512	193.355267011
4.38	0.0387186908623	193.355267011
4.38	0.0392182868735	193.355267011
4.38	0.0397178828846	178.684213608
4.38	0.0402174788957	178.684213608
4.38	0.0407170749069	178.684213608
4.38	0.041216670918	178.684213608
4.38	0.0417162669291	178.684213608
4.38	0.0422158629402	178.684213608
4.38	0.0427154589514	178.684213608
4.38	0.0432150549625	178.684213608
4.38	0.0437146509736	178.684213608
4.38	0.0442142469847	164.013160206
4.38	0.0447138429959	164.013160206
4.38	0.045213439007	164.013160206
4.38	0.0457130350181	164.013160206
4.38	0.0462126310293	164.013160206
4.38	0.0467122270404	164.013160206
4.38	0.0472118230515	164.013160206
4.38	0.0477114190626	164.013160206
4.38	0.0482110150738	164.013160206
4.38	0.0487106110849	164.013160206
4.38	0.049210207096	164.013160206
4.38	0.0497098031071	164.013160206
4.44	0.000249798005564	310.723694228
4.44	0.000749394016691	340.065801032
4.44	0.00124899002782	340.065801032
4.44	0.00174858603894	340.065801032
4.44	0.00224818205007	340.065801032
4.44	0.0027477780612	340.065801032
4.44	0.00324737407233	325.39474763
4.44	0.00374697008345	325.39474763
4.44	0.00424656609458	325.39474763
4.44	0.00474616210571	325.39474763
4.44	0.00524575811683	325.39474763
4.44	0.00574535412796	325.39474763
4.44	0.00624495013909	325.39474763
4.44	0.00674454615022	325.39474763
4.44	0.00724414216134	325.39474763
4.44	0.00774373817247	325.39474763
4.44	0.0082433341836	325.39474763
4.44	0.00874293019472	325.39474763
4.44	0.00924252620585	325.39474763
4.44	0.00974212221698	325.39474763
4.44	0.0102417182281	325.39474763
4.44	0.0107413142392	325.39474763
4.44	0.0112409102504	325.39474763
4.44	0.0117405062615	310.723694228
4.44	0.0122401022726	310.723694228
4.44	0.0127396982837	310.723694228
4.44	0.0132392942949	296.052640825
4.44	0.013738890306	296.052640825
4.44	0.0142384863171	296.052640825
4.44	0.0147380823282	296.052640825
4.44	0.0152376783394	296.052640825
4.44	0.0157372743505	296.052640825
4.44	0.0162368703616	296.052640825
4.44	0.0167364663728	296.052640825
4.44	0.0172360623839	281.381587423
4.44	0.017735658395	281.381587423
4.44	0.0182352544061	281.381587423
4.44	0.0187348504173	281.381587423
4.44	0.0192344464284	281.381587423
4.44	0.0197340424395	281.381587423
4.44	0.0202336384506	266.710534021
4.44	0.0207332344618	266.710534021
4.44	0.0212328304729	266.710534021
4.44	0.021732426484	266.710534021
4.44	0.0222320224952	252.039480619
4.44	0.0227316185063	281.381587423
4.44	0.0232312145174	281.381587423
4.44	0.0237308105285	281.381587423
4.44	0.0242304065397	281.381587423
4.44	0.0247300025508	281.381587423
4.44	0.0252295985619	237.368427217
4.44	0.025729194573	237.368427217
4.44	0.0262287905842	237.368427217
4.44	0.0267283865953	237.368427217
4.44	0.0272279826064	237.368427217
4.44	0.0277275786176	222.697373815
4.44	0.0282271746287	222.697373815
4.44	0.0287267706398	222.697373815
4.44	0.0292263666509	222.697373815
4.44	0.0297259626621	222.697373815
4.44	0.0302255586732	222.697373815
4.44	0.0307251546843	222.697373815
4.44	0.0312247506954	208.026320413
4.44	0.0317243467066	222.697373815
4.44	0.0322239427177	222.697373815
4.44	0.0327235387288	222.697373815
4.44	0.0332231347399	222.697373815
4.44	0.0337227307511	222.697373815
4.44	0.0342223267622	222.697373815
4.44	0.0347219227733	222.697373815
4.44	0.0352215187845	222.697373815
4.44	0.0357211147956	208.026320413
4.44	0.0362207108067	208.026320413
4.44	0.0367203068178	208.026320413
4.44	0.037219902829	208.026320413
4.44	0.0377194988401	208.026320413
4.44	0.0382190948512	193.355267011
4.44	0.0387186908623	193.355267011
4.44	0.0392182868735	193.355267011
4.44	0.0397178828846	193.355267011
4.44	0.0402174788957	193.355267011
4.44	0.0407170749069	193.355267011
4.44	0.041216670918	193.355267011
4.44	0.0417162669291	193.355267011
4.44	0.0422158629402	178.684213608
4.44	0.0427154589514	178.684213608
4.44	0.0432150549625	178.684213608
4.44	0.0437146509736	178.684213608
4.44	0.0442142469847	178.684213608
4.44	0.0447138429959	178.684213608
4.44	0.045213439007	178.684213608
4.44	0.0457130350181	178.684213608
4.44	0.0462126310293	178.684213608
4.44	0.0467122270404	178.684213608
4.44	0.0472118230515	164.013160206
4.44	0.0477114190626	164.013160206
4.44	0.0482110150738	164.013160206
4.44	0.0487106110849	164.013160206
4.44	0.049210207096	149.342106804
4.44	0.0497098031071	149.342106804
4.5	0.000249798005564	310.723694228
4.5	0.000749394016691	310.723694228
4.5	0.00124899002782	340.065801032
4.5	0.00174858603894	340.065801032
4.5	0.00224818205007	340.065801032
4.5	0.0027477780612	340.065801032
4.5	0.00324737407233	340.065801032
4.5	0.00374697008345	340.065801032
4.5	0.00424656609458	340.065801032
4.5	0.00474616210571	340.065801032
4.5	0.00524575811683	325.39474763
4.5	0.00574535412796	325.39474763
4.5	0.00624495013909	325.39474763
4.5	0.00674454615022	325.39474763
4.5	0.00724414216134	325.39474763
4.5	0.00774373817247	325.39474763
4.5	0.0082433341836	325.39474763
4.5	0.00874293019472	325.39474763
4.5	0.00924252620585	325.39474763
4.5	0.00974212221698	325.39474763
4.5	0.0102417182281	325.39474763
4.5	0.0107413142392	310.723694228
4.5	0.0112409102504	310.723694228
4.5	0.0117405062615	310.723694228
4.5	0.0122401022726	310.723694228
4.5	0.0127396982837	296.052640825
4.5	0.0132392942949	296.052640825
4.5	0.013738890306	296.052640825
4.5	0.0142384863171	296.052640825
4.5	0.0147380823282	296.052640825
4.5	0.0152376783394	296.052640825
4.5	0.0157372743505	296.052640825
4.5	0.0162368703616	296.052640825
4.5	0.0167364663728	296.052640825
4.5	0.0172360623839	296.052640825
4.5	0.017735658395	296.052640825
4.5	0.0182352544061	281.381587423
4.5	0.0187348504173	281.381587423
4.5	0.0192344464284	281.381587423
4.5	0.0197340424395	281.381587423
4.5	0.0202336384506	266.710534021
4.5	0.0207332344618	266.710534021
4.5	0.0212328304729	266.710534021
4.5	0.021732426484	266.710534021
4.5	0.0222320224952	266.710534021
4.5	0.0227316185063	266.710534021
4.5	0.0232312145174	266.710534021
4.5	0.0237308105285	266.710534021
4.5	0.0242304065397	266.710534021
4.5	0.0247300025508	266.710534021
4.5	0.0252295985619	266.710534021
4.5	0.025729194573	252.039480619
4.5	0.0262287905842	252.039480619
4.5	0.0267283865953	252.039480619
4.5	0.0272279826064	252.039480619
4.5	0.0277275786176	252.039480619
4.5	0.0282271746287	237.368427217
4.5	0.0287267706398	237.368427217
4.5	0.0292263666509	237.368427217
4.5	0.0297259626621	237.368427217
4.5	0.0302255586732	237.368427217
4.5	0.0307251546843	237.368427217
4.5	0.0312247506954	237.368427217
4.5	0.0317243467066	237.368427217
4.5	0.0322239427177	222.697373815
4.5	0.0327235387288	222.697373815
4.5	0.0332231347399	222.697373815
4.5	0.0337227307511	222.697373815
4.5	0.0342223267622	222.697373815
4.5	0.0347219227733	222.697373815
4.5	0.0352215187845	208.026320413
4.5	0.0357211147956	208.026320413
4.5	0.0362207108067	193.355267011
4.5	0.0367203068178	193.355267011
4.5	0.037219902829	193.355267011
4.5	0.0377194988401	193.355267011
4.5	0.0382190948512	193.355267011
4.5	0.0387186908623	193.355267011
4.5	0.0392182868735	193.355267011
4.5	0.0397178828846	193.355267011
4.5	0.0402174788957	193.355267011
4.5	0.0407170749069	193.355267011
4.5	0.041216670918	178.684213608
4.5	0.0417162669291	178.684213608
4.5	0.0422158629402	178.684213608
4.5	0.0427154589514	178.684213608
4.5	0.0432150549625	178.684213608
4.5	0.0437146509736	178.684213608
4.5	0.0442142469847	164.013160206
4.5	0.0447138429959	164.013160206
4.5	0.045213439007	164.013160206
4.5	0.0457130350181	164.013160206
4.5	0.0462126310293	164.013160206
4.5	0.0467122270404	164.013160206
4.5	0.0472118230515	164.013160206
4.5	0.0477114190626	164.013160206
4.5	0.0482110150738	164.013160206
4.5	0.0487106110849	164.013160206
4.5	0.049210207096	164.013160206
4.5	0.0497098031071	164.013160206
4.75	0.000249798005564	325.39474763
4.75	0.000749394016691	325.39474763
4.75	0.00124899002782	340.065801032
4.75	0.00174858603894	340.065801032
4.75	0.00224818205007	340.065801032
4.75	0.0027477780612	340.065801032
4.75	0.00324737407233	340.065801032
4.75	0.00374697008345	340.065801032
4.75	0.00424656609458	340.065801032
4.75	0.00474616210571	325.39474763
4.75	0.00524575811683	340.065801032
4.75	0.00574535412796	340.065801032
4.75	0.00624495013909	340.065801032
4.75	0.00674454615022	340.065801032
4.75	0.00724414216134	340.065801032
4.75	0.00774373817247	340.065801032
4.75	0.0082433341836	325.39474763
4.75	0.00874293019472	325.39474763
4.75	0.00924252620585	325.39474763
4.75	0.00974212221698	325.39474763
4.75	0.0102417182281	310.723694228
4.75	0.0107413142392	310.723694228
4.75	0.0112409102504	310.723694228
4.75	0.0117405062615	310.723694228
4.75	0.0122401022726	310.723694228
4.75	0.0127396982837	310.723694228
4.75	0.0132392942949	310.723694228
4.75	0.013738890306	296.052640825
4.75	0.0142384863171	296.052640825
4.75	0.0147380823282	281.381587423
4.75	0.0152376783394	296.052640825
4.75	0.0157372743505	296.052640825
4.75	0.0162368703616	296.052640825
4.75	0.0167364663728	296.052640825
4.75	0.0172360623839	296.052640825
4.75	0.017735658395	296.052640825
4.75	0.0182352544061	281.381587423
4.75	0.0187348504173	281.381587423
4.75	0.0192344464284	281.381587423
4.75	0.0197340424395	252.039480619
4.75	0.0202336384506	252.039480619
4.75	0.0207332344618	266.710534021
4.75	0.0212328304729	266.710534021
4.75	0.021732426484	266.710534021
4.75	0.0222320224952	266.710534021
4.75	0.0227316185063	266.710534021
4.75	0.0232312145174	252.039480619
4.75	0.0237308105285	252.039480619
4.75	0.0242304065397	252.039480619
4.75	0.0247300025508	252.039480619
4.75	0.0252295985619	237.368427217
4.75	0.025729194573	237.368427217
4.75	0.0262287905842	237.368427217
4.75	0.0267283865953	237.368427217
4.75	0.0272279826064	237.368427217
4.75	0.0277275786176	237.368427217
4.75	0.0282271746287	237.368427217
4.75	0.0287267706398	237.368427217
4.75	0.0292263666509	222.697373815
4.75	0.0297259626621	222.697373815
4.75	0.0302255586732	222.697373815
4.75	0.0307251546843	222.697373815
4.75	0.0312247506954	222.697373815
4.75	0.0317243467066	222.697373815
4.75	0.0322239427177	222.697373815
4.75	0.0327235387288	222.697373815
4.75	0.0332231347399	222.697373815
4.75	0.0337227307511	222.697373815
4.75	0.0342223267622	222.697373815
4.75	0.0347219227733	222.697373815
4.75	0.0352215187845	193.355267011
4.75	0.0357211147956	193.355267011
4.75	0.0362207108067	193.355267011
4.75	0.0367203068178	193.355267011
4.75	0.037219902829	193.355267011
4.75	0.0377194988401	208.026320413
4.75	0.0382190948512	208.026320413
4.75	0.0387186908623	208.026320413
4.75	0.0392182868735	208.026320413
4.75	0.0397178828846	208.026320413
4.75	0.0402174788957	178.684213608
4.75	0.0407170749069	178.684213608
4.75	0.041216670918	178.684213608
4.75	0.0417162669291	178.684213608
4.75	0.0422158629402	178.684213608
4.75	0.0427154589514	164.013160206
4.75	0.0432150549625	164.013160206
4.75	0.0437146509736	164.013160206
4.75	0.0442142469847	164.013160206
4.75	0.0447138429959	164.013160206
4.75	0.045213439007	164.013160206
4.75	0.0457130350181	164.013160206
4.75	0.0462126310293	164.013160206
4.75	0.0467122270404	164.013160206
4.75	0.0472118230515	164.013160206
4.75	0.0477114190626	164.013160206
4.75	0.0482110150738	164.013160206
4.75	0.0487106110849	164.013160206
4.75	0.049210207096	164.013160206
4.75	0.0497098031071	164.013160206
4.78	0.000249798005564	310.723694228
4.78	0.000749394016691	310.723694228
4.78	0.00124899002782	354.736854434
4.78	0.00174858603894	354.736854434
4.78	0.00224818205007	354.736854434
4.78	0.0027477780612	354.736854434
4.78	0.00324737407233	354.736854434
4.78	0.00374697008345	325.39474763
4.78	0.00424656609458	340.065801032
4.78	0.00474616210571	340.065801032
4.78	0.00524575811683	340.065801032
4.78	0.00574535412796	354.736854434
4.78	0.00624495013909	354.736854434
4.78	0.00674454615022	354.736854434
4.78	0.00724414216134	354.736854434
4.78	0.00774373817247	354.736854434
4.78	0.0082433341836	325.39474763
4.78	0.00874293019472	310.723694228
4.78	0.00924252620585	310.723694228
4.78	0.00974212221698	310.723694228
4.78	0.0102417182281	310.723694228
4.78	0.0107413142392	310.723694228
4.78	0.0112409102504	310.723694228
4.78	0.0117405062615	310.723694228
4.78	0.0122401022726	310.723694228
4.78	0.0127396982837	296.052640825
4.78	0.0132392942949	296.052640825
4.78	0.013738890306	296.052640825
4.78	0.0142384863171	296.052640825
4.78	0.0147380823282	296.052640825
4.78	0.0152376783394	296.052640825
4.78	0.0157372743505	296.052640825
4.78	0.0162368703616	296.052640825
4.78	0.0167364663728	296.052640825
4.78	0.0172360623839	296.052640825
4.78	0.017735658395	281.381587423
4.78	0.0182352544061	281.381587423
4.78	0.0187348504173	266.710534021
4.78	0.0192344464284	266.710534021
4.78	0.0197340424395	266.710534021
4.78	0.0202336384506	266.710534021
4.78	0.0207332344618	266.710534021
4.78	0.0212328304729	266.710534021
4.78	0.021732426484	266.710534021
4.78	0.0222320224952	266.710534021
4.78	0.0227316185063	266.710534021
4.78	0.0232312145174	266.710534021
4.78	0.0237308105285	252.039480619
4.78	0.0242304065397	252.039480619
4.78	0.0247300025508	252.039480619
4.78	0.0252295985619	252.039480619
4.78	0.025729194573	252.039480619
4.78	0.0262287905842	237.368427217
4.78	0.0267283865953	237.368427217
4.78	0.0272279826064	237.368427217
4.78	0.0277275786176	237.368427217
4.78	0.0282271746287	222.697373815
4.78	0.0287267706398	222.697373815
4.78	0.0292263666509	222.697373815
4.78	0.0297259626621	222.697373815
4.78	0.0302255586732	222.697373815
4.78	0.0307251546843	222.697373815
4.78	0.0312247506954	222.697373815
4.78	0.0317243467066	222.697373815
4.78	0.0322239427177	222.697373815
4.78	0.0327235387288	222.697373815
4.78	0.0332231347399	208.026320413
4.78	0.0337227307511	208.026320413
4.78	0.0342223267622	208.026320413
4.78	0.0347219227733	208.026320413
4.78	0.0352215187845	193.355267011
4.78	0.0357211147956	193.355267011
4.78	0.0362207108067	193.355267011
4.78	0.0367203068178	193.355267011
4.78	0.037219902829	193.355267011
4.78	0.0377194988401	193.355267011
4.78	0.0382190948512	193.355267011
4.78	0.0387186908623	193.355267011
4.78	0.0392182868735	193.355267011
4.78	0.0397178828846	193.355267011
4.78	0.0402174788957	178.684213608
4.78	0.0407170749069	178.684213608
4.78	0.041216670918	178.684213608
4.78	0.0417162669291	178.684213608
4.78	0.0422158629402	178.684213608
4.78	0.0427154589514	178.684213608
4.78	0.0432150549625	178.684213608
4.78	0.0437146509736	178.684213608
4.78	0.0442142469847	178.684213608
4.78	0.0447138429959	178.684213608
4.78	0.045213439007	164.013160206
4.78	0.0457130350181	164.013160206
4.78	0.0462126310293	164.013160206
4.78	0.0467122270404	164.013160206
4.78	0.0472118230515	164.013160206
4.78	0.0477114190626	164.013160206
4.78	0.0482110150738	164.013160206
4.78	0.0487106110849	164.013160206
4.78	0.049210207096	164.013160206
4.78	0.0497098031071	164.013160206
4.9	0.000249798005564	340.065801032
4.9	0.000749394016691	354.736854434
4.9	0.00124899002782	354.736854434
4.9	0.00174858603894	354.736854434
4.9	0.00224818205007	354.736854434
4.9	0.0027477780612	354.736854434
4.9	0.00324737407233	354.736854434
4.9	0.00374697008345	354.736854434
4.9	0.00424656609458	340.065801032
4.9	0.00474616210571	340.065801032
4.9	0.00524575811683	354.736854434
4.9	0.00574535412796	354.736854434
4.9	0.00624495013909	354.736854434
4.9	0.00674454615022	354.736854434
4.9	0.00724414216134	354.736854434
4.9	0.00774373817247	340.065801032
4.9	0.0082433341836	340.065801032
4.9	0.00874293019472	325.39474763
4.9	0.00924252620585	325.39474763
4.9	0.00974212221698	325.39474763
4.9	0.0102417182281	325.39474763
4.9	0.0107413142392	325.39474763
4.9	0.0112409102504	325.39474763
4.9	0.0117405062615	325.39474763
4.9	0.0122401022726	310.723694228
4.9	0.0127396982837	310.723694228
4.9	0.0132392942949	310.723694228
4.9	0.013738890306	310.723694228
4.9	0.0142384863171	310.723694228
4.9	0.0147380823282	310.723694228
4.9	0.0152376783394	310.723694228
4.9	0.0157372743505	310.723694228
4.9	0.0162368703616	296.052640825
4.9	0.0167364663728	296.052640825
4.9	0.0172360623839	296.052640825
4.9	0.017735658395	296.052640825
4.9	0.0182352544061	296.052640825
4.9	0.0187348504173	281.381587423
4.9	0.0192344464284	281.381587423
4.9	0.0197340424395	266.710534021
4.9	0.0202336384506	266.710534021
4.9	0.0207332344618	266.710534021
4.9	0.0212328304729	266.710534021
4.9	0.021732426484	266.710534021
4.9	0.0222320224952	281.381587423
4.9	0.0227316185063	281.381587423
4.9	0.0232312145174	281.381587423
4.9	0.0237308105285	281.381587423
4.9	0.0242304065397	281.381587423
4.9	0.0247300025508	252.039480619
4.9	0.0252295985619	252.039480619
4.9	0.025729194573	252.039480619
4.9	0.0262287905842	252.039480619
4.9	0.0267283865953	252.039480619
4.9	0.0272279826064	252.039480619
4.9	0.0277275786176	252.039480619
4.9	0.0282271746287	237.368427217
4.9	0.0287267706398	237.368427217
4.9	0.0292263666509	237.368427217
4.9	0.0297259626621	237.368427217
4.9	0.0302255586732	252.039480619
4.9	0.0307251546843	252.039480619
4.9	0.0312247506954	252.039480619
4.9	0.0317243467066	252.039480619
4.9	0.0322239427177	252.039480619
4.9	0.0327235387288	237.368427217
4.9	0.0332231347399	237.368427217
4.9	0.0337227307511	222.697373815
4.9	0.0342223267622	222.697373815
4.9	0.0347219227733	222.697373815
4.9	0.0352215187845	208.026320413
4.9	0.0357211147956	208.026320413
4.9	0.0362207108067	208.026320413
4.9	0.0367203068178	208.026320413
4.9	0.037219902829	208.026320413
4.9	0.0377194988401	193.355267011
4.9	0.0382190948512	193.355267011
4.9	0.0387186908623	193.355267011
4.9	0.0392182868735	193.355267011
4.9	0.0397178828846	193.355267011
4.9	0.0402174788957	193.355267011
4.9	0.0407170749069	193.355267011
4.9	0.041216670918	178.684213608
4.9	0.0417162669291	178.684213608
4.9	0.0422158629402	178.684213608
4.9	0.0427154589514	178.684213608
4.9	0.0432150549625	178.684213608
4.9	0.0437146509736	178.684213608
4.9	0.0442142469847	178.684213608
4.9	0.0447138429959	178.684213608
4.9	0.045213439007	178.684213608
4.9	0.0457130350181	178.684213608
4.9	0.0462126310293	178.684213608
4.9	0.0467122270404	178.684213608
4.9	0.0472118230515	178.684213608
4.9	0.0477114190626	178.684213608
4.9	0.0482110150738	178.684213608
4.9	0.0487106110849	178.684213608
4.9	0.049210207096	178.684213608
4.9	0.0497098031071	164.013160206
5	0.000249798005564	325.39474763
5	0.000749394016691	340.065801032
5	0.00124899002782	340.065801032
5	0.00174858603894	354.736854434
5	0.00224818205007	354.736854434
5	0.0027477780612	354.736854434
5	0.00324737407233	354.736854434
5	0.00374697008345	354.736854434
5	0.00424656609458	354.736854434
5	0.00474616210571	354.736854434
5	0.00524575811683	354.736854434
5	0.00574535412796	354.736854434
5	0.00624495013909	354.736854434
5	0.00674454615022	340.065801032
5	0.00724414216134	340.065801032
5	0.00774373817247	340.065801032
5	0.0082433341836	340.065801032
5	0.00874293019472	340.065801032
5	0.00924252620585	340.065801032
5	0.00974212221698	340.065801032
5	0.0102417182281	340.065801032
5	0.0107413142392	340.065801032
5	0.0112409102504	325.39474763
5	0.0117405062615	325.39474763
5	0.0122401022726	310.723694228
5	0.0127396982837	310.723694228
5	0.0132392942949	310.723694228
5	0.013738890306	310.723694228
5	0.0142384863171	310.723694228
5	0.0147380823282	310.723694228
5	0.0152376783394	310.723694228
5	0.0157372743505	310.723694228
5	0.0162368703616	296.052640825
5	0.0167364663728	296.052640825
5	0.0172360623839	296.052640825
5	0.017735658395	296.052640825
5	0.0182352544061	296.052640825
5	0.0187348504173	281.381587423
5	0.0192344464284	281.381587423
5	0.0197340424395	281.381587423
5	0.0202336384506	266.710534021
5	0.0207332344618	266.710534021
5	0.0212328304729	266.710534021
5	0.021732426484	281.381587423
5	0.0222320224952	281.381587423
5	0.0227316185063	281.381587423
5	0.0232312145174	281.381587423
5	0.0237308105285	281.381587423
5	0.0242304065397	266.710534021
5	0.0247300025508	252.039480619
5	0.0252295985619	252.039480619
5	0.025729194573	252.039480619
5	0.0262287905842	252.039480619
5	0.0267283865953	252.039480619
5	0.0272279826064	252.039480619
5	0.0277275786176	252.039480619
5	0.0282271746287	252.039480619
5	0.0287267706398	252.039480619
5	0.0292263666509	237.368427217
5	0.0297259626621	237.368427217
5	0.0302255586732	237.368427217
5	0.0307251546843	237.368427217
5	0.0312247506954	237.368427217
5	0.0317243467066	237.368427217
5	0.0322239427177	237.368427217
5	0.0327235387288	237.368427217
5	0.0332231347399	222.697373815
5	0.0337227307511	222.697373815
5	0.0342223267622	222.697373815
5	0.0347219227733	222.697373815
5	0.0352215187845	208.026320413
5	0.0357211147956	208.026320413
5	0.0362207108067	208.026320413
5	0.0367203068178	208.026320413
5	0.037219902829	208.026320413
5	0.0377194988401	193.355267011
5	0.0382190948512	193.355267011
5	0.0387186908623	208.026320413
5	0.0392182868735	208.026320413
5	0.0397178828846	208.026320413
5	0.0402174788957	208.026320413
5	0.0407170749069	208.026320413
5	0.041216670918	178.684213608
5	0.0417162669291	178.684213608
5	0.0422158629402	178.684213608
5	0.0427154589514	178.684213608
5	0.0432150549625	178.684213608
5	0.0437146509736	178.684213608
5	0.0442142469847	178.684213608
5	0.0447138429959	178.684213608
5	0.045213439007	178.684213608
5	0.0457130350181	164.013160206
5	0.0462126310293	178.684213608
5	0.0467122270404	178.684213608
5	0.0472118230515	178.684213608
5	0.0477114190626	178.684213608
5	0.0482110150738	178.684213608
5	0.0487106110849	164.013160206
5	0.049210207096	164.013160206
5	0.0497098031071	164.013160206
5.1	0.000249798005564	325.39474763
5.1	0.000749394016691	340.065801032
5.1	0.00124899002782	354.736854434
5.1	0.00174858603894	354.736854434
5.1	0.00224818205007	354.736854434
5.1	0.0027477780612	354.736854434
5.1	0.00324737407233	354.736854434
5.1	0.00374697008345	354.736854434
5.1	0.00424656609458	354.736854434
5.1	0.00474616210571	354.736854434
5.1	0.00524575811683	354.736854434
5.1	0.00574535412796	354.736854434
5.1	0.00624495013909	354.736854434
5.1	0.00674454615022	354.736854434
5.1	0.00724414216134	340.065801032
5.1	0.00774373817247	340.065801032
5.1	0.0082433341836	340.065801032
5.1	0.00874293019472	340.065801032
5.1	0.00924252620585	340.065801032
5.1	0.00974212221698	340.065801032
5.1	0.0102417182281	340.065801032
5.1	0.0107413142392	340.065801032
5.1	0.0112409102504	325.39474763
5.1	0.0117405062615	325.39474763
5.1	0.0122401022726	325.39474763
5.1	0.0127396982837	325.39474763
5.1	0.0132392942949	325.39474763
5.1	0.013738890306	310.723694228
5.1	0.0142384863171	310.723694228
5.1	0.0147380823282	310.723694228
5.1	0.0152376783394	310.723694228
5.1	0.0157372743505	310.723694228
5.1	0.0162368703616	310.723694228
5.1	0.0167364663728	296.052640825
5.1	0.0172360623839	296.052640825
5.1	0.017735658395	296.052640825
5.1	0.0182352544061	296.052640825
5.1	0.0187348504173	296.052640825
5.1	0.0192344464284	281.381587423
5.1	0.0197340424395	266.710534021
5.1	0.0202336384506	266.710534021
5.1	0.0207332344618	266.710534021
5.1	0.0212328304729	281.381587423
5.1	0.021732426484	281.381587423
5.1	0.0222320224952	281.381587423
5.1	0.0227316185063	281.381587423
5.1	0.0232312145174	281.381587423
5.1	0.0237308105285	266.710534021
5.1	0.0242304065397	266.710534021
5.1	0.0247300025508	252.039480619
5.1	0.0252295985619	252.039480619
5.1	0.025729194573	252.039480619
5.1	0.0262287905842	252.039480619
5.1	0.0267283865953	252.039480619
5.1	0.0272279826064	252.039480619
5.1	0.0277275786176	252.039480619
5.1	0.0282271746287	252.039480619
5.1	0.0287267706398	252.039480619
5.1	0.0292263666509	237.368427217
5.1	0.0297259626621	237.368427217
5.1	0.0302255586732	237.368427217
5.1	0.0307251546843	237.368427217
5.1	0.0312247506954	237.368427217
5.1	0.0317243467066	237.368427217
5.1	0.0322239427177	237.368427217
5.1	0.0327235387288	237.368427217
5.1	0.0332231347399	237.368427217
5.1	0.0337227307511	237.368427217
5.1	0.0342223267622	237.368427217
5.1	0.0347219227733	222.697373815
5.1	0.0352215187845	208.026320413
5.1	0.0357211147956	208.026320413
5.1	0.0362207108067	208.026320413
5.1	0.0367203068178	208.026320413
5.1	0.037219902829	208.026320413
5.1	0.0377194988401	208.026320413
5.1	0.0382190948512	208.026320413
5.1	0.0387186908623	208.026320413
5.1	0.0392182868735	208.026320413
5.1	0.0397178828846	193.355267011
5.1	0.0402174788957	193.355267011
5.1	0.0407170749069	193.355267011
5.1	0.041216670918	193.355267011
5.1	0.0417162669291	193.355267011
5.1	0.0422158629402	193.355267011
5.1	0.0427154589514	178.684213608
5.1	0.0432150549625	178.684213608
5.1	0.0437146509736	178.684213608
5.1	0.0442142469847	178.684213608
5.1	0.0447138429959	178.684213608
5.1	0.045213439007	178.684213608
5.1	0.0457130350181	178.684213608
5.1	0.0462126310293	178.684213608
5.1	0.0467122270404	178.684213608
5.1	0.0472118230515	178.684213608
5.1	0.0477114190626	178.684213608
5.1	0.0482110150738	178.684213608
5.1	0.0487106110849	178.684213608
5.1	0.049210207096	178.684213608
5.1	0.0497098031071	178.684213608
